fips,state,n_sales,status,VEI_outcome,median_ratio_real,COD_real,PRD_real,PRB_real,VEI_real,MKI_real,paglin72_real,cheng74_real,LC_real,IAAO78_real,gini_diff_real,suits_real,median_ratio_implied_noise,COD_implied_noise,PRD_implied_noise,PRB_implied_noise,VEI_implied_noise,MKI_implied_noise,paglin72_implied_noise,cheng74_implied_noise,LC_implied_noise,IAAO78_implied_noise,gini_diff_implied_noise,suits_implied_noise
01001,AL,620,ok,acceptable (VEI within +/-10),0.9482035388482221,9.441590725712954,1.004003666065352,-0.005914525071400207,-1.034210253146019,1.0022337873898564,0.9726305325993083,0.9691607399606464,-0.030839595208126565,-5.238364062893088e-08,0.0005474359439292531,0.0009562660772091114,,0.11031313918447218,0.050440482967719406,0.045443978393270676,0.05792935568429212,,0.1105282841925761,0.09366012656934927,0.09366097573165837,0.05168906999270904,,
01003,,0,no residential sales in 2025,,,,,,,,,,,,,,,,,,,,,,,,,
01005,,0,no residential sales in 2025,,,,,,,,,,,,,,,,,,,,,,,,,
01007,,0,no residential sales in 2025,,,,,,,,,,,,,,,,,,,,,,,,,
01009,,0,no residential sales in 2025,,,,,,,,,,,,,,,,,,,,,,,,,
01013,,0,no residential sales in 2025,,,,,,,,,,,,,,,,,,,,,,,,,
01015,,0,no residential sales in 2025,,,,,,,,,,,,,,,,,,,,,,,,,
01017,,0,no residential sales in 2025,,,,,,,,,,,,,,,,,,,,,,,,,
01019,AL,751,ok,UNACCEPTABLE regressivity,0.7930038022813688,53.20741372772712,1.2404067595634973,-0.05601734129340744,-42.36295572071722,0.8171444661164835,0.5204365346613877,0.7541420355974712,-0.2458549349758486,-8.899055089105759e-07,-0.08665677824841755,-0.1014305963644202,,,,,,,,,,,,
01021,,0,no residential sales in 2025,,,,,,,,,,,,,,,,,,,,,,,,,
01025,,0,no residential sales in 2025,,,,,,,,,,,,,,,,,,,,,,,,,
01027,,0,no residential sales in 2025,,,,,,,,,,,,,,,,,,,,,,,,,
01029,,0,no residential sales in 2025,,,,,,,,,,,,,,,,,,,,,,,,,
01031,,0,no residential sales in 2025,,,,,,,,,,,,,,,,,,,,,,,,,
01033,,0,no residential sales in 2025,,,,,,,,,,,,,,,,,,,,,,,,,
01035,,0,no residential sales in 2025,,,,,,,,,,,,,,,,,,,,,,,,,
01037,,0,no residential sales in 2025,,,,,,,,,,,,,,,,,,,,,,,,,
01039,,0,no residential sales in 2025,,,,,,,,,,,,,,,,,,,,,,,,,
01041,,0,no residential sales in 2025,,,,,,,,,,,,,,,,,,,,,,,,,
01043,AL,1758,ok,UNACCEPTABLE regressivity,0.9311507713209537,33.14894569600928,1.306501530920104,-0.08018686623979454,-27.758249448634423,0.6918692920698867,0.24467551360748374,0.7155866735052671,-0.28441108771796353,-2.1540501121319624e-07,-0.15401260977525255,-0.1992014000583502,,,,,,,,,,0.22095250411888465,,
01045,,0,no residential sales in 2025,,,,,,,,,,,,,,,,,,,,,,,,,
01047,,0,no residential sales in 2025,,,,,,,,,,,,,,,,,,,,,,,,,
01049,,0,no residential sales in 2025,,,,,,,,,,,,,,,,,,,,,,,,,
01051,,0,no residential sales in 2025,,,,,,,,,,,,,,,,,,,,,,,,,
01053,,0,no residential sales in 2025,,,,,,,,,,,,,,,,,,,,,,,,,
01055,,0,no residential sales in 2025,,,,,,,,,,,,,,,,,,,,,,,,,
01057,,0,no residential sales in 2025,,,,,,,,,,,,,,,,,,,,,,,,,
01059,AL,320,ok,UNACCEPTABLE regressivity,0.8705172413793103,54.00166965894355,1.4903554273108417,-0.18094399132572192,-42.44448320515689,0.5670120380153916,0.15885486470788363,0.5622197137300436,-0.43777486554334627,-7.348621979141451e-07,-0.21456958500919643,-0.24836839852015968,,,,,,,,,,,,
01061,,0,no residential sales in 2025,,,,,,,,,,,,,,,,,,,,,,,,,
01067,,0,no residential sales in 2025,,,,,,,,,,,,,,,,,,,,,,,,,
01069,,0,no residential sales in 2025,,,,,,,,,,,,,,,,,,,,,,,,,
01071,,0,no residential sales in 2025,,,,,,,,,,,,,,,,,,,,,,,,,
01073,,0,no residential sales in 2025,,,,,,,,,,,,,,,,,,,,,,,,,
01077,AL,937,ok,acceptable (VEI within +/-10),0.9319090909090909,23.847249760710678,1.036312308546687,0.0053074406268113685,-5.373304641211746,0.9401863232152553,1.0290912274573845,0.8841083589289446,-0.11589113630144826,-1.0036207847233572e-07,-0.02245208985203373,-0.02270602763938978,,0.24493580079149768,0.19777766340027098,,0.17518306856041718,0.19670130733980412,0.1498139675543168,0.2368875081479944,0.23688817667555684,0.24139717291035828,0.18001424908815392,0.1923115015097105
01079,,0,no residential sales in 2025,,,,,,,,,,,,,,,,,,,,,,,,,
01081,,0,no residential sales in 2025,,,,,,,,,,,,,,,,,,,,,,,,,
01083,,0,no residential sales in 2025,,,,,,,,,,,,,,,,,,,,,,,,,
01085,,0,no residential sales in 2025,,,,,,,,,,,,,,,,,,,,,,,,,
01089,AL,6861,ok,acceptable (VEI within +/-10),0.9002631578947369,17.913119544849785,1.022451316553975,0.021257969667507506,0.5560385244688069,0.9450722951319753,0.7634603384152608,0.9503941129892219,-0.049605094607890435,-1.4875552667024715e-08,-0.01721653205504814,-0.02111207878358612,,0.2034464090845562,0.13584790256683452,,,0.14366780765310008,0.21467932348869578,0.13307227834843516,0.1330708637609788,0.11355558676865544,0.14127879487135828,0.13757475214053036
01091,,0,no residential sales in 2025,,,,,,,,,,,,,,,,,,,,,,,,,
01093,,0,no residential sales in 2025,,,,,,,,,,,,,,,,,,,,,,,,,
01095,,0,no residential sales in 2025,,,,,,,,,,,,,,,,,,,,,,,,,
01097,,0,no residential sales in 2025,,,,,,,,,,,,,,,,,,,,,,,,,
01099,,0,no residential sales in 2025,,,,,,,,,,,,,,,,,,,,,,,,,
01101,AL,3044,ok,acceptable (VEI within +/-10),0.9833246437261036,18.87945953224378,1.0396042800483851,-0.01327189062908829,-0.6636989961670848,0.959754362621296,0.9086966353982344,0.9554566627757766,-0.04454030133242807,-6.125466048836596e-08,-0.017215028984053582,-0.01807223102621558,,0.2131202491172618,0.19049991977514732,0.16606184940896657,0.0576451009975796,0.16437049553570807,0.17404112672509012,0.18574183975267256,0.18573492536527547,0.19050301884773463,0.16304075500131018,0.13617824752679558
01103,,0,no residential sales in 2025,,,,,,,,,,,,,,,,,,,,,,,,,
01105,,0,no residential sales in 2025,,,,,,,,,,,,,,,,,,,,,,,,,
01107,,0,no residential sales in 2025,,,,,,,,,,,,,,,,,,,,,,,,,
01109,,0,no residential sales in 2025,,,,,,,,,,,,,,,,,,,,,,,,,
01111,,0,no residential sales in 2025,,,,,,,,,,,,,,,,,,,,,,,,,
01113,,0,no residential sales in 2025,,,,,,,,,,,,,,,,,,,,,,,,,
01115,,0,no residential sales in 2025,,,,,,,,,,,,,,,,,,,,,,,,,
01117,,0,no residential sales in 2025,,,,,,,,,,,,,,,,,,,,,,,,,
01119,,0,no residential sales in 2025,,,,,,,,,,,,,,,,,,,,,,,,,
01121,,0,no residential sales in 2025,,,,,,,,,,,,,,,,,,,,,,,,,
01123,,0,no residential sales in 2025,,,,,,,,,,,,,,,,,,,,,,,,,
01125,,0,no residential sales in 2025,,,,,,,,,,,,,,,,,,,,,,,,,
01127,,0,no residential sales in 2025,,,,,,,,,,,,,,,,,,,,,,,,,
01129,,0,no residential sales in 2025,,,,,,,,,,,,,,,,,,,,,,,,,
01131,,0,no residential sales in 2025,,,,,,,,,,,,,,,,,,,,,,,,,
01133,,0,no residential sales in 2025,,,,,,,,,,,,,,,,,,,,,,,,,
02020,,0,no residential sales in 2025,,,,,,,,,,,,,,,,,,,,,,,,,
02090,AK,1015,ok,acceptable (VEI within +/-10),0.8043060530433321,18.0711949154678,1.0272089599930108,0.019802744723929306,6.397838776975623,0.8262687053050511,0.529094372908868,0.9182511989611563,-0.08174501420877757,-2.2621806257568404e-07,-0.03902296106406822,-0.042782845955906756,,0.21127543874002042,0.16398310818332565,,,0.17847600325435872,,0.15439761489107462,0.15439475764148847,0.10787834445082978,0.16645682338756834,0.16847333642857032
02110,AK,275,ok,acceptable (VEI within +/-10),0.8054005982698682,17.955762674174792,1.0286321418389823,-0.027269221070340337,0.18172222115104616,0.7827922205264264,0.6471899125353413,0.7983930901938092,-0.2016064982187539,-2.970092467004886e-07,-0.0444960015439535,-0.04559871092295498,,0.21198159929128968,0.1635229293913126,0.08094911370750495,0.049831354923489724,0.18984258199360762,0.2406650865852825,0.17696931650252068,0.17696879538350774,0.15067438893076282,0.1621463514855135,0.1711207878744441
02122,,0,no residential sales in 2025,,,,,,,,,,,,,,,,,,,,,,,,,
02130,,0,no residential sales in 2025,,,,,,,,,,,,,,,,,,,,,,,,,
02150,AK,63,skipped (fewer than 100 sales),,,,,,,,,,,,,,,,,,,,,,,,,
02170,,0,no residential sales in 2025,,,,,,,,,,,,,,,,,,,,,,,,,
02180,AK,19,skipped (fewer than 100 sales),,,,,,,,,,,,,,,,,,,,,,,,,
02195,AK,17,skipped (fewer than 100 sales),,,,,,,,,,,,,,,,,,,,,,,,,
02220,,0,no residential sales in 2025,,,,,,,,,,,,,,,,,,,,,,,,,
02261,,0,no residential sales in 2025,,,,,,,,,,,,,,,,,,,,,,,,,
04001,,0,no residential sales in 2025,,,,,,,,,,,,,,,,,,,,,,,,,
04003,AZ,1620,ok,acceptable (VEI significance <= 10),0.686780914918415,25.171953250099104,0.9971644529333014,0.06422039055761332,16.143994479063657,1.0784338185065883,0.6925949780408284,1.0017140311341908,0.001718379559874793,2.4514484161510332e-08,0.02283090841813662,0.025179792299980686,,,,,,,,,,,,
04005,,0,no residential sales in 2025,,,,,,,,,,,,,,,,,,,,,,,,,
04007,,0,no residential sales in 2025,,,,,,,,,,,,,,,,,,,,,,,,,
04009,AZ,357,ok,UNACCEPTABLE progressivity,0.6071857142857143,31.141270417816255,1.0230072416224092,0.08368240016753434,40.992140972212205,0.9903212712394077,0.33624510143318087,0.9361138663065675,-0.06387823296080689,-1.1029823837562367e-07,-0.0028685709501816703,-0.008671583187535914,,,0.16638235267801707,,,0.058922033602676845,,0.21725601544083684,0.21722898693606488,0.0727136297272464,0.054916645071651324,0.09202180387943547
04011,AZ,42,skipped (fewer than 100 sales),,,,,,,,,,,,,,,,,,,,,,,,,
04012,AZ,251,ok,acceptable (confidence intervals overlap),0.6246382978723404,36.330359725895626,1.136155859707431,0.011634223172727515,24.229288723119197,0.9042890038686547,0.36592451780938906,0.8767948448044862,-0.12320023579552938,-9.2186633454486e-08,-0.051189270853997826,-0.10208904229681481,,,,,,,,,,0.16079501638062327,,
04013,AZ,47801,ok,UNACCEPTABLE regressivity,0.7976470588235294,9.76275504780564,1.029078694150461,-0.03677359382765936,-12.95278746924534,0.9330184271174816,0.8139450092349302,0.9218388912807052,-0.0781606290735417,-3.109310211808823e-09,-0.025991181264082508,-0.024139856674997295,,0.11871545007855384,0.1670006066544593,0.16640845634485663,0.19166342501541528,0.16761223527218397,,0.15163826953247253,0.15163761743442666,0.13773310901702057,0.1689280907108597,0.18548807881726861
04015,AZ,0,no residential sales in 2025,,,,,,,,,,,,,,,,,,,,,,,,,
04017,AZ,1646,ok,UNACCEPTABLE progressivity,0.7153431657848324,23.02503473098157,0.9739386120906844,0.07894377285700349,37.87058659657478,1.058214749374893,0.7175888140850746,1.090653241295533,0.09065915560206145,7.212860793156191e-08,0.02170842597080469,0.017998581635085054,,0.2432173414294481,,,,,,,,,,
04019,AZ,11241,ok,acceptable (VEI within +/-10),0.7900878068760719,11.23612158901109,1.0309437720685135,-0.018308254850007942,-6.095822546108378,0.9052539629918771,0.706855950360398,0.9412126340726732,-0.05878610140637621,-1.0216925866767421e-08,-0.030672269505807925,-0.034318761839531975,,0.13361874401344587,0.17311695028945198,0.12331510962535583,0.1393140227245444,0.1706373711358301,,0.12917506723799582,0.12917420311970604,0.12064235313228573,0.17198862462493367,0.18470295757799096
04021,AZ,5234,ok,acceptable (VEI within +/-10),0.7957522132810295,12.710320216957049,1.0106977506667074,0.030296810233800858,7.404072421598513,0.9368471841602484,0.6876205356836714,0.9583423436394537,-0.041647927649612435,-9.631572146715641e-08,-0.013279004084373103,-0.01573379321610946,,0.15199930003815013,0.10269463648192738,,,0.10039820954908753,,0.08366768770804364,0.08366197837552115,0.08007083541362578,0.09359767397986948,0.10460012075659392
04023,AZ,367,ok,acceptable (VEI significance <= 10),0.6971188246936134,24.714906705059374,1.0333330017379188,0.06246132414514485,18.31116858048194,0.9364050601922577,0.46220032182831394,0.951919627989281,-0.0480768967490843,-8.77631740453984e-08,-0.01899111469165371,-0.02645414927079881,,,0.17280773820486545,,,0.16521459030959318,,0.11444889903002797,0.11442624428993749,0.08109247794033274,0.15390281979039222,0.17684126544417908
04025,,0,no residential sales in 2025,,,,,,,,,,,,,,,,,,,,,,,,,
04027,AZ,2406,ok,UNACCEPTABLE progressivity,0.7586448564593301,17.04206703800912,0.9810302879004592,0.09890584647038639,24.413687687489773,1.0723874184547966,0.7234926754071075,1.099053549491298,0.09905663581048861,1.563898714566938e-07,0.020492965964428178,0.01764502507107646,,0.1955356200890571,,,,,,,,,,
05001,AR,0,no residential sales in 2025,,,,,,,,,,,,,,,,,,,,,,,,,
05003,AR,3,skipped (fewer than 100 sales),,,,,,,,,,,,,,,,,,,,,,,,,
05005,AR,0,no residential sales in 2025,,,,,,,,,,,,,,,,,,,,,,,,,
05007,AR,4176,ok,acceptable (VEI within +/-10),0.8739402042741794,11.036325784372186,1.0312374620873022,-0.02670335556882243,-5.2889448611573195,0.8987772454498838,0.7322729771966441,0.9222362578595796,-0.07776299784922158,-4.767564458548793e-08,-0.03141805193136582,-0.03538339174666283,,0.13497650840543876,0.16758603029405233,0.12959432241977115,0.11794516976797835,0.1702729604488412,0.22227921264924258,0.14636780821053832,0.1463672718605411,0.13208618829734486,0.17298490449875675,0.1901716997157128
05009,AR,532,ok,acceptable (VEI within +/-10),0.5522147029247524,31.941228772604553,1.0919520523688167,0.014475631496546378,6.177808359897998,0.8169231603727268,0.3382101456685758,0.8069860849215341,-0.19298191439240056,-3.597316020800314e-07,-0.06434981143661722,-0.0798644074332675,,0.2479466800581337,0.24128976345592884,,,,,,,0.1600066693682379,,
05011,,0,no residential sales in 2025,,,,,,,,,,,,,,,,,,,,,,,,,
05013,,0,no residential sales in 2025,,,,,,,,,,,,,,,,,,,,,,,,,
05015,,0,no residential sales in 2025,,,,,,,,,,,,,,,,,,,,,,,,,
05017,AR,0,no residential sales in 2025,,,,,,,,,,,,,,,,,,,,,,,,,
05019,AR,203,ok,acceptable (confidence intervals overlap),0.8348,61.58359207587892,1.3764726211269616,-0.19083274665696828,-28.698823404142043,0.7436634642851346,0.530688868273505,0.6988635816283669,-0.30113274207178076,-3.1597416788694118e-06,-0.10534779393913896,-0.11142219305985845,,,,,,,,,,,,
05021,,0,no residential sales in 2025,,,,,,,,,,,,,,,,,,,,,,,,,
05023,AR,589,ok,acceptable (VEI significance <= 10),0.8362333333333334,43.69519341413298,1.150544047202617,-0.01335166591101645,29.56829574644024,0.8782370412222785,0.5386587570944715,0.838242297615563,-0.1617601905474307,-3.3054547938459824e-07,-0.05877051900243946,-0.08113865345957749,,,,0.2388438118772005,,,,,,,,
05025,AR,0,no residential sales in 2025,,,,,,,,,,,,,,,,,,,,,,,,,
05027,AR,0,no residential sales in 2025,,,,,,,,,,,,,,,,,,,,,,,,,
05029,AR,6,skipped (fewer than 100 sales),,,,,,,,,,,,,,,,,,,,,,,,,
05031,AR,1311,ok,acceptable (VEI within +/-10),0.7806677340105446,15.607824287578778,1.016932083985656,0.0006765502549559471,1.636946725232485,0.9579261563917529,0.75038220805792,0.9495357894671295,-0.050460425805472,-1.3651164772715734e-07,-0.012537712213406715,-0.012312103916866102,,0.17663389621498995,0.14217339522287767,,,0.10993287599089176,,0.13713803906973818,0.13714194055883605,0.09939411367471712,0.1063998102505657,0.09948225425053493
05033,AR,0,no residential sales in 2025,,,,,,,,,,,,,,,,,,,,,,,,,
05035,,0,no residential sales in 2025,,,,,,,,,,,,,,,,,,,,,,,,,
05037,AR,213,ok,acceptable (confidence intervals overlap),0.9509756097560975,47.93423330235879,1.9162120593718086,-0.15988869834426517,-23.985307247149628,0.4583417028345809,0.041713371602492395,0.5500114022031207,-0.44997057875169616,-5.949685054215264e-07,-0.32515543810454894,-0.4364252653857561,,,,,,,,,,0.20072133114516086,,
05039,AR,0,no residential sales in 2025,,,,,,,,,,,,,,,,,,,,,,,,,
05041,AR,0,no residential sales in 2025,,,,,,,,,,,,,,,,,,,,,,,,,
05043,,0,no residential sales in 2025,,,,,,,,,,,,,,,,,,,,,,,,,
05045,AR,1317,ok,acceptable (VEI within +/-10),0.9016,12.950343610473915,1.0086869189724466,0.006178701671382305,7.085022977638367,0.9807255040175407,0.868311839510277,0.9820053681396458,-0.0179932538372797,-5.0737634423558094e-08,-0.005571928268071735,-0.005410121821059821,,0.16020705716138597,0.08920195503365166,,,0.08341357039427515,0.1328934740062175,0.09886006440444055,0.09885699176604404,0.08516800371853046,0.08418002818493163,0.06475722245777948
05047,AR,3,skipped (fewer than 100 sales),,,,,,,,,,,,,,,,,,,,,,,,,
05049,,0,no residential sales in 2025,,,,,,,,,,,,,,,,,,,,,,,,,
05051,AR,18,skipped (fewer than 100 sales),,,,,,,,,,,,,,,,,,,,,,,,,
05053,AR,0,no residential sales in 2025,,,,,,,,,,,,,,,,,,,,,,,,,
05055,AR,0,no residential sales in 2025,,,,,,,,,,,,,,,,,,,,,,,,,
05057,AR,3,skipped (fewer than 100 sales),,,,,,,,,,,,,,,,,,,,,,,,,
05059,AR,4,skipped (fewer than 100 sales),,,,,,,,,,,,,,,,,,,,,,,,,
05061,AR,0,no residential sales in 2025,,,,,,,,,,,,,,,,,,,,,,,,,
05063,,0,no residential sales in 2025,,,,,,,,,,,,,,,,,,,,,,,,,
05065,AR,0,no residential sales in 2025,,,,,,,,,,,,,,,,,,,,,,,,,
05067,AR,0,no residential sales in 2025,,,,,,,,,,,,,,,,,,,,,,,,,
05069,,0,no residential sales in 2025,,,,,,,,,,,,,,,,,,,,,,,,,
05071,AR,337,ok,acceptable (confidence intervals overlap),0.8519176470588236,47.95979995917243,1.2685432694296825,-0.052022393539201,-10.41780971555249,0.6902859463077073,0.34112644880928705,0.7362402594178585,-0.26375440711638765,-7.739725968641327e-07,-0.13797954628997355,-0.16368074718507586,,,,,0.23386251838459607,,,,,,,
05073,,0,no residential sales in 2025,,,,,,,,,,,,,,,,,,,,,,,,,
05075,AR,0,no residential sales in 2025,,,,,,,,,,,,,,,,,,,,,,,,,
05077,,0,no residential sales in 2025,,,,,,,,,,,,,,,,,,,,,,,,,
05079,,0,no residential sales in 2025,,,,,,,,,,,,,,,,,,,,,,,,,
05081,,0,no residential sales in 2025,,,,,,,,,,,,,,,,,,,,,,,,,
05083,,0,no residential sales in 2025,,,,,,,,,,,,,,,,,,,,,,,,,
05085,AR,828,ok,acceptable (VEI within +/-10),0.6302616025880303,16.686390162705358,1.0177424504158488,0.005883388697675696,1.6208239276795668,0.9686101282582948,0.5399075878961546,0.968816558582459,-0.031175442072499202,-1.774295481497364e-07,-0.008341979628450957,-0.00937477324435343,,0.1959077289898277,0.12254132474023227,,,0.08699567878774146,,0.11261535698590565,0.11260783633899091,0.08298560146498371,0.0858715223787502,0.0863048414286217
05087,AR,0,no residential sales in 2025,,,,,,,,,,,,,,,,,,,,,,,,,
05089,,0,no residential sales in 2025,,,,,,,,,,,,,,,,,,,,,,,,,
05091,,0,no residential sales in 2025,,,,,,,,,,,,,,,,,,,,,,,,,
05093,AR,0,no residential sales in 2025,,,,,,,,,,,,,,,,,,,,,,,,,
05095,,0,no residential sales in 2025,,,,,,,,,,,,,,,,,,,,,,,,,
05097,AR,0,no residential sales in 2025,,,,,,,,,,,,,,,,,,,,,,,,,
05099,,0,no residential sales in 2025,,,,,,,,,,,,,,,,,,,,,,,,,
05101,,0,no residential sales in 2025,,,,,,,,,,,,,,,,,,,,,,,,,
05103,,0,no residential sales in 2025,,,,,,,,,,,,,,,,,,,,,,,,,
05105,,0,no residential sales in 2025,,,,,,,,,,,,,,,,,,,,,,,,,
05107,AR,2,skipped (fewer than 100 sales),,,,,,,,,,,,,,,,,,,,,,,,,
05109,,0,no residential sales in 2025,,,,,,,,,,,,,,,,,,,,,,,,,
05111,AR,0,no residential sales in 2025,,,,,,,,,,,,,,,,,,,,,,,,,
05113,AR,3,skipped (fewer than 100 sales),,,,,,,,,,,,,,,,,,,,,,,,,
05115,AR,0,no residential sales in 2025,,,,,,,,,,,,,,,,,,,,,,,,,
05117,,0,no residential sales in 2025,,,,,,,,,,,,,,,,,,,,,,,,,
05119,AR,4973,ok,acceptable (VEI significance <= 10),0.781343669250646,25.647904783675745,1.1092200514555006,-0.029986551071998088,-15.795567964981668,0.8586537928676651,0.44203722048220817,0.8841256481264269,-0.11586245932121578,-2.2726847074783457e-07,-0.05946813882815749,-0.0765432912662769,,,,0.24929140267393696,,,,,,0.19932147419035254,,
05121,AR,3,skipped (fewer than 100 sales),,,,,,,,,,,,,,,,,,,,,,,,,
05123,AR,0,no residential sales in 2025,,,,,,,,,,,,,,,,,,,,,,,,,
05125,AR,1490,ok,acceptable (VEI within +/-10),0.7725894465894465,13.303930078830568,1.0071329206792057,0.01726872547505007,1.3643306480182813,0.9778027515634456,0.7388360304470619,0.9937566395785766,-0.006239547443989832,-5.797469524006027e-08,-0.006346783869956907,-0.007598797297620141,,0.1553482323131601,0.09472777298301834,,,0.08642128482201361,,0.053716963317530064,0.053656322032104235,0.07187787841253458,0.08321246186511312,0.0957613358010587
05127,AR,0,no residential sales in 2025,,,,,,,,,,,,,,,,,,,,,,,,,
05129,AR,0,no residential sales in 2025,,,,,,,,,,,,,,,,,,,,,,,,,
05131,AR,1347,ok,UNACCEPTABLE regressivity,0.9138888888888889,30.15684575530613,1.1289545520535547,-0.09351388891650594,-38.15570759643708,0.8345475841091963,0.7088597374541241,0.7491836577161882,-0.2508151463011481,-5.019956750774957e-07,-0.06432612987089081,-0.06796366750494665,,,,,,,,,,,,
05133,,0,no residential sales in 2025,,,,,,,,,,,,,,,,,,,,,,,,,
05135,AR,0,no residential sales in 2025,,,,,,,,,,,,,,,,,,,,,,,,,
05137,AR,0,no residential sales in 2025,,,,,,,,,,,,,,,,,,,,,,,,,
05139,AR,16,skipped (fewer than 100 sales),,,,,,,,,,,,,,,,,,,,,,,,,
05141,,0,no residential sales in 2025,,,,,,,,,,,,,,,,,,,,,,,,,
05143,AR,0,no residential sales in 2025,,,,,,,,,,,,,,,,,,,,,,,,,
05145,AR,840,ok,acceptable (confidence intervals overlap),0.6186821419798575,33.74532357566697,1.1599840412365514,-0.09525692296316536,-30.909948462412057,0.7844967985942402,0.3667448359169063,0.7463702026123197,-0.25362497597949757,-3.677146419038012e-07,-0.0823855651206471,-0.09675391863107885,,,,,,,,,,0.1901296375884279,,
05147,,0,no residential sales in 2025,,,,,,,,,,,,,,,,,,,,,,,,,
05149,,0,no residential sales in 2025,,,,,,,,,,,,,,,,,,,,,,,,,
06001,CA,0,no residential sales in 2025,,,,,,,,,,,,,,,,,,,,,,,,,
06003,,0,no residential sales in 2025,,,,,,,,,,,,,,,,,,,,,,,,,
06005,CA,0,no residential sales in 2025,,,,,,,,,,,,,,,,,,,,,,,,,
06007,CA,0,no residential sales in 2025,,,,,,,,,,,,,,,,,,,,,,,,,
06009,CA,0,no residential sales in 2025,,,,,,,,,,,,,,,,,,,,,,,,,
06011,CA,0,no residential sales in 2025,,,,,,,,,,,,,,,,,,,,,,,,,
06013,CA,0,no residential sales in 2025,,,,,,,,,,,,,,,,,,,,,,,,,
06015,,0,no residential sales in 2025,,,,,,,,,,,,,,,,,,,,,,,,,
06017,CA,0,no residential sales in 2025,,,,,,,,,,,,,,,,,,,,,,,,,
06019,CA,0,no residential sales in 2025,,,,,,,,,,,,,,,,,,,,,,,,,
06021,CA,0,no residential sales in 2025,,,,,,,,,,,,,,,,,,,,,,,,,
06023,CA,0,no residential sales in 2025,,,,,,,,,,,,,,,,,,,,,,,,,
06025,CA,0,no residential sales in 2025,,,,,,,,,,,,,,,,,,,,,,,,,
06027,CA,0,no residential sales in 2025,,,,,,,,,,,,,,,,,,,,,,,,,
06029,CA,0,no residential sales in 2025,,,,,,,,,,,,,,,,,,,,,,,,,
06031,CA,0,no residential sales in 2025,,,,,,,,,,,,,,,,,,,,,,,,,
06033,CA,0,no residential sales in 2025,,,,,,,,,,,,,,,,,,,,,,,,,
06035,CA,0,no residential sales in 2025,,,,,,,,,,,,,,,,,,,,,,,,,
06037,CA,0,no residential sales in 2025,,,,,,,,,,,,,,,,,,,,,,,,,
06039,CA,0,no residential sales in 2025,,,,,,,,,,,,,,,,,,,,,,,,,
06041,CA,0,no residential sales in 2025,,,,,,,,,,,,,,,,,,,,,,,,,
06043,,0,no residential sales in 2025,,,,,,,,,,,,,,,,,,,,,,,,,
06045,CA,0,no residential sales in 2025,,,,,,,,,,,,,,,,,,,,,,,,,
06047,CA,0,no residential sales in 2025,,,,,,,,,,,,,,,,,,,,,,,,,
06049,,0,no residential sales in 2025,,,,,,,,,,,,,,,,,,,,,,,,,
06051,CA,0,no residential sales in 2025,,,,,,,,,,,,,,,,,,,,,,,,,
06053,CA,0,no residential sales in 2025,,,,,,,,,,,,,,,,,,,,,,,,,
06055,CA,965,ok,UNACCEPTABLE progressivity,0.7261016949152542,34.768014567018234,0.9988914025346862,0.14257985577197854,61.411463510135235,1.005864535486818,0.7694537459451544,1.0429228068494103,0.042924009093650434,2.194414738654303e-10,0.002405244382114091,-0.00022064835560131613,,,0.019302324650513583,,,,,,,0.015105285784570948,,0.002551915984567351
06057,CA,0,no residential sales in 2025,,,,,,,,,,,,,,,,,,,,,,,,,
06059,CA,0,no residential sales in 2025,,,,,,,,,,,,,,,,,,,,,,,,,
06061,CA,0,no residential sales in 2025,,,,,,,,,,,,,,,,,,,,,,,,,
06063,CA,0,no residential sales in 2025,,,,,,,,,,,,,,,,,,,,,,,,,
06065,CA,0,no residential sales in 2025,,,,,,,,,,,,,,,,,,,,,,,,,
06067,CA,0,no residential sales in 2025,,,,,,,,,,,,,,,,,,,,,,,,,
06069,CA,0,no residential sales in 2025,,,,,,,,,,,,,,,,,,,,,,,,,
06071,CA,0,no residential sales in 2025,,,,,,,,,,,,,,,,,,,,,,,,,
06073,CA,0,no residential sales in 2025,,,,,,,,,,,,,,,,,,,,,,,,,
06075,CA,0,no residential sales in 2025,,,,,,,,,,,,,,,,,,,,,,,,,
06077,CA,0,no residential sales in 2025,,,,,,,,,,,,,,,,,,,,,,,,,
06079,CA,0,no residential sales in 2025,,,,,,,,,,,,,,,,,,,,,,,,,
06081,CA,0,no residential sales in 2025,,,,,,,,,,,,,,,,,,,,,,,,,
06083,CA,0,no residential sales in 2025,,,,,,,,,,,,,,,,,,,,,,,,,
06085,CA,0,no residential sales in 2025,,,,,,,,,,,,,,,,,,,,,,,,,
06087,CA,0,no residential sales in 2025,,,,,,,,,,,,,,,,,,,,,,,,,
06089,CA,0,no residential sales in 2025,,,,,,,,,,,,,,,,,,,,,,,,,
06091,CA,0,no residential sales in 2025,,,,,,,,,,,,,,,,,,,,,,,,,
06093,CA,0,no residential sales in 2025,,,,,,,,,,,,,,,,,,,,,,,,,
06095,CA,0,no residential sales in 2025,,,,,,,,,,,,,,,,,,,,,,,,,
06097,CA,0,no residential sales in 2025,,,,,,,,,,,,,,,,,,,,,,,,,
06099,CA,0,no residential sales in 2025,,,,,,,,,,,,,,,,,,,,,,,,,
06101,CA,591,ok,UNACCEPTABLE progressivity,0.6987307692307693,32.05466836090983,1.0108922234389754,0.23855540050476956,58.374682129220325,0.9769218939271784,0.6031748998796161,0.9934279141456328,-0.006568491265694418,-4.4274926617173895e-08,-0.005193951691117693,-0.009505960853823936,,,0.09872663273449539,,,0.1016621720757635,,0.06017419017397459,0.0601368660089705,0.09532987453666679,0.08284843174893308,0.10515694880128253
06103,CA,0,no residential sales in 2025,,,,,,,,,,,,,,,,,,,,,,,,,
06105,CA,0,no residential sales in 2025,,,,,,,,,,,,,,,,,,,,,,,,,
06107,CA,0,no residential sales in 2025,,,,,,,,,,,,,,,,,,,,,,,,,
06109,CA,0,no residential sales in 2025,,,,,,,,,,,,,,,,,,,,,,,,,
06111,CA,0,no residential sales in 2025,,,,,,,,,,,,,,,,,,,,,,,,,
06113,CA,0,no residential sales in 2025,,,,,,,,,,,,,,,,,,,,,,,,,
06115,CA,0,no residential sales in 2025,,,,,,,,,,,,,,,,,,,,,,,,,
08001,,0,no residential sales in 2025,,,,,,,,,,,,,,,,,,,,,,,,,
08003,,0,no residential sales in 2025,,,,,,,,,,,,,,,,,,,,,,,,,
08005,,0,no residential sales in 2025,,,,,,,,,,,,,,,,,,,,,,,,,
08007,,0,no residential sales in 2025,,,,,,,,,,,,,,,,,,,,,,,,,
08009,,0,no residential sales in 2025,,,,,,,,,,,,,,,,,,,,,,,,,
08011,,0,no residential sales in 2025,,,,,,,,,,,,,,,,,,,,,,,,,
08013,CO,3749,ok,acceptable (VEI within +/-10),0.991304347826087,10.326284139412374,1.0206887371076785,-0.015435786643679273,-5.6583256386580345,0.9398266802521782,0.8703830775937251,0.9447730076846621,-0.05522693861096117,-4.417511260767063e-08,-0.019251374613538097,-0.0225093621686403,,0.12505598861933404,0.13461734791630528,0.11187079882473534,0.14002726314396544,0.13722454701572967,0.1956478631774007,0.12469019229004029,0.12469011619482971,0.13507598200277784,0.1374854211154354,0.15158854465505597
08014,CO,889,ok,acceptable (VEI significance <= 10),0.9542342833765172,7.629972622663363,0.9988922187186884,-0.025076417674447498,-11.590489031283989,0.9783049293227106,1.0611029753437409,0.9362472442469665,-0.06375251621491321,1.0701812298843745e-10,-0.006627365128093032,-0.002481994030178347,,0.09504934351010684,0.042181981459332024,0.1045790503286002,0.1469082565798539,0.07558830638123637,0.09831184246211333,0.1033990112638097,0.10339888258684218,0.0376116971189941,0.05763391695488065,0.08786377877227482
08015,,0,no residential sales in 2025,,,,,,,,,,,,,,,,,,,,,,,,,
08017,,0,no residential sales in 2025,,,,,,,,,,,,,,,,,,,,,,,,,
08019,,0,no residential sales in 2025,,,,,,,,,,,,,,,,,,,,,,,,,
08021,,0,no residential sales in 2025,,,,,,,,,,,,,,,,,,,,,,,,,
08023,,0,no residential sales in 2025,,,,,,,,,,,,,,,,,,,,,,,,,
08025,,0,no residential sales in 2025,,,,,,,,,,,,,,,,,,,,,,,,,
08027,,0,no residential sales in 2025,,,,,,,,,,,,,,,,,,,,,,,,,
08029,,0,no residential sales in 2025,,,,,,,,,,,,,,,,,,,,,,,,,
08031,,0,no residential sales in 2025,,,,,,,,,,,,,,,,,,,,,,,,,
08033,,0,no residential sales in 2025,,,,,,,,,,,,,,,,,,,,,,,,,
08035,,0,no residential sales in 2025,,,,,,,,,,,,,,,,,,,,,,,,,
08037,,0,no residential sales in 2025,,,,,,,,,,,,,,,,,,,,,,,,,
08039,,0,no residential sales in 2025,,,,,,,,,,,,,,,,,,,,,,,,,
08041,CO,9397,ok,acceptable (VEI significance <= 10),0.9664229166666667,7.409732558596904,1.0168131431044602,-0.045880686160322384,-11.094401109705982,0.9084454041461487,0.8576657959506756,0.9055176304161081,-0.09448232911036654,-1.0982701644383847e-08,-0.021358087042975038,-0.021926165496432892,,0.09091682067812526,0.12154443157276038,0.13308183320349654,0.14893394803864848,0.11692280514717741,0.23221129456699946,0.11558607247224391,0.11558599685084855,0.11682488145782309,0.11779009008255609,0.13041349054915297
08043,,0,no residential sales in 2025,,,,,,,,,,,,,,,,,,,,,,,,,
08045,,0,no residential sales in 2025,,,,,,,,,,,,,,,,,,,,,,,,,
08047,,0,no residential sales in 2025,,,,,,,,,,,,,,,,,,,,,,,,,
08049,,0,no residential sales in 2025,,,,,,,,,,,,,,,,,,,,,,,,,
08051,,0,no residential sales in 2025,,,,,,,,,,,,,,,,,,,,,,,,,
08055,,0,no residential sales in 2025,,,,,,,,,,,,,,,,,,,,,,,,,
08057,,0,no residential sales in 2025,,,,,,,,,,,,,,,,,,,,,,,,,
08059,,0,no residential sales in 2025,,,,,,,,,,,,,,,,,,,,,,,,,
08063,,0,no residential sales in 2025,,,,,,,,,,,,,,,,,,,,,,,,,
08065,,0,no residential sales in 2025,,,,,,,,,,,,,,,,,,,,,,,,,
08067,CO,765,ok,acceptable (VEI within +/-10),0.9256067961165049,13.1632052562691,1.0334708129896555,-0.022996431477741434,-3.4061518361373646,0.9050216969549424,0.7707117532006638,0.9183254962665095,-0.0816742896383133,-6.662602018391609e-08,-0.03135783639894152,-0.036562765974247124,,0.1571976396996562,0.18233590376013362,0.14129514673495486,0.08224513411666498,0.1892327774458309,,0.16520797785079494,0.16520782859703728,0.16559397692983735,0.18995584946173732,0.20485309882788771
08069,CO,4459,ok,UNACCEPTABLE regressivity,0.9814180929095354,8.641761747698249,1.022761238043213,-0.05394409694353974,-13.909743355741776,0.8705127714425323,0.8063053376765695,0.8879149866277403,-0.11208477256821385,-1.3963205042607048e-07,-0.030503127929585316,-0.03249624390456818,,0.10572844564367315,0.14465662581993752,0.14711093994766636,0.18776504026774576,0.1422298647070126,0.18985588474459347,0.13402123925886833,0.1340211476769752,0.1308221662322936,0.1445260592175348,0.1509951907323504
08071,CO,170,ok,acceptable (confidence intervals overlap),0.8580387306981939,36.373876732739305,1.129621076728862,-0.08474834343370595,-27.23141773809943,0.7178106026695582,0.5129513201529451,0.7181360154074571,-0.2818635054097073,-8.174328111604755e-07,-0.0953277494342899,-0.10640177056330224,,,,0.2477347485392206,,,,,,0.24902360215594954,,
08073,,0,no residential sales in 2025,,,,,,,,,,,,,,,,,,,,,,,,,
08075,,0,no residential sales in 2025,,,,,,,,,,,,,,,,,,,,,,,,,
08077,,0,no residential sales in 2025,,,,,,,,,,,,,,,,,,,,,,,,,
08079,,0,no residential sales in 2025,,,,,,,,,,,,,,,,,,,,,,,,,
08081,,0,no residential sales in 2025,,,,,,,,,,,,,,,,,,,,,,,,,
08083,,0,no residential sales in 2025,,,,,,,,,,,,,,,,,,,,,,,,,
08085,,0,no residential sales in 2025,,,,,,,,,,,,,,,,,,,,,,,,,
08087,,0,no residential sales in 2025,,,,,,,,,,,,,,,,,,,,,,,,,
08089,,0,no residential sales in 2025,,,,,,,,,,,,,,,,,,,,,,,,,
08091,,0,no residential sales in 2025,,,,,,,,,,,,,,,,,,,,,,,,,
08093,,0,no residential sales in 2025,,,,,,,,,,,,,,,,,,,,,,,,,
08095,,0,no residential sales in 2025,,,,,,,,,,,,,,,,,,,,,,,,,
08097,,0,no residential sales in 2025,,,,,,,,,,,,,,,,,,,,,,,,,
08099,,0,no residential sales in 2025,,,,,,,,,,,,,,,,,,,,,,,,,
08101,,0,no residential sales in 2025,,,,,,,,,,,,,,,,,,,,,,,,,
08103,,0,no residential sales in 2025,,,,,,,,,,,,,,,,,,,,,,,,,
08105,,0,no residential sales in 2025,,,,,,,,,,,,,,,,,,,,,,,,,
08107,,0,no residential sales in 2025,,,,,,,,,,,,,,,,,,,,,,,,,
08109,,0,no residential sales in 2025,,,,,,,,,,,,,,,,,,,,,,,,,
08111,,0,no residential sales in 2025,,,,,,,,,,,,,,,,,,,,,,,,,
08113,,0,no residential sales in 2025,,,,,,,,,,,,,,,,,,,,,,,,,
08115,,0,no residential sales in 2025,,,,,,,,,,,,,,,,,,,,,,,,,
08117,,0,no residential sales in 2025,,,,,,,,,,,,,,,,,,,,,,,,,
08119,,0,no residential sales in 2025,,,,,,,,,,,,,,,,,,,,,,,,,
08121,,0,no residential sales in 2025,,,,,,,,,,,,,,,,,,,,,,,,,
08123,CO,4349,ok,acceptable (VEI within +/-10),0.9646411764705882,6.841795051254122,1.015099912127091,-0.015503136653261812,-3.9509749750604373,0.9306282821161107,0.8219521251900542,0.94903862341503,-0.050960794453302344,-2.86081475991624e-09,-0.016565943040921738,-0.018095229530268098,,0.08284520910652374,0.1470721339485426,0.07173741411876287,0.08196497995679727,0.09050439262806671,0.20452088855204148,0.08149595030610503,0.08149529824755598,0.10147540616336014,0.09145500529190091,0.12704972060648853
08125,,0,no residential sales in 2025,,,,,,,,,,,,,,,,,,,,,,,,,
09110,CT,0,no residential sales in 2025,,,,,,,,,,,,,,,,,,,,,,,,,
09120,CT,0,no residential sales in 2025,,,,,,,,,,,,,,,,,,,,,,,,,
09130,CT,0,no residential sales in 2025,,,,,,,,,,,,,,,,,,,,,,,,,
09140,CT,0,no residential sales in 2025,,,,,,,,,,,,,,,,,,,,,,,,,
09150,CT,0,no residential sales in 2025,,,,,,,,,,,,,,,,,,,,,,,,,
09160,CT,0,no residential sales in 2025,,,,,,,,,,,,,,,,,,,,,,,,,
09170,CT,0,no residential sales in 2025,,,,,,,,,,,,,,,,,,,,,,,,,
09180,CT,0,no residential sales in 2025,,,,,,,,,,,,,,,,,,,,,,,,,
09190,CT,0,no residential sales in 2025,,,,,,,,,,,,,,,,,,,,,,,,,
10001,DE,0,no residential sales in 2025,,,,,,,,,,,,,,,,,,,,,,,,,
10003,,0,no residential sales in 2025,,,,,,,,,,,,,,,,,,,,,,,,,
10005,DE,3880,ok,acceptable (VEI within +/-10),0.8864909292968984,13.956962213845387,1.041346169723104,-0.01900051560226387,-7.119837956713467,0.9114771293552165,0.7156330501350265,0.9310589777131046,-0.06894058830914376,-6.963290958255875e-08,-0.03239928053287078,-0.03983868735485219,,0.1641409082614057,0.19349971937400984,0.1379656420393647,0.15493072238802644,0.19865284940427408,,0.1607869423471183,0.16078662470367777,0.15430968631047978,0.20014453563193962,0.2163621508102597
11001,DC,5726,ok,UNACCEPTABLE regressivity,0.9920370654166084,14.490209468517923,1.08181901391707,-0.0615461917209196,-20.190277374399027,0.8940348077581706,0.9013367225498061,0.8828814580614793,-0.1171185616059979,-3.447971383855876e-09,-0.04985710626387507,-0.053254976933424514,,0.1701565941947712,,0.24117298734874706,,,0.1491477537752543,0.22745877280462387,0.22745855265696321,0.23893560198117333,,
12001,FL,2826,ok,acceptable (VEI within +/-10),0.8181609090909091,13.559851993248229,0.9855551286721947,-0.007023761108368066,-5.345019996875921,1.0119136920916587,1.0682519412963165,0.9462034767706201,-0.05379478742068667,2.232944885646058e-09,0.004723986306062411,0.017286887189527644,,0.1631080373699578,,0.08801570082650309,0.13454779253630195,,0.09712018005537915,0.14546752704203683,0.1454641213090383,,,
12003,FL,205,ok,acceptable (confidence intervals overlap),0.7898235294117647,18.037767889258305,1.0216797510722773,-0.016078732019509746,12.273101780656852,0.9488689165644878,0.7417342838794846,0.8951473001969882,-0.10485243989749723,-2.8136121449131186e-07,-0.012495906020023151,-0.012171643883121863,,0.2170713080120217,0.14143773028891082,0.11198705553302929,,0.09108124739404073,,0.14969671794646056,0.14970012194945445,0.11796977217349901,0.08457401659851939,0.0769385151790712
12005,,0,no residential sales in 2025,,,,,,,,,,,,,,,,,,,,,,,,,
12007,FL,274,ok,UNACCEPTABLE regressivity,0.7657185625353706,30.766771765770695,1.1358996435798925,-0.2213347283498714,-59.69656987136024,0.8252122828591741,0.6324478278839313,0.6830301241674852,-0.3169704143345666,-8.668737190612118e-07,-0.060438073679629056,-0.05311415813511955,,,,,,0.24607187460506003,,,,0.24430451097222478,0.24282158828046743,0.23471490732876732
12009,FL,10000,ok,acceptable (VEI within +/-10),0.8170768279079201,12.007443303437816,1.0303838731345365,-0.015355476232973241,-6.710633984120477,0.9316401454241198,0.5309353023522765,0.9466223204804136,-0.0533758575868014,-9.414287636656868e-09,-0.023276581709162247,-0.02753991810801426,,0.14299450996358734,0.16378434405896447,0.12206794213613316,0.1455188337783189,0.15639201143689874,,0.12997158483871363,0.12997044825586795,0.10078051770368351,0.15663184577708714,0.18072106794809725
12011,FL,22802,ok,UNACCEPTABLE regressivity,0.9036436507936508,14.67067216125366,1.0615645423918414,-0.06160590886228664,-24.480216357751374,0.9199312024486062,0.8095515926330902,0.8921928322083932,-0.10780714831061192,-1.4308758926712647e-08,-0.03468560022145528,-0.03677564964255775,,0.17191030805139892,0.2168343951120859,0.2428413458966902,,0.2136397040982122,,0.2165837359805432,0.2165835589191892,0.19613217269081895,0.2143029618105387,0.2279146863370245
12013,,0,no residential sales in 2025,,,,,,,,,,,,,,,,,,,,,,,,,
12015,FL,5639,ok,acceptable (VEI within +/-10),0.8784175,12.953782335917316,1.0245267620577245,-0.010476034527758029,-5.527835900527469,0.9263240670559421,0.7439439571412804,0.9459260277569257,-0.0540729896096579,-1.1192478886916817e-07,-0.022707708080712763,-0.026121033434470586,,0.15207586430839826,0.1532825691171459,0.11405705291659765,0.13659933546752354,0.14421489013204733,,0.13455922705628995,0.13455791838851863,0.12557737090012036,0.14770306979170927,0.15799023544945223
12017,FL,3125,ok,acceptable (VEI within +/-10),0.7957717391304348,15.858818288615572,1.0289047297445826,-0.02141884141408386,-8.89575480653547,0.9305138077720513,0.7009086110829597,0.9217192242383117,-0.07827964502126097,-1.5955926575838498e-07,-0.021922169345951703,-0.02326119907220714,,0.18613261821226584,0.16271302928806755,0.14903312487474946,0.16120937466530794,0.15686372924908365,,0.17023384234288952,0.17023307019462858,0.12095762504656195,0.15587617184751798,0.15707946120991095
12019,,0,no residential sales in 2025,,,,,,,,,,,,,,,,,,,,,,,,,
12021,,0,no residential sales in 2025,,,,,,,,,,,,,,,,,,,,,,,,,
12023,,0,no residential sales in 2025,,,,,,,,,,,,,,,,,,,,,,,,,
12027,,0,no residential sales in 2025,,,,,,,,,,,,,,,,,,,,,,,,,
12029,FL,223,ok,acceptable (confidence intervals overlap),0.66,34.43728990138433,1.1292061348349043,-0.09088740175295826,-25.11909267949421,0.8417394351515594,0.5374220606762228,0.7917228293801898,-0.20827284244118255,-5.967855383283876e-07,-0.06373810145337666,-0.062319189925771346,,,,,,,,,,0.2123417948343144,,0.22583679791469904
12031,FL,12470,ok,acceptable (VEI within +/-10),0.8269884282697596,14.71053681000145,1.0335420731220355,-0.02079878808136283,-7.113599500561284,0.9496547063619233,0.8690762147105481,0.9366661874278913,-0.06333287498560713,-5.833532032857782e-09,-0.021969903779940347,-0.020196112594309534,,0.17106853788840698,0.15843526126380458,0.16006401300948708,0.1990431505541355,0.15610111622042794,,0.16805305826956335,0.16805162688074476,0.1515289851309605,0.15537584018727796,0.1339762503106844
12033,,0,no residential sales in 2025,,,,,,,,,,,,,,,,,,,,,,,,,
12035,,0,no residential sales in 2025,,,,,,,,,,,,,,,,,,,,,,,,,
12037,FL,245,ok,acceptable (VEI significance <= 10),0.7889652173913043,24.670122000541255,1.002499387038503,0.026912055203880236,14.48503681211494,1.0013187717292547,0.7738065705781535,1.0165741513354432,0.016575820089540432,-3.5170918925926424e-09,0.0006323874270006691,-0.004773664106121345,,,0.059856860599799125,,,0.040575834470442655,,,,0.037377915415179694,0.039331099573538746,0.08213541354681539
12039,FL,286,ok,acceptable (VEI significance <= 10),0.8106019953441969,26.632278866710873,1.1356264822243034,-0.14502424264494784,-23.65223905328713,0.8191407213812067,0.47535790906101316,0.753536800673513,-0.24646205934302118,-9.088332809761625e-07,-0.0650938794783249,-0.07383702906653533,,0.2457068313926846,,,,,,,,0.22032494891240217,,
12041,FL,183,ok,acceptable (VEI within +/-10),0.7856714285714286,20.745012106448204,1.0528556605616615,-0.06757638790544501,-9.961043461600624,0.9264618359858697,0.7344316651479561,0.864482318004893,-0.13551742948570283,-2.915906128884253e-07,-0.025523000804398732,-0.02085783940633501,,0.24073184811434326,0.18001359547014212,0.22821027660929397,0.15966795984245655,0.17661844782965616,,0.2346013324772357,0.23460159558442636,0.15920136838862062,0.17151731140131743,0.15774475625326909
12043,FL,165,ok,acceptable (VEI within +/-10),0.7628,21.996348627028063,1.0492003645747296,-0.031487478565723856,1.281933266455399,0.8986670809812193,0.6483874744498436,0.8753485757900129,-0.12464927838949959,-4.1297984874893744e-07,-0.0317120307670149,-0.0340354262243594,,0.2397922229652182,0.20009125730283975,0.1659797588796986,0.15675046087002825,0.19337999086776997,,0.2340439281815109,0.23404149802131938,0.19285244340286947,0.1860549761235713,0.17693982342478431
12045,,0,no residential sales in 2025,,,,,,,,,,,,,,,,,,,,,,,,,
12047,FL,106,ok,acceptable (VEI significance <= 10),0.8777104010025063,33.62472669424475,1.1309777439530977,-0.09635192497277285,-36.09272725211761,0.7917166459450602,0.6444241472113102,0.7660940340107723,-0.23390490828978633,-1.4238078285002937e-06,-0.07574342091063957,-0.0796670317984729,,,,,,,,,,0.24815950504606513,,0.24990051145606165
12049,FL,123,ok,acceptable (confidence intervals overlap),0.8725764705882353,18.535065073741148,1.0480675161443453,-0.06845003013692628,-12.207950511419611,0.9302204021796988,0.8485905835301555,0.866188855979182,-0.13381135912680373,-1.1518562310664894e-07,-0.025771819016126463,-0.022312705980730874,,0.21324173532582336,0.206622401947952,0.2038321245739089,0.23038604642590121,0.19072736772381674,0.13548083461357016,0.20119272394697377,0.2011929445573945,0.17634815573628027,0.19061804519247616,0.149153988776417
12051,,0,no residential sales in 2025,,,,,,,,,,,,,,,,,,,,,,,,,
12053,,0,no residential sales in 2025,,,,,,,,,,,,,,,,,,,,,,,,,
12055,,0,no residential sales in 2025,,,,,,,,,,,,,,,,,,,,,,,,,
12057,,0,no residential sales in 2025,,,,,,,,,,,,,,,,,,,,,,,,,
12059,FL,128,ok,acceptable (confidence intervals overlap),0.7024044871794872,40.348230873125516,1.1691648926795437,-0.048912486222731144,-11.407452546257321,0.7364798508920485,0.3026676348066714,0.7194804922704182,-0.2805155352631646,-9.160875977687474e-07,-0.10365662809806131,-0.12624514431148426,,,,,0.19278071429747515,,,,,0.23219784094887522,,
12061,,0,no residential sales in 2025,,,,,,,,,,,,,,,,,,,,,,,,,
12063,,0,no residential sales in 2025,,,,,,,,,,,,,,,,,,,,,,,,,
12065,FL,99,skipped (fewer than 100 sales),,,,,,,,,,,,,,,,,,,,,,,,,
12067,FL,41,skipped (fewer than 100 sales),,,,,,,,,,,,,,,,,,,,,,,,,
12069,FL,6360,ok,acceptable (VEI within +/-10),0.826575658171274,13.841536131748436,1.0353275071394341,-0.022396310529831123,-6.281506554183131,0.8669976763456251,0.6382230402281766,0.9182311356269194,-0.08176755745423574,-1.3167429549248116e-07,-0.03861667968377058,-0.0443026149710577,,0.1638830545529766,0.1769665567458902,0.13036400143408883,0.16947124621946769,0.17631037617989917,,0.15648691648413818,0.1564854287174666,0.1270845105796698,0.1770483466297057,0.18544193223165367
12071,FL,16622,ok,acceptable (VEI within +/-10),0.8386953417928776,13.063721991444972,1.0135062225792386,-0.0017506261415782833,-3.6313045125129464,0.9758297240219462,0.8673679276695729,0.9615031262150144,-0.038496447388899104,-4.171633488200292e-09,-0.009331482504954192,-0.008927069517489228,,0.1554204408736267,0.12161387910834098,0.03849448139524954,0.1180495991921052,0.11157341652642433,,0.12033419649859699,0.1203332972790616,0.10202215267965396,0.1111456473020987,0.11602735607901038
12073,,0,no residential sales in 2025,,,,,,,,,,,,,,,,,,,,,,,,,
12075,FL,728,ok,acceptable (confidence intervals overlap),0.7849336351522191,23.37866998998021,1.0269314768781328,-0.020553177874892973,-17.391620700694737,0.9657996733800522,1.1383126265354857,0.9300599343670399,-0.06993531591476457,-8.772718671129391e-08,-0.01297356798464211,-0.005212592875485367,,,0.1742281967549881,0.22391628298928173,,0.19959027965715676,0.20275996172924543,0.22661628737794995,0.22661125288429623,0.2162859852870473,0.14559919530932153,0.179132618517792
12077,,0,no residential sales in 2025,,,,,,,,,,,,,,,,,,,,,,,,,
12079,,0,no residential sales in 2025,,,,,,,,,,,,,,,,,,,,,,,,,
12081,FL,9140,ok,acceptable (VEI within +/-10),0.8048536522535801,28.142043592401336,1.0330578956833125,0.08229693268090348,3.975694734476655,0.9480819272308421,0.6532124608971722,0.8837940120716774,-0.11620505104581946,-4.778066493184328e-08,-0.018667240036910338,-0.016682477078305613,,,0.17577551497815433,,,0.1799998749426585,,,,0.1332046377038378,0.16759781743764948,0.1458432993840948
12083,,0,no residential sales in 2025,,,,,,,,,,,,,,,,,,,,,,,,,
12085,FL,2767,ok,UNACCEPTABLE regressivity,0.8512764227642277,13.948798829058198,1.0829256044059203,-0.040051031202286466,-17.259632774619078,0.9202890996161691,0.6508955968574516,0.9208771950906052,-0.07912235072349764,-1.1060880211308979e-08,-0.04107314829042208,-0.05176891864899935,,0.16583939829953356,,0.22623434667677106,,,,0.20804217087213725,0.20804187977899313,0.18320340181466535,,
12086,FL,21871,ok,acceptable (VEI within +/-10),0.7961,11.784676693835198,1.0372760282883708,-0.022475565392364644,-8.237196574832538,0.9569794110433587,0.6740679864194999,0.94609679953549,-0.05390288092464143,-5.657271861124977e-09,-0.02069271451013277,-0.022881573983065673,,0.14135936073564784,0.17621633954644375,0.17583801141153307,0.17060830048953796,0.18154979791149797,,0.16285346910371723,0.16285294954125187,0.13846548531526937,0.1822948793832904,0.20891750260404382
12087,,0,no residential sales in 2025,,,,,,,,,,,,,,,,,,,,,,,,,
12089,FL,1594,ok,acceptable (VEI within +/-10),0.8497819029126213,9.695594847783843,1.0196124042697765,-0.013195775046503088,-5.391886383225759,0.9593547087022771,0.7781273222010224,0.9635244229653097,-0.03647525226517312,-3.481546611193377e-08,-0.014686301384905454,-0.018662572629139396,,0.1193436341167278,0.1283991827795549,0.1243243214405698,0.14196832094811018,0.1269833383180043,,0.11599713597268009,0.1159966223680855,0.11045558837124261,0.1271562025182675,0.15132507306672022
12091,,0,no residential sales in 2025,,,,,,,,,,,,,,,,,,,,,,,,,
12093,FL,535,ok,acceptable (VEI within +/-10),0.7783387096774194,17.302784311620094,1.0371163685481635,-0.014286459314236402,-0.517528537062052,0.9519106000120616,0.6525976131634842,0.9429418313605795,-0.05705642954510094,-8.756681006046057e-08,-0.018404260044840415,-0.02259372843635421,,0.19559505461890503,0.16783063147565858,0.13347873250406905,0.05142141060103625,0.1320545380974913,,0.155562969249973,0.15555920621187116,0.10745330661368203,0.12732417730602721,0.15296487464633254
12095,FL,13219,ok,UNACCEPTABLE regressivity,0.8622558139534884,10.87236412325971,1.0474838086199787,-0.036677315273726224,-17.321774761476046,0.9303617750128922,0.7437486819487705,0.9276792625813022,-0.07232044913399202,-4.395107457189516e-09,-0.029750002613758264,-0.034568972429621425,,0.1317520171773532,0.21334954989053823,0.1942874333300412,,0.1874515998290886,0.23977162645891345,0.16575329286793697,0.1657522525113818,0.16392332840167959,0.19321408068857046,0.22639301105703308
12097,FL,4997,ok,acceptable (VEI within +/-10),0.8560734122192707,9.170451782824223,1.0114592635181172,-0.017253109690033852,-5.2486473270058545,0.951369918872298,0.9604491940842517,0.9424187531411491,-0.057580705339347435,-1.13686912748229e-08,-0.012995707605286677,-0.013135419041412133,,0.11309099413408856,0.10133639002715605,0.10079289171064994,0.1135508260326811,0.10017135206170467,0.24727527758094883,0.10705900368115251,0.10705863446066086,0.10303843488966112,0.09995534386285218,0.10116582951942105
12099,,0,no residential sales in 2025,,,,,,,,,,,,,,,,,,,,,,,,,
12101,FL,9754,ok,acceptable (VEI within +/-10),0.8493660755148742,12.552404316680589,1.0150555325906623,0.004724516564594585,-0.5818008235700082,0.9616481950639526,0.8183082532478468,0.9732707127148527,-0.026728354431884885,-1.5967772086768306e-08,-0.01182400073817047,-0.014974113954896229,,0.14873373217885724,0.12111288743607516,,0.0388574612506517,0.10993366859361522,0.23873403280338001,0.09537331271173159,0.09537233918226323,0.09865849877655113,0.10871086508561632,0.11837487756355301
12103,FL,15359,ok,acceptable (VEI significance <= 10),0.8635448979591837,13.680154944455552,1.0331758498373764,-0.03017498097056795,-10.888556619391927,0.9463040706201946,0.8092320707942261,0.9256256775094001,-0.07437404444374915,-7.695776871849833e-09,-0.02184363543673329,-0.020876954020621064,,0.1617717037352934,0.18109216145995416,0.17632481004273018,0.19973204306777076,0.1607190196536125,,0.17494209409276731,0.17494168997740905,0.1500176109263553,0.1611264907276441,0.16102011929535473
12105,FL,10285,ok,acceptable (VEI within +/-10),0.8082101265822785,11.308917128015665,1.0136126937738197,-0.0015828370476334787,-1.2269909841427218,0.9468667773195779,0.8683664085748791,0.9571443524353659,-0.04285380121681148,-8.802859509775987e-09,-0.013636857953805537,-0.014805880807704286,,0.13557309289861552,0.10917849528114094,0.03476544189957596,0.06119913044742434,0.10013214479024826,0.17999596702734874,0.10183841011725842,0.10183647377557262,0.10044864280944141,0.09944452544673375,0.10185806651541436
12107,,0,no residential sales in 2025,,,,,,,,,,,,,,,,,,,,,,,,,
12109,FL,7894,ok,acceptable (VEI within +/-10),0.8133239502137289,29.85130211487456,1.0830199355014967,0.06021428452528443,1.48359627397211,0.8333307212900498,0.6193645211018862,0.6552205115738583,-0.3447789222952953,-4.1625040638127825e-08,-0.060786028599609576,-0.05919718999164347,,,0.24761431733937178,,,,,,,0.21625151875928006,,
12111,,0,no residential sales in 2025,,,,,,,,,,,,,,,,,,,,,,,,,
12113,,0,no residential sales in 2025,,,,,,,,,,,,,,,,,,,,,,,,,
12115,,0,no residential sales in 2025,,,,,,,,,,,,,,,,,,,,,,,,,
12117,,0,no residential sales in 2025,,,,,,,,,,,,,,,,,,,,,,,,,
12119,FL,4280,ok,acceptable (VEI within +/-10),0.8212679164689132,7.9354997328126045,1.014024144099888,-0.015581620354225018,-5.26814551255401,0.917273166758567,0.7207282702235445,0.9527362706081122,-0.04726253283199366,-1.0216494981793468e-07,-0.01975259547517938,-0.021674116569831092,,0.09741014222997585,0.1176748684942007,0.0892720707363421,0.11481786940258976,0.11778370995656928,,0.09977613521759719,0.09977505414896837,0.08995897926582219,0.11861871294846132,0.12654107164119824
12121,,0,no residential sales in 2025,,,,,,,,,,,,,,,,,,,,,,,,,
12123,FL,268,ok,acceptable (confidence intervals overlap),0.7905333333333333,40.78023147461172,1.1460459120830377,-0.08576738025058955,-20.130133665036258,0.8095000244806912,0.5908908264298026,0.7744010857013836,-0.22559812298366724,-7.48994602884626e-07,-0.07557558145680376,-0.07570404299286149,,,,,,,,,,0.2485820319359421,,
12125,FL,63,skipped (fewer than 100 sales),,,,,,,,,,,,,,,,,,,,,,,,,
12127,FL,8521,ok,acceptable (VEI within +/-10),0.862362369337979,8.957507139277357,1.0219680322676634,-0.01719388958192154,-4.182778024447916,0.9343454247749312,0.653132320386027,0.9520731388875744,-0.04792630298280306,-1.4888970856160092e-08,-0.020203166543631745,-0.023145891286523,,0.10927560518837981,0.14281472312614277,0.10911814679210437,0.12329513405158374,0.143852347498753,,0.11178515256599034,0.1117842988539028,0.09752856210753585,0.1452666860641223,0.1492272984070944
12129,,0,no residential sales in 2025,,,,,,,,,,,,,,,,,,,,,,,,,
12131,FL,2264,ok,acceptable (VEI significance <= 10),0.8087762767168107,15.08687986580477,1.0137961902739914,0.013865349853249016,11.807825184556865,0.9791082476931475,0.7658313801757878,1.0053118484326389,0.005312576220237272,-7.544789038029339e-09,-0.010391242163145797,-0.015934708317839164,,0.17238066884874564,0.11155405357964183,,,0.14252563541774685,,,,0.08501365761098052,0.14284468061086658,0.1607455039677401
12133,FL,203,ok,acceptable (VEI within +/-10),0.8027285714285715,24.552894306217254,1.0757801074885478,-0.03822863294042583,-9.666124755306367,0.8341381662568601,0.6001898202194701,0.8691508022699846,-0.13084578671500027,-5.843001689528359e-07,-0.05636380169437594,-0.06262403157753482,,,0.24565058199936318,0.23926891676593356,0.22368847570392353,0.2480517583985993,,0.24398125225312808,0.2439797671718422,0.20563384414564523,0.24814674995973393,0.24832315971911312
13001,,0,no residential sales in 2025,,,,,,,,,,,,,,,,,,,,,,,,,
13003,,0,no residential sales in 2025,,,,,,,,,,,,,,,,,,,,,,,,,
13005,,0,no residential sales in 2025,,,,,,,,,,,,,,,,,,,,,,,,,
13007,,0,no residential sales in 2025,,,,,,,,,,,,,,,,,,,,,,,,,
13009,GA,343,ok,acceptable (VEI within +/-10),0.7835555555555556,31.217222921837966,1.3641207492116745,-0.049058238838487825,-4.115615597850405,0.8165408328105646,0.5166564688178003,0.7757560553386589,-0.22424111852472736,-2.7086272518905836e-08,-0.12119835402145873,-0.12109838929316719,,,,,0.188667046833249,,,,,,,
13011,GA,142,ok,UNACCEPTABLE progressivity,0.9361406951871658,23.602098870107667,1.0256412656588496,0.038211907774467535,37.93947575733115,0.9563031264401464,0.7218038090527762,0.990107405449551,-0.009892178295630313,-1.1908425265076077e-07,-0.014389411455727474,-0.028213482493004927,,,0.1752014287301479,,,0.11765034658022372,,0.0912698552813357,0.09126679209637642,0.11020713330444827,0.10707359457707798,0.13377974121067854
13013,,0,no residential sales in 2025,,,,,,,,,,,,,,,,,,,,,,,,,
13015,,0,no residential sales in 2025,,,,,,,,,,,,,,,,,,,,,,,,,
13017,,0,no residential sales in 2025,,,,,,,,,,,,,,,,,,,,,,,,,
13019,,0,no residential sales in 2025,,,,,,,,,,,,,,,,,,,,,,,,,
13021,GA,2054,ok,UNACCEPTABLE regressivity,0.8708979078130108,29.44521801807271,1.2577017045544514,-0.0939317385958345,-33.503040228106734,0.7574525585269563,0.48012172993221014,0.7081187709039963,-0.2918782185927711,-2.6728477684491146e-07,-0.11922652643651599,-0.16106025486877562,,,,,,,,,,,,
13023,,0,no residential sales in 2025,,,,,,,,,,,,,,,,,,,,,,,,,
13025,,0,no residential sales in 2025,,,,,,,,,,,,,,,,,,,,,,,,,
13027,,0,no residential sales in 2025,,,,,,,,,,,,,,,,,,,,,,,,,
13029,,0,no residential sales in 2025,,,,,,,,,,,,,,,,,,,,,,,,,
13031,,0,no residential sales in 2025,,,,,,,,,,,,,,,,,,,,,,,,,
13033,,0,no residential sales in 2025,,,,,,,,,,,,,,,,,,,,,,,,,
13035,,0,no residential sales in 2025,,,,,,,,,,,,,,,,,,,,,,,,,
13037,,0,no residential sales in 2025,,,,,,,,,,,,,,,,,,,,,,,,,
13039,,0,no residential sales in 2025,,,,,,,,,,,,,,,,,,,,,,,,,
13043,,0,no residential sales in 2025,,,,,,,,,,,,,,,,,,,,,,,,,
13045,GA,1593,ok,acceptable (confidence intervals overlap),0.9072210526315789,30.22042848629717,1.2184172189729408,0.020910580152475867,18.397090061218297,0.7361576168323929,0.29356616880706743,0.8360814677030015,-0.1639031860709579,-3.9479352309359076e-08,-0.12402122236439861,-0.17257417678731435,,,,,,,,,,0.18234797183720974,,
13047,,0,no residential sales in 2025,,,,,,,,,,,,,,,,,,,,,,,,,
13049,,0,no residential sales in 2025,,,,,,,,,,,,,,,,,,,,,,,,,
13051,GA,3509,ok,acceptable (VEI within +/-10),0.9014492753623189,16.892538262295567,1.0382969477405046,-0.0030567330489330038,-3.8712225802874833,0.9448408610267632,0.8841133393179982,0.936778654912738,-0.06322094359725704,-3.778557392578148e-09,-0.024841914057375458,-0.0246315533178596,,0.19188875464126198,0.1809055424853543,0.06739639084226393,0.12625158916661838,0.2036243619768569,0.2062383242185568,0.16900794667169947,0.16900311229769763,0.17183347148893915,0.2029060435504505,0.18402260292188555
13053,,0,no residential sales in 2025,,,,,,,,,,,,,,,,,,,,,,,,,
13055,,0,no residential sales in 2025,,,,,,,,,,,,,,,,,,,,,,,,,
13057,GA,3127,ok,acceptable (VEI within +/-10),0.9468648648648649,9.463732379041382,1.0142342726533422,-0.0036904162992959276,-1.6564493213053573,0.9218686470754467,0.8047811724692479,0.9590866980993376,-0.04091179966723724,-6.08010171485615e-08,-0.019043677863525676,-0.0207436367070839,,0.11342020381485624,0.11388912666369426,0.04737668198143343,0.052383494171620394,0.11575710084722753,0.23855898247679594,0.09307984032019484,0.09307716458067629,0.10017264256228527,0.115545897039432,0.12162623015445635
13059,GA,974,ok,acceptable (VEI within +/-10),0.9670693983957219,9.06557020644673,1.0034146313359398,0.0009989173501356676,-1.4706940589139488,0.9878768186173942,0.9789612955797758,0.9738076057712882,-0.026192323615947612,-3.981562277890657e-09,-0.0040161643589322615,-0.0021208548790692117,,0.11278918043290606,0.07238344224362137,,0.08946333481269722,0.08610899740031099,0.14748826778625465,0.0922716121360503,0.09227154900261184,0.0864661113274745,0.08406768446080207,0.0888926164712214
13061,,0,no residential sales in 2025,,,,,,,,,,,,,,,,,,,,,,,,,
13063,,0,no residential sales in 2025,,,,,,,,,,,,,,,,,,,,,,,,,
13065,,0,no residential sales in 2025,,,,,,,,,,,,,,,,,,,,,,,,,
13067,GA,8493,ok,UNACCEPTABLE regressivity,0.944609114486847,11.319844242552087,1.0435210963452022,-0.050398836097788245,-12.37668219099283,0.8824197225657902,0.737112629504697,0.8854888100844118,-0.11451110884415026,-5.865107106529189e-09,-0.03946020517014426,-0.0416071013820658,,0.13528467546526243,0.19267371872477543,0.164642197218986,0.1682068815633696,0.1770576662936033,,0.1575767907423682,0.1575766587089236,0.15318274825085149,0.18643856852266524,0.19312237408015365
13069,,0,no residential sales in 2025,,,,,,,,,,,,,,,,,,,,,,,,,
13071,,0,no residential sales in 2025,,,,,,,,,,,,,,,,,,,,,,,,,
13073,GA,1730,ok,acceptable (VEI within +/-10),0.953286276691629,8.771985685333055,1.026185787091496,-0.011196834357846167,-1.8402096199911064,0.934377133242718,0.8162476851805514,0.9522082334537121,-0.04779157353525515,-4.651838358832133e-09,-0.021399373750803363,-0.024585954171077562,,0.10839083624945314,0.14814310548729706,0.08522491541274288,0.087430170434748,0.11325689993858189,0.1764513209523957,0.10301707839029436,0.10301687845502543,0.10530955368981537,0.1133244203084301,0.10896448200291131
13075,,0,no residential sales in 2025,,,,,,,,,,,,,,,,,,,,,,,,,
13077,GA,1581,ok,acceptable (VEI within +/-10),0.9356638888888889,11.254903392431284,1.0070279886655797,0.02650470391684733,7.634340995576696,0.9832416235468157,0.8625488898240948,1.01141574858705,0.011416493305866578,-1.6396580486995024e-09,-0.005556420145849117,-0.009578217909754771,,0.13937062918982965,0.0817941243551894,,,0.09510156066526378,0.21082712838467033,,,0.10203255712397809,0.09370379492976495,0.09545445077830529
13079,,0,no residential sales in 2025,,,,,,,,,,,,,,,,,,,,,,,,,
13081,,0,no residential sales in 2025,,,,,,,,,,,,,,,,,,,,,,,,,
13083,,0,no residential sales in 2025,,,,,,,,,,,,,,,,,,,,,,,,,
13085,,0,no residential sales in 2025,,,,,,,,,,,,,,,,,,,,,,,,,
13087,,0,no residential sales in 2025,,,,,,,,,,,,,,,,,,,,,,,,,
13089,GA,7218,ok,UNACCEPTABLE regressivity,0.9627537708927844,13.574175420084174,1.0417491443144973,-0.07077243797842153,-23.40448561775384,0.9229531368958237,1.0261855878137116,0.8686963698644558,-0.1313036205617301,-5.796674193371248e-09,-0.03280495633733316,-0.024742899234078797,,0.15878710178984404,0.1931175068584877,0.23928539721914588,0.2176826987804468,0.22521157097823855,0.11996957202752045,0.19931896496043794,0.19931883833842462,0.19735358029970182,0.23952395043761024,0.15337931921871378
13091,,0,no residential sales in 2025,,,,,,,,,,,,,,,,,,,,,,,,,
13093,,0,no residential sales in 2025,,,,,,,,,,,,,,,,,,,,,,,,,
13095,,0,no residential sales in 2025,,,,,,,,,,,,,,,,,,,,,,,,,
13097,,0,no residential sales in 2025,,,,,,,,,,,,,,,,,,,,,,,,,
13099,,0,no residential sales in 2025,,,,,,,,,,,,,,,,,,,,,,,,,
13101,,0,no residential sales in 2025,,,,,,,,,,,,,,,,,,,,,,,,,
13103,,0,no residential sales in 2025,,,,,,,,,,,,,,,,,,,,,,,,,
13105,,0,no residential sales in 2025,,,,,,,,,,,,,,,,,,,,,,,,,
13107,,0,no residential sales in 2025,,,,,,,,,,,,,,,,,,,,,,,,,
13109,,0,no residential sales in 2025,,,,,,,,,,,,,,,,,,,,,,,,,
13111,,0,no residential sales in 2025,,,,,,,,,,,,,,,,,,,,,,,,,
13113,,0,no residential sales in 2025,,,,,,,,,,,,,,,,,,,,,,,,,
13115,,0,no residential sales in 2025,,,,,,,,,,,,,,,,,,,,,,,,,
13117,GA,3270,ok,acceptable (VEI within +/-10),0.9631657337619153,12.836531379180519,1.0397673770415186,-0.018195608850284577,-6.968066617651239,0.8280388174912111,0.7109839610661705,0.8752605436635424,-0.12473840141122462,-1.2645733069224642e-07,-0.04615403762166648,-0.052753295914048426,,0.1535041197330037,0.1886633406662233,0.12682202112968413,0.13213585410150358,0.19719789441931834,,0.18060912582050084,0.18060830896029992,0.16733376426660082,0.19620557961638846,0.20467409307896806
13119,,0,no residential sales in 2025,,,,,,,,,,,,,,,,,,,,,,,,,
13121,GA,10619,ok,UNACCEPTABLE regressivity,0.9462135922330097,16.39831360656916,1.0593191894883403,-0.04275132991199865,-14.830356563825516,0.9340268821040628,0.8675545215225237,0.9019233603101766,-0.09807655202217977,-6.605194799337785e-09,-0.032302118762763454,-0.03130235306097995,,0.18928057716879715,0.21044549990605577,0.22530565699147953,0.21034291804278168,0.22016158614705555,,0.22328703429227104,0.22328669835099219,0.20659745666278306,0.22105455991068826,0.2101557072659061
13123,,0,no residential sales in 2025,,,,,,,,,,,,,,,,,,,,,,,,,
13125,,0,no residential sales in 2025,,,,,,,,,,,,,,,,,,,,,,,,,
13127,GA,1337,ok,acceptable (VEI within +/-10),0.8620689655172413,17.124816608371987,1.074138314315934,-0.013167536823914881,-8.217017624028875,0.9248439070961735,0.6950589064475743,0.9535000554506469,-0.0464976880683451,-3.432160357528452e-08,-0.03926787442965707,-0.050738177620620606,,0.2009294785958716,0.22257972310609395,0.18583212858844225,0.18487153646296398,0.23710216666052963,,0.20202110355133282,0.20201960825493767,0.18223606242920296,0.23812144023778142,
13129,,0,no residential sales in 2025,,,,,,,,,,,,,,,,,,,,,,,,,
13131,,0,no residential sales in 2025,,,,,,,,,,,,,,,,,,,,,,,,,
13133,,0,no residential sales in 2025,,,,,,,,,,,,,,,,,,,,,,,,,
13135,GA,7928,ok,acceptable (VEI within +/-10),0.9918063922356091,10.307058234081024,1.0225289479924076,-0.01898625596701323,-3.788174257705673,0.9212501994412163,0.9387293908726587,0.9140360549679843,-0.08596392140252915,-2.9507979922646234e-09,-0.023257284959803837,-0.022530064415238193,,0.12506852975828103,0.14317853111800694,0.08775207109630598,0.07728144062506978,0.13913719112184453,0.12411529412638372,0.11833586280322951,0.11833568849702363,0.14242997845106076,0.13927197376848155,0.1544952340479362
13137,GA,453,ok,acceptable (VEI within +/-10),0.9339162219460487,16.269599937499848,1.0203604721874537,-0.008778597141813574,3.498361713407213,0.9444746272197699,0.8421229334794597,0.9224884863701189,-0.0775110697447769,-1.8208195120998474e-07,-0.014450406880093025,-0.014918008161619145,,0.18006550528525977,0.1342543669487257,0.09350598270966577,,0.09300836210007435,0.2179454660290541,0.1505769230103752,0.15057680986973596,0.13027945028031698,0.08888689209701685,0.08880781333921375
13139,,0,no residential sales in 2025,,,,,,,,,,,,,,,,,,,,,,,,,
13141,,0,no residential sales in 2025,,,,,,,,,,,,,,,,,,,,,,,,,
13143,,0,no residential sales in 2025,,,,,,,,,,,,,,,,,,,,,,,,,
13145,,0,no residential sales in 2025,,,,,,,,,,,,,,,,,,,,,,,,,
13147,,0,no residential sales in 2025,,,,,,,,,,,,,,,,,,,,,,,,,
13149,,0,no residential sales in 2025,,,,,,,,,,,,,,,,,,,,,,,,,
13151,GA,2597,ok,acceptable (VEI within +/-10),1.03672131147541,8.09641613352924,1.0094000435629058,-0.022291291185877388,-3.558919032934379,0.9272462477216449,0.9447231778644727,0.925098892361953,-0.07490125025423851,-1.7444448360735103e-07,-0.014032869452996088,-0.013894215514238528,,0.10051175413052928,0.09884479850248189,0.07957092360950434,0.09372574374570437,0.0952105083827531,0.09176006763130719,0.09913470043900374,0.09913483444859018,0.10096394732190818,0.09485886067722538,0.09556789964128026
13153,,0,no residential sales in 2025,,,,,,,,,,,,,,,,,,,,,,,,,
13155,,0,no residential sales in 2025,,,,,,,,,,,,,,,,,,,,,,,,,
13157,,0,no residential sales in 2025,,,,,,,,,,,,,,,,,,,,,,,,,
13159,,0,no residential sales in 2025,,,,,,,,,,,,,,,,,,,,,,,,,
13161,,0,no residential sales in 2025,,,,,,,,,,,,,,,,,,,,,,,,,
13163,,0,no residential sales in 2025,,,,,,,,,,,,,,,,,,,,,,,,,
13165,,0,no residential sales in 2025,,,,,,,,,,,,,,,,,,,,,,,,,
13167,,0,no residential sales in 2025,,,,,,,,,,,,,,,,,,,,,,,,,
13169,,0,no residential sales in 2025,,,,,,,,,,,,,,,,,,,,,,,,,
13171,,0,no residential sales in 2025,,,,,,,,,,,,,,,,,,,,,,,,,
13173,,0,no residential sales in 2025,,,,,,,,,,,,,,,,,,,,,,,,,
13175,,0,no residential sales in 2025,,,,,,,,,,,,,,,,,,,,,,,,,
13177,,0,no residential sales in 2025,,,,,,,,,,,,,,,,,,,,,,,,,
13179,,0,no residential sales in 2025,,,,,,,,,,,,,,,,,,,,,,,,,
13181,GA,111,ok,acceptable (confidence intervals overlap),0.6804705882352942,36.54709041843405,1.0151271394884778,0.07890199471602975,38.81091023931877,0.9934742327885902,0.6648049634631954,0.9264032511536744,-0.07359506583570757,-6.811186936623036e-08,-0.0025195741716816933,-0.0076283298408597044,,,0.16484075866631337,,,0.07104286187504771,,0.24956756777991954,0.24957995445973488,0.0940109785417006,0.057471664683187824,0.12476477358518064
13183,,0,no residential sales in 2025,,,,,,,,,,,,,,,,,,,,,,,,,
13185,,0,no residential sales in 2025,,,,,,,,,,,,,,,,,,,,,,,,,
13187,,0,no residential sales in 2025,,,,,,,,,,,,,,,,,,,,,,,,,
13189,,0,no residential sales in 2025,,,,,,,,,,,,,,,,,,,,,,,,,
13191,,0,no residential sales in 2025,,,,,,,,,,,,,,,,,,,,,,,,,
13193,,0,no residential sales in 2025,,,,,,,,,,,,,,,,,,,,,,,,,
13195,,0,no residential sales in 2025,,,,,,,,,,,,,,,,,,,,,,,,,
13197,,0,no residential sales in 2025,,,,,,,,,,,,,,,,,,,,,,,,,
13199,,0,no residential sales in 2025,,,,,,,,,,,,,,,,,,,,,,,,,
13201,,0,no residential sales in 2025,,,,,,,,,,,,,,,,,,,,,,,,,
13205,,0,no residential sales in 2025,,,,,,,,,,,,,,,,,,,,,,,,,
13207,,0,no residential sales in 2025,,,,,,,,,,,,,,,,,,,,,,,,,
13209,,0,no residential sales in 2025,,,,,,,,,,,,,,,,,,,,,,,,,
13211,,0,no residential sales in 2025,,,,,,,,,,,,,,,,,,,,,,,,,
13213,,0,no residential sales in 2025,,,,,,,,,,,,,,,,,,,,,,,,,
13215,GA,2199,ok,acceptable (VEI significance <= 10),0.8705106382978723,19.799413079834707,1.0325059980622848,-0.030966661479379428,-18.213659074060494,0.9693115787556855,0.8005598389122062,0.9031592021013458,-0.09684051783121594,-1.728037452115656e-07,-0.010678455091889472,-0.007006043567039377,,0.21859537081492234,0.17344090998134956,0.18344166145554913,0.23451579891657018,0.11446458866999465,,0.2024451414783008,0.20244414184639514,0.15300892323615792,0.11261837902668854,0.09283729395925877
13217,,0,no residential sales in 2025,,,,,,,,,,,,,,,,,,,,,,,,,
13219,,0,no residential sales in 2025,,,,,,,,,,,,,,,,,,,,,,,,,
13221,,0,no residential sales in 2025,,,,,,,,,,,,,,,,,,,,,,,,,
13223,,0,no residential sales in 2025,,,,,,,,,,,,,,,,,,,,,,,,,
13225,,0,no residential sales in 2025,,,,,,,,,,,,,,,,,,,,,,,,,
13227,,0,no residential sales in 2025,,,,,,,,,,,,,,,,,,,,,,,,,
13229,,0,no residential sales in 2025,,,,,,,,,,,,,,,,,,,,,,,,,
13231,,0,no residential sales in 2025,,,,,,,,,,,,,,,,,,,,,,,,,
13233,,0,no residential sales in 2025,,,,,,,,,,,,,,,,,,,,,,,,,
13235,,0,no residential sales in 2025,,,,,,,,,,,,,,,,,,,,,,,,,
13237,,0,no residential sales in 2025,,,,,,,,,,,,,,,,,,,,,,,,,
13239,,0,no residential sales in 2025,,,,,,,,,,,,,,,,,,,,,,,,,
13241,,0,no residential sales in 2025,,,,,,,,,,,,,,,,,,,,,,,,,
13243,,0,no residential sales in 2025,,,,,,,,,,,,,,,,,,,,,,,,,
13245,GA,1897,ok,acceptable (VEI within +/-10),0.9513023255813954,22.871734337566192,1.067369551789201,-0.04572330507949161,-6.6962652283701924,0.866745743406432,0.7650834966001987,0.8635289185175519,-0.13646985306658274,-4.572651451517584e-07,-0.04532512232728925,-0.04686973005073769,,0.24191165767319653,0.23754985770255294,0.2253828514527122,0.1415984808296399,0.23850602156294448,,0.24669489784495513,0.24669372140693932,0.2032517814900683,0.2301267998306769,0.21019288209208514
13247,,0,no residential sales in 2025,,,,,,,,,,,,,,,,,,,,,,,,,
13249,,0,no residential sales in 2025,,,,,,,,,,,,,,,,,,,,,,,,,
13251,,0,no residential sales in 2025,,,,,,,,,,,,,,,,,,,,,,,,,
13253,,0,no residential sales in 2025,,,,,,,,,,,,,,,,,,,,,,,,,
13255,,0,no residential sales in 2025,,,,,,,,,,,,,,,,,,,,,,,,,
13257,,0,no residential sales in 2025,,,,,,,,,,,,,,,,,,,,,,,,,
13259,,0,no residential sales in 2025,,,,,,,,,,,,,,,,,,,,,,,,,
13261,,0,no residential sales in 2025,,,,,,,,,,,,,,,,,,,,,,,,,
13263,,0,no residential sales in 2025,,,,,,,,,,,,,,,,,,,,,,,,,
13265,,0,no residential sales in 2025,,,,,,,,,,,,,,,,,,,,,,,,,
13267,,0,no residential sales in 2025,,,,,,,,,,,,,,,,,,,,,,,,,
13269,,0,no residential sales in 2025,,,,,,,,,,,,,,,,,,,,,,,,,
13271,,0,no residential sales in 2025,,,,,,,,,,,,,,,,,,,,,,,,,
13273,,0,no residential sales in 2025,,,,,,,,,,,,,,,,,,,,,,,,,
13275,,0,no residential sales in 2025,,,,,,,,,,,,,,,,,,,,,,,,,
13277,,0,no residential sales in 2025,,,,,,,,,,,,,,,,,,,,,,,,,
13279,,0,no residential sales in 2025,,,,,,,,,,,,,,,,,,,,,,,,,
13281,,0,no residential sales in 2025,,,,,,,,,,,,,,,,,,,,,,,,,
13283,,0,no residential sales in 2025,,,,,,,,,,,,,,,,,,,,,,,,,
13285,,0,no residential sales in 2025,,,,,,,,,,,,,,,,,,,,,,,,,
13287,,0,no residential sales in 2025,,,,,,,,,,,,,,,,,,,,,,,,,
13289,,0,no residential sales in 2025,,,,,,,,,,,,,,,,,,,,,,,,,
13291,,0,no residential sales in 2025,,,,,,,,,,,,,,,,,,,,,,,,,
13293,,0,no residential sales in 2025,,,,,,,,,,,,,,,,,,,,,,,,,
13295,,0,no residential sales in 2025,,,,,,,,,,,,,,,,,,,,,,,,,
13297,,0,no residential sales in 2025,,,,,,,,,,,,,,,,,,,,,,,,,
13299,,0,no residential sales in 2025,,,,,,,,,,,,,,,,,,,,,,,,,
13301,,0,no residential sales in 2025,,,,,,,,,,,,,,,,,,,,,,,,,
13303,,0,no residential sales in 2025,,,,,,,,,,,,,,,,,,,,,,,,,
13305,,0,no residential sales in 2025,,,,,,,,,,,,,,,,,,,,,,,,,
13307,,0,no residential sales in 2025,,,,,,,,,,,,,,,,,,,,,,,,,
13309,,0,no residential sales in 2025,,,,,,,,,,,,,,,,,,,,,,,,,
13311,GA,330,ok,UNACCEPTABLE progressivity,0.8067599052880821,28.86942323766134,0.9827376348979497,0.09751591653066433,54.12497627707123,1.0975012516949445,0.8416121379084859,1.0697166809523713,0.06971944295333461,7.004975487196607e-08,0.03200856073505043,0.031948171593745966,,,,,,,0.21948474534250068,,,,,
13313,,0,no residential sales in 2025,,,,,,,,,,,,,,,,,,,,,,,,,
13315,,0,no residential sales in 2025,,,,,,,,,,,,,,,,,,,,,,,,,
13317,,0,no residential sales in 2025,,,,,,,,,,,,,,,,,,,,,,,,,
13319,,0,no residential sales in 2025,,,,,,,,,,,,,,,,,,,,,,,,,
13321,,0,no residential sales in 2025,,,,,,,,,,,,,,,,,,,,,,,,,
15001,HI,1781,ok,acceptable (VEI within +/-10),0.87078125,17.869317785180336,1.0478391765263242,-0.002650492807027435,7.096069471865047,0.936047845218407,0.6940039035401618,0.9599509063621056,-0.04004850497555572,-2.1101407676486657e-08,-0.02872528656346618,-0.03738372493418818,,0.20219737608212623,0.20353702748493782,0.061246628778101025,,0.20128616495846643,,0.15140911055871023,0.15140860382789295,0.15292955776992168,0.20095796440844846,0.22858354204530432
15003,HI,6206,ok,UNACCEPTABLE regressivity,0.995491298278269,12.488662352063795,1.0511829967766033,-0.041320797489099066,-13.524342267271553,0.8851544175123848,0.7431425869166227,0.904042602242687,-0.09595707977187348,-5.619140573645501e-08,-0.04167155490539165,-0.04891961716433735,0.18409632655393113,0.14891884962950774,0.2126579529267441,0.19168184976301283,0.20489880757252038,0.21532234332602987,,0.1839463344178599,0.18394615009031995,0.1752358666567852,0.21751621952623112,0.22879338761872373
15007,HI,751,ok,UNACCEPTABLE regressivity,0.8193714285714285,35.87940746370872,1.6838486292831698,-0.2302954011077872,-109.3118373594697,0.3598270802606413,0.23215511875827183,0.03403464152409571,-0.9659649896825909,-8.794576181271684e-08,-0.31574371726862127,-0.39338378378639716,,,,,,,,,,,,
15009,HI,1312,ok,acceptable (confidence intervals overlap),1.0,21.681805482452194,1.0750462037058155,-0.03352829236248795,-11.07200973213438,0.874596658152292,0.7849142167702454,0.8789030850805118,-0.12109680005720676,-4.517226756755999e-08,-0.05135551629484336,-0.05533358432477864,0.0,0.23652232696682793,0.24093099195661305,0.2080744629331596,0.1925530052538045,0.24793302993021785,,0.24075805128606745,0.24075795917368573,0.2157328207017716,0.246754515394744,
16001,ID,6649,ok,UNACCEPTABLE progressivity,0.8310684969303994,25.925370970111466,1.0337748101449893,0.13206698075908557,61.86173611307169,0.8171940307921698,0.6371402214440356,0.8027015814564126,-0.1972978006289844,-1.554604530456144e-07,-0.043771936576417536,-0.04198967695485023,,,0.17488630983353845,,,0.22688309463699502,,,,0.15460880673792185,0.2001441071898549,0.19129433215683436
16003,ID,26,skipped (fewer than 100 sales),,,,,,,,,,,,,,,,,,,,,,,,,
16005,ID,823,ok,acceptable (VEI within +/-10),0.8517821580979476,17.934009283473582,1.0202606005124548,0.024646288767265944,5.195412196419171,0.8815782787758427,0.7350445098983944,0.8894764124604783,-0.11052269247343986,-2.370836546593926e-07,-0.026326032859620874,-0.02550190525364604,,0.20856373846171877,0.13575525462570914,,,0.15402468930034535,0.240254528486241,0.1537555554606971,0.15375478497305053,0.12349514226656078,0.14168735488004042,0.1382965094827028
16007,ID,63,skipped (fewer than 100 sales),,,,,,,,,,,,,,,,,,,,,,,,,
16009,ID,72,skipped (fewer than 100 sales),,,,,,,,,,,,,,,,,,,,,,,,,
16011,ID,316,ok,acceptable (VEI within +/-10),0.7772625208665888,20.558692411795416,1.0269922179803246,0.04073099969256392,9.4895138426801,0.8263861079209724,0.5983647660069867,0.8621539103635318,-0.13784472938064624,-3.10789989827011e-07,-0.03719329232967028,-0.04006047687247216,,0.22153640052545237,0.16345812062045045,,,0.17866177393539495,,0.16945340068767295,0.169452782676603,0.12896450191077147,0.17167743420222703,0.17343642389523156
16013,,0,no residential sales in 2025,,,,,,,,,,,,,,,,,,,,,,,,,
16015,,0,no residential sales in 2025,,,,,,,,,,,,,,,,,,,,,,,,,
16017,ID,471,ok,acceptable (confidence intervals overlap),0.9025579204716078,27.026104576056717,1.0430488158565614,0.04582893867211112,10.717163198975895,0.8702705349867781,0.8228385117886873,0.8614959370695343,-0.13850078000490187,-9.979617629637756e-08,-0.04086746077038805,-0.039182083314725835,,,0.21692865049003499,,,0.2186419927667881,0.24889482879291128,0.22625948192475218,0.22625641852585998,0.19745180452076244,0.20252142245471802,0.2035858519857162
16019,ID,1125,ok,acceptable (VEI significance <= 10),1.0917114214106696,16.783603157898767,1.0350332503281776,-0.04502389219677175,-13.987579229821844,0.799628405743091,1.0419500344535368,0.7928746986888152,-0.20712550179354985,-4.736545058609389e-08,-0.048115372907021836,-0.04756478075950832,,0.19480497141577643,0.1844421494433679,0.1239764551031166,0.16443888721451064,0.19954568044445045,0.05275534775656452,0.17626526870006531,0.17626526486883826,0.1813307655563125,0.19574728795612917,0.1981969149236705
16021,ID,99,skipped (fewer than 100 sales),,,,,,,,,,,,,,,,,,,,,,,,,
16023,ID,22,skipped (fewer than 100 sales),,,,,,,,,,,,,,,,,,,,,,,,,
16025,ID,21,skipped (fewer than 100 sales),,,,,,,,,,,,,,,,,,,,,,,,,
16027,ID,4332,ok,UNACCEPTABLE progressivity,0.7644409796279219,44.79795240801161,1.1408799414130388,0.21939254490822266,63.86437959472016,0.42621123041017156,0.15238040455220425,0.3387241109256542,-0.6612744581209632,-1.2558230367385233e-07,-0.15410344032361212,-0.1525585313362916,,,,,,,,,,0.1604547151373338,,
16029,ID,54,skipped (fewer than 100 sales),,,,,,,,,,,,,,,,,,,,,,,,,
16031,,0,no residential sales in 2025,,,,,,,,,,,,,,,,,,,,,,,,,
16035,ID,70,skipped (fewer than 100 sales),,,,,,,,,,,,,,,,,,,,,,,,,
16037,,0,no residential sales in 2025,,,,,,,,,,,,,,,,,,,,,,,,,
16039,,0,no residential sales in 2025,,,,,,,,,,,,,,,,,,,,,,,,,
16041,ID,96,skipped (fewer than 100 sales),,,,,,,,,,,,,,,,,,,,,,,,,
16043,ID,153,ok,acceptable (confidence intervals overlap),0.7364357947269922,27.826747434590825,1.0544904017741974,0.04699326156765096,10.186430422577027,0.9021731485470823,0.5117188215020595,0.9223984119004608,-0.0775997284351541,-1.04382467660463e-07,-0.03777782378473571,-0.05472416827809945,,,0.20549226955166075,,,,,0.2099026883439305,0.20991421721343678,0.1311165068920489,,
16045,ID,206,ok,acceptable (VEI significance <= 10),0.8585298362120306,32.506377572425926,1.0603314650751352,0.1706765339189434,42.95118636260999,0.6631817805424548,0.47973043011410066,0.5681177267469264,-0.4318822170922937,-5.276423786418586e-07,-0.07620312087597103,-0.07485494721010233,,,0.22123626145132663,,,,,,,0.24182216131024456,,
16047,ID,101,ok,acceptable (VEI within +/-10),0.8521687226422603,22.967492761827344,1.043781977212417,0.02083509644438202,5.042477124152302,0.7249722976718598,0.6397453452245596,0.6665386473501305,-0.3334613783681098,-5.559058169353853e-07,-0.05945552366208151,-0.0576385215999371,,0.24981741965518953,0.1804732399967195,,,0.2339445807823296,,,,0.17921668995709022,0.210281681248572,0.21245337537305278
16049,ID,110,ok,acceptable (VEI within +/-10),0.8250813062273963,30.161078772062478,1.0817791879334888,-0.048315391973858444,-6.272333753120713,0.7233287416010132,0.5567918453871488,0.7375264793447319,-0.26247288779413586,-5.899672356084582e-07,-0.07933219159312177,-0.08566031116871242,,,0.23209793333917095,0.1756617095433931,0.11961611745653059,,,,,0.22316354312938827,,
16051,,0,no residential sales in 2025,,,,,,,,,,,,,,,,,,,,,,,,,
16053,ID,179,ok,acceptable (VEI within +/-10),0.7741735290607471,23.310421770488507,1.0587657742858074,0.051564547739862014,3.5034722096275117,0.7648004533080176,0.4269957842469659,0.8033095546849648,-0.19668953386644722,-1.3136647882623098e-07,-0.061853587648383224,-0.06754761504092777,,0.2461270604020317,0.22359982011848267,,,,,0.23192341935572294,0.2319227202943394,0.09838100916844614,0.23005076115031076,0.24286928772786795
16055,ID,2012,ok,UNACCEPTABLE progressivity,0.8677869545679235,23.257127633399957,1.018908048949278,0.07983105279962076,49.43182912991307,0.9169421132504129,0.8909332572906795,0.904295148201344,-0.0957044711035914,-2.8854668737192083e-08,-0.023851165947636144,-0.01879142209933815,,0.24319939387066278,0.13035607926264445,,,0.15059606424804894,0.24160107616655696,0.17358693860275098,0.1735866646394722,0.14838445855377172,0.13720342331673033,0.130928768132779
16057,,0,no residential sales in 2025,,,,,,,,,,,,,,,,,,,,,,,,,
16059,ID,75,skipped (fewer than 100 sales),,,,,,,,,,,,,,,,,,,,,,,,,
16061,ID,24,skipped (fewer than 100 sales),,,,,,,,,,,,,,,,,,,,,,,,,
16063,ID,36,skipped (fewer than 100 sales),,,,,,,,,,,,,,,,,,,,,,,,,
16065,ID,213,ok,UNACCEPTABLE regressivity,0.8263174251500007,17.136103367085497,1.04847285266366,-0.12532899215820173,-24.87088218683427,0.6972371800356805,0.573752390922093,0.7376170181468694,-0.26238215937488796,-5.274295838802485e-07,-0.06741755344004541,-0.06889541259801302,,0.21837908323804173,0.20537417225608526,0.20352452367414484,0.24461177998054037,0.22039463631113632,,0.21952953674007802,0.21952976688110162,0.16677354783350792,0.21888174669567134,0.21866737603932238
16067,ID,165,ok,acceptable (VEI significance <= 10),0.8192438166160477,22.219327842417087,1.0285040881403162,0.08926131926391237,17.762518122782147,0.8758063382795982,0.570104691926541,0.9240528525550106,-0.07594581473316041,-2.414469148257003e-07,-0.028604233867868256,-0.03535584789010571,,0.2423763334453814,0.16503413310745096,,,0.1622759730347453,,0.14391588583022547,0.1439127021136442,0.10582992262968242,0.15154989937578928,0.16325976383457977
16069,ID,354,ok,acceptable (VEI within +/-10),0.8899940610592452,20.566504701208885,1.0407668317443688,0.010299423823279068,4.402791903973949,0.7476573576369526,0.5748243055246692,0.791350544258531,-0.20864888322674158,-2.971873647717406e-07,-0.055780454796747536,-0.05770427498202113,,0.2188885671285684,0.18089615348338794,,,0.20216710327978915,,0.17800502842531782,0.1780046168177711,0.14755966850871408,0.20893831157544723,0.2193410565416721
16071,ID,45,skipped (fewer than 100 sales),,,,,,,,,,,,,,,,,,,,,,,,,
16073,,0,no residential sales in 2025,,,,,,,,,,,,,,,,,,,,,,,,,
16075,ID,263,ok,acceptable (VEI significance <= 10),0.9298305029815919,18.523482542951943,1.049285326278827,-0.08557453895230864,-15.016680085428302,0.7451436882250826,0.6446783385469878,0.7301826289613982,-0.2698172399525483,-4.6382711348098644e-07,-0.06150955255085577,-0.06188953702502431,,0.22067204870697035,0.2167794089995301,0.17304907473128456,0.2075925191920749,0.22136701874724266,,0.22088726758228347,0.22088715005300522,0.18146512760135944,0.21290957738478983,0.2195714583588154
16077,,0,no residential sales in 2025,,,,,,,,,,,,,,,,,,,,,,,,,
16079,ID,0,no residential sales in 2025,,,,,,,,,,,,,,,,,,,,,,,,,
16081,ID,78,skipped (fewer than 100 sales),,,,,,,,,,,,,,,,,,,,,,,,,
16083,ID,979,ok,acceptable (VEI within +/-10),0.8201840808918849,18.371860204568673,1.0204666185160294,0.02410496380951457,2.4461755948295876,0.9132344448430121,0.8806005837432616,0.9020519822799157,-0.0979475261616549,-4.3647283095998e-08,-0.023912023132000693,-0.0233660565851892,,0.21439045409965332,0.14477743115622543,,,0.1490689961027247,0.1882880824341553,0.15693995095066662,0.1569409385775951,0.13480702979477144,0.1634360133860471,0.16898619694992909
16085,ID,244,ok,acceptable (VEI significance <= 10),0.9096113846563311,23.961760089009516,1.0132797682685648,0.04384628832672827,18.111040582966403,0.9781124107212612,0.946379699382978,0.9533625005376312,-0.0466374875276808,-2.432217102271118e-08,-0.0074950807684242005,-0.0027173969877023474,,,0.14113324165674102,,,0.08237835168674107,0.17352973179934383,0.13227662767314605,0.1322763917190442,0.12059322020229436,0.07351612137266415,0.04688488490240415
16087,ID,99,skipped (fewer than 100 sales),,,,,,,,,,,,,,,,,,,,,,,,,
17001,,0,no residential sales in 2025,,,,,,,,,,,,,,,,,,,,,,,,,
17005,,0,no residential sales in 2025,,,,,,,,,,,,,,,,,,,,,,,,,
17007,,0,no residential sales in 2025,,,,,,,,,,,,,,,,,,,,,,,,,
17009,,0,no residential sales in 2025,,,,,,,,,,,,,,,,,,,,,,,,,
17011,,0,no residential sales in 2025,,,,,,,,,,,,,,,,,,,,,,,,,
17015,,0,no residential sales in 2025,,,,,,,,,,,,,,,,,,,,,,,,,
17017,,0,no residential sales in 2025,,,,,,,,,,,,,,,,,,,,,,,,,
17019,,0,no residential sales in 2025,,,,,,,,,,,,,,,,,,,,,,,,,
17021,,0,no residential sales in 2025,,,,,,,,,,,,,,,,,,,,,,,,,
17023,,0,no residential sales in 2025,,,,,,,,,,,,,,,,,,,,,,,,,
17025,,0,no residential sales in 2025,,,,,,,,,,,,,,,,,,,,,,,,,
17027,,0,no residential sales in 2025,,,,,,,,,,,,,,,,,,,,,,,,,
17029,,0,no residential sales in 2025,,,,,,,,,,,,,,,,,,,,,,,,,
17031,,0,no residential sales in 2025,,,,,,,,,,,,,,,,,,,,,,,,,
17033,,0,no residential sales in 2025,,,,,,,,,,,,,,,,,,,,,,,,,
17035,,0,no residential sales in 2025,,,,,,,,,,,,,,,,,,,,,,,,,
17037,,0,no residential sales in 2025,,,,,,,,,,,,,,,,,,,,,,,,,
17039,,0,no residential sales in 2025,,,,,,,,,,,,,,,,,,,,,,,,,
17041,,0,no residential sales in 2025,,,,,,,,,,,,,,,,,,,,,,,,,
17043,,0,no residential sales in 2025,,,,,,,,,,,,,,,,,,,,,,,,,
17045,,0,no residential sales in 2025,,,,,,,,,,,,,,,,,,,,,,,,,
17047,,0,no residential sales in 2025,,,,,,,,,,,,,,,,,,,,,,,,,
17049,,0,no residential sales in 2025,,,,,,,,,,,,,,,,,,,,,,,,,
17051,,0,no residential sales in 2025,,,,,,,,,,,,,,,,,,,,,,,,,
17053,,0,no residential sales in 2025,,,,,,,,,,,,,,,,,,,,,,,,,
17055,,0,no residential sales in 2025,,,,,,,,,,,,,,,,,,,,,,,,,
17057,,0,no residential sales in 2025,,,,,,,,,,,,,,,,,,,,,,,,,
17059,,0,no residential sales in 2025,,,,,,,,,,,,,,,,,,,,,,,,,
17063,,0,no residential sales in 2025,,,,,,,,,,,,,,,,,,,,,,,,,
17065,,0,no residential sales in 2025,,,,,,,,,,,,,,,,,,,,,,,,,
17067,,0,no residential sales in 2025,,,,,,,,,,,,,,,,,,,,,,,,,
17069,,0,no residential sales in 2025,,,,,,,,,,,,,,,,,,,,,,,,,
17071,,0,no residential sales in 2025,,,,,,,,,,,,,,,,,,,,,,,,,
17073,,0,no residential sales in 2025,,,,,,,,,,,,,,,,,,,,,,,,,
17075,,0,no residential sales in 2025,,,,,,,,,,,,,,,,,,,,,,,,,
17077,,0,no residential sales in 2025,,,,,,,,,,,,,,,,,,,,,,,,,
17079,,0,no residential sales in 2025,,,,,,,,,,,,,,,,,,,,,,,,,
17081,,0,no residential sales in 2025,,,,,,,,,,,,,,,,,,,,,,,,,
17083,,0,no residential sales in 2025,,,,,,,,,,,,,,,,,,,,,,,,,
17085,,0,no residential sales in 2025,,,,,,,,,,,,,,,,,,,,,,,,,
17087,,0,no residential sales in 2025,,,,,,,,,,,,,,,,,,,,,,,,,
17089,,0,no residential sales in 2025,,,,,,,,,,,,,,,,,,,,,,,,,
17091,,0,no residential sales in 2025,,,,,,,,,,,,,,,,,,,,,,,,,
17093,,0,no residential sales in 2025,,,,,,,,,,,,,,,,,,,,,,,,,
17095,,0,no residential sales in 2025,,,,,,,,,,,,,,,,,,,,,,,,,
17097,,0,no residential sales in 2025,,,,,,,,,,,,,,,,,,,,,,,,,
17099,,0,no residential sales in 2025,,,,,,,,,,,,,,,,,,,,,,,,,
17101,,0,no residential sales in 2025,,,,,,,,,,,,,,,,,,,,,,,,,
17103,,0,no residential sales in 2025,,,,,,,,,,,,,,,,,,,,,,,,,
17105,,0,no residential sales in 2025,,,,,,,,,,,,,,,,,,,,,,,,,
17107,,0,no residential sales in 2025,,,,,,,,,,,,,,,,,,,,,,,,,
17109,,0,no residential sales in 2025,,,,,,,,,,,,,,,,,,,,,,,,,
17111,,0,no residential sales in 2025,,,,,,,,,,,,,,,,,,,,,,,,,
17113,,0,no residential sales in 2025,,,,,,,,,,,,,,,,,,,,,,,,,
17115,,0,no residential sales in 2025,,,,,,,,,,,,,,,,,,,,,,,,,
17117,,0,no residential sales in 2025,,,,,,,,,,,,,,,,,,,,,,,,,
17119,,0,no residential sales in 2025,,,,,,,,,,,,,,,,,,,,,,,,,
17121,,0,no residential sales in 2025,,,,,,,,,,,,,,,,,,,,,,,,,
17123,,0,no residential sales in 2025,,,,,,,,,,,,,,,,,,,,,,,,,
17125,,0,no residential sales in 2025,,,,,,,,,,,,,,,,,,,,,,,,,
17127,,0,no residential sales in 2025,,,,,,,,,,,,,,,,,,,,,,,,,
17129,,0,no residential sales in 2025,,,,,,,,,,,,,,,,,,,,,,,,,
17131,,0,no residential sales in 2025,,,,,,,,,,,,,,,,,,,,,,,,,
17133,,0,no residential sales in 2025,,,,,,,,,,,,,,,,,,,,,,,,,
17135,,0,no residential sales in 2025,,,,,,,,,,,,,,,,,,,,,,,,,
17137,,0,no residential sales in 2025,,,,,,,,,,,,,,,,,,,,,,,,,
17139,,0,no residential sales in 2025,,,,,,,,,,,,,,,,,,,,,,,,,
17141,,0,no residential sales in 2025,,,,,,,,,,,,,,,,,,,,,,,,,
17143,,0,no residential sales in 2025,,,,,,,,,,,,,,,,,,,,,,,,,
17145,,0,no residential sales in 2025,,,,,,,,,,,,,,,,,,,,,,,,,
17147,,0,no residential sales in 2025,,,,,,,,,,,,,,,,,,,,,,,,,
17149,,0,no residential sales in 2025,,,,,,,,,,,,,,,,,,,,,,,,,
17151,,0,no residential sales in 2025,,,,,,,,,,,,,,,,,,,,,,,,,
17157,,0,no residential sales in 2025,,,,,,,,,,,,,,,,,,,,,,,,,
17161,,0,no residential sales in 2025,,,,,,,,,,,,,,,,,,,,,,,,,
17163,,0,no residential sales in 2025,,,,,,,,,,,,,,,,,,,,,,,,,
17165,,0,no residential sales in 2025,,,,,,,,,,,,,,,,,,,,,,,,,
17167,,0,no residential sales in 2025,,,,,,,,,,,,,,,,,,,,,,,,,
17169,,0,no residential sales in 2025,,,,,,,,,,,,,,,,,,,,,,,,,
17171,,0,no residential sales in 2025,,,,,,,,,,,,,,,,,,,,,,,,,
17173,,0,no residential sales in 2025,,,,,,,,,,,,,,,,,,,,,,,,,
17175,,0,no residential sales in 2025,,,,,,,,,,,,,,,,,,,,,,,,,
17177,,0,no residential sales in 2025,,,,,,,,,,,,,,,,,,,,,,,,,
17179,,0,no residential sales in 2025,,,,,,,,,,,,,,,,,,,,,,,,,
17181,,0,no residential sales in 2025,,,,,,,,,,,,,,,,,,,,,,,,,
17183,,0,no residential sales in 2025,,,,,,,,,,,,,,,,,,,,,,,,,
17185,,0,no residential sales in 2025,,,,,,,,,,,,,,,,,,,,,,,,,
17187,,0,no residential sales in 2025,,,,,,,,,,,,,,,,,,,,,,,,,
17189,,0,no residential sales in 2025,,,,,,,,,,,,,,,,,,,,,,,,,
17191,,0,no residential sales in 2025,,,,,,,,,,,,,,,,,,,,,,,,,
17193,,0,no residential sales in 2025,,,,,,,,,,,,,,,,,,,,,,,,,
17195,,0,no residential sales in 2025,,,,,,,,,,,,,,,,,,,,,,,,,
17197,,0,no residential sales in 2025,,,,,,,,,,,,,,,,,,,,,,,,,
17199,,0,no residential sales in 2025,,,,,,,,,,,,,,,,,,,,,,,,,
17201,,0,no residential sales in 2025,,,,,,,,,,,,,,,,,,,,,,,,,
17203,,0,no residential sales in 2025,,,,,,,,,,,,,,,,,,,,,,,,,
18001,,0,no residential sales in 2025,,,,,,,,,,,,,,,,,,,,,,,,,
18003,,0,no residential sales in 2025,,,,,,,,,,,,,,,,,,,,,,,,,
18005,,0,no residential sales in 2025,,,,,,,,,,,,,,,,,,,,,,,,,
18007,,0,no residential sales in 2025,,,,,,,,,,,,,,,,,,,,,,,,,
18009,,0,no residential sales in 2025,,,,,,,,,,,,,,,,,,,,,,,,,
18011,,0,no residential sales in 2025,,,,,,,,,,,,,,,,,,,,,,,,,
18013,,0,no residential sales in 2025,,,,,,,,,,,,,,,,,,,,,,,,,
18015,,0,no residential sales in 2025,,,,,,,,,,,,,,,,,,,,,,,,,
18017,,0,no residential sales in 2025,,,,,,,,,,,,,,,,,,,,,,,,,
18019,,0,no residential sales in 2025,,,,,,,,,,,,,,,,,,,,,,,,,
18021,,0,no residential sales in 2025,,,,,,,,,,,,,,,,,,,,,,,,,
18023,,0,no residential sales in 2025,,,,,,,,,,,,,,,,,,,,,,,,,
18025,,0,no residential sales in 2025,,,,,,,,,,,,,,,,,,,,,,,,,
18027,,0,no residential sales in 2025,,,,,,,,,,,,,,,,,,,,,,,,,
18029,,0,no residential sales in 2025,,,,,,,,,,,,,,,,,,,,,,,,,
18031,,0,no residential sales in 2025,,,,,,,,,,,,,,,,,,,,,,,,,
18033,,0,no residential sales in 2025,,,,,,,,,,,,,,,,,,,,,,,,,
18035,,0,no residential sales in 2025,,,,,,,,,,,,,,,,,,,,,,,,,
18037,,0,no residential sales in 2025,,,,,,,,,,,,,,,,,,,,,,,,,
18039,,0,no residential sales in 2025,,,,,,,,,,,,,,,,,,,,,,,,,
18041,,0,no residential sales in 2025,,,,,,,,,,,,,,,,,,,,,,,,,
18043,,0,no residential sales in 2025,,,,,,,,,,,,,,,,,,,,,,,,,
18045,,0,no residential sales in 2025,,,,,,,,,,,,,,,,,,,,,,,,,
18047,,0,no residential sales in 2025,,,,,,,,,,,,,,,,,,,,,,,,,
18049,,0,no residential sales in 2025,,,,,,,,,,,,,,,,,,,,,,,,,
18051,,0,no residential sales in 2025,,,,,,,,,,,,,,,,,,,,,,,,,
18053,,0,no residential sales in 2025,,,,,,,,,,,,,,,,,,,,,,,,,
18055,,0,no residential sales in 2025,,,,,,,,,,,,,,,,,,,,,,,,,
18057,,0,no residential sales in 2025,,,,,,,,,,,,,,,,,,,,,,,,,
18059,,0,no residential sales in 2025,,,,,,,,,,,,,,,,,,,,,,,,,
18061,,0,no residential sales in 2025,,,,,,,,,,,,,,,,,,,,,,,,,
18063,,0,no residential sales in 2025,,,,,,,,,,,,,,,,,,,,,,,,,
18065,,0,no residential sales in 2025,,,,,,,,,,,,,,,,,,,,,,,,,
18067,,0,no residential sales in 2025,,,,,,,,,,,,,,,,,,,,,,,,,
18069,,0,no residential sales in 2025,,,,,,,,,,,,,,,,,,,,,,,,,
18071,,0,no residential sales in 2025,,,,,,,,,,,,,,,,,,,,,,,,,
18073,,0,no residential sales in 2025,,,,,,,,,,,,,,,,,,,,,,,,,
18075,,0,no residential sales in 2025,,,,,,,,,,,,,,,,,,,,,,,,,
18077,,0,no residential sales in 2025,,,,,,,,,,,,,,,,,,,,,,,,,
18079,,0,no residential sales in 2025,,,,,,,,,,,,,,,,,,,,,,,,,
18081,,0,no residential sales in 2025,,,,,,,,,,,,,,,,,,,,,,,,,
18083,,0,no residential sales in 2025,,,,,,,,,,,,,,,,,,,,,,,,,
18085,,0,no residential sales in 2025,,,,,,,,,,,,,,,,,,,,,,,,,
18087,,0,no residential sales in 2025,,,,,,,,,,,,,,,,,,,,,,,,,
18089,,0,no residential sales in 2025,,,,,,,,,,,,,,,,,,,,,,,,,
18091,,0,no residential sales in 2025,,,,,,,,,,,,,,,,,,,,,,,,,
18093,,0,no residential sales in 2025,,,,,,,,,,,,,,,,,,,,,,,,,
18095,,0,no residential sales in 2025,,,,,,,,,,,,,,,,,,,,,,,,,
18097,,0,no residential sales in 2025,,,,,,,,,,,,,,,,,,,,,,,,,
18099,,0,no residential sales in 2025,,,,,,,,,,,,,,,,,,,,,,,,,
18101,,0,no residential sales in 2025,,,,,,,,,,,,,,,,,,,,,,,,,
18103,,0,no residential sales in 2025,,,,,,,,,,,,,,,,,,,,,,,,,
18105,,0,no residential sales in 2025,,,,,,,,,,,,,,,,,,,,,,,,,
18107,,0,no residential sales in 2025,,,,,,,,,,,,,,,,,,,,,,,,,
18109,,0,no residential sales in 2025,,,,,,,,,,,,,,,,,,,,,,,,,
18111,,0,no residential sales in 2025,,,,,,,,,,,,,,,,,,,,,,,,,
18113,,0,no residential sales in 2025,,,,,,,,,,,,,,,,,,,,,,,,,
18115,,0,no residential sales in 2025,,,,,,,,,,,,,,,,,,,,,,,,,
18117,,0,no residential sales in 2025,,,,,,,,,,,,,,,,,,,,,,,,,
18119,,0,no residential sales in 2025,,,,,,,,,,,,,,,,,,,,,,,,,
18121,,0,no residential sales in 2025,,,,,,,,,,,,,,,,,,,,,,,,,
18123,,0,no residential sales in 2025,,,,,,,,,,,,,,,,,,,,,,,,,
18125,,0,no residential sales in 2025,,,,,,,,,,,,,,,,,,,,,,,,,
18127,,0,no residential sales in 2025,,,,,,,,,,,,,,,,,,,,,,,,,
18129,,0,no residential sales in 2025,,,,,,,,,,,,,,,,,,,,,,,,,
18131,,0,no residential sales in 2025,,,,,,,,,,,,,,,,,,,,,,,,,
18133,,0,no residential sales in 2025,,,,,,,,,,,,,,,,,,,,,,,,,
18135,,0,no residential sales in 2025,,,,,,,,,,,,,,,,,,,,,,,,,
18137,,0,no residential sales in 2025,,,,,,,,,,,,,,,,,,,,,,,,,
18139,,0,no residential sales in 2025,,,,,,,,,,,,,,,,,,,,,,,,,
18141,,0,no residential sales in 2025,,,,,,,,,,,,,,,,,,,,,,,,,
18143,,0,no residential sales in 2025,,,,,,,,,,,,,,,,,,,,,,,,,
18145,,0,no residential sales in 2025,,,,,,,,,,,,,,,,,,,,,,,,,
18147,,0,no residential sales in 2025,,,,,,,,,,,,,,,,,,,,,,,,,
18149,,0,no residential sales in 2025,,,,,,,,,,,,,,,,,,,,,,,,,
18151,,0,no residential sales in 2025,,,,,,,,,,,,,,,,,,,,,,,,,
18153,,0,no residential sales in 2025,,,,,,,,,,,,,,,,,,,,,,,,,
18155,,0,no residential sales in 2025,,,,,,,,,,,,,,,,,,,,,,,,,
18157,,0,no residential sales in 2025,,,,,,,,,,,,,,,,,,,,,,,,,
18159,,0,no residential sales in 2025,,,,,,,,,,,,,,,,,,,,,,,,,
18161,,0,no residential sales in 2025,,,,,,,,,,,,,,,,,,,,,,,,,
18163,,0,no residential sales in 2025,,,,,,,,,,,,,,,,,,,,,,,,,
18165,,0,no residential sales in 2025,,,,,,,,,,,,,,,,,,,,,,,,,
18167,,0,no residential sales in 2025,,,,,,,,,,,,,,,,,,,,,,,,,
18169,,0,no residential sales in 2025,,,,,,,,,,,,,,,,,,,,,,,,,
18171,,0,no residential sales in 2025,,,,,,,,,,,,,,,,,,,,,,,,,
18173,,0,no residential sales in 2025,,,,,,,,,,,,,,,,,,,,,,,,,
18175,,0,no residential sales in 2025,,,,,,,,,,,,,,,,,,,,,,,,,
18177,,0,no residential sales in 2025,,,,,,,,,,,,,,,,,,,,,,,,,
18179,,0,no residential sales in 2025,,,,,,,,,,,,,,,,,,,,,,,,,
18181,,0,no residential sales in 2025,,,,,,,,,,,,,,,,,,,,,,,,,
18183,,0,no residential sales in 2025,,,,,,,,,,,,,,,,,,,,,,,,,
19001,IA,87,skipped (fewer than 100 sales),,,,,,,,,,,,,,,,,,,,,,,,,
19003,,0,no residential sales in 2025,,,,,,,,,,,,,,,,,,,,,,,,,
19005,IA,200,ok,acceptable (confidence intervals overlap),0.8797777777777778,30.29160453464967,1.168610905566889,-0.08678695584923675,-11.216757198413735,0.6834821881585837,0.33453409374648,0.7167905985080024,-0.28320593130311195,-7.448783053728463e-07,-0.11838645154539207,-0.1389209871080308,,,,,0.21259065339826266,,,,,0.24289064520909925,,
19007,IA,428,ok,UNACCEPTABLE progressivity,0.6475833333333334,64.13160143267383,1.1296581628006508,0.06765371476695303,70.93878601498506,0.916943868582126,0.28280326065017986,0.8582807531523028,-0.1416233240546644,-2.019290346848074e-07,-0.047397130143837174,-0.10534829874990548,,,,,,,,,,0.18405761258469275,,
19009,IA,108,ok,acceptable (VEI significance <= 10),0.9312709401709401,24.695594682167343,1.2183599022762281,-0.08689971627510006,-33.76021541518955,0.640080037918401,0.21869710208042245,0.704458899446562,-0.2955301789919879,-8.84885446580629e-07,-0.1496243860252675,-0.1923179361880527,,,,,,,,,,0.20624337619455516,,
19011,IA,347,ok,acceptable (VEI within +/-10),0.9078688524590164,20.276244220014974,1.0601202204832227,-0.026220141323522135,-8.19905228159596,0.8577079993170009,0.6631427755156708,0.9096966820646418,-0.09029948052727266,-5.314052804553865e-07,-0.04772363465102791,-0.055782674590001635,,0.2163550505046604,0.21284956885794445,0.22071501839078103,0.13087404106077355,0.21185169010942154,,0.21255443949735087,0.21257466967787628,0.17273389871161787,0.21312325665545623,0.22826073117739856
19013,IA,1690,ok,acceptable (VEI within +/-10),0.9442987433982881,13.809772675753388,1.0234241802533204,-0.014604212073562373,-2.840936013573399,0.9383436940829665,0.850326930337429,0.9423236097972847,-0.05767558058785622,-2.3900728729647114e-07,-0.019704655916255698,-0.021793583334462463,,0.1631920591280142,0.1475721213742053,0.13664008946369455,0.11242338019652594,0.14795562694128134,0.2110421565661345,0.14942000729081548,0.14941955706296228,0.1459980859835813,0.14683410978743525,0.14979796001222134
19015,IA,336,ok,acceptable (VEI within +/-10),0.9828192601378902,19.156644423528356,1.0841090991285294,-0.06542236842316022,-6.778830799972902,0.7892998426375304,0.6784426395371312,0.8602336589414855,-0.13975972949585122,-4.3886142940862404e-07,-0.07189413711300241,-0.07747105345662764,0.21318156440937677,0.21496166366905745,0.23949566348328138,,0.1109298808188412,,,0.21480151522514945,0.21479556877858869,0.19932691318784918,,
19017,IA,288,ok,acceptable (VEI within +/-10),0.9595545454545454,10.87068444281842,1.0176935345170914,-0.029203193555653928,-5.207838991300255,0.9558283164724067,0.8989243422464317,0.9350319094060012,-0.06496869727010449,-2.402122713037086e-07,-0.012951405756410406,-0.013941355376194231,,0.12911212152816712,0.1303422104089867,0.17413047743090002,0.1472390725121013,0.10851307244950777,0.1322763289199561,0.15301692213271925,0.15301795109661254,0.12833207979729946,0.10712306210837176,0.09664747129965831
19019,IA,239,ok,acceptable (VEI within +/-10),0.9348,18.205353479964618,1.0533051020451596,-0.04974276765836904,-1.5342237519244195,0.8797178806696011,0.6874235385073463,0.8506244425210713,-0.1493747053836448,-5.23344569134339e-07,-0.03853974116777814,-0.04317094605266658,,0.21929523183187713,0.22155809329258738,0.2308259728906237,0.10925045266152962,0.19019966923204495,,0.21361079514962117,0.21361005070968367,0.1760656899212261,0.19724421869390538,0.22393769754475515
19021,IA,224,ok,acceptable (VEI within +/-10),0.9392975336476054,18.207843025310044,1.0425150560242127,-0.009590406904348559,6.089013993350686,0.9037434026196212,0.7606525141567216,0.9207234954744247,-0.07927385753333512,-3.703704995194504e-07,-0.03290950440801943,-0.04017884638785452,,0.20701817703041814,0.20081460534097517,0.10988202463550722,,0.17861268903980476,,0.18775817732621705,0.18775742957908118,0.18086255131554613,0.1755179314561217,0.20108830406862904
19023,,0,no residential sales in 2025,,,,,,,,,,,,,,,,,,,,,,,,,
19025,,0,no residential sales in 2025,,,,,,,,,,,,,,,,,,,,,,,,,
19027,IA,229,ok,acceptable (VEI within +/-10),0.9218,15.51494164328563,1.0338983794764636,-0.04336336592048227,-5.262637038113416,0.9250967400335879,0.8456174804464569,0.8995800775904891,-0.10042009197781168,-3.502288127515625e-07,-0.02431375269880065,-0.024072074620825834,,0.19866341148817218,0.16418856305992066,0.1636931910002956,0.13400468843294563,0.17702970028168724,0.1859925272977155,0.17561113317217328,0.17561143718790673,0.14178026831600293,0.1764097434190856,0.16952304379838082
19029,,0,no residential sales in 2025,,,,,,,,,,,,,,,,,,,,,,,,,
19031,,0,no residential sales in 2025,,,,,,,,,,,,,,,,,,,,,,,,,
19033,IA,683,ok,acceptable (VEI within +/-10),0.9411861313868614,13.379923792175097,1.0156123479154937,-0.002464798563206388,-3.8199012664375136,0.9819182313210001,0.8781824459908496,0.9725609641927782,-0.027438474637068062,-4.724127256934404e-08,-0.007415084308298736,-0.009352606909647232,,0.1590795724303113,0.1276095983389526,0.057765443356804905,0.10306282109101622,0.08936927075511772,0.2245793982722078,0.11632550593749506,0.11632449573430215,0.10194606045579234,0.08845382274776271,0.10278132581008871
19035,IA,167,ok,acceptable (VEI within +/-10),0.9554918032786885,23.933806102261165,1.1204319736119877,-0.047895055780816834,3.496982137809338,0.8056742811518544,0.5482822964960541,0.8377459675405659,-0.16225167471082108,-8.088562992730859e-07,-0.0775707900247049,-0.10239961062622305,,0.24905927867955713,,0.21755604189904357,,,,,,0.23754127824215068,,
19037,IA,166,ok,acceptable (VEI within +/-10),0.9516165336607325,25.33956383678518,1.1217884506129732,-0.03129263429704136,-8.355723273897313,0.7422547780519638,0.4433888512931223,0.8633338139748985,-0.13666320082755737,-7.479742934981488e-07,-0.094934098732671,-0.11624883657776053,,,,0.1998392350851289,0.1388768656944973,,,,,0.19510291036517988,,
19039,,0,no residential sales in 2025,,,,,,,,,,,,,,,,,,,,,,,,,
19041,IA,219,ok,acceptable (VEI within +/-10),0.9397122302158274,13.867896114379029,1.0212359924745058,-0.006143075623796205,1.752105191693661,0.9402981562807698,0.8144959602000538,0.9529727771678043,-0.04702613105706592,-2.4774323256697113e-07,-0.018679480515685354,-0.021241508873897308,,0.1641108280685095,0.1582932993692095,0.06356590192724423,0.04427642567515107,0.1402971689864366,0.2469984823802053,0.15979831339881365,0.15979401944440977,0.11932992929478492,0.15266330657441146,0.1557907045902246
19043,IA,236,ok,acceptable (VEI within +/-10),0.9187793069306931,21.778760532865284,1.1477260170653159,-0.08640394824447305,-7.952459856724559,0.7473494577992481,0.4690716737223086,0.7828901030149451,-0.2171071268448666,-5.715647846896785e-07,-0.10122212894382487,-0.1241618034098051,,0.24390898559712593,,0.22035345309082074,0.16107274103363037,,,,,0.21875624359576312,,
19045,IA,695,ok,UNACCEPTABLE regressivity,0.9259067357512953,21.202585135592116,1.0977174367397309,-0.07588769373356886,-26.017018109845257,0.8056382472559974,0.5735775184475586,0.8160788986851588,-0.18391951561071893,-7.191940303905606e-07,-0.07110856177119884,-0.08429304106574609,,0.23601834979424713,,0.24535116907041601,0.24928183912199756,,,,,0.22248500961780804,,
19047,IA,233,ok,UNACCEPTABLE progressivity,0.7913621262458472,47.530107104187806,1.6653375038959841,0.04251379787231817,74.19464485480472,0.5475163488641165,0.07312192289072714,0.7520604809361358,-0.2478858650815032,-2.40825166788705e-07,-0.27913478562822314,-0.4060940110479587,,,,,,,,,,0.12370556217517223,,
19049,,0,no residential sales in 2025,,,,,,,,,,,,,,,,,,,,,,,,,
19051,IA,139,ok,acceptable (VEI significance <= 10),0.7534272300469483,42.54355681841954,1.5202336526614375,-0.12803486001181993,-62.32898016476886,0.5325233063611763,0.12707723024301135,0.598087191083603,-0.4019049897381082,-6.272240031568045e-07,-0.2440451432496289,-0.33686043795368903,,,,,,,,,,0.22700478431129925,,
19053,,0,no residential sales in 2025,,,,,,,,,,,,,,,,,,,,,,,,,
19055,IA,243,ok,acceptable (VEI within +/-10),0.9018656716417911,16.568246878513886,1.0444595429609727,-0.0301783108838289,-1.4245897657360003,0.8810845709584837,0.719675798522316,0.8994628734533575,-0.10053627466540663,-3.1004636764008576e-07,-0.0394328348673183,-0.04679141255568986,,0.18894703136051727,0.19535128031888238,0.1989741138435362,0.04734522205325499,0.2191090018827447,,0.2208592536441717,0.22085847682080476,0.174389666322175,0.21930656386794936,0.1945830041650539
19057,IA,564,ok,acceptable (confidence intervals overlap),0.9175162337662337,17.272328467110103,1.0433008344329553,-0.033103946570818325,-10.963101424507949,0.93527337513625,0.7247311723411397,0.9129131954542409,-0.08708695334667119,-2.985950460506688e-07,-0.024145852847309524,-0.028495280879023976,,0.19799011785890666,0.1808513048286271,0.19861118334609307,0.19369560518346138,0.18896284162937088,,0.19085520850445245,0.1908560329267232,0.1568916214044601,0.1876664869129242,0.19661308729194965
19059,IA,493,ok,acceptable (VEI within +/-10),0.8899408284023669,15.033903766320375,0.9996089802829593,0.018396455587180463,4.119390877589107,1.002779666234432,0.8894350688959884,1.0040185998581865,0.004023461042442062,4.04085789576369e-10,0.0013176977737359152,0.0017846388734947816,,0.1786823036034332,0.024031093915626328,,,,0.2316794104756058,,,0.023281618096631974,,
19061,IA,1250,ok,acceptable (VEI within +/-10),0.9158380112269446,11.253179541534234,1.0112386220338956,-0.0023025099701199543,0.124436315653343,0.9609860912380425,0.8680019058691869,0.9604642623949884,-0.03953524543557738,-5.707005469252468e-08,-0.01136637185355549,-0.011056032221459677,,0.1354877415992991,0.11505259991484541,0.039530279048249045,,0.11424010511536449,0.23783348395015524,0.11723319136788381,0.11723392403933806,0.09759653146740592,0.11317840919861695,0.11081178508389196
19063,IA,136,ok,UNACCEPTABLE regressivity,0.9398596491228071,33.7599307382336,1.3520851139327998,-0.20316220626432233,-41.62718425952953,0.643802324569575,0.2749736370353847,0.6525621593202754,-0.34743261753927746,-9.747019050900415e-07,-0.17139780217551182,-0.21075065870445187,,,,,,,,,,0.22087558437144367,,
19065,IA,296,ok,UNACCEPTABLE regressivity,0.9301255663430421,30.834180642638565,1.241588592854697,-0.10625363989833835,-25.405269127947367,0.7312118034042857,0.26524081770460983,0.7306476220702827,-0.2693460447187044,-7.758231559913957e-07,-0.1217438158986126,-0.1629804778014725,,,,,,,,,,0.2435188607071057,,
19067,IA,222,ok,acceptable (confidence intervals overlap),0.9369256776450015,26.654420718245653,1.1740420555152566,-0.07062756211886977,-14.303195770592234,0.745125059581437,0.3815692600826394,0.8079620152981113,-0.1920352539379663,-6.600412003713116e-07,-0.11119953117629633,-0.14215952066532123,,,,,0.21448376381043993,,,,,0.2253168687920534,,
19069,IA,131,ok,acceptable (VEI within +/-10),0.944,20.332690614349243,1.05549662115994,-0.010424019270079294,0.0,0.8909365951534765,0.7642163710390659,0.9305990860246769,-0.06939118312859048,-6.904440678067525e-07,-0.04094622846279372,-0.05172569292832385,,0.2311055585313773,0.20728350615749183,0.20154323272325564,0.0,0.21874071123201863,0.2478448593831355,0.2242025703319244,0.22419407359615726,0.20300845195241018,0.21717300076604512,0.22440324301009273
19071,IA,111,ok,UNACCEPTABLE regressivity,0.9461870503597122,42.981754274326995,1.31813532233621,-0.1791251549536533,-59.339702002989796,0.7316376298465156,0.4248486365002557,0.6955775773759765,-0.3044199056950714,-1.2207994927118724e-06,-0.12573264128001393,-0.15277015255894777,,,,,,,,,,,,
19073,IA,141,ok,acceptable (VEI significance <= 10),0.96625,29.34302398100275,1.3209095471596204,-0.13245910595117813,-28.696676836087843,0.6171204628463737,0.24082677247494144,0.6396175241429323,-0.36037927816764376,-9.246877663877593e-07,-0.17598844192469487,-0.22684938939118626,,,,,,,,,,0.22862841820896826,,
19075,IA,168,ok,acceptable (VEI within +/-10),0.9486943416181914,12.843413049965324,1.0263363556698994,-0.028292666250555015,-0.41037193351516077,0.9425233409927091,0.8543326203389449,0.927656317128988,-0.07234311682739882,-2.7239133505523337e-07,-0.0191508881915754,-0.019924133574946712,,0.15683589423328245,0.19637116860936213,0.15711469115199606,0.04099618355656379,0.15142194664828376,0.22419802593163526,0.20046454809524666,0.20046547617624585,0.1727954694514586,0.15029037349295313,0.1340254313057364
19077,IA,186,ok,acceptable (VEI within +/-10),0.9021547304645021,18.01597528599347,1.0389000786188993,-0.02310828505923604,-6.064720275503343,0.9738435238933074,0.8198332125936592,0.9415814981683782,-0.05841832950625575,-9.214142538357727e-08,-0.012491382416381258,-0.015604801228721765,,0.22540504203618336,0.1430762393190714,0.21479374981369811,0.15996928563120705,0.14197264324385325,,0.16829288474711598,0.16829100679895484,0.16651927531539576,0.1411657724038714,0.16293893245483598
19079,IA,111,ok,acceptable (confidence intervals overlap),0.9731111111111111,18.145425573637255,1.0376923209197453,-0.04344678711469624,-12.575776194086473,0.9568881235356681,0.9014064622319481,0.8978738934012898,-0.10212697017822969,-4.4495505093995355e-07,-0.015151371050223572,-0.011499381601087322,0.1114862582310706,0.21110190659849176,0.18749697714312502,0.24319982561086825,,0.12211328365985699,0.1917954567358125,0.21618211825423927,0.21618420634560062,0.1808154169740486,0.1219356927088619,0.11606948898605932
19081,IA,158,ok,acceptable (VEI within +/-10),0.9574065581854043,19.07757768133835,1.046160083111289,-0.023171245153197052,-4.633025262522163,0.8925106595174629,0.8059087575254112,0.914583950686292,-0.0854143488493284,-6.338579081791699e-07,-0.03587488248257409,-0.04159410513793804,,0.21130087378633527,0.1927353872207468,0.12594549884983416,0.09483018418368712,0.19110731058956623,0.20572031178222153,0.2141195608989151,0.21412324328905802,0.20917280320330145,0.1828031059825339,0.1840149889766141
19083,IA,158,ok,acceptable (VEI within +/-10),0.8144757834757834,32.068745145123046,1.2006030574243152,-0.013583404945783034,4.931300393706907,0.6576162939342169,0.16241298686948666,0.6512527557594984,-0.34873610210932426,-5.966091446718389e-07,-0.13467600139381863,-0.17959333723119109,,,,0.20805109557911414,,,,,,0.20852762768985048,,
19085,IA,221,ok,acceptable (VEI significance <= 10),0.93904,35.4517667700547,1.1809541881481493,-0.10162951209790842,-24.986511046742773,0.7388570323126689,0.5509624876886278,0.6747200683598032,-0.3252745709393984,-1.2138124952428787e-06,-0.10176901158497031,-0.11622046938359443,,,,,,,,,,,,
19087,IA,243,ok,acceptable (VEI significance <= 10),0.9482083333333333,30.01029781302972,1.1187339943828458,-0.046749864891857625,-36.430676417181814,0.7395568700551778,0.6010338230544323,0.7959262062833743,-0.20406702432913218,-1.203654312615948e-06,-0.0902550134208644,-0.09826527283078068,,,,0.20892268437834174,,,,,,0.24701027907303247,,
19089,IA,107,ok,acceptable (confidence intervals overlap),0.8755663430420711,30.925058920782146,1.2279215506468224,-0.06978619745159982,-19.216949600021124,0.6505707623210385,0.2960404793640827,0.6861630041353953,-0.3138327339006959,-7.233436307032237e-07,-0.15053090549670478,-0.18522540924213504,,,,,,,,,,0.23363967907486805,,
19091,IA,151,ok,acceptable (VEI within +/-10),0.8923404255319148,32.45197151073672,1.1314329104736311,-0.016384562869876208,-4.360462617060705,0.7440750165475435,0.5328570981532583,0.745082614421019,-0.25489807405642434,-9.653028366951322e-07,-0.09644210308529422,-0.11575120920500415,,,,0.1755300505867876,0.15997786939635997,,,,,,,
19093,,0,no residential sales in 2025,,,,,,,,,,,,,,,,,,,,,,,,,
19095,IA,189,ok,acceptable (VEI within +/-10),0.892377358490566,15.936756344265799,1.0455334984659854,-0.046671876468384686,-6.006987905953994,0.8679062570427467,0.7267294192504223,0.8795329585299896,-0.12046607162449655,-5.140572007902671e-07,-0.04095911126516172,-0.046480516090301904,,0.18066129724790633,0.1944046274788134,0.18514388354915948,0.12959626070815794,0.18813234777634594,,0.19547838748383597,0.1954780921222189,0.16609031126955412,0.18743781946469718,0.2073180731512443
19097,IA,268,ok,acceptable (confidence intervals overlap),0.8793636363636363,27.863008381728328,1.211466417746397,-0.05902075701595573,-15.300902116990512,0.6517393895639196,0.2539331101730304,0.746160728786689,-0.25383265575080005,-6.369969935611785e-07,-0.14722683967223982,-0.19534311015667072,,,,,,,,,,0.22411802808708825,,
19099,IA,574,ok,acceptable (VEI significance <= 10),0.9122648741418764,20.509082463923924,1.0564433405838307,-0.04390207321166639,-22.7624137906011,0.8524940160116211,0.660542936429422,0.8424263346132902,-0.15757250021087363,-6.046039910113164e-07,-0.04443920363710796,-0.05080556792786162,,0.24037617166891712,0.232782153585109,0.19460594331270434,,0.2210560786956185,,0.224974840273796,0.22497461848921965,0.18862436297752744,0.21530635448592866,0.22563897834022079
19101,IA,235,ok,acceptable (VEI significance <= 10),1.0150627615062762,23.677402386943992,1.0968857374341956,-0.059651911255128115,-23.367396347493795,0.8494372570864513,0.7490448520460629,0.859967582392355,-0.14003016347389777,-8.051694871705616e-07,-0.057377148341084316,-0.06796762274411505,,,,,,0.24859441308663963,,,,,0.24470001931231322,
19103,IA,1933,ok,acceptable (VEI within +/-10),0.9452248062015504,8.486480843418178,1.0172049457261336,-0.026193477694519345,-7.576832855819272,0.9335436304033706,0.8908650711159596,0.9345905606278364,-0.0654092077084932,-9.758985794727623e-08,-0.01898233128518778,-0.02037140734134857,,0.10472681374853558,0.1257562568088978,0.12949299164756867,0.17340482653103112,0.128501164884575,0.1645495324907236,0.1249648931334355,0.12496452252473272,0.12016065479026021,0.12890146455868615,0.14064211418555708
19105,IA,223,ok,acceptable (VEI within +/-10),0.9124078624078624,20.00407174127424,1.0555761919136888,-0.01953341807035768,-3.195496800446281,0.8627598148849601,0.7321037657583835,0.9098500664177955,-0.09014428997605177,-5.258576155237274e-07,-0.04729593165196677,-0.05216085215779942,,0.21970841230758784,0.22643277408000928,0.1815374987735914,0.09733542686906733,0.23228849029233434,,0.22523574120633402,0.2252176098687169,0.18642242122317543,0.22542777032865413,0.23248708885167485
19107,IA,144,ok,UNACCEPTABLE regressivity,1.0605492424242424,42.93787777773563,1.4258675314909264,-0.19405724237204997,-51.385646743706346,0.6272590096056108,0.2021609635517986,0.6000213177935328,-0.3999806158369596,-1.416421308197104e-06,-0.17980146671625308,-0.23351917019749147,,,,,,,,,,,,
19109,IA,0,no residential sales in 2025,,,,,,,,,,,,,,,,,,,,,,,,,
19111,IA,475,ok,acceptable (VEI within +/-10),1.01768,26.441762457257408,1.1666738019875664,-0.0686732456123737,-9.857382494447329,0.7954723055615615,0.47414479882788746,0.8237433342390579,-0.17625429256794523,-9.849417228583684e-07,-0.09115976780624258,-0.12372963719108276,,,,,0.22603325375183494,,,,,,,
19113,IA,3278,ok,acceptable (VEI within +/-10),0.9518992805755395,10.124882333435378,1.0127075130792456,-0.009308710614263263,-1.9693925001505508,0.955759497076306,0.8845941064360459,0.9534824848488457,-0.04651682783132967,-1.4100216280179248e-07,-0.012338763824528032,-0.012870314950114592,,0.12076494898709125,0.11095034854372945,0.08112523940993792,0.08173061039504208,0.10985054531902623,0.18236640900996764,0.10793747000298275,0.10793593949689673,0.10108456306879465,0.10863692620484257,0.11026290770938102
19115,IA,139,ok,acceptable (confidence intervals overlap),0.8881428571428571,35.409306152987924,1.3519867133724017,-0.08511541853688422,-23.840838216356072,0.583951144790362,0.06417710025819406,0.5692116818274938,-0.4307876038031119,-5.267912571856837e-07,-0.19557850695864265,-0.257082048251009,,,,,,,,,,0.24140812595503244,,
19117,,0,no residential sales in 2025,,,,,,,,,,,,,,,,,,,,,,,,,
19119,IA,149,ok,acceptable (confidence intervals overlap),0.9895474137931034,32.10568094972666,1.2064155790202578,-0.09261863759064853,-26.182002976514575,0.7097427950134271,0.29251775999606533,0.7347948197052393,-0.26519559770784334,-6.263308513047948e-07,-0.11844044980331181,-0.14703019397295392,0.08015031311001773,,,,,,,,,,,
19121,IA,202,ok,acceptable (VEI within +/-10),0.9037440340477276,17.4623901979426,1.0376538109227156,-0.029663682611301763,-1.6411210610167635,0.8555626274464182,0.721348799637912,0.8601016761946431,-0.13989775828251977,-3.696260970096146e-07,-0.040044409981970785,-0.0433094447520348,,0.2290781187516693,0.22750447581842667,0.22578555859363958,0.08376795553394241,0.19024901320439938,,0.20502721976734226,0.20502820323278437,0.1530935435568738,0.22070410517033748,0.2297498070265387
19123,IA,280,ok,UNACCEPTABLE regressivity,0.8698415584415584,29.00255204256675,1.1833833994865637,-0.08587429819822914,-29.662243197788367,0.8131827072813563,0.5096559533810596,0.770515891211824,-0.2294844539681594,-3.75820106209994e-07,-0.08684812043224888,-0.1100589347265728,,,,,,,,,,0.2473741520326846,,
19125,IA,377,ok,acceptable (VEI within +/-10),0.9694553376906319,17.29204243031251,1.0347785886854868,-0.0048075620701319485,-1.74104157320618,0.9318631196670919,0.7977014817282443,0.953429451739568,-0.04656875570544609,-2.0183747884131897e-07,-0.024453950492681953,-0.03129875419800121,,0.18933577870931917,0.1710661201560183,0.054028126146621995,0.09938749582476564,0.16090148288168135,,0.1731644409316348,0.1731627899819264,0.16957302973216581,0.16266277676685065,0.17232108314508499
19127,IA,491,ok,acceptable (VEI within +/-10),0.9355102040816327,19.49057785398681,1.0351509417521483,-0.007191950571214003,3.3924645884618805,0.918997020066922,0.7823312174557907,0.928024026938078,-0.07197476459803058,-5.12633429135627e-07,-0.026211824826111396,-0.032296784222504815,,0.219803101585294,0.16321923178373815,0.11535532911771704,,0.1555540155992719,,0.16449507615784825,0.16449668136926807,0.16120238380326757,0.15598706713696237,0.17570337242181436
19129,IA,250,ok,acceptable (confidence intervals overlap),0.9361113245298119,22.616184481612184,1.071593191033978,-0.015250357450485644,10.07697945848066,0.8602633091756321,0.5407451560141264,0.8977895008772155,-0.10220922858850322,-3.325557665487374e-07,-0.04920624403209395,-0.06137236703808169,,0.2371098125654686,0.24037389138807225,0.12334623668595757,,0.23927156168455777,,0.2195009018978196,0.21950372645145091,0.17912156732157805,0.24026445840827212,
19131,IA,145,ok,acceptable (VEI within +/-10),0.8774418604651163,16.07850016969339,1.0676436874490307,-0.033237912778254615,-0.3442857851456764,0.8694637338228987,0.6007321883035062,0.9046199281363568,-0.09537659354823659,-4.026501116911943e-07,-0.049819354455793885,-0.06454251913461917,,0.18182612234139214,0.2174457215795049,0.23925114238140352,0.036816683377095226,0.23474529237652503,,0.24887357071578978,0.2488573734085956,0.1661505587361917,0.2328005509726911,
19133,,0,no residential sales in 2025,,,,,,,,,,,,,,,,,,,,,,,,,
19135,,0,no residential sales in 2025,,,,,,,,,,,,,,,,,,,,,,,,,
19137,IA,124,ok,acceptable (VEI significance <= 10),0.9846495572893836,31.632210540094547,1.1703850159708884,-0.15480614612471194,-42.57818990785844,0.8610086344699239,0.8310431880376682,0.7943456195772994,-0.20566105024725992,-2.082908720650509e-06,-0.06084858062892451,-0.06346535610483706,0.11322439105242081,,,,,,0.18462798187809207,,,,,
19139,IA,477,ok,acceptable (VEI within +/-10),0.9169166666666667,16.648915899485306,1.0443542117092337,-0.05284790290294034,-6.173856236566411,0.9084665867883744,0.7494774561453095,0.8739812278353698,-0.12601873223024554,-4.291169711948664e-07,-0.030094619148657964,-0.0316270066123705,,0.1930086408646979,0.19066298009164126,0.2200418160277136,0.15510834801890325,0.18100758184137625,,0.20593538898569488,0.2059350975094675,0.17399492019761892,0.17940465445601245,0.1784312877226125
19141,IA,201,ok,acceptable (VEI within +/-10),0.8990344827586206,19.249553382441785,1.0338095240005367,-0.0020209236789726255,2.7559401753724155,0.9414054939744522,0.7405492975737139,0.9592334762785836,-0.040760582952502435,-3.829324484983496e-07,-0.019523554131272824,-0.025015228510071763,,0.2124194214119974,0.17597083817606016,0.05727837856801951,,0.1503411434974311,0.21096921888315928,0.1722108425672573,0.17219644415832144,0.1642514823345363,0.15205561710822682,0.15304050736750024
19143,IA,86,skipped (fewer than 100 sales),,,,,,,,,,,,,,,,,,,,,,,,,
19145,IA,224,ok,acceptable (confidence intervals overlap),0.9005203296703297,28.388326867242988,1.146004803451714,-0.09558321372063125,-14.130709806018416,0.775392498346357,0.4922047059837173,0.7591815608067777,-0.24081478734740847,-1.2304759283928584e-06,-0.0879822099014298,-0.11351695896923353,,,,,0.17516131665892157,,,,,,,
19147,IA,150,ok,acceptable (confidence intervals overlap),0.9729846077457796,40.088271718002595,1.4532216593658145,-0.13715547635931838,-33.15342297050658,0.6922919152272977,0.19853946738757106,0.7229682218523278,-0.27703240356922165,-5.5683682461924e-07,-0.17019212726041433,-0.23991786710768603,0.20287848813650095,,,,,,,,,0.237420290221307,,
19149,IA,358,ok,acceptable (VEI within +/-10),0.9686771255060729,25.964764014287002,1.099068779737356,-0.03817430239179231,1.952384853504846,0.723327109959737,0.3533580452644612,0.7489175307290985,-0.25108216815354106,-5.518105454845461e-07,-0.08481774085308036,-0.10006658513327271,,,,0.17348866303170557,,,,,,0.2036409281965985,,
19151,IA,105,ok,acceptable (confidence intervals overlap),0.8380150753768845,60.32131686349827,1.6701223060923953,-0.2702773542589442,-30.766406586133375,0.5990204692856678,0.1503555994506724,0.500191790795995,-0.4998096112857546,-1.2816380847537876e-06,-0.21407898686477211,-0.28303708465246635,,,,,,,,,,,,
19153,IA,7180,ok,acceptable (VEI within +/-10),0.9735137953386128,11.139234658407826,1.012488366218714,0.010146117531953845,4.260310928534666,0.9610371305560808,0.8685325979886449,0.9757072690538923,-0.02429134096101446,-2.8421647911302364e-08,-0.011462218041434102,-0.013370559818362882,,0.13470164795877929,0.11109033373506809,,,0.10470251825166658,0.21878235214397923,0.08558424446807873,0.08558293110577467,0.10212144570977313,0.10345784026876435,0.11238117965899823
19155,IA,1228,ok,acceptable (VEI significance <= 10),0.9211437335670465,16.57629140921625,1.0462741741263257,-0.04446147950383946,-12.587870570792,0.8709398585230913,0.7521660966315473,0.8745215218130236,-0.1254773676335976,-4.011658044665782e-07,-0.040339629560998125,-0.0420689813461268,,0.18899128948639418,0.207782798048722,0.17910117771564885,0.16786616875959906,0.21991243121976206,,0.2177289321671619,0.21772964113638124,0.17355963128657884,0.21780777309434343,0.21834347171397905
19157,IA,287,ok,acceptable (VEI within +/-10),0.9364333333333333,16.395847584039974,1.0182666293404976,0.006118688089412377,-1.5337838978686595,0.9726844451709136,0.8574198184799752,0.9764502010530363,-0.023548821604605273,-1.0994731895619044e-07,-0.01039799839834532,-0.013428555479525706,,0.1997587372410407,0.1100593096802927,,0.14755303246399334,0.08846407770444017,0.18369876712594604,0.1067567544358495,0.10675359482293499,0.11803728687014511,0.085796697315872,0.10929806270902553
19159,IA,107,ok,acceptable (VEI significance <= 10),0.9565,44.754997072055545,1.3538714038439974,-0.1314086329856224,-26.89920699358254,0.8371399281926923,0.6013749946455403,0.7821275085700418,-0.21784829110686296,-9.422820663151654e-07,-0.09095436588105899,-0.11906365008271669,,,,,,,,,,,,
19161,IA,180,ok,acceptable (VEI within +/-10),0.9194552669552669,34.01610092549834,1.076233865833488,0.01962803807217455,3.2328422803761616,0.8958817437459409,0.826586166398714,0.971275981564143,-0.028706756874762127,-5.41667185285484e-07,-0.04564654060456541,-0.04880501464091891,,,,,,,,0.1844674838580761,0.18454915397655702,,,0.22385885440020348
19163,IA,2353,ok,acceptable (VEI within +/-10),0.9592631578947368,11.27063839262397,1.0156428669938724,-0.013970102400077953,-1.2627525200985974,0.9660994972064387,0.9153023554639096,0.9528808968855969,-0.047119076665038444,-8.54539378475052e-08,-0.011216834992959113,-0.011323414141399812,,0.1346460610849121,0.11566386931408325,0.11898799494943821,0.04194607102830666,0.1099024434492617,0.1575231293152568,0.1311687598893705,0.13116856597688856,0.11444815773557532,0.10922697547371683,0.10531858982813681
19165,IA,178,ok,acceptable (VEI within +/-10),0.933916465116279,23.95807466647265,1.0859591426520145,-0.05740483666161255,-6.219828236218929,0.8316546464528689,0.6078063543859257,0.8165204560175625,-0.18347878877843837,-6.822957104597412e-07,-0.05895436684458799,-0.0729538837393564,,0.24639561005594357,,0.22775401499792583,0.11556200934307154,,,,,0.24152580243833568,,
19167,IA,496,ok,acceptable (VEI significance <= 10),0.9206270115806888,15.508521437208984,1.0246709469094584,0.0033430566673975674,10.848495994796693,0.9404049394168091,0.83063927257458,0.9442166047153955,-0.055782592625179615,-3.1644506347663844e-08,-0.01962940045436934,-0.02432276331524008,,0.18174562130965727,0.15511600173464116,0.07625234324618911,,0.15863555112814004,,0.13632294664804084,0.13632145987506572,0.13059903990742708,0.15959177607149683,0.15083334689982053
19169,IA,916,ok,acceptable (VEI within +/-10),0.9457820455226116,10.83346334641771,1.017000955113293,-0.005975769603932024,-1.9785082227946842,0.942557517285852,0.8316617218912489,0.9463687077445677,-0.05363107411931239,-1.6244240556087986e-08,-0.01671179584144622,-0.01779788885389233,,0.1351903128015984,0.10574175870349364,0.07740457545720457,0.08226852746116439,0.10390548174537421,0.23850826609774878,0.10926007129904122,0.10925973770525801,0.09075404549530128,0.10169821788537733,0.10107367617721828
19171,,0,no residential sales in 2025,,,,,,,,,,,,,,,,,,,,,,,,,
19173,,0,no residential sales in 2025,,,,,,,,,,,,,,,,,,,,,,,,,
19175,IA,177,ok,acceptable (VEI within +/-10),0.9582,29.33038436095123,1.2968894264138338,-0.06730058728754668,-6.44361110665119,0.7460622039019705,0.3355378348046659,0.7804288217138743,-0.21956345782346237,-5.393589391037647e-07,-0.13334083522553386,-0.1917850455317991,,,,,0.19453189291214448,,,,,0.24594957445097504,,
19177,IA,93,skipped (fewer than 100 sales),,,,,,,,,,,,,,,,,,,,,,,,,
19179,IA,535,ok,acceptable (VEI within +/-10),0.934027149321267,34.413028096812795,1.1523464353279356,-0.03827928066318921,-2.780346583146995,0.8211125608185776,0.4114609558392375,0.8174590150395876,-0.18253259603844843,-8.302329785837161e-07,-0.07601648253153637,-0.09132566581277524,,,,0.23521238725778773,0.13684474277513592,,,,,0.22732696409772124,,
19181,IA,843,ok,acceptable (VEI within +/-10),0.9526315789473684,12.424240383571767,1.012768435431472,0.012517941829913597,3.0591949486977223,0.9475613565501418,0.8448254081552554,0.9422526157015938,-0.057747204946864104,-1.5204374482335446e-07,-0.013125379920008617,-0.015109160037648284,,0.14642975522768775,0.10844107981139081,,,0.10515464950537654,0.19596913581978864,0.12430827359123037,0.12430830987162693,0.10573069997812465,0.1084255024095003,0.11653305849601664
19183,IA,295,ok,acceptable (VEI within +/-10),0.9468181818181818,12.067342790451931,1.0057634141509817,0.01412680312749047,1.4385655243352635,0.9857181416781299,0.9136922229015406,0.991563451951149,-0.008435441548990875,-6.851338709606033e-08,-0.004242133233712586,-0.003228340998214785,,0.14202312474189172,0.071428116538843,,0.16206740574666756,0.06253205609659727,0.16501807968367974,0.06326839991870944,0.06325057467850588,0.07200690405047545,0.05944748539969689,0.04004505360227968
19185,,0,no residential sales in 2025,,,,,,,,,,,,,,,,,,,,,,,,,
19187,IA,512,ok,acceptable (VEI within +/-10),0.9326136479375318,21.467764956183025,1.0664707723104516,-0.03475311005372786,-2.4820949820374505,0.8823889900290004,0.6761648268750295,0.8937546244133029,-0.10624133753253484,-6.721857444148608e-07,-0.04229970924177473,-0.049146882422738125,,0.24152906911695507,0.22054428891183958,0.20694548750521635,0.056559551509371066,0.2277542062810949,,0.2205404179706787,0.22054525960592927,0.2012339448283098,0.220715027478851,0.2420091389853737
19189,IA,141,ok,acceptable (VEI within +/-10),0.9254814814814815,22.323980374341556,1.041140926205175,-0.018002448612462457,1.7836743455040258,0.8970260060713118,0.8030460152371606,0.8919804799927072,-0.10801814464102498,-7.527398020125765e-07,-0.031038677715640395,-0.033233733919596053,,,0.20145470783134786,0.21582468926072296,0.08715757985341051,0.2248110050918705,0.2408091175290574,0.2348068109988505,0.23480571861047114,0.19514685905075912,0.17841839066146994,0.17442722133751695
19191,IA,235,ok,acceptable (VEI within +/-10),0.8764788732394366,18.43911983309059,1.0463181728296609,-0.011605448467282795,-0.18245626108467347,0.8857218430993253,0.6131245649695215,0.9063576115590642,-0.09363988353020436,-2.4478489267634285e-07,-0.0370328998135816,-0.04480578447260841,,0.2264683756202416,0.1833182120465748,0.10151271604709199,0.11341706170220134,0.2165579792674602,,0.19873358317216533,0.19873567925646776,0.1494241257170099,0.21134500271770487,0.19223889979270556
19193,IA,1107,ok,acceptable (VEI within +/-10),0.9413793103448276,15.654929071660737,1.0151350362086382,-0.02075804108446028,-5.0216450216450195,0.9799976011404405,0.9856196094904625,0.9195205473869513,-0.08047926536720018,-4.684375441408314e-09,-0.007380218792011561,-0.002060307076214185,,0.183818418255171,0.13845508415734123,0.1348197178792948,0.12858761711906647,0.07867623251181564,0.14611173241426523,0.16461242703922313,0.16461308704954977,0.15857450198339243,0.07701865307875277,0.025085342077039805
19195,IA,88,skipped (fewer than 100 sales),,,,,,,,,,,,,,,,,,,,,,,,,
19197,IA,211,ok,acceptable (VEI within +/-10),0.9284796573875803,26.015018803939924,1.1492924752356521,-0.02586201879196527,-1.6299377625112639,0.8124564255045386,0.38211637965735207,0.8505423909075788,-0.14945273248986796,-6.077000518649671e-07,-0.08565030218586678,-0.12316672421053143,,,,0.17078132106836413,0.14278906139218628,,,,,0.20483073913871044,,
20001,KS,64,skipped (fewer than 100 sales),,,,,,,,,,,,,,,,,,,,,,,,,
20003,,0,no residential sales in 2025,,,,,,,,,,,,,,,,,,,,,,,,,
20007,,0,no residential sales in 2025,,,,,,,,,,,,,,,,,,,,,,,,,
20009,,0,no residential sales in 2025,,,,,,,,,,,,,,,,,,,,,,,,,
20011,,0,no residential sales in 2025,,,,,,,,,,,,,,,,,,,,,,,,,
20013,KS,63,skipped (fewer than 100 sales),,,,,,,,,,,,,,,,,,,,,,,,,
20015,KS,803,ok,acceptable (VEI within +/-10),0.8484666804879278,20.69856799212966,1.028315066241367,0.01777282397740089,8.3533780167841,0.9268243253872193,0.7240638997015196,0.925373984080926,-0.07462505065332443,-1.5494646769792232e-07,-0.02318745199254746,-0.026575102860591615,,0.23278352065648256,0.16604111210279932,,,0.17594889820533793,,0.1854535873748664,0.18545081932414284,0.1434232748540314,0.16808459188546462,0.18274304107066722
20017,KS,13,skipped (fewer than 100 sales),,,,,,,,,,,,,,,,,,,,,,,,,
20019,,0,no residential sales in 2025,,,,,,,,,,,,,,,,,,,,,,,,,
20021,,0,no residential sales in 2025,,,,,,,,,,,,,,,,,,,,,,,,,
20023,,0,no residential sales in 2025,,,,,,,,,,,,,,,,,,,,,,,,,
20025,,0,no residential sales in 2025,,,,,,,,,,,,,,,,,,,,,,,,,
20027,,0,no residential sales in 2025,,,,,,,,,,,,,,,,,,,,,,,,,
20029,,0,no residential sales in 2025,,,,,,,,,,,,,,,,,,,,,,,,,
20031,,0,no residential sales in 2025,,,,,,,,,,,,,,,,,,,,,,,,,
20035,,0,no residential sales in 2025,,,,,,,,,,,,,,,,,,,,,,,,,
20037,KS,229,ok,acceptable (VEI within +/-10),0.7228966133566681,30.968166899086604,1.1009516480001103,0.016686100400920188,9.810397904976021,0.774766791529106,0.3939884376107556,0.7286719248450062,-0.27131486462228677,-5.66202974000665e-07,-0.08057002160152638,-0.09644014187745187,,,,,,,,,,0.2101905596655385,,
20041,,0,no residential sales in 2025,,,,,,,,,,,,,,,,,,,,,,,,,
20045,KS,844,ok,acceptable (VEI significance <= 10),0.8792750093207617,15.880832864906543,1.0665603576625977,-0.05499414782000411,-14.335621843015566,0.8497516630475941,0.673347428129734,0.8445803671126527,-0.15541953168106906,-8.86740584698255e-09,-0.05633508354065153,-0.05688325869742017,,0.19106947395372684,0.227301446497472,0.18623054650505014,0.14066257706578525,0.23158492904353858,0.21101332070609424,0.19696300048128634,0.1969626944315092,0.18899163966155905,0.23535811864794748,0.24563320712403655
20053,,0,no residential sales in 2025,,,,,,,,,,,,,,,,,,,,,,,,,
20055,KS,241,ok,acceptable (VEI within +/-10),0.901398115148856,19.353682476360177,1.0373835172728192,-0.00951629830661851,-3.611727134764394,0.8168616123927378,0.86859688924466,0.8824823727136764,-0.11750514983007425,-1.3295305176128437e-07,-0.047784322868191786,-0.04726826524511596,,0.22042020396580186,0.2008454388927788,0.1313383122764549,0.0777005064847957,0.20157629396259877,0.10767702110134658,0.19756858916056877,0.19755195490015737,0.1908166137400152,0.17208514606151287,0.20454413545077418
20059,,0,no residential sales in 2025,,,,,,,,,,,,,,,,,,,,,,,,,
20061,KS,308,ok,acceptable (VEI significance <= 10),0.9111616364017643,15.167048655098727,1.007919235176477,0.04265703357528589,17.888728342784383,0.9598331904023066,0.8149563117503135,0.9604562085603902,-0.03954329240265639,-2.0278720733161148e-07,-0.00849776388592205,-0.011598594522611583,,0.1710168350485837,0.08868413470613332,,,0.07202127463486478,0.1844393514583317,0.08190481383176827,0.08190768348980819,0.07556363314945197,0.0631086668710936,0.08124635588330836
20063,,0,no residential sales in 2025,,,,,,,,,,,,,,,,,,,,,,,,,
20065,,0,no residential sales in 2025,,,,,,,,,,,,,,,,,,,,,,,,,
20069,,0,no residential sales in 2025,,,,,,,,,,,,,,,,,,,,,,,,,
20073,KS,42,skipped (fewer than 100 sales),,,,,,,,,,,,,,,,,,,,,,,,,
20075,,0,no residential sales in 2025,,,,,,,,,,,,,,,,,,,,,,,,,
20079,,0,no residential sales in 2025,,,,,,,,,,,,,,,,,,,,,,,,,
20085,,0,no residential sales in 2025,,,,,,,,,,,,,,,,,,,,,,,,,
20087,KS,105,ok,acceptable (VEI within +/-10),0.8542857142857143,20.135783148829592,1.0798893290350553,-0.055088195787271664,-6.12732953888394,0.7782830071571761,0.4974978774887425,0.7705951319863583,-0.2294040499037796,-3.0043819101759214e-07,-0.07007767278535293,-0.0838855142601358,,0.24856762799073048,0.2303725779568296,0.2102348658245095,0.21057059278653276,,,,,0.14080371017585444,,
20089,,0,no residential sales in 2025,,,,,,,,,,,,,,,,,,,,,,,,,
20091,,0,no residential sales in 2025,,,,,,,,,,,,,,,,,,,,,,,,,
20099,,0,no residential sales in 2025,,,,,,,,,,,,,,,,,,,,,,,,,
20103,KS,745,ok,acceptable (VEI within +/-10),0.8709052944002359,19.669186056144554,1.0278105540932525,0.043586350540945715,6.888705088503086,0.8813095539261541,0.6571685547939159,0.9384939663667241,-0.06150258808807445,-2.1978385424190552e-07,-0.03323359103239043,-0.042640423876419975,,0.22173172084949305,0.14805664287584,,,0.17260232589902788,,0.14119413476730172,0.14119164000914095,0.14584369468499664,0.18061492690253952,0.17986903022550688
20105,,0,no residential sales in 2025,,,,,,,,,,,,,,,,,,,,,,,,,
20107,,0,no residential sales in 2025,,,,,,,,,,,,,,,,,,,,,,,,,
20109,,0,no residential sales in 2025,,,,,,,,,,,,,,,,,,,,,,,,,
20111,KS,184,ok,acceptable (VEI within +/-10),0.8949516026610917,18.213324873500966,1.038728595366302,-0.02178214074424137,-6.043097546614153,0.9022179619573709,0.7295384107973678,0.8963602555419827,-0.10363941911820748,-3.6214883522480583e-07,-0.030485555893624117,-0.037098165741902056,,0.21434646912835081,0.17347463833459398,0.1454767580713768,0.10198553041971646,0.16337059588003308,,0.21270138921238818,0.21270179053218302,0.20952997968583603,0.1564965190827976,0.18225270771432747
20113,,0,no residential sales in 2025,,,,,,,,,,,,,,,,,,,,,,,,,
20115,,0,no residential sales in 2025,,,,,,,,,,,,,,,,,,,,,,,,,
20119,,0,no residential sales in 2025,,,,,,,,,,,,,,,,,,,,,,,,,
20121,KS,319,ok,acceptable (VEI within +/-10),0.859227715305964,19.07082245358393,1.028206348817562,-0.006828749765273038,-6.712118289760243,0.9058218417096556,0.8529658299602956,0.8879150533724098,-0.11208450541417637,-1.34416069470185e-07,-0.028142113131687685,-0.029428472733246114,,0.21135665774439463,0.14412314869922255,0.05137922532719332,0.13218184330101257,0.15224109205904873,0.230223810991993,0.17739486949094396,0.17739471483478456,0.15164510295643407,0.1665873248363024,0.16967640556153202
20123,,0,no residential sales in 2025,,,,,,,,,,,,,,,,,,,,,,,,,
20125,,0,no residential sales in 2025,,,,,,,,,,,,,,,,,,,,,,,,,
20133,,0,no residential sales in 2025,,,,,,,,,,,,,,,,,,,,,,,,,
20135,,0,no residential sales in 2025,,,,,,,,,,,,,,,,,,,,,,,,,
20137,,0,no residential sales in 2025,,,,,,,,,,,,,,,,,,,,,,,,,
20141,,0,no residential sales in 2025,,,,,,,,,,,,,,,,,,,,,,,,,
20145,,0,no residential sales in 2025,,,,,,,,,,,,,,,,,,,,,,,,,
20147,,0,no residential sales in 2025,,,,,,,,,,,,,,,,,,,,,,,,,
20149,KS,264,ok,acceptable (VEI within +/-10),0.8082601506810241,21.13008010033089,1.0312842851782869,0.02783783733115782,-2.4064311450165077,0.8431893316581511,0.6235587237583401,0.9264890202104369,-0.07350904413116774,-2.9692236218873597e-07,-0.04161025056947154,-0.05145020040926762,,0.2303058305326878,0.1772817750324452,,0.06826325558533317,0.1935071498714055,,0.18836676551911335,0.18836341819475796,0.1423385004471861,0.1886653073186474,0.1981264160517108
20151,,0,no residential sales in 2025,,,,,,,,,,,,,,,,,,,,,,,,,
20159,,0,no residential sales in 2025,,,,,,,,,,,,,,,,,,,,,,,,,
20161,,0,no residential sales in 2025,,,,,,,,,,,,,,,,,,,,,,,,,
20163,,0,no residential sales in 2025,,,,,,,,,,,,,,,,,,,,,,,,,
20165,,0,no residential sales in 2025,,,,,,,,,,,,,,,,,,,,,,,,,
20167,,0,no residential sales in 2025,,,,,,,,,,,,,,,,,,,,,,,,,
20169,,0,no residential sales in 2025,,,,,,,,,,,,,,,,,,,,,,,,,
20173,KS,6000,ok,UNACCEPTABLE progressivity,0.8020025062656642,21.44959956162119,1.0203961699333437,0.05888410232830215,20.003904778679072,0.9453621762013941,0.770258495052866,0.9788874130826467,-0.021109513614744172,-4.453503262819491e-08,-0.017421845416260462,-0.025463559465670693,,0.23389535294995123,0.1460891225670021,,,0.14000593001501901,0.24898900968013757,0.09486058243824703,0.09484866494289648,0.12067861491822882,0.1460937083731619,0.15927325932995814
20175,,0,no residential sales in 2025,,,,,,,,,,,,,,,,,,,,,,,,,
20177,,0,no residential sales in 2025,,,,,,,,,,,,,,,,,,,,,,,,,
20181,,0,no residential sales in 2025,,,,,,,,,,,,,,,,,,,,,,,,,
20185,,0,no residential sales in 2025,,,,,,,,,,,,,,,,,,,,,,,,,
20187,,0,no residential sales in 2025,,,,,,,,,,,,,,,,,,,,,,,,,
20189,,0,no residential sales in 2025,,,,,,,,,,,,,,,,,,,,,,,,,
20191,,0,no residential sales in 2025,,,,,,,,,,,,,,,,,,,,,,,,,
20193,,0,no residential sales in 2025,,,,,,,,,,,,,,,,,,,,,,,,,
20197,KS,44,skipped (fewer than 100 sales),,,,,,,,,,,,,,,,,,,,,,,,,
20203,,0,no residential sales in 2025,,,,,,,,,,,,,,,,,,,,,,,,,
20205,,0,no residential sales in 2025,,,,,,,,,,,,,,,,,,,,,,,,,
20207,,0,no residential sales in 2025,,,,,,,,,,,,,,,,,,,,,,,,,
20209,,0,no residential sales in 2025,,,,,,,,,,,,,,,,,,,,,,,,,
21001,,0,no residential sales in 2025,,,,,,,,,,,,,,,,,,,,,,,,,
21003,KY,175,ok,acceptable (confidence intervals overlap),0.7142857142857143,38.00818935568837,1.1846860596720736,0.06717645986551128,41.43387978142075,0.7270150489688268,0.14317550844275737,0.8334636266210002,-0.16652577174203562,-1.0664993900137236e-07,-0.11643530621516152,-0.1708679191232485,,,,,,,,,,0.14255736982979722,,
21005,,0,no residential sales in 2025,,,,,,,,,,,,,,,,,,,,,,,,,
21007,KY,124,ok,acceptable (VEI significance <= 10),0.8411663634525975,47.34023232769622,1.4462638094123244,-0.15455767500374265,-35.74983610804137,0.61009972757026,0.19940630048587543,0.6176223884510229,-0.38237173692331494,-1.2571753805955828e-06,-0.19162648972262053,-0.24038203230437705,,,,,,,,,,0.24887182042199663,,
21009,KY,449,ok,acceptable (VEI significance <= 10),0.9053333333333333,36.33043455836896,1.7986929317765907,-0.02847479657272308,40.83635083457812,0.4882414296180091,0.04583861956010986,0.5554317808775368,-0.4445574289067756,-1.737680859981396e-07,-0.3113878137786461,-0.4361398513606465,,,,0.21226659579206777,,,,,,0.1543652076240653,,
21011,,0,no residential sales in 2025,,,,,,,,,,,,,,,,,,,,,,,,,
21013,,0,no residential sales in 2025,,,,,,,,,,,,,,,,,,,,,,,,,
21015,KY,0,no residential sales in 2025,,,,,,,,,,,,,,,,,,,,,,,,,
21017,,0,no residential sales in 2025,,,,,,,,,,,,,,,,,,,,,,,,,
21019,,0,no residential sales in 2025,,,,,,,,,,,,,,,,,,,,,,,,,
21021,,0,no residential sales in 2025,,,,,,,,,,,,,,,,,,,,,,,,,
21023,,0,no residential sales in 2025,,,,,,,,,,,,,,,,,,,,,,,,,
21025,,0,no residential sales in 2025,,,,,,,,,,,,,,,,,,,,,,,,,
21027,KY,506,ok,acceptable (confidence intervals overlap),0.7486177449703286,40.61133749518726,1.1306318837930083,-0.0073160035783198275,-35.392212211438064,0.8722503791327803,0.48047970256346845,0.8449639377527166,-0.15501978788681642,-5.3791170535284e-07,-0.05875723759756357,-0.08004737093979597,,,,0.14615550375703076,,,,,,0.23483094229868778,,
21029,,0,no residential sales in 2025,,,,,,,,,,,,,,,,,,,,,,,,,
21031,KY,149,ok,acceptable (VEI significance <= 10),0.5242424242424243,69.14032275533062,1.5320535007740994,-0.1507148993255266,-49.30639235689563,0.4973333682542336,0.1256321602663171,0.47435954412767545,-0.5256298002595717,-7.68816581580873e-07,-0.24143710648346195,-0.2862880724363377,,,,,,,,,,0.24662400506420373,,
21033,,0,no residential sales in 2025,,,,,,,,,,,,,,,,,,,,,,,,,
21035,,0,no residential sales in 2025,,,,,,,,,,,,,,,,,,,,,,,,,
21037,,0,no residential sales in 2025,,,,,,,,,,,,,,,,,,,,,,,,,
21039,KY,36,skipped (fewer than 100 sales),,,,,,,,,,,,,,,,,,,,,,,,,
21041,KY,104,ok,acceptable (VEI within +/-10),1.0,1.4482685511637912,1.000069821955816,0.00037812909832585467,0.0,1.0006701034946741,0.9999934243951055,0.9997213455659127,-0.00027865342399635904,-1.1176682272677892e-09,0.0002180064204622134,0.0004812138544922906,0.0,0.017071126676485086,0.007630956898082371,0.027615803141832176,0.0,0.009065863809123626,1.6834920771237036e-05,0.019744457935843302,0.019745469455078688,0.007603428711032598,0.009157124174185044,0.05541257976600775
21043,,0,no residential sales in 2025,,,,,,,,,,,,,,,,,,,,,,,,,
21045,,0,no residential sales in 2025,,,,,,,,,,,,,,,,,,,,,,,,,
21047,KY,811,ok,acceptable (VEI within +/-10),1.0,4.846708787400068,1.0130442391533476,-0.00650101450324045,0.0,0.9725769466501522,0.9070761921551517,0.9810646388384573,-0.01893423577953408,-1.4142470250777504e-07,-0.009522671560773244,-0.011950052987622861,0.0,0.06101412281513579,0.11342202799155464,0.19761989218349948,0.0,0.09744693187496686,0.1745649135572177,0.1268353852699591,0.12683492683085384,0.11163900843620321,0.09702229599627639,0.10894024689847345
21049,,0,no residential sales in 2025,,,,,,,,,,,,,,,,,,,,,,,,,
21051,,0,no residential sales in 2025,,,,,,,,,,,,,,,,,,,,,,,,,
21053,,0,no residential sales in 2025,,,,,,,,,,,,,,,,,,,,,,,,,
21055,,0,no residential sales in 2025,,,,,,,,,,,,,,,,,,,,,,,,,
21057,,0,no residential sales in 2025,,,,,,,,,,,,,,,,,,,,,,,,,
21059,KY,736,ok,acceptable (confidence intervals overlap),0.7899937460913071,19.374727369227255,1.0176611830424436,0.030331540957178115,13.52608078648459,0.9452528804385053,0.6957415663830537,0.9394082641774474,-0.060589025826511655,-1.7765842428674116e-07,-0.015392784121708525,-0.017594369632305096,,0.21832822746421265,0.12335606469261778,,,0.12401519125647337,,0.1495925672473695,0.14958792710684607,0.11329565092942474,0.11553347428109884,0.12054397390782925
21061,,0,no residential sales in 2025,,,,,,,,,,,,,,,,,,,,,,,,,
21063,,0,no residential sales in 2025,,,,,,,,,,,,,,,,,,,,,,,,,
21065,KY,209,ok,acceptable (VEI within +/-10),0.7659574468085106,42.52285884209928,1.1630283969001198,-0.010678519103823255,8.256387592343707,0.8796339512026814,0.3790870154579785,0.8220009077254042,-0.17797340873401996,-4.949878778092423e-07,-0.06000119808365367,-0.0879187564417625,,,,0.22495876538528223,,,,,,0.24317681080168407,,
21067,KY,3877,ok,acceptable (VEI within +/-10),0.7605970149253731,20.627607286197268,1.0356067345275413,0.00971953678455455,4.422144097887568,0.9214407618625156,0.6248316798532442,0.8904944821296236,-0.10950471357068338,-2.3237507170999472e-08,-0.027555470074958066,-0.029390482574925603,,0.2253920855533463,0.17174189719010324,,,0.18655484022606394,,0.1992787571468864,0.19927733285227142,0.13554882292410797,0.17081107191743872,0.1896161357314895
21069,KY,222,ok,acceptable (confidence intervals overlap),0.8823076923076922,56.602109131775244,1.368967677387675,-0.10011038298273037,-18.39921194759906,0.7718786574842365,0.26963699682683046,0.7049287304672897,-0.29507326149770735,-4.015411433843059e-07,-0.121019730220431,-0.16910292365039026,,,,,,,,,,,,
21071,KY,398,ok,acceptable (VEI significance <= 10),0.8828571428571428,84.34154096997902,1.6541222472531993,-0.17971260912026285,-31.853438121153705,0.7183307191032546,0.27422967182078234,0.6144966541215298,-0.38549305266765443,-1.5268265902629546e-06,-0.1567303511942455,-0.15975177279056263,,,,,,,,,,,,
21073,KY,510,ok,acceptable (VEI significance <= 10),0.6674242424242425,37.01199234486926,1.1730584638417092,-0.07351464265189513,-35.82292849035188,0.6497660996840376,0.21751991064982398,0.5797741698728786,-0.4202230497272337,-6.10568418046444e-07,-0.12540591999567718,-0.15481193334985788,,,,0.23926663382253127,,,,,,0.20725541636409944,,
21075,KY,83,skipped (fewer than 100 sales),,,,,,,,,,,,,,,,,,,,,,,,,
21077,KY,155,ok,acceptable (confidence intervals overlap),0.8754377188594297,31.806896101759413,1.3324499332082878,0.011970836933190445,-11.04209523809524,0.7106315660542037,0.09755164681844357,0.9009388630494404,-0.0989906373422385,-1.1601791629486045e-07,-0.1629868287386147,-0.2415119854776664,,,,,0.21369533011412173,,,,,0.1317849791429731,,
21079,KY,254,ok,acceptable (VEI within +/-10),0.6,36.10515300426901,1.0866294706863389,-0.03638625875441224,-2.089268190751263,0.8725355658392491,0.40597392693962453,0.76212989633339,-0.23786630491036095,-4.2855483101311933e-07,-0.04139922573037813,-0.039106820358995265,,,,0.18552563397911306,0.06050393583973232,0.2260351229379374,,,,0.1669429214224105,0.22007288404293296,0.1966018286466869
21081,KY,415,ok,acceptable (confidence intervals overlap),0.6538461538461539,40.99289026036097,1.1201639824481766,0.007935008361507385,20.122067367014537,0.8264383569934319,0.3078965871586624,0.8750376600219466,-0.12491874293135556,-3.8849012808627094e-07,-0.06761961331026045,-0.08977220571033029,,,,,,,,,,0.1711595205012217,,
21083,,0,no residential sales in 2025,,,,,,,,,,,,,,,,,,,,,,,,,
21085,KY,583,ok,acceptable (VEI within +/-10),0.5757575757575758,53.529181274448256,1.2603989036322338,-0.008885528090295768,7.5736037131553395,0.8009252415310949,0.27971232469322493,0.797968932889645,-0.20199734475988781,-3.6701852185523476e-07,-0.10642388710532957,-0.1527628637024412,,,,0.2042286551816355,,,,,,0.2190243537432003,,
21087,KY,172,ok,acceptable (confidence intervals overlap),0.563152473179531,56.338781401279874,1.3039216875411845,-0.08529836698551536,-25.61131773362363,0.6491546056049473,0.2625439355274449,0.6316378125283886,-0.36834686289894136,-1.2291669349041553e-06,-0.15347697649970482,-0.17485751785727088,,,,,,,,,,0.2352117252754468,,
21089,KY,320,ok,acceptable (VEI within +/-10),1.0,0.0,1.0,0.0,0.0,1.0,1.0000000000000004,1.0000000000000002,0.0,-1.6841632924848679e-21,0.0,0.0,0.0,0.0,0.0,0.0,0.0,0.0,0.0,0.0,0.0,0.0,0.0,0.0
21091,KY,57,skipped (fewer than 100 sales),,,,,,,,,,,,,,,,,,,,,,,,,
21093,,0,no residential sales in 2025,,,,,,,,,,,,,,,,,,,,,,,,,
21095,,0,no residential sales in 2025,,,,,,,,,,,,,,,,,,,,,,,,,
21097,KY,223,ok,acceptable (confidence intervals overlap),0.7260666666666666,40.86229803841153,1.3369124485761148,-0.08286182485255966,-20.70462286466327,0.6337480806982903,0.031771026907775404,0.6277598178443626,-0.3722348579118276,-1.5725225655277517e-07,-0.16480307711931452,-0.2096194602147914,,,,,,,,,,0.10861668774595183,,
21101,KY,585,ok,UNACCEPTABLE regressivity,0.8233333333333334,30.866223346901883,1.292637475089723,-0.07313756680664155,-61.55373921014438,0.6091778541750892,0.09545101300599015,0.5588505342865486,-0.4411436352673691,-6.27213648835636e-07,-0.1731225845122477,-0.23837283142776933,,,,,,,,,,0.20060613921591727,,
21103,KY,226,ok,UNACCEPTABLE regressivity,0.88,33.2012647907701,1.2476406038838386,-0.0625500869812845,-28.20507589358577,0.6718763525770827,0.31951523577856605,0.7152540518492067,-0.284720869008353,-5.514263444572981e-07,-0.1439105676502841,-0.17461648043103306,,,,,,,,,,0.24537291698238878,,
21105,,0,no residential sales in 2025,,,,,,,,,,,,,,,,,,,,,,,,,
21107,KY,558,ok,acceptable (confidence intervals overlap),0.7644405452827643,36.184152692784636,1.19577953198227,-0.026086916807979532,-19.24559601569732,0.8246249338163765,0.11618826076423854,0.8407402163191593,-0.15923988271827552,-2.878006578075896e-07,-0.08373246379247212,-0.12592112721956283,,,,,,,,,,0.1460504982546446,,
21109,,0,no residential sales in 2025,,,,,,,,,,,,,,,,,,,,,,,,,
21111,,0,no residential sales in 2025,,,,,,,,,,,,,,,,,,,,,,,,,
21113,,0,no residential sales in 2025,,,,,,,,,,,,,,,,,,,,,,,,,
21115,,0,no residential sales in 2025,,,,,,,,,,,,,,,,,,,,,,,,,
21117,KY,2174,ok,acceptable (VEI within +/-10),0.7979525636553889,19.52783565225196,1.0248673555764407,0.0025757067172223723,0.7754968673088123,0.9398435378592139,0.7085052139076018,0.9196637506413958,-0.08033384004874503,-1.8548078117191128e-07,-0.01753605412631898,-0.01717566483307409,,0.21793288146547385,0.15116829166974635,,,0.13902435354503018,,0.1599160859657823,0.15991498079715644,0.12663111960868245,0.13611837180176953,0.1342020195212791
21119,KY,180,ok,UNACCEPTABLE regressivity,0.9220647773279352,82.18712149700636,1.7761921783771695,-0.22223041185350012,-91.45600209708864,0.6495194091593092,0.4413579530531381,0.4928096768981022,-0.5071807335007807,-3.8057590350684168e-06,-0.1919793085883219,-0.20017872684255744,,,,,,,,,,,,
21121,,0,no residential sales in 2025,,,,,,,,,,,,,,,,,,,,,,,,,
21123,,0,no residential sales in 2025,,,,,,,,,,,,,,,,,,,,,,,,,
21125,KY,1032,ok,acceptable (VEI within +/-10),0.7936105476673427,50.82662732919603,1.477691383634297,-0.04838341446559983,9.757966805977667,0.6330529625369512,0.09532662898326702,0.6285373670733648,-0.3714531118692198,-4.786707258289827e-07,-0.19755701580283658,-0.2823629504780578,,,,,,,,,,0.23604478987148747,,
21127,,0,no residential sales in 2025,,,,,,,,,,,,,,,,,,,,,,,,,
21129,,0,no residential sales in 2025,,,,,,,,,,,,,,,,,,,,,,,,,
21131,,0,no residential sales in 2025,,,,,,,,,,,,,,,,,,,,,,,,,
21133,,0,no residential sales in 2025,,,,,,,,,,,,,,,,,,,,,,,,,
21135,,0,no residential sales in 2025,,,,,,,,,,,,,,,,,,,,,,,,,
21137,KY,353,ok,UNACCEPTABLE regressivity,0.736,41.24599624352022,1.2212076754050318,-0.12664028002760042,-43.00065820382858,0.6718481029834295,0.3084721021704653,0.6793031557977395,-0.32069365639207364,-1.1947913385006567e-06,-0.12334565786745433,-0.14292567351596452,,,,,,,,,,0.24262247396161285,,
21139,KY,49,skipped (fewer than 100 sales),,,,,,,,,,,,,,,,,,,,,,,,,
21141,KY,340,ok,acceptable (VEI within +/-10),1.0,0.9198971321152938,1.0006211811108228,-0.001818934303513626,0.0,1.0002049109680915,0.9979931385662107,0.9966619966666906,-0.0033379454883945966,-3.6064172342463684e-09,6.721341397919467e-05,0.0003605452725461422,0.0,0.012008746912978895,0.02322116884624368,0.038588982762222376,0.0,,0.03145104432177577,0.030082830539463496,0.030082610994255236,0.023063879088734893,,
21143,KY,206,ok,acceptable (confidence intervals overlap),0.8122036693465264,37.59887165644664,1.0389049812193467,0.03078698076105118,30.583220917666146,0.9631636414038045,0.740388009338385,0.9780588960146376,-0.021915698836786072,-1.218706084147843e-07,-0.018511591210615297,-0.022672718724570773,,,0.16563678486857758,,,0.16377571525035306,,0.1991939643680706,0.19952342393894273,0.1881208561212812,0.16533376023500754,0.17398713437789395
21145,,0,no residential sales in 2025,,,,,,,,,,,,,,,,,,,,,,,,,
21147,,0,no residential sales in 2025,,,,,,,,,,,,,,,,,,,,,,,,,
21149,KY,38,skipped (fewer than 100 sales),,,,,,,,,,,,,,,,,,,,,,,,,
21151,,0,no residential sales in 2025,,,,,,,,,,,,,,,,,,,,,,,,,
21155,KY,317,ok,UNACCEPTABLE progressivity,0.6666666666666666,48.14662949693618,1.0983074762281513,0.10280683559686188,49.378019323671495,0.870990435461235,0.3090710691936737,0.7840661575378679,-0.2159079649318436,-4.5448174212581044e-07,-0.04010330163417919,-0.04923249990223311,,,,,,,,,,0.1937775870991625,,0.23149137397222033
21157,,0,no residential sales in 2025,,,,,,,,,,,,,,,,,,,,,,,,,
21159,,0,no residential sales in 2025,,,,,,,,,,,,,,,,,,,,,,,,,
21161,,0,no residential sales in 2025,,,,,,,,,,,,,,,,,,,,,,,,,
21163,,0,no residential sales in 2025,,,,,,,,,,,,,,,,,,,,,,,,,
21165,,0,no residential sales in 2025,,,,,,,,,,,,,,,,,,,,,,,,,
21167,,0,no residential sales in 2025,,,,,,,,,,,,,,,,,,,,,,,,,
21169,,0,no residential sales in 2025,,,,,,,,,,,,,,,,,,,,,,,,,
21171,,0,no residential sales in 2025,,,,,,,,,,,,,,,,,,,,,,,,,
21173,,0,no residential sales in 2025,,,,,,,,,,,,,,,,,,,,,,,,,
21175,KY,165,ok,acceptable (VEI within +/-10),0.8,53.070760714152264,1.3623453997885666,-0.04383046832098369,-4.687499999999997,0.7407885279342671,0.3741384087291608,0.7478622540668455,-0.2521181550729702,-6.84471890756307e-07,-0.14008486227150962,-0.18282971837977535,,,,,0.17915185426728608,,,,,,,
21177,KY,388,ok,acceptable (confidence intervals overlap),0.7142857142857143,59.16363134552874,1.3634367123104156,-0.11176792325657121,-24.816053511705686,0.7610641638794409,0.4040134147629657,0.7034436727707074,-0.2965438266449919,-1.76319408930068e-06,-0.11843108085399923,-0.14392282849054583,,,,,,,,,,,,
21179,,0,no residential sales in 2025,,,,,,,,,,,,,,,,,,,,,,,,,
21181,,0,no residential sales in 2025,,,,,,,,,,,,,,,,,,,,,,,,,
21183,KY,110,ok,acceptable (VEI significance <= 10),0.728219696969697,32.058244687776906,1.040783285668047,0.06805148483822036,32.68644337140505,0.9062373778960344,0.5059545385707256,0.95575424890529,-0.044231173943863125,-3.2596638176449996e-07,-0.03411646856321848,-0.05079410566428533,,,0.2263934216411235,,,,,0.15141691700384452,0.15157583426674134,0.1545044186998491,0.20023905132995864,
21185,,0,no residential sales in 2025,,,,,,,,,,,,,,,,,,,,,,,,,
21187,KY,255,ok,acceptable (VEI within +/-10),0.703125,55.15372633799736,1.2572359263888215,-0.014454953313590167,-0.37449100938463037,0.8071845380049414,0.4310858850651612,0.8812567741979314,-0.11866228883352804,-6.595369576555081e-07,-0.09732686629260745,-0.11737166563382351,,,,0.2029708200269399,0.05941322494966332,,,,,,,
21189,,0,no residential sales in 2025,,,,,,,,,,,,,,,,,,,,,,,,,
21191,KY,216,ok,UNACCEPTABLE regressivity,0.6219636887985842,44.14017824007791,1.2798834100197831,-0.12163037309859644,-45.00407729056274,0.6402160005512884,0.1757776665294409,0.6931829461706935,-0.30680563382258286,-7.133110661010698e-07,-0.1479944633268928,-0.17959549385333662,,,,,,,,,,0.21319468852262216,,
21193,KY,192,ok,acceptable (VEI within +/-10),0.7717121588089331,73.16121073270972,1.3197268786266276,-0.06204132073842643,-8.086603575952461,0.8799075632538325,0.7586075896483556,0.7609997941696903,-0.23897041351357562,-2.0640951739973788e-06,-0.06210737235135433,-0.03421264432777815,,,,,,,,,,,,0.19820155118922092
21195,KY,429,ok,UNACCEPTABLE regressivity,0.725,62.1126243982686,1.4033832404378142,-0.1370203819825582,-41.379310344827594,0.7922321634726931,0.3528545415653908,0.6862938239414382,-0.313690401851429,-1.246322064084086e-06,-0.10880005025469153,-0.12478262147230645,,,,,,,,,,,,
21197,,0,no residential sales in 2025,,,,,,,,,,,,,,,,,,,,,,,,,
21199,KY,487,ok,acceptable (VEI significance <= 10),0.8551617873651772,25.49689558511845,1.0323133082307174,0.061177000657163416,24.87766039908753,0.9128816382068284,0.6433116910786039,0.9633461843259905,-0.03664946184093703,-1.6602905426523354e-07,-0.029004344595557896,-0.035686841658883806,,,0.17775833235259714,,,0.20771473745164493,,0.15474236492283358,0.15472757323184924,0.14334388226355718,0.16739324237286676,0.21668939768763834
21201,KY,18,skipped (fewer than 100 sales),,,,,,,,,,,,,,,,,,,,,,,,,
21203,,0,no residential sales in 2025,,,,,,,,,,,,,,,,,,,,,,,,,
21205,KY,268,ok,acceptable (VEI within +/-10),0.7979591836734694,47.50057794516124,1.2356497364831693,-0.019687671967841554,-9.560257978427664,0.7278409806203956,0.2674679725210311,0.7862221594094126,-0.21374414491404345,-6.919759626022368e-07,-0.11641388970274402,-0.13915692002369662,,,,0.1603305285215899,,,,,,0.24839266562095297,,
21207,KY,453,ok,acceptable (VEI within +/-10),0.6190476190476191,59.490731446982984,1.3124748573389753,-0.050559166862720877,-6.2873777805904405,0.8192954584824268,0.2145495823492028,0.7860203745313082,-0.21395319836622134,-7.307105771881812e-07,-0.0953270493510534,-0.14051006322092352,,,,,0.2317750830915141,,,,,0.22070837977288502,,
21209,,0,no residential sales in 2025,,,,,,,,,,,,,,,,,,,,,,,,,
21211,,0,no residential sales in 2025,,,,,,,,,,,,,,,,,,,,,,,,,
21213,,0,no residential sales in 2025,,,,,,,,,,,,,,,,,,,,,,,,,
21215,,0,no residential sales in 2025,,,,,,,,,,,,,,,,,,,,,,,,,
21217,KY,0,no residential sales in 2025,,,,,,,,,,,,,,,,,,,,,,,,,
21219,KY,228,ok,acceptable (confidence intervals overlap),0.908959868959869,73.55609802518049,2.746204233099274,-0.08336473527454542,-12.802779090182803,0.5139445899895582,0.024532903477481247,0.5754057579081276,-0.424593058616367,-3.237952127376426e-08,-0.3632155013132963,-0.5446955465353644,,,,,,,,,,0.061954625846068985,,
21221,KY,526,ok,UNACCEPTABLE progressivity,0.5567380838343672,64.24495503531875,1.0163121893136011,0.0706804773896215,60.837120000189266,0.9916643048618576,0.6115764277291627,0.9056195572565349,-0.0943352946456837,-3.564396787826983e-08,-0.00464293954852546,-0.0029465431335857772,,,0.12419398042702641,,,0.13349894045479804,,,,0.09535286395603156,0.12250864732949385,0.163578650887933
21223,KY,95,skipped (fewer than 100 sales),,,,,,,,,,,,,,,,,,,,,,,,,
21225,KY,133,ok,UNACCEPTABLE regressivity,0.7086614173228346,51.57181457222413,1.480117250044447,-0.1543941048942557,-52.876349206349204,0.6539052914137925,0.10750349965241954,0.7035237236982066,-0.29646948278347385,-7.220924285884363e-07,-0.17542817402348243,-0.24200403855080976,,,,,,,,,,0.23660730585520187,,
21227,,0,no residential sales in 2025,,,,,,,,,,,,,,,,,,,,,,,,,
21229,KY,188,ok,acceptable (VEI within +/-10),0.7085144927536232,42.18472007375882,1.1573652970743877,-0.0004785347320306596,3.3360451872341472,0.7199980094613984,0.3714647448970313,0.7771685233542014,-0.222819809799483,-6.983086485581596e-07,-0.10942486554646158,-0.1288062843774429,,,,0.10720866635233307,,,,,,0.24465285730937594,,
21231,KY,272,ok,UNACCEPTABLE regressivity,0.6612871217013827,60.493557098478796,1.4192837217810363,-0.1479579017906312,-56.707591557988735,0.6700555115743922,0.2212114990080298,0.6330339790409807,-0.3669573396569204,-1.2662065421040714e-06,-0.15661389972780215,-0.20435677541540986,,,,,,,,,,,,
21233,KY,155,ok,acceptable (confidence intervals overlap),0.8,40.35674840536172,1.38246599803978,-0.04378153918118683,-41.616766467065865,0.7505184824493984,0.09762537662970569,0.7779615715186169,-0.22200396309047005,-5.682572375397729e-07,-0.1416324631274053,-0.22659890520017134,,,,,,,,,,0.20224152136706103,,
21235,,0,no residential sales in 2025,,,,,,,,,,,,,,,,,,,,,,,,,
21237,KY,60,skipped (fewer than 100 sales),,,,,,,,,,,,,,,,,,,,,,,,,
21239,,0,no residential sales in 2025,,,,,,,,,,,,,,,,,,,,,,,,,
22001,,0,no residential sales in 2025,,,,,,,,,,,,,,,,,,,,,,,,,
22003,,0,no residential sales in 2025,,,,,,,,,,,,,,,,,,,,,,,,,
22005,,0,no residential sales in 2025,,,,,,,,,,,,,,,,,,,,,,,,,
22007,,0,no residential sales in 2025,,,,,,,,,,,,,,,,,,,,,,,,,
22009,,0,no residential sales in 2025,,,,,,,,,,,,,,,,,,,,,,,,,
22011,,0,no residential sales in 2025,,,,,,,,,,,,,,,,,,,,,,,,,
22013,,0,no residential sales in 2025,,,,,,,,,,,,,,,,,,,,,,,,,
22015,,0,no residential sales in 2025,,,,,,,,,,,,,,,,,,,,,,,,,
22017,,0,no residential sales in 2025,,,,,,,,,,,,,,,,,,,,,,,,,
22019,,0,no residential sales in 2025,,,,,,,,,,,,,,,,,,,,,,,,,
22021,,0,no residential sales in 2025,,,,,,,,,,,,,,,,,,,,,,,,,
22023,,0,no residential sales in 2025,,,,,,,,,,,,,,,,,,,,,,,,,
22025,,0,no residential sales in 2025,,,,,,,,,,,,,,,,,,,,,,,,,
22027,,0,no residential sales in 2025,,,,,,,,,,,,,,,,,,,,,,,,,
22029,,0,no residential sales in 2025,,,,,,,,,,,,,,,,,,,,,,,,,
22031,,0,no residential sales in 2025,,,,,,,,,,,,,,,,,,,,,,,,,
22033,,0,no residential sales in 2025,,,,,,,,,,,,,,,,,,,,,,,,,
22035,,0,no residential sales in 2025,,,,,,,,,,,,,,,,,,,,,,,,,
22037,,0,no residential sales in 2025,,,,,,,,,,,,,,,,,,,,,,,,,
22039,,0,no residential sales in 2025,,,,,,,,,,,,,,,,,,,,,,,,,
22041,,0,no residential sales in 2025,,,,,,,,,,,,,,,,,,,,,,,,,
22043,,0,no residential sales in 2025,,,,,,,,,,,,,,,,,,,,,,,,,
22045,,0,no residential sales in 2025,,,,,,,,,,,,,,,,,,,,,,,,,
22047,,0,no residential sales in 2025,,,,,,,,,,,,,,,,,,,,,,,,,
22049,,0,no residential sales in 2025,,,,,,,,,,,,,,,,,,,,,,,,,
22051,,0,no residential sales in 2025,,,,,,,,,,,,,,,,,,,,,,,,,
22053,,0,no residential sales in 2025,,,,,,,,,,,,,,,,,,,,,,,,,
22055,,0,no residential sales in 2025,,,,,,,,,,,,,,,,,,,,,,,,,
22057,,0,no residential sales in 2025,,,,,,,,,,,,,,,,,,,,,,,,,
22059,,0,no residential sales in 2025,,,,,,,,,,,,,,,,,,,,,,,,,
22061,,0,no residential sales in 2025,,,,,,,,,,,,,,,,,,,,,,,,,
22063,,0,no residential sales in 2025,,,,,,,,,,,,,,,,,,,,,,,,,
22065,,0,no residential sales in 2025,,,,,,,,,,,,,,,,,,,,,,,,,
22067,,0,no residential sales in 2025,,,,,,,,,,,,,,,,,,,,,,,,,
22069,,0,no residential sales in 2025,,,,,,,,,,,,,,,,,,,,,,,,,
22071,,0,no residential sales in 2025,,,,,,,,,,,,,,,,,,,,,,,,,
22073,,0,no residential sales in 2025,,,,,,,,,,,,,,,,,,,,,,,,,
22075,,0,no residential sales in 2025,,,,,,,,,,,,,,,,,,,,,,,,,
22077,,0,no residential sales in 2025,,,,,,,,,,,,,,,,,,,,,,,,,
22079,,0,no residential sales in 2025,,,,,,,,,,,,,,,,,,,,,,,,,
22081,,0,no residential sales in 2025,,,,,,,,,,,,,,,,,,,,,,,,,
22083,,0,no residential sales in 2025,,,,,,,,,,,,,,,,,,,,,,,,,
22085,,0,no residential sales in 2025,,,,,,,,,,,,,,,,,,,,,,,,,
22087,,0,no residential sales in 2025,,,,,,,,,,,,,,,,,,,,,,,,,
22089,,0,no residential sales in 2025,,,,,,,,,,,,,,,,,,,,,,,,,
22093,,0,no residential sales in 2025,,,,,,,,,,,,,,,,,,,,,,,,,
22097,,0,no residential sales in 2025,,,,,,,,,,,,,,,,,,,,,,,,,
22099,,0,no residential sales in 2025,,,,,,,,,,,,,,,,,,,,,,,,,
22101,,0,no residential sales in 2025,,,,,,,,,,,,,,,,,,,,,,,,,
22103,,0,no residential sales in 2025,,,,,,,,,,,,,,,,,,,,,,,,,
22105,,0,no residential sales in 2025,,,,,,,,,,,,,,,,,,,,,,,,,
22107,,0,no residential sales in 2025,,,,,,,,,,,,,,,,,,,,,,,,,
22109,,0,no residential sales in 2025,,,,,,,,,,,,,,,,,,,,,,,,,
22111,,0,no residential sales in 2025,,,,,,,,,,,,,,,,,,,,,,,,,
22113,,0,no residential sales in 2025,,,,,,,,,,,,,,,,,,,,,,,,,
22115,,0,no residential sales in 2025,,,,,,,,,,,,,,,,,,,,,,,,,
22117,,0,no residential sales in 2025,,,,,,,,,,,,,,,,,,,,,,,,,
22119,,0,no residential sales in 2025,,,,,,,,,,,,,,,,,,,,,,,,,
22121,,0,no residential sales in 2025,,,,,,,,,,,,,,,,,,,,,,,,,
22123,,0,no residential sales in 2025,,,,,,,,,,,,,,,,,,,,,,,,,
22125,,0,no residential sales in 2025,,,,,,,,,,,,,,,,,,,,,,,,,
22127,,0,no residential sales in 2025,,,,,,,,,,,,,,,,,,,,,,,,,
23001,,0,no residential sales in 2025,,,,,,,,,,,,,,,,,,,,,,,,,
23003,,0,no residential sales in 2025,,,,,,,,,,,,,,,,,,,,,,,,,
23005,,0,no residential sales in 2025,,,,,,,,,,,,,,,,,,,,,,,,,
23007,,0,no residential sales in 2025,,,,,,,,,,,,,,,,,,,,,,,,,
23009,,0,no residential sales in 2025,,,,,,,,,,,,,,,,,,,,,,,,,
23011,,0,no residential sales in 2025,,,,,,,,,,,,,,,,,,,,,,,,,
23013,,0,no residential sales in 2025,,,,,,,,,,,,,,,,,,,,,,,,,
23015,,0,no residential sales in 2025,,,,,,,,,,,,,,,,,,,,,,,,,
23017,,0,no residential sales in 2025,,,,,,,,,,,,,,,,,,,,,,,,,
23019,,0,no residential sales in 2025,,,,,,,,,,,,,,,,,,,,,,,,,
23021,,0,no residential sales in 2025,,,,,,,,,,,,,,,,,,,,,,,,,
23023,ME,0,no residential sales in 2025,,,,,,,,,,,,,,,,,,,,,,,,,
23025,,0,no residential sales in 2025,,,,,,,,,,,,,,,,,,,,,,,,,
23027,,0,no residential sales in 2025,,,,,,,,,,,,,,,,,,,,,,,,,
23029,,0,no residential sales in 2025,,,,,,,,,,,,,,,,,,,,,,,,,
23031,,0,no residential sales in 2025,,,,,,,,,,,,,,,,,,,,,,,,,
24001,MD,907,ok,UNACCEPTABLE regressivity,0.8595833333333334,31.64828749913503,1.1266521625971708,-0.10815195290046985,-37.79780685973477,0.8061676814202686,0.6293135930210356,0.7699400574333498,-0.23005732690968386,-1.1532826411311314e-06,-0.07127484965413466,-0.0707841863359,,,,,,,,,,,,
24003,MD,6484,ok,acceptable (VEI within +/-10),0.8242192691029899,10.96972008892247,1.0194391801989242,-0.009175010348674842,-1.1684939605250884,0.9376770750681108,0.718808107690096,0.9521932367167798,-0.0478038998159208,-5.151090007028624e-08,-0.01828584555088897,-0.021184195557892638,,0.13098285159358533,0.13751487341892155,0.08303260234998612,0.0655715999240854,0.12925916545828828,,0.1194487960243818,0.11944542792180027,0.10196494534793345,0.1291441592154477,0.14267343632347168
24005,MD,8293,ok,acceptable (VEI within +/-10),0.8138666666666666,15.261292686106467,1.059214064298286,-0.015665588027267776,-7.110814461995282,0.8786218178468389,0.44050423018671997,0.9165800932298234,-0.08341698519611968,-9.82589785999605e-09,-0.04228074471009369,-0.051009544653704886,,0.17671179930743638,0.22953117969233455,0.1204345292526033,0.139311936398029,0.22182306815454259,,0.1560638403258876,0.1560614137046036,0.11419953997349211,0.2230415455317286,0.23815857194282075
24009,MD,1063,ok,acceptable (VEI within +/-10),0.8210327115436604,12.103732090971219,1.008471772476048,0.014614619655428521,8.220159212845502,0.9607809332879069,0.7682544485435352,0.9501973804968605,-0.04980221567334025,-6.969301585705191e-08,-0.008797973664062653,-0.00937314863330907,,0.15108194038849337,0.10139141920309204,,,0.09792136611762382,0.21961185894902985,0.1002648232255181,0.10026461873374491,0.08064814249661723,0.09436905920954004,0.09730060213631299
24011,MD,370,ok,acceptable (VEI within +/-10),0.8319813019984561,20.66113564543028,1.071884094800633,-0.0856218204269778,-5.476428366864899,0.7815308643760304,0.5616281541755034,0.7728076040945496,-0.22719070459330162,-4.187697661385037e-07,-0.06337547165886526,-0.06723864699650073,,0.22345027965156178,0.22611240146314407,0.23683683372240397,0.16307099732804403,0.23962503533593205,,0.24674702572095783,0.24674642866019836,0.18958116491967572,0.23650263927927037,0.24309669256432787
24013,MD,1701,ok,acceptable (VEI within +/-10),0.8324409448818898,11.21685715789781,1.0092770604758814,0.0037048639546883337,2.872513886430884,0.9470717062078174,0.766758601433381,0.9491213953546537,-0.050877870179425744,-8.754379633141466e-08,-0.011717832629111413,-0.012690322009549782,,0.13606196714578514,0.09563477641040825,,,0.0949830314671967,0.2138291263973859,0.09977943603758647,0.09977914246362508,0.07743346978381974,0.0898220056128416,0.09576883896226208
24015,MD,1127,ok,acceptable (VEI within +/-10),0.7637647058823529,16.222997045425394,1.0185900093132063,-0.00457164202405194,-5.398952511249219,0.9557422396932983,0.6843894001120786,0.9628807832907468,-0.03711326067225787,-1.27682404247985e-07,-0.011782079689853564,-0.012342261894026318,,0.19711201343589954,0.1405276189907357,0.06338981905048426,0.15764448164489753,0.11482653387006847,,0.14418857778839547,0.14418524063515753,0.10999235314704457,0.11243287131182628,0.11433691689338497
24017,MD,2033,ok,acceptable (VEI significance <= 10),0.8891666666666667,10.40791752163008,1.004673749525027,0.03396764971702433,10.221019460524666,0.9732125146658869,0.8661205156107424,1.0009850282972301,0.000987219072011429,-3.1806607658773463e-09,-0.005866931987553059,-0.006066102347221269,,0.12723949286473435,0.07647032152834564,,,0.0671354905497594,0.1127296460833928,,,0.0608964611698097,0.06436504953395226,0.07044373420511335
24019,MD,613,ok,UNACCEPTABLE regressivity,0.7722222222222223,29.85723686491409,1.6720680487232624,-0.10552109410786494,-99.58378774561591,0.5367998824851258,0.09220735119765354,0.6352872492831456,-0.3647051229757568,-1.7381301596155693e-07,-0.27079608015571077,-0.3784843219910843,,,,,,,,,,0.13536305571369756,,
24021,MD,3351,ok,acceptable (VEI significance <= 10),0.8504746835443038,12.067003091872099,1.0057455732805327,0.039737454363162686,13.233049425476935,0.9853498310367627,0.7586591159545939,1.0026219853571956,0.0026231349789740724,-1.7362335655573412e-09,-0.0037712751025558156,-0.006302253007935077,,0.14323144866471693,0.08557803563046652,,,0.05913712195246844,0.23866802703240259,,,0.05974737858098519,0.05662433932808976,0.07285433322493008
24023,MD,488,ok,acceptable (VEI significance <= 10),0.7764534632034632,23.983953362048084,1.021992838917275,0.012605402894308332,11.025745684949689,0.9820902771542819,0.7326608585125689,0.9759349508997943,-0.02406305148170935,-3.8331682497092885e-08,-0.008137693063533513,-0.013657541612198454,,,0.14957221506730212,,,0.1373187402973455,,0.13914539507020515,0.1391288683792787,0.09539536357151238,0.12660645761016856,0.13201159826101028
24025,MD,2895,ok,acceptable (VEI within +/-10),0.8027473706804035,12.811743291388588,1.0086912170516966,0.015304301743765592,4.233312439931439,0.9633380076075012,0.7470412494718429,0.9579676203828377,-0.04203149243957708,-7.874850792381117e-08,-0.008708807449191003,-0.010063458809856929,,0.15310257151865622,0.09352951714596187,,,0.08427987261550157,0.2376043895898326,0.0984873657413873,0.09848576736816328,0.07680161448046273,0.08157294402827316,0.08658798192741889
24027,MD,3101,ok,acceptable (VEI within +/-10),0.8632116788321168,8.607836440560634,1.0174739722090813,-0.009227091681154563,-2.5036713224362686,0.9427684324208329,0.6874592001594769,0.959817027601098,-0.040182549532754505,-7.178877073071336e-09,-0.01621838686395516,-0.01868053001499992,,0.10400150065221998,0.12020360533760217,0.0720688629214477,0.09409240302796897,0.12204849401034266,,0.08995499994870662,0.08995471613587039,0.08734466419263436,0.12361374233034463,0.11968242766050237
24029,MD,281,ok,acceptable (VEI significance <= 10),0.7305882352941176,20.893978035812946,1.0900914956539296,-0.09651002568121993,-17.42493751829421,0.7883489929294655,0.43803360514209483,0.7643093212694211,-0.23569005938830415,-2.3020267427813277e-07,-0.07200537950104713,-0.08070429086611397,,0.23102917763615155,0.23147078060659776,0.2284821338156576,0.21259040486933178,0.23300448283222314,,0.23282280696426655,0.23282233402030114,0.1615817842550112,0.23162100988359313,
24031,MD,8711,ok,acceptable (VEI within +/-10),0.8651612903225806,10.202445565600552,1.011376669308605,-0.005633334206643385,-1.030144474857144,0.9781514251207033,0.8447730116108618,0.9695866107848042,-0.030413142685044817,-3.298863447676189e-09,-0.00809834581606439,-0.008322888872924983,,0.12362995726491331,0.10345272422595576,0.06968636733119153,0.06754475304645824,0.10144853160328057,0.12748384317798106,0.11204349884449077,0.11204320057849632,0.0852627178590763,0.10119565914183916,0.10000644627164244
24033,MD,7361,ok,acceptable (VEI within +/-10),0.8905882352941177,12.082542821658905,1.0103409913830412,-0.006671315023010421,-0.7489478376013167,0.9461846229454701,1.0412991595000392,0.9520542008893134,-0.04793445373102299,-1.1549107786189018e-08,-0.012579958377593625,-0.011605353108686156,,0.14487317330031235,0.0985489333599952,0.07910858217739195,0.05370433493439005,0.0902213309246329,0.10120172544155666,0.11610331302768626,0.1160834772671634,0.10523405271513307,0.08894561596622176,0.08269447892705042
24035,MD,751,ok,acceptable (VEI significance <= 10),0.86775,12.177045237314122,1.0260533738457691,-0.017107495294943077,-14.463608897071111,0.9216038350499494,0.7027910815623215,0.9373356537614875,-0.06266304912459549,-7.86178012838297e-08,-0.022699557418294214,-0.027981435567740798,,0.14653981751889786,0.16531871646250804,0.11768527301493799,0.19017105995339847,0.15786240910546284,,0.13908007274128348,0.139077584477992,0.1310099937214273,0.15812581289401106,0.17294777660873564
24037,MD,1277,ok,acceptable (VEI within +/-10),0.8383620689655172,11.698860159218345,1.010103877061918,0.005191279400999146,3.837124244483498,0.9591908290590176,0.7371860593076124,0.9451772438585906,-0.05482239940759306,-7.385314383982116e-08,-0.009101730077327286,-0.009154998553477789,,0.14245073009164036,0.09612410729456163,,,0.08218667314819372,,0.09202669305156119,0.09202508545853884,0.07633115286058277,0.08081165561674186,0.08020609816006724
24039,MD,308,ok,acceptable (VEI significance <= 10),0.8363853908049415,31.12779044703892,1.1192378779339662,-0.11241342477206677,-22.194039693717816,0.8138130513212969,0.5736187095272353,0.7407964026509831,-0.25920217295644665,-8.860770460072049e-07,-0.06569707318772466,-0.07013884150951966,,,,,,,,,,0.24066495931840143,,
24041,MD,582,ok,acceptable (VEI significance <= 10),0.8007915143458513,19.333900434952607,1.0792762489406234,-0.043250696799016754,-21.668246904342524,0.8865437089962026,0.6167725934090041,0.8860221032932313,-0.11397739461866538,-6.377859286438683e-08,-0.0502049163152507,-0.056799925072493984,,0.2260120957770956,,0.23576785114937132,,,,0.22742551799986274,0.22742849219425987,0.180778351158979,,
24043,MD,1568,ok,UNACCEPTABLE progressivity,0.8377113996089793,17.519998366068645,1.0039375773857926,0.054386158315397934,20.94846144951703,1.0198770298617275,0.8046464307429005,0.9756839319105475,-0.024315470044920094,-2.860432125810897e-08,0.005018631888077829,0.005200903529535061,,0.19922287695440544,0.05561494541674264,,,,0.24364214591243158,0.07838097280669193,0.07837990680689252,0.050422288915225065,,
24045,MD,1097,ok,acceptable (VEI within +/-10),0.7734782608695652,22.53975911157681,1.1084790301804601,0.01484628282642753,-3.308806773070305,0.809811769489932,0.212507572649462,0.8792555429424374,-0.12074288510208055,-2.1593704832018563e-08,-0.06901546816659798,-0.08841218171826304,,0.24489931386030803,,,0.098150061513065,,,0.19888631889982375,0.19888434299684918,0.08156476574969053,,
24047,MD,1800,ok,acceptable (VEI within +/-10),0.8603553169137388,15.675425404425988,1.0361505097001036,-0.016762697650161543,1.3402212355666585,0.8722185879618515,0.6272053765682893,0.8979618277524757,-0.10203754737409942,-1.3880577202715185e-07,-0.03689210738535631,-0.04348987557438799,,0.17942095767307692,0.1715877656064983,0.10437889097422225,,0.1750969618838628,,0.15730243781400596,0.15730183691394106,0.13232624364995363,0.173830065176051,0.19124023172011306
24510,MD,10303,ok,UNACCEPTABLE progressivity,0.7780952380952381,36.49045012038736,1.2125562892867303,-0.002639814786361354,19.795563902695257,0.7922094729524845,0.3794597176750423,0.7897796769520651,-0.21021535046227482,-6.448464454582402e-08,-0.10435131951318621,-0.1431501099340744,,,,0.08105833890994919,,,,,,0.21170100551053703,,
25001,MA,0,no residential sales in 2025,,,,,,,,,,,,,,,,,,,,,,,,,
25003,MA,0,no residential sales in 2025,,,,,,,,,,,,,,,,,,,,,,,,,
25005,MA,0,no residential sales in 2025,,,,,,,,,,,,,,,,,,,,,,,,,
25007,MA,0,no residential sales in 2025,,,,,,,,,,,,,,,,,,,,,,,,,
25009,MA,0,no residential sales in 2025,,,,,,,,,,,,,,,,,,,,,,,,,
25011,MA,0,no residential sales in 2025,,,,,,,,,,,,,,,,,,,,,,,,,
25013,MA,0,no residential sales in 2025,,,,,,,,,,,,,,,,,,,,,,,,,
25015,MA,0,no residential sales in 2025,,,,,,,,,,,,,,,,,,,,,,,,,
25017,MA,0,no residential sales in 2025,,,,,,,,,,,,,,,,,,,,,,,,,
25019,MA,0,no residential sales in 2025,,,,,,,,,,,,,,,,,,,,,,,,,
25021,MA,0,no residential sales in 2025,,,,,,,,,,,,,,,,,,,,,,,,,
25023,MA,0,no residential sales in 2025,,,,,,,,,,,,,,,,,,,,,,,,,
25025,MA,0,no residential sales in 2025,,,,,,,,,,,,,,,,,,,,,,,,,
25027,MA,0,no residential sales in 2025,,,,,,,,,,,,,,,,,,,,,,,,,
26001,,0,no residential sales in 2025,,,,,,,,,,,,,,,,,,,,,,,,,
26003,,0,no residential sales in 2025,,,,,,,,,,,,,,,,,,,,,,,,,
26005,MI,1298,ok,acceptable (VEI within +/-10),0.8608782051282051,18.36701393246136,1.0165077842105192,0.031217088203540588,8.099787032551932,0.9677018920550015,0.7422584082746844,0.9733767772063363,-0.02662027713931142,-5.8882502768799454e-08,-0.01018189495629307,-0.01209372149891319,,0.21372172757088595,0.12261521832182222,,,0.10509745482426523,,0.10279681926936952,0.10279211766619792,0.10694742200970342,0.10387201542096167,0.10793839473042456
26007,,0,no residential sales in 2025,,,,,,,,,,,,,,,,,,,,,,,,,
26009,,0,no residential sales in 2025,,,,,,,,,,,,,,,,,,,,,,,,,
26011,MI,130,ok,acceptable (VEI within +/-10),0.8334469696969697,34.71711905208203,1.0490506691617658,0.008955879035373737,-9.159961898252963,0.9640628493376089,0.859532020798136,0.983939356434193,-0.01604214998263718,-2.9999835165083633e-07,-0.015999272996927827,-0.009199622945486707,,,0.20405215250765318,0.11438938813235877,0.22013983098226875,0.21088426518290487,0.2243000541255507,0.15196314009102518,0.15178995165951223,0.2121465416106579,0.1611478280219133,0.10261259148871775
26013,,0,no residential sales in 2025,,,,,,,,,,,,,,,,,,,,,,,,,
26015,MI,770,ok,acceptable (VEI within +/-10),0.8622753315365805,20.882614750965278,1.0205158814799726,0.012253182500217728,7.71171784341864,0.9628121987199505,0.8445175071834751,0.9162720844041298,-0.08372722029787079,-1.4181385161667785e-07,-0.010905263970481194,-0.007693968110673577,,0.2380512139188677,0.14092973847727414,,,0.10270731666913568,0.24193345570192476,0.17243340118443765,0.1724319741982691,0.1337804783629596,0.08694071604761851,0.10199524986354945
26017,MI,1241,ok,acceptable (VEI within +/-10),0.8876190476190476,22.591530353665142,1.0402977653590155,-0.018933983000752476,-7.048043158558172,0.9194057125355172,0.8359192573891546,0.884927397586181,-0.1150704472737694,-3.9531665477338355e-07,-0.026198370568275564,-0.02270555633396376,,0.234952845433862,0.2050410182665883,0.13096705418107862,0.13407231771285882,0.17754484709893598,0.24019703343302728,0.21681429467493027,0.21680991645977765,0.17392908310573507,0.1795422832717908,0.1538169195873302
26019,,0,no residential sales in 2025,,,,,,,,,,,,,,,,,,,,,,,,,
26021,MI,1584,ok,acceptable (confidence intervals overlap),0.8926864158837188,22.804740016193907,1.0504281647156761,-0.02474636768505116,-13.922662210859023,0.9088811436516538,0.7308280505384349,0.889378064218535,-0.1106205200552401,-2.7826291424270854e-07,-0.030597679729914118,-0.03345360295899846,,0.24516628507388757,0.20610516855369274,0.16618141641489287,0.20380813291864103,0.18395317856073806,,0.22363754699361169,0.2236365006909478,0.18180661541253335,0.17868974496075077,0.17741326494580686
26023,MI,536,ok,acceptable (confidence intervals overlap),0.833593170007424,28.979694082844627,1.077009885771769,-0.03641364492415359,-17.67102668840288,0.854353592130096,0.6027751256303061,0.8138173415033272,-0.1861794915542496,-5.335912253413546e-07,-0.04882612071566217,-0.05079259038506234,,,0.23442144866287737,0.21618277106679124,,0.24445104915539,,,,0.23011246241520833,0.24048743658553676,0.23179479379177878
26025,MI,0,no residential sales in 2025,,,,,,,,,,,,,,,,,,,,,,,,,
26027,MI,645,ok,acceptable (VEI significance <= 10),0.8748484848484849,37.32339169577711,1.1138807623204234,-0.05363479877254686,-33.339106338759954,0.854081685580212,0.7279620636793893,0.7841964795748374,-0.21580303493066733,-5.122342953122642e-07,-0.05659995461770717,-0.055583733649814615,,,,0.22876993176645163,,,,,,,,
26031,MI,561,ok,UNACCEPTABLE regressivity,1.2051139521956642,1894.7139443730298,20.169159871776376,-5.712885171877993,-1937.714592344021,0.47525196691196875,0.6572232904264353,0.178945940653163,-0.821080421452574,-5.820601249528915e-05,-0.3512153883876914,-0.31219804550300223,,,,,,,,,,,,
26033,,0,no residential sales in 2025,,,,,,,,,,,,,,,,,,,,,,,,,
26035,,0,no residential sales in 2025,,,,,,,,,,,,,,,,,,,,,,,,,
26037,MI,736,ok,acceptable (VEI significance <= 10),0.8907940360610264,15.330273395084777,1.005740453123821,0.033162220434893724,15.27000534116407,0.9982707102569905,0.8265855270900485,0.9851602413819059,-0.014839067394884786,-5.951051917396813e-08,-0.00044868230121197783,-0.0008648908416915013,,0.17836385368695404,0.07474816626245762,,,0.022676722246652826,0.21159322722903612,0.06986458505960062,0.06986250833652943,0.072013083938161,0.021466416083414815,0.032305328756554626
26039,MI,392,ok,UNACCEPTABLE regressivity,1.5915119363395225,1359.169450016286,18.721475818797796,-7.200138335477816,-2722.704247285373,0.4316297146052356,0.5027445346535091,0.18285951229142638,-0.8171627157116074,-0.00010941857056840462,-0.3539562054048475,-0.35089611038859503,,,,,,,,,,,,
26041,,0,no residential sales in 2025,,,,,,,,,,,,,,,,,,,,,,,,,
26043,MI,141,ok,acceptable (confidence intervals overlap),0.8153846153846154,28.892013349982577,1.0922847432740888,-0.06938110002679036,-24.924739653851613,0.848662909104167,0.6926982487068425,0.8274520211877926,-0.1725392380672288,-6.638105068513864e-07,-0.056658840999089355,-0.0520999676228997,,,,0.2180460090285444,,,,,,0.24891267483808072,,0.22650593179185324
26045,MI,1099,ok,acceptable (VEI within +/-10),0.8790794979079498,14.002703958669125,1.0106356595312413,0.010578535213411863,5.650760052567385,0.9602795422470805,0.8403333033648933,0.9374490066206596,-0.06255056510846035,-1.6810115519100475e-07,-0.009225293831500947,-0.008831298105430596,,0.16974344492065319,0.10359990098964655,,,0.08591738974376402,0.18035781500338363,0.11457010602619834,0.11456990304249161,0.09938360800153394,0.08307777533781804,0.060945400846177764
26047,MI,492,ok,UNACCEPTABLE regressivity,0.9849032258064516,2035.9717638572963,17.858662101666372,-12.395285805964699,-4665.218455032243,0.42257690098837986,0.502478489959324,0.17174815042134522,-0.8282673397788074,-8.488528405869552e-05,-0.2972484720471613,-0.2829939803465156,,,,,,,,,,,,
26049,MI,4790,ok,UNACCEPTABLE regressivity,0.8969766167336499,23.176330147228782,1.054819024564077,-0.049995345639725665,-18.6147212597045,0.94993928645344,0.8559165057694305,0.8967371017224166,-0.10326082791099332,-3.6469681227858734e-07,-0.018815047349971303,-0.018370925015190442,,0.23959018734417734,0.21484587318393003,,,0.15983013553386496,0.24674185525540662,0.24710276293366848,0.24709307046572873,0.2123428092733443,0.15539854942603767,0.1371210915174159
26051,MI,312,ok,acceptable (VEI within +/-10),0.8525,21.8173660341821,1.0283355278659758,0.008749996598645064,1.7491909712023512,0.9437461261550234,0.7993135575860895,0.9472057945827783,-0.052790962118173704,-2.986274807432073e-07,-0.018988927178629877,-0.018637502779449422,,0.23306460797287398,0.1708616405797427,,,0.16038960190023155,0.23013289273931287,0.17677423991758398,0.17677027055475783,0.15678212275242112,0.1567637286700078,0.14501386979632583
26053,MI,271,ok,acceptable (confidence intervals overlap),0.8320444444444445,55.0823095141141,1.274187457754756,-0.09933721302141535,-28.11868074773922,0.8208302234867624,0.609342849097699,0.7124250674121541,-0.2875742293591004,-1.1382657829943264e-06,-0.08936571772133939,-0.0918376591137291,,,,,,,,,,,,
26055,,0,no residential sales in 2025,,,,,,,,,,,,,,,,,,,,,,,,,
26057,,0,no residential sales in 2025,,,,,,,,,,,,,,,,,,,,,,,,,
26059,MI,664,ok,acceptable (VEI within +/-10),0.8204770491803279,30.85726363796155,1.0656749313005056,-0.02435810453476189,-3.536862527493726,0.900351537370778,0.7718539746594628,0.8086503424804501,-0.19134778889371984,-4.684116371248556e-07,-0.03428063972957429,-0.025840233398459977,,,0.22312366373925072,0.18107256019375143,0.06862135433583447,0.24319862629301484,,,,0.22341307056933704,0.20093838835841177,0.1825797710564622
26061,MI,220,ok,acceptable (VEI within +/-10),0.7719808139534884,25.149216592885164,1.0277741559934572,0.02869471763002722,5.982992307686764,0.9444706548326598,0.7516249968669848,0.9557796253610072,-0.044209613566098475,-2.7839719851177684e-07,-0.017867301356544463,-0.011973480275906612,,,0.15449063543739283,,,0.1410227273764853,,0.15551973647578984,0.15553820872952612,0.13076370702726614,0.14079505778405735,0.11461300174949142
26065,MI,3143,ok,acceptable (VEI within +/-10),0.8698305084745763,16.52281790899614,1.0210940466295257,-0.013082978077810246,-3.606115134956847,0.9735368057941538,0.7709836547173199,0.9300486592755058,-0.0699514460866982,-9.47367376474549e-08,-0.008833953971783881,-0.007096747032025119,,0.192899141596223,0.14426602973791472,0.10955585484775235,0.095511140256291,0.10964849888559078,,0.15601558788228945,0.156015505160356,0.10855984866591298,0.10677356047413608,0.10089362555218183
26067,MI,395,ok,acceptable (VEI significance <= 10),0.791864406779661,18.377000623174855,1.0122666946601973,0.031837531386744077,10.896526418786696,0.9750086490631351,0.7785957635140465,0.925821555437485,-0.07417785698843846,-1.4231759232052578e-07,-0.00628140892156881,-0.004186247661136511,,0.21813081381007934,0.11564477544579341,,,0.08136248101901218,0.21073889794647432,0.1336343934327349,0.13363407461052565,0.09697293626857485,0.06529270235149191,0.052405719280924974
26069,MI,631,ok,acceptable (confidence intervals overlap),0.8344444444444444,27.811847524246026,1.0621300981406216,-0.03838016297030431,-11.138869250005635,0.9231377663541115,0.75889634701878,0.8927309003792587,-0.10726771584827435,-5.030162443005518e-07,-0.028590726585421056,-0.030437191359366622,,,0.24557168634974666,0.20681887610452865,0.20430081361522745,0.2000904356041618,,,,0.20050533291067982,0.18658224616063346,0.19734439233968812
26071,,0,no residential sales in 2025,,,,,,,,,,,,,,,,,,,,,,,,,
26073,,0,no residential sales in 2025,,,,,,,,,,,,,,,,,,,,,,,,,
26075,,0,no residential sales in 2025,,,,,,,,,,,,,,,,,,,,,,,,,
26077,MI,2858,ok,acceptable (VEI within +/-10),0.8944984294647926,15.561646583749827,1.0119714728188356,0.02013869509574225,5.507661104797214,0.983946937358159,0.7845401235949837,0.973533813875013,-0.026465625700322206,-5.850276847077743e-08,-0.004886553855405484,-0.007392205155173137,,0.18329455456539698,0.1057664652756729,,,0.07856387631243801,,0.1006884081657853,0.10068792066621161,0.09193892691508032,0.07364740914188837,0.08639252488556697
26079,,0,no residential sales in 2025,,,,,,,,,,,,,,,,,,,,,,,,,
26081,MI,6745,ok,acceptable (VEI within +/-10),0.8851851851851852,12.145958414721205,1.0107616776347221,0.01198922474529407,3.681419073635473,0.959213726293102,0.8013007463677554,0.9570999888431893,-0.042899595553992,-7.100867290607453e-08,-0.010551539364158646,-0.011470573472978751,,0.14520945086076167,0.10062327716149652,,,0.09501143335193173,0.24362201830832245,0.09444195923645178,0.09444141320747998,0.08783632254116168,0.09343919595319619,0.09828892632705995
26083,,0,no residential sales in 2025,,,,,,,,,,,,,,,,,,,,,,,,,
26085,,0,no residential sales in 2025,,,,,,,,,,,,,,,,,,,,,,,,,
26087,MI,878,ok,acceptable (VEI within +/-10),0.8757389347336835,19.525626444925688,1.0205760101472043,0.009368043053812407,3.13903534483304,0.9565598862539403,0.7826308325734023,0.9417798340801629,-0.05822010498784986,-1.5071928828003102e-07,-0.012867531835982327,-0.013907089305398301,,0.21823656244404643,0.13608376554330565,,,0.10984799808633146,,0.13860016243558754,0.13860018509869818,0.11647465474650279,0.10775585387883661,0.10764037023066268
26089,,0,no residential sales in 2025,,,,,,,,,,,,,,,,,,,,,,,,,
26091,,0,no residential sales in 2025,,,,,,,,,,,,,,,,,,,,,,,,,
26093,MI,2114,ok,acceptable (VEI within +/-10),0.9000131871996249,12.581051273100538,1.007003252546111,0.013183205170267349,1.1248350830369607,0.9751459963677737,0.8697408805730967,0.9667842830732489,-0.033215288389213074,-5.1702492768853335e-08,-0.006206967256053408,-0.00661837573453794,,0.14841769460643456,0.08545828008656468,,,0.07793221786180785,0.20756321151377022,0.09335855246030121,0.09335788820362896,0.07471631620293247,0.07610599989721593,0.07881197167050727
26095,,0,no residential sales in 2025,,,,,,,,,,,,,,,,,,,,,,,,,
26099,MI,6991,ok,acceptable (VEI within +/-10),0.8989473684210526,10.776494037959354,1.0065667407632433,0.00653193042676833,2.8101629492295688,0.9825749444812372,0.8516714317436602,0.9750324239655905,-0.024967160246157485,-6.806925716739856e-08,-0.004617204756184323,-0.005005309572970962,,0.13076748125677887,0.07732896793340284,,,0.06400210338589891,0.19851871556495626,0.07675516125464993,0.07675459786314123,0.0703761961051905,0.06327085724173882,0.0634629185640857
26101,,0,no residential sales in 2025,,,,,,,,,,,,,,,,,,,,,,,,,
26103,MI,742,ok,acceptable (VEI within +/-10),0.8094260762549406,25.149915889119264,1.0382817225478547,-0.00715447688840103,-3.3234362587073423,0.9446820945223332,0.7443583338955856,0.8980695516575578,-0.1019290784775959,-3.05999521711844e-07,-0.017913352049994113,-0.01781137100050989,,,0.19386719808854888,0.12829498491161057,0.11488945555499366,0.14687676243662917,,0.22950732031911664,0.229505352066913,0.16904952468867618,0.13852074261071307,0.13409622006195504
26105,MI,404,ok,acceptable (VEI within +/-10),0.8522570183439748,27.24267719992849,1.0367987169205444,0.03349840496239308,9.082179096903536,0.92955385160688,0.7536360328281057,0.9471725472353707,-0.052820590841454566,-2.3174288636313303e-07,-0.02351404952887104,-0.024666537669493227,,,0.16662005115729073,,,0.16906253414095063,,0.16219801813715412,0.1621901378939,0.164906825166791,0.15888874585950705,0.15539991943547665
26107,MI,612,ok,acceptable (VEI within +/-10),0.8523076923076923,23.337267501025433,1.0453075696184755,-0.02029905935335068,-7.053941677552912,0.9227207668711833,0.7427327007928957,0.9049785158777511,-0.09502029747263271,-3.268768315083052e-07,-0.026285869920442018,-0.029216029620988238,,0.24928646143475283,0.20369938806452104,0.16858693990893076,0.1664854894831456,0.16707214386307784,,0.2136318776778158,0.21363075414501564,0.1911777230924227,0.1613590541949319,0.1641214404942989
26109,,0,no residential sales in 2025,,,,,,,,,,,,,,,,,,,,,,,,,
26111,MI,992,ok,acceptable (VEI within +/-10),0.8875857892228802,18.115891115998878,1.0313240796524976,-0.02350391661920899,0.49422109979192874,0.9407528379768468,0.7095592119231214,0.9175501929776938,-0.08244930307552248,-2.0214950204760573e-07,-0.018676394719112865,-0.016889002326459845,,0.2108558337153545,0.1786320883488178,0.16531145801245362,,0.16017944664677536,,0.18790668167734817,0.18790662423610882,0.15109925411219702,0.15460660245823338,0.12845990369010604
26113,MI,69,skipped (fewer than 100 sales),,,,,,,,,,,,,,,,,,,,,,,,,
26115,MI,1667,ok,acceptable (VEI within +/-10),0.86875,16.493903929376547,1.0172255446224392,-0.0033530969569362462,-1.428316842842111,0.9479305851776637,0.8325518814374121,0.9117341653522705,-0.08826449799861977,-2.395751128125393e-07,-0.01292737408747402,-0.010916988360062163,,0.1886311771126243,0.13421788277648983,0.04464202326747733,0.04417966166801863,0.11176999894961653,0.21230925402004347,0.14515027936395636,0.14514906655271984,0.13141331837351747,0.09943076517250504,0.09459747965328444
26117,MI,963,ok,acceptable (VEI within +/-10),0.8453333333333334,25.496376475556417,1.0459321887320685,-0.02130608337256086,-9.747634069400632,0.8900182672907165,0.7413862347225862,0.8275240081219052,-0.17247454622697686,-5.442567721686083e-07,-0.02976610291358428,-0.028230793805522403,,0.23951463968845185,0.20135373138490004,0.16167462534180993,0.22092463860694328,0.1905628068890548,,,,0.19895999163240294,0.17290840030695012,0.1625038492590188
26119,,0,no residential sales in 2025,,,,,,,,,,,,,,,,,,,,,,,,,
26121,MI,2229,ok,acceptable (VEI significance <= 10),0.8691075514874141,18.158116982651645,1.0019606045892087,0.025276131011804055,11.038050534711125,1.0235085777347364,0.9170536493998233,0.9786594617414195,-0.021340172495598626,-1.565633522093922e-08,0.0071325535289108455,0.00928214073907907,,0.2060939553884213,0.03903941495984737,,,,0.15833422597177874,0.09188368848180158,0.09188200746595764,0.03847197452095829,,
26123,,0,no residential sales in 2025,,,,,,,,,,,,,,,,,,,,,,,,,
26125,,0,no residential sales in 2025,,,,,,,,,,,,,,,,,,,,,,,,,
26127,MI,295,ok,acceptable (VEI within +/-10),0.8746666666666667,35.369216808468884,1.1131843346517618,-0.042466966626049006,5.002152505631328,0.8553800186617241,0.6194231951602813,0.8079142190453826,-0.1920860266179108,-4.70087368970554e-07,-0.05668634344875123,-0.0590789602628925,,,,0.21140069996538802,,,,,,0.22469457312200358,0.23661758176518968,0.22663474809690848
26129,,0,no residential sales in 2025,,,,,,,,,,,,,,,,,,,,,,,,,
26131,,0,no residential sales in 2025,,,,,,,,,,,,,,,,,,,,,,,,,
26135,,0,no residential sales in 2025,,,,,,,,,,,,,,,,,,,,,,,,,
26137,MI,400,ok,acceptable (confidence intervals overlap),0.8797916666666667,43.436516013302295,1.1939457160657871,-0.22303658821804143,-21.15835732745637,0.8633880181670027,0.7846783209214039,0.7477912849525963,-0.25224518754247055,-1.6533339369317417e-06,-0.04835524597069285,-0.041213944894761045,,,,,,0.23817246807061873,,,,,0.22591759058336044,0.22164415060265197
26139,MI,2949,ok,acceptable (VEI within +/-10),0.8687392055267703,11.695547178260561,1.002863106865999,0.02575043948345993,5.807601905109285,0.9950562090444328,0.8494368618868257,0.9855315154943237,-0.014468038917971623,-1.5424276068463756e-08,-0.0012354481699889952,-0.001512691273075184,,0.1370766629406726,0.05668142377671754,,,0.03539323588473836,0.22151935409724932,0.05982162568774221,0.05982058372518306,0.052452798020932105,0.034758878024956044,0.037784502384483186
26141,,0,no residential sales in 2025,,,,,,,,,,,,,,,,,,,,,,,,,
26143,MI,731,ok,acceptable (VEI within +/-10),0.8307692307692308,23.819572637568992,1.0160152355030383,0.0013396902734731187,2.1408730158730167,1.0076606313480945,0.826955663389585,0.9587568537711263,-0.041242939654212746,-4.8333760966243316e-08,0.003259293396774332,0.0026695565345685734,,,0.13526689548626059,,,,,0.1729860197669877,0.17298604941860043,0.11653578296570208,,
26145,MI,2238,ok,UNACCEPTABLE regressivity,0.8850438596491228,24.343896006355887,1.065879078963209,-0.06349566894209503,-27.39528175143237,0.9256392803597806,0.8071768393278235,0.8649298060840332,-0.13506942397993607,-5.590977278288667e-07,-0.027371902587868924,-0.028527434752123826,,,0.23025268675724517,,,0.18429148152394792,,,,0.2170750189079197,0.18203473606227252,0.16664082054575619
26147,MI,0,no residential sales in 2025,,,,,,,,,,,,,,,,,,,,,,,,,
26149,MI,796,ok,UNACCEPTABLE regressivity,0.895885078776645,26.926298071403956,1.0637695271328804,-0.06856654294848326,-30.647349489895426,0.8889533562712684,0.8409942835830523,0.7968551925514843,-0.2031452887102214,-5.848690403205795e-07,-0.03548662407695802,-0.029680484160391707,,,0.2186660484819622,0.2415527646637575,,0.2256743354432632,,,,0.24387053030802205,0.22128090448442106,0.1904050855819989
26151,MI,461,ok,acceptable (VEI within +/-10),0.8628571428571429,34.00558329913652,1.0788413076219978,-0.0016090459820497437,-3.808653084109797,0.8632722231476675,0.7721694473329204,0.8442163430663149,-0.15577705120952084,-4.83743966078929e-07,-0.04905620044799064,-0.045365000741197425,,,0.2448146349483499,0.1399817366327255,0.17954666678078607,,,,,0.22792107336365755,0.23374185160848715,0.2247535176307545
26155,MI,801,ok,acceptable (VEI within +/-10),0.8611764705882353,23.79515612307012,1.0381577458845788,0.007345690992601189,-5.055085208555735,0.8853701986899057,0.7642163212166299,0.9362909555644406,-0.06370314306176962,-5.603518894908929e-07,-0.03298760853585159,-0.033176456148092726,,,0.17603383653717777,,0.10687344453903806,0.18708642148397397,,0.16981983768191927,0.16980979467750568,0.16334848279029696,0.165264274649358,0.16725098034426797
26157,MI,339,ok,acceptable (VEI within +/-10),0.882420091324201,34.017736047027654,1.0924710209879573,0.01801304104856727,-7.049228182877465,0.8024984811371318,0.5875033121182094,0.9507785360174815,-0.04918519421398647,-9.589753082093879e-07,-0.06749337784915199,-0.07387194057666702,,,,,0.1640373676457177,,,0.20364584514803682,0.2039357955811708,0.23509861274634378,0.2404370058071214,0.2454324521310797
26159,MI,981,ok,acceptable (VEI within +/-10),0.8796265421807269,29.025433938244422,1.0616277678193697,-0.023865519640024823,4.4264905046321115,0.9163696992847777,0.8427896664094748,0.8605749256775472,-0.13942455049595714,-4.218475574114981e-07,-0.028762473837474545,-0.026811426508992264,,0.2207167560272519,0.23408777337755474,0.18039537802695377,,0.2025555766089386,0.201359096733869,,,0.2479061032013296,0.18725630331138604,0.15395752211564345
26161,MI,3284,ok,acceptable (VEI within +/-10),0.9004383738273938,12.77917732816479,1.0133044501963195,0.00930290353662938,2.8972193621694395,0.9559147320637564,0.7998027248843788,0.9604096967626896,-0.0395898844732447,-6.930068490374743e-08,-0.012832991536978033,-0.015603161651009723,,0.15292428335746677,0.10476943018177338,,,0.10515344591562643,0.23800217814157534,0.10168042535966063,0.1016800528539822,0.0954120261148179,0.1036250664299595,0.12071300215063899
26163,MI,15227,ok,UNACCEPTABLE regressivity,0.8904347826086957,26.709237164476022,1.0703549303641522,-0.03365545396961556,-17.009840745192317,0.9203618380520588,0.7860400996973288,0.8652585630700049,-0.13473985530504443,-3.62379081403333e-07,-0.03212404816646952,-0.032829048454389165,,,0.23501628715282144,0.22826873522867094,,0.2244654595227924,,,,0.22583466893355056,0.21828422722570473,0.21054112279954748
26165,,0,no residential sales in 2025,,,,,,,,,,,,,,,,,,,,,,,,,
27001,MN,421,ok,acceptable (VEI within +/-10),0.8733333333333333,23.577409224805926,1.029788517812643,0.009846549566758452,6.685461485079817,0.9579672048583043,0.7877047990982559,0.9831930067678487,-0.01680237101586617,-1.4212687658745535e-07,-0.017268996200929587,-0.023252544391496377,,0.24240112219416426,0.1990574066523603,,,0.16636024097175733,,0.13340364732097806,0.1333854293307492,0.13634777002104811,0.14917370188100826,0.16254575390091466
27003,MN,3613,ok,acceptable (VEI within +/-10),0.9220358929096794,7.403144068482082,1.0131638792252424,-0.006953532522888353,-2.389663564798955,0.9472361053743882,0.8237836724442142,0.9562760391311315,-0.04372377213967831,-3.7290089430436685e-09,-0.01340209324213637,-0.014416268747287742,,0.0898596615393452,0.11120408648840559,0.04383189813085112,0.08117190400592865,0.07152102906067528,0.22707943600622904,0.07616926899443911,0.0761688779944728,0.0670164061643054,0.07115213998058435,0.08273312834859735
27005,MN,642,ok,acceptable (VEI within +/-10),0.8616228070175438,30.94151428600052,1.0859931320157374,0.027738799047796293,-0.4419661105840805,0.8659699800579328,0.6083442725034582,0.9350747773471803,-0.06487869657187478,-2.0998466379399673e-07,-0.05538669298368726,-0.07373353198592514,,,,,0.06075899787672594,,,,,0.2132997064080628,,
27007,MN,591,ok,acceptable (VEI within +/-10),0.8937931034482759,31.876893862266765,1.128467386766008,0.01979266336678818,2.316836192392519,0.7743581423791442,0.41127512604487576,0.7073923601658375,-0.2926090006424745,-2.7970554886116347e-07,-0.08598940941330047,-0.10332361098149612,,,,,0.06623496495972817,,,,,0.22502537548502635,,
27009,MN,455,ok,acceptable (VEI significance <= 10),0.8842947649216405,18.23493260573778,0.993281438173622,0.06843289109234313,13.34422243821796,0.9911861851363359,0.8525310216938375,1.0781142522245273,0.0781183982462965,2.92514925337285e-08,-0.0028018245407006592,-0.00568421623648141,,0.20778914691963712,,,,0.04356648797201457,0.19233070038588299,,,,0.04440959752486951,0.08675156639403374
27011,,0,no residential sales in 2025,,,,,,,,,,,,,,,,,,,,,,,,,
27013,MN,627,ok,acceptable (VEI within +/-10),0.9238219895287958,11.630351823793001,1.0078533797657414,0.0011670891715835033,1.3052609628986167,0.9801366856294725,0.9679380799705457,0.9584297017377601,-0.041570080494978165,-2.8301809956821715e-08,-0.005534628325265523,-0.004561607376047272,,0.14355002879784012,0.07984806785591593,,0.09704571166763896,0.08553591264366697,0.13266396798406457,0.10834968541333012,0.10834942489847758,0.10368936935507259,0.08770047968320777,0.08272384167645828
27015,,0,no residential sales in 2025,,,,,,,,,,,,,,,,,,,,,,,,,
27017,,0,no residential sales in 2025,,,,,,,,,,,,,,,,,,,,,,,,,
27019,MN,1486,ok,acceptable (VEI significance <= 10),0.9283385864168214,9.030531646830665,1.0244960360029072,-0.04190353949847121,-11.839376696240695,0.9188227454517134,0.8803089105979807,0.9123988140091722,-0.08760105385935016,-1.9030557588519373e-08,-0.024480861366101614,-0.025894268295558964,,0.11056216675104877,0.15126318059745428,0.16418032083656903,0.15776637750427097,0.1600859132462619,0.21215274094219805,0.13699823710595516,0.13699812273787942,0.14000985480580558,0.15582143017383396,0.16164058154972794
27021,,0,no residential sales in 2025,,,,,,,,,,,,,,,,,,,,,,,,,
27023,MN,132,ok,acceptable (confidence intervals overlap),0.8904449110177964,20.05908983809922,1.0401897164444034,0.04289758659024247,12.827232131196308,0.8666877234768916,0.5227831730746297,0.9638878964589339,-0.036106927008879304,-4.4477508418143784e-07,-0.04065861725823172,-0.05448947455332642,,0.23794925042929183,0.1918181112969316,,,0.2394056311449751,,0.12237521336182958,0.12236430698839434,0.1439001102726396,0.2376809034895696,0.21129923011069557
27025,,0,no residential sales in 2025,,,,,,,,,,,,,,,,,,,,,,,,,
27027,MN,763,ok,acceptable (VEI within +/-10),0.9025531914893618,8.965150929917979,1.00941909866198,0.00010414803077229062,3.6407343605339375,0.9507130756597421,0.8664093347312972,0.968471961486241,-0.031526723260340554,-3.499316365685119e-08,-0.012199384780283928,-0.012873589365362204,,0.10946330266852299,0.07686539717682477,0.00725183088696297,,0.08672398245675478,0.20486235012246384,0.08460704059788601,0.08460653123926215,0.07209945325148527,0.08651509798474871,0.07759535799722776
27029,,0,no residential sales in 2025,,,,,,,,,,,,,,,,,,,,,,,,,
27031,,0,no residential sales in 2025,,,,,,,,,,,,,,,,,,,,,,,,,
27033,MN,125,ok,acceptable (VEI within +/-10),0.9555822328931572,20.437512638834015,1.0339383030502016,-0.006531670279197392,-8.140391555490867,0.8992058191260274,0.9254563827585166,0.930713094986512,-0.06928370004164539,-3.6334670124087434e-07,-0.03363069293866561,-0.031251304156917126,,0.23932928028931325,0.16796992518802784,0.18865591689918632,0.1139980066429913,0.152753204722594,0.14860988771805153,0.16282781299680574,0.16280362101598525,0.18332824167299577,0.15556270801385824,0.17578107243993818
27035,MN,1153,ok,acceptable (VEI within +/-10),0.8987654320987655,18.979615125441534,1.034938545208927,0.006256615878122273,7.572037761589464,0.9419332166978697,0.7363455006446535,0.9666568935975007,-0.0333421678527168,-8.020039792121189e-08,-0.0232250381406649,-0.030797212072403157,,0.215335195662176,0.16764826367301847,,,0.17751115186727623,,0.1504545855045981,0.15044100224042323,0.15680459669984287,0.1753126527309117,0.19509014376636852
27037,,0,no residential sales in 2025,,,,,,,,,,,,,,,,,,,,,,,,,
27039,MN,198,ok,acceptable (VEI within +/-10),0.9115752427184466,11.292546730011496,1.0143449373327116,-0.008644304596557302,0.6281267692247404,0.9342220910891362,0.873878529408257,0.9404217550298933,-0.05957772929336193,-1.19687118860743e-07,-0.017127514891362328,-0.018447690488248458,,0.14066010447683233,0.11557495034746526,0.05623434799698806,0.017211282162640715,0.1171386799439987,0.23146785782835685,0.11009148566776956,0.11009256976778888,0.11067239264470123,0.11674841311550384,0.1501457023181424
27041,,0,no residential sales in 2025,,,,,,,,,,,,,,,,,,,,,,,,,
27043,MN,199,ok,acceptable (VEI within +/-10),0.8757692307692307,34.474214388867324,1.061620247221855,0.032457744314762824,1.0295104628637695,0.9123258624266564,0.9004392829816373,0.8548543830283927,-0.14511034450574453,-3.721919736584885e-07,-0.034788503189391085,-0.024016095141653926,,,0.19984850631307624,,,0.1967452629834143,0.1597358901912994,,,0.2468755598772722,0.206467310739174,0.12969081933284685
27045,MN,307,ok,UNACCEPTABLE progressivity,0.8724919093851132,32.63849816749961,1.0754216162226948,0.06918166423793917,27.26290801186944,0.8721300427056432,0.6237938483388334,0.8952848585415968,-0.10470002471857978,-2.1300093585988052e-07,-0.04858141032478658,-0.058840924846184306,,,0.2383168355983607,,,,,,,0.20687706886471283,0.24733176994908374,
27047,MN,361,ok,acceptable (VEI within +/-10),0.9307865168539325,18.10863423934013,1.0072974537223813,0.01306707004792304,9.424440657069292,1.005308984580982,0.9485974159826028,0.9628681681786985,-0.03713167072204605,-5.706677142394449e-08,0.001771053221211405,0.004759555180791852,,0.20505141696511228,0.09757959673890305,,,,0.13698060196642559,0.13383606047015992,0.13383577599455104,0.0991609078219068,,
27049,MN,609,ok,acceptable (VEI within +/-10),0.9113122171945701,15.246844187810801,1.0271486111559158,-0.015048311680041955,-7.851966051169686,0.9022102786225284,0.7759177042249441,0.8982271445232515,-0.10177184222200641,-1.9151160579693195e-07,-0.02673011896361399,-0.027850230818329713,,0.17724800933959692,0.15076385925447555,0.09621179268065205,0.1485160042778477,0.1475312506482159,,0.15467499860953599,0.15467437461318398,0.14434333094096974,0.14456870924107368,0.14819477157144323
27051,MN,93,skipped (fewer than 100 sales),,,,,,,,,,,,,,,,,,,,,,,,,
27053,,0,no residential sales in 2025,,,,,,,,,,,,,,,,,,,,,,,,,
27055,MN,240,ok,acceptable (VEI within +/-10),0.8955660048763496,22.194799263947953,1.0560455997325437,-0.013228601894565865,5.099686890917303,0.8322075056712085,0.583367881588311,0.8310279665250292,-0.16897098199752333,-4.0161686736660294e-07,-0.0500600952457273,-0.05590192617816947,,0.2438675887995179,0.23076390985273162,0.06214254908121431,,0.23621098206691912,,0.21064369696628868,0.21064591052933562,0.1875388061691951,0.23271310959168764,0.23411977568932493
27057,,0,no residential sales in 2025,,,,,,,,,,,,,,,,,,,,,,,,,
27059,MN,856,ok,acceptable (VEI within +/-10),0.9048980407836865,17.230288980111673,1.0201629478594372,0.046965344659052645,2.9064592411886854,0.8352667963148659,0.7540967219650114,0.93743853365254,-0.06255918305348132,-1.2782003366616135e-07,-0.03291573516885493,-0.033581190184843956,,0.19691635369047586,0.13864481361332487,,,0.17000668654046347,,0.12424708849380156,0.12424412890365646,0.11854036767781737,0.15101635102478259,0.15466365489106743
27061,,0,no residential sales in 2025,,,,,,,,,,,,,,,,,,,,,,,,,
27063,MN,97,skipped (fewer than 100 sales),,,,,,,,,,,,,,,,,,,,,,,,,
27065,MN,296,ok,acceptable (VEI within +/-10),0.9201369863013699,20.554846373498922,1.024327649939662,0.013192411698492619,5.665548188102915,0.9337953087470031,0.8043761341453493,0.9648404792782845,-0.03515883347239498,-2.505798814037712e-07,-0.020982139860733717,-0.025837424922879215,,0.21937691010787672,0.14685452736231674,,,0.15267252646954954,0.23231042309639763,0.1747105611422001,0.17470785511544143,0.15135075404188478,0.15787507816349874,0.1524864565900488
27067,MN,562,ok,acceptable (VEI within +/-10),0.8904347035285558,15.689863486412206,1.0159200933732522,-0.0014752790890601964,1.109608805810089,0.9680233824842351,0.8736225817124819,0.9580014326098966,-0.04199795656114671,-7.590854961208431e-08,-0.010869570283575491,-0.009969654609766287,,0.1817600108790382,0.12097007595031477,0.027406679009267933,0.10441228327509043,0.13970259424487805,0.20851658469512924,0.1441266974447593,0.14412592495611856,0.11007487832170366,0.1398097745991175,0.12891043160301466
27069,,0,no residential sales in 2025,,,,,,,,,,,,,,,,,,,,,,,,,
27071,,0,no residential sales in 2025,,,,,,,,,,,,,,,,,,,,,,,,,
27073,,0,no residential sales in 2025,,,,,,,,,,,,,,,,,,,,,,,,,
27075,MN,247,ok,acceptable (VEI within +/-10),0.9036363636363637,20.853857280755086,1.033761086548767,0.017858039266640424,-2.482203830898522,0.9311264550981231,0.7273155473868925,0.9749193881984607,-0.025078890113675777,-1.4947920525310267e-07,-0.02616814982374649,-0.032942692139188434,,0.22746634205641014,0.16950242267658322,,0.08090026900935207,0.19565445000079285,,0.11999083276970623,0.11997775076849933,0.1373837981120721,0.1840997575742437,0.1901469831024323
27077,MN,93,skipped (fewer than 100 sales),,,,,,,,,,,,,,,,,,,,,,,,,
27079,MN,362,ok,acceptable (VEI within +/-10),0.9141152574058096,11.880902119341002,1.0232630905951374,-0.02878446168370721,-1.6240460269563823,0.9272581948226244,0.8036427048810645,0.9250621620895562,-0.07493758627037608,-1.5538622584661285e-07,-0.020783291134828685,-0.022720231435634286,,0.14738856313817808,0.14665103700061896,0.1451230636834935,0.08996624321894237,0.1505049606526085,,0.1460405362433757,0.14604033634339292,0.12057323452491867,0.15051979937384302,0.12792526198168575
27081,MN,60,skipped (fewer than 100 sales),,,,,,,,,,,,,,,,,,,,,,,,,
27083,MN,270,ok,acceptable (VEI within +/-10),0.909265873015873,17.965105014851922,1.025589672741688,-0.008176676157694497,-2.599661830420985,0.9445183368864875,0.8491315725017906,0.9491874869226826,-0.05080999985220379,-3.327951651127766e-07,-0.016974838241758716,-0.01809154053014006,,0.20349437404045756,0.15681461859271842,0.08298339526092134,0.06205394189509225,0.14855142138826577,0.18731450566750382,0.1303491905739518,0.13034115593395273,0.1594317274335638,0.14691390464176726,0.14223309908789553
27085,,0,no residential sales in 2025,,,,,,,,,,,,,,,,,,,,,,,,,
27087,MN,0,no residential sales in 2025,,,,,,,,,,,,,,,,,,,,,,,,,
27089,MN,65,skipped (fewer than 100 sales),,,,,,,,,,,,,,,,,,,,,,,,,
27091,MN,261,ok,acceptable (VEI significance <= 10),0.955076923076923,18.834528630192736,1.031410206038738,-0.027787811759083948,-10.938170733369219,0.9717044283313202,0.9142921655892919,0.934134867574174,-0.06586654870715691,-2.969990585313909e-07,-0.010615703346395389,-0.00897161702159055,,0.22093461500610198,0.20306576697976234,0.22009474882381888,0.16650502926299385,0.11412526347296113,0.12215335553049719,0.21469599429618574,0.21469593649756777,0.15366759377443326,0.1133998078182416,0.10602344911174462
27093,MN,322,ok,acceptable (confidence intervals overlap),0.9525116279069767,20.457519361185966,1.0839700454687167,-0.010599695255779196,10.187876056026907,0.8586671195077475,0.4673194708130493,0.8916601460442327,-0.10833871454158055,-2.2390303405895723e-07,-0.05400300702167771,-0.07887856264694748,,0.22900457946194083,,0.07694753557127422,,,,0.22286357679469077,0.22286230733505727,0.17588613499824543,,
27095,MN,459,ok,acceptable (VEI within +/-10),0.8913043478260869,17.97504049287282,1.0370034793314353,-0.026759141955347766,-4.764187983343252,0.8838533420347264,0.7083985108740238,0.9063310481001192,-0.09366682651375854,-3.385726070232668e-07,-0.03224798952506336,-0.033944092100502754,,0.20800409086374091,0.177222145141976,0.18069311805701854,0.1397420642817385,0.17397360828104824,,0.16170477829698388,0.1617149271863899,0.14477013579010897,0.1630703550258691,0.14625123220739944
27097,MN,529,ok,UNACCEPTABLE progressivity,0.842,37.46555986359209,1.0237058136544106,0.08080150734500487,60.994398875461485,0.9180823404139071,0.6484055345945428,1.0550624983853079,0.05510519302465058,-1.3302593101343675e-07,-0.03104614414487661,-0.04220226920376735,,,0.13704561784548752,,,0.23302520253739828,,,,0.13302918731429966,0.2103124004058461,0.19692515785571352
27099,MN,469,ok,acceptable (VEI within +/-10),0.9144578313253012,16.403730875484513,1.0222321794393745,-0.036825944009452265,-3.2613870538771703,0.9624521963162006,0.9335937261226784,0.9007311010307739,-0.0992698119111675,-2.7425844905919554e-07,-0.011171988229533136,-0.006623615571941688,,0.19104715056982782,0.1495225448314553,0.17371219761158846,0.15769830030645351,0.09860174282481995,0.12280881997379092,0.1840859149408566,0.184086967720504,0.15405379520873663,0.0959459673555532,0.06901529257411802
27101,MN,57,skipped (fewer than 100 sales),,,,,,,,,,,,,,,,,,,,,,,,,
27103,MN,409,ok,acceptable (VEI within +/-10),0.9193939393939394,12.146480643271433,1.0007133971118007,0.019544574951944914,3.313146682392901,0.995020907283012,1.016535518954843,0.9653951886941796,-0.034604741282942435,-6.189120134771176e-09,-0.001229888377866084,0.0025122442641908327,,0.14625305470932448,0.049603063960874806,,,0.04252569478992347,0.04108222323479024,0.08755713777999803,0.08755633174214389,0.04900330573931673,0.0402492256586731,
27105,MN,191,ok,acceptable (confidence intervals overlap),0.878,18.60259240836354,1.0148512565151369,0.017150352085609458,11.784227847084257,0.976731749322518,0.8645834352697375,0.9381775265818879,-0.06182044911412492,-2.2727533306191318e-07,-0.006258405065997286,-0.0027801226451096284,,0.2394092981158485,0.12445665103300294,,,0.08185392805908545,0.1994489502270276,0.12804710088703466,0.12808770073847067,0.12307230916206503,0.07852491364247675,0.05064529681298899
27107,MN,65,skipped (fewer than 100 sales),,,,,,,,,,,,,,,,,,,,,,,,,
27109,,0,no residential sales in 2025,,,,,,,,,,,,,,,,,,,,,,,,,
27111,MN,886,ok,acceptable (VEI within +/-10),0.8836171236171236,19.50581656423166,1.0262640261554352,-1.2214288440737282e-05,-4.543178156164265,0.9680629279152192,0.7911652838129709,0.9648495846398486,-0.03514963119037667,-1.01477594732116e-07,-0.01238099421009653,-0.017010964334744028,,0.2188832391159622,0.1320282664113602,0.0006637860662360941,0.12325512700028782,0.11325980611949364,,0.14707614315927525,0.14706752131337786,0.11369762416205428,0.11628449624850423,0.11929886122665224
27113,,0,no residential sales in 2025,,,,,,,,,,,,,,,,,,,,,,,,,
27115,MN,659,ok,acceptable (VEI within +/-10),0.85875,33.38896767477647,1.1139173051637867,-0.00031593691181818504,7.026395480047117,0.8859037093034069,0.47015115008696207,0.8749659122219018,-0.12500319314710198,-3.0399920106351173e-07,-0.05044731505000821,-0.07138395488309301,,,,0.013479649968083787,,,,,,0.2272832448546173,,
27117,MN,131,ok,acceptable (VEI within +/-10),0.8725931697684942,25.23471906966024,1.0777546220076522,-0.052235520663631026,-5.674900825274511,0.8760596560824595,0.7585449257391413,0.8292011036520761,-0.17079679620850308,-7.628416898465564e-07,-0.04636858834690605,-0.04369528320208782,,0.2300268430468844,0.21624440352058372,0.20602103086368384,0.15393618905914735,0.2183102941033546,,,,0.21240196068169628,0.20624583226795726,0.21800982043359346
27119,,0,no residential sales in 2025,,,,,,,,,,,,,,,,,,,,,,,,,
27121,MN,152,ok,acceptable (VEI within +/-10),0.914314381270903,15.354963115299364,1.0008497745855731,0.04404984646147585,8.742874253831934,0.9872734703689904,0.916542351247373,1.0152626138789225,0.015264872722627977,-6.723337977833918e-09,-0.003756033677120074,-0.003627898076414837,,0.17873998904463234,0.06681659713933444,,,0.0851405392452328,0.193844097293288,,,0.05725861381341266,0.0809769757845571,0.0833697867299279
27123,MN,5279,ok,acceptable (VEI within +/-10),0.96,10.033190046558444,1.0179451547994671,-0.024175988037419698,-5.050605912595419,0.939919673017999,0.9016775030629176,0.9325785712812513,-0.06742127159560289,-1.7672737627134626e-08,-0.018265808761759983,-0.017432987244724973,,0.12108000513912293,0.13883451529800436,0.1333370743850993,0.13268923408600583,0.1296652826882989,0.18227192811676868,0.12917850908163284,0.1291782437961324,0.12380552286756795,0.12995315287919695,0.13838993603895006
27125,MN,36,skipped (fewer than 100 sales),,,,,,,,,,,,,,,,,,,,,,,,,
27127,MN,147,ok,acceptable (VEI within +/-10),0.8891228070175439,18.631872001975097,0.9978233396216895,0.028350391885085906,8.224834474584865,1.0271582063646227,0.9910400859948001,0.9972267063937024,-0.002771854499536144,2.3594644545255013e-08,0.009173928236902329,0.016909103148072258,,0.20853212089833792,,,,,0.010411944608032502,0.023046970569292214,0.023040627280833312,,,
27129,MN,180,ok,acceptable (VEI within +/-10),0.9412716090508176,32.89188357968842,0.9844961578291899,0.04719755166911332,1.9441659304586083,1.0444666291621485,1.2058942414324727,0.9650532598389084,-0.034945756614676346,7.198878317224389e-08,0.020522305003836117,0.03927104523768721,,,,,0.06018661244383416,,,0.17967154355512382,0.17964064452222397,,,
27131,MN,720,ok,acceptable (VEI within +/-10),0.9312771739130434,10.74538684149809,1.018085418063793,-0.029540172422381706,-7.377045843285522,0.9170536550991466,0.8188676584376537,0.9130947890186037,-0.08690499304752328,-1.804140714116014e-07,-0.020435559755283217,-0.021713533441014787,,0.13202069833873104,0.12388672858397909,0.10918757514318458,0.12383474192237882,0.12192715796347967,0.196605485021976,0.12336792200518887,0.12336776524807433,0.10983931660792286,0.1214679579837907,0.12331287727266188
27133,MN,100,ok,acceptable (confidence intervals overlap),0.8800279492980321,16.183943350623963,1.0198934157512767,0.012060365296939043,12.560017074584772,0.9236272492572628,0.7664811494805178,0.9663525035884086,-0.03364519468764587,-2.1646091276877636e-07,-0.022536479589417402,-0.028337757815757758,,0.19897716063975254,0.13799591302802888,,,0.1384874944634202,0.2250860432594432,0.10285380165489885,0.10286819539610437,0.1085934619639994,0.139356697301643,0.13754408123857734
27135,MN,130,ok,acceptable (VEI within +/-10),0.9189216283953126,15.147575008696943,1.0273858206180222,-0.02808360811099374,-0.14379042570025605,0.9041235204162615,0.7493984387177268,0.9055477781594384,-0.094452205238931,-4.458809742520164e-07,-0.024841102609842736,-0.028590945150453573,,0.1839975925345305,0.15694611983826529,0.13035284509681525,0.03128535832831189,0.1323727908633405,0.22654233934972687,0.17318312039492612,0.17318336311690963,0.14550740253468128,0.1306955705756334,0.15892797448561616
27137,,0,no residential sales in 2025,,,,,,,,,,,,,,,,,,,,,,,,,
27139,MN,1755,ok,acceptable (VEI within +/-10),0.934096109839817,8.794847285444392,1.0394932230837537,-0.02994026302944567,-7.995181247000749,0.8902942494676597,0.651899042909895,0.9237321601167532,-0.07626770077556644,-7.246716308617966e-09,-0.034169763622127425,-0.03912657539844466,,0.11004090601917735,0.2094195064870571,0.11903136194051259,0.1193637608700709,0.16589628399877715,,0.1151803289512871,0.1151802101455241,0.11363177449937702,0.17062327947246494,0.16727513479445347
27141,MN,1157,ok,acceptable (VEI within +/-10),0.9298651252408477,8.253071479313435,1.0100361774767195,-0.022434633308072847,-4.186268799106167,0.9201395372497434,0.8100592100289873,0.9283726016244513,-0.07162748773598333,-1.912179394779913e-07,-0.014747757202879352,-0.01635444172899625,,0.10251499258717033,0.09952466821591209,0.08870749423566934,0.09428501310550327,0.09225403818142852,0.15916075782928632,0.10049048049264167,0.1004909582399611,0.08819577843572625,0.09171887214017863,0.09681983770018511
27143,MN,227,ok,acceptable (VEI within +/-10),0.9644827586206897,31.75877262483992,1.1626346944298427,-0.012700251734977384,-2.4787590751122996,0.7681360568872532,0.43120876098207656,0.6461011426927659,-0.35391522521593066,-3.6966880175898286e-07,-0.09791306398367783,-0.12943536198674432,,,,0.16081552784352915,0.08527661163733026,,,,,,,
27145,MN,1782,ok,acceptable (VEI within +/-10),0.9107229612492771,11.217672673818711,1.003931818611454,0.007547358190726279,2.136296738154052,0.9833484769319605,1.0280657367744244,0.9674221745480346,-0.03257756360714652,-2.0427613193762382e-08,-0.0046056500993105765,-0.0037191221600152424,,0.1364796166630256,0.06387115181110835,,,0.06202400896908679,0.09137891645784012,0.09300109512147206,0.09300082823901129,0.06359443175780476,0.06155996233950857,0.05591906937694603
27147,MN,404,ok,acceptable (VEI within +/-10),0.9006252434748734,9.959884562666327,1.0062981199136851,0.006457203395858015,7.4726522064286245,0.9781052136192396,0.827023910625443,0.9657422732311076,-0.03425772364996737,-9.632572112209676e-08,-0.004807409752310088,-0.00585957209414012,,0.11852020868880878,0.062010956733892925,,,0.04584927449725283,0.16129024762021052,0.0789607178592547,0.0789625067844626,0.051286900950172,0.04519439761489516,0.047474454990574566
27149,MN,100,ok,acceptable (VEI significance <= 10),0.8234,21.126920091119224,1.010663419755338,0.04129222709026766,29.205269671628674,0.9699551397794461,0.7384441397521434,1.0316031900332794,0.03161299683664317,-4.3864253352707146e-08,-0.012007671297451061,-0.018978897771867675,,0.23680633646890017,0.11020411294369398,,,0.13455734463444066,,,,0.11662633567788559,0.13392225661129475,0.2001818042338821
27151,MN,115,ok,acceptable (VEI within +/-10),0.8600469116497264,23.50126099178738,1.0738989722422738,0.003485819423359763,-6.578679432155834,0.8616745044077492,0.551442076248332,0.9525663086582311,-0.047412829843095,-5.714851773855788e-07,-0.05379630483905595,-0.07300529111952803,,,0.2360740109574477,0.07641886705007106,0.19511738673543746,,,0.1911200155072604,0.1910128028231008,0.19489910137262523,0.2236984248647845,
27153,MN,428,ok,acceptable (confidence intervals overlap),0.8943001261034048,37.04169197553022,1.2159985425739024,0.015967582753684484,16.043422213148414,0.7527492116254847,0.09643163771044821,0.8558674897238081,-0.1441153944122527,-1.6867886066426737e-07,-0.1140088804694479,-0.16597850883498344,,,,,,,,,,0.16022878827298204,,
27155,MN,36,skipped (fewer than 100 sales),,,,,,,,,,,,,,,,,,,,,,,,,
27157,MN,317,ok,acceptable (VEI within +/-10),0.8955555555555555,17.167783949667264,1.0338833813594368,0.009236801760029651,-2.918662728763062,0.8796867424123219,0.7010160189374951,0.9818644456242709,-0.01813213232482156,-2.2572581478099279e-07,-0.040156466964704984,-0.04895744527063539,,0.19282711752297893,0.18172365722028364,,0.16937423351161657,0.1974232868343362,,0.11433647226050146,0.11431966585318863,0.14554306744460288,0.2006650212426717,0.20501434559098433
27159,MN,156,ok,acceptable (VEI within +/-10),0.9594414893617021,16.87966995692033,1.0149400376550097,0.02199101209009777,5.16080651989587,0.9546535968322704,0.8461646159520202,1.0028306903767876,0.002832036551901133,-9.907664111118602e-08,-0.01583512117888941,-0.019278141710874497,0.22425265925826404,0.20418946643497202,0.10048638784665156,,,0.1386319051982667,0.245954062260611,,,0.09000065031289559,0.13585128737247015,0.14284793966510392
27161,,0,no residential sales in 2025,,,,,,,,,,,,,,,,,,,,,,,,,
27163,,0,no residential sales in 2025,,,,,,,,,,,,,,,,,,,,,,,,,
27165,MN,116,ok,acceptable (VEI within +/-10),0.9902356164383561,24.032726672039434,1.1077080724471875,-0.058436029521980584,-6.540947620635963,0.7984741108587666,0.59289826997983,0.8134591430720006,-0.18654006915564902,-8.052020447976315e-07,-0.07633448788361519,-0.09605083945871806,0.15606974875404822,,,,0.12827319189904454,,,,,,,
27167,MN,62,skipped (fewer than 100 sales),,,,,,,,,,,,,,,,,,,,,,,,,
27169,MN,395,ok,acceptable (VEI within +/-10),0.8803921568627451,13.548570223446669,1.0090814476002745,0.01418695024836934,6.4441578506215755,0.9643180373694379,0.8672986998277828,0.9496817350977699,-0.050317714457096305,-9.958265683076844e-08,-0.008921454398739037,-0.008709002181095826,,0.15757170942762933,0.1006855674365444,,,0.09422093576418179,0.1803405178288985,0.11497715981170485,0.11497751510575914,0.1166441815226623,0.09237408352228463,0.09127766004720958
27171,MN,2000,ok,acceptable (VEI within +/-10),0.9301320501485246,8.223793957625093,1.0123082952246705,-0.013695604690296487,-2.633643703162169,0.9264693204498338,0.8176591613452997,0.9406702814911531,-0.059329276711526026,-1.0272004602066822e-07,-0.016459377106861517,-0.018023496287763896,,0.10193998950703871,0.10301073213528726,0.07941249746218687,0.09063197569865136,0.1103409538193235,0.19074318494667605,0.0960075984140421,0.09600731897726165,0.09354600494551951,0.11040090298684481,0.10568485489560303
27173,MN,79,skipped (fewer than 100 sales),,,,,,,,,,,,,,,,,,,,,,,,,
28001,,0,no residential sales in 2025,,,,,,,,,,,,,,,,,,,,,,,,,
28003,,0,no residential sales in 2025,,,,,,,,,,,,,,,,,,,,,,,,,
28007,,0,no residential sales in 2025,,,,,,,,,,,,,,,,,,,,,,,,,
28009,,0,no residential sales in 2025,,,,,,,,,,,,,,,,,,,,,,,,,
28011,,0,no residential sales in 2025,,,,,,,,,,,,,,,,,,,,,,,,,
28013,,0,no residential sales in 2025,,,,,,,,,,,,,,,,,,,,,,,,,
28017,MS,86,skipped (fewer than 100 sales),,,,,,,,,,,,,,,,,,,,,,,,,
28023,,0,no residential sales in 2025,,,,,,,,,,,,,,,,,,,,,,,,,
28025,,0,no residential sales in 2025,,,,,,,,,,,,,,,,,,,,,,,,,
28029,MS,138,ok,UNACCEPTABLE regressivity,0.43941602713061,65.09579185764517,5.366965752917353,-0.24767306526897903,-120.50995300703917,0.15834472330036314,-0.005935823083167114,0.02790015086869663,-0.9720957325011246,-1.3205446686200872e-07,-0.5781996698897214,-0.7447408551471553,,,,,,,,,,0.11396228877744234,,
28031,,0,no residential sales in 2025,,,,,,,,,,,,,,,,,,,,,,,,,
28033,,0,no residential sales in 2025,,,,,,,,,,,,,,,,,,,,,,,,,
28035,,0,no residential sales in 2025,,,,,,,,,,,,,,,,,,,,,,,,,
28039,,0,no residential sales in 2025,,,,,,,,,,,,,,,,,,,,,,,,,
28043,,0,no residential sales in 2025,,,,,,,,,,,,,,,,,,,,,,,,,
28045,,0,no residential sales in 2025,,,,,,,,,,,,,,,,,,,,,,,,,
28047,MS,1740,ok,acceptable (VEI significance <= 10),0.5549058165118739,28.274531189323522,1.0380119048123633,0.07074498138510914,17.39417188766324,0.9186724152714073,0.6074584125968203,0.8364744040069616,-0.16352177454047118,-9.6162874578356e-09,-0.02843768363361332,-0.029187653084924436,,,0.17676779883216237,,,0.1788878718843291,,,,0.10842776032247818,0.1805333002642296,0.18122495480986814
28049,,0,no residential sales in 2025,,,,,,,,,,,,,,,,,,,,,,,,,
28057,,0,no residential sales in 2025,,,,,,,,,,,,,,,,,,,,,,,,,
28059,,0,no residential sales in 2025,,,,,,,,,,,,,,,,,,,,,,,,,
28061,,0,no residential sales in 2025,,,,,,,,,,,,,,,,,,,,,,,,,
28067,,0,no residential sales in 2025,,,,,,,,,,,,,,,,,,,,,,,,,
28071,,0,no residential sales in 2025,,,,,,,,,,,,,,,,,,,,,,,,,
28073,,0,no residential sales in 2025,,,,,,,,,,,,,,,,,,,,,,,,,
28075,MS,244,ok,acceptable (VEI significance <= 10),0.741626932318576,26.81446133078931,1.0537313591156905,0.0400236453655574,17.843668768155915,0.9032630933441,0.42084050934863687,0.8507973898100276,-0.14919971690785114,-2.619174233130385e-07,-0.032451217228280926,-0.041709051059873214,,,0.18989299051858147,,,0.235514522366111,,,,0.16087667985326792,0.19391478116528033,0.18012696121861665
28077,,0,no residential sales in 2025,,,,,,,,,,,,,,,,,,,,,,,,,
28079,MS,43,skipped (fewer than 100 sales),,,,,,,,,,,,,,,,,,,,,,,,,
28081,,0,no residential sales in 2025,,,,,,,,,,,,,,,,,,,,,,,,,
28085,,0,no residential sales in 2025,,,,,,,,,,,,,,,,,,,,,,,,,
28087,MS,446,ok,UNACCEPTABLE progressivity,0.4890947453590345,38.98070804683853,1.0806734129793578,0.08757711545204891,42.254151231128304,0.7920543931859353,0.30267476369009483,0.612452530478275,-0.3875440546895427,-3.613770295840505e-07,-0.06620159470378617,-0.0857516766704538,,,0.23607408651521664,,,,,,,0.15339275728723104,,
28089,MS,908,ok,acceptable (VEI significance <= 10),0.5753144872497465,22.52355784053522,1.0732393965549265,0.05088330524367653,26.535065512565936,0.8632082752614868,0.32318551539817625,0.9450217669970484,-0.054975367934631286,-2.16040942210305e-08,-0.05024279051948022,-0.06734195877919236,,,0.22450383040810662,,,0.23031251292962873,,0.15114944489660811,0.1511700853913185,0.08406304027198647,0.2252551120337738,
28091,MS,133,ok,acceptable (confidence intervals overlap),0.5339912733479236,41.10826027201188,1.0895027748437407,0.061571897138765874,31.935025892497833,0.8509943967591501,0.29516495200361303,0.9173096442520025,-0.08267495793228236,-3.9030244321267887e-07,-0.055670871586140036,-0.07704203303001722,,,,,,,,,,0.14346702496563427,,
28093,MS,401,ok,UNACCEPTABLE progressivity,0.46068033519923157,63.62803802313687,3.0206645878847977,-0.04436452864663831,73.18431056052212,0.3577878836821577,0.0006944944390300194,0.42294544957074226,-0.5770302166349931,-3.30969080058331e-08,-0.47771563553052476,-0.6570455308770815,,,,,,,,,,0.04148780437432267,,
28095,,0,no residential sales in 2025,,,,,,,,,,,,,,,,,,,,,,,,,
28099,,0,no residential sales in 2025,,,,,,,,,,,,,,,,,,,,,,,,,
28101,,0,no residential sales in 2025,,,,,,,,,,,,,,,,,,,,,,,,,
28105,,0,no residential sales in 2025,,,,,,,,,,,,,,,,,,,,,,,,,
28107,,0,no residential sales in 2025,,,,,,,,,,,,,,,,,,,,,,,,,
28109,,0,no residential sales in 2025,,,,,,,,,,,,,,,,,,,,,,,,,
28111,MS,45,skipped (fewer than 100 sales),,,,,,,,,,,,,,,,,,,,,,,,,
28113,MS,266,ok,UNACCEPTABLE progressivity,0.4683553268590498,63.16104974684685,1.6234284615242927,0.03681717927638204,76.46379503725703,0.4814529378402204,0.007801758052865618,0.3783342124578743,-0.6216383168383646,-1.3877541145809673e-07,-0.2810535529582654,-0.37632600824929696,,,,,,,,,,0.10969791167856473,,
28115,,0,no residential sales in 2025,,,,,,,,,,,,,,,,,,,,,,,,,
28117,,0,no residential sales in 2025,,,,,,,,,,,,,,,,,,,,,,,,,
28121,,0,no residential sales in 2025,,,,,,,,,,,,,,,,,,,,,,,,,
28123,,0,no residential sales in 2025,,,,,,,,,,,,,,,,,,,,,,,,,
28127,,0,no residential sales in 2025,,,,,,,,,,,,,,,,,,,,,,,,,
28129,MS,59,skipped (fewer than 100 sales),,,,,,,,,,,,,,,,,,,,,,,,,
28133,,0,no residential sales in 2025,,,,,,,,,,,,,,,,,,,,,,,,,
28137,,0,no residential sales in 2025,,,,,,,,,,,,,,,,,,,,,,,,,
28139,,0,no residential sales in 2025,,,,,,,,,,,,,,,,,,,,,,,,,
28141,,0,no residential sales in 2025,,,,,,,,,,,,,,,,,,,,,,,,,
28145,,0,no residential sales in 2025,,,,,,,,,,,,,,,,,,,,,,,,,
28149,,0,no residential sales in 2025,,,,,,,,,,,,,,,,,,,,,,,,,
28151,,0,no residential sales in 2025,,,,,,,,,,,,,,,,,,,,,,,,,
28153,,0,no residential sales in 2025,,,,,,,,,,,,,,,,,,,,,,,,,
28155,,0,no residential sales in 2025,,,,,,,,,,,,,,,,,,,,,,,,,
28159,,0,no residential sales in 2025,,,,,,,,,,,,,,,,,,,,,,,,,
28163,,0,no residential sales in 2025,,,,,,,,,,,,,,,,,,,,,,,,,
29001,,0,no residential sales in 2025,,,,,,,,,,,,,,,,,,,,,,,,,
29003,,0,no residential sales in 2025,,,,,,,,,,,,,,,,,,,,,,,,,
29005,MO,0,no residential sales in 2025,,,,,,,,,,,,,,,,,,,,,,,,,
29007,,0,no residential sales in 2025,,,,,,,,,,,,,,,,,,,,,,,,,
29009,MO,350,ok,acceptable (confidence intervals overlap),0.38497386920961224,44.515400883682624,1.1396514979444423,0.04525202640258131,14.218794758258651,0.7548670150203682,0.20236105459975817,0.6876209661182277,-0.31237322502090475,-2.1168632725801116e-07,-0.09358423547055716,-0.11278115414128798,,,,,,,,,,0.14794532862229845,,
29011,,0,no residential sales in 2025,,,,,,,,,,,,,,,,,,,,,,,,,
29013,,0,no residential sales in 2025,,,,,,,,,,,,,,,,,,,,,,,,,
29015,,0,no residential sales in 2025,,,,,,,,,,,,,,,,,,,,,,,,,
29019,MO,2023,ok,UNACCEPTABLE progressivity,0.5487184703010578,28.708234306906448,1.8420138047983814,0.006605758608410308,23.595147798269537,0.5418541983675403,0.08481042736851739,0.7131492911724774,-0.2868468856777811,-4.904664957639069e-09,-0.3013562676423369,-0.40215705115582545,,,,,,,,,,0.07678976581031027,,
29021,MO,945,ok,acceptable (VEI within +/-10),0.413844134144886,35.625955041286986,1.323283533993041,-0.013999945739408525,0.9827845134977772,0.6428538405146415,0.10123861065073499,0.6464297903198697,-0.3535644965320547,-1.966484077249725e-08,-0.17250511483709174,-0.22652565182111006,,,,0.1539576795146943,,,,,,0.07496408824341123,,
29023,,0,no residential sales in 2025,,,,,,,,,,,,,,,,,,,,,,,,,
29025,,0,no residential sales in 2025,,,,,,,,,,,,,,,,,,,,,,,,,
29027,,0,no residential sales in 2025,,,,,,,,,,,,,,,,,,,,,,,,,
29029,MO,1122,ok,acceptable (confidence intervals overlap),0.3413415598224193,43.554323755311394,1.12089267852544,0.023729835147288825,21.449461284008674,0.8090004237143541,0.2795563331949046,0.8196166407630765,-0.1801933417969927,-6.502603887518869e-08,-0.08060966433105787,-0.08608351393290392,,,,,,,,,,0.13031930634898894,,
29031,MO,745,ok,UNACCEPTABLE progressivity,0.5163901427062563,29.349567299749868,1.0627770583289504,0.06989637920959631,36.91887022998946,0.8628366502368608,0.29106351778812267,0.8296390360673661,-0.17035737129307923,-1.1588725247628373e-07,-0.04597934589890351,-0.06080994229055614,,,0.24646511153287112,,,,,,,0.11539971452437182,,
29033,MO,76,skipped (fewer than 100 sales),,,,,,,,,,,,,,,,,,,,,,,,,
29035,,0,no residential sales in 2025,,,,,,,,,,,,,,,,,,,,,,,,,
29037,MO,1268,ok,acceptable (VEI significance <= 10),0.5236521805552903,35.073445667453214,1.1297880977566424,0.10350695654424034,17.388666660643644,0.6464452961792603,0.1849827542174431,0.43816948560445135,-0.5618407783268511,-1.8642609563538089e-07,-0.11739022122801268,-0.13491641094613716,,,,,,,,,,0.14396193281024777,,
29039,MO,161,ok,acceptable (confidence intervals overlap),0.36228246318607765,44.98766906160654,1.112594775884907,0.07505530098511172,19.128508084878682,0.7570375643716293,0.24322500608354936,0.7986381033884163,-0.2012960910579647,-3.317327685153e-07,-0.08078218754733335,-0.0872430682920422,,,,,,,,,,0.11485373908207505,,
29041,MO,54,skipped (fewer than 100 sales),,,,,,,,,,,,,,,,,,,,,,,,,
29043,,0,no residential sales in 2025,,,,,,,,,,,,,,,,,,,,,,,,,
29045,,0,no residential sales in 2025,,,,,,,,,,,,,,,,,,,,,,,,,
29047,MO,2580,ok,acceptable (VEI significance <= 10),0.6812030523007784,19.44530444235351,1.050271014540861,0.051346601059637335,11.656603477094226,0.9059382089584891,0.43000397980395555,0.9476607570512167,-0.052337942395638534,-1.287673796236988e-08,-0.031427402883147604,-0.042930914680839205,,0.21810559115394246,0.22839819444022086,,,0.17825616230139152,,0.11854919306333545,0.11854744390380982,0.10572103881455108,0.17195389443080333,0.20284803282721925
29049,,0,no residential sales in 2025,,,,,,,,,,,,,,,,,,,,,,,,,
29051,MO,836,ok,UNACCEPTABLE progressivity,0.4568419905480866,25.62079702593911,1.0047501337214992,0.1356915575917543,47.415921977711,0.996625399991506,0.46587931060086507,0.9545255626425244,-0.045469406859781035,-2.3794209138210153e-08,-0.0008805079237739211,-0.0004596045275688798,,,0.07762527441278089,,,0.025532394513598206,,0.11155158655580782,0.11142861631365344,0.03685882700360709,0.019875400153922165,0.01527812279183356
29053,,0,no residential sales in 2025,,,,,,,,,,,,,,,,,,,,,,,,,
29055,,0,no residential sales in 2025,,,,,,,,,,,,,,,,,,,,,,,,,
29059,,0,no residential sales in 2025,,,,,,,,,,,,,,,,,,,,,,,,,
29061,,0,no residential sales in 2025,,,,,,,,,,,,,,,,,,,,,,,,,
29063,,0,no residential sales in 2025,,,,,,,,,,,,,,,,,,,,,,,,,
29067,MO,88,skipped (fewer than 100 sales),,,,,,,,,,,,,,,,,,,,,,,,,
29069,MO,314,ok,UNACCEPTABLE regressivity,0.36058268615520206,75.46019276406064,9.858504094480152,-0.3010372714087538,-161.26313949076427,0.06617863349096637,-0.004327475760180922,-0.07343522808331601,-1.073421146854656,-1.238068750292967e-07,-0.622157567922202,-0.7695337727088485,,,,,,,,,,0.10714610864541103,,
29071,MO,881,ok,acceptable (VEI significance <= 10),0.5383594733439935,24.88547309912237,1.0394249349504205,0.05680597951853792,18.169928790224905,0.8638568310935717,0.4040662957942618,0.8694552072646683,-0.1305402174980063,-1.4238055130618832e-07,-0.03863071072494395,-0.04544232765335354,,,0.19258382860096027,,,0.20358956922930785,,0.21611430758323433,0.21610827848690525,0.11436044889788329,0.21545821052729722,0.2058898641478086
29073,MO,175,ok,acceptable (confidence intervals overlap),0.4232224857445627,39.940548073508,1.2703731517983068,-0.11440051332042395,-32.80280765333163,0.5405043670551071,0.10767429312021584,0.5049300684486593,-0.49506318256828136,-3.9814482104540166e-07,-0.18556743441820056,-0.22314577633308375,,,,0.24990984207467126,,,,,,0.12856091750610316,,
29075,,0,no residential sales in 2025,,,,,,,,,,,,,,,,,,,,,,,,,
29077,MO,3865,ok,UNACCEPTABLE progressivity,0.5908559784954902,31.619193283644446,1.2460319923586884,0.008365082742205945,24.214273632389112,0.644375168790037,0.2548662453456669,0.4869388596852446,-0.5130593460825896,-6.407435977173679e-08,-0.15781679068687904,-0.19077883031394194,,,,,,,,,,0.19960328347225062,,
29079,,0,no residential sales in 2025,,,,,,,,,,,,,,,,,,,,,,,,,
29081,,0,no residential sales in 2025,,,,,,,,,,,,,,,,,,,,,,,,,
29083,,0,no residential sales in 2025,,,,,,,,,,,,,,,,,,,,,,,,,
29091,MO,363,ok,acceptable (VEI within +/-10),0.5018272760955236,33.151958427660794,1.1462178491222421,-0.015574392409251705,8.219262456309169,0.7042421688978082,0.16261256190693846,0.7152399686397938,-0.2847535162150597,-3.0710078356085273e-07,-0.10765820993583519,-0.12964332461740535,,,,0.13972422863845071,,,,,,0.12939763421568876,,
29095,MO,11115,ok,UNACCEPTABLE progressivity,0.6602970297029703,33.97037114625537,1.538572599640706,0.04132962099186958,32.52456314930794,0.6369247598022252,0.06777902094553029,0.6753129816640063,-0.32468322752447026,-7.515427599536743e-09,-0.2184498871882261,-0.3160036021662893,,,,,,,,,,0.15987049751496837,,
29097,MO,1589,ok,UNACCEPTABLE regressivity,0.49890514441398487,32.74379490071961,7.5969225202704,-0.05038462984144362,-32.39825779364144,0.3785559410041,0.0005295908123792386,0.46941630751703245,-0.5305795598056374,-5.338590563322368e-10,-0.5673850264882438,-0.8519140450365601,,,,,,,,,,0.003325125128388708,,
29099,MO,2544,ok,UNACCEPTABLE progressivity,0.5255705105134003,29.083287219529723,1.3144725242304451,0.09414238148887931,29.188640789786923,0.6330457085744526,0.015521916076324114,0.839243382898092,-0.1607492286588848,-4.112946187838079e-09,-0.16614152347607414,-0.2337759475937753,,,,,,,,0.24556360141122552,0.24555243383832134,0.054728666695941425,,
29101,,0,no residential sales in 2025,,,,,,,,,,,,,,,,,,,,,,,,,
29105,MO,352,ok,acceptable (VEI significance <= 10),0.38437032875066374,33.877710082616474,1.0974641455929814,0.04743716494471781,21.76994306722277,0.7286606752843744,0.20413100235761675,0.7359388411697746,-0.26405345423374055,-1.8909770824537286e-07,-0.08865312353223076,-0.10113268838107192,,,,,,,,,,0.07498589478742704,,
29107,MO,302,ok,acceptable (VEI significance <= 10),0.3797972451038647,39.28813795497897,1.1384540366027047,0.07672064905017038,27.478430988097596,0.7228772331952016,0.10824093662833006,0.7363364961994604,-0.26365139947230853,-1.2685445226740375e-07,-0.09788863796574554,-0.12339838154991312,,,,,,,,,,0.08810991447318714,,
29109,MO,426,ok,UNACCEPTABLE progressivity,0.39386427708359995,43.01948748810665,1.1888887305450817,0.04575500302461291,48.05466187872411,0.7143152983840089,0.06534783731540707,0.688183508516918,-0.31180812514887996,-1.1242340091396484e-07,-0.11131849719237374,-0.1460136233579461,,,,,,,,,,0.07131402902745766,,
29111,,0,no residential sales in 2025,,,,,,,,,,,,,,,,,,,,,,,,,
29113,,0,no residential sales in 2025,,,,,,,,,,,,,,,,,,,,,,,,,
29115,MO,66,skipped (fewer than 100 sales),,,,,,,,,,,,,,,,,,,,,,,,,
29117,,0,no residential sales in 2025,,,,,,,,,,,,,,,,,,,,,,,,,
29119,MO,149,ok,acceptable (VEI within +/-10),0.31897968329847626,47.575337066152144,1.2264879109675708,-0.025103166808187534,-5.984851783389247,0.5977870055455966,0.1401350888112486,0.48157003524538794,-0.5184265864027098,-1.789526497100344e-07,-0.15595201931783076,-0.16786773836305358,,,,0.11708213394325968,0.22224415934238653,,,,,0.1644446171026611,,
29121,MO,89,skipped (fewer than 100 sales),,,,,,,,,,,,,,,,,,,,,,,,,
29123,,0,no residential sales in 2025,,,,,,,,,,,,,,,,,,,,,,,,,
29125,MO,0,no residential sales in 2025,,,,,,,,,,,,,,,,,,,,,,,,,
29127,,0,no residential sales in 2025,,,,,,,,,,,,,,,,,,,,,,,,,
29131,,0,no residential sales in 2025,,,,,,,,,,,,,,,,,,,,,,,,,
29133,,0,no residential sales in 2025,,,,,,,,,,,,,,,,,,,,,,,,,
29135,,0,no residential sales in 2025,,,,,,,,,,,,,,,,,,,,,,,,,
29137,MO,75,skipped (fewer than 100 sales),,,,,,,,,,,,,,,,,,,,,,,,,
29141,MO,340,ok,acceptable (VEI significance <= 10),0.418223358666572,37.4490987114742,1.147499875109742,-0.0008565676417312885,31.982119924005843,0.7413296336410345,0.10466418778609424,0.777561569468737,-0.22240950518507874,-1.5689068545994833e-07,-0.09804929521263084,-0.1308711846607098,,,,0.041011143489403955,,,,,,0.09255164766486308,,
29143,,0,no residential sales in 2025,,,,,,,,,,,,,,,,,,,,,,,,,
29145,,0,no residential sales in 2025,,,,,,,,,,,,,,,,,,,,,,,,,
29147,,0,no residential sales in 2025,,,,,,,,,,,,,,,,,,,,,,,,,
29149,,0,no residential sales in 2025,,,,,,,,,,,,,,,,,,,,,,,,,
29151,,0,no residential sales in 2025,,,,,,,,,,,,,,,,,,,,,,,,,
29153,MO,0,no residential sales in 2025,,,,,,,,,,,,,,,,,,,,,,,,,
29155,MO,62,skipped (fewer than 100 sales),,,,,,,,,,,,,,,,,,,,,,,,,
29157,,0,no residential sales in 2025,,,,,,,,,,,,,,,,,,,,,,,,,
29159,,0,no residential sales in 2025,,,,,,,,,,,,,,,,,,,,,,,,,
29161,MO,285,ok,UNACCEPTABLE progressivity,0.5300366774541532,24.286249479561356,1.0194205984055762,0.07636893941455498,27.253805734545434,0.9576044265837234,0.47077284873468256,0.9184547689972669,-0.08154180620014238,-5.5808153936423807e-08,-0.013048077296802907,-0.017277893245277287,,0.23626079229627928,0.13874434011384884,,,0.1461893551977489,,0.17140467957767985,0.17140365304359617,0.10486841444014042,0.14362035867667777,0.12424078247825432
29163,,0,no residential sales in 2025,,,,,,,,,,,,,,,,,,,,,,,,,
29165,MO,1004,ok,acceptable (VEI within +/-10),0.6155231160743102,20.477426228449165,1.013084053070397,0.047760315407257704,8.970607567748319,0.9591170139802491,0.6606356786731168,0.8922741066078252,-0.10772442115455928,-1.0891223920726387e-09,-0.01394981254797667,-0.010682881822792867,,0.21380719247637534,0.17658569015609507,,,0.19271905131759123,,0.17146803823880466,0.17146626470395598,0.04790108289059054,0.18878891736093556,0.1512790718298595
29167,,0,no residential sales in 2025,,,,,,,,,,,,,,,,,,,,,,,,,
29169,,0,no residential sales in 2025,,,,,,,,,,,,,,,,,,,,,,,,,
29173,MO,83,skipped (fewer than 100 sales),,,,,,,,,,,,,,,,,,,,,,,,,
29175,MO,348,ok,acceptable (VEI significance <= 10),0.42390371200463045,44.008113148281495,1.312198174511773,0.03280442805371901,27.956191380566754,0.6565022450454708,0.042327520981227336,0.6323361022404186,-0.367670522097893,-8.099903018887779e-08,-0.16924456579502856,-0.23681423834216786,,,,,,,,,,0.10316295251070409,,
29179,MO,47,skipped (fewer than 100 sales),,,,,,,,,,,,,,,,,,,,,,,,,
29181,,0,no residential sales in 2025,,,,,,,,,,,,,,,,,,,,,,,,,
29183,MO,4340,ok,acceptable (VEI within +/-10),0.8167407634866106,17.242432390633898,1.0511248064292933,-0.01679266340273937,-7.325195519544447,0.8107118126397672,0.5366507274484507,0.8535274947625173,-0.14646962903905392,-8.244172282490308e-09,-0.05186089227543844,-0.05511505416348017,,0.19444677133060628,0.21609640471873579,0.09021573048435423,0.13010668205621215,0.20310632703645343,,0.17340237424061195,0.17340097302017846,0.12422348953878919,0.201092943428699,0.21940659191502382
29185,,0,no residential sales in 2025,,,,,,,,,,,,,,,,,,,,,,,,,
29186,,0,no residential sales in 2025,,,,,,,,,,,,,,,,,,,,,,,,,
29187,,0,no residential sales in 2025,,,,,,,,,,,,,,,,,,,,,,,,,
29189,MO,10805,ok,acceptable (VEI within +/-10),0.8314436885865457,19.333182130172045,1.0599335072557616,-0.022999958065508846,-3.2975206611570154,0.9151656989412212,0.493365281168057,0.9105771193306207,-0.08942225531437147,-2.1911073333846982e-08,-0.03612436726987944,-0.043033934076653235,,0.21665070339241332,0.21863404796652183,0.16551206217167033,0.12681071074467234,0.23262252268866834,,0.19984031302890268,0.1998396937289669,0.14987936793727052,0.23298059952878364,
29195,MO,158,ok,UNACCEPTABLE progressivity,0.5207442636172159,36.77802315197867,1.219278603096016,0.06997106505324967,52.59793818404542,0.7128133081300962,0.14591104829094204,0.7459742776292673,-0.2540176117298067,-1.4941177494321226e-07,-0.12553286734210523,-0.17797963509818548,,,,,,,,,,0.09990662082365336,,
29201,MO,350,ok,acceptable (VEI within +/-10),0.3973030981709593,40.763949254831324,1.382092731508505,-0.03834629539927104,9.123451486540215,0.5661431682488891,0.029997160925602968,0.5253166580143456,-0.4746714490426304,-1.7485219216491532e-07,-0.2030724692166883,-0.26378921418388734,,,,0.23763758007158756,,,,,,0.12908738967116848,,
29203,MO,56,skipped (fewer than 100 sales),,,,,,,,,,,,,,,,,,,,,,,,,
29205,,0,no residential sales in 2025,,,,,,,,,,,,,,,,,,,,,,,,,
29207,MO,0,no residential sales in 2025,,,,,,,,,,,,,,,,,,,,,,,,,
29209,MO,554,ok,UNACCEPTABLE progressivity,0.2781193492296493,52.85368835993288,1.141892398441517,0.10719942191725872,67.91282587720583,0.7634128966449863,0.12106309845151259,0.7647787598386435,-0.2351501075675443,-9.918079476751165e-08,-0.0953193199460094,-0.12282383330087399,,,,,,,,,,0.09674959056506173,,
29211,,0,no residential sales in 2025,,,,,,,,,,,,,,,,,,,,,,,,,
29213,MO,685,ok,acceptable (VEI significance <= 10),0.34655085154714405,44.31250761986454,1.3210508306826216,0.012873944596084756,39.375389072473084,0.6495862419758828,0.043874156311343955,0.6742596787580609,-0.3257191582841907,-4.607575958516334e-08,-0.1692284276955851,-0.23118161794983938,,,,,,,,,,0.056515082096769705,,
29215,MO,225,ok,acceptable (VEI within +/-10),0.38772919139955153,41.53171545261716,1.2447204633353826,-0.07997675505605673,-2.036485968839121,0.5433290702726913,0.12001760876123842,0.625805042291495,-0.3741847634027942,-3.4948253031791544e-07,-0.18019325433819433,-0.20744325780135364,,,,,0.06594770172765661,,,,,0.09968961079434846,,
29217,,0,no residential sales in 2025,,,,,,,,,,,,,,,,,,,,,,,,,
29219,,0,no residential sales in 2025,,,,,,,,,,,,,,,,,,,,,,,,,
29221,,0,no residential sales in 2025,,,,,,,,,,,,,,,,,,,,,,,,,
29223,,0,no residential sales in 2025,,,,,,,,,,,,,,,,,,,,,,,,,
29225,,0,no residential sales in 2025,,,,,,,,,,,,,,,,,,,,,,,,,
29229,MO,167,ok,acceptable (confidence intervals overlap),0.3532323083092379,53.458978248502405,1.3554838854030848,0.04682503182179415,27.563525021088328,0.3968000498673999,0.019994029635886503,0.27478068821867463,-0.7252192518238945,-2.4764551558006654e-07,-0.25002337079652115,-0.29499061058331466,,,,,,,,,,0.10463890629943462,,
29510,MO,0,no residential sales in 2025,,,,,,,,,,,,,,,,,,,,,,,,,
30001,MT,62,skipped (fewer than 100 sales),,,,,,,,,,,,,,,,,,,,,,,,,
30007,MT,54,skipped (fewer than 100 sales),,,,,,,,,,,,,,,,,,,,,,,,,
30009,,0,no residential sales in 2025,,,,,,,,,,,,,,,,,,,,,,,,,
30013,MT,764,ok,acceptable (VEI within +/-10),0.8955285569278782,17.061253557531824,1.0447760885317534,-0.014385983036037511,3.0619580095347225,0.8290594589671265,0.5903089688415489,0.8538764055592007,-0.1461230961939674,-9.85708010524568e-08,-0.04608086123158728,-0.049990899218767204,,0.20290227563563232,0.19978233695401257,0.07603135976095149,,0.1970147742484799,,0.17863710680387054,0.17863610924553977,0.1311876487860079,0.19317565764484082,0.21473305488441433
30021,MT,40,skipped (fewer than 100 sales),,,,,,,,,,,,,,,,,,,,,,,,,
30023,MT,79,skipped (fewer than 100 sales),,,,,,,,,,,,,,,,,,,,,,,,,
30027,MT,77,skipped (fewer than 100 sales),,,,,,,,,,,,,,,,,,,,,,,,,
30029,MT,972,ok,acceptable (VEI significance <= 10),0.9610945672605427,22.971597500812518,1.2557718633605732,-0.058390426922040495,-14.6157714754799,0.7012052946446866,0.31249509493514227,0.8001945073025614,-0.1998053204513305,-1.8927293477914672e-08,-0.1444313526503298,-0.17925358425857385,,0.24336440252486494,,0.20637057577698512,0.186859503687323,,,,,0.17072874919871792,,
30031,MT,1083,ok,acceptable (VEI within +/-10),0.9924502614561094,21.101737691575543,1.0491194918750482,-0.017152675524989964,-5.988303759218179,0.8554673046000209,0.8567974665115433,0.841697487501421,-0.1583025123607692,-8.137567601717863e-08,-0.046694100914277614,-0.045002658634029524,0.16428293444547004,0.22549130165666717,0.2084086998856403,0.12518389664735124,0.11781777722423271,0.21605193142676954,0.2407639558578748,0.21196218236679878,0.21196206631531617,0.20547833403281246,0.21340078348029115,0.21458238671722668
30035,,0,no residential sales in 2025,,,,,,,,,,,,,,,,,,,,,,,,,
30039,MT,235,ok,UNACCEPTABLE regressivity,328.23179791976224,44.597375524793215,33.631681103927974,-0.10540918112945344,-61.153508846141754,0.26417483643100714,0.1621748288985419,0.15001193337745244,-0.8499434249794028,-0.00041764526396560205,-0.6766575414919365,-0.891386991177409,,,,,,,,,,,,
30043,MT,104,ok,acceptable (VEI significance <= 10),0.9288654095663136,26.08239406196669,1.0154888807284708,0.11214700082580983,28.588227301180833,0.9304574747353195,0.694401284113846,1.1144021143047658,0.11440532195265041,-6.080476163850741e-08,-0.022442309014809814,-0.03761564229526049,,,0.11000503522804125,,,0.18162672820941608,,,,0.09299405061526071,0.1671344223068853,0.17390945178554684
30047,MT,188,ok,acceptable (VEI within +/-10),0.9361087904947554,25.773691215309256,1.0610895836456544,0.03041373040282757,3.9596593384263,0.8386098911613191,0.5976198777204711,0.8188194429901946,-0.18118004173149757,-1.8096884344356627e-07,-0.05231586108459818,-0.06446434723272709,,,0.21602626319542434,,,,,,,0.1800795316270924,0.23425905694997204,
30049,MT,628,ok,acceptable (VEI within +/-10),0.9270826344600502,19.01887347027588,1.037989591572515,-0.018269168308047458,-3.975985582346631,0.740085965891441,0.6457297694285292,0.8044634070606255,-0.1955359056394117,-2.44941122564644e-07,-0.056811514541105446,-0.05697433394695395,,0.21737584515576314,0.173944884072058,0.0868863340124288,0.09059047218185991,0.20749594800522028,,0.1815194064986364,0.18151895152577993,0.15337540210647513,0.21111013597059303,0.21578260871247804
30053,MT,191,ok,acceptable (VEI within +/-10),0.8746501863506289,26.72311516993753,1.602115688611177,-0.06464059742858763,7.39626704781796,0.4552216680629206,0.05196171985069559,0.6950988710582422,-0.3049001978017389,-2.00455586311804e-08,-0.29269368782487803,-0.36749613731949116,,,,0.2200509438153736,,,,,,0.0394258098514122,,
30057,MT,125,ok,acceptable (VEI significance <= 10),0.9304993198843605,33.46735130845634,0.9408387451542239,0.06930492511395228,23.219700103412205,1.0124246719978276,0.8754142144571436,1.0577185106733407,0.05771866617151599,3.2379313313029726e-09,0.009106458013675933,-0.027670228276122977,,,,,,0.16047013549409198,,,,,0.16335113217824865,0.24997627639156622
30059,MT,8,skipped (fewer than 100 sales),,,,,,,,,,,,,,,,,,,,,,,,,
30061,MT,50,skipped (fewer than 100 sales),,,,,,,,,,,,,,,,,,,,,,,,,
30063,MT,843,ok,acceptable (VEI significance <= 10),0.9308637447276729,20.95489680069189,1.067168362330697,-0.111098656896782,-24.399119435418577,0.6825808170803426,0.5847857019018725,0.6778910232068481,-0.3221089169559799,-2.4175351772656385e-07,-0.07923517343874464,-0.08155701867832965,,0.2343688496025671,0.23482077379885175,0.1992522542816135,0.20824461600338917,0.24806005758227467,,0.23809987538995245,0.2380996498723131,0.18171484292254972,0.24613332296896134,0.24936441345366223
30067,MT,106,ok,UNACCEPTABLE regressivity,0.8335834737131884,61.46792924176194,2.902041883052738,-0.5865512721785224,-124.49928356982545,-0.37335400199693164,-0.12447693685213834,-0.6774754249783139,-1.6774785603318594,-3.706531090642837e-07,-0.626604411784642,-0.7195150406718986,,,,,,,,,,,,
30073,MT,24,skipped (fewer than 100 sales),,,,,,,,,,,,,,,,,,,,,,,,,
30077,MT,36,skipped (fewer than 100 sales),,,,,,,,,,,,,,,,,,,,,,,,,
30081,MT,359,ok,acceptable (VEI within +/-10),0.8898425308554405,22.13150824932206,1.0630228481837483,-0.025312750881718853,-4.1642161930565855,0.7310472199346767,0.5310245424675794,0.7421583937094709,-0.2578413360794439,-1.5448185717770254e-07,-0.06987398534592892,-0.07441887804291314,,0.2320023008357408,0.2343000181636834,0.09900214580813063,0.12088629864229196,,,0.23332090703916714,0.23332112561525167,0.15667343660154623,,
30087,MT,42,skipped (fewer than 100 sales),,,,,,,,,,,,,,,,,,,,,,,,,
30089,MT,111,ok,acceptable (VEI within +/-10),0.9250971529948466,38.99619998465732,1.1092856966595483,-0.031653975276326095,-6.673965463908017,0.6515203918011941,0.5575105953356119,0.6719680079622198,-0.3280316978669678,-1.0347287841563981e-06,-0.09756635481272147,-0.10734645167255752,,,,0.17213626030326634,0.18883754104823958,,,,,,,
30093,MT,369,ok,acceptable (VEI within +/-10),0.8749563612787392,20.652947945931107,1.0435430161343648,-0.018460807442559034,-0.24350512722013368,0.8109742689233913,0.648857415450794,0.7933874844245836,-0.2066119643003107,-3.501054275957632e-07,-0.04781756526661729,-0.048522829192421124,,0.24068420910342467,0.19418075175273194,0.10704978227897025,0.009099345385541836,0.18514120257682326,,0.19490794851253343,0.19490187316536603,0.17036584493575962,0.18604790620645884,0.1882234659227153
30097,MT,22,skipped (fewer than 100 sales),,,,,,,,,,,,,,,,,,,,,,,,,
30101,MT,21,skipped (fewer than 100 sales),,,,,,,,,,,,,,,,,,,,,,,,,
30111,MT,1591,ok,acceptable (VEI within +/-10),0.9306429338652754,16.135039242887068,1.0322837400092713,-0.03284052973219367,-9.04789224075879,0.8179611682964103,0.7241169321618562,0.8324579860489293,-0.16754166867381204,-2.658662681846543e-07,-0.04255454621361032,-0.043181851750917044,,0.1860881937499536,0.17196876842042802,0.13030781531028254,0.15518766615247098,0.179928239905828,,0.17243281284137457,0.1724326223929338,0.15306643114958307,0.17747066819204535,0.18078574589258714
31001,,0,no residential sales in 2025,,,,,,,,,,,,,,,,,,,,,,,,,
31003,,0,no residential sales in 2025,,,,,,,,,,,,,,,,,,,,,,,,,
31011,,0,no residential sales in 2025,,,,,,,,,,,,,,,,,,,,,,,,,
31013,,0,no residential sales in 2025,,,,,,,,,,,,,,,,,,,,,,,,,
31015,,0,no residential sales in 2025,,,,,,,,,,,,,,,,,,,,,,,,,
31017,,0,no residential sales in 2025,,,,,,,,,,,,,,,,,,,,,,,,,
31019,,0,no residential sales in 2025,,,,,,,,,,,,,,,,,,,,,,,,,
31021,,0,no residential sales in 2025,,,,,,,,,,,,,,,,,,,,,,,,,
31023,,0,no residential sales in 2025,,,,,,,,,,,,,,,,,,,,,,,,,
31025,,0,no residential sales in 2025,,,,,,,,,,,,,,,,,,,,,,,,,
31027,,0,no residential sales in 2025,,,,,,,,,,,,,,,,,,,,,,,,,
31029,,0,no residential sales in 2025,,,,,,,,,,,,,,,,,,,,,,,,,
31031,,0,no residential sales in 2025,,,,,,,,,,,,,,,,,,,,,,,,,
31033,,0,no residential sales in 2025,,,,,,,,,,,,,,,,,,,,,,,,,
31035,,0,no residential sales in 2025,,,,,,,,,,,,,,,,,,,,,,,,,
31037,,0,no residential sales in 2025,,,,,,,,,,,,,,,,,,,,,,,,,
31039,,0,no residential sales in 2025,,,,,,,,,,,,,,,,,,,,,,,,,
31041,,0,no residential sales in 2025,,,,,,,,,,,,,,,,,,,,,,,,,
31043,,0,no residential sales in 2025,,,,,,,,,,,,,,,,,,,,,,,,,
31045,,0,no residential sales in 2025,,,,,,,,,,,,,,,,,,,,,,,,,
31047,,0,no residential sales in 2025,,,,,,,,,,,,,,,,,,,,,,,,,
31049,,0,no residential sales in 2025,,,,,,,,,,,,,,,,,,,,,,,,,
31051,,0,no residential sales in 2025,,,,,,,,,,,,,,,,,,,,,,,,,
31053,,0,no residential sales in 2025,,,,,,,,,,,,,,,,,,,,,,,,,
31055,,0,no residential sales in 2025,,,,,,,,,,,,,,,,,,,,,,,,,
31057,,0,no residential sales in 2025,,,,,,,,,,,,,,,,,,,,,,,,,
31059,,0,no residential sales in 2025,,,,,,,,,,,,,,,,,,,,,,,,,
31061,,0,no residential sales in 2025,,,,,,,,,,,,,,,,,,,,,,,,,
31063,NE,40,skipped (fewer than 100 sales),,,,,,,,,,,,,,,,,,,,,,,,,
31065,,0,no residential sales in 2025,,,,,,,,,,,,,,,,,,,,,,,,,
31067,,0,no residential sales in 2025,,,,,,,,,,,,,,,,,,,,,,,,,
31069,,0,no residential sales in 2025,,,,,,,,,,,,,,,,,,,,,,,,,
31071,,0,no residential sales in 2025,,,,,,,,,,,,,,,,,,,,,,,,,
31073,,0,no residential sales in 2025,,,,,,,,,,,,,,,,,,,,,,,,,
31077,,0,no residential sales in 2025,,,,,,,,,,,,,,,,,,,,,,,,,
31079,,0,no residential sales in 2025,,,,,,,,,,,,,,,,,,,,,,,,,
31081,,0,no residential sales in 2025,,,,,,,,,,,,,,,,,,,,,,,,,
31083,,0,no residential sales in 2025,,,,,,,,,,,,,,,,,,,,,,,,,
31087,,0,no residential sales in 2025,,,,,,,,,,,,,,,,,,,,,,,,,
31089,,0,no residential sales in 2025,,,,,,,,,,,,,,,,,,,,,,,,,
31093,,0,no residential sales in 2025,,,,,,,,,,,,,,,,,,,,,,,,,
31095,,0,no residential sales in 2025,,,,,,,,,,,,,,,,,,,,,,,,,
31097,,0,no residential sales in 2025,,,,,,,,,,,,,,,,,,,,,,,,,
31099,,0,no residential sales in 2025,,,,,,,,,,,,,,,,,,,,,,,,,
31101,,0,no residential sales in 2025,,,,,,,,,,,,,,,,,,,,,,,,,
31105,,0,no residential sales in 2025,,,,,,,,,,,,,,,,,,,,,,,,,
31107,,0,no residential sales in 2025,,,,,,,,,,,,,,,,,,,,,,,,,
31109,NE,4310,ok,acceptable (VEI within +/-10),0.9181407407407407,9.28400920546012,1.0135603378279876,-0.011205930892268538,-4.402012117887195,0.947265874816839,0.8332844379961919,0.9569048346275684,-0.04309461793505291,-1.1796227969367291e-07,-0.014451552122090039,-0.015677233161320192,,0.11216342442706412,0.12042876754251416,0.08642722960022035,0.13307914737624404,0.11451087235319941,0.20482391524459814,0.10841302714816634,0.10841176552694058,0.10072991268390225,0.11451464160554917,0.12075934106101838
31111,,0,no residential sales in 2025,,,,,,,,,,,,,,,,,,,,,,,,,
31119,,0,no residential sales in 2025,,,,,,,,,,,,,,,,,,,,,,,,,
31121,,0,no residential sales in 2025,,,,,,,,,,,,,,,,,,,,,,,,,
31123,,0,no residential sales in 2025,,,,,,,,,,,,,,,,,,,,,,,,,
31125,,0,no residential sales in 2025,,,,,,,,,,,,,,,,,,,,,,,,,
31127,,0,no residential sales in 2025,,,,,,,,,,,,,,,,,,,,,,,,,
31129,,0,no residential sales in 2025,,,,,,,,,,,,,,,,,,,,,,,,,
31131,,0,no residential sales in 2025,,,,,,,,,,,,,,,,,,,,,,,,,
31133,,0,no residential sales in 2025,,,,,,,,,,,,,,,,,,,,,,,,,
31135,,0,no residential sales in 2025,,,,,,,,,,,,,,,,,,,,,,,,,
31137,,0,no residential sales in 2025,,,,,,,,,,,,,,,,,,,,,,,,,
31139,,0,no residential sales in 2025,,,,,,,,,,,,,,,,,,,,,,,,,
31141,,0,no residential sales in 2025,,,,,,,,,,,,,,,,,,,,,,,,,
31143,,0,no residential sales in 2025,,,,,,,,,,,,,,,,,,,,,,,,,
31145,NE,165,ok,acceptable (VEI within +/-10),0.8762434782608696,17.4451735400533,1.0010962717896221,0.011540898092207,4.247318107234674,1.005710499277117,1.003490175894595,0.9763409078925961,-0.02365685317326966,-8.009511912050859e-09,0.001982882748213566,0.00463955622018597,,0.21766057749323853,0.03165808107197937,,,0.043669982603161565,0.11416778818275557,0.11062800932089122,0.11059772710960501,0.03567658581192493,0.042453212940895026,0.05046251071605918
31147,NE,40,skipped (fewer than 100 sales),,,,,,,,,,,,,,,,,,,,,,,,,
31149,,0,no residential sales in 2025,,,,,,,,,,,,,,,,,,,,,,,,,
31151,,0,no residential sales in 2025,,,,,,,,,,,,,,,,,,,,,,,,,
31153,NE,3832,ok,UNACCEPTABLE progressivity,0.8654613096559378,29.344270749338094,1.2153859871359929,0.06425989064239544,35.602836326912126,0.3964093898518903,-0.0007552455132598136,0.24664734280631692,-0.7533438977311586,-2.3656896434618126e-07,-0.20665136225345426,-0.2428201894010431,,,,,,,,,,0.16307818391767853,,
31155,,0,no residential sales in 2025,,,,,,,,,,,,,,,,,,,,,,,,,
31157,,0,no residential sales in 2025,,,,,,,,,,,,,,,,,,,,,,,,,
31159,,0,no residential sales in 2025,,,,,,,,,,,,,,,,,,,,,,,,,
31161,,0,no residential sales in 2025,,,,,,,,,,,,,,,,,,,,,,,,,
31163,,0,no residential sales in 2025,,,,,,,,,,,,,,,,,,,,,,,,,
31167,,0,no residential sales in 2025,,,,,,,,,,,,,,,,,,,,,,,,,
31169,,0,no residential sales in 2025,,,,,,,,,,,,,,,,,,,,,,,,,
31173,,0,no residential sales in 2025,,,,,,,,,,,,,,,,,,,,,,,,,
31175,,0,no residential sales in 2025,,,,,,,,,,,,,,,,,,,,,,,,,
31177,,0,no residential sales in 2025,,,,,,,,,,,,,,,,,,,,,,,,,
31179,,0,no residential sales in 2025,,,,,,,,,,,,,,,,,,,,,,,,,
31181,,0,no residential sales in 2025,,,,,,,,,,,,,,,,,,,,,,,,,
31183,,0,no residential sales in 2025,,,,,,,,,,,,,,,,,,,,,,,,,
31185,,0,no residential sales in 2025,,,,,,,,,,,,,,,,,,,,,,,,,
32001,NV,352,ok,UNACCEPTABLE progressivity,0.6016157322654462,30.432426574306323,1.0697282989542247,0.01738291930786288,47.37000485134394,0.8934754623152139,0.22066462645809853,0.7588842530600033,-0.2411103556457258,-2.817578725109349e-07,-0.02764424892644235,-0.04277490387833449,,,0.21968551524763485,,,0.18070286619282794,,,,0.12112443619520416,0.15503593829837928,0.18536465343018446
32003,NV,0,no residential sales in 2025,,,,,,,,,,,,,,,,,,,,,,,,,
32005,NV,0,no residential sales in 2025,,,,,,,,,,,,,,,,,,,,,,,,,
32007,NV,786,ok,acceptable (VEI significance <= 10),0.5869385814889336,33.318091685418054,1.0283557573754447,0.03158576333104793,17.961084438558732,1.0606109815920237,0.7104843410447051,0.8436993075667625,-0.15629743157893594,-2.1688131363352052e-08,0.01970755771501631,0.012340974923765735,,,0.20825957882688614,,,,,,,0.14657625624686602,,
32011,NV,41,skipped (fewer than 100 sales),,,,,,,,,,,,,,,,,,,,,,,,,
32013,NV,421,ok,UNACCEPTABLE regressivity,0.567023569023569,50.153931261180496,1.7458988869326864,-0.18113682391690644,-69.59205288452284,0.5158450195669563,0.044915584033463324,0.2780667968942812,-0.7219362885395919,-2.500218804134086e-07,-0.26970598951057867,-0.38114259572498077,,,,,,,,,,0.17619596237951157,,
32015,NV,111,ok,acceptable (VEI significance <= 10),0.56777,120.40947611299103,1.7943540494518226,-0.6346250069420629,-71.86640291087656,0.870856744378242,0.5600322377541161,0.572022307101775,-0.4279933812567064,-3.5128913627784043e-06,-0.06113037396817478,-0.019927080164296784,,,,,,,,,,,,0.12650472527225362
32017,NV,77,skipped (fewer than 100 sales),,,,,,,,,,,,,,,,,,,,,,,,,
32019,NV,1164,ok,acceptable (VEI significance <= 10),0.7884870265963966,18.446310000420173,0.9966955000128512,0.08891434231073364,21.37321151972015,1.0708321686194933,0.6405821496417636,1.0516398431253187,0.05164160526055188,3.643059209975483e-08,0.014304491950143383,0.009831740168200986,,0.21202332431681944,,,,,,,,,,
32021,NV,86,skipped (fewer than 100 sales),,,,,,,,,,,,,,,,,,,,,,,,,
32023,NV,1275,ok,UNACCEPTABLE progressivity,0.5633656387665198,32.47759018657381,1.0276415167013582,0.0528038188449966,40.699721940947775,1.0250888543184322,0.18127760143264382,0.9603914675106848,-0.03959522643724769,-4.21036787849622e-08,0.008937788573937233,0.0008723441188932535,,,0.16459730350124752,,,,,0.22492330432830482,0.22488632512379683,0.07118145748010066,,
32027,NV,90,skipped (fewer than 100 sales),,,,,,,,,,,,,,,,,,,,,,,,,
32029,NV,83,skipped (fewer than 100 sales),,,,,,,,,,,,,,,,,,,,,,,,,
32031,NV,0,no residential sales in 2025,,,,,,,,,,,,,,,,,,,,,,,,,
32033,NV,229,ok,UNACCEPTABLE regressivity,0.5865466666666667,48.408789997808995,1.2543444238807666,-0.23938591987153593,-87.43999289110789,0.7797971939178059,0.43768007400173725,0.6301521658929743,-0.36984515350843616,-1.2074150526784802e-06,-0.09319943058420321,-0.07323867201320233,,,,,,,,,,,,
32510,NV,742,ok,UNACCEPTABLE progressivity,0.47927036812297735,29.02933123284087,1.0458729539713396,0.09947927052913029,29.209174789689726,0.9267525740948315,0.2996166517614268,0.8687052541084197,-0.1312927297081944,-3.079825416404809e-08,-0.022593022459665102,-0.039135555089632845,,,0.20960742923200093,,,0.17619328211154248,,0.20143613609911923,0.20143687317640294,0.09551824525235,0.1578189515612335,0.2062852710032469
33001,,0,no residential sales in 2025,,,,,,,,,,,,,,,,,,,,,,,,,
33003,,0,no residential sales in 2025,,,,,,,,,,,,,,,,,,,,,,,,,
33005,,0,no residential sales in 2025,,,,,,,,,,,,,,,,,,,,,,,,,
33007,,0,no residential sales in 2025,,,,,,,,,,,,,,,,,,,,,,,,,
33009,,0,no residential sales in 2025,,,,,,,,,,,,,,,,,,,,,,,,,
33011,,0,no residential sales in 2025,,,,,,,,,,,,,,,,,,,,,,,,,
33013,,0,no residential sales in 2025,,,,,,,,,,,,,,,,,,,,,,,,,
33015,,0,no residential sales in 2025,,,,,,,,,,,,,,,,,,,,,,,,,
33017,,0,no residential sales in 2025,,,,,,,,,,,,,,,,,,,,,,,,,
33019,,0,no residential sales in 2025,,,,,,,,,,,,,,,,,,,,,,,,,
34001,NJ,3225,ok,acceptable (VEI within +/-10),0.4752173913043478,21.27174914104793,1.0791431514661693,-0.021621972135171377,-0.8737152426659721,0.868796362309538,0.30742688386997874,0.8782261977108818,-0.12177063409190877,-4.2687322065010434e-08,-0.05425319357489666,-0.06370308164019489,,0.23242262771503744,,0.15516856703990908,0.09420823066763848,,,0.23019977587521442,0.23017881297674056,0.10171978774563664,,
34003,NJ,7673,ok,acceptable (VEI within +/-10),0.6594320486815416,23.407870991488277,1.0360994846055547,0.01872281233503415,4.754713574443623,0.8879075035729097,0.5518183734869551,0.8607816957641652,-0.1392176875901643,-4.2586272180333754e-08,-0.0348886310954295,-0.0353444770775071,,,0.1781936731726037,,,0.20036979370019062,,0.20562774816366824,0.20562720381410943,0.12561318545791447,0.18676946919592016,0.18905256516342772
34005,NJ,4849,ok,acceptable (VEI significance <= 10),0.500297619047619,14.87608068921099,1.01167404699907,0.03613674701417314,10.302829627467917,0.9737548357493221,0.39323145255483466,0.9806160191996164,-0.019381273237783287,-1.859762250363957e-09,-0.007422980759232534,-0.007747103828186441,,0.17147504060398958,0.11029498434111489,,,0.08180417515195282,,0.0681872006216073,0.06818135012893356,0.05260279169644222,0.0832461771411496,0.07756202957463079
34007,NJ,5508,ok,UNACCEPTABLE progressivity,0.4984092442645074,30.793737954444687,1.01952349188443,0.11596546761725728,48.97159903221587,0.9635068285024022,0.3636264086584078,0.9574000586783028,-0.04259510064173378,-4.439582135379675e-08,-0.01126353918042411,-0.015900713040070347,,,0.13189423692304478,,,0.12097671390941571,,0.1460802789272806,0.14607567552272088,0.08134471628647758,0.1130698624126114,0.13308125158593004
34009,NJ,2688,ok,acceptable (VEI significance <= 10),0.44508652482269506,21.916922553662122,1.04285669425092,0.0018046703870444655,11.494749687442173,0.9529513295913445,0.39728731370214887,0.943359068199639,-0.056635254286806325,-1.3879292721700477e-08,-0.022350581277695403,-0.02508910450888102,,0.2409006087027209,0.1876163631298758,,,0.22519208826631124,,0.20590142228220193,0.20588411247924582,0.09591460471915496,0.19993813717914508,0.1838482525854286
34011,NJ,1338,ok,acceptable (VEI within +/-10),0.5010040227958432,25.48535781109417,1.0942086167318448,-0.022974860539358762,3.0799006118512913,0.754820664741697,0.30318128493843854,0.7290383862677737,-0.2709589338649247,-3.860831321835796e-08,-0.076174890040551,-0.07934121513590409,,,,0.12537681150276475,,,,,,0.12084444625825584,,
34013,NJ,5314,ok,acceptable (VEI significance <= 10),0.5856841077651078,31.41593598332985,1.2115978581261218,0.056737174933248695,14.55486981246337,0.6939319625561016,0.007043388316439642,0.8083967437645122,-0.19160178811117975,-4.0293381610960864e-09,-0.13104412072688065,-0.1757777518305097,,,,,,,,,,0.04003153864428823,,
34015,NJ,3193,ok,acceptable (VEI within +/-10),0.534962962962963,16.570982034955325,1.0069976161622307,0.05219623214015847,8.434370111106103,0.9741124706312749,0.553565503757361,0.9409077783465603,-0.05908994867325722,-5.868034392775887e-08,-0.0055655844987823055,-0.0033077367353182563,,0.19197644152127608,0.08379071154602753,,,0.07428351485664202,,0.10306870493858532,0.10306726135355203,0.05365842929560753,0.0628234532867758,0.05724860428677191
34017,NJ,4066,ok,acceptable (VEI significance <= 10),0.6046830884471335,34.913299658166316,1.1081397229696743,0.09601468977163814,22.170096384485266,0.7941985477372755,0.20710771619162527,0.7351961957014048,-0.2648025007203411,-1.6484336311809916e-08,-0.0756575403741162,-0.09125475736004662,,,,,,,,,,0.0980127858923947,,
34019,NJ,1061,ok,acceptable (VEI significance <= 10),0.629236641221374,18.749720336413294,1.0182323981254866,0.023289344158146996,12.840718361555057,0.9286918583473034,0.5812729173722627,0.9214962356742926,-0.07850276670828588,-8.912804350571337e-08,-0.01772103646118417,-0.018753761959758863,,0.20383357406279354,0.12912867298017067,,,0.1272862979370757,,0.13770729377964439,0.13770679010014703,0.09083751826717897,0.12233731426830825,0.12267706683044598
34021,NJ,3208,ok,UNACCEPTABLE progressivity,0.49535772303815934,21.441179058183078,0.9443947680980779,0.12435182479811617,49.358706472277916,1.0916198009420772,0.5143823312538747,1.1775372488663498,0.17754289694269035,5.989063060478277e-08,0.03684868557725074,0.030303395583323067,,0.23885289486688555,,,,,,,,,,
34023,NJ,6016,ok,UNACCEPTABLE progressivity,0.27162350330919455,59.72649575523755,1.0103209771918713,0.6180730708917871,169.7608359274864,0.9758266908928054,0.24293068644637852,0.9483438995355792,-0.051646148151698296,-1.6654923482315173e-08,-0.0055514916255066105,-0.007170798116546306,,,0.09860747633033058,,,0.11981158060457577,,0.16950405276632596,0.1694790960870471,0.046452488083773544,0.09259416729260404,0.09178789508915343
34025,NJ,6144,ok,acceptable (VEI significance <= 10),0.8977999824795777,14.163086779351598,1.0376557050161028,-0.03169987418731662,-11.720859323819782,0.902521919191898,0.8087269156713476,0.8949457343815894,-0.10505408317365664,-2.6824123241580644e-08,-0.033483158766221655,-0.03406627564639586,,0.16721862096934823,0.1836737875656668,0.15785759951384565,0.19402136559984687,0.1920169593853744,0.22350532338742643,0.17745342196865133,0.17745317849811876,0.16030684445438592,0.19190815406065967,0.19543659577187755
34027,NJ,4661,ok,acceptable (VEI significance <= 10),0.6062921348314607,20.90763282902821,1.0294821002189316,0.020629180062035676,11.959608365575576,0.9142625394703713,0.5292792931498393,0.9044948864222819,-0.0955041308139405,-8.293001812259095e-09,-0.02617529789916251,-0.02762285222712535,,0.22918055757032718,0.16498639777531943,,,0.16693863451444446,,0.1678274494864965,0.1678261652099756,0.09039295949929055,0.16425329087264862,0.16702176953408962
34029,NJ,9009,ok,UNACCEPTABLE progressivity,0.5344444444444445,32.60297959441593,1.0458559690055862,0.08301582618869613,18.626983258562213,0.9117585593322252,0.47600784663428936,0.9228590886963892,-0.07713918472550836,-4.2312953096729764e-08,-0.032178886611326396,-0.04206049702719006,,,0.20515820987026034,,,0.21629992531554618,,0.1847736079638183,0.1847707281870494,0.12043429534481395,0.21159588920924807,0.2347669027776764
34031,NJ,3389,ok,UNACCEPTABLE progressivity,0.392,31.085303515500062,1.1030243376591826,0.0616819775110087,36.99453344807444,0.6824400685214738,0.18523661818284198,0.6709274655880039,-0.3290678858814762,-2.5315332571473024e-08,-0.09436410409259155,-0.10198023604227657,,,,,,,,,,0.0799708049928539,,
34033,,0,no residential sales in 2025,,,,,,,,,,,,,,,,,,,,,,,,,
34035,,0,no residential sales in 2025,,,,,,,,,,,,,,,,,,,,,,,,,
34037,,0,no residential sales in 2025,,,,,,,,,,,,,,,,,,,,,,,,,
34039,NJ,4067,ok,UNACCEPTABLE progressivity,0.2729310344827586,73.55702489146309,1.091372021644078,0.5065818797780444,155.04261766779277,0.8634594745532259,0.037695611862823615,0.941001457622442,-0.05899268540416649,-4.819870621951038e-09,-0.049570476588353785,-0.07802553798907663,,,,,,,,0.22283218662072898,0.2228201660553224,0.028816022275875396,,
34041,,0,no residential sales in 2025,,,,,,,,,,,,,,,,,,,,,,,,,
35001,,0,no residential sales in 2025,,,,,,,,,,,,,,,,,,,,,,,,,
35005,NM,475,ok,UNACCEPTABLE progressivity,0.6418016901297603,30.77737133092977,1.1469286296530408,0.06542858460084473,44.309697993527216,0.7797001136315113,0.1457347077743488,0.8224110647137511,-0.17758199486943385,-9.47019070526304e-08,-0.08731928708652137,-0.12901961376108217,,,,,,,,,,0.0844618963364872,,
35006,,0,no residential sales in 2025,,,,,,,,,,,,,,,,,,,,,,,,,
35007,,0,no residential sales in 2025,,,,,,,,,,,,,,,,,,,,,,,,,
35009,NM,325,ok,UNACCEPTABLE progressivity,0.764500732775849,31.390841094746335,1.2146443347283187,0.12390393127663207,54.06833790375258,0.6446380027614772,0.08568820676527546,0.8405081132749199,-0.159484902945504,-4.8839744578428526e-08,-0.14160555397942343,-0.1954383287750776,,,,,,,,,,0.08660081812734761,,
35013,NM,1238,ok,UNACCEPTABLE progressivity,0.7004874225472126,27.098909094147476,1.0284127428828895,0.13953141008477793,36.57096691885465,0.8871391521920216,0.3885967268532804,0.9794777287616426,-0.020516974711610764,-1.2606407791611518e-07,-0.029153844179149235,-0.03779068417219644,,,0.1655632646756041,,,0.17960176198892228,,0.09102719329208725,0.09101054317788687,0.10374850934506183,0.16928525040543474,0.18980200636265546
35015,,0,no residential sales in 2025,,,,,,,,,,,,,,,,,,,,,,,,,
35025,,0,no residential sales in 2025,,,,,,,,,,,,,,,,,,,,,,,,,
35027,NM,247,ok,UNACCEPTABLE progressivity,0.6101100266193434,37.20694401828499,1.052823981960953,0.12369054983205517,37.3794975919191,0.8815603501397925,0.4603445100509112,0.9028109830125571,-0.09718603726195543,-1.38735085978376e-07,-0.0413815441047638,-0.05643102513676079,,,0.20098869307398093,,,,,0.23197206580563817,0.2319736608730818,0.17265599089384343,0.23503498055182417,0.24040177092658394
35028,NM,227,ok,UNACCEPTABLE progressivity,0.5869314375046527,29.462156107524688,1.052463363252557,0.1557065377895903,44.42132903738533,0.8153389914985899,0.29690617116643375,0.8062773047532238,-0.1937213871820298,-9.593565121052424e-08,-0.0448673250987639,-0.05260571184095708,,,0.20724327546591642,,,0.22257802582809566,,0.23987820272279659,0.2398787960068812,0.09869705850074431,0.18466945169336849,0.21202129449553117
35029,NM,111,ok,acceptable (VEI within +/-10),0.6214437028769276,33.758581146103666,1.7240387518520126,-0.05833422221700663,4.0188249533717775,0.435041132860341,0.03125114501684414,0.5019606045068922,-0.498023191644958,-1.4342273544775638e-07,-0.3218464496870419,-0.43099767148961554,,,,0.2267505043211673,,,,,,0.1481832170370594,,
35031,NM,96,skipped (fewer than 100 sales),,,,,,,,,,,,,,,,,,,,,,,,,
35035,NM,609,ok,UNACCEPTABLE progressivity,0.722922077571451,24.388223989692754,0.997462412741778,0.1286274418396554,31.065953725805986,1.0289482576444513,0.6848114990788022,1.0285179510433384,0.028521599957619045,2.60436044167582e-08,0.007546401389323165,0.004945463186855514,,0.24606297975212144,,,,,,,,,,
35037,NM,53,skipped (fewer than 100 sales),,,,,,,,,,,,,,,,,,,,,,,,,
35039,,0,no residential sales in 2025,,,,,,,,,,,,,,,,,,,,,,,,,
35041,,0,no residential sales in 2025,,,,,,,,,,,,,,,,,,,,,,,,,
35043,,0,no residential sales in 2025,,,,,,,,,,,,,,,,,,,,,,,,,
35045,,0,no residential sales in 2025,,,,,,,,,,,,,,,,,,,,,,,,,
35047,,0,no residential sales in 2025,,,,,,,,,,,,,,,,,,,,,,,,,
35049,NM,1074,ok,acceptable (VEI significance <= 10),0.801544699535422,23.379626953345312,1.02762980006748,0.05437209372948409,16.843175833496637,0.9171685182460714,0.7081692091324587,0.9526945581046232,-0.047304056450434034,-6.210429780181083e-08,-0.0268618038560684,-0.029970913034356395,,,0.1543381071648531,,,0.20860651729480467,,0.12889794155833723,0.1288968600391212,0.12857914311668062,0.1798437312503156,0.16836265459928487
35051,NM,80,skipped (fewer than 100 sales),,,,,,,,,,,,,,,,,,,,,,,,,
35053,,0,no residential sales in 2025,,,,,,,,,,,,,,,,,,,,,,,,,
35055,NM,136,ok,UNACCEPTABLE progressivity,0.5082948771010094,36.875100583124905,1.0259197900316124,0.07452815573840146,32.219399149309794,0.9332166302559528,0.506348334843567,0.9536016706827265,-0.04639163591256565,-4.581920187175761e-08,-0.02161962332593359,-0.02296073691024403,,,0.15086054310348954,,,0.1947682425392973,,0.1622493618252057,0.1622646151103946,0.09991775237699438,0.1853019358874378,0.19219823479992965
35057,,0,no residential sales in 2025,,,,,,,,,,,,,,,,,,,,,,,,,
35061,,0,no residential sales in 2025,,,,,,,,,,,,,,,,,,,,,,,,,
36001,,0,no residential sales in 2025,,,,,,,,,,,,,,,,,,,,,,,,,
36003,,0,no residential sales in 2025,,,,,,,,,,,,,,,,,,,,,,,,,
36005,NY,1950,ok,UNACCEPTABLE progressivity,0.913487898089172,31.03424363868951,1.38134554880576,0.04524940799154956,26.67740936514619,0.5552149130395755,0.15149381853440286,0.870398602924268,-0.1295981801487719,-3.2399549478352325e-08,-0.23211463394868614,-0.29484828661804374,,,,,,,,,,0.149113136277316,,
36007,,0,no residential sales in 2025,,,,,,,,,,,,,,,,,,,,,,,,,
36009,,0,no residential sales in 2025,,,,,,,,,,,,,,,,,,,,,,,,,
36011,,0,no residential sales in 2025,,,,,,,,,,,,,,,,,,,,,,,,,
36013,,0,no residential sales in 2025,,,,,,,,,,,,,,,,,,,,,,,,,
36015,,0,no residential sales in 2025,,,,,,,,,,,,,,,,,,,,,,,,,
36017,,0,no residential sales in 2025,,,,,,,,,,,,,,,,,,,,,,,,,
36019,,0,no residential sales in 2025,,,,,,,,,,,,,,,,,,,,,,,,,
36021,,0,no residential sales in 2025,,,,,,,,,,,,,,,,,,,,,,,,,
36023,,0,no residential sales in 2025,,,,,,,,,,,,,,,,,,,,,,,,,
36025,,0,no residential sales in 2025,,,,,,,,,,,,,,,,,,,,,,,,,
36027,,0,no residential sales in 2025,,,,,,,,,,,,,,,,,,,,,,,,,
36029,,0,no residential sales in 2025,,,,,,,,,,,,,,,,,,,,,,,,,
36031,,0,no residential sales in 2025,,,,,,,,,,,,,,,,,,,,,,,,,
36033,,0,no residential sales in 2025,,,,,,,,,,,,,,,,,,,,,,,,,
36035,,0,no residential sales in 2025,,,,,,,,,,,,,,,,,,,,,,,,,
36037,,0,no residential sales in 2025,,,,,,,,,,,,,,,,,,,,,,,,,
36039,,0,no residential sales in 2025,,,,,,,,,,,,,,,,,,,,,,,,,
36041,,0,no residential sales in 2025,,,,,,,,,,,,,,,,,,,,,,,,,
36043,,0,no residential sales in 2025,,,,,,,,,,,,,,,,,,,,,,,,,
36045,,0,no residential sales in 2025,,,,,,,,,,,,,,,,,,,,,,,,,
36047,NY,6005,ok,UNACCEPTABLE progressivity,0.7958115183246073,47.269976742733284,1.6827728046522876,0.08410473965438968,60.9051323484149,0.5617356974893137,0.054936890249006935,0.7255588835971973,-0.2744402064489326,-2.7842055181185464e-09,-0.27267278597961697,-0.3734396381066034,,,,,,,,,,0.1431132907320715,,
36049,,0,no residential sales in 2025,,,,,,,,,,,,,,,,,,,,,,,,,
36051,,0,no residential sales in 2025,,,,,,,,,,,,,,,,,,,,,,,,,
36053,,0,no residential sales in 2025,,,,,,,,,,,,,,,,,,,,,,,,,
36055,,0,no residential sales in 2025,,,,,,,,,,,,,,,,,,,,,,,,,
36057,,0,no residential sales in 2025,,,,,,,,,,,,,,,,,,,,,,,,,
36059,NY,7903,ok,acceptable (VEI within +/-10),0.6301204819277109,13.309920257751642,1.02560866542672,-0.02995602438869593,-6.026303550204124,0.8765141155059513,0.5511695389146001,0.8754338425685458,-0.12456569723612722,-3.864730795818558e-08,-0.032295478339110506,-0.03113105501810054,,0.15716780580202744,0.15099585909394475,0.11058956545623794,0.1093668708682037,0.15438658533488098,,0.14881305393697258,0.14881274876891767,0.0949294105886125,0.1527548602024369,0.16332424420164024
36061,,0,no residential sales in 2025,,,,,,,,,,,,,,,,,,,,,,,,,
36063,,0,no residential sales in 2025,,,,,,,,,,,,,,,,,,,,,,,,,
36065,,0,no residential sales in 2025,,,,,,,,,,,,,,,,,,,,,,,,,
36067,,0,no residential sales in 2025,,,,,,,,,,,,,,,,,,,,,,,,,
36069,,0,no residential sales in 2025,,,,,,,,,,,,,,,,,,,,,,,,,
36071,,0,no residential sales in 2025,,,,,,,,,,,,,,,,,,,,,,,,,
36073,,0,no residential sales in 2025,,,,,,,,,,,,,,,,,,,,,,,,,
36075,,0,no residential sales in 2025,,,,,,,,,,,,,,,,,,,,,,,,,
36077,,0,no residential sales in 2025,,,,,,,,,,,,,,,,,,,,,,,,,
36079,,0,no residential sales in 2025,,,,,,,,,,,,,,,,,,,,,,,,,
36081,NY,6960,ok,UNACCEPTABLE progressivity,0.9129923273657289,30.613855421986504,1.1354191436855452,0.23497431614206826,78.90721767294907,0.736829917817083,0.06771058726358169,1.1561491171714426,0.15615409589705093,-1.0999909739268712e-09,-0.09273810837874774,-0.1299452374895791,,,,,,,,,,0.031109376792387042,,
36083,,0,no residential sales in 2025,,,,,,,,,,,,,,,,,,,,,,,,,
36085,NY,3154,ok,acceptable (VEI within +/-10),0.9562409334594765,12.851596446604953,1.0185105022989747,-0.017955720470953375,-0.9720171862918993,0.847715235108461,0.7526128825203485,0.8471942504641954,-0.15280567664703065,-1.5318031491426288e-07,-0.028582439046846986,-0.029950515310764203,,0.15033420498248395,0.1360287495054393,0.07321992461173596,0.047325965604879484,0.13762743403510252,0.18708656920909367,0.13938522976757142,0.13938516565187073,0.12169980896386531,0.13426447106925554,0.13887796619732556
36087,,0,no residential sales in 2025,,,,,,,,,,,,,,,,,,,,,,,,,
36089,,0,no residential sales in 2025,,,,,,,,,,,,,,,,,,,,,,,,,
36091,,0,no residential sales in 2025,,,,,,,,,,,,,,,,,,,,,,,,,
36093,,0,no residential sales in 2025,,,,,,,,,,,,,,,,,,,,,,,,,
36095,,0,no residential sales in 2025,,,,,,,,,,,,,,,,,,,,,,,,,
36097,,0,no residential sales in 2025,,,,,,,,,,,,,,,,,,,,,,,,,
36099,,0,no residential sales in 2025,,,,,,,,,,,,,,,,,,,,,,,,,
36101,,0,no residential sales in 2025,,,,,,,,,,,,,,,,,,,,,,,,,
36103,,0,no residential sales in 2025,,,,,,,,,,,,,,,,,,,,,,,,,
36105,,0,no residential sales in 2025,,,,,,,,,,,,,,,,,,,,,,,,,
36107,,0,no residential sales in 2025,,,,,,,,,,,,,,,,,,,,,,,,,
36109,,0,no residential sales in 2025,,,,,,,,,,,,,,,,,,,,,,,,,
36111,,0,no residential sales in 2025,,,,,,,,,,,,,,,,,,,,,,,,,
36113,,0,no residential sales in 2025,,,,,,,,,,,,,,,,,,,,,,,,,
36115,,0,no residential sales in 2025,,,,,,,,,,,,,,,,,,,,,,,,,
36117,,0,no residential sales in 2025,,,,,,,,,,,,,,,,,,,,,,,,,
36119,,0,no residential sales in 2025,,,,,,,,,,,,,,,,,,,,,,,,,
36121,,0,no residential sales in 2025,,,,,,,,,,,,,,,,,,,,,,,,,
36123,,0,no residential sales in 2025,,,,,,,,,,,,,,,,,,,,,,,,,
37001,NC,2141,ok,acceptable (VEI within +/-10),0.9115630769230769,18.203911433376746,1.0285962334669383,0.02805465189944219,7.010396799605316,0.9336359825904101,0.7888442076392673,0.9549885866228133,-0.04500985629883603,-4.128151922955599e-09,-0.021738775344943395,-0.0270399453813841,,0.20931100690818685,0.16102562186132316,,,0.14597284262891908,0.20629725792235146,0.12418482969090203,0.12418328804972603,0.13032927254141566,0.15313892007213895,0.16672296385391333
37003,NC,0,no residential sales in 2025,,,,,,,,,,,,,,,,,,,,,,,,,
37005,NC,0,no residential sales in 2025,,,,,,,,,,,,,,,,,,,,,,,,,
37007,,0,no residential sales in 2025,,,,,,,,,,,,,,,,,,,,,,,,,
37009,NC,485,ok,acceptable (confidence intervals overlap),0.7235714285714285,28.640304331266325,1.1372405652591349,0.01020604287714473,12.855961495411899,0.834980052010066,0.3488047482251253,0.9200481143452827,-0.07994863092030806,-2.150741135579263e-08,-0.07476741879152193,-0.10413677882730643,,,,,,,,0.2487375652537006,0.24873866578249026,0.10316190719654693,,
37011,,0,no residential sales in 2025,,,,,,,,,,,,,,,,,,,,,,,,,
37013,NC,216,ok,acceptable (confidence intervals overlap),0.8641745098039215,20.51893300813833,1.0135715490505208,0.025784015974684237,14.159148027113215,0.9793162780755261,0.8321481538710024,0.9706702799241607,-0.02932794520226376,-1.1076401366884364e-07,-0.006680438866938143,-0.00653966497553804,,0.2489109984570998,0.11781757283344964,,,0.0747876803245113,0.2287322592522522,0.12700289914575413,0.1270001477581303,0.11215429672596593,0.07007078166932067,0.059629801619690524
37015,,0,no residential sales in 2025,,,,,,,,,,,,,,,,,,,,,,,,,
37017,NC,279,ok,acceptable (confidence intervals overlap),0.5978866666666667,49.32757368309094,1.2291456917841304,-0.08984700817987976,-20.424022787193447,0.8763584290290485,0.4065158256611226,0.8050228860644323,-0.19496963196955103,-4.243859639903669e-07,-0.06329269878980481,-0.07653176204163148,,,,,,,,,,,,
37019,NC,4913,ok,acceptable (VEI within +/-10),0.8634097421203438,17.256960743534517,1.0437141653641706,0.004343534491599876,9.661914488684387,0.878552131955882,0.6206426864464337,0.9564426319378587,-0.0435552246999306,-1.0927601848781287e-07,-0.042160853955830246,-0.050071934085074155,,0.19818438951167466,0.19492236704493962,,,0.2132885998509039,,0.14209601956077117,0.14209085176201416,0.13658701290161307,0.21270826267915238,0.22636347980137325
37021,NC,3234,ok,acceptable (VEI within +/-10),0.6208041958041958,18.0683618921426,1.0403442872574242,0.006931339684916617,5.713481074247606,0.914377969976915,0.4457640776966016,0.9389417456124968,-0.06105632034775422,-7.0883085571748325e-09,-0.03094352072715756,-0.03715177046471552,,0.2043388565033502,0.18800162026946055,,,0.19477030455870423,,0.16005607890230308,0.16005375762124172,0.0990575751118867,0.1940078541538627,0.20233167992293294
37023,NC,1073,ok,acceptable (VEI significance <= 10),0.7258375,27.531302989648076,1.2361100022234168,-0.04282946735608006,-13.304502772267055,0.8133362832758221,0.2696199927704785,0.839637894821821,-0.16035938338639824,-2.5760917900461345e-08,-0.09965477029793557,-0.1467644933326664,,,,,0.23713262896171053,,,,,0.1252579324768806,,
37025,NC,0,no residential sales in 2025,,,,,,,,,,,,,,,,,,,,,,,,,
37027,NC,844,ok,acceptable (VEI within +/-10),0.8747656940760389,31.8754603733095,1.1519062693786923,-0.038176792019325285,2.2345456000274986,0.8095818544326715,0.28729668947111253,0.8217338046456503,-0.17826403392871548,-2.595962210545959e-07,-0.08012743350425344,-0.1004165761523177,,,,,0.08887289606876858,,,,,0.19567305648283517,,
37029,NC,0,no residential sales in 2025,,,,,,,,,,,,,,,,,,,,,,,,,
37031,NC,1461,ok,acceptable (VEI within +/-10),0.9453827586206897,13.457454198031694,1.0317212584090694,-0.011436291312154259,-6.14115372255882,0.9268021062025753,0.791812160915195,0.9526734280869643,-0.04732612515495689,-8.541438637313357e-08,-0.026447336918259845,-0.033043293040887045,,0.15835021375537844,0.16123816416402986,0.10865031047180981,0.20094096017251376,0.17105434983181286,,0.14517745915605285,0.14517834994863707,0.1368361854747521,0.1712855798576703,0.18559349579670192
37033,NC,209,ok,acceptable (VEI within +/-10),0.7141456,41.531880609072275,1.2793443797744488,-0.07111720005867879,-5.150342037189213,0.8215624966743882,0.3795150355354666,0.8355227083547674,-0.16447296457744076,-1.9174281807513108e-07,-0.1002199568224229,-0.14142895465023897,,,,,0.09444385233979338,,,,,0.20910958900186513,,
37035,NC,0,no residential sales in 2025,,,,,,,,,,,,,,,,,,,,,,,,,
37037,NC,1148,ok,acceptable (VEI within +/-10),0.8804064194577352,19.37216284226585,1.0384725114907791,0.02918703471699898,9.228117482207288,0.9045962619115131,0.560249531194193,0.9453765535051186,-0.0546225976971581,-6.66769030374144e-08,-0.031924203544584806,-0.043259631772505136,,0.2208636920772334,0.181457438532199,,,0.20276706335767591,,0.16024030078381,0.16024131150980028,0.13151479680843328,0.18946885386348206,0.21252139109825186
37039,NC,665,ok,acceptable (VEI within +/-10),0.5007871720116618,26.351429602109757,1.010335189916138,0.02972909709038948,3.6533787597672323,1.0493006069630209,0.529362105964303,0.9452385425871475,-0.0547546250250278,-5.345881529198782e-08,0.014529181017631565,0.0185995676430577,,,0.0953728750646743,,,,,0.18979198400750977,0.1897784704740634,0.06012783977869725,,
37041,NC,101,ok,acceptable (confidence intervals overlap),0.5651173913043478,45.323062066031675,1.4342629293428024,-0.024461297047387545,-35.479515347468606,0.5731432599999338,0.1295701830949026,0.7337317480234348,-0.2662512065631883,-2.3334989912723683e-07,-0.2193175068473343,-0.2940365764364401,,,,0.17617828583946196,,,,,,0.14246954424224761,,
37043,NC,210,ok,acceptable (VEI significance <= 10),0.46901785714285715,26.599750893104396,1.0280266275918557,0.06761669707322651,23.05072400639645,0.9553499042192042,0.36511279543066827,0.9731847670497266,-0.02680904727203198,-4.8286827842921603e-08,-0.015821251607364806,-0.02434713023853785,,,0.20021655432721827,,,0.13080451584233943,,0.1327538156770251,0.13268555825321807,0.07670813659614979,0.14936517934962318,0.17706038303938942
37045,NC,1228,ok,acceptable (VEI significance <= 10),0.7956844036697248,31.9581251344157,1.7259780625727177,-0.057800426818950625,-66.67916229511238,0.45696897010211635,0.03146350799203399,0.49913427314700537,-0.5008604228759015,-8.692394453404301e-08,-0.3167819590307237,-0.42381244222432835,,,,,,,,,,0.10083511342790079,,
37047,NC,0,no residential sales in 2025,,,,,,,,,,,,,,,,,,,,,,,,,
37049,NC,1684,ok,acceptable (VEI within +/-10),0.7948617693522907,12.061141928183165,1.0036551466039088,0.021897151531682847,-0.173400734465794,1.0046130636070831,0.7031334523827822,1.0015866794402017,0.0015889800615631895,-1.843155479656877e-08,0.0012445791795994143,-0.0006869837524672295,,0.14344524500936204,0.053934485260277464,,0.013853813730676012,,,,,0.04375214168482276,,0.015734687692740418
37051,,0,no residential sales in 2025,,,,,,,,,,,,,,,,,,,,,,,,,
37053,NC,0,no residential sales in 2025,,,,,,,,,,,,,,,,,,,,,,,,,
37055,NC,0,no residential sales in 2025,,,,,,,,,,,,,,,,,,,,,,,,,
37057,NC,2133,ok,acceptable (VEI within +/-10),0.593353751914242,24.616856603219386,1.0313295817828791,0.0073015990103047525,-4.744009787196279,0.9659342259560585,0.5267157209316164,0.8994849300708635,-0.10051136513853616,-1.5318955996889857e-07,-0.01037714512461485,-0.011992452066340809,,,0.1589085584635967,,0.11374716822648441,0.11593833821194645,,0.21410909021707028,0.21410703001972436,0.1032645652407537,0.10758993110774946,0.10856994111645846
37059,NC,613,ok,acceptable (VEI within +/-10),0.8536666666666667,15.139541369055173,1.0165138533925018,0.006455959463941049,1.2089785354324631,0.940355418532998,0.7662109319984676,0.9475624501042541,-0.05243656462255282,-1.2431426740253825e-07,-0.016602685962954444,-0.01729612515080925,,0.17978029153470615,0.11722272869258481,,,0.11644458959851897,,0.11716518536056938,0.11716438109157558,0.10584083746451253,0.1145678286442253,0.1137704284523112
37061,NC,0,no residential sales in 2025,,,,,,,,,,,,,,,,,,,,,,,,,
37063,NC,3564,ok,acceptable (VEI significance <= 10),0.9865047405660377,12.190259758822528,1.0730641876054747,-0.04592505366522691,-10.0291101492381,0.8353923613068468,0.6482578072232752,0.8709594154207685,-0.1290404925570688,-9.309014875375989e-09,-0.05861366002610868,-0.06460338892391482,,0.14826725952092246,0.2126930979992387,0.16436752160721932,0.16774510542277238,0.2148998159817682,,0.1728610652649148,0.17286096901395262,0.18091385361220297,0.21447542810659528,0.2482097964213663
37067,NC,4735,ok,acceptable (VEI significance <= 10),0.9396103896103896,15.525311368201463,1.0108085299485936,0.03209280489994621,10.518359879939412,0.9695291718118286,0.7961413710072388,0.9928508542490913,-0.007148321304775375,-3.606135650315953e-08,-0.009697956292017418,-0.012215039356979762,,0.17836302389323527,0.10590331527836225,,,0.10642603866209231,,0.05065817142814558,0.050655127342276875,0.08758787963764059,0.10451151578310451,0.11285159325104671
37069,NC,1128,ok,acceptable (VEI within +/-10),0.9086879530635577,12.038838507071514,1.010972288637451,0.002276298977660459,6.118893528212028,0.9622925398923964,0.825090114503823,0.9589732530461232,-0.041026144011073046,-9.718030473804334e-08,-0.00940320725291044,-0.011136553569519814,,0.1459970185867538,0.10551509815449962,,,0.0799672335989075,0.20718451098318247,0.11013366769436374,0.11013278985451125,0.0909325804337016,0.0786137671251564,0.09703874422328676
37071,NC,0,no residential sales in 2025,,,,,,,,,,,,,,,,,,,,,,,,,
37073,NC,95,skipped (fewer than 100 sales),,,,,,,,,,,,,,,,,,,,,,,,,
37075,NC,104,ok,acceptable (confidence intervals overlap),0.7447957066189624,44.269312004386116,1.187978452166038,-0.12481622328919997,-27.43966337776083,0.9034449536812794,0.6117888579376173,0.7441672024534859,-0.2558341441948847,-2.7926850674101753e-07,-0.04826082143821964,-0.06248414295309224,,,,,,,,,,,,
37077,NC,0,no residential sales in 2025,,,,,,,,,,,,,,,,,,,,,,,,,
37079,NC,0,no residential sales in 2025,,,,,,,,,,,,,,,,,,,,,,,,,
37081,,0,no residential sales in 2025,,,,,,,,,,,,,,,,,,,,,,,,,
37083,NC,0,no residential sales in 2025,,,,,,,,,,,,,,,,,,,,,,,,,
37085,NC,2620,ok,UNACCEPTABLE progressivity,0.7819857298474946,21.467969668220483,1.0120212488133788,0.10030058477097145,24.70717267981408,0.9858094635135539,0.4979389440993657,1.0092945630207302,0.009297169415817961,-6.408947001569545e-08,-0.003391255292889639,-0.010923485471554306,,0.24008404377171935,0.11041724233553003,,,0.059456116952480195,,,,0.06392861774816676,0.052456415492128525,0.08679167572669037
37087,NC,1093,ok,acceptable (VEI within +/-10),0.5573493975903614,25.406970958577453,1.0342462007143618,0.03040895656387977,4.182070372836936,0.9556113910604792,0.4759338506014274,0.9520993629175685,-0.04789167133118513,-6.628120902495996e-08,-0.01533614870637634,-0.022190330425745364,,,0.1811571498321884,,,0.1581893692978448,,0.1677972376772212,0.16777291836143854,0.09932925675638601,0.15462417636218007,0.1601318365495247
37089,NC,0,no residential sales in 2025,,,,,,,,,,,,,,,,,,,,,,,,,
37091,NC,0,no residential sales in 2025,,,,,,,,,,,,,,,,,,,,,,,,,
37093,NC,1194,ok,UNACCEPTABLE progressivity,0.6657820855614973,28.62540565421272,1.0386629261181801,0.1278637488409836,42.87882484389386,0.7730864470471835,0.47224505748756346,0.8123310914690383,-0.18766152506101108,-7.047665499297261e-08,-0.051908869295189675,-0.058513111223087,,,0.17515777120595813,,,,,,,0.12430675832211231,0.2197059699282486,0.2129928528253796
37095,,0,no residential sales in 2025,,,,,,,,,,,,,,,,,,,,,,,,,
37097,,0,no residential sales in 2025,,,,,,,,,,,,,,,,,,,,,,,,,
37099,NC,0,no residential sales in 2025,,,,,,,,,,,,,,,,,,,,,,,,,
37101,NC,3172,ok,acceptable (VEI within +/-10),0.9642316267901552,10.80324426197889,1.0406340394781908,0.0031051630072764062,3.7971879279402283,0.8636290754180264,0.5651572540651106,0.9375165823363338,-0.06248306629034425,-5.567775099253279e-09,-0.03511202381181744,-0.04067020755908679,,0.1273270810665561,0.16672960646902793,,,0.15996906428756133,,0.10316710343295224,0.1031669321976956,0.10264573572028181,0.15979142933853507,0.15554768683610787
37103,NC,87,skipped (fewer than 100 sales),,,,,,,,,,,,,,,,,,,,,,,,,
37105,NC,1185,ok,acceptable (VEI significance <= 10),0.6590551181102362,46.435906997413355,1.206532179460698,0.07628639647972188,18.83649086874893,0.5663729713720805,0.06428057951425757,0.5217629251563096,-0.4782238068734609,-2.1070723488235214e-07,-0.14915190165183967,-0.1811676464091625,,,,,,,,,,0.1578216290662558,,
37107,NC,572,ok,UNACCEPTABLE regressivity,0.9191795918367347,35.77451000705074,1.1912245587520913,-0.15244017655410508,-55.48002109859093,0.7120307854851391,0.48156867833274225,0.693437155782548,-0.30656161968202567,-1.3367996177669314e-06,-0.10694545100239683,-0.11852153840225643,,,,,,,,,,,,
37109,NC,1325,ok,acceptable (VEI significance <= 10),0.8583150955833883,16.519436812499272,1.0192111548142795,0.030706869531058976,10.848506181042307,0.9585694526591744,0.7240457561413254,0.9997577330237332,-0.00024067786739031424,-4.0157316573742996e-08,-0.014807233138392162,-0.02337109437068219,,0.1941291790857799,0.13217044571016462,,,0.135464525614455,,0.021736162586555335,0.021724277028683844,0.10658986389791257,0.13360997689660484,0.15387241785653705
37111,NC,0,no residential sales in 2025,,,,,,,,,,,,,,,,,,,,,,,,,
37113,NC,777,ok,acceptable (confidence intervals overlap),0.7726775956284153,21.06880465206599,1.063846300682314,-0.002585433162652189,-13.338727258157954,0.9274144819163942,0.5995129863498273,0.9533251658964844,-0.04667340216696018,-5.6198543985861544e-08,-0.035072937900342493,-0.053594646724620665,,0.2361663747511478,0.2294386687832754,0.08576653491476723,0.2447570563304878,0.24372318644047986,,0.17089459018202505,0.1708958679721964,0.15777557915863152,0.24380612030840101,
37115,,0,no residential sales in 2025,,,,,,,,,,,,,,,,,,,,,,,,,
37117,NC,202,ok,acceptable (confidence intervals overlap),1.0331691489361703,45.37235316189659,1.3451422783232427,-0.13983011242601098,-31.543859691718446,0.5989362693798976,0.28419940024245727,0.5873208971082099,-0.41267649694094294,-1.5399011011670621e-06,-0.1812843896561822,-0.21736760999340232,,,,,,,,,,,,
37119,,0,no residential sales in 2025,,,,,,,,,,,,,,,,,,,,,,,,,
37121,NC,0,no residential sales in 2025,,,,,,,,,,,,,,,,,,,,,,,,,
37123,NC,494,ok,acceptable (confidence intervals overlap),0.49028690523004326,34.253700865725,1.1132093813032347,-0.0044431982917628905,11.157117362550677,0.9346203506904777,0.19652266355586062,0.8630240171318029,-0.13697024344186268,-4.8749453904834433e-08,-0.035412086126169307,-0.06533475648257747,,,,0.1020595695453632,,,,,,0.10896403512873488,,
37125,,0,no residential sales in 2025,,,,,,,,,,,,,,,,,,,,,,,,,
37127,NC,1170,ok,acceptable (VEI within +/-10),0.714045267489712,40.36038984955166,1.091352164508009,0.036544334780452006,8.092057326293377,0.7954452543818653,0.4791784328492086,0.6132131702221001,-0.3867852787680254,-5.429446711401829e-07,-0.061762568490913106,-0.06247040809653792,,,,,,,,,,0.23265769535530642,,
37129,NC,3579,ok,acceptable (VEI within +/-10),0.9759237187127533,10.825766124550443,1.0240910532465823,-0.017286002956160163,-8.624886894226353,0.9453923432120585,0.9169482504530467,0.9414200523869446,-0.05857984285744959,-7.591147869063884e-09,-0.020317063729728968,-0.02099461275610226,,0.1301354809131477,0.12732612664384907,0.11374728123841647,0.1556753235242204,0.15770019582322795,0.18440198180466374,0.1377184826889913,0.1377180756066097,0.14238613195270577,0.15790921979262437,0.14924405434792481
37131,NC,84,skipped (fewer than 100 sales),,,,,,,,,,,,,,,,,,,,,,,,,
37133,NC,3694,ok,UNACCEPTABLE progressivity,0.735051248192165,10.325458023471038,0.9996523975229316,0.04894930013690161,14.530000288659384,1.0295377958175285,0.6658563672098404,1.0328465746274733,0.03284844194280269,1.951723036456245e-09,0.007182020296208069,0.0030428820389317712,,0.12490609519504786,,,,,,,,,,
37135,NC,1342,ok,acceptable (VEI significance <= 10),0.9226534798534799,12.237845190978536,1.0385427037672552,-0.033472038900967255,-15.624418028743186,0.9127084643986495,0.8206274775298916,0.9187365789239371,-0.08126312439280754,-2.3640844496458795e-08,-0.032024959843532486,-0.035095871610819174,,0.1493565663222445,0.18735378731438615,0.17495658305186057,0.23364884210573264,0.19084168969121124,,0.16388750965079524,0.16388731240762877,0.15171982158987363,0.1901216597627329,0.18924188590008553
37137,NC,239,ok,acceptable (VEI within +/-10),0.5362342105263158,37.75513395548246,1.1180203684495158,-0.03634040155909506,-3.789879560784245,0.868012293149347,0.45099154907697675,0.8521135239252577,-0.14787821298195847,-3.0226950393733186e-07,-0.05332885425719236,-0.05820201673557812,,,,0.23377155515861214,0.15181269277945433,,,,,0.19405862569676485,,
37139,,0,no residential sales in 2025,,,,,,,,,,,,,,,,,,,,,,,,,
37141,,0,no residential sales in 2025,,,,,,,,,,,,,,,,,,,,,,,,,
37143,NC,0,no residential sales in 2025,,,,,,,,,,,,,,,,,,,,,,,,,
37145,NC,453,ok,acceptable (VEI within +/-10),0.9602434782608695,22.409966216866287,1.0635045679409116,-0.021657897804960313,-6.985334411654666,0.9073492562619441,0.7949774151057314,0.8986902212410225,-0.10130744243378072,-2.537100200603207e-07,-0.03617054334666259,-0.03839987764368624,,0.24262491479916923,0.21244892602244533,0.2214061658040678,0.16972559534452744,0.23121078535019307,,0.22822089858651745,0.22821749057529664,0.20924654830002073,0.2138630699712831,0.22024863866971237
37147,NC,1765,ok,acceptable (VEI within +/-10),0.9179173126614987,13.758047696065397,1.0145658276119407,0.011736875776204352,-0.30222510348409587,0.9458946695559347,0.8085852280328786,0.9673234859844001,-0.032674890464707916,-1.3461934266657823e-07,-0.015074723046736072,-0.01717435299606218,,0.15839717902642447,0.11656882912010076,,0.051795409328546434,0.11775188428150987,0.220491237209954,0.10584654214982202,0.10584440406965999,0.10676144875196276,0.11618448571464084,0.1173185184133055
37149,NC,303,ok,acceptable (confidence intervals overlap),0.8349309090909091,21.94578652993501,1.007766377201953,0.017457097396507505,17.875778830756296,1.0095163915940262,0.8396953188106552,0.990748246422152,-0.009250347156562205,-2.2705843172528982e-08,0.0036438796746300905,0.003970468069985911,,0.23213840398921343,0.08450898597783311,,,,,0.07020778370893746,0.07018333225090077,0.11328131637732786,,
37151,NC,1657,ok,acceptable (VEI within +/-10),0.7590359168241966,19.355075625589215,1.0363800140969468,-0.020041857127869246,-8.403623638737798,0.9281685283009374,0.5521561968912146,0.8981161967109474,-0.10188192890432608,-2.687865852444901e-07,-0.020035164252547366,-0.02258893309044474,,0.21213761808160445,0.17645530907851711,0.13223436882871675,0.18061866446308705,0.13308561326493198,,0.18598438419110444,0.18598272405144087,0.12713043178016625,0.13030235703754164,0.1321272416124104
37153,NC,427,ok,acceptable (VEI within +/-10),0.7670333333333333,41.742182160012206,1.3539316332227675,-0.03716292326608319,7.788216748245943,0.7599967492127961,0.32575217163958986,0.8100072541934529,-0.18997850201323319,-2.050938099800011e-07,-0.1373941191917507,-0.19261011936967853,,,,,,,,,,0.20444069221338482,,
37155,NC,740,ok,UNACCEPTABLE regressivity,0.8450442890442891,37.77970998545397,2.159658417376575,-0.16261446057736995,-37.9004694571511,0.4477545050200356,0.00900386214684899,0.5195625631295868,-0.48043133851676545,-1.1470517533578548e-07,-0.3630347506093088,-0.4990391858661003,,,,,,,,,,0.07447833552328006,,
37157,NC,1540,ok,UNACCEPTABLE progressivity,0.8216530701754385,36.4298300844012,1.107857714766683,0.02682269723234051,35.01717042957753,0.861171802018496,0.3001863453646209,0.837494389378265,-0.16248889824292786,-2.894408896890726e-07,-0.05746808813486859,-0.07157319094689973,,,,,,,,,,0.18390851191278262,,
37159,NC,0,no residential sales in 2025,,,,,,,,,,,,,,,,,,,,,,,,,
37161,NC,837,ok,acceptable (confidence intervals overlap),0.7986503067484663,30.627692234140195,1.0980802363878541,-0.027771540158106178,11.277281532076984,0.8890842798234605,0.5866390789718596,0.8464623838413106,-0.15353427527797867,-3.0824788424722904e-07,-0.045744795649761194,-0.05422907260409193,,,,0.23006607036390173,,,,,,0.22263042108166198,,
37163,NC,518,ok,acceptable (confidence intervals overlap),0.8524242063492063,29.768804749121287,1.086819706978301,-0.022095633148756445,14.276088206067962,0.8612831581832807,0.779416535967787,0.8523847809226376,-0.14761199470017286,-2.52075897038077e-07,-0.052463892882179675,-0.05508672228486122,,0.24666532997828858,0.22308044367975363,0.22844016546361703,,,,,,0.22254790391254903,,0.21698430451452527
37165,NC,378,ok,UNACCEPTABLE regressivity,0.5993848979883007,43.64868805309222,1.2226365906113628,-0.13216366078825426,-44.730705062629724,0.9098400858220596,0.5049302669571335,0.7899253364024426,-0.21006924869163804,-5.939510466530257e-07,-0.04444771063287689,-0.041483244340936976,,,,,,,,,,0.23603302809034776,,0.21626280121045943
37167,NC,720,ok,acceptable (VEI within +/-10),0.7133227342549924,25.82782607800107,1.1124505867845724,0.010872702096683083,-0.7574290268621691,0.8128622792144053,0.2857776194440651,0.8326054405541605,-0.1673917314362545,-1.428169996991967e-07,-0.07018822278119607,-0.09960000945792791,,,,,0.0829749497489556,,,,,0.14578391608791927,,
37169,NC,514,ok,acceptable (VEI within +/-10),0.8977560381142468,15.670655933065992,1.0135423496076243,0.0037765372781013336,-2.1491866978901166,0.9737676689238032,0.8521792897801586,0.9490032847415396,-0.05099593618717343,-1.5117881854089537e-07,-0.006902629304499808,-0.006166475300832586,,0.18385330624637347,0.1176299752067864,,0.05454404187877764,0.08136781987001561,0.20773620447060112,0.12077941468377887,0.12078175772689813,0.10896170677099348,0.07235044847053836,0.06587826399320544
37171,NC,766,ok,acceptable (VEI within +/-10),0.8094885304659498,23.812683078725243,1.0485263032952548,-0.01169460612439636,9.067382299655003,0.9337249501176913,0.781140391900653,0.9413158504875525,-0.05868456209755882,-5.068269205266654e-08,-0.026733405454010706,-0.02818125591326659,,0.24962596981270735,0.2366723016068569,0.16573455392985686,,0.21004923924465932,,0.19789602683987959,0.19789646931505017,0.17536793147606372,0.19391539059287363,0.1977102504479319
37173,NC,224,ok,acceptable (confidence intervals overlap),0.5168895833333333,33.01594496608968,1.1624239896573563,-0.12194694874131785,-20.33879432925857,0.8291848244249378,0.34838908125790224,0.7636254782720688,-0.23637040227068362,-2.6999242045697585e-07,-0.07175847437594829,-0.08609654952541623,,,,,,,,,,0.1766583871716876,,
37175,NC,540,ok,acceptable (confidence intervals overlap),0.927706509614112,17.250776181704353,1.038686138515946,0.0031267048290342546,-10.656186815596493,0.9202628186048256,0.7536809920918192,0.9611380737683947,-0.038860770424074556,-4.82741205603974e-08,-0.030642289739096995,-0.03755945218744006,,0.19875213752555254,0.1961386692298769,,0.23296124718689135,0.1971654357086368,,0.1427182068372805,0.14271675878145107,0.17069047566134105,0.19633498685812092,0.22232700999930188
37177,NC,66,skipped (fewer than 100 sales),,,,,,,,,,,,,,,,,,,,,,,,,
37179,NC,2768,ok,acceptable (VEI within +/-10),0.9578137651821863,10.496283367737808,1.014943471514551,-0.0032635820045434833,0.4278749964775789,0.9612321150409769,0.9900561515701723,0.9666942490218721,-0.03330556868832439,-8.152284902354665e-09,-0.013537557688282353,-0.015719014458609237,,0.1250073280945894,0.13167108322024004,0.04179917019888473,,0.13309920786289314,0.0623819951199651,0.10200154658982419,0.10200089035315058,0.13210103534968723,0.13310851411488628,0.1399170773780032
37181,NC,438,ok,acceptable (confidence intervals overlap),0.8214743961352657,34.505784291030224,1.1649411243319834,-0.03833486125926045,-11.321517477397938,0.7430017829109276,0.3732728314587519,0.7265958490298161,-0.27339756255001213,-6.995286899272359e-07,-0.10246009219534313,-0.1253976647190913,,,,0.2304148910019982,0.21449458763616888,,,,,,,
37183,,0,no residential sales in 2025,,,,,,,,,,,,,,,,,,,,,,,,,
37185,NC,220,ok,acceptable (VEI within +/-10),0.9280278612184036,28.40502066932858,1.1135354909418504,-0.04959534313047307,-8.53837368633565,0.9143378183098386,0.7792437601508557,0.9011404903333543,-0.09885878522792858,-2.2147297422570834e-07,-0.042167874503987735,-0.054701560467605326,,,0.24605070589705155,0.2400304588949326,0.17966232606790922,0.24556763621828118,,0.24994645985817432,0.2499456385987764,0.23716755293947311,0.2450150121924219,0.23677318308737627
37187,NC,117,ok,acceptable (VEI significance <= 10),0.6480701754385965,44.621059219154745,1.1836785926622408,-0.15338353617732986,-25.368412379978523,0.8540017536461686,0.5479153898823937,0.6721960198419039,-0.3278034663584147,-1.209227321838138e-06,-0.05774041782179218,-0.041962412012340966,,,,,,,,,,,,0.21583375594051019
37189,NC,0,no residential sales in 2025,,,,,,,,,,,,,,,,,,,,,,,,,
37191,NC,1229,ok,acceptable (VEI within +/-10),0.95876,12.600468597877727,1.0100975973679176,-0.004708847777192761,-3.7078489966991053,0.9937486645958783,1.0119700106249228,0.9605641780942614,-0.0394356512606703,-4.201387762433774e-08,-0.0016948763376591902,-0.0011992403609668578,,0.15379206771508472,0.10281819008979255,0.06259596258646115,0.0825172902513083,0.02844564277899707,0.085923407268118,0.12214167716238684,0.1221416902001023,0.10723380687177361,0.02781136888340736,0.023161508337428388
37193,,0,no residential sales in 2025,,,,,,,,,,,,,,,,,,,,,,,,,
37195,NC,859,ok,acceptable (VEI within +/-10),0.8823606060606061,23.58205216195721,1.0704614757772761,-0.006654782502638948,-8.270368434356737,0.8643218172868791,0.6523860757474866,0.866287923740208,-0.1337103909336147,-1.5641315350244053e-07,-0.04720202686905761,-0.05636827811239509,,0.24765764712776162,,0.11011899966777151,0.23393930269529614,,,0.24844815007681995,0.2484470962247066,0.1850584118691182,0.2465484089900696,
37197,NC,0,no residential sales in 2025,,,,,,,,,,,,,,,,,,,,,,,,,
37199,NC,0,no residential sales in 2025,,,,,,,,,,,,,,,,,,,,,,,,,
38003,,0,no residential sales in 2025,,,,,,,,,,,,,,,,,,,,,,,,,
38009,,0,no residential sales in 2025,,,,,,,,,,,,,,,,,,,,,,,,,
38011,,0,no residential sales in 2025,,,,,,,,,,,,,,,,,,,,,,,,,
38013,,0,no residential sales in 2025,,,,,,,,,,,,,,,,,,,,,,,,,
38015,,0,no residential sales in 2025,,,,,,,,,,,,,,,,,,,,,,,,,
38017,,0,no residential sales in 2025,,,,,,,,,,,,,,,,,,,,,,,,,
38019,,0,no residential sales in 2025,,,,,,,,,,,,,,,,,,,,,,,,,
38021,,0,no residential sales in 2025,,,,,,,,,,,,,,,,,,,,,,,,,
38023,ND,10,skipped (fewer than 100 sales),,,,,,,,,,,,,,,,,,,,,,,,,
38025,,0,no residential sales in 2025,,,,,,,,,,,,,,,,,,,,,,,,,
38029,ND,31,skipped (fewer than 100 sales),,,,,,,,,,,,,,,,,,,,,,,,,
38031,,0,no residential sales in 2025,,,,,,,,,,,,,,,,,,,,,,,,,
38033,,0,no residential sales in 2025,,,,,,,,,,,,,,,,,,,,,,,,,
38035,,0,no residential sales in 2025,,,,,,,,,,,,,,,,,,,,,,,,,
38037,,0,no residential sales in 2025,,,,,,,,,,,,,,,,,,,,,,,,,
38039,,0,no residential sales in 2025,,,,,,,,,,,,,,,,,,,,,,,,,
38041,,0,no residential sales in 2025,,,,,,,,,,,,,,,,,,,,,,,,,
38043,,0,no residential sales in 2025,,,,,,,,,,,,,,,,,,,,,,,,,
38045,,0,no residential sales in 2025,,,,,,,,,,,,,,,,,,,,,,,,,
38049,,0,no residential sales in 2025,,,,,,,,,,,,,,,,,,,,,,,,,
38051,,0,no residential sales in 2025,,,,,,,,,,,,,,,,,,,,,,,,,
38053,,0,no residential sales in 2025,,,,,,,,,,,,,,,,,,,,,,,,,
38055,,0,no residential sales in 2025,,,,,,,,,,,,,,,,,,,,,,,,,
38057,ND,141,ok,acceptable (confidence intervals overlap),0.7836344086021505,31.268246518858167,1.1424870048721314,-0.0537143339444917,-24.36262311338554,0.7810103097497828,0.34346694411986195,0.7763306741044029,-0.22366562545181543,-4.87887067181389e-07,-0.08720493582281419,-0.1069074217639927,,,,0.21443437838386128,,,,,,0.21267526510726126,,
38059,,0,no residential sales in 2025,,,,,,,,,,,,,,,,,,,,,,,,,
38061,,0,no residential sales in 2025,,,,,,,,,,,,,,,,,,,,,,,,,
38063,,0,no residential sales in 2025,,,,,,,,,,,,,,,,,,,,,,,,,
38067,,0,no residential sales in 2025,,,,,,,,,,,,,,,,,,,,,,,,,
38069,,0,no residential sales in 2025,,,,,,,,,,,,,,,,,,,,,,,,,
38071,,0,no residential sales in 2025,,,,,,,,,,,,,,,,,,,,,,,,,
38073,,0,no residential sales in 2025,,,,,,,,,,,,,,,,,,,,,,,,,
38075,,0,no residential sales in 2025,,,,,,,,,,,,,,,,,,,,,,,,,
38077,,0,no residential sales in 2025,,,,,,,,,,,,,,,,,,,,,,,,,
38079,ND,25,skipped (fewer than 100 sales),,,,,,,,,,,,,,,,,,,,,,,,,
38081,,0,no residential sales in 2025,,,,,,,,,,,,,,,,,,,,,,,,,
38089,,0,no residential sales in 2025,,,,,,,,,,,,,,,,,,,,,,,,,
38091,,0,no residential sales in 2025,,,,,,,,,,,,,,,,,,,,,,,,,
38093,ND,179,ok,acceptable (VEI within +/-10),0.8456172413793104,19.808400231927102,1.0515660873849346,-0.01508352892044843,1.7512820378386844,0.8795470967524504,0.6102214351960569,0.9208305943334982,-0.07916388270665252,-2.8886376193550966e-07,-0.04115056127986483,-0.04664043411411667,,0.22636881672187756,0.1856557193995987,0.10931775866961918,0.08604267689883972,0.20935255557834523,,0.20181673923971072,0.20183526349654618,0.17153364064839127,0.2053056981740129,0.19082687715126864
38095,,0,no residential sales in 2025,,,,,,,,,,,,,,,,,,,,,,,,,
38097,ND,91,skipped (fewer than 100 sales),,,,,,,,,,,,,,,,,,,,,,,,,
38099,,0,no residential sales in 2025,,,,,,,,,,,,,,,,,,,,,,,,,
38101,,0,no residential sales in 2025,,,,,,,,,,,,,,,,,,,,,,,,,
38103,ND,32,skipped (fewer than 100 sales),,,,,,,,,,,,,,,,,,,,,,,,,
38105,,0,no residential sales in 2025,,,,,,,,,,,,,,,,,,,,,,,,,
39001,,0,no residential sales in 2025,,,,,,,,,,,,,,,,,,,,,,,,,
39003,,0,no residential sales in 2025,,,,,,,,,,,,,,,,,,,,,,,,,
39005,,0,no residential sales in 2025,,,,,,,,,,,,,,,,,,,,,,,,,
39007,,0,no residential sales in 2025,,,,,,,,,,,,,,,,,,,,,,,,,
39009,,0,no residential sales in 2025,,,,,,,,,,,,,,,,,,,,,,,,,
39011,,0,no residential sales in 2025,,,,,,,,,,,,,,,,,,,,,,,,,
39013,,0,no residential sales in 2025,,,,,,,,,,,,,,,,,,,,,,,,,
39015,,0,no residential sales in 2025,,,,,,,,,,,,,,,,,,,,,,,,,
39017,,0,no residential sales in 2025,,,,,,,,,,,,,,,,,,,,,,,,,
39019,,0,no residential sales in 2025,,,,,,,,,,,,,,,,,,,,,,,,,
39021,,0,no residential sales in 2025,,,,,,,,,,,,,,,,,,,,,,,,,
39023,,0,no residential sales in 2025,,,,,,,,,,,,,,,,,,,,,,,,,
39025,,0,no residential sales in 2025,,,,,,,,,,,,,,,,,,,,,,,,,
39027,,0,no residential sales in 2025,,,,,,,,,,,,,,,,,,,,,,,,,
39029,,0,no residential sales in 2025,,,,,,,,,,,,,,,,,,,,,,,,,
39031,,0,no residential sales in 2025,,,,,,,,,,,,,,,,,,,,,,,,,
39033,,0,no residential sales in 2025,,,,,,,,,,,,,,,,,,,,,,,,,
39035,,0,no residential sales in 2025,,,,,,,,,,,,,,,,,,,,,,,,,
39037,,0,no residential sales in 2025,,,,,,,,,,,,,,,,,,,,,,,,,
39039,,0,no residential sales in 2025,,,,,,,,,,,,,,,,,,,,,,,,,
39041,,0,no residential sales in 2025,,,,,,,,,,,,,,,,,,,,,,,,,
39043,,0,no residential sales in 2025,,,,,,,,,,,,,,,,,,,,,,,,,
39045,,0,no residential sales in 2025,,,,,,,,,,,,,,,,,,,,,,,,,
39047,,0,no residential sales in 2025,,,,,,,,,,,,,,,,,,,,,,,,,
39049,,0,no residential sales in 2025,,,,,,,,,,,,,,,,,,,,,,,,,
39051,,0,no residential sales in 2025,,,,,,,,,,,,,,,,,,,,,,,,,
39053,,0,no residential sales in 2025,,,,,,,,,,,,,,,,,,,,,,,,,
39055,,0,no residential sales in 2025,,,,,,,,,,,,,,,,,,,,,,,,,
39057,,0,no residential sales in 2025,,,,,,,,,,,,,,,,,,,,,,,,,
39059,,0,no residential sales in 2025,,,,,,,,,,,,,,,,,,,,,,,,,
39061,,0,no residential sales in 2025,,,,,,,,,,,,,,,,,,,,,,,,,
39063,,0,no residential sales in 2025,,,,,,,,,,,,,,,,,,,,,,,,,
39065,,0,no residential sales in 2025,,,,,,,,,,,,,,,,,,,,,,,,,
39067,,0,no residential sales in 2025,,,,,,,,,,,,,,,,,,,,,,,,,
39069,,0,no residential sales in 2025,,,,,,,,,,,,,,,,,,,,,,,,,
39071,,0,no residential sales in 2025,,,,,,,,,,,,,,,,,,,,,,,,,
39073,,0,no residential sales in 2025,,,,,,,,,,,,,,,,,,,,,,,,,
39075,,0,no residential sales in 2025,,,,,,,,,,,,,,,,,,,,,,,,,
39077,,0,no residential sales in 2025,,,,,,,,,,,,,,,,,,,,,,,,,
39079,,0,no residential sales in 2025,,,,,,,,,,,,,,,,,,,,,,,,,
39081,,0,no residential sales in 2025,,,,,,,,,,,,,,,,,,,,,,,,,
39083,,0,no residential sales in 2025,,,,,,,,,,,,,,,,,,,,,,,,,
39085,,0,no residential sales in 2025,,,,,,,,,,,,,,,,,,,,,,,,,
39087,,0,no residential sales in 2025,,,,,,,,,,,,,,,,,,,,,,,,,
39089,,0,no residential sales in 2025,,,,,,,,,,,,,,,,,,,,,,,,,
39091,,0,no residential sales in 2025,,,,,,,,,,,,,,,,,,,,,,,,,
39093,,0,no residential sales in 2025,,,,,,,,,,,,,,,,,,,,,,,,,
39095,,0,no residential sales in 2025,,,,,,,,,,,,,,,,,,,,,,,,,
39097,,0,no residential sales in 2025,,,,,,,,,,,,,,,,,,,,,,,,,
39099,,0,no residential sales in 2025,,,,,,,,,,,,,,,,,,,,,,,,,
39101,,0,no residential sales in 2025,,,,,,,,,,,,,,,,,,,,,,,,,
39103,,0,no residential sales in 2025,,,,,,,,,,,,,,,,,,,,,,,,,
39105,,0,no residential sales in 2025,,,,,,,,,,,,,,,,,,,,,,,,,
39107,,0,no residential sales in 2025,,,,,,,,,,,,,,,,,,,,,,,,,
39109,,0,no residential sales in 2025,,,,,,,,,,,,,,,,,,,,,,,,,
39111,,0,no residential sales in 2025,,,,,,,,,,,,,,,,,,,,,,,,,
39113,,0,no residential sales in 2025,,,,,,,,,,,,,,,,,,,,,,,,,
39115,,0,no residential sales in 2025,,,,,,,,,,,,,,,,,,,,,,,,,
39117,,0,no residential sales in 2025,,,,,,,,,,,,,,,,,,,,,,,,,
39119,,0,no residential sales in 2025,,,,,,,,,,,,,,,,,,,,,,,,,
39121,,0,no residential sales in 2025,,,,,,,,,,,,,,,,,,,,,,,,,
39123,,0,no residential sales in 2025,,,,,,,,,,,,,,,,,,,,,,,,,
39125,,0,no residential sales in 2025,,,,,,,,,,,,,,,,,,,,,,,,,
39127,,0,no residential sales in 2025,,,,,,,,,,,,,,,,,,,,,,,,,
39129,,0,no residential sales in 2025,,,,,,,,,,,,,,,,,,,,,,,,,
39131,,0,no residential sales in 2025,,,,,,,,,,,,,,,,,,,,,,,,,
39133,,0,no residential sales in 2025,,,,,,,,,,,,,,,,,,,,,,,,,
39135,,0,no residential sales in 2025,,,,,,,,,,,,,,,,,,,,,,,,,
39137,,0,no residential sales in 2025,,,,,,,,,,,,,,,,,,,,,,,,,
39139,,0,no residential sales in 2025,,,,,,,,,,,,,,,,,,,,,,,,,
39141,,0,no residential sales in 2025,,,,,,,,,,,,,,,,,,,,,,,,,
39143,,0,no residential sales in 2025,,,,,,,,,,,,,,,,,,,,,,,,,
39145,,0,no residential sales in 2025,,,,,,,,,,,,,,,,,,,,,,,,,
39147,,0,no residential sales in 2025,,,,,,,,,,,,,,,,,,,,,,,,,
39149,,0,no residential sales in 2025,,,,,,,,,,,,,,,,,,,,,,,,,
39151,OH,4547,ok,acceptable (VEI within +/-10),0.8355140186915888,19.05257270974171,1.0136502668235197,0.007997214373099354,-3.603179813896174,0.9970754746226351,0.7748306636300654,0.9692811817601803,-0.03071587888734479,-4.268990025152635e-08,-0.0010237227587373,-0.00022822573020175874,,0.21485749548280386,0.11041863722543703,,0.11412990339096823,0.03798872412520721,,0.13281473111741804,0.13281073262732215,0.08907219786707986,0.0359535776926415,0.011640504786994618
39153,OH,6988,ok,acceptable (VEI within +/-10),0.7591403804825985,18.100670064152524,1.0271895010414769,-0.0007090380196456169,-1.4769995495262802,0.954742716295147,0.6395818765622794,0.951361174026146,-0.04863654208886415,-1.2377950180622595e-07,-0.01609515784648563,-0.019484331494049156,,0.2042613491957377,0.15579020445328673,0.03715225345304922,0.07169665109171382,0.1439029559997823,,0.14882300330814713,0.1488200558456069,0.1127916658333804,0.1421878537716523,0.14724486214474958
39155,,0,no residential sales in 2025,,,,,,,,,,,,,,,,,,,,,,,,,
39157,,0,no residential sales in 2025,,,,,,,,,,,,,,,,,,,,,,,,,
39159,,0,no residential sales in 2025,,,,,,,,,,,,,,,,,,,,,,,,,
39161,,0,no residential sales in 2025,,,,,,,,,,,,,,,,,,,,,,,,,
39163,,0,no residential sales in 2025,,,,,,,,,,,,,,,,,,,,,,,,,
39165,,0,no residential sales in 2025,,,,,,,,,,,,,,,,,,,,,,,,,
39167,,0,no residential sales in 2025,,,,,,,,,,,,,,,,,,,,,,,,,
39169,,0,no residential sales in 2025,,,,,,,,,,,,,,,,,,,,,,,,,
39171,,0,no residential sales in 2025,,,,,,,,,,,,,,,,,,,,,,,,,
39173,,0,no residential sales in 2025,,,,,,,,,,,,,,,,,,,,,,,,,
39175,OH,237,ok,acceptable (confidence intervals overlap),0.84768,45.12915095861545,1.200216473686659,-0.06235933812233959,-12.09748331575276,0.5800360896463673,0.41255671393351834,0.5694490252513064,-0.4305513921412743,-2.1326249278889713e-06,-0.14214051867158406,-0.15062174721896304,,,,,0.17914522224343093,,,,,,,
40001,,0,no residential sales in 2025,,,,,,,,,,,,,,,,,,,,,,,,,
40003,,0,no residential sales in 2025,,,,,,,,,,,,,,,,,,,,,,,,,
40005,,0,no residential sales in 2025,,,,,,,,,,,,,,,,,,,,,,,,,
40007,,0,no residential sales in 2025,,,,,,,,,,,,,,,,,,,,,,,,,
40009,,0,no residential sales in 2025,,,,,,,,,,,,,,,,,,,,,,,,,
40011,,0,no residential sales in 2025,,,,,,,,,,,,,,,,,,,,,,,,,
40013,,0,no residential sales in 2025,,,,,,,,,,,,,,,,,,,,,,,,,
40015,OK,505,ok,UNACCEPTABLE regressivity,1.8262698412698413,119.30444193788162,2.396175429875114,-0.24133856776042606,-56.03407066185738,0.25360611373370695,0.38954546692581765,0.2721027304020794,-0.7279006053186384,-1.615346250328886e-05,-0.43716086415779665,-0.4180173003707186,,,,,,,,,,,,
40017,,0,no residential sales in 2025,,,,,,,,,,,,,,,,,,,,,,,,,
40019,,0,no residential sales in 2025,,,,,,,,,,,,,,,,,,,,,,,,,
40021,,0,no residential sales in 2025,,,,,,,,,,,,,,,,,,,,,,,,,
40023,,0,no residential sales in 2025,,,,,,,,,,,,,,,,,,,,,,,,,
40027,,0,no residential sales in 2025,,,,,,,,,,,,,,,,,,,,,,,,,
40029,,0,no residential sales in 2025,,,,,,,,,,,,,,,,,,,,,,,,,
40031,,0,no residential sales in 2025,,,,,,,,,,,,,,,,,,,,,,,,,
40033,,0,no residential sales in 2025,,,,,,,,,,,,,,,,,,,,,,,,,
40035,,0,no residential sales in 2025,,,,,,,,,,,,,,,,,,,,,,,,,
40037,,0,no residential sales in 2025,,,,,,,,,,,,,,,,,,,,,,,,,
40039,,0,no residential sales in 2025,,,,,,,,,,,,,,,,,,,,,,,,,
40041,,0,no residential sales in 2025,,,,,,,,,,,,,,,,,,,,,,,,,
40043,,0,no residential sales in 2025,,,,,,,,,,,,,,,,,,,,,,,,,
40045,,0,no residential sales in 2025,,,,,,,,,,,,,,,,,,,,,,,,,
40047,,0,no residential sales in 2025,,,,,,,,,,,,,,,,,,,,,,,,,
40049,,0,no residential sales in 2025,,,,,,,,,,,,,,,,,,,,,,,,,
40051,,0,no residential sales in 2025,,,,,,,,,,,,,,,,,,,,,,,,,
40053,,0,no residential sales in 2025,,,,,,,,,,,,,,,,,,,,,,,,,
40055,,0,no residential sales in 2025,,,,,,,,,,,,,,,,,,,,,,,,,
40057,,0,no residential sales in 2025,,,,,,,,,,,,,,,,,,,,,,,,,
40059,,0,no residential sales in 2025,,,,,,,,,,,,,,,,,,,,,,,,,
40061,,0,no residential sales in 2025,,,,,,,,,,,,,,,,,,,,,,,,,
40063,,0,no residential sales in 2025,,,,,,,,,,,,,,,,,,,,,,,,,
40065,,0,no residential sales in 2025,,,,,,,,,,,,,,,,,,,,,,,,,
40067,,0,no residential sales in 2025,,,,,,,,,,,,,,,,,,,,,,,,,
40069,,0,no residential sales in 2025,,,,,,,,,,,,,,,,,,,,,,,,,
40071,,0,no residential sales in 2025,,,,,,,,,,,,,,,,,,,,,,,,,
40073,,0,no residential sales in 2025,,,,,,,,,,,,,,,,,,,,,,,,,
40075,,0,no residential sales in 2025,,,,,,,,,,,,,,,,,,,,,,,,,
40077,,0,no residential sales in 2025,,,,,,,,,,,,,,,,,,,,,,,,,
40079,,0,no residential sales in 2025,,,,,,,,,,,,,,,,,,,,,,,,,
40081,,0,no residential sales in 2025,,,,,,,,,,,,,,,,,,,,,,,,,
40083,,0,no residential sales in 2025,,,,,,,,,,,,,,,,,,,,,,,,,
40085,,0,no residential sales in 2025,,,,,,,,,,,,,,,,,,,,,,,,,
40087,,0,no residential sales in 2025,,,,,,,,,,,,,,,,,,,,,,,,,
40089,,0,no residential sales in 2025,,,,,,,,,,,,,,,,,,,,,,,,,
40091,,0,no residential sales in 2025,,,,,,,,,,,,,,,,,,,,,,,,,
40093,,0,no residential sales in 2025,,,,,,,,,,,,,,,,,,,,,,,,,
40095,,0,no residential sales in 2025,,,,,,,,,,,,,,,,,,,,,,,,,
40097,,0,no residential sales in 2025,,,,,,,,,,,,,,,,,,,,,,,,,
40099,,0,no residential sales in 2025,,,,,,,,,,,,,,,,,,,,,,,,,
40101,,0,no residential sales in 2025,,,,,,,,,,,,,,,,,,,,,,,,,
40103,,0,no residential sales in 2025,,,,,,,,,,,,,,,,,,,,,,,,,
40105,,0,no residential sales in 2025,,,,,,,,,,,,,,,,,,,,,,,,,
40107,,0,no residential sales in 2025,,,,,,,,,,,,,,,,,,,,,,,,,
40109,,0,no residential sales in 2025,,,,,,,,,,,,,,,,,,,,,,,,,
40111,,0,no residential sales in 2025,,,,,,,,,,,,,,,,,,,,,,,,,
40113,,0,no residential sales in 2025,,,,,,,,,,,,,,,,,,,,,,,,,
40115,,0,no residential sales in 2025,,,,,,,,,,,,,,,,,,,,,,,,,
40117,,0,no residential sales in 2025,,,,,,,,,,,,,,,,,,,,,,,,,
40119,,0,no residential sales in 2025,,,,,,,,,,,,,,,,,,,,,,,,,
40121,,0,no residential sales in 2025,,,,,,,,,,,,,,,,,,,,,,,,,
40123,,0,no residential sales in 2025,,,,,,,,,,,,,,,,,,,,,,,,,
40125,,0,no residential sales in 2025,,,,,,,,,,,,,,,,,,,,,,,,,
40127,,0,no residential sales in 2025,,,,,,,,,,,,,,,,,,,,,,,,,
40129,,0,no residential sales in 2025,,,,,,,,,,,,,,,,,,,,,,,,,
40131,,0,no residential sales in 2025,,,,,,,,,,,,,,,,,,,,,,,,,
40133,,0,no residential sales in 2025,,,,,,,,,,,,,,,,,,,,,,,,,
40135,,0,no residential sales in 2025,,,,,,,,,,,,,,,,,,,,,,,,,
40137,,0,no residential sales in 2025,,,,,,,,,,,,,,,,,,,,,,,,,
40139,,0,no residential sales in 2025,,,,,,,,,,,,,,,,,,,,,,,,,
40141,,0,no residential sales in 2025,,,,,,,,,,,,,,,,,,,,,,,,,
40143,,0,no residential sales in 2025,,,,,,,,,,,,,,,,,,,,,,,,,
40145,,0,no residential sales in 2025,,,,,,,,,,,,,,,,,,,,,,,,,
40147,,0,no residential sales in 2025,,,,,,,,,,,,,,,,,,,,,,,,,
40149,,0,no residential sales in 2025,,,,,,,,,,,,,,,,,,,,,,,,,
40151,,0,no residential sales in 2025,,,,,,,,,,,,,,,,,,,,,,,,,
40153,,0,no residential sales in 2025,,,,,,,,,,,,,,,,,,,,,,,,,
41001,OR,125,ok,acceptable (VEI significance <= 10),0.9473176470588235,15.878349084581053,0.9984480848642532,0.059758617955525076,16.95067590945824,1.0015649721203872,0.9689139824558166,1.0061582977923673,0.00615886822199742,2.017419465447131e-08,0.0003959072207657677,0.00037191352422760726,,0.1928459180709306,,,,0.007197333574298325,0.06613859200639373,,,,0.006598733779660668,0.006163606913227713
41003,OR,700,ok,acceptable (VEI within +/-10),1.0008435498995882,7.737419794086182,1.0161968298006239,-0.0144559204379276,-0.5257437331901551,0.9284065295863557,0.8711549193129984,0.9444833925145049,-0.05551661769326791,-6.280529291663747e-09,-0.01761260532978448,-0.018239307413885797,0.08645790731601086,0.09249296644677311,0.11957446472190572,0.07069789975955534,0.024468789464706413,0.12610064681992172,0.1504612109771138,0.08482770795367076,0.08482769945428766,0.11141023155557842,0.12314951832254539,0.11293079719135499
41005,OR,4457,ok,acceptable (VEI within +/-10),0.9792888888888889,12.308349873531704,1.0117713210243755,0.012063412717522717,4.519978795744833,0.9617270574865413,0.9688981936585105,0.9608388478101003,-0.03916103651807069,-1.529010209843165e-08,-0.011378167621797441,-0.012425008717159569,,0.14659541053308264,0.10077992223177594,,,0.10500406692042989,0.040625706758932255,0.09660300840730758,0.09660268934287429,0.10738553681669398,0.10680298454417245,0.10434760631396167
41007,OR,528,ok,acceptable (confidence intervals overlap),0.9827213530692513,13.175155515886988,1.0296477725241722,-0.02451477893241531,-10.761296720862255,0.9211764246504879,0.8675734010138809,0.9273444368496502,-0.07265476906224021,-8.050715028017836e-08,-0.024674801574090965,-0.026675064924826852,,0.16115411633281077,0.18486403490407383,0.17055554424228456,0.18821310324795362,0.17462543328715155,0.2472756998133635,0.15983699093965695,0.1598361719541108,0.153224714950609,0.18997472947169003,0.17189000100844018
41009,OR,542,ok,UNACCEPTABLE progressivity,1.008640973554078,14.966707153043584,1.0030423086853164,0.08671035871916269,21.440618163891084,1.026249609594306,0.9449980134988856,0.9785834449308003,-0.021416650868178313,-4.789634330446151e-08,0.0048064174153203965,0.00349197268971424,0.19523627660753623,0.17651823226285604,0.06355942560584092,,,,0.0940913681827756,0.06298802286726042,0.06298819467109949,0.0670931126057491,,
41011,OR,757,ok,acceptable (VEI within +/-10),0.9693969849246231,11.491145589549967,1.0151810060313893,-0.011873186918130484,-6.390492077799557,0.935028697998648,0.8592050808504466,0.9293558673407587,-0.07064410521375081,-1.5465164248273175e-07,-0.01593931888948852,-0.01763812574308532,,0.14174717508189644,0.12419219951655894,0.07803192144800304,0.1564132218391941,0.12282667469202556,0.1834644561903175,0.12514809188653978,0.12514807215735774,0.12250889229331337,0.12234069969462792,0.12382649366066792
41013,OR,410,ok,UNACCEPTABLE progressivity,0.9477002824951548,15.094047358029314,0.9983485827809199,0.06423947128152475,19.851727323206916,1.021284280445316,0.9118538071042306,1.03602100113354,0.03602151788044004,6.246950261034952e-09,0.006325093766501366,0.001639525872912606,,0.1732060031500321,,,,,0.1633315491645735,,,,,
41015,OR,306,ok,acceptable (VEI within +/-10),1.0022462834917891,16.46896909568268,1.0408925989574769,-0.050723619986808736,-7.749426866495567,0.8450359553639147,0.8340699674865549,0.8527143835448123,-0.1472850726425131,-2.202728960374481e-07,-0.04407809415062691,-0.042535961573750836,0.029078110789197857,0.1938367110473565,0.1773784577248868,0.15703429406796598,0.16121005433997207,0.1897162640017029,0.2338434191919775,0.18127673663672225,0.18127658888785408,0.1840817466835466,0.18777305866998015,0.18724829528510745
41017,OR,3414,ok,acceptable (VEI within +/-10),0.9941743819064511,10.68045453357322,1.0105419935336981,0.010397871923080285,4.036938172666874,0.9639376204950867,0.8858054277313974,0.9726348074294705,-0.027365123003750935,-3.218017197134812e-08,-0.010353680963377743,-0.01315405928250124,0.23629386265710206,0.13124430199922338,0.10338143469632163,,,0.10303481405295432,0.1640883619004581,0.08317437893266472,0.08317424234439674,0.09909365093804512,0.10257519362081025,0.11187356542659553
41019,OR,1054,ok,acceptable (VEI within +/-10),0.9780171398963731,19.263208057141494,1.0191231526294335,0.03888510107854047,2.9133793742321834,0.9511067592137133,0.8012404811049839,0.9106295300020785,-0.08937022158684774,-1.780124977098163e-07,-0.012363053385711531,-0.013803050039870035,,0.2179861769341921,0.12943190239661514,,,0.10921477096343468,0.23706249230662538,0.15562685830169531,0.15562613888930624,0.14007010071473847,0.1006403353085713,0.1065736638261986
41021,OR,23,skipped (fewer than 100 sales),,,,,,,,,,,,,,,,,,,,,,,,,
41023,,0,no residential sales in 2025,,,,,,,,,,,,,,,,,,,,,,,,,
41025,OR,102,ok,acceptable (VEI significance <= 10),0.7646308908803374,39.59458622961271,1.1914298824935383,-0.24222852706420156,-33.121273268254264,0.49935624887962204,0.31679535595658415,0.4195912945551794,-0.5804077609679147,-1.8633562694204838e-06,-0.13661117220703156,-0.14801643529133268,,,,,,,,,,,,
41027,,0,no residential sales in 2025,,,,,,,,,,,,,,,,,,,,,,,,,
41029,OR,2086,ok,acceptable (VEI significance <= 10),0.9446731946144431,11.33685502968556,1.0225591827372227,-0.038035518162333554,-10.199709786329873,0.8618745751454564,0.7071988069223495,0.876290593445634,-0.12370491653948126,-1.741039827815902e-07,-0.029335353767667938,-0.030885362279303274,,0.13645861318066924,0.14162254049977746,0.12943232053151754,0.13470681858783667,0.13496623166035118,0.23813035480126912,0.13297819285297427,0.1329754138257794,0.12038847184520601,0.13459065173031237,0.1391576112025828
41031,OR,278,ok,acceptable (VEI significance <= 10),1.045603978779841,15.225332227894532,1.0009338241123427,0.09926130424096766,12.98996569817095,1.0176604290354565,0.9880788472669477,1.0131219909799773,0.013122025633048618,-9.490942868942659e-09,0.003667853331565052,0.001338609335951313,,0.18703490916581889,0.04314102285199257,,,,0.05692520365607085,,,0.03868778905643277,,
41033,OR,912,ok,acceptable (VEI within +/-10),0.9651235428504481,13.24515009525731,1.0039008511540108,0.020675559673955235,0.8276345610073228,1.0051808259146693,1.0022327755162392,0.9602615050759207,-0.039738754095704626,-2.5746210546563473e-08,0.0012147602102134947,0.002541184437485522,,0.15685591440603455,0.053856760569527005,,,,0.08362179725467918,0.09545097484083111,0.09545130598897826,0.07132197676439017,,
41035,OR,885,ok,acceptable (VEI significance <= 10),0.9252857142857143,27.95757688412946,1.0019050856670177,0.07542683360376397,18.7966634714857,1.062362334165068,0.9912763174111383,0.9701734258733699,-0.029825197765167868,-1.2687940146671221e-08,0.018683462335451706,0.024044137436229684,,,0.03565387746175613,,,,0.11615908903798078,0.12433675533284184,0.12433510862868548,0.048487722899532,,
41037,,0,no residential sales in 2025,,,,,,,,,,,,,,,,,,,,,,,,,
41039,OR,3579,ok,acceptable (VEI within +/-10),0.9857506849315069,12.042079268299043,1.0180440871667338,0.004804192447781856,1.9274095484487734,0.9097227772767295,0.7976512572313441,0.9394539206849093,-0.060545806444413056,-5.8274083828769117e-08,-0.021213837009625536,-0.023452671190874463,,0.14588690355052875,0.13224100538442707,,,0.12667065266904,,0.10287422190902103,0.10287383808274368,0.1125260480947765,0.1258286800564172,0.13068655186550554
41041,,0,no residential sales in 2025,,,,,,,,,,,,,,,,,,,,,,,,,
41043,OR,1151,ok,acceptable (VEI within +/-10),0.9858064516129033,8.735401005718739,1.0147161746258442,-0.01396278814726491,-3.0476426375435866,0.9206712275970375,0.7830850505858147,0.9315989517867386,-0.06840089394360907,-5.2247104581721844e-08,-0.01675727837373331,-0.01833880479181582,,0.10575681031574989,0.11982551380450993,0.06201473291039251,0.060128226942078374,0.1029961064595811,0.19232911830457694,0.09707794115219842,0.09707784985130388,0.09664017464909437,0.1026094930182643,0.11260734448185612
41045,OR,225,ok,acceptable (VEI significance <= 10),0.9190243902439025,30.72493450668177,1.0569110114655005,0.0802866962743533,24.79520725681618,0.8004572553507913,0.45628189381715617,0.7058378967339747,-0.29416049550355705,-6.59051841200551e-07,-0.04959709403756851,-0.05808944532610072,,,0.22703405824496095,,,,,,,0.2492807638212811,0.24962833410691704,0.23772954892222778
41047,OR,2800,ok,acceptable (VEI within +/-10),0.9794857142857143,10.837220640556067,1.005553178421651,0.03588683889575732,3.7288841491339877,0.9872725236473313,0.8807496301470025,0.9733464208017172,-0.026653559084959432,-1.0543742980308649e-08,-0.002625006566361776,-0.0033883905836034067,,0.12813296334737997,0.06672942303518219,,,0.050793615331395404,0.19875391745251375,0.06261019793778781,0.0626101701891523,0.06299267674043323,0.050346788299283386,0.04609243485974215
41049,OR,234,ok,UNACCEPTABLE regressivity,0.7052559127864007,50.528305429633804,1.2915953977888823,-0.28220657655366,-54.149141974168614,-0.055025770216206644,-0.004532304859663768,0.01720915671235963,-0.9827921833291955,-1.6617459011988891e-06,-0.26267239600730574,-0.29811824067045234,,,,,,,,,,,,
41051,OR,7895,ok,acceptable (VEI within +/-10),0.9917006802721089,10.785117312897341,1.0163500423835403,-0.023991710783197395,-5.783751571160541,0.9297946040671127,0.944760268231323,0.9205396442680768,-0.07946034468921763,-6.595352122653973e-09,-0.0199250296660467,-0.019144661653144324,,0.13051956927287572,0.11791773021871452,0.11670032203936773,0.14195147318511273,0.1214749356633917,0.16142263218084787,0.12873700253471984,0.12873685177782027,0.1162649334733959,0.12076670294865696,0.12398865942186206
41053,OR,697,ok,acceptable (VEI significance <= 10),0.96432,8.816665693961,1.003172933398275,0.03711858414904341,11.528309729144942,0.9850486564696115,0.8776532534655437,0.9861967807832801,-0.013803010702768364,-5.0270361354904726e-08,-0.002453760402641114,-0.0037208198122966607,,0.1050892105972335,0.049457272429631736,,,0.03409843483206188,0.1136812631709835,0.03558361278677002,0.03558330574453863,0.04748707565674374,0.03292157234086574,0.04080240882063905
41057,,0,no residential sales in 2025,,,,,,,,,,,,,,,,,,,,,,,,,
41059,,0,no residential sales in 2025,,,,,,,,,,,,,,,,,,,,,,,,,
41061,OR,230,ok,acceptable (VEI within +/-10),0.928412676056338,19.946592183631317,1.0317390829331947,-0.04098167830101905,-1.6958313522524422,0.879851943694293,0.8816759163048661,0.8502552494881677,-0.14974491713003793,-4.501552204662465e-07,-0.02968941792143842,-0.02696648465857132,,0.21819552469594758,0.14885016335227436,0.14548156451575936,0.06048976509648615,0.156670853992049,0.13541013460327136,0.18330974341439718,0.1833101953350514,0.19665121190909576,0.15323573596918685,0.15040624446570658
41063,,0,no residential sales in 2025,,,,,,,,,,,,,,,,,,,,,,,,,
41065,OR,266,ok,acceptable (VEI significance <= 10),0.9862771049641195,21.28290025122734,1.0167596265228176,0.06276944103762608,17.156053337963094,0.9252014983681057,0.8695017302848832,0.9144890497203971,-0.08550967029957766,-2.267879513820722e-07,-0.017230388248737905,-0.01888391994414862,0.14966080677841911,0.22980163965340586,0.15275807888819448,,,0.1572229374309626,0.2035048902178153,0.151229246651818,0.1512279345244014,0.14289505376063993,0.14786314840490042,0.11874526898018894
41067,OR,5021,ok,acceptable (VEI within +/-10),0.9668789808917198,7.90790652493093,1.0101982022237366,-0.029195072689922903,-7.845266905214471,0.9437806797643647,0.9718489107152033,0.9246535410547454,-0.07534644809497978,-3.941749811458779e-09,-0.013673894417574273,-0.012941300286187785,,0.09856613691092146,0.08674667078716941,0.10354813738131256,0.12989694422421064,0.08736627001248758,0.06454197046819585,0.10411093717655283,0.10411090628578697,0.08877766635628791,0.08695122647869039,0.08483282295899391
41069,OR,24,skipped (fewer than 100 sales),,,,,,,,,,,,,,,,,,,,,,,,,
41071,OR,944,ok,acceptable (VEI within +/-10),0.9341619413319515,11.44756760170167,1.0023436046461263,0.020631801051208865,0.9735518979219042,1.0010476849002372,0.9717068784787102,0.9664593983718864,-0.03354061643888127,-1.0524373467909074e-08,0.00022349955148737166,0.001587640536968471,,0.13578878795629165,0.048321821879394086,0.04646994018827809,,,0.0980166454737878,0.0734822071741484,0.07348228374401311,0.04924980790809917,,
42001,PA,0,no residential sales in 2025,,,,,,,,,,,,,,,,,,,,,,,,,
42003,,0,no residential sales in 2025,,,,,,,,,,,,,,,,,,,,,,,,,
42005,PA,0,no residential sales in 2025,,,,,,,,,,,,,,,,,,,,,,,,,
42007,PA,1986,ok,UNACCEPTABLE regressivity,0.801875,31.60496677252822,1.1711617431611423,-0.15200117910768415,-59.6662065423603,0.7800702122843742,0.31194843789734666,0.7178687967258894,-0.28213126697037655,-2.962209147931766e-07,-0.08328064546125424,-0.09363676035979629,,,,,,,,,,0.1715572027403435,,
42009,PA,438,ok,acceptable (VEI significance <= 10),0.5219328519855595,38.327269016458644,1.1623331491248636,-0.11215362539221589,-22.391826637225936,0.7708749064868597,0.38938415975760954,0.7498478682064386,-0.2501396736386635,-4.875271735157099e-07,-0.08959374336654435,-0.0899750765086218,,,,,,,,,,0.18686905816760133,,
42011,PA,4032,ok,UNACCEPTABLE progressivity,0.09719024122807017,32.216586836718754,1.0358954044231978,0.10206483332572847,37.61768874088443,0.8741866766765699,0.08169073785561898,0.8970487047271485,-0.10290443319809661,-2.279530321501258e-08,-0.03569088736783543,-0.038755256002267924,,,0.17105152514624064,,,0.21309928869871608,,0.20504954179738433,0.20501913398565288,0.014533673084474076,0.1846613838759647,0.18641616656291546
42013,PA,0,no residential sales in 2025,,,,,,,,,,,,,,,,,,,,,,,,,
42015,PA,0,no residential sales in 2025,,,,,,,,,,,,,,,,,,,,,,,,,
42017,,0,no residential sales in 2025,,,,,,,,,,,,,,,,,,,,,,,,,
42019,PA,0,no residential sales in 2025,,,,,,,,,,,,,,,,,,,,,,,,,
42021,,0,no residential sales in 2025,,,,,,,,,,,,,,,,,,,,,,,,,
42023,,0,no residential sales in 2025,,,,,,,,,,,,,,,,,,,,,,,,,
42025,PA,0,no residential sales in 2025,,,,,,,,,,,,,,,,,,,,,,,,,
42027,PA,0,no residential sales in 2025,,,,,,,,,,,,,,,,,,,,,,,,,
42029,,0,no residential sales in 2025,,,,,,,,,,,,,,,,,,,,,,,,,
42031,PA,0,no residential sales in 2025,,,,,,,,,,,,,,,,,,,,,,,,,
42033,PA,0,no residential sales in 2025,,,,,,,,,,,,,,,,,,,,,,,,,
42035,PA,0,no residential sales in 2025,,,,,,,,,,,,,,,,,,,,,,,,,
42037,PA,0,no residential sales in 2025,,,,,,,,,,,,,,,,,,,,,,,,,
42039,PA,870,ok,UNACCEPTABLE regressivity,0.20820223214285716,46.005845653588274,1.3470638069344936,-0.19670709617706014,-52.707092632465226,0.5626488544263241,0.03852170464451872,0.5382669475253443,-0.46171108007240985,-1.7875129928375793e-07,-0.18800490360682498,-0.21920481689822524,,,,,,,,,,0.04709519162315312,,
42041,PA,0,no residential sales in 2025,,,,,,,,,,,,,,,,,,,,,,,,,
42043,PA,0,no residential sales in 2025,,,,,,,,,,,,,,,,,,,,,,,,,
42045,,0,no residential sales in 2025,,,,,,,,,,,,,,,,,,,,,,,,,
42047,,0,no residential sales in 2025,,,,,,,,,,,,,,,,,,,,,,,,,
42049,PA,0,no residential sales in 2025,,,,,,,,,,,,,,,,,,,,,,,,,
42051,PA,0,no residential sales in 2025,,,,,,,,,,,,,,,,,,,,,,,,,
42053,,0,no residential sales in 2025,,,,,,,,,,,,,,,,,,,,,,,,,
42055,PA,0,no residential sales in 2025,,,,,,,,,,,,,,,,,,,,,,,,,
42057,,0,no residential sales in 2025,,,,,,,,,,,,,,,,,,,,,,,,,
42059,,0,no residential sales in 2025,,,,,,,,,,,,,,,,,,,,,,,,,
42061,,0,no residential sales in 2025,,,,,,,,,,,,,,,,,,,,,,,,,
42063,PA,0,no residential sales in 2025,,,,,,,,,,,,,,,,,,,,,,,,,
42065,PA,0,no residential sales in 2025,,,,,,,,,,,,,,,,,,,,,,,,,
42067,PA,0,no residential sales in 2025,,,,,,,,,,,,,,,,,,,,,,,,,
42069,PA,0,no residential sales in 2025,,,,,,,,,,,,,,,,,,,,,,,,,
42071,,0,no residential sales in 2025,,,,,,,,,,,,,,,,,,,,,,,,,
42073,PA,0,no residential sales in 2025,,,,,,,,,,,,,,,,,,,,,,,,,
42075,PA,0,no residential sales in 2025,,,,,,,,,,,,,,,,,,,,,,,,,
42077,PA,0,no residential sales in 2025,,,,,,,,,,,,,,,,,,,,,,,,,
42079,PA,0,no residential sales in 2025,,,,,,,,,,,,,,,,,,,,,,,,,
42081,PA,0,no residential sales in 2025,,,,,,,,,,,,,,,,,,,,,,,,,
42083,PA,0,no residential sales in 2025,,,,,,,,,,,,,,,,,,,,,,,,,
42085,PA,0,no residential sales in 2025,,,,,,,,,,,,,,,,,,,,,,,,,
42087,,0,no residential sales in 2025,,,,,,,,,,,,,,,,,,,,,,,,,
42089,PA,0,no residential sales in 2025,,,,,,,,,,,,,,,,,,,,,,,,,
42091,,0,no residential sales in 2025,,,,,,,,,,,,,,,,,,,,,,,,,
42093,PA,0,no residential sales in 2025,,,,,,,,,,,,,,,,,,,,,,,,,
42095,PA,0,no residential sales in 2025,,,,,,,,,,,,,,,,,,,,,,,,,
42097,PA,0,no residential sales in 2025,,,,,,,,,,,,,,,,,,,,,,,,,
42099,PA,461,ok,acceptable (VEI within +/-10),0.5503597122302158,27.59079919086024,1.1186116396169743,-0.0781020728104399,-6.863132269035885,0.7833770311947978,0.30223212870398847,0.7374692009464736,-0.262526806280887,-2.357434624591629e-07,-0.07840213920901884,-0.08697353894254345,,,,,0.15196938605956464,,,,,0.15427213684697913,,
42101,PA,16232,ok,UNACCEPTABLE regressivity,0.9404771797293043,27.046021706011985,1.1931874568007812,-0.10124094774698662,-32.70947556866483,0.7613794494716233,0.1601912152487277,0.7434834456176816,-0.256516661108178,-1.5331306683551874e-08,-0.10644120973738525,-0.12803136870477272,,,,,,,,,,0.09283405654635118,,
42103,PA,1271,ok,acceptable (VEI significance <= 10),0.3451598173515982,22.35423888312901,1.0810846197770272,-0.1004777550061131,-16.584044174621834,0.7002183610778877,0.17101459103518496,0.7130891247155996,-0.2869051222197397,-1.5991140989236462e-07,-0.08125568843948616,-0.087740842877436,,0.2433926286742903,0.24518834639855822,0.22529203661720618,0.20797650257619762,,,0.24857966171421172,0.2485779873912915,0.07053985186808141,,
42105,PA,0,no residential sales in 2025,,,,,,,,,,,,,,,,,,,,,,,,,
42107,PA,0,no residential sales in 2025,,,,,,,,,,,,,,,,,,,,,,,,,
42109,PA,0,no residential sales in 2025,,,,,,,,,,,,,,,,,,,,,,,,,
42111,PA,0,no residential sales in 2025,,,,,,,,,,,,,,,,,,,,,,,,,
42113,PA,0,no residential sales in 2025,,,,,,,,,,,,,,,,,,,,,,,,,
42115,PA,0,no residential sales in 2025,,,,,,,,,,,,,,,,,,,,,,,,,
42117,PA,0,no residential sales in 2025,,,,,,,,,,,,,,,,,,,,,,,,,
42119,PA,0,no residential sales in 2025,,,,,,,,,,,,,,,,,,,,,,,,,
42121,PA,0,no residential sales in 2025,,,,,,,,,,,,,,,,,,,,,,,,,
42123,,0,no residential sales in 2025,,,,,,,,,,,,,,,,,,,,,,,,,
42125,,0,no residential sales in 2025,,,,,,,,,,,,,,,,,,,,,,,,,
42127,PA,785,ok,acceptable (VEI within +/-10),0.6472024415055951,22.745542029870983,1.0755652301286265,-0.011600277964588367,-6.380648948481655,0.8048167528756549,0.41206155078630585,0.9147456812880076,-0.0852375095510742,-2.0030261285577876e-07,-0.065503577527807,-0.07503621332475441,,0.24599589470801114,0.24473192314143102,0.13974852648451275,0.19847671805754769,0.24951444012682214,,0.21960802646227526,0.21963387388269817,0.13905298008099118,0.2481660583080871,
42129,PA,3827,ok,UNACCEPTABLE regressivity,0.08889975550122249,33.302710747214554,1.108097563023391,-0.0584630932792062,-20.81174149160949,0.8362621492485853,0.05575247488139485,0.7346345254438245,-0.26531114547759727,-6.741517656114611e-08,-0.057669026667739764,-0.06377185600155943,,,,0.24958862428456843,,,,,,0.030347057969503346,,
42131,PA,0,no residential sales in 2025,,,,,,,,,,,,,,,,,,,,,,,,,
42133,PA,0,no residential sales in 2025,,,,,,,,,,,,,,,,,,,,,,,,,
44001,RI,0,no residential sales in 2025,,,,,,,,,,,,,,,,,,,,,,,,,
44003,RI,0,no residential sales in 2025,,,,,,,,,,,,,,,,,,,,,,,,,
44005,RI,0,no residential sales in 2025,,,,,,,,,,,,,,,,,,,,,,,,,
44007,RI,0,no residential sales in 2025,,,,,,,,,,,,,,,,,,,,,,,,,
44009,RI,0,no residential sales in 2025,,,,,,,,,,,,,,,,,,,,,,,,,
45001,,0,no residential sales in 2025,,,,,,,,,,,,,,,,,,,,,,,,,
45003,SC,2007,ok,acceptable (VEI within +/-10),0.6807179487179488,25.030598296679038,1.0274384345319256,0.028731811451838122,3.568128170358097,0.9519630288808478,0.7226826615281167,0.9882078382424392,-0.011783870111944789,-5.978992373014629e-09,-0.019330828990366866,-0.02412360374733291,,,0.14087738676092112,,,0.15378986431797495,0.22728861272986894,0.10346261731748464,0.10343657782846989,0.11190614402445447,0.1466439158171745,0.1910476560788778
45005,SC,60,skipped (fewer than 100 sales),,,,,,,,,,,,,,,,,,,,,,,,,
45007,,0,no residential sales in 2025,,,,,,,,,,,,,,,,,,,,,,,,,
45009,,0,no residential sales in 2025,,,,,,,,,,,,,,,,,,,,,,,,,
45011,,0,no residential sales in 2025,,,,,,,,,,,,,,,,,,,,,,,,,
45013,,0,no residential sales in 2025,,,,,,,,,,,,,,,,,,,,,,,,,
45015,,0,no residential sales in 2025,,,,,,,,,,,,,,,,,,,,,,,,,
45017,,0,no residential sales in 2025,,,,,,,,,,,,,,,,,,,,,,,,,
45019,,0,no residential sales in 2025,,,,,,,,,,,,,,,,,,,,,,,,,
45021,SC,722,ok,acceptable (VEI significance <= 10),0.5663841807909604,50.41159924777799,1.150695594238698,0.015111790057938595,36.6934836820991,0.8047701999812363,0.23470533309976258,0.7300185423893132,-0.2699645559487352,-4.894675557347925e-07,-0.0757589842873454,-0.09911014542552565,,,,,,,,,,0.18289775524459112,,
45023,SC,393,ok,acceptable (VEI significance <= 10),0.7184782608695652,49.691271378497056,1.173308028130477,-0.021240610748916172,22.926192803994088,0.7835410009412852,0.4724490626269988,0.7471687123750241,-0.2528193115600931,-9.650779005194713e-07,-0.08291114634177377,-0.09269170239068991,,,,0.18509741499556734,,,,,,,,
45025,,0,no residential sales in 2025,,,,,,,,,,,,,,,,,,,,,,,,,
45027,,0,no residential sales in 2025,,,,,,,,,,,,,,,,,,,,,,,,,
45029,,0,no residential sales in 2025,,,,,,,,,,,,,,,,,,,,,,,,,
45031,SC,408,ok,acceptable (VEI within +/-10),1.0,0.0,1.0,-0.0,0.0,1.0,0.9999999999999994,1.0000000000000002,-0.0,6.537189748156674e-22,0.0,0.0,0.0,0.0,0.0,0.0,0.0,0.0,0.0,0.0,0.0,0.0,0.0,0.0
45033,SC,233,ok,acceptable (confidence intervals overlap),0.5958333333333333,57.30181036536216,1.1529073479703011,0.005562534842592651,12.56724024638464,0.9174180549119983,0.51414474185094,0.8460656127510439,-0.15391640791350403,-5.911775525782882e-07,-0.04274229930415818,-0.04414828805760407,,,,0.21441280746715455,,,,,,0.2330822584790123,,0.24373260610049707
45035,SC,2032,ok,acceptable (VEI within +/-10),0.9496098850574712,9.979244279409496,1.0231620804251496,-0.02184307667688876,-7.405489549196308,0.9048115229453152,0.8158296266993619,0.9118025891585302,-0.08819721378361753,-5.255817932186487e-09,-0.025776893634214648,-0.026955298314013776,,0.1225181692324546,0.15239126353354993,0.09847249383116882,0.14295654464422491,0.12063135521060461,0.227723975684397,0.11565138580337332,0.11565126639714962,0.12549093507332812,0.12107674755402893,0.15204936970611935
45037,SC,306,ok,acceptable (confidence intervals overlap),0.606855303030303,43.07788221816574,1.1407744799083703,0.026174956116690577,22.71300704319883,0.8554093933784386,0.21303385790217338,0.9040017259312574,-0.09599048135164845,-7.405552780635029e-08,-0.06561621037981813,-0.1043051466902134,,,,,,,,,,0.1167041239180702,,
45039,,0,no residential sales in 2025,,,,,,,,,,,,,,,,,,,,,,,,,
45041,,0,no residential sales in 2025,,,,,,,,,,,,,,,,,,,,,,,,,
45043,,0,no residential sales in 2025,,,,,,,,,,,,,,,,,,,,,,,,,
45045,,0,no residential sales in 2025,,,,,,,,,,,,,,,,,,,,,,,,,
45047,,0,no residential sales in 2025,,,,,,,,,,,,,,,,,,,,,,,,,
45049,,0,no residential sales in 2025,,,,,,,,,,,,,,,,,,,,,,,,,
45051,,0,no residential sales in 2025,,,,,,,,,,,,,,,,,,,,,,,,,
45053,SC,0,no residential sales in 2025,,,,,,,,,,,,,,,,,,,,,,,,,
45055,SC,875,ok,acceptable (confidence intervals overlap),0.7157627118644068,27.571025091704033,1.044038298165333,0.04797819952217981,16.450201438331195,0.8891554257815091,0.4850626993658014,0.9450643583689238,-0.054930375783660876,-1.6665461430519252e-07,-0.03602986232653538,-0.05027457197844298,,,0.19560841291549338,,,0.20267211687429987,,0.18472251891868607,0.1847094528191761,0.13971163158106728,0.1963733819991556,0.21489094773682282
45057,,0,no residential sales in 2025,,,,,,,,,,,,,,,,,,,,,,,,,
45059,,0,no residential sales in 2025,,,,,,,,,,,,,,,,,,,,,,,,,
45061,,0,no residential sales in 2025,,,,,,,,,,,,,,,,,,,,,,,,,
45063,,0,no residential sales in 2025,,,,,,,,,,,,,,,,,,,,,,,,,
45065,,0,no residential sales in 2025,,,,,,,,,,,,,,,,,,,,,,,,,
45069,,0,no residential sales in 2025,,,,,,,,,,,,,,,,,,,,,,,,,
45071,SC,224,ok,acceptable (VEI within +/-10),0.729184962406015,39.79847755539557,1.1213804930733577,-0.03579928396503297,-1.6288812630189435,0.9277276088224916,0.6220102399912139,0.8616450781001025,-0.13835234988749023,-3.1117399802273134e-07,-0.03603575020699301,-0.04117808672365331,,,,,0.07360173398719998,0.24907753087571335,,,,0.23772955423278244,0.24296402027846786,0.2415133772899022
45073,SC,1409,ok,acceptable (VEI significance <= 10),0.5246222222222222,44.628456321348374,1.0493029847716828,0.07465564728952406,26.305881937491,0.9439289162503062,0.42276002904506865,1.158034416016201,0.15850884979844604,-3.278010392167888e-08,-0.029584765163652493,-0.05027635791890961,,,0.20183630693016927,,,0.2469611772984697,,,,0.11021702773091485,0.23885053057230307,
45075,,0,no residential sales in 2025,,,,,,,,,,,,,,,,,,,,,,,,,
45077,,0,no residential sales in 2025,,,,,,,,,,,,,,,,,,,,,,,,,
45079,,0,no residential sales in 2025,,,,,,,,,,,,,,,,,,,,,,,,,
45081,,0,no residential sales in 2025,,,,,,,,,,,,,,,,,,,,,,,,,
45083,SC,4177,ok,UNACCEPTABLE progressivity,0.8150877192982456,22.566741421437083,1.011718908005146,0.06067825823713984,18.790694169375595,0.978446551520846,0.6406286659208977,1.0101210200429502,0.010124338623781712,-6.792935812219766e-08,-0.006700674854904554,-0.013382370469546379,,0.24271005492160064,0.11064708714540883,,,0.08841271066278414,,,,0.08013239435486842,0.08398587454591618,0.11269153368726
45085,SC,1031,ok,acceptable (confidence intervals overlap),0.7136883720930233,24.474504152994932,1.0292500980699324,0.04779223454865289,14.107520496922415,0.963035143382989,0.507773646862532,1.0009160661107859,0.0009273006679458663,-5.9469823342672634e-08,-0.012374671090344735,-0.020245100310818165,,,0.1674462767299303,,,0.11821556944274891,,,,0.1039946803214137,0.10962884172514802,0.1432935243183113
45087,,0,no residential sales in 2025,,,,,,,,,,,,,,,,,,,,,,,,,
45089,,0,no residential sales in 2025,,,,,,,,,,,,,,,,,,,,,,,,,
45091,SC,3593,ok,acceptable (VEI within +/-10),0.92,9.59158292599714,1.0081628687522304,0.007989943627733555,2.1293930801670045,0.9743394195366363,0.822436506344514,0.9892851325032603,-0.01071424134457351,-3.777429404240751e-08,-0.0078735367884748,-0.010539653434692431,,0.11701254722006904,0.08687255286246287,,,0.08706909461424364,0.24661814647056984,0.06536739512482577,0.06536621556093208,0.07841405079905175,0.08661282120598068,0.0961636842768991
46005,,0,no residential sales in 2025,,,,,,,,,,,,,,,,,,,,,,,,,
46013,,0,no residential sales in 2025,,,,,,,,,,,,,,,,,,,,,,,,,
46015,,0,no residential sales in 2025,,,,,,,,,,,,,,,,,,,,,,,,,
46019,SD,0,no residential sales in 2025,,,,,,,,,,,,,,,,,,,,,,,,,
46021,SD,0,no residential sales in 2025,,,,,,,,,,,,,,,,,,,,,,,,,
46027,SD,0,no residential sales in 2025,,,,,,,,,,,,,,,,,,,,,,,,,
46029,,0,no residential sales in 2025,,,,,,,,,,,,,,,,,,,,,,,,,
46033,,0,no residential sales in 2025,,,,,,,,,,,,,,,,,,,,,,,,,
46035,,0,no residential sales in 2025,,,,,,,,,,,,,,,,,,,,,,,,,
46039,,0,no residential sales in 2025,,,,,,,,,,,,,,,,,,,,,,,,,
46059,,0,no residential sales in 2025,,,,,,,,,,,,,,,,,,,,,,,,,
46065,SD,0,no residential sales in 2025,,,,,,,,,,,,,,,,,,,,,,,,,
46067,,0,no residential sales in 2025,,,,,,,,,,,,,,,,,,,,,,,,,
46073,,0,no residential sales in 2025,,,,,,,,,,,,,,,,,,,,,,,,,
46093,,0,no residential sales in 2025,,,,,,,,,,,,,,,,,,,,,,,,,
46099,,0,no residential sales in 2025,,,,,,,,,,,,,,,,,,,,,,,,,
46103,,0,no residential sales in 2025,,,,,,,,,,,,,,,,,,,,,,,,,
46111,,0,no residential sales in 2025,,,,,,,,,,,,,,,,,,,,,,,,,
46115,SD,0,no residential sales in 2025,,,,,,,,,,,,,,,,,,,,,,,,,
46117,,0,no residential sales in 2025,,,,,,,,,,,,,,,,,,,,,,,,,
46127,,0,no residential sales in 2025,,,,,,,,,,,,,,,,,,,,,,,,,
46135,SD,0,no residential sales in 2025,,,,,,,,,,,,,,,,,,,,,,,,,
47001,,0,no residential sales in 2025,,,,,,,,,,,,,,,,,,,,,,,,,
47003,,0,no residential sales in 2025,,,,,,,,,,,,,,,,,,,,,,,,,
47005,,0,no residential sales in 2025,,,,,,,,,,,,,,,,,,,,,,,,,
47007,,0,no residential sales in 2025,,,,,,,,,,,,,,,,,,,,,,,,,
47009,,0,no residential sales in 2025,,,,,,,,,,,,,,,,,,,,,,,,,
47011,,0,no residential sales in 2025,,,,,,,,,,,,,,,,,,,,,,,,,
47013,,0,no residential sales in 2025,,,,,,,,,,,,,,,,,,,,,,,,,
47015,,0,no residential sales in 2025,,,,,,,,,,,,,,,,,,,,,,,,,
47017,,0,no residential sales in 2025,,,,,,,,,,,,,,,,,,,,,,,,,
47019,TN,810,ok,acceptable (VEI within +/-10),0.5484461562496245,36.15462026404162,1.12617259568114,-0.049623645182642034,-6.616094191240692,0.8324903830829136,0.3649606190829471,0.781548330963026,-0.21843608662124914,-4.655420173364504e-07,-0.0639550389601442,-0.07212417887644706,,,,,0.16115576574659732,,,,,0.1909416262097958,,
47021,,0,no residential sales in 2025,,,,,,,,,,,,,,,,,,,,,,,,,
47023,TN,176,ok,acceptable (VEI within +/-10),0.9650094138320573,30.888840050006593,1.1124246770492094,-0.021051312602241367,0.9070872081747386,0.8102147984960107,0.6165986978295169,0.8670478435254414,-0.13294956559503332,-5.433859829846929e-07,-0.07655084174901905,-0.09578818451420013,,,,0.16243456239965628,0.046135325354884925,,,,,0.24275473021649951,,
47025,,0,no residential sales in 2025,,,,,,,,,,,,,,,,,,,,,,,,,
47027,,0,no residential sales in 2025,,,,,,,,,,,,,,,,,,,,,,,,,
47029,,0,no residential sales in 2025,,,,,,,,,,,,,,,,,,,,,,,,,
47031,,0,no residential sales in 2025,,,,,,,,,,,,,,,,,,,,,,,,,
47033,,0,no residential sales in 2025,,,,,,,,,,,,,,,,,,,,,,,,,
47035,,0,no residential sales in 2025,,,,,,,,,,,,,,,,,,,,,,,,,
47037,,0,no residential sales in 2025,,,,,,,,,,,,,,,,,,,,,,,,,
47039,,0,no residential sales in 2025,,,,,,,,,,,,,,,,,,,,,,,,,
47041,,0,no residential sales in 2025,,,,,,,,,,,,,,,,,,,,,,,,,
47043,,0,no residential sales in 2025,,,,,,,,,,,,,,,,,,,,,,,,,
47045,,0,no residential sales in 2025,,,,,,,,,,,,,,,,,,,,,,,,,
47047,,0,no residential sales in 2025,,,,,,,,,,,,,,,,,,,,,,,,,
47049,,0,no residential sales in 2025,,,,,,,,,,,,,,,,,,,,,,,,,
47051,,0,no residential sales in 2025,,,,,,,,,,,,,,,,,,,,,,,,,
47053,,0,no residential sales in 2025,,,,,,,,,,,,,,,,,,,,,,,,,
47055,,0,no residential sales in 2025,,,,,,,,,,,,,,,,,,,,,,,,,
47057,,0,no residential sales in 2025,,,,,,,,,,,,,,,,,,,,,,,,,
47059,,0,no residential sales in 2025,,,,,,,,,,,,,,,,,,,,,,,,,
47061,,0,no residential sales in 2025,,,,,,,,,,,,,,,,,,,,,,,,,
47063,TN,837,ok,acceptable (confidence intervals overlap),0.9217142857142857,18.678543290792085,1.0163883903746398,0.01692166806608935,10.711421905016321,0.965548987746363,0.7901790024094927,0.9917277133627158,-0.008271365654015947,-1.1861606783486777e-07,-0.011448683047769359,-0.014511187973473838,,0.2202687627055947,0.11502119666386926,,,0.11040959954625405,,0.07023042491566998,0.0702185252849878,0.10585035736562924,0.105835701169933,0.11328040377002364
47065,,0,no residential sales in 2025,,,,,,,,,,,,,,,,,,,,,,,,,
47067,,0,no residential sales in 2025,,,,,,,,,,,,,,,,,,,,,,,,,
47069,,0,no residential sales in 2025,,,,,,,,,,,,,,,,,,,,,,,,,
47071,,0,no residential sales in 2025,,,,,,,,,,,,,,,,,,,,,,,,,
47073,,0,no residential sales in 2025,,,,,,,,,,,,,,,,,,,,,,,,,
47075,,0,no residential sales in 2025,,,,,,,,,,,,,,,,,,,,,,,,,
47077,,0,no residential sales in 2025,,,,,,,,,,,,,,,,,,,,,,,,,
47079,,0,no residential sales in 2025,,,,,,,,,,,,,,,,,,,,,,,,,
47081,,0,no residential sales in 2025,,,,,,,,,,,,,,,,,,,,,,,,,
47083,,0,no residential sales in 2025,,,,,,,,,,,,,,,,,,,,,,,,,
47085,,0,no residential sales in 2025,,,,,,,,,,,,,,,,,,,,,,,,,
47087,,0,no residential sales in 2025,,,,,,,,,,,,,,,,,,,,,,,,,
47089,TN,281,ok,acceptable (VEI within +/-10),0.8136283185840708,17.913363213331944,1.0249585823134435,-7.999590256560303e-05,9.373869024159465,0.9612995647489379,0.7221301719973079,0.9545395121497211,-0.04545933596866884,-1.0774336437460966e-07,-0.012984507529222755,-0.01635523713435183,,0.2058274571775797,0.15031417381534623,0.00151082147967714,,0.0992890847368162,,0.1382533327740188,0.1382528201595639,0.12367732837178463,0.09742879646938014,0.10306791331078767
47091,,0,no residential sales in 2025,,,,,,,,,,,,,,,,,,,,,,,,,
47093,TN,6617,ok,UNACCEPTABLE progressivity,0.6293333333333333,18.82384074248106,1.002574217865345,0.0577941925667567,21.633362310133677,1.007444194809943,0.591367395436146,1.01801886807513,0.01802276913651451,-2.7127939155429273e-09,0.0024857590589180134,-0.0011204686400498876,,0.21243692308759762,0.0605448196747285,,,,,,,0.03536022053470079,,0.03069330948677186
47095,,0,no residential sales in 2025,,,,,,,,,,,,,,,,,,,,,,,,,
47097,,0,no residential sales in 2025,,,,,,,,,,,,,,,,,,,,,,,,,
47099,,0,no residential sales in 2025,,,,,,,,,,,,,,,,,,,,,,,,,
47101,,0,no residential sales in 2025,,,,,,,,,,,,,,,,,,,,,,,,,
47103,,0,no residential sales in 2025,,,,,,,,,,,,,,,,,,,,,,,,,
47105,,0,no residential sales in 2025,,,,,,,,,,,,,,,,,,,,,,,,,
47107,,0,no residential sales in 2025,,,,,,,,,,,,,,,,,,,,,,,,,
47109,,0,no residential sales in 2025,,,,,,,,,,,,,,,,,,,,,,,,,
47111,,0,no residential sales in 2025,,,,,,,,,,,,,,,,,,,,,,,,,
47113,,0,no residential sales in 2025,,,,,,,,,,,,,,,,,,,,,,,,,
47115,,0,no residential sales in 2025,,,,,,,,,,,,,,,,,,,,,,,,,
47117,,0,no residential sales in 2025,,,,,,,,,,,,,,,,,,,,,,,,,
47119,,0,no residential sales in 2025,,,,,,,,,,,,,,,,,,,,,,,,,
47121,,0,no residential sales in 2025,,,,,,,,,,,,,,,,,,,,,,,,,
47123,,0,no residential sales in 2025,,,,,,,,,,,,,,,,,,,,,,,,,
47125,,0,no residential sales in 2025,,,,,,,,,,,,,,,,,,,,,,,,,
47127,,0,no residential sales in 2025,,,,,,,,,,,,,,,,,,,,,,,,,
47129,,0,no residential sales in 2025,,,,,,,,,,,,,,,,,,,,,,,,,
47131,,0,no residential sales in 2025,,,,,,,,,,,,,,,,,,,,,,,,,
47133,,0,no residential sales in 2025,,,,,,,,,,,,,,,,,,,,,,,,,
47135,,0,no residential sales in 2025,,,,,,,,,,,,,,,,,,,,,,,,,
47137,,0,no residential sales in 2025,,,,,,,,,,,,,,,,,,,,,,,,,
47139,TN,303,ok,acceptable (confidence intervals overlap),0.6901639344262295,42.03176827712387,1.1164025688223944,-0.0023533283589592746,12.54109559432477,0.9148043341793983,0.5090172725493732,0.8487336119259534,-0.1512554028067791,-3.2843062193399826e-07,-0.04140761867108611,-0.05573415442603613,,,,0.15229943685174263,,,,,,0.2133004988846111,,
47141,,0,no residential sales in 2025,,,,,,,,,,,,,,,,,,,,,,,,,
47143,,0,no residential sales in 2025,,,,,,,,,,,,,,,,,,,,,,,,,
47145,,0,no residential sales in 2025,,,,,,,,,,,,,,,,,,,,,,,,,
47147,,0,no residential sales in 2025,,,,,,,,,,,,,,,,,,,,,,,,,
47149,TN,0,no residential sales in 2025,,,,,,,,,,,,,,,,,,,,,,,,,
47151,,0,no residential sales in 2025,,,,,,,,,,,,,,,,,,,,,,,,,
47153,,0,no residential sales in 2025,,,,,,,,,,,,,,,,,,,,,,,,,
47155,,0,no residential sales in 2025,,,,,,,,,,,,,,,,,,,,,,,,,
47157,TN,10432,ok,acceptable (VEI within +/-10),0.9802207170493615,17.493795672572045,1.047465304191938,0.0007769179711047843,-2.2599201433058242,0.9507000084324588,0.552866166483656,0.9700888621358835,-0.029911387222811565,-1.2800887756287603e-08,-0.021647489108169937,-0.034886806624876865,,0.1993266967207964,0.20015055074765048,,0.11123049275684684,0.18733007112118172,,0.14042716118426532,0.14042736385576993,0.11949152215078013,0.1871770675615674,0.2189403041006052
47159,,0,no residential sales in 2025,,,,,,,,,,,,,,,,,,,,,,,,,
47161,,0,no residential sales in 2025,,,,,,,,,,,,,,,,,,,,,,,,,
47163,,0,no residential sales in 2025,,,,,,,,,,,,,,,,,,,,,,,,,
47165,,0,no residential sales in 2025,,,,,,,,,,,,,,,,,,,,,,,,,
47167,,0,no residential sales in 2025,,,,,,,,,,,,,,,,,,,,,,,,,
47169,,0,no residential sales in 2025,,,,,,,,,,,,,,,,,,,,,,,,,
47171,TN,259,ok,acceptable (VEI within +/-10),0.5363636363636364,38.047840518600474,1.0599838924558564,-0.0011421742951824236,2.833260901057529,1.011504185176943,0.52879164605089,0.77506955657308,-0.22492085781448548,-3.8804384267298503e-07,0.0037774136858947926,0.019796424513816024,,,0.20007241504880954,0.04632627142618445,0.10646925564185272,,,,,0.15065807914044713,,
47173,,0,no residential sales in 2025,,,,,,,,,,,,,,,,,,,,,,,,,
47175,,0,no residential sales in 2025,,,,,,,,,,,,,,,,,,,,,,,,,
47177,,0,no residential sales in 2025,,,,,,,,,,,,,,,,,,,,,,,,,
47179,,0,no residential sales in 2025,,,,,,,,,,,,,,,,,,,,,,,,,
47181,,0,no residential sales in 2025,,,,,,,,,,,,,,,,,,,,,,,,,
47183,,0,no residential sales in 2025,,,,,,,,,,,,,,,,,,,,,,,,,
47185,,0,no residential sales in 2025,,,,,,,,,,,,,,,,,,,,,,,,,
47187,TN,3779,ok,acceptable (VEI within +/-10),0.9620869565217391,9.864803164431256,1.0223062501866083,-0.020633893573685308,-4.664916475027477,0.9415618588894042,0.8760328287895948,0.9418133154771573,-0.0581865526448065,-3.454445171581314e-08,-0.019957361702793275,-0.021574027684076125,,0.12151140580297183,0.1516670850203822,0.15057420781312436,0.14312793662198528,0.15711427626838656,0.23438908611575004,0.14295602774543015,0.1429556846928056,0.13725682285204854,0.15836709943600644,0.1617966969108165
47189,,0,no residential sales in 2025,,,,,,,,,,,,,,,,,,,,,,,,,
48001,,0,no residential sales in 2025,,,,,,,,,,,,,,,,,,,,,,,,,
48005,TX,527,ok,acceptable (VEI within +/-10),0.8230829407946204,29.551964596984615,1.086690184313113,0.04630457824860979,9.456359510269019,0.7651212859175484,0.38196673216885746,0.8139489749691622,-0.18604624946645956,-4.2963601771731295e-07,-0.07663743977345217,-0.09513782793642656,,0.24551510708840105,0.22289322563542477,,,,,,,0.18747947483845517,,
48007,,0,no residential sales in 2025,,,,,,,,,,,,,,,,,,,,,,,,,
48009,,0,no residential sales in 2025,,,,,,,,,,,,,,,,,,,,,,,,,
48013,,0,no residential sales in 2025,,,,,,,,,,,,,,,,,,,,,,,,,
48015,TX,246,ok,acceptable (VEI within +/-10),0.8736575874659863,35.58647019882084,1.8111169392676685,-0.15152574919668274,-2.790331777307461,0.3871647587558456,0.016103108090897888,0.30553647227585123,-0.6944621548673574,-1.8900793407486405e-07,-0.3481000244938517,-0.4581628380366094,,,,,0.12659497326403624,,,,,0.19075936385705233,,
48019,TX,196,ok,UNACCEPTABLE progressivity,0.8962584130313933,30.291680619918196,1.045356025640579,0.05386239074053458,30.796831882461632,0.9009258833777938,0.5899126540363031,0.9023430389351901,-0.09765688605300377,-1.308738376003377e-07,-0.03570987485155208,-0.05299312828222047,,,0.16927126256631547,,,0.24282415305684737,,0.2416884906701666,0.24168418053626706,0.15691577820253735,0.2055423146706395,0.24589804475847452
48021,TX,822,ok,acceptable (VEI within +/-10),0.916908123598789,22.564450122163876,1.0440142228971014,0.0005293691856147322,-8.958267748773071,0.8185430287078607,0.6663180711742076,0.8330884136947159,-0.16691079752406637,-2.9094967326854505e-07,-0.046516017930593456,-0.04811868054885671,,0.24395842448304905,0.1893062721057526,,0.15643454599399417,0.2061647723281957,,0.20698726167876966,0.20698647103203044,0.17842614357176778,0.1927539035435974,0.19412621702486219
48025,,0,no residential sales in 2025,,,,,,,,,,,,,,,,,,,,,,,,,
48027,TX,3812,ok,acceptable (VEI within +/-10),0.9953528728726801,12.444939262175874,1.0204797457220702,-0.010067622554754595,-1.2348355703409406,0.8922869476622841,0.8128626749380332,0.9088978992147662,-0.09110144884887143,-2.1984092752634925e-07,-0.025681763063762686,-0.02739166562114881,0.1816961716277415,0.1505140748151104,0.1354520293695054,0.0675502093965268,0.06206568971214042,0.13777644552287044,0.2011725658669863,0.1308104836749048,0.13081024842891043,0.1261331185529682,0.13635539511067418,0.1396521908786423
48029,TX,14556,ok,acceptable (VEI within +/-10),0.958409494915233,16.291510536947083,1.0454357787280717,-0.019756411740756392,-4.792661211918677,0.902936844547684,0.8194987453103971,0.8994173442339635,-0.10058250565170752,-9.224059493792375e-09,-0.0368183430612159,-0.03817619124741478,,0.1875793943200803,0.1978804102757218,0.11918168269526869,0.12285269584226857,0.19918974036627182,,0.16946423476889372,0.16946393911886243,0.17801914014007825,0.19900672829822802,0.22152543059057966
48031,TX,123,ok,acceptable (VEI within +/-10),0.9989137418752507,23.76158610373897,1.038618905012724,0.025879632795267178,2.848042755327768,0.9224316495978397,0.8666778614125343,0.9109629223490942,-0.08903653523306196,-1.0099329668910441e-07,-0.027361691277838496,-0.029764913102860113,0.0683939968140523,0.23993724002091285,0.19322051447582045,,,0.17778641434009212,0.12665563461156695,0.19700274082133865,0.19700225136528518,0.19780351978916058,0.17496679998995937,0.18941463200603195
48035,,0,no residential sales in 2025,,,,,,,,,,,,,,,,,,,,,,,,,
48037,TX,740,ok,acceptable (VEI within +/-10),0.8415724140037364,25.479733872029353,1.0388365131058166,0.023396514394211698,7.22042573507864,0.9190152932379612,0.6954450584873695,0.940190061259874,-0.05980556552477861,-2.2826008762794772e-07,-0.028632576097335827,-0.03471335669741693,,,0.18991506999262947,,,0.2020836368361558,,0.19342029602000457,0.19341770937613187,0.164443533946462,0.191492811884186,0.20756976027647744
48039,TX,3726,ok,acceptable (VEI within +/-10),0.8645264116575593,23.135338704070925,1.048240033702365,0.0002731387000432102,-0.05356693561962043,0.7806956184438187,0.7399023270590392,0.7814411265515893,-0.2185579565526475,-1.5324369768706647e-07,-0.05685655491338926,-0.0592527711110562,,0.24934986722308605,0.19709560870688642,,0.02086808609286516,0.24246370047836577,0.2372857496893218,0.2412812523120104,0.2412807043386343,0.19227290556705323,0.22227614536852364,0.22591533460596766
48041,,0,no residential sales in 2025,,,,,,,,,,,,,,,,,,,,,,,,,
48043,,0,no residential sales in 2025,,,,,,,,,,,,,,,,,,,,,,,,,
48049,,0,no residential sales in 2025,,,,,,,,,,,,,,,,,,,,,,,,,
48051,,0,no residential sales in 2025,,,,,,,,,,,,,,,,,,,,,,,,,
48053,TX,499,ok,acceptable (VEI within +/-10),0.9391558441558442,27.140873141201716,1.0369818064096417,0.05708673236443615,6.777406118433921,0.9347155849731065,0.7918154144849794,0.9613455339783552,-0.03865316329231176,-9.160320408192376e-08,-0.024168638910366802,-0.029532164077864298,,,0.18584425292367296,,,0.1796055260366691,,0.13358251442420846,0.1335785070385234,0.1817789236702909,0.17540589912410792,0.20999087974414474
48055,TX,499,ok,UNACCEPTABLE progressivity,0.7801646974579305,47.47884283662162,1.0498645169573841,0.3400428933462407,103.46969182699232,0.8895353610145114,0.5534061060040573,0.8152172607003928,-0.18478122162964508,-2.5566154768595286e-08,-0.03605199732128472,-0.03261132506804776,,,0.21446149980151044,,,,,,,0.14919079610476418,0.21573619512019523,0.1812926454162193
48057,,0,no residential sales in 2025,,,,,,,,,,,,,,,,,,,,,,,,,
48059,,0,no residential sales in 2025,,,,,,,,,,,,,,,,,,,,,,,,,
48061,TX,1992,ok,acceptable (VEI within +/-10),0.8898628819379627,22.91252559246579,1.039434692537826,0.017294661143801415,6.927021856180113,0.8802689843262097,0.6778773787218216,0.8992600826001794,-0.10073892057311301,-2.4931974578799474e-07,-0.03564839660080388,-0.041113800742152984,,0.24207212390874677,0.18393791335333884,,,0.18971435111200577,,0.19906022840279072,0.1990590241325385,0.15866343361220617,0.18420023658119294,0.18954946137391132
48063,,0,no residential sales in 2025,,,,,,,,,,,,,,,,,,,,,,,,,
48065,,0,no residential sales in 2025,,,,,,,,,,,,,,,,,,,,,,,,,
48067,,0,no residential sales in 2025,,,,,,,,,,,,,,,,,,,,,,,,,
48069,,0,no residential sales in 2025,,,,,,,,,,,,,,,,,,,,,,,,,
48071,TX,479,ok,acceptable (VEI within +/-10),0.9475139461557118,13.554417214187174,1.0259332330687743,-0.025737895296790977,-7.7566751083429635,0.8663793342724194,0.75863068525091,0.9001047688939278,-0.09989470730631982,-2.7528808719545647e-07,-0.03311388807019111,-0.0368694184707703,,0.1601777853848755,0.1544682431176966,0.116174747254814,0.16543117915665756,0.15202416058079768,0.21638112221608127,0.14005489246262925,0.14005436380285355,0.12956232764115871,0.15027486405602097,0.1694850722352382
48073,,0,no residential sales in 2025,,,,,,,,,,,,,,,,,,,,,,,,,
48075,,0,no residential sales in 2025,,,,,,,,,,,,,,,,,,,,,,,,,
48077,,0,no residential sales in 2025,,,,,,,,,,,,,,,,,,,,,,,,,
48081,,0,no residential sales in 2025,,,,,,,,,,,,,,,,,,,,,,,,,
48083,,0,no residential sales in 2025,,,,,,,,,,,,,,,,,,,,,,,,,
48085,TX,14341,ok,UNACCEPTABLE progressivity,0.8271227714676763,34.69502399604916,2.859645397786023,0.025782567159040193,74.92116617765343,0.3720524187326112,0.013982447579385052,0.254509872505403,-0.7454894470351479,-2.5614164813964716e-09,-0.4716490089899066,-0.6185772477305953,,,,,,,,,,0.0955126941934544,,
48089,,0,no residential sales in 2025,,,,,,,,,,,,,,,,,,,,,,,,,
48091,TX,2045,ok,UNACCEPTABLE progressivity,0.9752148227712137,19.51848319991479,1.0206649900236122,0.047806324894800765,22.00828612894894,0.9343495815716781,1.0032969917335295,0.9744140802923339,-0.02558427429807022,-1.0259954002101853e-08,-0.021637182578987613,-0.024971174729327972,,0.2208551778060148,0.15508588222223138,,,0.1480947210063552,0.0027983476268149073,0.10006865720891116,0.10006659177682624,0.13754006029695667,0.15300246480718482,0.18367841560572656
48093,,0,no residential sales in 2025,,,,,,,,,,,,,,,,,,,,,,,,,
48097,TX,364,ok,acceptable (VEI within +/-10),0.9034205340600523,23.061939228607862,1.0444279326810448,0.0013192408998926083,4.4392710492306975,0.8778551282495434,0.7293241578468758,0.844732586761814,-0.15526714141595913,-2.1164667804427845e-07,-0.03807509663427555,-0.03754878285565555,,0.24519787353534442,0.19415316755646175,0.024445883046783308,,0.2123380455824711,,0.23769760996363246,0.23769773379319611,0.17321357709057936,0.20241262749748137,0.20858716679567305
48099,TX,894,ok,acceptable (VEI significance <= 10),0.9107435213529336,34.515477612024604,1.3827147300614329,0.10505198298572178,18.06802505926686,0.4375739272663308,0.1049741693762652,0.16029980170511363,-0.8397079662612611,-2.3662669547003394e-08,-0.24790588399049973,-0.27837872690736254,,,,,,,,,,0.09367218381390821,,
48103,,0,no residential sales in 2025,,,,,,,,,,,,,,,,,,,,,,,,,
48107,,0,no residential sales in 2025,,,,,,,,,,,,,,,,,,,,,,,,,
48113,TX,17302,ok,acceptable (VEI within +/-10),0.9187952026549,17.995996403561843,1.0709440945547086,-0.026595744239583094,-7.95156724694245,0.9269920359443493,0.6650506791304497,0.8981248496652622,-0.1018750671327265,-3.5897423290226517e-09,-0.03872458397098799,-0.04288985098478726,,0.20307430956299047,0.21765194809659225,0.17444170291512445,0.15479887103498946,0.22667231197582785,,0.20976432280923613,0.20976386347787088,0.19015325040115066,0.22659323452537278,
48115,,0,no residential sales in 2025,,,,,,,,,,,,,,,,,,,,,,,,,
48119,,0,no residential sales in 2025,,,,,,,,,,,,,,,,,,,,,,,,,
48121,TX,10678,ok,acceptable (VEI significance <= 10),0.8989717024116255,19.502049855679342,1.028470879357594,0.00894115978865837,10.222525076298549,0.9047008761386329,0.8989561737628123,0.8665538339076264,-0.13344595860973565,-5.2992582376925265e-09,-0.03130690260673985,-0.027230423093896672,,0.21893762348326085,0.15971898985272798,,,0.18433519334997586,0.1913825465294082,0.1869358291210756,0.18693561388605962,0.15221974194973026,0.16922853252729217,0.19956017848079088
48123,,0,no residential sales in 2025,,,,,,,,,,,,,,,,,,,,,,,,,
48127,TX,22,skipped (fewer than 100 sales),,,,,,,,,,,,,,,,,,,,,,,,,
48133,,0,no residential sales in 2025,,,,,,,,,,,,,,,,,,,,,,,,,
48135,TX,1385,ok,acceptable (VEI significance <= 10),0.8319429169237372,23.992271262957082,1.139525863896373,0.039437245931415316,13.606364474843392,0.8585617022632378,0.45555360163504083,0.9216652275072398,-0.07833211610074853,-1.237028281246596e-08,-0.0721075162260536,-0.12246324569870293,,0.24438774196085686,,,,,,0.19657085393745916,0.1965692121992379,0.19126599627404167,,
48139,TX,2582,ok,UNACCEPTABLE progressivity,0.8424181791510867,35.46915047540568,3.8837850702976766,0.04030768127888636,75.1887905848244,0.20945024173582466,-0.00016539285861699537,0.15932960282467837,-0.8406695005330772,-1.7234808691870666e-09,-0.62355617764537,-0.7469359318351212,,,,,,,,,,0.02114250754318749,,
48141,TX,6268,ok,acceptable (VEI within +/-10),0.9481512718866258,18.23889426819564,1.0373476233126155,0.003694496025858932,-1.385958621954077,0.7843064244549157,0.6219181815736405,0.828764236103235,-0.1712344658757346,-3.2150776222796775e-07,-0.050599670835511645,-0.0523186427282758,,0.20703943462854071,0.18268424558216698,,0.0628860707730266,0.21094848752972303,,0.1891889702207377,0.18918841299933242,0.14436113124738967,0.20195443174851063,0.20547893049234514
48143,TX,297,ok,acceptable (confidence intervals overlap),0.7784786077969451,32.365232375028604,1.1825885179408193,0.0011541680128780572,14.09575827676333,0.6705467768644467,0.3296385379609231,0.6970675783336965,-0.3029301911259324,-1.5979705585604477e-07,-0.13623423270363788,-0.1624917188611288,,,,0.030761379749258737,,,,,,0.20326292872005094,,
48145,TX,84,skipped (fewer than 100 sales),,,,,,,,,,,,,,,,,,,,,,,,,
48147,TX,336,ok,acceptable (VEI significance <= 10),0.908856077172286,26.851645113008335,1.0560742410117492,0.0406482956551037,20.144228873416722,0.8841195381275949,0.6091776389592397,0.8774337364035657,-0.12256536308138691,-2.2017606172571394e-07,-0.041857057261659225,-0.06004902332158868,,,0.20950959318294438,,,0.2313723314169937,,0.23249001282698717,0.232490792309977,0.18521790754097953,0.22414950327762156,0.23453775438465724
48149,,0,no residential sales in 2025,,,,,,,,,,,,,,,,,,,,,,,,,
48151,,0,no residential sales in 2025,,,,,,,,,,,,,,,,,,,,,,,,,
48157,TX,8484,ok,UNACCEPTABLE progressivity,0.8454515174855588,33.95479069285529,2.9733603202197147,0.16356663670599977,86.29887460738004,0.38865484503729375,0.0022374177403561564,0.6223111219327981,-0.3776875358088003,-1.2082899033503314e-09,-0.4666887444605927,-0.6593017280237441,,,,,,,,,,0.07038818944251234,,
48159,,0,no residential sales in 2025,,,,,,,,,,,,,,,,,,,,,,,,,
48161,,0,no residential sales in 2025,,,,,,,,,,,,,,,,,,,,,,,,,
48163,,0,no residential sales in 2025,,,,,,,,,,,,,,,,,,,,,,,,,
48165,,0,no residential sales in 2025,,,,,,,,,,,,,,,,,,,,,,,,,
48167,TX,4244,ok,acceptable (VEI within +/-10),0.9139654757328259,21.560613561461775,1.0453319307489208,0.004688036148616861,-2.684096360100907,0.8647516053224255,0.6645728165881489,0.8470991073663152,-0.15290058714015464,-1.5694204578571318e-08,-0.04173809828143504,-0.04204642387091928,,0.2352802046173404,0.20890481605650224,,0.09397813370024537,0.22286653368817191,,0.20542589272354758,0.2054256475243858,0.1459762478375737,0.21745750902560976,0.2234863828133153
48169,,0,no residential sales in 2025,,,,,,,,,,,,,,,,,,,,,,,,,
48171,TX,207,ok,acceptable (VEI within +/-10),0.9249467418546365,29.063300383150878,1.1322460396034302,-0.05472326476198668,4.040196528303619,0.8112235591140803,0.7425245670982475,0.768765421756587,-0.23123456922099195,-9.49988374047619e-08,-0.08374334955287477,-0.08438997624119349,,,,0.20855084498427456,0.12707351147080848,,,,,,,
48175,,0,no residential sales in 2025,,,,,,,,,,,,,,,,,,,,,,,,,
48177,TX,69,skipped (fewer than 100 sales),,,,,,,,,,,,,,,,,,,,,,,,,
48179,,0,no residential sales in 2025,,,,,,,,,,,,,,,,,,,,,,,,,
48181,TX,2292,ok,UNACCEPTABLE progressivity,0.8318995445660544,38.106308495873,1.280280855162008,0.07810958153098865,35.02455969278954,0.6359333514964151,0.1391397383583916,0.48548967720371095,-0.5145101209376173,-3.3753454525754836e-08,-0.16568442288997187,-0.20543872234437144,,,,,,,,,,0.18280734253961434,,
48183,TX,945,ok,acceptable (confidence intervals overlap),0.880109397046715,22.122462496626692,1.0356872099713765,0.04228735090394806,10.97349106023784,0.8707254269437342,0.6555394282951633,0.9275688171603022,-0.07242803022174152,-2.1478489212759064e-07,-0.03869000853144877,-0.04540767145733682,,0.2335705571916098,0.1831584098019205,,,0.20501743826155622,,0.16722544449207907,0.167221176792834,0.1554589702357657,0.20430734166404613,0.20909876768812458
48185,TX,343,ok,UNACCEPTABLE progressivity,0.7988565162907268,34.34424766842978,1.0490320983682062,0.06650612783579826,47.982552807334514,0.9271373552372318,0.3113043966977213,0.9601727917023585,-0.039820949137666595,-9.381554766830527e-08,-0.029487112025817552,-0.056091890319573956,,,0.17457338571690836,,,0.22349356434394066,,0.17570623920086467,0.17579151420959035,0.13703648990397813,0.20495640656322747,0.22409798312529025
48187,TX,3369,ok,UNACCEPTABLE progressivity,0.5971600267414631,63.469719107786396,4.32814909031893,0.3709711738245411,132.79641843270696,0.23989920317900654,9.324449116181835e-05,0.43817857788904735,-0.5618145772876885,-9.123120912720787e-10,-0.6189660411448143,-0.7691852413782676,,,,,,,,,,0.010004267120919818,,
48189,,0,no residential sales in 2025,,,,,,,,,,,,,,,,,,,,,,,,,
48193,,0,no residential sales in 2025,,,,,,,,,,,,,,,,,,,,,,,,,
48199,,0,no residential sales in 2025,,,,,,,,,,,,,,,,,,,,,,,,,
48201,TX,32440,ok,acceptable (VEI within +/-10),0.9030834587100747,17.872423831270613,1.027844115324832,-0.00850301027104407,-0.9579369438009292,0.9499905736918782,0.8741847807833015,0.914953450023701,-0.08504635807450882,-3.5668450843448786e-09,-0.021423186991196053,-0.016527503826645473,,0.2031122949850703,0.17426281450795922,0.09332193851584876,0.06352044515256484,0.16165597709781246,,0.17583833423166387,0.17583778554502413,0.14578553359820684,0.16029812377683889,0.1474719437859972
48203,TX,473,ok,acceptable (VEI within +/-10),0.8969346443030654,29.451306232412232,1.036016634523173,0.03683910485459189,4.76655750592642,0.9455784360880326,0.8007649912188549,1.0036376761037302,0.0036686314611353234,-2.2425340249265527e-07,-0.01993675056046551,-0.021077196713107815,,,0.1998965838826971,,,0.18679961125894892,,,,0.18916015571682582,0.15713897055013043,0.14458770200447313
48205,,0,no residential sales in 2025,,,,,,,,,,,,,,,,,,,,,,,,,
48207,,0,no residential sales in 2025,,,,,,,,,,,,,,,,,,,,,,,,,
48209,TX,2591,ok,acceptable (VEI within +/-10),0.9776978678580509,16.427894850065446,1.0458868260381309,-0.023839848885484603,-7.937073904253421,0.9038386655421494,0.8627060749377147,0.881828976700188,-0.11817100702854234,-5.8895466680986774e-09,-0.038129696663556034,-0.03557022376008079,,0.18669696708665673,0.2156193159867959,0.12284767976214667,0.11839842327498622,0.17951316014651605,0.20067274308158897,0.17468686124046923,0.1746867506769335,0.16878736138940145,0.1787912364899065,0.18102953119206833
48211,,0,no residential sales in 2025,,,,,,,,,,,,,,,,,,,,,,,,,
48213,TX,888,ok,acceptable (VEI significance <= 10),0.8905085753599685,41.07219284391231,1.5736877149216617,0.04030856453532262,32.197118269068575,0.6622731875994025,0.03662964017833896,0.5342994228707273,-0.4657027824187211,-2.335606804864048e-08,-0.2168159992803711,-0.35653234230790165,,,,,,,,,,0.18050259534480267,,
48215,TX,3793,ok,acceptable (VEI within +/-10),0.9074041853181696,21.039011313505444,1.0473924675210748,-0.019754013072201884,-1.919338718684675,0.8602248392971175,0.7469761051505812,0.8669225606404505,-0.13307656146891267,-2.7935538225335683e-07,-0.04243934034732133,-0.04620299179936027,,0.2263780893785363,0.20344545378596776,0.14473687118020873,0.07790304790577879,0.2076258498154012,,0.21241956337237533,0.21241916864936727,0.18182246127901422,0.20252995838178905,0.2069558750743207
48217,,0,no residential sales in 2025,,,,,,,,,,,,,,,,,,,,,,,,,
48219,,0,no residential sales in 2025,,,,,,,,,,,,,,,,,,,,,,,,,
48221,TX,946,ok,acceptable (confidence intervals overlap),0.916624242898914,19.599041390254893,1.021281389092778,0.02110421118435848,13.499964564830755,0.93664179026352,0.84087031983384,0.9576512423540247,-0.042348120587802976,-1.080798836259256e-07,-0.019870449953429237,-0.02205734745575927,,0.22871941506989682,0.1343619301334331,,,0.14485249626074026,0.22107943325400337,0.13805939028244243,0.13805834247220003,0.13500519454000623,0.14129014301516746,0.14363399011087805
48223,,0,no residential sales in 2025,,,,,,,,,,,,,,,,,,,,,,,,,
48225,,0,no residential sales in 2025,,,,,,,,,,,,,,,,,,,,,,,,,
48227,,0,no residential sales in 2025,,,,,,,,,,,,,,,,,,,,,,,,,
48231,TX,1277,ok,acceptable (confidence intervals overlap),0.9405673168860774,19.969650875874844,1.047835621710245,0.03277325619090774,11.324150594627781,0.8585382960738229,0.7122375632341934,0.918353336807593,-0.0816453105145447,-1.4694107034696048e-08,-0.04617372145800869,-0.04864348528419926,,0.21858303152028186,0.19054285421737302,,,0.19256961548882298,,0.15930960712471995,0.15930833543299047,0.15363952831016275,0.20788000898097017,0.19861662007248623
48233,,0,no residential sales in 2025,,,,,,,,,,,,,,,,,,,,,,,,,
48237,,0,no residential sales in 2025,,,,,,,,,,,,,,,,,,,,,,,,,
48239,,0,no residential sales in 2025,,,,,,,,,,,,,,,,,,,,,,,,,
48241,,0,no residential sales in 2025,,,,,,,,,,,,,,,,,,,,,,,,,
48245,TX,2067,ok,acceptable (VEI significance <= 10),0.8840583861321479,26.4998224326727,1.3650412075375364,-0.07194036752819671,-19.230125219873898,0.6103505897887023,0.34055149472685287,0.5630598830701389,-0.43693389920156395,-2.8249271504040482e-08,-0.2018573700648143,-0.23184470580755834,,,,,0.24595025232546885,,,,,0.19874836654260916,,
48249,,0,no residential sales in 2025,,,,,,,,,,,,,,,,,,,,,,,,,
48251,TX,2394,ok,UNACCEPTABLE progressivity,0.8866435140538471,23.999715471490376,1.0253600796404825,0.09790743890934861,26.740362798756266,0.8603384493329128,0.6896297286609983,0.889837373583409,-0.11016150311551876,-2.791292799804199e-07,-0.03248010068169105,-0.035447477216099976,,,0.1580571276920817,,,0.18593616480941044,,0.17530707883378432,0.17530651815212595,0.15244893599353732,0.16715096203091284,0.1672381490328118
48253,,0,no residential sales in 2025,,,,,,,,,,,,,,,,,,,,,,,,,
48255,,0,no residential sales in 2025,,,,,,,,,,,,,,,,,,,,,,,,,
48257,TX,2736,ok,UNACCEPTABLE progressivity,0.9398496240601504,18.975844749226283,1.0201546128679886,0.07601770968560596,28.6495233047673,0.8234512395299348,0.7056809573292804,0.8379113753054976,-0.16208799820420083,-3.3856007463874197e-07,-0.03227436178794574,-0.033236984483557164,,0.21471327838209842,0.13431789661351834,,,0.16166471835608873,0.24731925775363683,0.1687210041398651,0.16872062808973562,0.12943247705467065,0.13875857431701108,0.13820295845080993
48259,TX,434,ok,acceptable (VEI within +/-10),0.9073276738732678,23.250949242143086,1.07906591746678,-0.006539592049745628,-8.99390803387099,0.8243798943498124,0.6363206788380262,0.8486374935427211,-0.15136186708602717,-6.348408368892967e-08,-0.06595035074830546,-0.07102182688344993,,0.24582852565170057,0.23250661460933617,0.07012188802370838,0.15647784224092914,,,0.2240846095849825,0.22408407888850596,0.19566070304923272,,
48265,TX,364,ok,acceptable (confidence intervals overlap),0.974238352133461,26.27092968351644,1.025967170703325,0.06005273105935862,19.23874022183233,0.9480661185773632,0.9127946234258315,0.9540806754254635,-0.04591753749072188,-7.596118834989837e-08,-0.017376581889533504,-0.01849454393482919,0.23378745309357335,,0.1354455856918781,,,0.14125785103688107,0.1294163570974004,0.16330538363715602,0.1632935811732911,0.16750141231742274,0.13064654148110638,0.1494312615326161
48273,,0,no residential sales in 2025,,,,,,,,,,,,,,,,,,,,,,,,,
48277,TX,280,ok,acceptable (VEI significance <= 10),0.8588341337301768,28.76294680769069,1.0911042175606995,0.01537661977284195,19.087046076425487,0.843913851510257,0.41178300206738006,0.883043350223964,-0.1169599340615809,-1.8893570888605392e-07,-0.056560084538904265,-0.07337942640547568,,,,,,,,,,0.14016809770407113,,
48279,,0,no residential sales in 2025,,,,,,,,,,,,,,,,,,,,,,,,,
48281,,0,no residential sales in 2025,,,,,,,,,,,,,,,,,,,,,,,,,
48285,,0,no residential sales in 2025,,,,,,,,,,,,,,,,,,,,,,,,,
48287,TX,52,skipped (fewer than 100 sales),,,,,,,,,,,,,,,,,,,,,,,,,
48289,,0,no residential sales in 2025,,,,,,,,,,,,,,,,,,,,,,,,,
48291,TX,1398,ok,acceptable (VEI significance <= 10),0.8363273511549706,27.319432524745825,1.0593064192606032,0.04236238116002269,18.638815941765305,0.8949170547976778,0.42615510807643636,0.9397625748810076,-0.06023577297606413,-8.266421061946414e-08,-0.04117602909961793,-0.05877092725086808,,,0.20847556090694772,,,0.24116245141867654,,0.19731772696039424,0.197312184383695,0.13752640548791084,0.2236145146367307,
48293,,0,no residential sales in 2025,,,,,,,,,,,,,,,,,,,,,,,,,
48297,,0,no residential sales in 2025,,,,,,,,,,,,,,,,,,,,,,,,,
48299,TX,242,ok,acceptable (confidence intervals overlap),0.8458260385489741,32.927188542088565,1.0496980329047736,0.047433243349740285,19.377513538956006,0.9450951180261873,0.7336843516935437,1.0003150534372283,0.0003191427352486544,-4.758479276308949e-08,-0.026458984379258643,-0.034518963025908844,,,0.21288060509183984,,,0.2106038221304103,,0.009241778225783146,0.009358843231098235,0.19088110622574908,0.18672480718341763,0.17606266568290993
48303,TX,3548,ok,acceptable (VEI within +/-10),0.9158591799699527,17.85800079898384,1.0514073473553387,-0.010729047623112144,-3.164831523625876,0.8830574078998018,0.6960908768156132,0.9009407289836047,-0.09905853689576362,-2.7770181690371005e-08,-0.042539803930024656,-0.047384788573218595,,0.20255080089982985,0.20191304339251237,0.09767423238106003,0.10407520844939572,0.21742283414975255,,0.17906315590414873,0.17906229616473215,0.1604863380895955,0.2156916250711114,0.2381144767431628
48307,,0,no residential sales in 2025,,,,,,,,,,,,,,,,,,,,,,,,,
48309,,0,no residential sales in 2025,,,,,,,,,,,,,,,,,,,,,,,,,
48313,,0,no residential sales in 2025,,,,,,,,,,,,,,,,,,,,,,,,,
48315,,0,no residential sales in 2025,,,,,,,,,,,,,,,,,,,,,,,,,
48317,,0,no residential sales in 2025,,,,,,,,,,,,,,,,,,,,,,,,,
48321,,0,no residential sales in 2025,,,,,,,,,,,,,,,,,,,,,,,,,
48323,TX,200,ok,acceptable (VEI within +/-10),0.8806839234043685,32.17100077227914,1.1784948754856464,-0.07673512785049477,6.23065773201873,0.4653933031410592,0.08138337297486901,0.46351458412360264,-0.5364832522054115,-9.354623608651181e-07,-0.16121243626568282,-0.18342886026721272,,,,0.2440685280993972,,,,,,0.21136839859939247,,
48325,TX,535,ok,acceptable (VEI significance <= 10),0.8867469036456511,26.444357408256334,1.0263508090541877,0.07096346642126942,21.350842839724248,0.92709182667032,0.7271835799017176,0.9003261868750603,-0.09967270248140199,-1.9563347545512003e-07,-0.021525749305254305,-0.026063057917822263,,,0.14127804075265457,,,0.16934259525639378,,0.2146593601224324,0.2146601771682466,0.14469643739058233,0.14568699301344504,0.14654521800307338
48329,TX,2572,ok,UNACCEPTABLE progressivity,0.7962450488083759,35.13156130185132,1.0670291263268845,0.1586714332617664,70.96364726034633,0.8206098051643473,0.7615803968945606,0.7905122019270778,-0.2094803837274796,-1.6396944104781248e-08,-0.06416639870963903,-0.07452255769376936,,,0.22843512287891304,,,,,,,0.21155852934338396,,
48331,,0,no residential sales in 2025,,,,,,,,,,,,,,,,,,,,,,,,,
48335,,0,no residential sales in 2025,,,,,,,,,,,,,,,,,,,,,,,,,
48337,,0,no residential sales in 2025,,,,,,,,,,,,,,,,,,,,,,,,,
48339,TX,7196,ok,acceptable (VEI significance <= 10),0.9117457221509702,20.042424945779963,1.0298120944189997,0.030485024997679428,13.93152653930442,0.9338159975817241,0.816491909809104,0.95443091137645,-0.04556810458598606,-7.577986550132648e-09,-0.024649752641630496,-0.02668785602470436,,0.21891569901954738,0.15954801787284884,,,0.17357624166019944,0.22046495379381192,0.13042529136176342,0.1304240973979,0.14613096860738672,0.17786956396509482,0.1826013674906223
48343,,0,no residential sales in 2025,,,,,,,,,,,,,,,,,,,,,,,,,
48347,,0,no residential sales in 2025,,,,,,,,,,,,,,,,,,,,,,,,,
48349,TX,437,ok,acceptable (VEI significance <= 10),0.8748739540396625,29.18185811786323,1.060235272894241,0.02506361470968819,16.38632402100546,0.8995420455714219,0.638254633618639,0.8966867519016317,-0.10331169206954288,-1.8078628639905397e-07,-0.037061043269150495,-0.04542102765594036,,,0.2374696249261101,,,0.2349914889192551,,,,0.16070313502257394,0.23923960637453492,0.23110890368069661
48351,,0,no residential sales in 2025,,,,,,,,,,,,,,,,,,,,,,,,,
48353,,0,no residential sales in 2025,,,,,,,,,,,,,,,,,,,,,,,,,
48355,TX,3101,ok,acceptable (VEI within +/-10),0.9515390037593985,22.22926470811071,1.1053636687058348,0.003023707037645147,-1.7336353060780405,0.8742784278400172,0.6018042119518899,0.8942655710620769,-0.10573412570853066,-1.5049630890166247e-08,-0.059703477235645064,-0.07644623754354751,,0.23752059127329195,,,0.09571222756922775,,,0.21668304310294256,0.21668201460743422,0.19970844123917122,,
48361,TX,756,ok,acceptable (VEI within +/-10),0.8812006299744157,24.290468270301854,1.0303746464040446,0.030968786004820097,9.53929058774564,0.9055565992210951,0.703341580384548,0.9890755013272494,-0.010914103849242155,-3.1644460369490193e-07,-0.030068969557972558,-0.03653504281648634,,,0.17632676892110213,,,0.18356701625504676,,0.0837349624771613,0.0836396887574626,0.14212178542845483,0.17063175875791686,0.17407745642359984
48363,TX,271,ok,acceptable (VEI within +/-10),0.8863436787457365,27.785045519007063,1.1262352797780197,-0.0015736292054521618,-1.0158048621022324,0.8714827896404046,0.3161674024834459,0.8505644867253174,-0.14943486308892237,-7.933460010615277e-08,-0.06244036449323098,-0.0908202085026748,,,,0.03502931002112141,0.039340400701162424,,,,,0.20045407449945019,,
48365,,0,no residential sales in 2025,,,,,,,,,,,,,,,,,,,,,,,,,
48367,TX,2159,ok,acceptable (VEI within +/-10),0.9224725482771677,23.840723721352763,1.055316838799818,0.029569265899386372,8.22364344155489,0.7875802820141025,0.5540723182239394,0.8277382401292847,-0.17226060131731313,-2.561163288451882e-07,-0.06059079548129653,-0.0691206469385306,,,0.20637841334083953,,,,,,,0.17922201726286976,0.24192758246783436,
48369,,0,no residential sales in 2025,,,,,,,,,,,,,,,,,,,,,,,,,
48373,TX,472,ok,UNACCEPTABLE progressivity,0.9012017146039702,42.83722777372896,1.0568722205977963,0.049837355770768095,30.9048583232681,0.9236428597127044,0.873463419522659,0.9767850521267171,-0.02320462480864807,-3.0183251801375796e-07,-0.03192525717093653,-0.03220631016466258,,,0.21684928790115637,,,0.2127918462401678,0.22991701984304408,0.1761835497447689,0.17557677096928817,0.2380688443083799,0.2162768234762033,0.20920566076090544
48375,TX,1037,ok,acceptable (confidence intervals overlap),0.8857569392864697,24.317966197391765,1.0592601665093404,0.029559539836660577,11.781016232554293,0.8842047361197228,0.6493092371217621,0.9396790733045247,-0.06030324916155481,-1.1419886516319296e-07,-0.04507977563055787,-0.05541657060791039,,,0.203845157311758,,,,,0.16769096208274098,0.1676339256245795,0.17706269379546657,,
48377,,0,no residential sales in 2025,,,,,,,,,,,,,,,,,,,,,,,,,
48379,TX,135,ok,UNACCEPTABLE progressivity,0.7518796992481203,44.73537856337998,0.9524163435589373,0.13317191871171327,91.06914536513615,0.9856931199316068,0.7453147636459845,1.2623031036589132,0.26233626537713706,2.4155537529081744e-07,-0.005711453376307407,-0.02045684089152955,,,,,,0.09214751559358354,,,,,0.10065468750709787,0.12136130501063373
48381,TX,1789,ok,acceptable (VEI within +/-10),0.9175227751190123,16.81112445220835,1.0294527326750826,0.004460862372360107,-2.9078279554093736,0.8755036322330181,0.7250872834154877,0.8962272284162772,-0.10377161433254173,-2.386647491298313e-07,-0.033908146866121536,-0.036402286874317236,,0.18896600252183215,0.16055384468473308,,0.06908418892235808,0.18032903520283955,,0.1579156495322729,0.1579152175291216,0.146322634442712,0.1688865060779452,0.1813865945504072
48385,,0,no residential sales in 2025,,,,,,,,,,,,,,,,,,,,,,,,,
48387,,0,no residential sales in 2025,,,,,,,,,,,,,,,,,,,,,,,,,
48391,,0,no residential sales in 2025,,,,,,,,,,,,,,,,,,,,,,,,,
48395,,0,no residential sales in 2025,,,,,,,,,,,,,,,,,,,,,,,,,
48397,TX,1277,ok,acceptable (VEI within +/-10),0.9639701492537314,17.953267822531203,1.039671195026701,-0.03641211874437525,-9.189082925102994,0.8430277575296545,0.8016143913840201,0.828953401176308,-0.17104650312670683,-1.9788265124665237e-07,-0.044083482020154996,-0.043140409421047465,,0.20751381458930737,0.1836313111506123,0.13295663043284836,0.14292297664329828,0.20759404476295953,,0.20486578592546928,0.20486547805704552,0.17945301972962016,0.20541589815490766,0.2080827879127449
48399,,0,no residential sales in 2025,,,,,,,,,,,,,,,,,,,,,,,,,
48401,,0,no residential sales in 2025,,,,,,,,,,,,,,,,,,,,,,,,,
48403,,0,no residential sales in 2025,,,,,,,,,,,,,,,,,,,,,,,,,
48405,,0,no residential sales in 2025,,,,,,,,,,,,,,,,,,,,,,,,,
48407,,0,no residential sales in 2025,,,,,,,,,,,,,,,,,,,,,,,,,
48409,TX,584,ok,acceptable (VEI within +/-10),0.942208361813625,22.044391547132268,1.0464488185999359,-0.013909489551944133,-6.9791824552119355,0.8519277301111995,0.6451537402246927,0.8670610069709573,-0.13293785056523322,-3.4370718021111755e-07,-0.040050382124337425,-0.042357844972406244,,0.2420639739233227,0.2040327221317206,0.1309480004940979,0.11619421297591252,0.2011764911889749,,0.22015349717583774,0.22014570465622085,0.17123734717762912,0.1944777533040324,0.19972158644167504
48411,,0,no residential sales in 2025,,,,,,,,,,,,,,,,,,,,,,,,,
48415,,0,no residential sales in 2025,,,,,,,,,,,,,,,,,,,,,,,,,
48419,,0,no residential sales in 2025,,,,,,,,,,,,,,,,,,,,,,,,,
48423,TX,2400,ok,UNACCEPTABLE progressivity,0.8905977501801281,28.43894376871374,1.0688459345703114,0.06210915486240528,24.162384286958282,0.7969757069172992,0.7467219990265471,0.8853716516594271,-0.11461855826656595,-7.3357020383562e-08,-0.06948995966373106,-0.08046715153815143,,,0.23390527206226416,,,,,,,0.20892805236894402,,
48425,,0,no residential sales in 2025,,,,,,,,,,,,,,,,,,,,,,,,,
48427,,0,no residential sales in 2025,,,,,,,,,,,,,,,,,,,,,,,,,
48429,TX,61,skipped (fewer than 100 sales),,,,,,,,,,,,,,,,,,,,,,,,,
48437,,0,no residential sales in 2025,,,,,,,,,,,,,,,,,,,,,,,,,
48439,TX,18438,ok,UNACCEPTABLE progressivity,0.8578402519684529,21.696003832640496,1.0604814750726732,0.04856980650476744,20.17917987006664,0.8890323456500919,0.6035320334821656,0.9229061618756371,-0.07709288853351932,-5.507446204772523e-09,-0.04449609909162344,-0.04961876065418247,,0.2349723328355786,0.22455640620406794,,,0.23002808940391667,,0.16919539108126735,0.16919377295768143,0.16688519159411958,0.22607979170547987,
48441,TX,1687,ok,acceptable (VEI significance <= 10),0.9029183824998435,20.84187701991256,1.1029145565446912,0.03992023163322599,14.933743035004722,0.8295391440450557,0.40837887338988177,0.9452809367184445,-0.054715752614537636,-1.9411063627955904e-08,-0.06758596070230038,-0.08985688962251781,,0.22713642708924034,0.24856421942558393,,,,,0.14711393207957943,0.14710692168733563,0.1354628142169556,,
48449,,0,no residential sales in 2025,,,,,,,,,,,,,,,,,,,,,,,,,
48451,TX,1253,ok,acceptable (VEI within +/-10),0.8842778323901627,20.261741515688083,1.0194074895949563,0.0005435414492291662,-5.286284114902608,0.9348764195285573,1.1964359087327083,0.8960556564816172,-0.10394317866958445,-1.86198732241682e-08,-0.021296310078383618,-0.01977688546141243,,0.2230455368248469,0.1391704785386687,0.028013578011718217,0.14336579541217354,0.16533191632346725,0.18685325710587364,0.19496737055892407,0.19496549509377348,0.1535098247236818,0.14597959148807016,0.17080409025651408
48453,TX,10184,ok,acceptable (VEI within +/-10),0.905471846017607,20.994718584053324,1.1021167105883634,-0.001545740623650306,-3.2812515089442407,0.8650064524667551,0.4420822985461671,0.8853418591719094,-0.11465779839587766,-4.068345692525469e-09,-0.062398850800493566,-0.07817044103954696,,0.23052249972231278,,0.045808932166033725,0.11440113795411624,,,0.22139228063413013,0.22139196228746763,0.1502027042553969,,
48455,,0,no residential sales in 2025,,,,,,,,,,,,,,,,,,,,,,,,,
48457,,0,no residential sales in 2025,,,,,,,,,,,,,,,,,,,,,,,,,
48459,,0,no residential sales in 2025,,,,,,,,,,,,,,,,,,,,,,,,,
48461,,0,no residential sales in 2025,,,,,,,,,,,,,,,,,,,,,,,,,
48463,TX,147,ok,UNACCEPTABLE regressivity,0.7684380317509533,55.583455041586944,2.8435028295779188,-0.3919675599482003,-133.65897626801674,0.020302086369831735,-0.046811392360733874,-0.3381717509123888,-1.3381760678487886,-5.066293799486893e-07,-0.5308514395990518,-0.6491619513389759,,,,,,,,,,,,
48465,,0,no residential sales in 2025,,,,,,,,,,,,,,,,,,,,,,,,,
48467,TX,445,ok,acceptable (VEI within +/-10),0.9243717401612138,25.935506725020577,1.0495421997017946,0.016176581250428108,5.325022044836079,0.8452238729180381,0.6988587369023506,0.8421675257497444,-0.15783142470209305,-4.3848725329813e-07,-0.044900801777862265,-0.04895515126798977,,,0.21037672010723016,,,0.24316744288159126,,0.2443005855002069,0.24430042269895344,0.21129467666969765,0.22242454455485097,0.23942166120404537
48469,TX,693,ok,acceptable (VEI within +/-10),0.8688591292656607,25.4396473391232,1.030035706373358,0.04144930259259268,7.240349222052239,0.9100600205512541,0.8666508959853381,0.9205563239527543,-0.07943750724996188,-1.419569075166732e-07,-0.027175842190998445,-0.028213305660131693,,,0.1748052847484556,,,0.16710979737440332,0.22565560954305885,0.201501646230495,0.20149911892474848,0.15851837689054568,0.17733262196830452,0.17805308580610568
48471,TX,484,ok,acceptable (VEI within +/-10),0.8395011281205077,37.48567067160237,2.8453351387491024,-0.08009936741091662,-5.661960231957847,0.4375506934017972,0.06471438099475495,0.026846641686856694,-0.973153994716813,-3.2707089309806425e-08,-0.4254494485209046,-0.509040959196364,,,,,0.1977519177337395,,,,,,,
48473,TX,916,ok,UNACCEPTABLE progressivity,0.842468322892739,32.41064009750196,1.1791287616161592,0.12288179477563221,56.40981498874133,0.6834861476059098,0.028784730487168547,0.7411794238516546,-0.25881494084467577,-3.0421640904909415e-08,-0.11788218771251646,-0.15306774009721957,,,,,,,,,,0.07467479492149791,,
48475,,0,no residential sales in 2025,,,,,,,,,,,,,,,,,,,,,,,,,
48477,,0,no residential sales in 2025,,,,,,,,,,,,,,,,,,,,,,,,,
48479,TX,1244,ok,acceptable (VEI within +/-10),0.9275945755947983,16.60237322558506,1.0161538264233143,0.004788686337050918,3.8440233987829235,0.9496988746392491,0.9683593247229527,0.9410151277303804,-0.058983902790352774,-1.4974866424574587e-08,-0.01622421467337154,-0.01499293849992056,,0.19388874954488636,0.12248784801663169,,,0.11453795308237702,0.06535167981959948,0.14875499788768418,0.14875329018007977,0.11298484207606405,0.12303380588769475,0.12374052177551904
48481,TX,203,ok,acceptable (confidence intervals overlap),0.8753865882175454,28.12872083242323,1.094816450838619,-0.03698610888264573,-13.783083310263763,0.7693746064921312,0.5996497818632739,0.8405535424913317,-0.15944222364186264,-7.052533531160558e-07,-0.07877410315512634,-0.08845422617975918,,,,0.20077989715162536,0.22444754719653906,,,,,0.22163429072262097,,
48485,TX,1209,ok,acceptable (VEI within +/-10),0.9347023987928522,19.17278906179127,1.0255561192389784,0.0102280157228495,6.429676017205844,0.9250116298810747,0.7747830314759689,0.953086045221224,-0.046911545306544705,-2.328155812645233e-07,-0.0229521725734112,-0.02834718500245348,,0.2179530131611558,0.16172408265642213,,,0.166044768008579,,0.1399642815507503,0.1399625208735293,0.13608593470409805,0.16262260361447986,0.16821167977208898
48487,,0,no residential sales in 2025,,,,,,,,,,,,,,,,,,,,,,,,,
48489,,0,no residential sales in 2025,,,,,,,,,,,,,,,,,,,,,,,,,
48491,TX,5600,ok,acceptable (VEI significance <= 10),0.9579654672285807,15.843669177633517,1.0198575719485015,-0.04180545233847226,-10.865145111436867,0.8900394347663066,1.0729519068435656,0.8261755958011859,-0.1738244107999821,-5.436082992319215e-09,-0.030730070256483444,-0.024858894358602557,,0.18317067767041934,0.13088599844363394,0.1358954720973301,0.15777167115952317,0.16960486694001306,0.17840171876250627,0.17556512115681586,0.17556504275924223,0.1508682386039021,0.15987264292661418,0.13680424340316644
48493,TX,392,ok,acceptable (VEI significance <= 10),0.9181442582403531,26.735511937432655,1.024032296387198,0.11445042244134314,23.60745353751745,0.889286131346426,0.6704135349983283,0.9468876303104423,-0.0531108619327547,-2.021429665402879e-07,-0.02881228459969032,-0.037994555066074964,,,0.1411280592963561,,,0.1695577440183796,,0.1377943630299364,0.13778955346479174,0.1447509607310017,0.15248457460543516,0.16802559231498465
48495,,0,no residential sales in 2025,,,,,,,,,,,,,,,,,,,,,,,,,
48497,TX,737,ok,acceptable (VEI within +/-10),0.9402791373407097,17.939661034574716,1.021362067715883,0.0291974875370119,0.7522947662691682,0.9030351750013262,0.8096965788077993,0.900698855994092,-0.09930081075654497,-1.8213283284463625e-07,-0.024524350846899967,-0.026310459214204718,,0.20268180085334778,0.13831159410908958,,,0.15392482845073074,0.2000722249911288,0.15601016003692603,0.15600974970809903,0.12943187016114763,0.14894226224901613,0.15235337793174664
48499,,0,no residential sales in 2025,,,,,,,,,,,,,,,,,,,,,,,,,
48501,,0,no residential sales in 2025,,,,,,,,,,,,,,,,,,,,,,,,,
48503,,0,no residential sales in 2025,,,,,,,,,,,,,,,,,,,,,,,,,
48505,TX,42,skipped (fewer than 100 sales),,,,,,,,,,,,,,,,,,,,,,,,,
48507,TX,26,skipped (fewer than 100 sales),,,,,,,,,,,,,,,,,,,,,,,,,
49001,UT,12,skipped (fewer than 100 sales),,,,,,,,,,,,,,,,,,,,,,,,,
49003,UT,587,ok,acceptable (VEI within +/-10),0.8591102408745492,17.321001765493282,1.0240240878764628,0.010390368740145838,4.112246649066025,0.7565445544831642,0.6593072048870128,0.7597269504372817,-0.2402726362234686,-3.3015995272127796e-07,-0.04278878154767285,-0.04267150342173842,,0.2003121493592732,0.1567639403395687,,,0.17146381773081756,0.24355128848289767,0.1778507542821467,0.17785143662257286,0.13392469157807665,0.17216119124455365,0.172950397152102
49005,UT,1047,ok,acceptable (VEI within +/-10),0.930827402507605,17.245376270776614,1.0619273175004704,-0.04356282128808048,-5.7510882215476835,0.787052126982138,0.5996271750922241,0.8012314074929539,-0.19876851126825423,-8.940560962142477e-08,-0.061124773289221945,-0.06385732691062995,,0.19593225808117,0.21776878446812264,0.14791618334563078,0.12485104069417542,0.211478888489518,,0.19100495955744676,0.19100478845106175,0.1648967012222343,0.21845641681899208,0.23560769525785444
49007,UT,244,ok,UNACCEPTABLE progressivity,0.7022174358594528,30.418893115941106,1.0228928384430593,0.09903643402424255,37.07209104415865,0.954121929472241,0.6972658022002078,0.9122599459925412,-0.08773771331289369,-3.011879408048633e-08,-0.01473596500421448,-0.016629594436060824,,,0.08168129696939294,,,0.1532821344025277,,0.20926440166002852,0.20926759639916487,0.10940825328257209,0.12703181865946064,0.18681597356882965
49011,UT,2895,ok,acceptable (VEI within +/-10),0.8774387974953946,15.467302301337279,1.0215401802957922,-0.018486992587733946,-4.9534953487178734,0.8455638714151121,0.8835023327915703,0.8281997208159888,-0.1718001541654246,-7.889782033161667e-08,-0.03374758995478744,-0.03184545271826944,,0.184017823198426,0.14209013403774667,0.08206406749941807,0.09358442953337653,0.15551392728251337,0.20474454243855564,0.1594959079637704,0.15949579120648186,0.13163159876404046,0.1507283245476905,0.15020350390484566
49013,UT,96,skipped (fewer than 100 sales),,,,,,,,,,,,,,,,,,,,,,,,,
49021,UT,871,ok,UNACCEPTABLE progressivity,0.8296745953307703,30.953634189585664,1.0612861185998308,0.0883881501056789,39.23653089790974,0.7405230485598516,0.4212235977412756,0.8095879279144728,-0.19040178324305068,-3.1031547897224495e-07,-0.06709444146805477,-0.07638334055377682,,,0.22613994798850043,,,,,,,0.1980263710341195,,
49025,,0,no residential sales in 2025,,,,,,,,,,,,,,,,,,,,,,,,,
49027,UT,86,skipped (fewer than 100 sales),,,,,,,,,,,,,,,,,,,,,,,,,
49029,UT,80,skipped (fewer than 100 sales),,,,,,,,,,,,,,,,,,,,,,,,,
49033,,0,no residential sales in 2025,,,,,,,,,,,,,,,,,,,,,,,,,
49035,,0,no residential sales in 2025,,,,,,,,,,,,,,,,,,,,,,,,,
49039,,0,no residential sales in 2025,,,,,,,,,,,,,,,,,,,,,,,,,
49041,,0,no residential sales in 2025,,,,,,,,,,,,,,,,,,,,,,,,,
49043,,0,no residential sales in 2025,,,,,,,,,,,,,,,,,,,,,,,,,
49045,UT,1047,ok,acceptable (VEI within +/-10),0.8976499036536064,17.069208718956258,1.02895954695643,-0.005096391970264485,-9.358441149943639,0.6785512867138234,0.5743815751188209,0.6622348394530955,-0.33776495923862565,-4.767267521043037e-07,-0.05397848612686218,-0.05447996161031754,,0.19521327024297785,0.1645995791473698,0.04264845431356751,0.1434958434509057,0.20117097245162552,,0.20368987107810993,0.20368965675354755,0.15722961342700217,0.1803584918064937,0.18199321054301543
49047,,0,no residential sales in 2025,,,,,,,,,,,,,,,,,,,,,,,,,
49049,UT,6967,ok,acceptable (VEI within +/-10),0.8501646272544106,17.906272068143448,1.0219147045349468,0.01142961044799894,-2.1748219521078567,0.8680674003996434,0.9674765769148557,0.8393706006057668,-0.1606291920750345,-3.452248658463267e-08,-0.03179010215079692,-0.028214169224765273,,0.20293074004542894,0.14162409538550222,,0.07648632462549947,0.16337755769959234,0.0901164552414254,0.17746910276870279,0.17746885516025884,0.15236552407449597,0.14970140625677175,0.1457762445774265
49051,UT,626,ok,acceptable (confidence intervals overlap),0.8856023386988771,26.932546894856824,1.0509999189413668,0.021438157577013155,12.742366991638255,0.919108732480189,0.7577113791816409,0.8551864856685553,-0.14481343117660542,-3.001642928486503e-08,-0.03371654239140076,-0.02862537892570427,,,0.23587402909687777,,,,,,,0.1902228455885143,,0.23756684591620128
49053,UT,2741,ok,acceptable (VEI within +/-10),0.9124940719837749,18.752254646216198,1.0440542205753598,-0.012772757394312193,-3.064630642676854,0.8267538409418044,0.6774064063016312,0.8340870350099888,-0.16591257818635496,-1.4852615976120462e-07,-0.0484097271402637,-0.05060936280445327,,0.2123201118232806,0.1984981351727633,0.0963107428606957,0.12963894449382005,0.21360559089535577,,0.2106693640479004,0.21066916284919782,0.17119203702891894,0.20840678264999782,0.2139812781896075
49057,UT,2930,ok,acceptable (VEI significance <= 10),0.9095603986706453,15.356136092581192,1.0270359676394887,-0.04268656419065617,-12.809793983327584,0.8334623082720211,0.9218146932236676,0.8084277939505452,-0.19157214457918428,-7.66657302216316e-08,-0.03907328935309695,-0.036665259227896874,,0.1823521485053045,0.16568581297314947,0.12044120415390967,0.15068620158859222,0.17085220918407173,0.16549806488606136,0.17044570771350465,0.17044545188088273,0.15639844065523614,0.1681751395061011,0.17151610971701356
50001,,0,no residential sales in 2025,,,,,,,,,,,,,,,,,,,,,,,,,
50003,,0,no residential sales in 2025,,,,,,,,,,,,,,,,,,,,,,,,,
50005,,0,no residential sales in 2025,,,,,,,,,,,,,,,,,,,,,,,,,
50007,,0,no residential sales in 2025,,,,,,,,,,,,,,,,,,,,,,,,,
50009,,0,no residential sales in 2025,,,,,,,,,,,,,,,,,,,,,,,,,
50011,,0,no residential sales in 2025,,,,,,,,,,,,,,,,,,,,,,,,,
50013,,0,no residential sales in 2025,,,,,,,,,,,,,,,,,,,,,,,,,
50015,,0,no residential sales in 2025,,,,,,,,,,,,,,,,,,,,,,,,,
50017,,0,no residential sales in 2025,,,,,,,,,,,,,,,,,,,,,,,,,
50019,,0,no residential sales in 2025,,,,,,,,,,,,,,,,,,,,,,,,,
50021,,0,no residential sales in 2025,,,,,,,,,,,,,,,,,,,,,,,,,
50023,,0,no residential sales in 2025,,,,,,,,,,,,,,,,,,,,,,,,,
50025,,0,no residential sales in 2025,,,,,,,,,,,,,,,,,,,,,,,,,
50027,,0,no residential sales in 2025,,,,,,,,,,,,,,,,,,,,,,,,,
51001,VA,0,no residential sales in 2025,,,,,,,,,,,,,,,,,,,,,,,,,
51003,VA,1280,ok,acceptable (VEI significance <= 10),0.9393293655806128,11.183722339553544,1.0481159405112563,-0.027165994006808164,-14.044177176060519,0.9166784707325278,0.8313316005004733,0.9280653864548017,-0.07193438958906563,-9.541311269584666e-09,-0.03467770703309947,-0.038999680170531015,,0.13715152160758762,0.2020086209105583,0.14865729279061293,0.21655727247004075,0.19914198703027888,0.22711737113901245,0.1592402270064429,0.15923975782091174,0.16358359829211336,0.2045567389909687,0.23179470355987072
51005,,0,no residential sales in 2025,,,,,,,,,,,,,,,,,,,,,,,,,
51007,VA,148,ok,acceptable (VEI significance <= 10),0.6494148094895759,21.08431297110955,1.0296866937479694,-0.003801534030331068,27.42036301194197,0.9379780681078017,0.5160769945048469,0.8701913467076637,-0.12980677983837785,-2.3037080336297844e-07,-0.015895443295528056,-0.022688131054856342,,0.24465470361699876,0.16755039289882567,0.059237108398945054,,0.11112104115094126,,0.2118932715602567,0.21189265627531964,0.12293032870207969,0.10643361585292452,0.1135938783150989
51009,VA,378,ok,acceptable (VEI within +/-10),0.5555987729578795,28.02296626484894,1.0561954659214385,-0.02673011367141071,-4.067645867332868,0.9133400171368244,0.46302981779982766,0.8605400679313009,-0.13944933614503632,-2.550500320480058e-07,-0.02714888595423015,-0.022945947146643553,,,0.21425422293193572,0.15013487391136238,0.15694168618315596,0.17569037692659614,,0.24801458440846427,0.24801071175304776,0.14386187147990415,0.16407939466175062,0.13656950120955635
51011,VA,75,skipped (fewer than 100 sales),,,,,,,,,,,,,,,,,,,,,,,,,
51013,VA,1942,ok,acceptable (VEI within +/-10),0.9405232095490716,7.498631077163202,1.0236236380778585,-0.029269359009846868,-8.7416365869544,0.942652520562601,0.853012919924441,0.9470664100830457,-0.052933422793536834,-2.369623091942496e-08,-0.020253941466385816,-0.021898737903840892,,0.09283897279493952,0.1499464962048004,0.1854598154508474,0.2059520643610037,0.16012134383676624,0.2341299673817358,0.1456245943386109,0.1456243629596746,0.13281536971653415,0.16659480505837335,0.16159587679751655
51015,VA,0,no residential sales in 2025,,,,,,,,,,,,,,,,,,,,,,,,,
51017,,0,no residential sales in 2025,,,,,,,,,,,,,,,,,,,,,,,,,
51019,VA,0,no residential sales in 2025,,,,,,,,,,,,,,,,,,,,,,,,,
51021,VA,99,skipped (fewer than 100 sales),,,,,,,,,,,,,,,,,,,,,,,,,
51023,VA,385,ok,acceptable (VEI within +/-10),0.859578947368421,13.129183665384137,1.0091954734431308,-0.0014173676790435526,5.546560419371345,0.9816238836994304,0.8180868749910438,0.9730061118166395,-0.02699200371637883,-7.568740830598061e-08,-0.005051645108173464,-0.006579312788424607,,0.1579183150528843,0.07799150437951544,0.03497445035112086,,0.06268154318864612,0.22055591432007687,0.10597154380509026,0.10597737991302258,0.07452887547264819,0.060714164038376005,0.06684093580103959
51025,VA,0,no residential sales in 2025,,,,,,,,,,,,,,,,,,,,,,,,,
51027,,0,no residential sales in 2025,,,,,,,,,,,,,,,,,,,,,,,,,
51029,,0,no residential sales in 2025,,,,,,,,,,,,,,,,,,,,,,,,,
51031,VA,0,no residential sales in 2025,,,,,,,,,,,,,,,,,,,,,,,,,
51033,VA,388,ok,acceptable (VEI within +/-10),0.9559205698481464,9.20783894381644,1.0103435328826451,-0.0048532163334427175,2.9917150050739,0.9353484745310907,0.8385700056914606,0.9732913380907338,-0.026705870180332377,-1.9706438708021479e-07,-0.011934217292665306,-0.012984633471933904,,0.11436955310113327,0.0951359743130455,0.09678137565439457,,0.08164537020989326,0.14362396380776093,0.0944658161137086,0.09447951016562868,0.09680796857561584,0.08058422255312471,0.08290326936803596
51035,VA,405,ok,acceptable (confidence intervals overlap),0.8114285714285714,35.62083680058124,1.1045188210648724,-0.015228398988679994,12.529845529509764,0.8432946506890663,0.5809780632519236,0.8714652606342206,-0.12852961259582904,-5.828622746610417e-07,-0.06135282932204156,-0.07632386664070356,,,,0.16131112435477432,,,,,,0.2223750625989639,0.2471156358863983,0.24758018434307655
51036,,0,no residential sales in 2025,,,,,,,,,,,,,,,,,,,,,,,,,
51037,,0,no residential sales in 2025,,,,,,,,,,,,,,,,,,,,,,,,,
51041,VA,4321,ok,acceptable (VEI within +/-10),0.887536231884058,9.197900197488613,1.00455309805385,0.019678887307625778,3.8293378398455418,0.9785194547785921,0.826848392008262,1.0032847514652519,0.003289734884251291,-3.3106559209998514e-08,-0.005179038615700016,-0.006616066134577103,,0.11050068933993437,0.07056058337873641,,,0.0592169334698326,0.20472108513749,,,0.05321343181114215,0.058330376418734654,0.07215500245586427
51043,VA,0,no residential sales in 2025,,,,,,,,,,,,,,,,,,,,,,,,,
51045,VA,0,no residential sales in 2025,,,,,,,,,,,,,,,,,,,,,,,,,
51047,VA,519,ok,acceptable (VEI within +/-10),0.917593984962406,12.195993990720227,1.0117779141851018,0.008946195017060248,4.385606050940732,0.9204033032028195,0.8462254555884422,0.8944021497426268,-0.10559769671357523,-1.1258935319323116e-07,-0.01646336603334242,-0.01657448658468863,,0.1486633771806961,0.11565943512011947,,,0.11717987136183744,0.1647686253718975,0.13828993642242265,0.13828982296834344,0.10923725285216061,0.11448640896109752,0.11449110594926032
51049,VA,57,skipped (fewer than 100 sales),,,,,,,,,,,,,,,,,,,,,,,,,
51051,VA,0,no residential sales in 2025,,,,,,,,,,,,,,,,,,,,,,,,,
51053,VA,266,ok,acceptable (VEI within +/-10),0.8763679318570241,20.988535805628953,1.0457952702454598,-0.0660836719347035,-5.1179866745430775,0.8242551037066572,0.7000204278289991,0.769348172683075,-0.2306516585999176,-7.53891360974132e-07,-0.04035686467982913,-0.039564244363816004,,0.2281556270118482,0.20435321436592596,0.17594722358997056,0.11810720689269774,0.19627701509284123,0.24825153043327383,0.22595906705404792,0.22595883425606497,0.20290973043352012,0.1818440861440779,0.1694223756863135
51057,VA,153,ok,acceptable (VEI within +/-10),0.7657587548638133,22.61612825144179,1.098642598305588,-0.019183643232838457,7.19114030602149,0.8085066086763346,0.3986119110921973,0.8383456157461762,-0.1616513157382135,-2.2459949255785134e-07,-0.06820219690403606,-0.089607747441393,,0.24711143844162808,,0.13373044184832883,,,,,,0.17275621181000783,,
51059,VA,10902,ok,acceptable (VEI within +/-10),0.9129030041918957,6.466012671773833,1.0105718907340315,-0.02056557740543345,-4.964693498394626,0.9627076981629299,0.9744833759903743,0.9584351493624282,-0.04156472175079032,-4.816902177021775e-09,-0.011477472754706453,-0.011488947514267878,,0.07992313880232488,0.09996283873701953,0.12436395033176771,0.13615068726182394,0.10349743252571596,0.03088775023891356,0.10679159341031429,0.1067914430713875,0.09923309785092867,0.10444935505647349,0.10735226434151196
51061,VA,785,ok,acceptable (VEI within +/-10),0.7382765531062124,11.480216273533118,1.0315884512328168,-0.013266960883552378,-3.1340995319589995,0.9120549789407439,0.6005958529795005,0.9312229355638363,-0.06877647442510441,-2.1411019031806225e-08,-0.026969329925057073,-0.03162059507341475,,0.13795273728688393,0.17199457368071666,0.0886362508169275,0.08622125623147701,0.14300883195679154,,0.1262254888022625,0.1262251674174825,0.10325779172563183,0.1419675030793696,0.1808965029500211
51063,VA,150,ok,acceptable (VEI within +/-10),0.8650863672601647,23.39765911875492,1.0612167352698527,-0.036847066941509694,1.3864133980798077,0.8350878420886775,0.6573711893656412,0.8777577450386975,-0.12224066878599128,-4.920184047415012e-07,-0.05076939110049161,-0.055868965781873836,,,0.2046845779984001,0.19013477894926306,0.05453710616499833,0.211129799982595,,0.2122582885187038,0.21226098915137828,0.18143577908839492,0.20740351841813504,0.20719413863131333
51065,VA,316,ok,acceptable (VEI within +/-10),0.8952529761904762,12.4092894317371,1.0107702664691451,0.002403103051424019,4.586784564532163,0.9594214736337894,0.8191957535648612,0.9580128519126775,-0.041986847218672976,-1.0036052050212058e-07,-0.009671748184405526,-0.011315866543469166,,0.15626581491303543,0.10677108418869599,,,0.09043183844505867,0.18369194975503014,0.11762202408677495,0.11762205722412566,0.09339693152655716,0.08792813815158247,0.0978104373022678
51067,VA,800,ok,acceptable (VEI within +/-10),0.8229368681658757,18.140032699210064,1.0355396218562813,-0.010308387489485047,6.206515599467801,0.9529645720063744,0.7618229590470547,0.9552496015475566,-0.04474891001208783,-6.379919155430661e-08,-0.020628198862682856,-0.021053052050196364,,0.20634396366016622,0.17924677742956566,0.13234587242632456,,0.18842303325014798,,0.1523315543736913,0.15232090746756802,0.16147094654042574,0.17959068028237543,0.18976649516933441
51069,VA,1403,ok,acceptable (VEI within +/-10),0.9172645739910313,9.305584595731043,0.9982422755666008,0.04412540650046307,8.994150021658252,1.0273919959974604,0.9214427101220527,1.01563358137235,0.015633807960206678,2.4902005477711523e-08,0.005504463324609299,0.00516088793593894,,0.11496814000732863,,,,,0.10550884079127845,,,,,
51071,,0,no residential sales in 2025,,,,,,,,,,,,,,,,,,,,,,,,,
51073,VA,476,ok,acceptable (VEI within +/-10),0.8103495970657149,13.229383638085958,1.0213251879708471,-0.03449293475259558,-4.543651168004528,0.9244867402125776,0.8720878122403503,0.9124908067192784,-0.08750805869495763,-3.8237364900690424e-08,-0.021864880395442876,-0.01950216462017118,,0.14898020732484557,0.14235122059200697,0.1629463621507585,0.124090489201401,0.13575401609258356,0.10880319819672227,0.15425725962036163,0.15425623596803006,0.1340115801855092,0.13521251588236763,0.13418473705885695
51075,VA,290,ok,acceptable (VEI within +/-10),0.9345876923076923,9.507040469543838,1.0023381435924625,0.02395838827623147,3.0893823784844754,0.9879737531983046,0.8783070743318196,1.0149432974122938,0.014943611033669152,-6.904141889114482e-09,-0.003694093921710495,-0.007289366694004151,,0.11371397553338153,0.048907555925996764,,,0.07004975338919925,0.20165754509246941,,,0.03393757232118969,0.06555219390643544,0.07833773838264635
51077,,0,no residential sales in 2025,,,,,,,,,,,,,,,,,,,,,,,,,
51079,VA,232,ok,acceptable (VEI significance <= 10),0.8467435897435898,20.66689250127638,1.038824727024401,0.012451255354127883,15.93033048007135,0.9093334277184647,0.6051701555661936,0.9225987790268432,-0.07740006073021338,-1.5781270065590016e-07,-0.027575405019571564,-0.039147147300856666,,0.24651422614920784,0.20281535479609236,,,0.20098814706987014,,0.19906401896054512,0.1990647033012221,0.1267273179916278,0.1677321805481543,0.2081535122414951
51081,,0,no residential sales in 2025,,,,,,,,,,,,,,,,,,,,,,,,,
51083,VA,314,ok,acceptable (confidence intervals overlap),0.6687034102564102,37.9119150527088,1.073280759604773,-0.0005118379146547588,-11.445940422233729,0.9022335254781215,0.6054924814057495,0.8391961691816657,-0.1607981587134867,-6.197883395530523e-07,-0.03346552507527556,-0.028136877834646468,,,0.23174602289846608,0.030797698038879284,0.20606603802537202,0.23278524018620908,,,,0.18958151344591676,0.1909351095870864,0.18292424888144743
51085,VA,1315,ok,acceptable (VEI within +/-10),0.8735211873521187,9.862248674701787,1.0065438666670956,0.010624887629172004,6.049479210710079,0.9660863729009131,0.8236114229002213,0.9831916878963223,-0.016796636475872994,-5.738007440844751e-08,-0.007798099513570689,-0.008150039691881439,,0.12269429307214239,0.08645287072536006,,,0.07677710058032126,0.18892386179690338,0.07046039445383641,0.07043813291167371,0.07963334019008748,0.07545070988286993,0.07595921942644467
51087,VA,3425,ok,acceptable (VEI within +/-10),0.8444186046511628,10.446721254879073,1.0160806940174456,0.0019048080408563652,0.09347274247510542,0.9534081907723891,0.6837448263625056,0.9633032404412557,-0.03669625088577968,-1.7421087484870626e-08,-0.013273573928218152,-0.016301429469169015,,0.1277903752498939,0.11292496970025259,,,0.1010224944905494,,0.08870143611398783,0.08870049689092172,0.08317483935483903,0.10026200991404106,0.11259352303867698
51089,VA,0,no residential sales in 2025,,,,,,,,,,,,,,,,,,,,,,,,,
51091,VA,0,no residential sales in 2025,,,,,,,,,,,,,,,,,,,,,,,,,
51093,VA,538,ok,acceptable (VEI within +/-10),0.8754123365932176,10.112257724251027,1.0087076604375598,0.009391681339807813,-0.9567853079833643,0.9754750821250476,0.715905926118455,0.9816246364598276,-0.018374612127857272,-4.293997773102465e-08,-0.005985343774810303,-0.007733772861051591,,0.11883745932684177,0.10592817635004462,,0.030478339714078193,0.06453477073574528,,0.07010498122975505,0.07010109217457894,0.07052440886461234,0.06248543993100122,0.07916552286133405
51095,VA,1256,ok,acceptable (VEI within +/-10),0.8563864324022492,9.634688895373243,1.0175142396168682,-0.005696193369527481,-0.33692465647468595,0.9351531255942673,0.6683258671294027,0.9558314620708738,-0.04416816796518421,-2.141244647596597e-08,-0.017500961190106246,-0.020709218512967587,,0.12179580040062585,0.1127815926065445,0.07051076548695763,0.02723915854869174,0.12197284341817458,,0.09448874147782196,0.09448843325883692,0.08094035542552301,0.1219243312462925,0.1293813220633401
51097,,0,no residential sales in 2025,,,,,,,,,,,,,,,,,,,,,,,,,
51099,VA,226,ok,acceptable (confidence intervals overlap),0.7917945874001775,12.03530098184391,1.0047243529016159,0.040222278689552346,12.96055239754844,0.9691548721126679,0.7193853419226299,0.9860142259502693,-0.013984822684659264,-6.20171845965038e-08,-0.005683211757499196,-0.007488801838338777,,0.1527301792881806,0.05580130238123268,,,0.05027950776881313,0.22593212428004386,0.04375290256649291,0.04375452486781479,0.06027376027107217,0.05812690928400077,0.05239904672323519
51101,,0,no residential sales in 2025,,,,,,,,,,,,,,,,,,,,,,,,,
51103,,0,no residential sales in 2025,,,,,,,,,,,,,,,,,,,,,,,,,
51105,VA,194,ok,acceptable (confidence intervals overlap),0.7472218026503741,53.83352440740811,1.290418013173469,-0.15582727217777959,-35.08963362600548,0.7019187448987353,0.4442728352557474,0.702350114724833,-0.29764707311003735,-1.822700945553284e-06,-0.1291739575767341,-0.14358463330892768,,,,,,,,,,,,
51107,VA,4680,ok,acceptable (VEI within +/-10),0.9347632765334191,5.137779469874596,1.010381496647947,-0.01884317155834959,-4.573033119899962,0.9532007574537741,0.8399138241794939,0.9607481656052443,-0.0392517231950216,-6.384891274696544e-09,-0.012190194113884223,-0.013668285372919087,,0.0630755748309986,0.1060784238019397,0.10071999838804156,0.11350002385218537,0.096757011788784,0.18287941383168432,0.08632515269292755,0.08632489042853878,0.07945170077303225,0.09711892088940494,0.10561106308491082
51109,VA,616,ok,acceptable (VEI within +/-10),0.9249209542972119,13.026587649807086,1.0245115977257289,-0.006963133807747665,-3.9619367193393655,0.9475438890154544,0.8284370865071058,0.961738995908193,-0.03826059480163231,-5.397918953631996e-08,-0.01925411873673899,-0.02288294685869907,,0.15516570635122567,0.15773231126942547,0.1395787274563892,0.08818991980212434,0.15590886606162177,,0.14648741547602914,0.14649073776930346,0.14872734196923623,0.15592273098549433,0.18026569040506144
51111,VA,118,ok,acceptable (confidence intervals overlap),0.6676757193103846,36.34996943847749,1.1945064631897908,-0.06131408800583189,-19.563879024921338,0.7401882248967038,0.30692865496106136,0.7542438985797238,-0.2457419130737268,-6.27386977506002e-07,-0.1126252658522211,-0.1363954956442437,,,,0.23831482163567172,0.2326453761634426,,,,,0.18479071612353126,,
51113,VA,135,ok,acceptable (VEI within +/-10),0.910355486862442,15.340173185125238,1.0179615164614946,0.02310784384612206,7.305237945198376,0.9181234242467621,0.7195695690905869,0.9154216545322997,-0.08457795100033026,-1.832015429342439e-07,-0.018415581901695566,-0.022035477978302298,,0.19175772096275825,0.15183503663564074,,,0.11730469031257587,0.22119766698758006,0.12431860676764653,0.12431827460202118,0.11815418217620152,0.1145178467309934,0.1456541293315255
51115,VA,0,no residential sales in 2025,,,,,,,,,,,,,,,,,,,,,,,,,
51117,,0,no residential sales in 2025,,,,,,,,,,,,,,,,,,,,,,,,,
51119,,0,no residential sales in 2025,,,,,,,,,,,,,,,,,,,,,,,,,
51121,VA,868,ok,acceptable (VEI within +/-10),0.7841477034761971,13.509064406145216,1.0020613024418572,0.026813425640918882,7.8299919725395695,1.0070255567977777,0.7091137672912009,1.0002340665175224,0.0002353828391487388,-1.0066938846956989e-08,0.0020209833624380558,0.0009361782845673794,,0.16511182360386087,0.051780122603976325,,,,,0.004390307467253897,0.004415200663488456,0.05074232121805511,,
51125,VA,414,ok,acceptable (VEI within +/-10),0.669104938271605,25.855640373643798,1.0206052287518932,0.008720746864347474,9.09051242459333,0.9983147683724982,0.6239041814478294,0.968130358427173,-0.03186625801401887,-4.6882138343068553e-08,-0.0007428637425559437,-0.0041642494295877075,,,0.14893004634926074,,,0.020679687334931633,,0.20600728981097344,0.20604443693488086,0.09472810992972373,0.019642223258867695,0.04799608127845177
51127,VA,288,ok,acceptable (VEI within +/-10),0.9263224516988674,9.629278536791729,1.0048183306359533,0.005011836934434423,7.786122702383326,0.9823610564112255,0.9086765801934873,0.9498282030890647,-0.05017171820095111,-7.22139367276342e-08,-0.0033762035065598717,-0.0033756996750977653,,0.11651392638934713,0.07879038374002556,,,0.05512261187610588,0.12670695334975784,0.08470934908332696,0.08470929375282825,0.07672392634539846,0.052713044677624,0.05162474084612313
51131,,0,no residential sales in 2025,,,,,,,,,,,,,,,,,,,,,,,,,
51133,VA,96,skipped (fewer than 100 sales),,,,,,,,,,,,,,,,,,,,,,,,,
51135,VA,33,skipped (fewer than 100 sales),,,,,,,,,,,,,,,,,,,,,,,,,
51137,VA,608,ok,acceptable (VEI significance <= 10),0.5697129379836195,28.255573824560393,1.0256917291586294,0.14018601053414223,28.449012536559568,0.8544577647890174,0.5384212170383816,0.7517333242267528,-0.24826255883240783,-9.202456472952673e-08,-0.03551245011166393,-0.029667727952221057,,,0.14925422320883036,,,0.24462807295630903,,,,0.12009253859305052,0.1970059881797027,0.1604288425568295
51139,VA,110,ok,acceptable (VEI within +/-10),0.6073346774193549,21.09874830993445,1.0469920475513999,-0.07841607372386203,5.328377527602279,0.8333886647076807,0.43077408290490005,0.7797273237104405,-0.22027096026741042,-4.3469783367954666e-07,-0.03819378144176233,-0.03994704387689918,,0.23101547465081598,0.2071269661537639,0.2258712304000901,,0.18501309066378344,,0.23292813320305028,0.23292954237684757,0.12339299919477545,0.1700294370520019,0.15828034956523088
51141,VA,189,ok,acceptable (confidence intervals overlap),0.48602620087336246,44.80955985506018,1.2062063704710684,-0.14846315950990707,-21.144290136282947,0.733994834209887,0.2753767745039307,0.690528328571298,-0.30946544016265637,-5.94814291796439e-07,-0.10081355628841604,-0.10403443808450463,,,,,,,,,,0.15747940119024578,,
51143,,0,no residential sales in 2025,,,,,,,,,,,,,,,,,,,,,,,,,
51145,VA,197,ok,acceptable (VEI within +/-10),0.843404255319149,11.321876149528588,1.0124158881189922,-0.01029814668015189,0.7046794181649025,0.9472814642167269,0.7905386158659821,0.9433540747710851,-0.05664556922376968,-8.66304670488493e-08,-0.013103626137478175,-0.013733065493186425,,0.1431990735725356,0.11579837918563428,0.10577280686385995,0.01405787737028058,0.11138826855220843,0.20967159244122305,0.11572601007789433,0.11572543082488455,0.08285078270403867,0.10801749523758383,0.11425439214489126
51147,,0,no residential sales in 2025,,,,,,,,,,,,,,,,,,,,,,,,,
51149,,0,no residential sales in 2025,,,,,,,,,,,,,,,,,,,,,,,,,
51153,VA,3941,ok,acceptable (VEI within +/-10),0.9070967741935484,6.0739600173898785,1.005452990320378,-0.012281486495867645,-1.3321845634228815,0.9605347475652667,0.8542726833449935,0.9568492580717491,-0.04315056842853165,-5.09841790171438e-08,-0.007765716320549121,-0.008014945179639854,,0.07440337153947285,0.07305772058528764,0.06864918757976175,0.048676713366974655,0.06985833928262153,0.14057055333364177,0.07298056225772984,0.07298044004633625,0.06611344294908109,0.06968893503954997,0.07010300994154275
51155,VA,0,no residential sales in 2025,,,,,,,,,,,,,,,,,,,,,,,,,
51157,VA,121,ok,acceptable (confidence intervals overlap),0.7279411764705882,41.13745843468888,1.1220499622725055,-0.01159856830285415,-11.213258511036297,0.8750587133858333,0.4837836965788858,0.9062295352994838,-0.09375964027737044,-1.3614687863826806e-07,-0.0574782318562177,-0.08150533140447958,,,,0.18476585293098,0.2330701711420791,,,,,0.19084084589071937,,
51159,,0,no residential sales in 2025,,,,,,,,,,,,,,,,,,,,,,,,,
51161,VA,0,no residential sales in 2025,,,,,,,,,,,,,,,,,,,,,,,,,
51163,VA,280,ok,acceptable (VEI within +/-10),0.7824090909090909,20.686593629331433,1.0505554154945842,0.0035528153074670006,6.4036752447745275,0.9239573215466405,0.6047586488360371,0.9611210207807865,-0.03887652771424289,-8.876600276507422e-08,-0.03161629064147364,-0.04500038530736683,,0.22991657710510657,0.20282518393163534,,,0.2119669214046627,,0.15786784082312594,0.15785755594585926,0.1581235157948199,0.21312607347330054,0.23146015334682776
51165,VA,715,ok,acceptable (VEI within +/-10),0.729784,15.879288137012072,1.0129286115084284,0.03002998258380629,8.99574096150048,0.9286715020544885,0.6513466300140062,0.9601969454926328,-0.03980040094275573,-1.2073999392042418e-07,-0.016672648411325985,-0.0185487300800824,,0.18694544880752562,0.10059770065777006,,,0.11582097864319066,,0.09589367328203129,0.09589246203002144,0.09002435421263526,0.10693945430910953,0.11545608963312823
51167,VA,257,ok,UNACCEPTABLE regressivity,0.797037037037037,50.488560944578815,1.3755104780665923,-0.2387602387126226,-48.941476477733886,0.7233627899845633,0.444086765599717,0.6715594442262574,-0.32844430855600865,-1.6393379463401942e-06,-0.12746279447960251,-0.1499570369970753,,,,,,,,,,,,
51169,VA,191,ok,UNACCEPTABLE regressivity,0.5723076923076923,41.9936929554188,1.184376145946956,-0.12477158487589608,-37.76533083632937,0.7198060056292048,0.4481937197729477,0.6979443069842349,-0.30204798463160265,-5.116084224934097e-07,-0.10937747549399601,-0.10701649486182396,,,,,,,,,,0.21760396589608305,,
51171,VA,620,ok,acceptable (VEI within +/-10),0.6932180036742193,17.72258135099052,1.0104708400363511,0.041712081257560145,7.356104194894602,0.9611231681924155,0.6771676763821224,0.9624571354990338,-0.03753989768677364,-4.815662917646578e-08,-0.01037083641895653,-0.008956232204629044,,0.19962688805790935,0.10673926826145015,,,0.10940644919633226,,0.10477774274508397,0.10477093965062953,0.08520498097903693,0.10639472596368851,0.10246370750680203
51173,VA,313,ok,acceptable (confidence intervals overlap),0.8136690647482014,39.21885274284739,1.17561591172078,-0.09051009113417437,-15.519625376749055,0.7717452663766846,0.5265302689204086,0.7509628257293808,-0.24903473652576752,-1.5434598471841973e-06,-0.08994527780803296,-0.10383594132872287,,,,,0.248930534282121,,,,,,,
51175,,0,no residential sales in 2025,,,,,,,,,,,,,,,,,,,,,,,,,
51177,VA,0,no residential sales in 2025,,,,,,,,,,,,,,,,,,,,,,,,,
51179,VA,1786,ok,acceptable (VEI within +/-10),0.8229926875507809,7.69423985858378,0.9994190207558759,0.04223697547389563,7.993356435717332,1.0181525891763417,0.8086999070283891,1.0135198581603084,0.013520332243538678,8.815608685434179e-09,0.0030065592785939455,0.0029494026552125963,,0.09584991889448657,,,,,0.1527263163857384,,,,,
51181,VA,69,skipped (fewer than 100 sales),,,,,,,,,,,,,,,,,,,,,,,,,
51183,,0,no residential sales in 2025,,,,,,,,,,,,,,,,,,,,,,,,,
51185,,0,no residential sales in 2025,,,,,,,,,,,,,,,,,,,,,,,,,
51187,VA,528,ok,acceptable (VEI within +/-10),0.9702021054749939,12.427862222917872,1.0077163870668866,0.0018079993212097069,-5.364625047121584,0.965504180420985,0.978600629075629,0.947621680789896,-0.05237857794768405,-6.099040338354135e-08,-0.007862205979762837,-0.0065831853217999114,,0.14584975374406506,0.09631580392685815,,0.11208119064543895,0.08536797679161696,0.12967150168902816,0.1100875032436707,0.11008840597906006,0.09490528792930947,0.08290588187127292,0.07664168545453182
51191,VA,620,ok,acceptable (VEI within +/-10),0.8487251512532412,26.191740854366518,1.0903019443867117,-0.0030983132766061044,1.6745083563507028,0.8459526219872433,0.44806837243510644,0.8719436252094275,-0.12805346978589863,-2.147855816121467e-07,-0.059679083758683804,-0.07554860795882079,,,0.24535843142881708,0.06113645239935761,0.15908386692899792,,,,,0.1841896392527212,,
51193,,0,no residential sales in 2025,,,,,,,,,,,,,,,,,,,,,,,,,
51195,,0,no residential sales in 2025,,,,,,,,,,,,,,,,,,,,,,,,,
51197,,0,no residential sales in 2025,,,,,,,,,,,,,,,,,,,,,,,,,
51199,VA,0,no residential sales in 2025,,,,,,,,,,,,,,,,,,,,,,,,,
51510,,0,no residential sales in 2025,,,,,,,,,,,,,,,,,,,,,,,,,
51520,VA,258,ok,acceptable (VEI within +/-10),0.905414237767179,17.47328445887333,1.052260718429905,-0.036853773029216476,-0.7342962585117777,0.8486878258678558,0.528323626216269,0.8897487368401705,-0.11024953244496961,-3.3630693808831513e-07,-0.04315185362166307,-0.04884343705253458,,0.19948802404287466,0.2027590805615842,0.1692870801057793,0.03515075732667178,0.22965077567052203,,0.21164721226954164,0.21164518324063913,0.1288545168012586,0.2245493512204959,0.20308546666636443
51530,VA,77,skipped (fewer than 100 sales),,,,,,,,,,,,,,,,,,,,,,,,,
51540,VA,344,ok,acceptable (VEI within +/-10),0.9551185719189839,9.840095954054016,1.0077997869860928,-0.00016518691738159398,0.23607796858052604,0.944985445814453,0.9044792923407599,0.9409842670831533,-0.05901563223807321,-1.0467399236015425e-07,-0.01162584552555912,-0.011274718542835016,,0.11768526317340042,0.1168980766333751,0.0012641541924823048,0.0192116288581509,0.11407725182127618,0.10706471651408812,0.1044781826594724,0.10447830646744256,0.11096104358943251,0.1128588018465523,0.1059957127724736
51550,VA,3054,ok,acceptable (VEI within +/-10),0.9328161312371839,5.409290948545701,1.0086757013001928,-0.008057587350997979,-2.7926434140118084,0.9654998184581981,0.8249643286053494,0.9726541859409178,-0.02734564707241945,-3.527887625037758e-09,-0.008434450323205889,-0.009640146366117985,,0.0676744398834796,0.08510861166445348,0.06005547431017853,0.06828269621585129,0.08283039236376788,0.2099105459474493,0.061407010863851884,0.06140661133581879,0.08521842152026822,0.08317696730434511,0.0876183220505539
51570,VA,0,no residential sales in 2025,,,,,,,,,,,,,,,,,,,,,,,,,
51580,,0,no residential sales in 2025,,,,,,,,,,,,,,,,,,,,,,,,,
51590,,0,no residential sales in 2025,,,,,,,,,,,,,,,,,,,,,,,,,
51600,VA,239,ok,acceptable (VEI within +/-10),0.9128681777323571,6.27124916063124,1.0067084817347682,-0.009830779029235251,0.010370468838846821,0.9622734159392924,0.8607595916014616,0.9729506219111212,-0.02704919142624368,-4.360187493161266e-08,-0.008922974736657041,-0.010528144836260855,,0.07519334926063113,0.09675652744360395,0.04811819178273219,0.00040614108716590736,0.07539791356482813,0.14595322482319603,0.07540100300854737,0.07540133340184156,0.08111281601224367,0.07555072295335473,0.07287444837023409
51610,VA,180,ok,acceptable (VEI significance <= 10),0.8959770114942529,8.893924446554504,1.0212441577375424,-0.035977158350336255,-11.126581229027842,0.9089473467508878,0.7938126604897279,0.9258980349355479,-0.07410179130626071,-7.310415826351398e-08,-0.025199669714901507,-0.02824351626010202,,0.10622107133993627,0.12404128545211739,0.19067406367453466,0.1558691475255093,0.14422168094402749,0.1939823477259394,0.1443644910427897,0.14436417081833383,0.13486266670169184,0.14480455309263437,0.1482948716411372
51620,VA,138,ok,acceptable (confidence intervals overlap),0.804595450049456,27.42320403561854,1.0525863729470253,0.028159681076779176,18.420969905456893,0.927998976860661,0.464910705043858,0.7876807307088957,-0.21231819451165254,-5.07722981845804e-07,-0.01929340296248072,-0.023741182290896612,,,0.18051125605162668,,,0.17824425366833313,,,,0.17868527948897395,0.154506079511884,0.1481017042717441
51630,VA,253,ok,acceptable (VEI within +/-10),0.888258064516129,9.398512424271997,1.0179189951585312,-0.0035518365247919352,3.4401335841066847,0.960760370681219,0.8224258329700199,0.9739465682264469,-0.026052862761475108,-6.706145418191622e-09,-0.014261201595189732,-0.015893355156405997,,0.1098521049182187,0.10293578922403204,0.07449036167024538,,0.12856208359826976,,0.09317449231537174,0.09317356282405469,0.10352574626802546,0.12863564867693655,0.201326571881498
51650,VA,1734,ok,acceptable (VEI within +/-10),0.9517902097902098,9.893572754172137,1.0491186897426754,-0.019025590547480407,-6.372246884457506,0.8753062491305286,0.6445329307489371,0.9273235880050809,-0.07267011510937207,-5.565093956576553e-09,-0.037377565707925164,-0.04209790403456837,,0.11862749922285687,0.2181612529384251,0.09531193215914728,0.12888612637762473,0.17449091067805855,,0.1119168845168611,0.11191631602164723,0.16404012732451728,0.17640737256984834,0.19838431473159215
51660,VA,185,ok,acceptable (VEI within +/-10),0.8663829787234043,8.766620028245534,1.0127265457767647,-0.021655473529689207,-2.6173469591487883,0.9088918881257824,0.7590213828588792,0.9204201654336286,-0.0795793036693691,-1.824491110433383e-07,-0.019229391858341938,-0.02051467468752244,,0.1091679074029796,0.113974294654875,0.09174620422103504,0.08240447493067896,0.10991822652523484,0.20226229256490685,0.08906760051961479,0.08906742066337568,0.08492389231631396,0.10969113362424715,0.13944642182677666
51670,VA,345,ok,acceptable (confidence intervals overlap),0.8014814814814815,23.687625491825365,0.9995110370782964,0.023811197751101926,11.02073814181024,0.9605365263188093,1.0036185345673376,0.928692077346787,-0.07129471784550041,2.1997537558845895e-10,-0.013719521824902658,-0.0012887470070743756,,0.2414793996238428,0.005880998660232125,,,0.10375883059363439,0.026357044333289406,0.18452515255661503,0.1845203569647306,0.005478880149164497,0.10545721517179363,0.025719164664681445
51678,,0,no residential sales in 2025,,,,,,,,,,,,,,,,,,,,,,,,,
51680,VA,1106,ok,acceptable (VEI within +/-10),0.9346608231707317,9.460257897163569,1.0091079383804695,0.0006668523828435578,-2.0599698699221656,0.9799158598968263,0.8368426133743804,0.9797372173485321,-0.02026205986157416,-6.490775537960987e-08,-0.0059111248323719945,-0.007181261378508941,,0.11532124326818144,0.09449670481848234,,0.08999457798406701,0.07415547310014362,0.2254428589888972,0.08122263722831824,0.08122076020713868,0.08342057787551181,0.07350368986433269,0.08017674410396122
51683,VA,211,ok,acceptable (VEI within +/-10),0.9238888888888889,6.419125384303084,1.0046389071507487,-0.01334457549982389,1.1928939093560411,0.9633835025660183,0.8894559777300393,0.9501140312693399,-0.04988586688386431,-6.854084484698359e-08,-0.006385975909197761,-0.006370756219926221,,0.07672225230447298,0.07065585735675269,0.06453788583230165,,0.061107489544595904,0.11545280070911323,0.07104102365728959,0.07104084720241835,0.057488991688275815,0.06315612945252101,0.06976684393945685
51685,VA,140,ok,acceptable (VEI within +/-10),0.9228518143304476,4.811558316157939,1.0021473073358416,-0.0012564985672877868,-1.3473231042521487,0.9742857210149419,0.8870116682756422,0.9728911830122241,-0.0271086210145169,-5.2160573556257924e-08,-0.003990795689872373,-0.004186384597422377,,0.06408269816258302,0.05672435115652532,0.014438058922995928,0.05606985859853236,0.0555902118251064,0.10691212635180822,0.04711047938870268,0.047110336224129294,0.05007097658284634,0.05547127956116206,0.058383240966486796
51690,VA,227,ok,UNACCEPTABLE regressivity,0.9104166666666667,29.289145669266045,1.1555389085624805,-0.17557612466675976,-32.90710419596121,0.7676924577264861,0.5593355341991714,0.7013651988422566,-0.29863542725245396,-1.3869051898402458e-06,-0.0872758226498156,-0.0923434037585169,,,,,,,,,,,,
51700,VA,1814,ok,acceptable (VEI within +/-10),0.9657623446528932,8.167824301760982,1.0105252434735608,-0.023547498481047428,-3.1718196768750655,0.9488336899463866,0.9414397198684749,0.9375736265157084,-0.062426410634077494,-2.0124553146992555e-08,-0.011973744921807361,-0.01129907590517143,,0.1012410872244685,0.1048176891056245,0.09172154856155086,0.11555917189807151,0.08563428496298185,0.1622329837889465,0.09828054476713577,0.09828053907769424,0.09295685265995045,0.0852491872618495,0.08315256109590366
51710,VA,2867,ok,acceptable (VEI within +/-10),0.948936170212766,9.513911749207601,1.016303007537758,-0.01327952413578746,-5.755129773066996,0.94830592466576,0.7213410963313118,0.9432355709272152,-0.056764389331630784,-3.248867188141928e-08,-0.01372399394493895,-0.014699715281726533,,0.11487068231200599,0.1264969112020413,0.08603782529035758,0.11990779380799037,0.10544522748460577,,0.10384250606824305,0.10384242287260373,0.09722960562488328,0.10515448638066624,0.109738358841988
51720,,0,no residential sales in 2025,,,,,,,,,,,,,,,,,,,,,,,,,
51730,VA,321,ok,acceptable (VEI within +/-10),0.800655737704918,16.69350715297567,1.0176071204209791,0.006726098018523664,1.7925468265556455,0.913908668524901,0.7480683572733718,0.9380149278073456,-0.061983158300926065,-2.3368003086094564e-07,-0.021065884516382694,-0.021911809193332132,,0.19384205909093005,0.13732603519832914,,,0.1346206750772128,0.2300741068661902,0.12262996691071447,0.12262704145086864,0.09879135286200505,0.1298722792033282,0.1189557238762184
51735,VA,186,ok,acceptable (VEI within +/-10),0.9449416068664697,6.085255869022303,1.000489480660325,0.0075659594528174196,1.3642302645203852,1.0036918348163504,0.9421487881226819,0.990764867158391,-0.009235018390187021,-6.9844901101127865e-09,0.0007541332661107347,0.0016473095775990654,,0.0736853830017808,0.039775533181564064,,,,0.08447622216909216,0.03306717468151947,0.03306655108539824,0.013960359203219494,,
51740,VA,1615,ok,acceptable (VEI within +/-10),0.9328131252501001,9.541607679849514,1.0097696404714882,-0.01283300956406872,-4.457552445657794,0.9260520272217648,0.8747732375508585,0.9434923165797504,-0.056506006138780734,-2.782008938365436e-07,-0.013509105390030474,-0.01291028523147042,,0.11905289570618927,0.09964772711470839,0.08510234724974389,0.09603447774516077,0.08971013588703834,0.12157545006957886,0.09861933568267861,0.09861791371594858,0.09499541687530885,0.08803636778521311,0.08408217593947473
51750,VA,0,no residential sales in 2025,,,,,,,,,,,,,,,,,,,,,,,,,
51760,VA,2529,ok,acceptable (VEI significance <= 10),0.841726618705036,15.72008948402469,1.0343759864669138,-0.012979353100081935,-11.889636558845886,0.9430501401681273,0.787998509024027,0.9341486578076803,-0.06585093468035855,-9.50406479776041e-09,-0.023094125391818876,-0.025602717566790778,,0.18435587513444013,0.15580095892108456,0.11380580556405863,0.18799343839881993,0.15966163609309017,,0.15822286273494068,0.15822080694189045,0.14476013726518602,0.15828104071389468,0.21637469689854466
51770,VA,1379,ok,acceptable (VEI significance <= 10),0.8623076923076923,17.82273015630701,1.034784382603733,-0.030868669776102493,-11.533318960534787,0.9176983816308476,0.778227344776687,0.8978626755726309,-0.10213690141773321,-2.087994773608537e-07,-0.02641552440593009,-0.024871526678244882,,0.2013248692384901,0.1660317776372915,0.1524325168231324,0.19967499313727843,0.161237019989451,,0.17938137574118865,0.17938023019167118,0.1543036699038742,0.15910104544514175,0.15622175479157824
51775,VA,320,ok,acceptable (VEI within +/-10),0.7997119659257288,12.19972857815783,1.0453425110041739,-0.027226498889750338,1.1665740442502268,0.8876476705377889,0.5594626280842505,0.9125017276766082,-0.08749762068901483,-3.9275286856541916e-08,-0.035366899946219776,-0.0400280263984909,,0.14854730478071923,0.16312892003157137,0.09258880244203231,0.06273182763886367,0.18930661128536283,,0.13524046023791803,0.13523956939232726,0.10134636677449681,0.18780629919734176,0.16478092233631134
51790,VA,407,ok,acceptable (VEI within +/-10),0.9018840579710145,13.284824047991972,0.9887140117582351,0.021583691566976478,1.1936196630625149,1.0319832506619837,1.1054439524157995,0.9706023561097015,-0.02939727202058923,3.558547122047469e-08,0.008783483825095972,0.015308829051310258,,0.1557233184254145,,,,,0.16446170441575225,0.08973485237441736,0.08973420515509492,,,
51800,,0,no residential sales in 2025,,,,,,,,,,,,,,,,,,,,,,,,,
51810,VA,5097,ok,acceptable (VEI within +/-10),0.8803593303389139,8.540645327173277,1.0167350524509104,-0.01782735094628449,-4.974537841420331,0.9503637726570664,0.7952845882404692,0.9511518105499069,-0.04884792452331108,-4.974484618303985e-08,-0.015496298752746052,-0.017142398197453446,,0.10597614880157724,0.11995109069812285,0.11086707058945891,0.11459513132079384,0.1177252740095386,,0.11141359474768088,0.11141331814699132,0.10370275514278797,0.11787789545129426,0.1359415572300047
51820,VA,334,ok,acceptable (VEI within +/-10),0.9096148778757474,10.066132471223188,1.0190994198468641,-0.02068901873373295,-0.6510136669648988,0.9284163350220777,0.7816425065130206,0.9239450145935184,-0.07605481397486291,-4.534142038316294e-08,-0.017818234700407,-0.018418521715807712,,0.1196304334973447,0.16098739804386797,0.0981580060874446,0.027500387234357503,0.11631221980375556,0.1471203163048691,0.1261777801704283,0.12617793472126507,0.11362949702620975,0.11605131436275336,0.11977275927852299
51830,,0,no residential sales in 2025,,,,,,,,,,,,,,,,,,,,,,,,,
51840,VA,314,ok,acceptable (VEI within +/-10),0.944019628760401,14.302333413045764,1.0057393110920196,0.01635767213153803,7.240102867746493,0.9959877248608081,0.9870915581087957,0.9259708673154973,-0.07402930943324276,-6.529979288166772e-08,-0.0008954799883524878,0.0030483601981370345,,0.1741289458320642,0.06692897397318132,,,0.038215968807008026,0.10822991497167361,0.11887260838958189,0.11887266135179392,0.07619642999259543,0.03846611372275907,
53001,,0,no residential sales in 2025,,,,,,,,,,,,,,,,,,,,,,,,,
53003,WA,320,ok,UNACCEPTABLE progressivity,0.6330395530949174,32.99805183296815,1.0237111616899481,0.15409416538530887,50.39481762833291,0.9407042455440179,0.4418936346259421,0.9366094627722686,-0.06337811211513747,-1.2344398379053833e-07,-0.016632516628026783,-0.02883917099710631,,,0.16917031358954177,,,0.1608721334194857,,0.19593728402830018,0.19593100321871565,0.0959999672819659,0.1631266432345363,0.15059779597187778
53005,,0,no residential sales in 2025,,,,,,,,,,,,,,,,,,,,,,,,,
53007,,0,no residential sales in 2025,,,,,,,,,,,,,,,,,,,,,,,,,
53009,WA,1080,ok,acceptable (VEI within +/-10),0.8425256241194703,14.528984690811505,1.0137784536862395,0.024278476286849808,5.372427925811364,0.9635354566883713,0.6520458002751671,0.9700879690669346,-0.029911328226447095,-5.960998061672543e-08,-0.009246224643438605,-0.012703449908996634,,0.17343128113053285,0.11136592815205218,,,0.09894404837203878,,0.09671791083710057,0.09671858453026284,0.09682131927343812,0.09764827511306928,0.09598968974454108
53011,WA,5576,ok,acceptable (VEI within +/-10),0.9096845259911446,10.111184450916774,1.0154670213468917,-0.03122943643434248,-7.897223554868322,0.9103027847667671,0.9878791796471421,0.8996287220479534,-0.10037109542158357,-1.5527013365224022e-08,-0.02185909619007753,-0.022159383787948572,,0.12248984731601578,0.11513833923527872,0.11426157640364498,0.125297555495216,0.12560123416157012,0.10387436794278508,0.12851445115272248,0.12851417085811354,0.12172136156008755,0.12566029307271528,0.1284502058043002
53013,,0,no residential sales in 2025,,,,,,,,,,,,,,,,,,,,,,,,,
53015,,0,no residential sales in 2025,,,,,,,,,,,,,,,,,,,,,,,,,
53017,WA,451,ok,UNACCEPTABLE progressivity,0.8458333333333333,14.225215875050804,1.0055738290288518,0.028889814801660595,18.462224972216827,0.9945071277386935,0.7422680103384101,1.005001279543206,0.005002215690818697,-2.7051659845063404e-08,-0.001438680517040769,-0.005691356780609835,,0.15926559632644857,0.08109008246261766,,,0.0452396971829413,,,,0.06923922466957681,0.04629899026956107,0.08521314090529122
53019,,0,no residential sales in 2025,,,,,,,,,,,,,,,,,,,,,,,,,
53021,WA,665,ok,acceptable (VEI within +/-10),0.9470167064439141,7.6874180031537565,1.0050103307415432,0.009731527367192553,0.11191578609209692,0.9623684499811073,0.8759712821970325,0.9706515431136812,-0.029348194979186434,-7.5843188286604e-08,-0.006926377516304871,-0.008245181209752372,,0.0933685098861798,0.07504853306010453,,0.007441127942072463,0.06389920069794855,0.12178139804428906,0.06065823489484269,0.060658121061257196,0.06912930688915164,0.06312112954495684,0.0730309632587479
53023,,0,no residential sales in 2025,,,,,,,,,,,,,,,,,,,,,,,,,
53025,WA,1175,ok,UNACCEPTABLE progressivity,0.6935698113207547,38.55345577860642,1.0611382475144486,0.12981032433756828,31.728888018441513,0.8550458098835279,0.3380007854454051,0.8279144286644934,-0.17208127071718354,-1.4025579209083803e-07,-0.048683601109335006,-0.06142968143017824,,,0.2311673773814705,,,,,,,0.13557353208496786,,0.2481702881453022
53027,WA,1126,ok,acceptable (VEI within +/-10),0.8778662894328432,19.505439618099587,1.018729633145875,0.00854210341479302,-2.881954564935446,0.9677772345769862,0.8294492399223669,0.959107050739557,-0.04089260446854592,-9.766473138312704e-08,-0.010363929325890142,-0.010996172229710721,,0.21116124948573517,0.13438583343752794,,0.10076007748987974,0.12009368612551745,0.24749139315233934,0.1442064589677766,0.14420648770472314,0.12523228808287987,0.11758649234516105,0.11614327306887721
53029,WA,1265,ok,acceptable (VEI significance <= 10),0.9149666666666667,9.812158037884329,1.0246447109839492,-0.04487204419276194,-11.632013656495431,0.8840825358362702,0.7555780880244675,0.9008542690054194,-0.09914550420232345,-1.1618038481517088e-07,-0.029738402546480414,-0.03280991542317713,,0.12279052839990448,0.1535138282505929,0.1463818175394139,0.178609489485933,0.15130052004830222,0.23832132306587026,0.13674171490941156,0.13674145575214228,0.13174588465659803,0.15324802565205473,0.16322061515996428
53031,,0,no residential sales in 2025,,,,,,,,,,,,,,,,,,,,,,,,,
53033,,0,no residential sales in 2025,,,,,,,,,,,,,,,,,,,,,,,,,
53035,WA,2915,ok,acceptable (VEI within +/-10),0.848843137254902,11.783975970224326,1.0167227225361235,0.0026716475358189856,1.5074594851453837,0.9490216405758024,0.7462541815893539,0.9545897388152,-0.045409895097425226,-4.117464909862085e-08,-0.015030136010347306,-0.018026849364092712,,0.137644136731615,0.12381046278986166,,,0.11622704965718916,,0.10703455297907144,0.1070338832473891,0.10210590107224708,0.11523417749645196,0.13325874326417556
53037,WA,667,ok,acceptable (VEI within +/-10),0.8765942028985507,12.451860434484193,1.0133796143449214,0.0015901465279140783,7.9314726287710915,0.9695043899172671,0.8220517081485044,0.9670348488900403,-0.0329648359930868,-2.4453563576873425e-08,-0.010871323082802808,-0.011529723594055685,,0.14798450531708804,0.11391198156958074,,,0.11108829317573402,,0.1166507076528241,0.11665007573180408,0.10522261287373912,0.11198249017467056,0.11405001102681944
53039,,0,no residential sales in 2025,,,,,,,,,,,,,,,,,,,,,,,,,
53041,WA,992,ok,acceptable (VEI within +/-10),0.8606298850574713,18.290306022979276,1.0186908434670814,0.013615196983592266,6.213190711714186,0.9288247885835383,0.7589815691046872,0.9166712459213368,-0.08332842463061947,-1.8724889989334123e-07,-0.01675106873622112,-0.017953873906197293,,0.2129193272441515,0.13081209391260396,,,0.1119369707111485,0.24586840307220628,0.14822347691660104,0.148222755213859,0.1177952863800152,0.11635628308756545,0.1167329430980794
53043,,0,no residential sales in 2025,,,,,,,,,,,,,,,,,,,,,,,,,
53045,WA,1022,ok,UNACCEPTABLE progressivity,0.8148450424770848,21.475553307388086,1.0128918900154384,0.05422452930215895,27.194789422703195,0.9892599389410438,0.6156237819859708,0.9950653141820365,-0.004936142645746008,-4.984147089247863e-08,-0.0031990926255704988,-0.010526108755958274,,0.23828542491198684,0.1068118386182348,,,0.05562367574597802,,0.056111823780348444,0.056123293942802376,0.08570717779258749,0.059498484190780826,0.10323875083217333
53047,WA,421,ok,acceptable (VEI significance <= 10),0.8086958663235276,23.836992415070554,1.013905524970562,0.045440917609073574,19.3262409714925,0.9779308460161491,0.7289807737607892,0.9898261736228572,-0.01017131658857027,-4.848832012158302e-08,-0.00834467827694585,-0.012288932209765013,,0.24110514825861268,0.12506830723889334,,,0.12653654206021392,,0.08479245666478091,0.08478377665164193,0.10227410055814817,0.12178330147755756,0.11430688722584
53049,WA,801,ok,UNACCEPTABLE regressivity,1.1061946902654867,9483.255901148386,129.51358763335185,-31.140580191597785,-9541.753300441786,0.26274492620020595,0.027567546765974622,0.0697121522035635,-0.9303089767343683,-4.1117131328509095e-06,-0.5298476992105194,-0.5632537729015019,,,,,,,,,,,,
53051,,0,no residential sales in 2025,,,,,,,,,,,,,,,,,,,,,,,,,
53053,WA,8852,ok,acceptable (VEI within +/-10),0.9161105653787383,8.598192833453428,1.0113412211537853,-0.015292294241799577,-3.330958265320497,0.9420156552267644,0.964658336008569,0.9376751084835125,-0.06232440984722634,-1.1235844136849395e-08,-0.013877113471639113,-0.014272117482903468,,0.1053085850576043,0.10282479605650764,0.08268686800832345,0.08844165869803063,0.10181423889486091,0.14149048433126918,0.1000842515046937,0.10008390885832426,0.10267764725305083,0.10167023791428942,0.10504093104748748
53055,,0,no residential sales in 2025,,,,,,,,,,,,,,,,,,,,,,,,,
53057,WA,1386,ok,acceptable (VEI within +/-10),0.9227350427350427,9.660212595162719,1.0018446462242279,0.011241041154164242,3.4621247228432157,0.9970185068083458,0.900695221799121,1.00037006804072,0.0003709836281556091,-7.991866268357442e-09,-0.0007688768350093689,-0.0014801262332944098,,0.1184362089672418,0.042196625435526214,,,0.02745384743996332,0.15593553017497727,0.007803483879467298,0.007822607791892623,0.041117366726248335,0.026610938151364037,0.03623479391209127
53059,WA,128,ok,acceptable (VEI within +/-10),0.8226986080345666,15.831669439056826,1.0358242333200447,-0.057652378817966504,-2.7200341786552378,0.9075215751657739,0.7964913314666788,0.8784992584030811,-0.12150057237467543,-7.854379320853518e-08,-0.029649721447750466,-0.029014086660620553,,0.18998024244180384,0.16542324558610166,0.1572786317495952,0.11689429709633405,0.1909873598263401,0.2310823913521597,0.21520340660326423,0.21520333570279063,0.1487075157633927,0.19233115916656854,0.19113270811372451
53061,WA,7134,ok,UNACCEPTABLE regressivity,0.8739945212627185,9.672885503303716,1.0205634763953753,-0.05179965944474496,-13.407401653799452,0.8937800553145849,0.7924541608979642,0.8881906064252234,-0.11180922222961279,-5.741059746438386e-08,-0.025656801130893525,-0.026317223361318254,,0.11744490136179228,0.1342986842667132,0.15357443402021798,0.19101768433011368,0.13266370319813692,0.24270102609279262,0.13392640176605927,0.13392624744792161,0.11753334867112061,0.13329901011787493,0.13499315171680853
53063,,0,no residential sales in 2025,,,,,,,,,,,,,,,,,,,,,,,,,
53065,,0,no residential sales in 2025,,,,,,,,,,,,,,,,,,,,,,,,,
53067,,0,no residential sales in 2025,,,,,,,,,,,,,,,,,,,,,,,,,
53069,,0,no residential sales in 2025,,,,,,,,,,,,,,,,,,,,,,,,,
53071,,0,no residential sales in 2025,,,,,,,,,,,,,,,,,,,,,,,,,
53073,,0,no residential sales in 2025,,,,,,,,,,,,,,,,,,,,,,,,,
53075,,0,no residential sales in 2025,,,,,,,,,,,,,,,,,,,,,,,,,
53077,WA,1818,ok,acceptable (VEI within +/-10),0.9177570236304221,15.347659151559375,1.0223430723423563,-0.006541643860377245,-6.535798035240285,0.8928543245490471,0.7676023816318636,0.8912427002362632,-0.10875697802242346,-2.3512804388205928e-07,-0.024494519954354255,-0.026601164542617406,,0.17570183206453274,0.14535187971414068,0.0604125515733639,0.14347401316355338,0.14243101180219148,0.21111509556501656,0.14809717682493387,0.14809696039420242,0.1287825689555773,0.14022523730873293,0.1420674130402313
54001,WV,114,ok,UNACCEPTABLE regressivity,0.8487076928019532,91.36431108899926,1.6606693490949904,-0.23450614704177705,-78.78688937693977,0.5964495034398999,0.4135115086531321,0.6303041046597839,-0.3696954428817296,-3.972257876721038e-06,-0.21143686219862223,-0.24473243382436416,,,,,,,,,,,,
54003,,0,no residential sales in 2025,,,,,,,,,,,,,,,,,,,,,,,,,
54005,WV,135,ok,UNACCEPTABLE regressivity,1.04,101.01728398698589,2.219123168539377,-0.4482195586469136,-128.89549707627336,0.5505329108239245,0.2816501979006253,0.47819976033941425,-0.521809520010462,-4.986191837411174e-06,-0.2637060677854943,-0.3267978449594102,0.17936137226185997,,,,,,,,,,,
54007,,0,no residential sales in 2025,,,,,,,,,,,,,,,,,,,,,,,,,
54009,,0,no residential sales in 2025,,,,,,,,,,,,,,,,,,,,,,,,,
54011,WV,844,ok,UNACCEPTABLE regressivity,0.6844774976061283,46.68134878009383,1.5108573109331256,-0.26058359195465763,-93.65539682343197,0.6071160205468524,0.015854872284983244,0.56094489192007,-0.4390540872146339,-8.575656389795021e-08,-0.19855232332691108,-0.24879613723783,,,,,,,,,,0.0834947619645818,,
54013,WV,30,skipped (fewer than 100 sales),,,,,,,,,,,,,,,,,,,,,,,,,
54015,,0,no residential sales in 2025,,,,,,,,,,,,,,,,,,,,,,,,,
54017,WV,95,skipped (fewer than 100 sales),,,,,,,,,,,,,,,,,,,,,,,,,
54019,,0,no residential sales in 2025,,,,,,,,,,,,,,,,,,,,,,,,,
54021,WV,51,skipped (fewer than 100 sales),,,,,,,,,,,,,,,,,,,,,,,,,
54023,WV,88,skipped (fewer than 100 sales),,,,,,,,,,,,,,,,,,,,,,,,,
54025,WV,206,ok,acceptable (confidence intervals overlap),0.5768027210884354,33.04675775802967,0.9893071669031127,0.0476898685860345,10.13305379553708,1.0242691606367207,0.8418920251314628,0.9005159936144286,-0.09946938500695754,1.6978050214671426e-08,0.010067084265467097,0.03420868075760353,,,,,,,0.17603589932142627,,,,,
54027,,0,no residential sales in 2025,,,,,,,,,,,,,,,,,,,,,,,,,
54029,WV,315,ok,UNACCEPTABLE regressivity,0.5827067669172933,40.242592364397524,1.2715231881426887,-0.18779029669081268,-43.80215053763441,0.664248802789247,0.22029633106926608,0.636010799347655,-0.36398301347824324,-8.987912573664965e-07,-0.14079928259328756,-0.16281053093208975,,,,,,,,,,0.17861139043194124,,
54031,WV,176,ok,acceptable (confidence intervals overlap),0.5568706293706294,39.828559199511595,1.204799998234309,-0.16877835173788425,-46.32289926678266,0.7912510501387955,0.40651071042224773,0.693092345791934,-0.30690505670925566,-5.820805884883405e-07,-0.0903319666034661,-0.08801845864735158,,,,,,,,,,0.23297396322372496,,
54033,WV,722,ok,UNACCEPTABLE regressivity,0.7769004088121736,50.28350854647923,1.2629292608243141,-0.1774034071223011,-59.199406955816166,0.8657057822041482,0.463196554358076,0.7237433029305622,-0.2762581253560923,-7.836605182048087e-07,-0.06071143290215675,-0.058839718296543664,,,,,,,,,,,,
54035,,0,no residential sales in 2025,,,,,,,,,,,,,,,,,,,,,,,,,
54037,WV,780,ok,acceptable (VEI within +/-10),0.8063260438982982,16.32336980377232,1.0174604002396348,0.013649078171396148,3.6479709843419967,0.9296889508586139,0.6690900300237583,0.9278608064582781,-0.0721372874066929,-1.7559285343193042e-07,-0.016302523169017258,-0.019653630468834615,,0.19590247472985328,0.12068966385786242,,,0.11782931987422078,,0.12853859757089586,0.12853690948120505,0.1085828265584948,0.11163708722986329,0.123458075939319
54039,,0,no residential sales in 2025,,,,,,,,,,,,,,,,,,,,,,,,,
54041,WV,175,ok,UNACCEPTABLE regressivity,0.9114285714285715,150.89798068334025,2.5007272800781064,-0.5115317965833773,-139.4978936794029,0.5548079694717962,0.44880041774709833,0.41050334356951595,-0.5894940492472569,-6.2470206610747184e-06,-0.25484884976617095,-0.25241888943683066,,,,,,,,,,,,
54043,,0,no residential sales in 2025,,,,,,,,,,,,,,,,,,,,,,,,,
54045,WV,242,ok,UNACCEPTABLE regressivity,0.6541406023577332,74.14853514956134,1.4792131932348926,-0.32488138759791285,-72.7672305134925,0.6815564322455816,0.42466955596126227,0.5070743773635733,-0.4929370936359249,-2.7678304567148267e-06,-0.1469005763415825,-0.14164450851868682,,,,,,,,,,,,
54047,WV,95,skipped (fewer than 100 sales),,,,,,,,,,,,,,,,,,,,,,,,,
54049,WV,1126,ok,UNACCEPTABLE regressivity,1.1378187656191998,213.3823619652304,2.944093455973888,-0.8575235451349406,-198.35711210266578,0.3649052828756637,0.36139887596726017,0.3097545958849909,-0.6902420620034033,-1.4328856944137144e-05,-0.3440570969032759,-0.34722673879540245,,,,,,,,,,,,
54051,WV,316,ok,UNACCEPTABLE regressivity,0.7348666970962443,68.58795430238654,1.41601046048062,-0.284848293849369,-87.38920640911483,0.6237442665591165,0.42684295782064824,0.5542561454431602,-0.44573925719133417,-3.7153169679955416e-06,-0.15162595495996123,-0.16026248507386853,,,,,,,,,,,,
54053,,0,no residential sales in 2025,,,,,,,,,,,,,,,,,,,,,,,,,
54055,WV,289,ok,acceptable (VEI within +/-10),0.71,30.62662034787157,1.1424224090653214,-0.03947377109762921,-7.829544238642583,0.7771239170543828,0.2230075962714212,0.7421192159374792,-0.25787152559075427,-4.4630289623491113e-07,-0.08640973402478913,-0.10617750150136551,,,,0.22425673358532328,0.202297080389839,,,,,0.17167570503507928,,
54057,WV,183,ok,acceptable (confidence intervals overlap),0.5276908923643054,55.89135518421536,1.225317287533897,-0.14152061764301943,-26.393147126165797,0.7581934611145859,0.401977806164876,0.6831457402998317,-0.3168174086984395,-1.4817367571523168e-06,-0.08733824944350888,-0.08344002925226479,,,,,,,,,,,,
54059,,0,no residential sales in 2025,,,,,,,,,,,,,,,,,,,,,,,,,
54061,WV,993,ok,acceptable (VEI within +/-10),0.6796791443850267,20.420108040143536,1.0519684032300411,-0.006646958529494755,-8.114370842628155,0.9119705300271055,0.4649713646544686,0.9207407908804106,-0.07925427992301795,-9.703260310390416e-08,-0.03224270291819353,-0.041823771733598525,,0.21490214368452512,0.21315418276190162,0.10055007965608914,0.13964251276530018,0.1992696442226521,,0.19782828560179877,0.1978248435979201,0.11511027915201306,0.19289953140850374,0.21596824512824161
54063,WV,66,skipped (fewer than 100 sales),,,,,,,,,,,,,,,,,,,,,,,,,
54065,WV,249,ok,acceptable (VEI significance <= 10),0.6333333333333333,24.811734000849984,1.014303842455304,0.0387091537847994,17.198134438479876,1.009045779279104,0.6189929820884187,0.9397252723564208,-0.06026834972661179,-1.0894636486489815e-07,0.002527240704681466,0.0062248391447059515,,,0.09852080754650677,,,,,0.20854304485421707,0.2084930904317183,0.08395445515871579,,
54067,WV,177,ok,acceptable (VEI significance <= 10),0.6275862068965518,55.18843684896923,1.3502895289863166,-0.1922606393957982,-38.1035696090979,0.8148915251922458,0.4126254665932163,0.6751995265795521,-0.3247990962664402,-9.504612716812222e-07,-0.09159076110886843,-0.09477618105296481,,,,,,,,,,,,
54069,WV,547,ok,UNACCEPTABLE regressivity,0.7613333333333333,52.6254872430583,1.330465845581147,-0.2643025124547628,-66.21955309242699,0.7297782718895739,0.49363765772580315,0.6324462834772955,-0.3675537989087961,-1.725025743959927e-06,-0.12006234905242885,-0.12437661968392466,,,,,,,,,,,,
54071,,0,no residential sales in 2025,,,,,,,,,,,,,,,,,,,,,,,,,
54073,,0,no residential sales in 2025,,,,,,,,,,,,,,,,,,,,,,,,,
54075,,0,no residential sales in 2025,,,,,,,,,,,,,,,,,,,,,,,,,
54077,,0,no residential sales in 2025,,,,,,,,,,,,,,,,,,,,,,,,,
54079,,0,no residential sales in 2025,,,,,,,,,,,,,,,,,,,,,,,,,
54081,WV,487,ok,acceptable (confidence intervals overlap),0.535,34.81855437559369,1.121280356374648,0.03952322365359285,18.00027828668166,0.8929656984826698,0.2852203787719725,0.878581119991716,-0.12140024889386336,-5.8180379277344654e-08,-0.049999955842847665,-0.07682101953393539,,,,,,,,,,0.13313263616208673,,
54083,WV,155,ok,acceptable (VEI significance <= 10),0.7709838799332963,43.63294105727571,1.3285824307662755,-0.17814325872033818,-38.52105837390179,0.6277799897728977,0.23961570687911599,0.6334634140054527,-0.36653309871692813,-6.520488743522342e-07,-0.16530169499729075,-0.18881667304241279,,,,,,,,,,0.2335717448678136,,
54085,WV,67,skipped (fewer than 100 sales),,,,,,,,,,,,,,,,,,,,,,,,,
54087,WV,169,ok,UNACCEPTABLE regressivity,0.8783783783783784,62.662257903184944,10.313477544650844,-0.26754619759548937,-72.75408896658897,0.28288397463673276,0.00046083561061332714,0.4018341324895996,-0.5981646353305757,-9.001477106069054e-09,-0.657271732937744,-0.8770097574838582,,,,,,,,,,0.03755499390877531,,
54089,,0,no residential sales in 2025,,,,,,,,,,,,,,,,,,,,,,,,,
54091,,0,no residential sales in 2025,,,,,,,,,,,,,,,,,,,,,,,,,
54093,,0,no residential sales in 2025,,,,,,,,,,,,,,,,,,,,,,,,,
54095,WV,136,ok,UNACCEPTABLE regressivity,1.0645833333333332,322.23676748294855,6.156554974889318,-0.9777079918949841,-197.28131175400682,0.22938056973085738,0.08395334504661196,0.2302100190429299,-0.7697710802827308,-1.7670388415543142e-05,-0.4839151524785723,-0.5329664318205203,,,,,,,,,,,,
54097,WV,174,ok,acceptable (confidence intervals overlap),0.6693278371696207,65.5223140436317,1.355127657774242,-0.18359656034472022,-51.79413282519046,0.6516049887407445,0.41767098681688714,0.6630135056781468,-0.3369467905635164,-2.3221441682314406e-06,-0.1452050083660512,-0.153591898547075,,,,,,,,,,,,
54099,WV,277,ok,UNACCEPTABLE regressivity,0.6580645161290323,54.28613041141812,1.3079080450516358,-0.3026121969448147,-79.43467673901371,0.768611442514614,0.5946775980256944,0.6056177199896892,-0.39438097935699423,-1.8898273638429786e-06,-0.093704033757535,-0.0776654982985776,,,,,,,,,,,,
54101,,0,no residential sales in 2025,,,,,,,,,,,,,,,,,,,,,,,,,
54103,WV,217,ok,UNACCEPTABLE regressivity,1.4954545454545454,228.4004181991027,3.768483677110885,-1.1539945328946704,-160.97421293303276,0.2911930758128082,0.2848321208520461,0.24706560645511,-0.752947013605669,-2.660759491670949e-05,-0.4117173277916515,-0.4181195695794955,,,,,,,,,,,,
54105,WV,54,skipped (fewer than 100 sales),,,,,,,,,,,,,,,,,,,,,,,,,
54107,WV,867,ok,UNACCEPTABLE regressivity,0.7900826446280992,35.583435647962716,1.2356110293028881,-0.10408164584398887,-29.81002191671647,0.7245833075056357,0.18272695369686245,0.7207082985378783,-0.2792855419488917,-3.3330288068518927e-07,-0.11811039025205972,-0.1404317378699682,,,,,,,,,,0.1806372617158585,,
54109,WV,143,ok,UNACCEPTABLE regressivity,0.711764705882353,88.92276606370832,1.9084470020417403,-0.2602203107933572,-107.1449864730497,0.525959587421941,0.15718755903449877,0.39572693259078195,-0.6042626953250942,-3.722123976418564e-06,-0.264347048487684,-0.3111524687914333,,,,,,,,,,,,
55001,,0,no residential sales in 2025,,,,,,,,,,,,,,,,,,,,,,,,,
55003,,0,no residential sales in 2025,,,,,,,,,,,,,,,,,,,,,,,,,
55005,,0,no residential sales in 2025,,,,,,,,,,,,,,,,,,,,,,,,,
55007,,0,no residential sales in 2025,,,,,,,,,,,,,,,,,,,,,,,,,
55009,,0,no residential sales in 2025,,,,,,,,,,,,,,,,,,,,,,,,,
55011,,0,no residential sales in 2025,,,,,,,,,,,,,,,,,,,,,,,,,
55013,,0,no residential sales in 2025,,,,,,,,,,,,,,,,,,,,,,,,,
55015,,0,no residential sales in 2025,,,,,,,,,,,,,,,,,,,,,,,,,
55017,,0,no residential sales in 2025,,,,,,,,,,,,,,,,,,,,,,,,,
55019,,0,no residential sales in 2025,,,,,,,,,,,,,,,,,,,,,,,,,
55021,,0,no residential sales in 2025,,,,,,,,,,,,,,,,,,,,,,,,,
55023,,0,no residential sales in 2025,,,,,,,,,,,,,,,,,,,,,,,,,
55025,,0,no residential sales in 2025,,,,,,,,,,,,,,,,,,,,,,,,,
55027,,0,no residential sales in 2025,,,,,,,,,,,,,,,,,,,,,,,,,
55029,,0,no residential sales in 2025,,,,,,,,,,,,,,,,,,,,,,,,,
55031,,0,no residential sales in 2025,,,,,,,,,,,,,,,,,,,,,,,,,
55033,,0,no residential sales in 2025,,,,,,,,,,,,,,,,,,,,,,,,,
55035,,0,no residential sales in 2025,,,,,,,,,,,,,,,,,,,,,,,,,
55037,,0,no residential sales in 2025,,,,,,,,,,,,,,,,,,,,,,,,,
55039,,0,no residential sales in 2025,,,,,,,,,,,,,,,,,,,,,,,,,
55041,,0,no residential sales in 2025,,,,,,,,,,,,,,,,,,,,,,,,,
55043,,0,no residential sales in 2025,,,,,,,,,,,,,,,,,,,,,,,,,
55045,,0,no residential sales in 2025,,,,,,,,,,,,,,,,,,,,,,,,,
55047,,0,no residential sales in 2025,,,,,,,,,,,,,,,,,,,,,,,,,
55049,,0,no residential sales in 2025,,,,,,,,,,,,,,,,,,,,,,,,,
55051,,0,no residential sales in 2025,,,,,,,,,,,,,,,,,,,,,,,,,
55053,,0,no residential sales in 2025,,,,,,,,,,,,,,,,,,,,,,,,,
55055,,0,no residential sales in 2025,,,,,,,,,,,,,,,,,,,,,,,,,
55057,,0,no residential sales in 2025,,,,,,,,,,,,,,,,,,,,,,,,,
55059,,0,no residential sales in 2025,,,,,,,,,,,,,,,,,,,,,,,,,
55061,,0,no residential sales in 2025,,,,,,,,,,,,,,,,,,,,,,,,,
55063,,0,no residential sales in 2025,,,,,,,,,,,,,,,,,,,,,,,,,
55065,,0,no residential sales in 2025,,,,,,,,,,,,,,,,,,,,,,,,,
55067,,0,no residential sales in 2025,,,,,,,,,,,,,,,,,,,,,,,,,
55069,,0,no residential sales in 2025,,,,,,,,,,,,,,,,,,,,,,,,,
55071,,0,no residential sales in 2025,,,,,,,,,,,,,,,,,,,,,,,,,
55073,,0,no residential sales in 2025,,,,,,,,,,,,,,,,,,,,,,,,,
55075,,0,no residential sales in 2025,,,,,,,,,,,,,,,,,,,,,,,,,
55077,,0,no residential sales in 2025,,,,,,,,,,,,,,,,,,,,,,,,,
55078,,0,no residential sales in 2025,,,,,,,,,,,,,,,,,,,,,,,,,
55079,,0,no residential sales in 2025,,,,,,,,,,,,,,,,,,,,,,,,,
55081,,0,no residential sales in 2025,,,,,,,,,,,,,,,,,,,,,,,,,
55083,,0,no residential sales in 2025,,,,,,,,,,,,,,,,,,,,,,,,,
55085,,0,no residential sales in 2025,,,,,,,,,,,,,,,,,,,,,,,,,
55087,,0,no residential sales in 2025,,,,,,,,,,,,,,,,,,,,,,,,,
55089,,0,no residential sales in 2025,,,,,,,,,,,,,,,,,,,,,,,,,
55091,,0,no residential sales in 2025,,,,,,,,,,,,,,,,,,,,,,,,,
55093,,0,no residential sales in 2025,,,,,,,,,,,,,,,,,,,,,,,,,
55095,,0,no residential sales in 2025,,,,,,,,,,,,,,,,,,,,,,,,,
55097,,0,no residential sales in 2025,,,,,,,,,,,,,,,,,,,,,,,,,
55099,,0,no residential sales in 2025,,,,,,,,,,,,,,,,,,,,,,,,,
55101,,0,no residential sales in 2025,,,,,,,,,,,,,,,,,,,,,,,,,
55103,,0,no residential sales in 2025,,,,,,,,,,,,,,,,,,,,,,,,,
55105,,0,no residential sales in 2025,,,,,,,,,,,,,,,,,,,,,,,,,
55107,,0,no residential sales in 2025,,,,,,,,,,,,,,,,,,,,,,,,,
55109,,0,no residential sales in 2025,,,,,,,,,,,,,,,,,,,,,,,,,
55111,,0,no residential sales in 2025,,,,,,,,,,,,,,,,,,,,,,,,,
55113,,0,no residential sales in 2025,,,,,,,,,,,,,,,,,,,,,,,,,
55115,,0,no residential sales in 2025,,,,,,,,,,,,,,,,,,,,,,,,,
55117,,0,no residential sales in 2025,,,,,,,,,,,,,,,,,,,,,,,,,
55119,,0,no residential sales in 2025,,,,,,,,,,,,,,,,,,,,,,,,,
55121,,0,no residential sales in 2025,,,,,,,,,,,,,,,,,,,,,,,,,
55123,,0,no residential sales in 2025,,,,,,,,,,,,,,,,,,,,,,,,,
55125,,0,no residential sales in 2025,,,,,,,,,,,,,,,,,,,,,,,,,
55127,,0,no residential sales in 2025,,,,,,,,,,,,,,,,,,,,,,,,,
55129,,0,no residential sales in 2025,,,,,,,,,,,,,,,,,,,,,,,,,
55131,,0,no residential sales in 2025,,,,,,,,,,,,,,,,,,,,,,,,,
55133,,0,no residential sales in 2025,,,,,,,,,,,,,,,,,,,,,,,,,
55135,,0,no residential sales in 2025,,,,,,,,,,,,,,,,,,,,,,,,,
55137,,0,no residential sales in 2025,,,,,,,,,,,,,,,,,,,,,,,,,
55139,,0,no residential sales in 2025,,,,,,,,,,,,,,,,,,,,,,,,,
55141,,0,no residential sales in 2025,,,,,,,,,,,,,,,,,,,,,,,,,
56001,WY,323,ok,acceptable (VEI within +/-10),0.872699814507789,17.332602357729748,1.0178258162419511,0.05787958507629595,7.45497195169522,0.8644178583441267,0.6848290133785145,0.9047551512360491,-0.09524401920428224,-2.0532096392325203e-07,-0.027679534915175497,-0.02982882561687994,,0.19830553446342472,0.13069346090100392,,,0.1503334157537834,,0.1276313248291491,0.12763092884449298,0.11374002944749095,0.13658696159587894,0.14648773108121416
56003,WY,102,ok,acceptable (confidence intervals overlap),0.7428398932554057,32.81514834577884,2.2685214817505797,-0.10064445844807131,-10.731238289926125,0.4571992759363781,0.046564146893661854,0.5927964833761064,-0.4072014527412493,-3.6729706394187036e-08,-0.377595893017729,-0.5167744675764296,,,,0.24972519951755534,0.1380440809022496,,,,,0.06019275983322912,,
56005,WY,518,ok,acceptable (VEI within +/-10),0.9269502032272239,15.911374906996661,1.032810214987918,-0.023749837256510684,-7.471892084042107,0.8421511555532568,0.8521695226032939,0.8550067190784947,-0.14499291244336338,-6.246633019963647e-08,-0.04204025091519559,-0.04118640449515221,,0.18432057462153906,0.17414289018635576,0.11720734039649616,0.124395101927181,0.17917854766026714,,0.1638969955210372,0.1638967024182873,0.15890158455758815,0.1769360788237387,0.1846520424048118
56007,WY,149,ok,acceptable (VEI within +/-10),0.8770925144944907,21.96514781111622,1.167750952930605,0.024946899279717903,1.6455130155482414,0.6980975381851381,0.2354280848322268,0.8930508455393731,-0.1069454178653038,-8.599325092091444e-08,-0.11625946399244858,-0.145981501058551,,0.22051591994307557,,,,,,0.22313789350391547,0.22313923416807363,0.11801498806713846,,
56009,WY,140,ok,acceptable (confidence intervals overlap),0.7843569887756858,23.030720264233143,1.0575571079320836,-0.058136017455163405,-10.043402692634855,0.719703411473129,0.5642796474001031,0.6873700228700361,-0.31262942960562795,-5.451018565919105e-07,-0.0690732140709005,-0.07026090665634555,,,0.2250120897549101,0.20775660732396695,0.18673895496888607,,,,,0.18848302298745584,0.23581297500689635,0.23691059336438405
56011,WY,54,skipped (fewer than 100 sales),,,,,,,,,,,,,,,,,,,,,,,,,
56013,WY,240,ok,acceptable (VEI within +/-10),0.9109579435811013,24.049302981014524,1.0727089460955326,-0.036290229648220325,-4.455506650368533,0.7795068108963472,0.6180411214016293,0.813900229038277,-0.18609866256961016,-4.5391187070773576e-07,-0.0677935382301531,-0.07468394522111343,,0.24732710256566348,0.23962691702326844,0.17339142711178776,0.10572257140446462,,,0.2429593383379943,0.24295907856707583,0.2052986825312151,,
56015,WY,84,skipped (fewer than 100 sales),,,,,,,,,,,,,,,,,,,,,,,,,
56019,WY,68,skipped (fewer than 100 sales),,,,,,,,,,,,,,,,,,,,,,,,,
56021,WY,1228,ok,acceptable (VEI significance <= 10),0.8819227631310225,15.835759565125317,1.0132499502352208,0.038226479564513506,10.075982548093267,0.9109629438988441,0.7933871460695183,0.9136333487448347,-0.08636622690442874,-1.5791771089625878e-07,-0.019218635072299817,-0.019688789806492357,,0.184442880414379,0.115938275882273,,,0.1257192143042404,0.2125388750312343,0.12328394061141862,0.12328370615502274,0.10829206835782776,0.12278522130735134,0.1240546435826023
56023,,0,no residential sales in 2025,,,,,,,,,,,,,,,,,,,,,,,,,
56025,WY,998,ok,acceptable (VEI within +/-10),0.8749011248474192,18.89315085412882,1.0318612937786193,0.017310138117890225,7.414624040844972,0.8459413050617793,0.5947624268987736,0.8714984641867676,-0.12850069227678781,-2.599520853250001e-07,-0.037736949931834074,-0.04104825274434809,,0.220511901488602,0.17637541492403566,,,0.18420090157497057,,0.17299628630271743,0.1729955932971827,0.13083626741539822,0.1796267913050035,0.18452374794524973
56029,WY,255,ok,acceptable (VEI within +/-10),0.9502626429086415,27.008274652281493,1.0594551107413492,-0.012117482422399047,-5.778474230104172,0.7737158160827524,0.7373711784960644,0.7467340307916706,-0.2532658905000452,-3.25284406014793e-07,-0.06222562041223689,-0.061325527371962174,,,0.22906470117057587,0.07539259435615736,0.23697727311623457,0.24077847377476377,0.24789295503223044,0.24977412631050663,0.24977402503097038,0.23607946321679207,0.2338396320758697,0.23343470894096388
56031,WY,79,skipped (fewer than 100 sales),,,,,,,,,,,,,,,,,,,,,,,,,
56033,WY,337,ok,acceptable (VEI within +/-10),0.8793344455455446,19.58877097862431,1.035491321548381,-0.015030291151234314,-1.5068457156356327,0.8716644700447127,0.7639376408453652,0.8458762548455013,-0.15412350319743495,-1.856402211798102e-07,-0.03591276565163337,-0.034989611571314194,,0.22140037208856245,0.18994874250975283,0.07382689759444389,0.05460486052929509,0.19070569086383438,0.23482995484625585,0.19233249132426145,0.1923322020813744,0.16129283711994044,0.1791766997211409,0.18192071657267003
56035,WY,84,skipped (fewer than 100 sales),,,,,,,,,,,,,,,,,,,,,,,,,
56037,WY,347,ok,acceptable (VEI within +/-10),0.8408624758635486,16.00020254028383,1.0144639683573757,0.022569863231886686,2.916700367031376,0.9027797660593192,0.7520843467179457,0.9081177660880448,-0.0918816388954198,-2.489258874977558e-07,-0.02021177146608455,-0.021118753597075823,,0.1836429474789905,0.11953579528611179,,,0.11945001439966273,0.20992776130503865,0.12178317042067908,0.12178572877516576,0.1046192360936495,0.12647641815085348,0.11756778773989977
56039,WY,138,ok,acceptable (confidence intervals overlap),0.9469328636728297,35.746540089481904,4.887628923719537,-0.13763640060750917,-18.410635217436617,0.41494320026287584,-0.010733101827481816,-0.5310007595645915,-1.5310411994671045,-9.849904960970664e-09,-0.46997190283546963,-0.7848722287546417,,,,,,,,,,0.18852472840658605,,
56041,WY,173,ok,acceptable (VEI within +/-10),0.8136122054294105,20.117678509776194,1.0260922821206437,0.043175532895424834,-5.004299580928863,0.808662062709832,0.6342356348474726,0.890748865725959,-0.1092489029531756,-3.8405894974974323e-07,-0.04115277535333295,-0.04360995962176295,,0.22166750924662634,0.15232617394076453,,0.16459778332789993,0.21405729064579485,,0.18893384031053687,0.18894512840455566,0.1380163504098303,0.18054769644103466,0.2020162066143944
56043,WY,53,skipped (fewer than 100 sales),,,,,,,,,,,,,,,,,,,,,,,,,
56045,WY,60,skipped (fewer than 100 sales),,,,,,,,,,,,,,,,,,,,,,,,,
