order,fips,state,n_sales,status,VEI_outcome,median_ratio_real,COD_real,PRD_real,PRB_real,VEI_real,MKI_real,paglin72_real,cheng74_real,LC_real,IAAO78_real,gini_diff_real,suits_real,median_ratio_implied_noise,COD_implied_noise,PRD_implied_noise,PRB_implied_noise,VEI_implied_noise,MKI_implied_noise,paglin72_implied_noise,cheng74_implied_noise,LC_implied_noise,IAAO78_implied_noise,gini_diff_implied_noise,suits_implied_noise,median_ratio_blank_reason,COD_blank_reason,PRD_blank_reason,PRB_blank_reason,VEI_blank_reason,MKI_blank_reason,paglin72_blank_reason,cheng74_blank_reason,LC_blank_reason,IAAO78_blank_reason,gini_diff_blank_reason,suits_blank_reason
1,20121,KS,372,ok,acceptable (VEI within +/-10),0.8779493044421508,20.94108162260573,1.0492646335829594,-0.0037218795187002,0.4792332962509014,0.8756733554852006,0.6846592284473898,0.8847088830037613,-0.1152904488578345,-1.6998189225847697e-07,-0.0414585516876335,-0.0489127176233796,,0.2215658855873445,0.1982319185619387,0.0526154774426079,,0.2238737198316895,,0.2147191580632908,0.2147168410968631,0.1660527333592469,0.2077460523363131,0.2286623963935754,n/a (noise doesn't move it),,,,progressive,,beyond 25%,,,,,
2,02170,,0,no residential sales in 2024,,,,,,,,,,,,,,,,,,,,,,,,,,,,,,,,,,,,,
3,19099,IA,0,no residential sales in 2024,,,,,,,,,,,,,,,,,,,,,,,,,,,,,,,,,,,,,
4,17105,,0,no residential sales in 2024,,,,,,,,,,,,,,,,,,,,,,,,,,,,,,,,,,,,,
5,26067,MI,622,ok,acceptable (VEI within +/-10),0.8117073170731708,18.606345669653535,1.0194724957033146,0.0122657910486953,-8.091804971452715,0.9338448040454004,0.7517722177525654,0.914362125834208,-0.0856365013679677,-2.906780413556956e-07,-0.0160444305944931,-0.0147810676505546,,0.2185844432278625,0.1386536980219754,,0.1312182369012059,0.1151969974358533,,0.151006665939688,0.1509926439070436,0.110790353755805,0.1132791620240282,0.1041254545536798,n/a (noise doesn't move it),,,progressive,,,beyond 25%,,,,,
6,01111,AL,553,ok,UNACCEPTABLE regressivity,0.821045507942183,49.593908215980335,1.424174494874767,-0.1436425829613503,-49.06584429974605,0.7115871333705015,0.3148181822084288,0.652211526132946,-0.3477869364788318,-6.110493692939566e-07,-0.1546658712528155,-0.2006898155434098,,,,,,,,,,,,,n/a (noise doesn't move it),beyond 25%,beyond 25%,beyond 25%,beyond 25%,beyond 25%,beyond 25%,beyond 25%,beyond 25%,beyond 25%,beyond 25%,beyond 25%
7,48457,TX,97,skipped (fewer than 100 sales),,,,,,,,,,,,,,,,,,,,,,,,,,,,,,,,,,,,,
8,55057,WI,655,ok,acceptable (VEI within +/-10),0.92,26.540377789845294,1.044238376053471,0.0061398713460715,1.1749070911114932,0.9419822454174648,0.8246918673402482,0.933659790716126,-0.0663197196769369,-2.323339546154723e-07,-0.0227861993097584,-0.0248393283069301,,,0.2069168185046938,,0.093374545047104,0.2019596174867059,,0.2156113842099367,0.2156400171775544,0.2038005511239366,0.1938972334888458,0.192245644283647,n/a (noise doesn't move it),beyond 25%,,progressive,,,beyond 25%,,,,,
9,01133,AL,613,ok,UNACCEPTABLE regressivity,0.942984496124031,49.26154829252633,1.3376102937940528,-0.1065880863425132,-24.706410669272707,0.8375351418950268,0.6297337327981607,0.7552077982485333,-0.2447946268876684,-6.587553420540972e-07,-0.0909499724841782,-0.1047962432732851,,,,,,,,,,,,,n/a (noise doesn't move it),beyond 25%,beyond 25%,beyond 25%,beyond 25%,beyond 25%,beyond 25%,beyond 25%,beyond 25%,beyond 25%,beyond 25%,beyond 25%
10,51109,VA,0,no residential sales in 2024,,,,,,,,,,,,,,,,,,,,,,,,,,,,,,,,,,,,,
11,37145,NC,579,ok,acceptable (confidence intervals overlap),0.6335703971119133,32.520439806414146,1.3054590926391507,-0.0371470751280101,-23.250337293610556,0.6867276030346628,0.0586886959678794,0.6912179959516894,-0.3087774516750621,-9.806293177182908e-08,-0.1529508219246997,-0.222910490319584,,,,0.2381467057753478,,,,,,0.1172868724126049,,,n/a (noise doesn't move it),beyond 25%,beyond 25%,,beyond 25%,beyond 25%,beyond 25%,beyond 25%,beyond 25%,,beyond 25%,beyond 25%
12,51173,VA,347,ok,UNACCEPTABLE regressivity,0.8679245283018868,41.36450503962549,1.2064249879162985,-0.1405462498381489,-35.438819275082,0.7558190697370685,0.5442939685667049,0.7215968295966003,-0.2784015539944593,-1.822955950113602e-06,-0.0970981669588824,-0.10368534236905,,,,,,,,,,,,,n/a (noise doesn't move it),beyond 25%,beyond 25%,beyond 25%,beyond 25%,beyond 25%,beyond 25%,beyond 25%,beyond 25%,beyond 25%,beyond 25%,beyond 25%
13,04007,AZ,762,ok,UNACCEPTABLE progressivity,0.6809964295722215,31.345562745612945,0.9725950541059528,0.1328235000135378,55.70234374626425,1.0939545993130664,0.7024139330703464,1.0747966861602338,0.0747980507334852,6.168272477782419e-08,0.0325941472890023,0.0326804909866801,,,,,,,,,,,,,n/a (noise doesn't move it),beyond 25%,progressive,progressive,progressive,progressive,beyond 25%,progressive,progressive,progressive,progressive,progressive
14,40109,OK,10999,ok,acceptable (VEI within +/-10),0.9781818181818182,13.784617504160618,1.0207430559238575,0.0067047712630719,-2.681420935757989,0.9708318966557312,0.8024789706630016,0.9787979969159912,-0.0212014085946927,-1.3076801054556613e-08,-0.0114185918072282,-0.015959719953807,,0.1636842919806258,0.147739671705549,,0.1024176416856923,0.1269291774823302,,0.0978196621415162,0.0978186806453486,0.1169989198794547,0.1258264109780003,0.1620657208499567,n/a (noise doesn't move it),,,progressive,,,progressive,,,,,
15,48471,,0,no residential sales in 2024,,,,,,,,,,,,,,,,,,,,,,,,,,,,,,,,,,,,,
16,27153,MN,443,ok,acceptable (VEI significance <= 10),0.8993548387096775,33.674353785950345,1.0470961974667516,0.0619976352590805,13.81682621069219,0.9329966550564328,0.7587837516083309,0.9413235783005408,-0.0586384096256456,-3.484107302918418e-07,-0.0245929006692244,-0.0271993018143643,,,0.1921267726055715,,,0.1936910010928716,,,,0.2074646801377895,0.1754530882544853,0.1916732900946018,n/a (noise doesn't move it),beyond 25%,,beyond 25%,progressive,,beyond 25%,beyond 25%,beyond 25%,,,
17,40003,OK,45,skipped (fewer than 100 sales),,,,,,,,,,,,,,,,,,,,,,,,,,,,,,,,,,,,,
18,31125,NE,65,skipped (fewer than 100 sales),,,,,,,,,,,,,,,,,,,,,,,,,,,,,,,,,,,,,
19,47049,TN,0,no residential sales in 2024,,,,,,,,,,,,,,,,,,,,,,,,,,,,,,,,,,,,,
20,48189,TX,191,ok,acceptable (VEI within +/-10),0.9417114214106695,24.85959541274521,1.1748665290085192,-0.0081820830464442,8.766647830276472,0.7620609803098978,0.3265922177225496,0.8704230990503626,-0.1295730363405406,-2.2919191860139313e-07,-0.1058403477357845,-0.1458031924543232,,,,0.1611926044895681,,,,,,0.1866142420432644,,,n/a (noise doesn't move it),beyond 25%,beyond 25%,,beyond 25%,beyond 25%,progressive,beyond 25%,beyond 25%,,beyond 25%,progressive
21,02180,AK,22,skipped (fewer than 100 sales),,,,,,,,,,,,,,,,,,,,,,,,,,,,,,,,,,,,,
22,08093,CO,543,ok,acceptable (VEI within +/-10),1.0005626666666667,14.027148598858709,1.0067353469571492,0.0266236283224864,7.995994337857703,0.9689961777335798,0.9815319860848378,0.9697656827825462,-0.0302341901777497,-5.76897434919671e-08,-0.007044660919542,-0.0065037236026748,0.1456609838649873,0.1704321767138807,0.0773337681362923,,,0.0675129436049794,0.0463898682809362,0.0830035009908213,0.0830032948803002,0.0813501588467917,0.0647180178480986,0.0580389060338925,,,,progressive,progressive,,,,,,,
23,05101,AR,0,no residential sales in 2024,,,,,,,,,,,,,,,,,,,,,,,,,,,,,,,,,,,,,
24,13061,GA,55,skipped (fewer than 100 sales),,,,,,,,,,,,,,,,,,,,,,,,,,,,,,,,,,,,,
25,56023,,0,no residential sales in 2024,,,,,,,,,,,,,,,,,,,,,,,,,,,,,,,,,,,,,
26,27147,MN,457,ok,acceptable (VEI within +/-10),0.8987783595113438,9.80075075234156,1.0110916846093991,0.0067279903009358,2.059991706433149,0.963159480388106,0.7428263662015137,0.9739220101431788,-0.0260772353565615,-4.612492380683174e-08,-0.0091266242805445,-0.0104141499583536,,0.1230120492866581,0.1027375307723496,,,0.0892989268802577,,0.0858057988442964,0.0858053398258437,0.078814744753524,0.0874019829386458,0.1003964503351466,n/a (noise doesn't move it),,,progressive,progressive,,beyond 25%,,,,,
27,48399,TX,86,skipped (fewer than 100 sales),,,,,,,,,,,,,,,,,,,,,,,,,,,,,,,,,,,,,
28,30097,MT,0,no residential sales in 2024,,,,,,,,,,,,,,,,,,,,,,,,,,,,,,,,,,,,,
29,24023,MD,554,ok,acceptable (VEI significance <= 10),0.7417651775486827,24.760941039349618,0.977025119577646,0.0471616772477433,30.99114786656982,1.0323575641300058,0.7620666091612512,1.026875724012133,0.0268781652391032,2.733942904370251e-08,0.015771079310074,0.0128848378266722,,0.2368488068479498,,,,,,,,,,,n/a (noise doesn't move it),,progressive,progressive,progressive,progressive,beyond 25%,progressive,progressive,progressive,progressive,progressive
30,55015,WI,436,ok,UNACCEPTABLE progressivity,0.8672145593869731,18.00114122063463,0.9818231408958722,0.0828614346066894,24.070149092737843,1.041282132392116,0.9066617860101892,1.083451436122671,0.0834542710721862,1.6782425594790224e-07,0.012034989337613,0.0114524915888132,,0.2115844321481927,,,,,0.1382188684983932,,,,,,n/a (noise doesn't move it),,progressive,progressive,progressive,progressive,,progressive,progressive,progressive,progressive,progressive
31,37151,NC,1807,ok,acceptable (confidence intervals overlap),0.7602553191489362,22.4256685019519,1.032698488332842,0.0097751937196982,11.03019232427046,0.9313720309242004,0.6106136694743906,0.9280294157487544,-0.0719641140509485,-1.740213478189373e-07,-0.0208266647660844,-0.0197467372617843,,0.2444515702828992,0.1726930728814888,,,0.156087871133724,,0.1948902452086205,0.1948865277044353,0.1276509439959924,0.1519027441948109,0.1405228067606458,n/a (noise doesn't move it),,,progressive,progressive,,beyond 25%,,,,,
32,06085,CA,0,no residential sales in 2024,,,,,,,,,,,,,,,,,,,,,,,,,,,,,,,,,,,,,
33,21059,KY,1482,ok,acceptable (VEI significance <= 10),0.713125,22.99938826752008,1.028601664470917,0.055671483170554,22.87928409982011,0.9171771096637368,0.545631061563598,0.9447409303032402,-0.0552511163997136,-2.0301074611608718e-07,-0.0258435333012043,-0.0345896744283702,,0.2436981277591314,0.156681266057601,,,0.1772893146810707,,0.164469743978081,0.1644460693627682,0.1080810672585716,0.17960357593426,0.1936095678987312,n/a (noise doesn't move it),,,progressive,progressive,,beyond 25%,,,,,
34,13123,GA,847,ok,acceptable (VEI significance <= 10),0.8529729729729729,23.02654730878834,0.9849572731370664,0.0738096488911876,25.666774412149167,0.9951541350011034,0.788105400115185,1.0770233380557523,0.0770257035668317,8.139914931433142e-08,-0.0015255092856605,-0.0065398286768854,,0.2494223015043641,,,,0.0357546307545592,,,,,0.034320918512558,0.0712774030169702,n/a (noise doesn't move it),,progressive,progressive,progressive,,beyond 25%,progressive,progressive,progressive,,
35,51117,VA,529,ok,UNACCEPTABLE progressivity,0.736140350877193,34.64230299929011,1.0385740537670525,0.0694377567860958,43.482395581376366,0.9317756297328522,0.3385888105540187,1.0796172817495535,0.079629823137202,-5.675534156492645e-08,-0.0338185004601749,-0.0659543504841142,,0.2497923688382693,0.1982570096713347,,,0.2417732098486275,,,,0.1142844018432188,0.2203028276902447,,n/a (noise doesn't move it),,,progressive,progressive,,beyond 25%,progressive,progressive,,,beyond 25%
36,45059,SC,635,ok,acceptable (confidence intervals overlap),0.5969696969696969,49.67199061157871,1.1385756885016929,0.0410835423962748,32.81728584794353,0.8264794636493323,0.312808703262609,0.7353669589318372,-0.2646262430154112,-3.53773620168225e-07,-0.0739407725978955,-0.1038542353000526,,,,,,,,,,0.2057878463429146,,,n/a (noise doesn't move it),beyond 25%,beyond 25%,progressive,progressive,beyond 25%,beyond 25%,beyond 25%,beyond 25%,,beyond 25%,beyond 25%
37,38011,ND,45,skipped (fewer than 100 sales),,,,,,,,,,,,,,,,,,,,,,,,,,,,,,,,,,,,,
38,13127,GA,1497,ok,acceptable (VEI within +/-10),0.8086206896551724,20.59004994965442,1.0848217740062347,0.0119730740591729,7.918372423940146,0.908582277523768,0.5157279527874877,0.9900251625987816,-0.0099709039783334,-3.6091152211726854e-08,-0.0486941652021635,-0.0720649535258761,,0.222894293830021,0.2440163303678114,,,,,0.1165197868683639,0.116497266696304,0.1792154255345135,,,n/a (noise doesn't move it),,,progressive,progressive,beyond 25%,beyond 25%,,,,beyond 25%,beyond 25%
39,45013,SC,4844,ok,acceptable (VEI within +/-10),0.8597948664001683,12.819316673706362,1.0243811833806846,-0.0003200611757524,0.9443418776235952,0.9572201399748272,0.6972520545815806,0.9730895444647898,-0.0269095882944238,-1.6537001005216262e-08,-0.0176425810252649,-0.0219586859330946,,0.1532682005654897,0.142772766580088,0.0185832605827407,,0.1562196623456671,,0.1187241605958894,0.1187223398765685,0.1136216974187965,0.1561879587264343,0.177696556890343,n/a (noise doesn't move it),,,,progressive,,beyond 25%,,,,,
40,17089,IL,6103,ok,acceptable (VEI significance <= 10),0.8576326530612245,11.234034553475142,1.0032806780668313,0.0325539676166169,10.55807189398919,0.9804624074429584,0.8237012449759717,0.9889858314343256,-0.0110134798093011,-2.762876732463324e-08,-0.0046735416391034,-0.0054754621674091,,0.1348880380791901,0.0557930234425809,,,0.0639819373841396,0.2141355111958266,0.043447622159126,0.0434440302308082,0.047737052981635,0.0619305380737957,0.0692632034903148,n/a (noise doesn't move it),,,progressive,progressive,,,,,,,
41,18183,IN,449,ok,acceptable (VEI within +/-10),0.8011647184562432,20.889598207759537,1.0539238607090995,-0.0086888163854136,5.679913523635474,0.8319730439588162,0.4526274535697595,0.8343257866753883,-0.1656725613036962,-3.402047620588136e-07,-0.0482744070005372,-0.0570909876711662,,0.2319171617905708,0.2098298557216843,0.073158601559629,,0.2282094789537511,,0.2253884592783184,0.2253833434687134,0.1390403261719602,0.2188636458482965,0.2330407806427481,n/a (noise doesn't move it),,,,progressive,,beyond 25%,,,,,
42,32001,NV,413,ok,UNACCEPTABLE progressivity,0.5928323529411764,33.70748936293453,1.0278747748263883,0.0575088545289448,36.825002593226465,1.0596464235482537,0.5219254432100459,0.8748913418401583,-0.1251034479610608,-4.2814568179684095e-08,0.0174965599082173,0.018876258023787,,,0.1655555552113224,,,,,,,0.0829911894594197,,,n/a (noise doesn't move it),beyond 25%,,progressive,progressive,progressive,beyond 25%,beyond 25%,beyond 25%,,progressive,progressive
43,54079,WV,0,no residential sales in 2024,,,,,,,,,,,,,,,,,,,,,,,,,,,,,,,,,,,,,
44,48183,TX,1029,ok,acceptable (VEI significance <= 10),0.8572086671821787,23.523919550822416,1.00900578650351,0.0527537002633445,10.230300320763895,0.9665337957197776,1.0374281518631874,0.9237873439502332,-0.0762115516962713,-1.0307469062074333e-08,-0.0107672234475491,-0.0073709302337177,,0.2454312130390871,0.0842661112581515,,,0.0847625913849583,0.237601061606039,0.1785109128122338,0.178509690469823,0.0891584518193122,0.1007878790995017,0.0979812821501497,n/a (noise doesn't move it),,,progressive,progressive,,,,,,,
45,37181,NC,478,ok,acceptable (VEI significance <= 10),0.8574334558592522,41.80384483460009,1.2677885375882856,-0.0884101762612,-30.516201979155216,0.7023317671116573,0.2415582747497943,0.6777016103910094,-0.3222957868505711,-5.65657210394427e-07,-0.1330587331112518,-0.1597297682963707,,,,,,,,,,0.2483484724502308,,,n/a (noise doesn't move it),beyond 25%,beyond 25%,beyond 25%,beyond 25%,beyond 25%,beyond 25%,beyond 25%,beyond 25%,,beyond 25%,beyond 25%
46,39077,OH,702,ok,UNACCEPTABLE regressivity,0.814787545277236,32.42787762647221,1.192361764298002,-0.0767279623817028,-29.135987383756703,0.633612960861049,0.3146974021030475,0.6918316592441949,-0.3081637264817452,-4.80019805680712e-07,-0.1390184818716047,-0.1539288828723926,,,,,,,,,,0.1966696935110211,,,n/a (noise doesn't move it),beyond 25%,beyond 25%,beyond 25%,beyond 25%,beyond 25%,beyond 25%,beyond 25%,beyond 25%,,beyond 25%,beyond 25%
47,40015,OK,400,ok,UNACCEPTABLE regressivity,1.541289746917586,130.7219144850637,2.796470010815603,-0.351199628292535,-102.38701539274793,0.3316798111244839,0.1123770324241887,0.2739423006557224,-0.7260595598166854,-4.593912406401715e-06,-0.4167136573957097,-0.4460267534897493,,,,,,,,,,,,,n/a (noise doesn't move it),beyond 25%,beyond 25%,beyond 25%,beyond 25%,beyond 25%,beyond 25%,beyond 25%,beyond 25%,beyond 25%,beyond 25%,beyond 25%
48,26145,MI,2493,ok,acceptable (VEI significance <= 10),0.8497991967871485,24.59595883120889,1.0700499229223204,-0.0579207716609889,-18.18002315067763,0.9233677797284896,0.7028462856101549,0.861729284498438,-0.1382699142653552,-5.207405697985966e-07,-0.0290891502329468,-0.0309733063470376,,,0.2294054036831424,,,0.1947291752631585,,,,0.2032723496861332,0.1810144658078499,0.2087720702592296,n/a (noise doesn't move it),beyond 25%,,beyond 25%,beyond 25%,,beyond 25%,beyond 25%,beyond 25%,,,
49,39143,OH,791,ok,UNACCEPTABLE regressivity,0.8232258064516129,28.3258952526633,1.116000418408609,-0.1354168001872401,-37.06100841951017,0.7281743299562505,0.4450550157162349,0.6439198544324591,-0.3560804178594781,-1.223970795586644e-06,-0.0841165164812751,-0.0889829842151326,,,,,,,,,,0.2344527261881801,,,n/a (noise doesn't move it),beyond 25%,beyond 25%,beyond 25%,beyond 25%,beyond 25%,beyond 25%,beyond 25%,beyond 25%,,beyond 25%,beyond 25%
50,46013,,0,no residential sales in 2024,,,,,,,,,,,,,,,,,,,,,,,,,,,,,,,,,,,,,
51,41063,OR,90,skipped (fewer than 100 sales),,,,,,,,,,,,,,,,,,,,,,,,,,,,,,,,,,,,,
52,42075,PA,0,no residential sales in 2024,,,,,,,,,,,,,,,,,,,,,,,,,,,,,,,,,,,,,
53,20053,,0,no residential sales in 2024,,,,,,,,,,,,,,,,,,,,,,,,,,,,,,,,,,,,,
54,29159,MO,465,ok,UNACCEPTABLE progressivity,0.44264,30.143209589817697,1.0462446524868965,0.0997706205123633,42.95313179295856,0.926885953152828,0.2889698904075095,0.8822647950624762,-0.117727131156874,-7.525068546217565e-08,-0.0257773278840598,-0.0392435651580069,,,0.1912151428008567,,,0.19812233624579,,0.2388281327298621,0.2388185335109191,0.1192224077992861,0.2295240631586292,0.2110263259169797,n/a (noise doesn't move it),beyond 25%,,progressive,progressive,,beyond 25%,,,,,
55,28163,,0,no residential sales in 2024,,,,,,,,,,,,,,,,,,,,,,,,,,,,,,,,,,,,,
56,19015,IA,0,no residential sales in 2024,,,,,,,,,,,,,,,,,,,,,,,,,,,,,,,,,,,,,
57,40147,OK,860,ok,acceptable (confidence intervals overlap),0.7936007783145465,26.056391890986777,1.0659902289814454,-0.0243765893271492,-14.51349722501427,0.8948011780548007,0.5705359418084482,0.8665891692434138,-0.1334073749468883,-4.680549119343564e-07,-0.0373394308027588,-0.0468314205057707,,,0.2359392596434182,0.1711052979415642,,0.2262414812052927,,,,0.1759843654198747,0.2169538562389505,0.2235469219135201,n/a (noise doesn't move it),beyond 25%,,,beyond 25%,,beyond 25%,beyond 25%,beyond 25%,,,
58,29213,,0,no residential sales in 2024,,,,,,,,,,,,,,,,,,,,,,,,,,,,,,,,,,,,,
59,19091,IA,0,no residential sales in 2024,,,,,,,,,,,,,,,,,,,,,,,,,,,,,,,,,,,,,
60,29123,MO,0,no residential sales in 2024,,,,,,,,,,,,,,,,,,,,,,,,,,,,,,,,,,,,,
61,21083,KY,264,ok,acceptable (VEI within +/-10),1.0,0.0,1.0,0.0,0.0,1.0,1.0,1.0,0.0,0.0,0.0,0.0,0.0,0.0,0.0,0.0,0.0,0.0,0.0,0.0,0.0,0.0,0.0,0.0,,,,,,,,,,,,
62,21017,KY,320,ok,UNACCEPTABLE regressivity,0.7941738754325259,32.60605718124834,1.5200395089208223,-0.1645746172010838,-60.77768292733675,0.5734542778583084,0.1753952109577102,0.6261038846671324,-0.3738910995066595,-2.019934050262705e-07,-0.2357021802519934,-0.2916766651302753,,,,,,,,,,0.1806067514378827,,,n/a (noise doesn't move it),beyond 25%,beyond 25%,beyond 25%,beyond 25%,beyond 25%,beyond 25%,beyond 25%,beyond 25%,,beyond 25%,beyond 25%
63,13169,GA,344,ok,acceptable (confidence intervals overlap),0.7382668292682927,30.532514636134547,1.160245342087647,-0.0034120904485965,11.185919497457142,0.8106198418109274,0.1805752624710424,0.8625932210299735,-0.1374035557728091,-8.366785798123052e-08,-0.0804200274588897,-0.1190775930623859,,,,0.1182804166043798,,,,,,0.1478211434296562,,,n/a (noise doesn't move it),beyond 25%,beyond 25%,,progressive,beyond 25%,beyond 25%,beyond 25%,beyond 25%,,beyond 25%,beyond 25%
64,21205,KY,285,ok,acceptable (confidence intervals overlap),0.7738095238095238,42.92166635622871,1.163366137124083,-0.10304871324757,-22.366863905325452,0.9152463664969924,0.5290133280116424,0.7638612197397507,-0.2361381109460259,-1.0136643650040822e-06,-0.0344934381687043,-0.031900058756263,,,,,,0.2404948251645241,,,,,0.2135373889380612,0.1869573150357468,n/a (noise doesn't move it),beyond 25%,beyond 25%,beyond 25%,progressive,,beyond 25%,beyond 25%,beyond 25%,beyond 25%,,
65,34011,NJ,1631,ok,acceptable (VEI within +/-10),0.5297142857142857,27.294969203002463,1.053046213459152,-0.0099611590451577,-0.2782035996139174,0.7909733619649634,0.4541100198610541,0.7516131344260398,-0.2483815380900553,-4.809021433089157e-07,-0.052053774118999,-0.0517202546344328,,,0.20714565671079,0.0895293218417503,0.0277910637228349,0.2335919853618384,,,,0.1435103083337759,0.2131216907116354,0.2103322913288537,n/a (noise doesn't move it),beyond 25%,,,,,beyond 25%,beyond 25%,beyond 25%,,,
66,18175,IN,300,ok,acceptable (confidence intervals overlap),0.5922097141634097,32.55322587363437,1.0834020149275598,-0.0339553177850004,18.53875913332318,0.7975667436538898,0.4240822468002561,0.7537093348838952,-0.2462860107264239,-6.109191743520954e-07,-0.0602654930528627,-0.0626230997801493,,,,0.1724996088127647,,,,,,0.1724474664818917,0.2337520148951662,0.2218047242916354,n/a (noise doesn't move it),beyond 25%,beyond 25%,,progressive,beyond 25%,beyond 25%,beyond 25%,beyond 25%,,,
67,18173,IN,869,ok,acceptable (VEI within +/-10),0.7928571428571428,19.109882513631405,1.0277933118531162,0.0164213895287219,3.689440103233211,0.937857833924545,0.6263001602671467,0.9466254292924432,-0.0533727679696183,-1.201471610827517e-07,-0.0199772972446321,-0.0247469265999873,,0.2160366713865562,0.1662090325947915,,,0.1509498563471706,,0.1505933915240636,0.1505919436966892,0.1364122016199863,0.1485333260328957,0.1676435448290996,n/a (noise doesn't move it),,,progressive,progressive,,beyond 25%,,,,,
68,06059,CA,0,no residential sales in 2024,,,,,,,,,,,,,,,,,,,,,,,,,,,,,,,,,,,,,
69,22081,LA,18,skipped (fewer than 100 sales),,,,,,,,,,,,,,,,,,,,,,,,,,,,,,,,,,,,,
70,51630,VA,297,ok,acceptable (VEI significance <= 10),0.6856666666666666,15.179515457070895,1.0042905835966616,0.0738276719003013,14.390104751476356,0.9719881462390548,0.6359656111103664,1.0025749820236245,0.0025763549070042,-2.097556345770948e-08,-0.0069187795492062,-0.0116625203418849,,0.1748186917062308,0.0622247264601712,,,0.0815097907319813,,,,0.0341683967165744,0.0805035485453256,0.0871012957696045,n/a (noise doesn't move it),,,progressive,progressive,,beyond 25%,progressive,progressive,,,
71,20209,KS,1690,ok,UNACCEPTABLE regressivity,0.7752632051380802,33.26219588244741,13.235757405333862,-0.1128647423297654,-103.20839799151238,0.2215149551726292,-6.269802069879183e-05,0.215661484172822,-0.7843262091321748,-2.3863952721808627e-09,-0.715114439462573,-0.909390945779352,,,,,,,,,,0.0066722468362818,,,n/a (noise doesn't move it),beyond 25%,beyond 25%,beyond 25%,beyond 25%,beyond 25%,beyond 25%,beyond 25%,beyond 25%,,beyond 25%,beyond 25%
72,22109,LA,868,ok,UNACCEPTABLE regressivity,0.8074844720496894,30.63989050747213,1.189660824801711,-0.1478949045570625,-37.6271425457995,0.7783528630681671,0.3078315836448058,0.7402995771327678,-0.2597000244474718,-3.361487297007861e-07,-0.0913509782840358,-0.1070831370733351,,,,,,,,,,0.1866808313013198,,,n/a (noise doesn't move it),beyond 25%,beyond 25%,beyond 25%,beyond 25%,beyond 25%,beyond 25%,beyond 25%,beyond 25%,,beyond 25%,beyond 25%
73,08005,CO,8055,ok,acceptable (VEI within +/-10),1.0266666666666666,7.937380501621277,1.0332969703224757,-0.0347990584123483,-6.08710196123248,0.918111917579927,0.9360180968652376,0.9287092012686836,-0.0712907971288313,-3.2002471824079e-09,-0.0305530941933551,-0.0308954102931731,,0.0972367911064241,0.1828462881746316,0.1426545672693987,0.1326360805032835,0.1621173249480401,0.1467950584722831,0.1325622565380882,0.1325622132042214,0.1617755594254397,0.1628951676799925,0.1872096938773129,n/a (noise doesn't move it),,,,,,,,,,,
74,42031,PA,0,no residential sales in 2024,,,,,,,,,,,,,,,,,,,,,,,,,,,,,,,,,,,,,
75,16041,ID,101,ok,acceptable (VEI within +/-10),0.7502379136246413,34.3096010656742,1.1185201624706982,-0.029709771402246,-3.6468789924627143,0.4291585139622944,0.2515480356012635,0.2813944622117372,-0.7186061874780261,-7.272389994511658e-07,-0.1382577760078041,-0.1363402684004062,,,,0.1205808667993454,0.1797176691650793,,,,,0.2440004625755565,,,n/a (noise doesn't move it),beyond 25%,beyond 25%,,,beyond 25%,beyond 25%,beyond 25%,beyond 25%,,beyond 25%,beyond 25%
76,46067,,0,no residential sales in 2024,,,,,,,,,,,,,,,,,,,,,,,,,,,,,,,,,,,,,
77,51047,VA,671,ok,acceptable (VEI within +/-10),0.8671875,17.23205912730807,1.0208707531205097,0.0513817124180912,3.148488613853144,0.9208060594096752,0.6553264033177031,0.9204333965618584,-0.0795658243445299,-1.7584162036960218e-07,-0.0181355559328422,-0.0222778506826044,,0.1898820006485734,0.1423417780833828,,,0.122799551085469,,0.155150388736561,0.1551495743858553,0.1370144288061991,0.1381896232378188,0.1223040062558217,n/a (noise doesn't move it),,,progressive,progressive,,beyond 25%,,,,,
78,51043,VA,180,ok,acceptable (VEI significance <= 10),0.8795694444444444,24.77198872392073,1.075278426445117,0.0564240215740283,32.25628194239878,0.8190776574836521,0.2599677802627236,1.0549469046922788,0.0549825467016624,-8.698572346580959e-08,-0.0673876147999164,-0.0960990530826266,,,0.2462277090451971,,,,,,,0.1662887801877554,,,n/a (noise doesn't move it),beyond 25%,,progressive,progressive,beyond 25%,beyond 25%,progressive,progressive,,beyond 25%,beyond 25%
79,13167,GA,73,skipped (fewer than 100 sales),,,,,,,,,,,,,,,,,,,,,,,,,,,,,,,,,,,,,
80,26123,MI,698,ok,acceptable (VEI within +/-10),0.8153333333333332,27.079486905939746,1.0466870225476088,-0.003436953663575,-4.410203511083891,0.9290884920863568,0.745139325324727,0.9128029243089656,-0.0871935604118128,-3.753462591554909e-07,-0.0242358629810925,-0.0241275583282976,,,0.2001850678362189,0.0695784751770271,0.1155872565402415,0.1651999489093209,,0.2312489928169202,0.2312453223490241,0.1696765867951241,0.1772915111836888,0.1729392796071669,n/a (noise doesn't move it),beyond 25%,,,,,beyond 25%,,,,,
81,48503,TX,127,ok,acceptable (confidence intervals overlap),0.7716010347801092,35.77165310765102,1.0322989878152051,0.056063248933009,40.12934273224654,0.985789900245479,0.5902475233173324,1.047955216808172,0.0479765606194268,-1.646823647741043e-07,-0.0051034409469845,-0.0134761627085415,,,0.1243808503763641,,,0.0964873245670725,,,,0.1126945001302656,0.0902380836728248,0.0808675342052487,n/a (noise doesn't move it),beyond 25%,,progressive,progressive,,beyond 25%,progressive,progressive,,,
82,19061,IA,0,no residential sales in 2024,,,,,,,,,,,,,,,,,,,,,,,,,,,,,,,,,,,,,
83,29175,MO,0,no residential sales in 2024,,,,,,,,,,,,,,,,,,,,,,,,,,,,,,,,,,,,,
84,46005,SD,0,no residential sales in 2024,,,,,,,,,,,,,,,,,,,,,,,,,,,,,,,,,,,,,
85,54009,,0,no residential sales in 2024,,,,,,,,,,,,,,,,,,,,,,,,,,,,,,,,,,,,,
86,13307,GA,19,skipped (fewer than 100 sales),,,,,,,,,,,,,,,,,,,,,,,,,,,,,,,,,,,,,
87,48211,TX,19,skipped (fewer than 100 sales),,,,,,,,,,,,,,,,,,,,,,,,,,,,,,,,,,,,,
88,42049,PA,0,no residential sales in 2024,,,,,,,,,,,,,,,,,,,,,,,,,,,,,,,,,,,,,
89,38019,ND,46,skipped (fewer than 100 sales),,,,,,,,,,,,,,,,,,,,,,,,,,,,,,,,,,,,,
90,47123,TN,0,no residential sales in 2024,,,,,,,,,,,,,,,,,,,,,,,,,,,,,,,,,,,,,
91,13271,GA,108,ok,acceptable (VEI significance <= 10),0.9141666666666668,43.52918292576818,1.3984071883636393,-0.0955437493867297,-44.17042973369702,0.7712457430008641,0.5430034191952137,0.716963382535114,-0.2830345467879163,-4.465214054765013e-07,-0.135616148706535,-0.1519075902016258,,,,,,,,,,,,,n/a (noise doesn't move it),beyond 25%,beyond 25%,beyond 25%,beyond 25%,beyond 25%,beyond 25%,beyond 25%,beyond 25%,beyond 25%,beyond 25%,beyond 25%
92,08121,CO,77,skipped (fewer than 100 sales),,,,,,,,,,,,,,,,,,,,,,,,,,,,,,,,,,,,,
93,13293,GA,409,ok,acceptable (VEI within +/-10),0.7889121951219512,32.98518785648846,1.0874168157451345,-0.0174956246854652,-4.980242120358316,0.8605721630004962,0.5874015501988787,0.8511102024241564,-0.1488762842903989,-5.449042000634545e-07,-0.0512699460394778,-0.0539111208446387,,,0.2484408618622316,0.1463542642789505,0.1436934607690352,,,,,0.2346245981937703,0.2475866171379845,0.2433386059602109,n/a (noise doesn't move it),beyond 25%,,,,beyond 25%,beyond 25%,beyond 25%,beyond 25%,,,
94,19167,IA,0,no residential sales in 2024,,,,,,,,,,,,,,,,,,,,,,,,,,,,,,,,,,,,,
95,13097,GA,1916,ok,acceptable (VEI within +/-10),0.8514970183581,23.44086006541303,1.105390516428263,-0.004019826185366,3.504235185424046,0.6701363266056249,0.2519933057657379,0.7515362336826008,-0.2484528057447788,-4.023808099735762e-07,-0.0983614724434078,-0.1199442746847434,,0.2484555694215538,,0.0625206156408574,,,,,,0.1681279581774658,,,n/a (noise doesn't move it),,beyond 25%,,progressive,beyond 25%,beyond 25%,beyond 25%,beyond 25%,,beyond 25%,beyond 25%
96,37173,NC,230,ok,acceptable (confidence intervals overlap),0.5254861244019138,29.73948198938697,0.9947257873225482,0.045526156426343,20.684785191223256,1.0834569953106998,0.6288283959080524,0.9268263858648178,-0.0731693008561057,1.483152859575877e-08,0.029328735490534,0.0443396227511572,,,,,,,,0.2326963615855124,0.2326985025170181,,,,n/a (noise doesn't move it),beyond 25%,progressive,progressive,progressive,progressive,beyond 25%,,,progressive,progressive,progressive
97,36113,NY,905,ok,acceptable (VEI within +/-10),0.855445301972314,20.805421997468898,1.066724467443704,-0.0480395023782823,-7.333906261036009,0.8931372411793964,0.6747902719032184,0.866673568314872,-0.1333262643466965,-9.602046261345753e-08,-0.0424292984784853,-0.0435997473125104,,0.2362427754825429,0.2305688047230643,0.2387726104404618,0.1852746991391914,0.2497288157691166,,0.2401239958865556,0.2401236588883888,0.2213754858576058,0.2463496880750725,0.2337559632790196,n/a (noise doesn't move it),,,,,,beyond 25%,,,,,
98,55035,WI,889,ok,acceptable (VEI within +/-10),0.9246252676659528,12.66597529254971,1.0034967083621054,0.0229492840756673,0.5852266110737107,0.9963593238385036,0.9073611355572022,0.9909773598798656,-0.0090218274618276,-4.3646394278384584e-08,-0.0009222340991046,-0.0010145920271078,,0.1487448580803437,0.06929125967106,,,0.0390394068030763,0.1352369627300237,0.0405469890673441,0.0405442466692409,0.0499692726595722,0.0377979283002394,0.035823687778472,n/a (noise doesn't move it),,,progressive,progressive,,,,,,,
99,27049,MN,678,ok,acceptable (VEI within +/-10),0.9376250880902044,15.38876415535622,1.0275438904356775,0.0088717015715571,-0.4212446738608159,0.9176925554699068,0.7114871996940306,0.9434253707768168,-0.0565734004313917,-8.286704903286628e-08,-0.0239196807049377,-0.0277654841269447,,0.1840298882740303,0.1636101216845213,,0.0216575925173903,0.1537099059336279,,0.1399108598694816,0.1399076880835937,0.126148024363403,0.1562278142125684,0.1567556817372059,n/a (noise doesn't move it),,,progressive,,,beyond 25%,,,,,
100,48223,TX,191,ok,acceptable (confidence intervals overlap),0.8055272103827876,29.3443945760856,1.0245898301248473,0.0618373446843642,10.616283715421474,0.9523614200563368,0.7797703502274246,0.9521551395917672,-0.0478381861574911,-9.543439318842138e-08,-0.0157833743179469,-0.0108840945017898,,,0.1726179110167899,,,0.1465833196243425,,0.1541663858196686,0.1541536679520595,0.1433718053303827,0.1317620354260674,0.1080565488649331,n/a (noise doesn't move it),beyond 25%,,progressive,progressive,,beyond 25%,,,,,
101,26129,MI,405,ok,acceptable (VEI significance <= 10),0.4052941176470588,29.387965329987125,1.0929832426730606,-0.0769909500260396,-24.826506477449875,0.8794237496829514,0.3092720753006101,0.8273344328738051,-0.1726527022346832,-3.195094381138531e-07,-0.0449782251029213,-0.047349089022308,,,0.2400464417943815,,,0.2213627370831906,,,,0.1151411885882536,0.222986327556946,0.2338489277645526,n/a (noise doesn't move it),beyond 25%,,beyond 25%,beyond 25%,,beyond 25%,beyond 25%,beyond 25%,,,
102,44005,RI,0,no residential sales in 2024,,,,,,,,,,,,,,,,,,,,,,,,,,,,,,,,,,,,,
103,21075,KY,114,ok,acceptable (VEI within +/-10),0.8890547263681592,43.818868227996056,1.3286185341916623,-0.0107338635445224,1.1247901510912153,0.7689750007383155,0.2292002988101796,0.8367043324768615,-0.1632513554685045,-8.461439106990392e-07,-0.1309739533418386,-0.2010732680733349,,,,0.2150797215809976,0.0293732041851734,,,,,0.2431064072009207,,,n/a (noise doesn't move it),beyond 25%,beyond 25%,,,beyond 25%,beyond 25%,beyond 25%,beyond 25%,,beyond 25%,beyond 25%
104,47127,TN,102,ok,acceptable (VEI within +/-10),0.8630606670500287,38.83720386164307,1.123522986985561,-0.0151982055536312,0.216053227391513,0.8266979974667142,0.5939081394487936,0.8344630976150292,-0.165537303475555,-3.686983945591583e-07,-0.0694662433932182,-0.0861154922071814,,,,0.2118964345994781,0.0738955426080752,,,,,,,,n/a (noise doesn't move it),beyond 25%,beyond 25%,,,beyond 25%,beyond 25%,beyond 25%,beyond 25%,beyond 25%,beyond 25%,beyond 25%
105,55099,WI,429,ok,acceptable (VEI within +/-10),0.8614285714285714,29.06531816459536,1.067882914972974,0.0077850542609208,3.886886215803,0.8702806783995117,0.6531877254337203,0.8659346530314554,-0.1340611350975613,-5.283759002718558e-07,-0.0484422403216966,-0.0616620460010872,,,0.2291644450973339,,,0.2430852827752085,,,,0.2143207312786031,0.2463316894792385,0.2443026381211128,n/a (noise doesn't move it),beyond 25%,,progressive,progressive,,beyond 25%,beyond 25%,beyond 25%,,,
106,31181,NE,73,skipped (fewer than 100 sales),,,,,,,,,,,,,,,,,,,,,,,,,,,,,,,,,,,,,
107,19153,,0,no residential sales in 2024,,,,,,,,,,,,,,,,,,,,,,,,,,,,,,,,,,,,,
108,29015,,0,no residential sales in 2024,,,,,,,,,,,,,,,,,,,,,,,,,,,,,,,,,,,,,
109,05035,AR,0,no residential sales in 2024,,,,,,,,,,,,,,,,,,,,,,,,,,,,,,,,,,,,,
110,06063,,0,no residential sales in 2024,,,,,,,,,,,,,,,,,,,,,,,,,,,,,,,,,,,,,
111,42097,PA,0,no residential sales in 2024,,,,,,,,,,,,,,,,,,,,,,,,,,,,,,,,,,,,,
112,02220,,0,no residential sales in 2024,,,,,,,,,,,,,,,,,,,,,,,,,,,,,,,,,,,,,
113,21213,KY,272,ok,acceptable (VEI within +/-10),0.6315276962223527,42.854061317843694,1.8413218829990965,-0.1242081578580482,9.661933582051672,0.4020831673472922,0.0073411431162019,0.4740225332651729,-0.5259411525244412,-2.482841274993827e-07,-0.3396482972366332,-0.4569502598585151,,,,,,,,,,0.138524527889815,,,n/a (noise doesn't move it),beyond 25%,beyond 25%,beyond 25%,progressive,beyond 25%,beyond 25%,beyond 25%,beyond 25%,,beyond 25%,beyond 25%
114,17125,IL,228,ok,UNACCEPTABLE regressivity,0.97530625,40.09961941369816,1.4044764105051435,-0.1630738708722298,-43.953253386981125,0.61513216618141,0.0492308987660865,0.6345569178566133,-0.3654455014869552,-9.677376870046677e-07,-0.1835830468050752,-0.2399686540482508,,,,,,,,,,0.205739689590443,,,n/a (noise doesn't move it),beyond 25%,beyond 25%,beyond 25%,beyond 25%,beyond 25%,beyond 25%,beyond 25%,beyond 25%,,beyond 25%,beyond 25%
115,45047,SC,1187,ok,UNACCEPTABLE regressivity,0.6631229235880398,274.42696197517347,4.44007861848352,-0.8630535400920171,-86.63947937082558,0.7144745816473659,0.3063501896776539,0.3861914539197918,-0.6138047827543077,-5.0929596138937164e-06,-0.172561054873142,-0.1959928710751122,,,,,,,,,,,,,n/a (noise doesn't move it),beyond 25%,beyond 25%,beyond 25%,beyond 25%,beyond 25%,beyond 25%,beyond 25%,beyond 25%,beyond 25%,beyond 25%,beyond 25%
116,48409,,0,no residential sales in 2024,,,,,,,,,,,,,,,,,,,,,,,,,,,,,,,,,,,,,
117,13183,GA,406,ok,UNACCEPTABLE progressivity,0.6654304786939679,21.68251079085033,0.982353300765306,0.1581704928010854,54.643023185159976,1.2249877208925328,0.6750304991771229,1.1414322721989827,0.1414442420092587,3.797600994613936e-07,0.0380667780322796,0.0371777883451898,,0.2360978705752797,,,,,,,,,,,n/a (noise doesn't move it),,progressive,progressive,progressive,progressive,beyond 25%,progressive,progressive,progressive,progressive,progressive
118,37081,,0,no residential sales in 2024,,,,,,,,,,,,,,,,,,,,,,,,,,,,,,,,,,,,,
119,23021,ME,0,no residential sales in 2024,,,,,,,,,,,,,,,,,,,,,,,,,,,,,,,,,,,,,
120,51169,VA,231,ok,UNACCEPTABLE regressivity,0.6676923076923077,45.67868302085414,1.192847754968825,-0.1476954393098476,-47.92785408128862,0.6852785614816793,0.4756964712385855,0.7010044437891203,-0.2989777286577629,-1.6474558163846793e-06,-0.1120903096422802,-0.1103110111263014,,,,,,,,,,,,,n/a (noise doesn't move it),beyond 25%,beyond 25%,beyond 25%,beyond 25%,beyond 25%,beyond 25%,beyond 25%,beyond 25%,beyond 25%,beyond 25%,beyond 25%
121,13223,GA,2566,ok,acceptable (VEI within +/-10),0.9552911787665884,12.24778995257321,1.0168665351734043,0.0249694444632743,4.584415885059245,0.8497934664936082,0.7285437577348683,0.9690575294296114,-0.0309396531141735,-1.6459243936521964e-07,-0.0306406403733134,-0.0330996485986949,,0.144098927249768,0.1213505665912831,,,0.1353052110249276,,0.0835391444784052,0.0835241003775155,0.1040900167115584,0.1327749206527878,0.1363372471755135,n/a (noise doesn't move it),,,progressive,progressive,,beyond 25%,,,,,
122,20045,KS,785,ok,acceptable (VEI within +/-10),0.8738828202581926,16.627727257323443,1.0299760085031446,-0.0303559578111427,-9.058280178969827,0.8726960231642462,0.8726148485988768,0.8490037396620536,-0.1509958854498996,-3.1541160710843915e-08,-0.0363523622796786,-0.035019696806879,,0.192084772458547,0.1560372642112751,0.1497065123968002,0.1428204261397578,0.1692840576091072,0.1590525608616625,0.186269429953566,0.1862670813149047,0.1448002979327541,0.1654308507098952,0.1675598435380549,n/a (noise doesn't move it),,,,,,,,,,,
123,48097,TX,429,ok,acceptable (VEI significance <= 10),0.8948704597117052,25.017669393549497,1.0289190062103206,0.0539238475243943,13.52234753253747,0.9222760208224322,0.783293407697258,0.8913195783314803,-0.1086799101206655,-1.4828046254856218e-07,-0.0252256881653183,-0.0264520910760512,,,0.1943776256767418,,,0.1821786666440867,,0.2211037070853317,0.2211031146186506,0.140696498033258,0.1508302053332104,0.1447570185391264,n/a (noise doesn't move it),beyond 25%,,progressive,progressive,,beyond 25%,,,,,
124,48381,TX,7,skipped (fewer than 100 sales),,,,,,,,,,,,,,,,,,,,,,,,,,,,,,,,,,,,,
125,37115,NC,267,ok,acceptable (VEI within +/-10),0.840672340425532,32.096202460226,1.1085032984490402,-0.0279321121096688,-8.485109904867844,0.8215474581322976,0.4323133123680916,0.8401891220622666,-0.1598101676733211,-2.904151373895613e-07,-0.0666440904121861,-0.0891127641760161,,,0.2491707764972136,0.2167463169142361,0.1945972258026375,,,,,0.2172778151108157,,,n/a (noise doesn't move it),beyond 25%,,,,beyond 25%,beyond 25%,beyond 25%,beyond 25%,,beyond 25%,beyond 25%
126,39135,,0,no residential sales in 2024,,,,,,,,,,,,,,,,,,,,,,,,,,,,,,,,,,,,,
127,42059,PA,0,no residential sales in 2024,,,,,,,,,,,,,,,,,,,,,,,,,,,,,,,,,,,,,
128,48489,TX,49,skipped (fewer than 100 sales),,,,,,,,,,,,,,,,,,,,,,,,,,,,,,,,,,,,,
129,01009,AL,637,ok,acceptable (confidence intervals overlap),0.8555,30.84238700182705,1.0791438934816469,-0.0428842985488995,-15.6968933167664,0.866249609279124,0.7306223913290522,0.7998850438363766,-0.2001126953402665,-6.235780056017092e-07,-0.0436170723757505,-0.0445782651954118,,,0.23779575297131,0.2105607996987496,0.2337337908545061,0.2369445091545024,,,,0.2309231929228098,0.2110462389141685,0.2131443926588702,n/a (noise doesn't move it),beyond 25%,,,,,beyond 25%,beyond 25%,beyond 25%,,,
130,18095,IN,2072,ok,UNACCEPTABLE progressivity,0.6086084777160292,33.88777602115653,12.20307720211088,0.009829552891816,32.50866460775826,0.3463509548846762,0.000104963314294,0.5856331214541384,-0.4143622180139681,-8.269597308168906e-10,-0.6150388479024953,-0.9119465376815878,,,,,,,,,,0.0030525484251211,,,n/a (noise doesn't move it),beyond 25%,beyond 25%,progressive,progressive,beyond 25%,beyond 25%,beyond 25%,beyond 25%,,beyond 25%,beyond 25%
131,47093,TN,7892,ok,UNACCEPTABLE progressivity,0.6173906882591094,20.75969038831168,1.010545564362854,0.0766606968238152,30.267046133179917,0.9981201566933025,0.4102986269151433,1.0464457334856658,0.046453183177796,-3.769964254363028e-09,-0.0006501649304762,-0.0084522947989265,,0.2288378532068792,0.1089612672499769,,,0.0301265155402485,,,,0.0519273171358603,0.0287299130450754,0.1110052051960607,n/a (noise doesn't move it),,,progressive,progressive,,progressive,progressive,progressive,,,
132,13215,GA,2590,ok,acceptable (VEI within +/-10),0.8806398348813209,20.89474197333752,1.0334127391152654,-0.0189079265176496,-8.412886815660466,0.9677618046990726,0.8025954858229152,0.9141401467240304,-0.0858582538071741,-2.134855757446812e-07,-0.011381794687548,-0.0088025178637864,,0.2333942781706424,0.1668270014128927,0.1431393858103851,0.1555126713663989,0.1107202127946902,,0.2039566486104976,0.2039549481612158,0.1581662091634083,0.1136651680923604,0.103060761073449,n/a (noise doesn't move it),,,,,,beyond 25%,,,,,
133,08035,CO,7787,ok,UNACCEPTABLE progressivity,0.9797186206896552,25.182953515011235,1.0666574872150276,0.1704296908209565,72.214708797465,0.7342918800063837,0.6760742728757879,0.640879988799271,-0.3591196917779916,-9.455266798851698e-09,-0.075012689585423,-0.0737472907022842,,,0.2377142151673069,,,,,,,0.2109972063674078,,,n/a (noise doesn't move it),beyond 25%,,progressive,progressive,beyond 25%,beyond 25%,beyond 25%,beyond 25%,,beyond 25%,beyond 25%
134,13209,GA,66,skipped (fewer than 100 sales),,,,,,,,,,,,,,,,,,,,,,,,,,,,,,,,,,,,,
135,18179,IN,362,ok,acceptable (confidence intervals overlap),0.8565216365190715,24.026749674858326,1.098012869184012,-0.0698097328533988,-10.727226776047248,0.7097471175804811,0.404174511097032,0.7499112171532449,-0.2500863198898089,-6.094927273767628e-07,-0.0893169471508685,-0.1014205222537558,,,,0.2021357146657622,0.1977635978611898,,,,,0.1835336066656237,,,n/a (noise doesn't move it),beyond 25%,beyond 25%,,,beyond 25%,beyond 25%,beyond 25%,beyond 25%,,beyond 25%,beyond 25%
136,13313,GA,826,ok,acceptable (VEI within +/-10),0.9027633333333334,23.388043262458325,1.0372193165195254,0.0015876792563567,-7.150919679716631,0.8919765035331115,0.9716924404857056,0.8930012817390313,-0.1069971631926437,-2.250117808582311e-07,-0.031092816141935,-0.0307889958393909,,,0.1863468688070764,,0.2080740256287104,0.1951488690159097,0.0991952608374225,0.2214794598829302,0.2214789724114703,0.1932237176455927,0.1791789351372127,0.1739059665544071,n/a (noise doesn't move it),beyond 25%,,progressive,,,,,,,,
137,31161,NE,38,skipped (fewer than 100 sales),,,,,,,,,,,,,,,,,,,,,,,,,,,,,,,,,,,,,
138,23005,ME,0,no residential sales in 2024,,,,,,,,,,,,,,,,,,,,,,,,,,,,,,,,,,,,,
139,17115,IL,1750,ok,acceptable (VEI within +/-10),0.8725543900543901,26.936470529557408,1.094965226121929,-0.0332849218751281,-3.0409317844506893,0.915890626292358,0.6733413913303918,0.8835917433669515,-0.1164068265299217,-1.573744597028832e-07,-0.0404274895839771,-0.0488659166475702,,,,0.2380012408666883,0.1146884552605373,,,,,0.2231303514165309,,,n/a (noise doesn't move it),beyond 25%,beyond 25%,,,beyond 25%,progressive,beyond 25%,beyond 25%,,beyond 25%,beyond 25%
140,39113,OH,8784,ok,acceptable (VEI within +/-10),0.7586498630136986,23.47694203972891,1.0305279001774468,0.011806012376118,-4.373404154905082,0.9672739038581174,0.676130543943021,0.9457340934570166,-0.0542592920094359,-1.5334778244088444e-07,-0.0119407092910592,-0.018110015872184,,0.2471649713721841,0.1614105429307484,,0.121819750231574,0.1298913135379209,,0.1814806620515499,0.1814728306518898,0.1357355019574748,0.1244411510302459,0.1419802497827461,n/a (noise doesn't move it),,,progressive,,,beyond 25%,,,,,
141,26103,MI,861,ok,acceptable (VEI within +/-10),0.7476923076923077,27.30871888130941,1.0462110836595235,0.0079136734579943,5.410963399129167,0.942881342711808,0.6194704997055175,0.8959952566076159,-0.1040018849449515,-2.1161325833938137e-07,-0.0211705939334403,-0.0256236572226296,,,0.2037582456463649,,,0.1896691407218111,,0.2443803687537106,0.2443793431246196,0.1555839816680145,0.1788450815508826,0.1864179779411704,n/a (noise doesn't move it),beyond 25%,,progressive,progressive,,beyond 25%,,,,,
142,36123,NY,264,ok,acceptable (confidence intervals overlap),0.815025641025641,25.058996961798226,1.0869015000937825,-0.0441751926312687,-11.29325538709477,0.890792159161694,0.6712383777063898,0.8572860740590259,-0.1427134554609247,-1.6555058407925594e-07,-0.0488794783638313,-0.0506649232626279,,0.2479734433759432,0.2352878890981998,0.2002115579945541,0.1953803513946369,,,,,0.2068952535053546,0.248491403421587,0.2437949331299513,n/a (noise doesn't move it),,,,,beyond 25%,beyond 25%,beyond 25%,beyond 25%,,,
143,48377,TX,33,skipped (fewer than 100 sales),,,,,,,,,,,,,,,,,,,,,,,,,,,,,,,,,,,,,
144,13145,GA,527,ok,acceptable (confidence intervals overlap),0.8585813333333333,18.18593339872668,1.025844014562243,0.0065665393338845,-14.518321696566115,0.9337526703872508,0.6273154738193916,0.9555972183293678,-0.0444003620117896,-1.515595614187188e-07,-0.0202332983538033,-0.0305173023880156,,0.2014816262254566,0.1433512595719651,,0.201794008037072,0.1374109118222026,,0.1628154293668982,0.1628057917329612,0.1255762315380761,0.13936025682451,0.1750093577970916,n/a (noise doesn't move it),,,progressive,,,beyond 25%,,,,,
145,18063,IN,2351,ok,UNACCEPTABLE progressivity,0.8414,15.539992096793425,1.009247717004274,0.0518001792114664,14.557378805272434,0.9321629430189736,0.9147302905637418,0.9198449171090632,-0.0801542879500033,-2.4000144714461018e-08,-0.015288528765297,-0.0158244637845363,,0.1786791214983405,0.0914018832249211,,,0.1072117692912787,0.1154148920898311,0.1105007858545225,0.1104998156299251,0.0904455783130699,0.0977780882619539,0.0999828966902871,n/a (noise doesn't move it),,,progressive,progressive,,,,,,,
146,06081,,0,no residential sales in 2024,,,,,,,,,,,,,,,,,,,,,,,,,,,,,,,,,,,,,
147,31089,NE,75,skipped (fewer than 100 sales),,,,,,,,,,,,,,,,,,,,,,,,,,,,,,,,,,,,,
148,37159,NC,2352,ok,UNACCEPTABLE progressivity,0.7337335563380282,33.156300560033614,1.1681511321697802,0.0228009818468906,21.253677178765702,0.6893212284059277,0.138032002766514,0.586800842444314,-0.4131950494619616,-2.3796865907737147e-07,-0.1155239492972279,-0.1466378730172561,,,,,,,,,,0.1594290830809916,,,n/a (noise doesn't move it),beyond 25%,beyond 25%,progressive,progressive,beyond 25%,beyond 25%,beyond 25%,beyond 25%,,beyond 25%,beyond 25%
149,24029,MD,374,ok,acceptable (VEI within +/-10),0.7210416827434305,23.5911867365663,1.135563851679435,-0.0631356706838035,-2.9471486461604206,0.7879993215704898,0.3083889337834775,0.7909963087409299,-0.2090024552446367,-1.1151294202429365e-07,-0.0871439613548203,-0.1065725979644263,,,,0.1915407153168781,0.1434977231238769,,,,,0.1632918823856873,,,n/a (noise doesn't move it),beyond 25%,beyond 25%,,,beyond 25%,beyond 25%,beyond 25%,beyond 25%,,beyond 25%,beyond 25%
150,36071,,0,no residential sales in 2024,,,,,,,,,,,,,,,,,,,,,,,,,,,,,,,,,,,,,
151,39009,OH,687,ok,acceptable (VEI within +/-10),0.7289082969432314,40.59962464964488,1.225304324914241,-0.051211860269552,0.8641789226393654,0.7554026876539542,0.3157027237491692,0.7696121274502912,-0.2303753393374277,-6.351242206298579e-07,-0.111016141369155,-0.1479212551560333,,,,,0.0804831737754075,,,,,0.2487393866097363,,,n/a (noise doesn't move it),beyond 25%,beyond 25%,beyond 25%,,beyond 25%,beyond 25%,beyond 25%,beyond 25%,,beyond 25%,beyond 25%
152,35051,,0,no residential sales in 2024,,,,,,,,,,,,,,,,,,,,,,,,,,,,,,,,,,,,,
153,42035,PA,0,no residential sales in 2024,,,,,,,,,,,,,,,,,,,,,,,,,,,,,,,,,,,,,
154,48123,TX,85,skipped (fewer than 100 sales),,,,,,,,,,,,,,,,,,,,,,,,,,,,,,,,,,,,,
155,38073,ND,50,skipped (fewer than 100 sales),,,,,,,,,,,,,,,,,,,,,,,,,,,,,,,,,,,,,
156,18117,IN,281,ok,acceptable (VEI within +/-10),0.7166353383458647,40.282327163098095,1.1722353285072222,-0.0351164137061625,1.4060203794697808,0.7335449716004088,0.4283306270535438,0.7456554083726911,-0.2543354592292151,-7.013189097373093e-07,-0.1078987523732579,-0.1225923468726539,,,,,0.1588307693326543,,,,,,,,n/a (noise doesn't move it),beyond 25%,beyond 25%,beyond 25%,,beyond 25%,beyond 25%,beyond 25%,beyond 25%,beyond 25%,beyond 25%,beyond 25%
157,55117,WI,1347,ok,acceptable (VEI within +/-10),0.8742547425474255,14.93606801496139,1.0274606078412694,-0.0029706757301079,1.4387350351211938,0.9198908694390427,0.6559487252384238,0.922773523141307,-0.0772258866076833,-1.358886862559192e-07,-0.0230438160845396,-0.0262209865497147,,0.1778393914452061,0.1715090836039553,0.040186127157699,,0.1488100242051536,,0.1365393817513596,0.1365389002502791,0.12089568199961,0.147239769667407,0.170022310787754,n/a (noise doesn't move it),,,,progressive,,beyond 25%,,,,,
158,13179,GA,1066,ok,UNACCEPTABLE progressivity,0.8749912868993751,16.60218463075814,0.998811711886841,0.1002857265803356,28.340323553128076,1.0283020052079817,0.6778265697745564,1.076167672427611,0.0761738229326672,1.5433064559371787e-08,0.0056170397133563,0.0034367599515994,,0.1969123421323463,,,,,,,,,,,n/a (noise doesn't move it),,progressive,progressive,progressive,progressive,beyond 25%,progressive,progressive,progressive,progressive,progressive
159,18077,IN,443,ok,acceptable (VEI within +/-10),0.5832,34.48791101842599,1.5357566375673215,-0.0266281486958404,3.935844676585408,0.5131787084921386,0.0143845891108806,0.6661274191762907,-0.3338659313221536,-2.26785899652463e-08,-0.2593738749400167,-0.3411532977174156,,,,0.1541216700293008,,,,,,0.0373286707372978,,,n/a (noise doesn't move it),beyond 25%,beyond 25%,,progressive,beyond 25%,beyond 25%,beyond 25%,beyond 25%,,beyond 25%,beyond 25%
160,42003,PA,16736,ok,acceptable (VEI within +/-10),0.4852615252201043,32.439929002303586,1.275606128170452,-0.0461536790897514,-3.418513196043228,0.7076184732407769,0.3329204030369567,0.4322935598185823,-0.5677385973056626,-4.630763030223396e-08,-0.1435610638164324,-0.1894486528699834,,,,,0.1444947382781705,,,,,0.2306125191003197,,,n/a (noise doesn't move it),beyond 25%,beyond 25%,beyond 25%,,beyond 25%,beyond 25%,beyond 25%,beyond 25%,,beyond 25%,beyond 25%
161,38095,ND,18,skipped (fewer than 100 sales),,,,,,,,,,,,,,,,,,,,,,,,,,,,,,,,,,,,,
162,39155,OH,0,no residential sales in 2024,,,,,,,,,,,,,,,,,,,,,,,,,,,,,,,,,,,,,
163,54023,WV,75,skipped (fewer than 100 sales),,,,,,,,,,,,,,,,,,,,,,,,,,,,,,,,,,,,,
164,36019,NY,425,ok,acceptable (VEI significance <= 10),0.8904761904761904,21.9693400275686,1.1094702976141162,-0.0914742408638245,-14.544629577208202,0.7921608993927182,0.567025759987373,0.8063775903680623,-0.1936220620260184,-4.548693486440938e-07,-0.0762369013238948,-0.0860803905688261,,0.2436763453583524,,,0.2311303325797556,,,,,0.2241050055053895,,,n/a (noise doesn't move it),,beyond 25%,beyond 25%,,beyond 25%,beyond 25%,beyond 25%,beyond 25%,,beyond 25%,beyond 25%
165,48029,,0,no residential sales in 2024,,,,,,,,,,,,,,,,,,,,,,,,,,,,,,,,,,,,,
166,01131,AL,65,skipped (fewer than 100 sales),,,,,,,,,,,,,,,,,,,,,,,,,,,,,,,,,,,,,
167,13049,GA,100,ok,acceptable (confidence intervals overlap),0.8191878927167808,39.965328945074255,1.0602700364461102,0.0449799873051169,34.687393710749845,0.9540522809647164,0.5444058903351482,0.9732589126022236,-0.0267328906438605,-1.7444310762634737e-07,-0.0215538297603952,-0.0444906920446674,,,0.1725408961506948,,,0.1900612640624097,,0.1649887497098482,0.1649807387449425,0.1314384286542171,0.2254868588102083,0.2230457299065324,n/a (noise doesn't move it),beyond 25%,,progressive,progressive,,beyond 25%,,,,,
168,19005,IA,0,no residential sales in 2024,,,,,,,,,,,,,,,,,,,,,,,,,,,,,,,,,,,,,
169,17147,IL,206,ok,acceptable (VEI within +/-10),0.8708511721958926,17.220196810384294,1.0157901256111812,0.0062117281581585,3.8849226040254976,0.9744662225059288,0.8198023513351761,0.9602947153240132,-0.0397048320298196,-1.5614965933486374e-07,-0.0081608857676835,-0.0089583037911553,,0.2148668145237368,0.1536659009002706,,,0.1356374693541764,0.2431938954505346,0.1685112227719082,0.1685066229167574,0.1368067971864417,0.130705702391175,0.1079370865916657,n/a (noise doesn't move it),,,progressive,progressive,,,,,,,
170,50013,VT,0,no residential sales in 2024,,,,,,,,,,,,,,,,,,,,,,,,,,,,,,,,,,,,,
171,48061,TX,1875,ok,acceptable (confidence intervals overlap),0.837160227842871,32.92810499348376,1.1064153667149192,0.0723825609987528,10.881018732203604,0.7381981484622022,0.2395505491232386,0.6917498652996568,-0.3082494881934828,-1.3963058353442438e-07,-0.0842895220301367,-0.0938205552728741,,,,,,,,,,0.1397321019063159,,,n/a (noise doesn't move it),beyond 25%,beyond 25%,progressive,progressive,beyond 25%,beyond 25%,beyond 25%,beyond 25%,,beyond 25%,beyond 25%
172,26069,MI,636,ok,acceptable (confidence intervals overlap),0.7846713286713287,31.784045266128032,1.084692054098609,-0.0422509458347058,-27.59239272554789,0.8967233820463049,0.7104481499639396,0.8553015474007121,-0.1446918856217534,-6.76854864639411e-07,-0.0387842657844474,-0.0352041569416385,,,,0.2351557621343857,,0.2468919009068307,,,,0.2495768603833315,0.240678470683001,0.2255259273418017,n/a (noise doesn't move it),beyond 25%,beyond 25%,,beyond 25%,,beyond 25%,beyond 25%,beyond 25%,,,
173,17099,IL,1378,ok,acceptable (confidence intervals overlap),0.8632188988095237,23.96063289843064,1.0608687855959722,-0.0293842360234396,-13.895198482676772,0.8845947453959421,0.6796129923936877,0.8648030596517999,-0.1351954478635006,-4.647039941274058e-07,-0.0405227662831511,-0.044061715732671,,0.243567051820319,0.2273146136638316,0.2039263482610284,0.2241793375759801,0.2271353718408329,,0.2409020586307107,0.2409015359570888,0.1905938804748151,0.2239475123581697,0.2234397399937627,n/a (noise doesn't move it),,,,,,beyond 25%,,,,,
174,47031,TN,1162,ok,UNACCEPTABLE progressivity,0.5781253594019551,33.58537686749627,0.995067482961842,0.0681025858517709,61.3531923898131,1.0156573004265623,0.4103709599866244,1.0103853247153345,0.0104255482963317,1.811160820098371e-08,0.0058145390469579,-0.0024038585893557,,,,,,,,,,,,0.0425879895383777,n/a (noise doesn't move it),beyond 25%,progressive,progressive,progressive,progressive,beyond 25%,progressive,progressive,progressive,progressive,
175,39037,OH,601,ok,acceptable (confidence intervals overlap),0.7657674418604651,21.713817452494037,1.0558779846882635,-0.0393514265948497,-11.41214295299014,0.8450686680005921,0.6118961288915525,0.8379764254618486,-0.1620207347615412,-5.236151836315565e-07,-0.0482383984435581,-0.0508280605741684,,0.2204483939947091,0.2278514457196075,0.1807805913757905,0.1892410734129738,0.2237348790535459,,0.2222118620650239,0.2222085728424546,0.1738113759736935,0.2255698656839086,0.224506396807114,n/a (noise doesn't move it),,,,,,beyond 25%,,,,,
176,39171,OH,473,ok,acceptable (VEI within +/-10),0.8575757575757575,22.5474294101443,1.088844862138694,-0.0482652692491574,-7.097688958769894,0.8047987042989984,0.5422513292357696,0.8416044469900889,-0.1583870910651847,-4.647729661782227e-07,-0.0685075810656723,-0.0750252933536408,,0.2398719766205928,,0.2386954584718302,0.1983068558006981,,,,,0.190678188873955,,,n/a (noise doesn't move it),,beyond 25%,,,beyond 25%,beyond 25%,beyond 25%,beyond 25%,,beyond 25%,beyond 25%
177,29215,MO,0,no residential sales in 2024,,,,,,,,,,,,,,,,,,,,,,,,,,,,,,,,,,,,,
178,51157,VA,134,ok,acceptable (VEI within +/-10),0.6906091954022988,38.638127889396216,1.0846578099925308,0.0384772060458755,2.662143855095549,0.908351026716831,0.473074293784414,1.002695363560064,0.0027102332273518,-7.632342496492853e-08,-0.0464390003494525,-0.0754023336050448,,,0.2477080377419618,,0.0471871114370203,,,0.0443685811586817,0.0445116730831029,0.1543787575593718,0.2416088090876619,0.241910411054622,n/a (noise doesn't move it),beyond 25%,,progressive,,beyond 25%,beyond 25%,,,,,
179,13273,GA,100,ok,acceptable (VEI significance <= 10),0.6095658119658119,48.031896574873024,2.110374911415843,-0.1613092355534304,-48.65288966633491,0.5863962324098809,0.0650947723718554,0.6334214026485608,-0.3665715548710302,-1.523607252684409e-07,-0.2880329605767799,-0.4395635661925261,,,,,,,,,,0.1657468135559886,,,n/a (noise doesn't move it),beyond 25%,beyond 25%,progressive,progressive,beyond 25%,beyond 25%,beyond 25%,beyond 25%,,beyond 25%,beyond 25%
180,20167,,0,no residential sales in 2024,,,,,,,,,,,,,,,,,,,,,,,,,,,,,,,,,,,,,
181,37091,NC,0,no residential sales in 2024,,,,,,,,,,,,,,,,,,,,,,,,,,,,,,,,,,,,,
182,39127,OH,0,no residential sales in 2024,,,,,,,,,,,,,,,,,,,,,,,,,,,,,,,,,,,,,
183,42017,,0,no residential sales in 2024,,,,,,,,,,,,,,,,,,,,,,,,,,,,,,,,,,,,,
184,40047,OK,1040,ok,UNACCEPTABLE regressivity,0.8931534591194968,31.79831022324215,1.1549106000764522,-0.1481289126986372,-43.97156319408655,0.8527633608627465,0.7216821453811602,0.7560647492909951,-0.2439315940940301,-1.1422838418715346e-06,-0.061190534896254,-0.05875540973975,,,,,,,,,,,,,n/a (noise doesn't move it),beyond 25%,beyond 25%,beyond 25%,beyond 25%,beyond 25%,beyond 25%,beyond 25%,beyond 25%,beyond 25%,beyond 25%,beyond 25%
185,41035,OR,1047,ok,acceptable (confidence intervals overlap),0.971375,32.14306784640693,1.0510381358588814,0.0526469228187208,14.853815710106703,0.8733107921147436,0.669046237194923,0.8372847360547118,-0.1627140510929932,-4.585401778960207e-07,-0.0376973312360864,-0.0443842969885088,,,0.2060272563625696,,,0.2357594845260081,,,,0.2209746980183135,0.2106273837244269,0.2105979499890925,n/a (noise doesn't move it),beyond 25%,,progressive,progressive,,beyond 25%,beyond 25%,beyond 25%,,,
186,21163,KY,549,ok,acceptable (confidence intervals overlap),0.6486187845303868,44.50004563182182,1.1474980279510698,-0.0403601649059155,-20.47950932684147,0.781632453800134,0.417668794494378,0.7735873106198659,-0.226401833485444,-8.831055543464557e-07,-0.0823670233388249,-0.1032843701114369,,,,,,,,,,0.2475686125666566,,,n/a (noise doesn't move it),beyond 25%,beyond 25%,beyond 25%,beyond 25%,beyond 25%,beyond 25%,beyond 25%,beyond 25%,,beyond 25%,beyond 25%
187,45011,SC,172,ok,acceptable (confidence intervals overlap),0.6228271728271728,52.577158418798085,1.1746691768353092,-0.0506986183193238,-17.400205140326957,0.8509619405163833,0.5071492447184417,0.8163329299397036,-0.1836543196861996,-1.1857696179655622e-06,-0.0604000401159876,-0.0572673500182678,,,,,,,,,,,,,n/a (noise doesn't move it),beyond 25%,beyond 25%,beyond 25%,beyond 25%,beyond 25%,beyond 25%,beyond 25%,beyond 25%,beyond 25%,beyond 25%,beyond 25%
188,17137,IL,469,ok,acceptable (VEI within +/-10),0.912,29.14109849187128,1.071498913781631,-0.0090540439166321,0.1373981637139562,0.8740560277645314,0.7398620697732002,0.8565736196323526,-0.1434223370915643,-9.699438635852106e-07,-0.0442046456804892,-0.0443367183182741,,,0.2319011337389042,0.1360529544520543,0.0412121799491016,0.2462791467675721,,,,0.2354698426733761,0.2391974611464946,0.2132285525026561,n/a (noise doesn't move it),beyond 25%,,,,,beyond 25%,beyond 25%,beyond 25%,,,
189,31061,NE,38,skipped (fewer than 100 sales),,,,,,,,,,,,,,,,,,,,,,,,,,,,,,,,,,,,,
190,51017,VA,0,no residential sales in 2024,,,,,,,,,,,,,,,,,,,,,,,,,,,,,,,,,,,,,
191,19067,IA,234,ok,acceptable (confidence intervals overlap),0.9198388644812436,24.68402789683722,1.172535736019222,-0.0988379291845681,-16.580474421320748,0.7722592557392689,0.3458673836554398,0.7921026821058244,-0.207896396262605,-6.22298819723783e-07,-0.0974784987336363,-0.1264968814370908,,,,,,,,,,0.1902314481335482,,,n/a (noise doesn't move it),beyond 25%,beyond 25%,beyond 25%,beyond 25%,beyond 25%,beyond 25%,beyond 25%,beyond 25%,,beyond 25%,beyond 25%
192,18141,IN,3451,ok,acceptable (VEI within +/-10),0.7816326530612245,28.87915221685092,1.102504109731365,-0.0074809306791116,4.298262925261668,0.8136074084558316,0.1825358460312705,0.7925870819512454,-0.2074055186711542,-1.3290202125310721e-07,-0.0682372232411621,-0.084317993387202,,,,0.1010097588074492,,,,,,0.1214656320620004,,,n/a (noise doesn't move it),beyond 25%,beyond 25%,,progressive,beyond 25%,beyond 25%,beyond 25%,beyond 25%,,beyond 25%,beyond 25%
193,19165,IA,0,no residential sales in 2024,,,,,,,,,,,,,,,,,,,,,,,,,,,,,,,,,,,,,
194,13013,GA,1318,ok,UNACCEPTABLE progressivity,0.8388708606557377,16.485388233288536,0.9955712393543342,0.1373999258397981,32.35801571877282,1.0762625881893313,0.7714294870130513,1.084364857434788,0.0843665153172541,5.40388216716984e-08,0.01449911180207,0.0116165710212231,,0.1858413981539992,,,,,0.2316574967903201,,,,,,n/a (noise doesn't move it),,progressive,progressive,progressive,progressive,,progressive,progressive,progressive,progressive,progressive
195,40039,OK,275,ok,acceptable (VEI significance <= 10),0.7789101123595505,21.928060743561392,0.9871321065306224,0.0809415711834965,24.26814595374973,1.0696721356678294,0.7991767750742975,1.026560750645161,0.0265623962476531,1.1211540730027136e-07,0.0219181397558339,0.0265923713291458,,0.2311994528036872,,,,,,,,,,,n/a (noise doesn't move it),,progressive,progressive,progressive,progressive,beyond 25%,progressive,progressive,progressive,progressive,progressive
196,01105,,0,no residential sales in 2024,,,,,,,,,,,,,,,,,,,,,,,,,,,,,,,,,,,,,
197,42085,PA,0,no residential sales in 2024,,,,,,,,,,,,,,,,,,,,,,,,,,,,,,,,,,,,,
198,13109,GA,103,ok,acceptable (confidence intervals overlap),0.786,50.47257530725811,1.7456150824904908,-0.1997418042365357,-76.67739441932692,0.5813058739656874,0.0440548354746611,0.6277098256689495,-0.372287079335329,-3.724309016581499e-07,-0.2441936244726437,-0.3485350254248132,,,,,,,,,,0.1762586865041167,,,n/a (noise doesn't move it),beyond 25%,beyond 25%,beyond 25%,beyond 25%,beyond 25%,beyond 25%,beyond 25%,beyond 25%,,beyond 25%,beyond 25%
199,08059,CO,8170,ok,acceptable (VEI significance <= 10),0.929972009569378,10.386333422798256,1.0252545602376946,-0.0441352796373328,-11.068664576275516,0.9005055828801823,0.879094467234132,0.8935335316384041,-0.1064663279988047,-4.409882177657341e-09,-0.0300626308147016,-0.0293613758647055,,0.12622798971228,0.151304770979672,0.1457331940399119,0.1817107054952373,0.1507308526993105,0.1917799585534705,0.1438808542683965,0.143880720952031,0.1374010503684254,0.1511612731345889,0.1662541302920349,n/a (noise doesn't move it),,,,,,,,,,,
200,18171,IN,109,ok,UNACCEPTABLE regressivity,0.6509090909090909,69.98098165668998,1.4675803301475543,-0.3859217655873949,-109.83699726716488,0.6415446693200603,0.3992057154789082,0.5404751131484915,-0.4595233328312426,-2.942869479406569e-06,-0.1496244334441183,-0.1503961261278621,,,,,,,,,,,,,n/a (noise doesn't move it),beyond 25%,beyond 25%,beyond 25%,beyond 25%,beyond 25%,beyond 25%,beyond 25%,beyond 25%,beyond 25%,beyond 25%,beyond 25%
201,06011,CA,0,no residential sales in 2024,,,,,,,,,,,,,,,,,,,,,,,,,,,,,,,,,,,,,
202,42071,PA,5390,ok,UNACCEPTABLE progressivity,0.5159193826784445,17.419779579138478,1.0056427021969232,0.0797471617801812,30.034869043152376,0.9895210152606702,0.4306298766349808,1.0095359594892588,0.0095400821406603,-1.4136220808184855e-08,-0.0026162920100427,-0.0051415351659489,,0.1995766977048669,0.0692237714497628,,,0.0440638025809606,,,,0.0337815670625921,0.0425344873814193,0.0633478765870783,n/a (noise doesn't move it),,,progressive,progressive,,beyond 25%,progressive,progressive,,,
203,27167,MN,86,skipped (fewer than 100 sales),,,,,,,,,,,,,,,,,,,,,,,,,,,,,,,,,,,,,
204,20137,,0,no residential sales in 2024,,,,,,,,,,,,,,,,,,,,,,,,,,,,,,,,,,,,,
205,12129,FL,530,ok,acceptable (VEI within +/-10),0.7374142244575556,18.332621816650622,1.003476356080787,0.0289790767084894,8.274620846886659,1.0113400211215011,0.7324593259649838,0.9901148071531471,-0.0098824834709644,-3.011206025394614e-08,0.0033789919737428,0.0033920643042916,,0.2066334249255836,0.0553330164098305,,,,,0.0690902574049164,0.0690751385938116,0.0444985177548539,,,n/a (noise doesn't move it),,,progressive,progressive,progressive,beyond 25%,,,,progressive,progressive
206,17107,IL,417,ok,acceptable (VEI within +/-10),0.86225,25.855012420544263,1.1239389941731597,-0.1156437202021584,-9.529521444315554,0.7141633056333064,0.3059193136143027,0.6457409714701541,-0.3542578362530242,-1.121988642591172e-06,-0.0923857932624498,-0.1063524353390916,,,,,0.2295577945660728,,,,,0.2120754567846875,,,n/a (noise doesn't move it),beyond 25%,beyond 25%,beyond 25%,,beyond 25%,beyond 25%,beyond 25%,beyond 25%,,beyond 25%,beyond 25%
207,08083,CO,359,ok,UNACCEPTABLE progressivity,0.5729448669201521,32.379065040001485,1.0269285796495418,0.1854438071329621,31.064489779488955,0.9126768593765636,0.3431614259112224,0.945386105672916,-0.0546072262406223,-8.760711499227485e-08,-0.0247743603248971,-0.0314112427158097,,,0.1539188009120585,,,0.185197431330532,,0.1657475933892391,0.1657382826871834,0.0996936231831458,0.1528026169733462,0.1691465688713233,n/a (noise doesn't move it),beyond 25%,,progressive,progressive,,beyond 25%,,,,,
208,17037,IL,1167,ok,acceptable (VEI within +/-10),0.8543692307692308,13.906016936608838,1.011991918649304,0.01264077103959,8.083659833280839,0.9163367646324372,0.790293198814993,0.8837488328197596,-0.1162505594245684,-2.803424620381497e-07,-0.0160977599737985,-0.0144573579671716,,0.168787255758931,0.1109183431509086,,,0.113274439929751,0.1826003415034127,0.1322347781015658,0.1322345460232917,0.1053490726042622,0.1090505326127586,0.1036980340965216,n/a (noise doesn't move it),,,progressive,progressive,,,,,,,
209,05115,AR,0,no residential sales in 2024,,,,,,,,,,,,,,,,,,,,,,,,,,,,,,,,,,,,,
210,38029,ND,39,skipped (fewer than 100 sales),,,,,,,,,,,,,,,,,,,,,,,,,,,,,,,,,,,,,
211,31151,NE,165,ok,UNACCEPTABLE progressivity,0.7797941176470589,31.09498431164318,0.9931860109013092,0.1071545228992396,48.32955592943863,1.0279150804786692,0.761942678863385,0.9734798302463556,-0.0265162647358539,3.125562673524204e-08,0.0104528011741718,0.0086687448824739,,,,,,,,0.1697595338112942,0.1698238082907841,0.0475920846516074,,,n/a (noise doesn't move it),beyond 25%,progressive,progressive,progressive,progressive,beyond 25%,,,,progressive,progressive
212,16049,ID,113,ok,acceptable (confidence intervals overlap),0.75921947726459,32.97002027971785,1.0676079327501933,0.0159507972639337,11.365721062892282,0.8554563708340441,0.5616876232584884,0.8343403060104647,-0.1656566734504107,-3.2992094617740266e-07,-0.0450481084249503,-0.0502993786730496,,,0.2107240586977469,,,0.2452062691065458,,,,0.197494411909958,0.2097776286204789,0.2270550429935297,n/a (noise doesn't move it),beyond 25%,,progressive,progressive,,beyond 25%,beyond 25%,beyond 25%,,,
213,13227,GA,669,ok,acceptable (VEI within +/-10),0.9616419849311508,15.750570875677193,1.0146503826412965,0.0134085280248265,6.106765690157749,0.9614538637400212,0.8185062362768083,0.9440910769698974,-0.0559082073746999,-8.762788987338172e-08,-0.0111253772127839,-0.0114694890092124,,0.1781218227670578,0.1163451381783164,,,0.1089314730376698,0.2349657666995491,0.1580710568804503,0.1580692620043752,0.1088492089766628,0.1050277809616003,0.1052687257576596,n/a (noise doesn't move it),,,progressive,progressive,,,,,,,
214,17121,IL,499,ok,acceptable (VEI significance <= 10),0.8642071197411003,39.9126553882951,3.632437343332285,-0.1331031793381936,-30.274024692220603,0.4065977045155567,0.0003531444541845,0.6050727434302117,-0.3949238586232977,-8.760732111109167e-09,-0.4786403752815393,-0.6993554173781955,,,,,,,,,,0.0208333460257896,,,n/a (noise doesn't move it),beyond 25%,beyond 25%,beyond 25%,beyond 25%,beyond 25%,beyond 25%,beyond 25%,beyond 25%,,beyond 25%,beyond 25%
215,18051,IN,493,ok,acceptable (VEI significance <= 10),0.790131271459958,30.819115059206677,1.1487719726396288,-0.1397577097145597,-27.1732024022254,0.7234282374079516,0.3720057727082199,0.7270507667753631,-0.2729480241490251,-7.138345753542886e-07,-0.0954735314548644,-0.1037509834633536,,,,,,,,,,0.1872870016494597,,,n/a (noise doesn't move it),beyond 25%,beyond 25%,beyond 25%,beyond 25%,beyond 25%,beyond 25%,beyond 25%,beyond 25%,,beyond 25%,beyond 25%
216,16021,ID,100,ok,acceptable (confidence intervals overlap),0.8046104391935445,25.710191503406463,1.0344459603130565,0.0840134832570255,15.222923332379612,0.8660932033899273,0.6224887225099277,0.91112248194957,-0.0888763006524854,-2.0835740661491946e-07,-0.0351516607820645,-0.0432434242761725,,,0.1777560614373118,,,0.1977503181084209,,0.1559783413028873,0.1559766039865248,0.1294880746430363,0.1776883849209218,0.2314260478482695,n/a (noise doesn't move it),beyond 25%,,progressive,progressive,,beyond 25%,,,,,
217,28007,,0,no residential sales in 2024,,,,,,,,,,,,,,,,,,,,,,,,,,,,,,,,,,,,,
218,01031,AL,859,ok,acceptable (VEI within +/-10),0.9396923076923076,14.322717526185077,1.0017584129969488,0.0158781292167182,0.9298907940487504,1.0105970257239043,0.9298463871497208,0.9946977782700306,-0.005301141210033,-2.323296376137459e-08,0.0032914498134029,0.0052213623296163,,0.1691198536161847,0.0319963628125003,,,,0.1319823199914028,0.04130079566252,0.0412499090542514,0.032227665928993,,,n/a (noise doesn't move it),,,progressive,progressive,progressive,,,,,progressive,progressive
219,56037,WY,355,ok,acceptable (VEI within +/-10),0.8738027960921196,16.761801003987827,1.0191828425858362,0.0164743084657272,1.6425586385544777,0.8877966973903478,0.7563373804060753,0.9149328357631968,-0.0850658220346002,-2.801139535335515e-07,-0.0253396088170358,-0.0264240270617717,,0.1902997761311264,0.1401228039523135,,,0.1434409810453224,0.244267803345903,0.128761997516487,0.1287564463650826,0.129988612661971,0.1407592062972725,0.1413023351837349,n/a (noise doesn't move it),,,progressive,progressive,,,,,,,
220,20041,,0,no residential sales in 2024,,,,,,,,,,,,,,,,,,,,,,,,,,,,,,,,,,,,,
221,29063,MO,0,no residential sales in 2024,,,,,,,,,,,,,,,,,,,,,,,,,,,,,,,,,,,,,
222,37155,NC,867,ok,acceptable (confidence intervals overlap),0.8261,37.22162064771454,1.162571855103839,-0.0442183181743148,10.560631801276458,0.7708179282273101,0.4312316472972029,0.7312172338871754,-0.2687362418206682,-9.486930027886586e-07,-0.089042646412691,-0.0923937791928013,,,,,,,,,,,,,n/a (noise doesn't move it),beyond 25%,beyond 25%,beyond 25%,progressive,beyond 25%,beyond 25%,beyond 25%,beyond 25%,beyond 25%,beyond 25%,beyond 25%
223,21077,KY,175,ok,acceptable (confidence intervals overlap),0.8290155440414507,35.405166788526834,1.1743844253592155,-0.0542619962986416,-10.19207485573092,0.7877982474123622,0.3936355786811456,0.783621986310411,-0.2163661020925332,-9.941262291104776e-07,-0.0894464012875215,-0.118544553345792,,,,,,,,,,0.2390566410042179,,,n/a (noise doesn't move it),beyond 25%,beyond 25%,beyond 25%,beyond 25%,beyond 25%,beyond 25%,beyond 25%,beyond 25%,,beyond 25%,beyond 25%
224,30007,MT,0,no residential sales in 2024,,,,,,,,,,,,,,,,,,,,,,,,,,,,,,,,,,,,,
225,08051,CO,0,no residential sales in 2024,,,,,,,,,,,,,,,,,,,,,,,,,,,,,,,,,,,,,
226,37107,NC,740,ok,acceptable (VEI within +/-10),0.5001296534017972,39.512762741058665,1.1434727676019831,-0.0341811962804521,-2.9216083725253097,0.8193609351137713,0.3170767172977803,0.6793823694870633,-0.3206074632501526,-6.048056815647961e-07,-0.071333878760518,-0.0854384371515566,,,,,0.2409360653202008,,,,,0.1974607585818733,,,n/a (noise doesn't move it),beyond 25%,beyond 25%,beyond 25%,,beyond 25%,beyond 25%,beyond 25%,beyond 25%,,beyond 25%,beyond 25%
227,26039,MI,456,ok,UNACCEPTABLE regressivity,1.0855384615384616,1260.044424625968,13.739514449928754,-6.655182357473729,-2666.543936578746,0.4836583193862307,0.5381907347004459,0.2086913584670084,-0.7913389028698623,-9.106548063121618e-05,-0.2977519812802374,-0.2781207080831223,,,,,,,,,,,,,n/a (noise doesn't move it),beyond 25%,beyond 25%,beyond 25%,beyond 25%,beyond 25%,beyond 25%,beyond 25%,beyond 25%,beyond 25%,beyond 25%,beyond 25%
228,28107,,0,no residential sales in 2024,,,,,,,,,,,,,,,,,,,,,,,,,,,,,,,,,,,,,
229,55017,WI,1001,ok,acceptable (VEI within +/-10),0.9642967066789782,15.536892061451598,1.022884648813256,-0.0152518959897969,-6.91143867678643,0.9419592111385332,0.8818661514036616,0.9325911186113688,-0.0674086474928431,-1.974000697076841e-07,-0.0177952825656462,-0.01833523790791,,0.1833449203968529,0.1534094977108212,0.1119796832144383,0.1080747804111403,0.1295780690943824,0.1958990085433496,0.1426050432481474,0.1426039159732934,0.1475845706763648,0.1200961758388642,0.1226821154031819,n/a (noise doesn't move it),,,,,,,,,,,
230,17049,IL,350,ok,acceptable (VEI within +/-10),0.2687532051282051,25.64696452625722,1.0699467945156824,-0.027348360225869,5.044600603389419,0.8327976546425193,0.1751697090041756,0.842892243981885,-0.1570960579738038,-6.074389187759888e-08,-0.0535510370641554,-0.0597661773455591,,,0.2147714741618568,0.1951154071369666,,0.2480016937412527,,,,0.0533081867853011,0.2135044723055662,0.2119053818765739,n/a (noise doesn't move it),beyond 25%,,,progressive,,beyond 25%,beyond 25%,beyond 25%,,,
231,16043,ID,138,ok,acceptable (confidence intervals overlap),0.6806634952257103,33.701350778473845,1.0475160129524177,0.1455861046812772,21.413510182630375,0.840234531375692,0.5182795816471565,0.8838266570625294,-0.1161254614040325,-1.909714861290925e-07,-0.0478379161434145,-0.0547042785707529,,,0.1931844905782104,,,0.2318077243529049,,,,0.1534756740528179,0.1959153363340227,0.1978917432320306,n/a (noise doesn't move it),beyond 25%,,progressive,progressive,,beyond 25%,beyond 25%,beyond 25%,,,
232,48013,TX,339,ok,acceptable (confidence intervals overlap),0.86289654257964,27.28287806828295,1.0179598164026966,0.0773512425195381,24.941630558136115,0.9696135810171792,0.8177124111247343,0.942720429104864,-0.057278037786414,-2.2152187550371055e-07,-0.008556273265446,-0.0088256123267154,,,0.1502777989689606,,,0.1086394467285276,0.211224100545435,0.1774227428671005,0.1774184634664252,0.1496473912777971,0.1081900236936989,0.1134711298776252,n/a (noise doesn't move it),beyond 25%,,progressive,progressive,,,,,,,
233,29003,,0,no residential sales in 2024,,,,,,,,,,,,,,,,,,,,,,,,,,,,,,,,,,,,,
234,04013,AZ,53680,ok,acceptable (VEI within +/-10),0.8377675082169156,9.337411412514191,1.0229866646345946,-0.0290240982248927,-7.914150429077018,0.9375616990451932,0.9393703646977742,0.9314913340667136,-0.0685082171903191,-3.804052287979852e-09,-0.0227125247601061,-0.0218740485317878,,0.1137641099337559,0.1376033068472168,0.1471427505718273,0.1558235946920097,0.1417414360616142,0.1581219661323557,0.1392685130549472,0.1392680254825775,0.1394324083022954,0.1427883441171279,0.1475439192248077,n/a (noise doesn't move it),,,,,,,,,,,
235,54071,,0,no residential sales in 2024,,,,,,,,,,,,,,,,,,,,,,,,,,,,,,,,,,,,,
236,13165,GA,90,skipped (fewer than 100 sales),,,,,,,,,,,,,,,,,,,,,,,,,,,,,,,,,,,,,
237,46065,SD,0,no residential sales in 2024,,,,,,,,,,,,,,,,,,,,,,,,,,,,,,,,,,,,,
238,27119,MN,335,ok,acceptable (VEI within +/-10),0.9318367346938776,15.896737431351442,1.0325598449750677,-0.0291411754543502,-4.121530932040026,0.9415685689917574,0.8585332781334429,0.9185145274193623,-0.0814848678024999,-2.404890597780413e-07,-0.0197402059528355,-0.020353734228607,,0.1818501957640656,0.1669770663311279,0.1692205497645501,0.1657273795800552,0.1648402873053036,0.2138686164728318,0.181527671172959,0.1815274448883945,0.1788790165115807,0.1612721944331344,0.1443506158084347,n/a (noise doesn't move it),,,,,,,,,,,
239,53053,WA,9771,ok,acceptable (VEI within +/-10),0.9017021276595744,8.485413090471917,1.0066567076658006,-0.0054479228510869,-2.0174729375028604,0.9625988332868608,1.0372779658436808,0.9542705145597676,-0.0457290719918442,-6.154124892780755e-09,-0.0092400864942137,-0.0089617144613789,,0.1039659435720955,0.0717644766518931,0.0522062357986988,0.0721112729509779,0.0764793185708214,0.1387077138736801,0.0897008810268131,0.089700535503857,0.0824646042531347,0.0756991027066347,0.0760413429897256,n/a (noise doesn't move it),,,,,,,,,,,
240,45023,SC,538,ok,UNACCEPTABLE progressivity,0.3890840925890217,72.50185023071684,1.4651593467898003,-0.0523081281754476,91.40864891981352,0.5559921906719992,0.0742434143286762,0.6735503038972945,-0.3264275212935489,-2.4691680012735042e-08,-0.2041972478077638,-0.2436130569033567,,,,0.2347221883540977,,,,,,0.0802710520693362,,,n/a (noise doesn't move it),beyond 25%,beyond 25%,,progressive,beyond 25%,beyond 25%,beyond 25%,beyond 25%,,beyond 25%,beyond 25%
241,35061,NM,746,ok,UNACCEPTABLE progressivity,0.6335630324160011,32.480126566766636,1.0208592011582305,0.120467663077286,42.74416336937596,0.9675755593658384,0.4360513405497934,0.9053022420488276,-0.0946951507263077,-1.3050480897772328e-07,-0.0081934873602838,-0.0138491326925358,,,0.141064836983135,,,0.1210682988157845,,,,0.1059065855932591,0.101562834677212,0.121097322353435,n/a (noise doesn't move it),beyond 25%,,progressive,progressive,,beyond 25%,beyond 25%,beyond 25%,,,
242,51720,VA,30,skipped (fewer than 100 sales),,,,,,,,,,,,,,,,,,,,,,,,,,,,,,,,,,,,,
243,04001,AZ,299,ok,UNACCEPTABLE progressivity,0.5327257142857142,45.37671842190634,0.998794386106448,0.0828915040901002,63.44236772251682,1.0717483466298967,0.545056541571973,0.9802907630345784,-0.0196935907349864,3.731732274007326e-09,0.0272664598834881,0.0339339393104759,,,,,,,,0.1566087205145211,0.156378387678071,,,,n/a (noise doesn't move it),beyond 25%,progressive,progressive,progressive,progressive,beyond 25%,,,progressive,progressive,progressive
244,21197,KY,226,ok,acceptable (VEI within +/-10),0.6155669934640523,57.20775442201477,1.209143163999208,-0.0225320557880932,6.090882787801248,0.8687695925267527,0.4895736094568627,0.7721388865724341,-0.2278277983124761,-9.527015478949388e-07,-0.065085073842307,-0.0722078046980023,,,,0.2435708132730887,,,,,,,,,n/a (noise doesn't move it),beyond 25%,beyond 25%,,progressive,beyond 25%,beyond 25%,beyond 25%,beyond 25%,beyond 25%,beyond 25%,beyond 25%
245,56033,WY,332,ok,acceptable (VEI within +/-10),0.8570674532352384,26.581141915321066,1.049355003301144,0.0629108651970453,4.171652270949012,0.7755773224071978,0.5969279060946757,0.9321252494123786,-0.0678651542264059,-3.189957767490263e-07,-0.0604723333780656,-0.0645993411065142,,,0.2076068983876046,,,0.2238190504809577,,0.1805459243288017,0.1805325958505035,0.1773628847296711,0.225924443845972,0.2254348218942151,n/a (noise doesn't move it),beyond 25%,,progressive,progressive,,beyond 25%,,,,,
246,09140,CT,0,no residential sales in 2024,,,,,,,,,,,,,,,,,,,,,,,,,,,,,,,,,,,,,
247,40045,OK,29,skipped (fewer than 100 sales),,,,,,,,,,,,,,,,,,,,,,,,,,,,,,,,,,,,,
248,26005,MI,1420,ok,acceptable (VEI within +/-10),0.8306619970317048,18.18283004096333,1.019697494580358,0.0258585232311532,8.129415907370232,0.949771810388514,0.6979169056503473,0.973576680714862,-0.0264217150744307,-9.727656322301756e-08,-0.0156318836142708,-0.0201636290810558,,0.207355960032343,0.1488414803085076,,,0.1455698790412396,,0.1098106170813993,0.1098069768850668,0.1078504499373837,0.1435887906068181,0.1533025980276565,n/a (noise doesn't move it),,,progressive,progressive,,beyond 25%,,,,,
249,49057,UT,3085,ok,acceptable (VEI within +/-10),0.8822732506943033,16.021709247172787,1.0266807904801365,-0.0045393327529041,-6.542067560439048,0.8215538664968396,0.6402770520037794,0.8072663123377024,-0.1927334823264647,-1.3955275259250538e-07,-0.0381006889718817,-0.0375966950977957,,0.1866858023995181,0.1512432662752408,0.0439391031648833,0.1212018658674604,0.1708134534796659,,0.175064546166595,0.1750643487176604,0.1227926253836905,0.1606002510868223,0.1627425704255053,n/a (noise doesn't move it),,,,,,beyond 25%,,,,,
250,13073,GA,2630,ok,acceptable (VEI significance <= 10),0.9444962951509154,11.940658472182973,1.0066679250169035,0.0386812472592086,10.098540605191213,0.9499590159567068,0.8314513914253558,1.0141001164138557,0.0141016348537593,-6.118292467726878e-08,-0.0130514208938936,-0.0160882757650766,,0.1401149522464375,0.0805133600737991,,,0.1023942175101738,0.2185011119126941,,,0.0745318689284153,0.1009407338383475,0.109181174842331,n/a (noise doesn't move it),,,progressive,progressive,,,progressive,progressive,,,
251,30093,MT,0,no residential sales in 2024,,,,,,,,,,,,,,,,,,,,,,,,,,,,,,,,,,,,,
252,30035,MT,0,no residential sales in 2024,,,,,,,,,,,,,,,,,,,,,,,,,,,,,,,,,,,,,
253,46117,,0,no residential sales in 2024,,,,,,,,,,,,,,,,,,,,,,,,,,,,,,,,,,,,,
254,47173,TN,0,no residential sales in 2024,,,,,,,,,,,,,,,,,,,,,,,,,,,,,,,,,,,,,
255,54057,WV,223,ok,acceptable (confidence intervals overlap),0.538,42.56139400130712,1.2746930358865285,-0.0986402108190316,-21.67592834486401,0.6962640808609264,0.0476509984395153,0.6170151432460027,-0.3829801659102671,-1.880028019335203e-07,-0.1302597847947875,-0.1638504152725353,,,,,,,,,,0.1132994733980105,,,n/a (noise doesn't move it),beyond 25%,beyond 25%,beyond 25%,beyond 25%,beyond 25%,beyond 25%,beyond 25%,beyond 25%,,beyond 25%,beyond 25%
256,08031,CO,9349,ok,acceptable (VEI within +/-10),0.999591836734694,10.238031768733055,1.019830335204818,-0.0202056405876159,-2.6335893761328832,0.948599367421729,1.086377151342076,0.9442966216146624,-0.0557033666526705,-7.918313437480896e-09,-0.0180820740736937,-0.0184705224265016,0.0992735686241376,0.1233438140338384,0.1402897945985398,0.1334051949063509,0.1016525026600265,0.1428715240357648,0.0709208699343324,0.1349775798726189,0.1349774775537388,0.1532877501396514,0.1430404456903902,0.1514392843774476,,,,,,,,,,,,
257,34019,NJ,1587,ok,acceptable (VEI significance <= 10),0.639269406392694,16.44752710936352,1.0086527845321476,0.0413997914163224,16.90990068754775,0.9636405078538312,0.6186263037938906,0.9697714060012144,-0.0302273689379712,-4.1783018705140976e-08,-0.0091892481572644,-0.009843494019964,,0.1909340597722428,0.0999235989771459,,,0.0961046843896297,,0.0880962567035439,0.0880948659601969,0.0633412672911489,0.0990819411458915,0.0982736619501177,n/a (noise doesn't move it),,,progressive,progressive,,beyond 25%,,,,,
258,08007,CO,457,ok,acceptable (VEI within +/-10),0.887,59.76107559160714,1.806848872317753,-0.38509561726324,-3.573916859195963,0.6058759030498885,0.0886813939096123,0.6270546967104205,-0.3729461558448024,-7.857336600864752e-08,-0.2133615134473359,-0.2913156898707898,,,,,0.1658372815795323,,,,,0.1315607593282079,,,n/a (noise doesn't move it),beyond 25%,beyond 25%,beyond 25%,,beyond 25%,beyond 25%,beyond 25%,beyond 25%,,beyond 25%,beyond 25%
259,13229,GA,256,ok,acceptable (confidence intervals overlap),0.7609247360482654,37.52725223714788,1.0690811334172257,0.0016961150019963,17.560764391895916,0.9938060178154912,0.5931334898406737,0.8916843498525112,-0.1083113320243829,-2.910527679714492e-07,-0.0025156391529452,-0.0033131027255499,,,0.2225313075347568,,,0.0949536364204136,,,,0.1810078498278838,0.0785140093506748,0.0944380072612326,n/a (noise doesn't move it),beyond 25%,,progressive,progressive,,beyond 25%,beyond 25%,beyond 25%,,,
260,28109,MS,353,ok,UNACCEPTABLE progressivity,0.4557924772503535,44.992211393686446,1.0531765777318114,0.1799477680590986,67.81109828626722,0.8728966987469474,0.2414913231710931,0.9060499160259524,-0.0938987481509008,-1.847166747645163e-07,-0.0402743567547885,-0.0515746596277515,,,0.207705440919619,,,,,,,0.1175069931022781,0.2311398692972228,0.2348084432797682,n/a (noise doesn't move it),beyond 25%,,progressive,progressive,beyond 25%,beyond 25%,beyond 25%,beyond 25%,,,
261,37097,NC,3505,ok,acceptable (VEI within +/-10),0.8144222222222223,20.778927622391436,1.0554229249599552,0.0248304890061768,6.399792996462722,0.9295796083068276,0.4812593120702204,0.9864976206455124,-0.0135005342765662,-7.124301131396463e-09,-0.0322704233485011,-0.0506836957368261,,0.2294088537138015,0.1991803662209817,,,0.2029185018910129,,0.1003652291381683,0.100361830365522,0.1235901017929997,0.2267691908936797,,n/a (noise doesn't move it),,,progressive,progressive,,progressive,,,,,beyond 25%
262,17091,IL,1316,ok,acceptable (VEI within +/-10),0.880299951923077,18.066378624593376,1.044775347193872,-0.0248312063078683,-8.32369645536825,0.887179079259827,0.6090275011996689,0.894899755336736,-0.1050982758795195,-3.977906746097361e-07,-0.034173904682897,-0.0389209899892846,,0.2040996560391797,0.192928598750374,0.1526422480109127,0.174911649364631,0.1855533595062016,,0.1917906548872678,0.1917899839624591,0.1567684090082093,0.1842278348954377,0.1857199886082223,n/a (noise doesn't move it),,,,,,beyond 25%,,,,,
263,48005,TX,656,ok,UNACCEPTABLE regressivity,0.8429460273566738,34.45742847113663,2.393938791566602,-0.0622075662506892,-86.25915907274174,0.3613136037686724,-0.0043364697151361,0.3483297484574903,-0.6516657895027951,-8.992221830255462e-08,-0.4335229544775449,-0.5879968020367838,,,,,,,,,,0.1037390218741208,,,n/a (noise doesn't move it),beyond 25%,beyond 25%,beyond 25%,beyond 25%,beyond 25%,beyond 25%,beyond 25%,beyond 25%,,beyond 25%,beyond 25%
264,51149,,0,no residential sales in 2024,,,,,,,,,,,,,,,,,,,,,,,,,,,,,,,,,,,,,
265,31029,NE,20,skipped (fewer than 100 sales),,,,,,,,,,,,,,,,,,,,,,,,,,,,,,,,,,,,,
266,37029,NC,125,ok,acceptable (VEI significance <= 10),0.8072807017543859,25.492265261705064,1.133702839728567,-0.0070542881027208,16.461649885735252,0.5909814735949172,0.1572033976563802,0.6317804376856326,-0.3682178181132663,-3.2614223466033634e-07,-0.1170497381424151,-0.1333143781109411,,0.2363859943426245,,0.0952272166569238,,,,,,0.1386934348595022,,,n/a (noise doesn't move it),,beyond 25%,,progressive,beyond 25%,beyond 25%,beyond 25%,beyond 25%,,beyond 25%,beyond 25%
267,01061,AL,625,ok,acceptable (VEI significance <= 10),1.0,55.13338127536075,1.3430274626496383,-0.1361767651681016,-28.737003058103983,0.6585175197485105,0.4978395900047657,0.6324590837489333,-0.3675411010876348,-2.3059380190347874e-06,-0.1544887606897236,-0.1739904170815709,0.0,,,,,,,,,,,,,beyond 25%,beyond 25%,beyond 25%,beyond 25%,beyond 25%,beyond 25%,beyond 25%,beyond 25%,beyond 25%,beyond 25%,beyond 25%
268,16071,ID,45,skipped (fewer than 100 sales),,,,,,,,,,,,,,,,,,,,,,,,,,,,,,,,,,,,,
269,40001,OK,171,ok,UNACCEPTABLE regressivity,0.8113012552301255,43.70862468052026,1.8758344800307345,-0.1361703834050792,-42.29255135352578,0.6108885372698518,0.1028494948837882,0.6374509802009364,-0.3625469628588391,-5.8448145386994145e-08,-0.2642329756261328,-0.3931794808474143,,,,,,,,,,0.2022643658878118,,,n/a (noise doesn't move it),beyond 25%,beyond 25%,beyond 25%,beyond 25%,beyond 25%,beyond 25%,beyond 25%,beyond 25%,,beyond 25%,beyond 25%
270,21221,KY,542,ok,UNACCEPTABLE progressivity,0.6001200480192077,57.85513336187607,1.0352778450050577,0.055785756618054,55.54444222177769,0.9805467277892256,0.5748411421339391,0.8902996338179715,-0.1096592001983281,-1.1208664648805713e-07,-0.0103797279391497,-0.0155910451807212,,,0.1774237711279466,,,0.1943377558620886,,,,0.122731096559129,0.1590278807079353,0.1940158656551634,n/a (noise doesn't move it),beyond 25%,,beyond 25%,progressive,,beyond 25%,beyond 25%,beyond 25%,,,
271,38003,ND,169,ok,acceptable (VEI within +/-10),0.7748837209302326,31.636257129950305,1.2724183749488314,-0.0195691465014076,6.146531559034398,0.6789675303137745,0.126899024237465,0.6827647650585007,-0.3172250714690118,-4.15059611182412e-07,-0.1524578069043756,-0.2192311017958348,,,,0.1984145286554933,,,,,,0.1863266064505822,,,n/a (noise doesn't move it),beyond 25%,beyond 25%,,progressive,beyond 25%,beyond 25%,beyond 25%,beyond 25%,,beyond 25%,beyond 25%
272,13125,GA,29,skipped (fewer than 100 sales),,,,,,,,,,,,,,,,,,,,,,,,,,,,,,,,,,,,,
273,31083,,0,no residential sales in 2024,,,,,,,,,,,,,,,,,,,,,,,,,,,,,,,,,,,,,
274,51067,VA,899,ok,acceptable (VEI significance <= 10),0.8726315789473684,19.853486962973275,1.05149242616,-0.0249092619107149,-14.824870093718108,0.9459976158424316,0.771462239775141,0.9376132375155938,-0.0623854411223327,-8.74231596776345e-08,-0.0243829259713319,-0.0248327731431046,,0.2231181114650679,0.2105845119480031,0.2395619121377533,,0.2155851945199156,,0.220015177642771,0.2200122347892223,0.1903623361681492,0.204155660529503,0.2031375497318792,n/a (noise doesn't move it),,,,beyond 25%,,beyond 25%,,,,,
275,17031,IL,56942,ok,acceptable (VEI within +/-10),0.8060109289617486,19.10553560493318,1.0461864298199004,0.0127291133466615,7.178718059020905,0.9370953636656616,0.5032563514305325,0.9559188680723124,-0.0440800620048368,-7.428384020013166e-09,-0.026751230424352,-0.0383041764267493,,0.2146806735434429,0.2045187745660864,,,0.2044973356205929,,0.1529342875403601,0.1529318542211679,0.1202776423860654,0.2027399208277213,0.2434063993667747,n/a (noise doesn't move it),,,progressive,progressive,,beyond 25%,,,,,
276,09170,CT,0,no residential sales in 2024,,,,,,,,,,,,,,,,,,,,,,,,,,,,,,,,,,,,,
277,42011,PA,4836,ok,UNACCEPTABLE progressivity,0.3385796610169491,21.324158933432894,1.000408899856122,0.090561664438644,30.344286784607014,1.0282014495423553,0.2548683720227512,1.025429359742595,0.025441258752777,-8.84682396166983e-10,0.0081224915205457,0.0052469257181581,,0.2323654606422374,0.0202404008357381,,,,,,,0.0012674638755795,,,n/a (noise doesn't move it),,,progressive,progressive,progressive,beyond 25%,progressive,progressive,,progressive,progressive
278,28139,MS,102,ok,acceptable (VEI within +/-10),0.4173026497205415,36.58973190699139,1.1731520087487255,-0.0746387775794414,-8.291909582709296,0.6112936157702107,0.0856494505238337,0.5989664420780063,-0.4010210986838379,-5.613949815835955e-07,-0.1294446092476084,-0.1492536605157521,,,,,0.1322548523284171,,,,,0.1198428112901903,,,n/a (noise doesn't move it),beyond 25%,beyond 25%,beyond 25%,,beyond 25%,beyond 25%,beyond 25%,beyond 25%,,beyond 25%,beyond 25%
279,55069,WI,695,ok,acceptable (VEI significance <= 10),0.9848634419216848,17.386320608514605,1.04165554702924,-0.021853377189633,-11.428558308764712,0.9011266843273128,0.77761055964133,0.907755440699866,-0.0922435419287543,-3.389925700992212e-07,-0.0329537510745632,-0.0390335307548832,0.1962868486228589,0.19269446321733,0.1926119926741575,0.1439345288545441,0.1965955325933163,0.1952715637064253,,0.1918885139503658,0.1918878498423806,0.1746372432577288,0.1934189291623984,0.2000964740107171,,,,,,,beyond 25%,,,,,
280,47167,TN,0,no residential sales in 2024,,,,,,,,,,,,,,,,,,,,,,,,,,,,,,,,,,,,,
281,13069,GA,327,ok,acceptable (confidence intervals overlap),0.4930567901234567,39.6974602931137,1.0838445534694008,-0.0027029311565509,13.208273653619315,0.9469865990966728,0.3876797038271694,0.8522267107334309,-0.147765640228922,-3.093050636572367e-07,-0.0223369046592514,-0.0347156574691103,,,0.2337642840569103,0.0803099216978004,,0.2087587386737899,,,,0.1656549148436723,0.1874932240253793,0.202970819312354,n/a (noise doesn't move it),beyond 25%,,,progressive,,beyond 25%,beyond 25%,beyond 25%,,,
282,51031,VA,692,ok,acceptable (confidence intervals overlap),0.7526272189349112,19.8002030314007,1.0109900050941252,0.0397965410330223,14.193003460803917,0.9802844271550036,0.6728931405812022,0.9782539562718278,-0.0217419355594394,-1.1133285865540037e-07,-0.0051719758792991,-0.0072510939809367,,0.2300208922184518,0.1050124439401085,,,0.0651887653283159,,0.0975214958756108,0.0975044337012007,0.0756101912808006,0.0551297886134452,0.0744185571867519,n/a (noise doesn't move it),,,progressive,progressive,,beyond 25%,,,,,
283,27105,MN,199,ok,acceptable (VEI significance <= 10),0.8763636363636363,16.81418451763532,0.9984349649356488,0.0373747385718376,15.6232693602286,1.038872501821001,0.9161042442207716,0.9869791221458716,-0.0130201792846828,1.9835405759859263e-08,0.0107491069554284,0.0116628590805879,,0.1902542081038635,,,,,0.1385471588469827,0.0545287904682331,0.054529864041651,,,,n/a (noise doesn't move it),,progressive,progressive,progressive,progressive,,,,progressive,progressive,progressive
284,51700,VA,2185,ok,acceptable (VEI within +/-10),0.949811320754717,7.731708188951451,0.9983334262418636,0.003109446659855,-0.114688527598395,1.0013383174768715,1.0007106087063895,0.9822663385954457,-0.0177334691174786,3.9533238677997526e-10,0.000417754139977,0.0022048361093246,,0.095454529883887,,,0.0104904963307428,,0.2307814757520973,0.0623114794716299,0.0623113110795826,0.0889090431186612,,,n/a (noise doesn't move it),,progressive,progressive,,progressive,,,,,progressive,progressive
285,48407,TX,591,ok,acceptable (confidence intervals overlap),0.7045115028383627,61.89488001111733,1.065272551862383,0.0432488680135022,16.13901353497071,0.9808675825532728,0.685787517514149,0.8967511543563236,-0.103240402729777,-2.629032325172174e-07,-0.0091428997936038,-0.0076372877805714,,,0.2195831714421667,,,0.1524624123325083,,,,0.2157414486135455,0.1306950019700508,0.0867424017364501,n/a (noise doesn't move it),beyond 25%,,progressive,progressive,,beyond 25%,beyond 25%,beyond 25%,,,
286,37169,NC,584,ok,acceptable (confidence intervals overlap),0.5757698412698413,30.953253709953625,1.0646018345540431,0.0034404197719152,11.777192716445882,0.8641297435070973,0.4821383207801974,0.7967140613128505,-0.2032805332066496,-3.893762957931468e-07,-0.0425122974329235,-0.0422854957478635,,,0.2184790883446636,,,0.2456180060412973,,,,0.1602314341117397,0.2372397037318986,0.2148296854552089,n/a (noise doesn't move it),beyond 25%,,progressive,progressive,,beyond 25%,beyond 25%,beyond 25%,,,
287,55009,WI,2844,ok,acceptable (VEI significance <= 10),0.8876643356643357,13.878589721457397,0.9980121054943448,0.034571595302943,11.205054978548734,1.0281635299776626,0.9195094555044596,1.0005711732042952,0.0005716103399854,2.399666000497339e-08,0.0072281129624651,0.0082692980032621,,0.1647575048659178,,,,,0.1461236283545313,,,,,,n/a (noise doesn't move it),,progressive,progressive,progressive,progressive,,progressive,progressive,progressive,progressive,progressive
288,53077,,0,no residential sales in 2024,,,,,,,,,,,,,,,,,,,,,,,,,,,,,,,,,,,,,
289,53031,,0,no residential sales in 2024,,,,,,,,,,,,,,,,,,,,,,,,,,,,,,,,,,,,,
290,01027,AL,120,ok,acceptable (VEI significance <= 10),0.6670966972477064,92.12089357254436,2.0128904162149666,-0.3504431130888871,-54.98728460473836,0.4585894371369791,0.0946835118884007,0.3508991077081203,-0.649099138121242,-1.494152784478186e-06,-0.2877875952921485,-0.3291353977700606,,,,,,,,,,,,,n/a (noise doesn't move it),beyond 25%,beyond 25%,beyond 25%,progressive,beyond 25%,beyond 25%,beyond 25%,beyond 25%,beyond 25%,beyond 25%,beyond 25%
291,29043,,0,no residential sales in 2024,,,,,,,,,,,,,,,,,,,,,,,,,,,,,,,,,,,,,
292,41015,OR,349,ok,acceptable (VEI within +/-10),0.9684,14.55848916583129,1.020438242474183,-0.0130865179659299,-3.4267727751054635,0.9239563761973416,0.8577587118346425,0.9000964726452555,-0.0999035084065947,-1.263060501456017e-07,-0.0196274313586062,-0.0187459054080001,0.247842665905121,0.1730806912814728,0.1476476561189003,0.0989811218805385,0.0838836119875456,0.1327453518481505,0.1838457708958474,0.1479582632950203,0.1479582438884001,0.1407274078978786,0.1279361680278253,0.1214702417018391,,,,,,,,,,,,
293,30023,MT,0,no residential sales in 2024,,,,,,,,,,,,,,,,,,,,,,,,,,,,,,,,,,,,,
294,48331,TX,125,ok,acceptable (confidence intervals overlap),0.893701479990385,30.19595297584307,1.0263956248880828,0.0798723421956487,32.76260679886385,0.9475450299740285,0.72252435521028,0.960662032053022,-0.0393357957760951,-1.604023487830191e-07,-0.0186819407478395,-0.0327961669016105,,,0.1720106510049892,,,0.2193174437970958,,0.1643453238080624,0.1643270650703605,0.1638805617025091,0.2110083109527116,0.2491191049792566,n/a (noise doesn't move it),beyond 25%,,progressive,beyond 25%,,beyond 25%,,,,,
295,13005,GA,206,ok,acceptable (confidence intervals overlap),0.0342863247863247,1294.6382268920518,8.149086740743837,-0.5812096273765408,178.1652176014791,-0.1516268946642994,-0.0231534347988932,-0.0834244700070968,-1.0834236714833438,-2.71929449144757e-07,-0.5186960021493587,-0.6300632961807315,,,,,,,,,,0.1846593794042008,,,n/a (noise doesn't move it),beyond 25%,beyond 25%,beyond 25%,beyond 25%,beyond 25%,beyond 25%,beyond 25%,beyond 25%,,beyond 25%,beyond 25%
296,21181,,0,no residential sales in 2024,,,,,,,,,,,,,,,,,,,,,,,,,,,,,,,,,,,,,
297,13075,GA,208,ok,acceptable (confidence intervals overlap),0.652232970505618,48.38611056064378,1.5568828335514455,-0.1034730175485254,-11.48675276703886,0.6468404222138519,0.117476107882159,0.5569781776603389,-0.4430161189907906,-4.505281552270917e-07,-0.2018467990993062,-0.3063432200850475,,,,,0.200988053386089,,,,,0.2010104025184925,,,n/a (noise doesn't move it),beyond 25%,beyond 25%,beyond 25%,,beyond 25%,beyond 25%,beyond 25%,beyond 25%,,beyond 25%,beyond 25%
298,45063,SC,5752,ok,acceptable (VEI significance <= 10),0.5956189759665622,42.74669664581871,1.1133849378008085,0.0620000837835902,16.611872862113007,0.8002269126498803,0.497985660073827,0.5155651260990277,-0.4844397309331351,-7.138685807601769e-08,-0.0755489482627569,-0.0779408207633942,,,,,,,,,,0.2426197076141378,,,n/a (noise doesn't move it),beyond 25%,beyond 25%,progressive,progressive,beyond 25%,beyond 25%,beyond 25%,beyond 25%,,beyond 25%,beyond 25%
299,49041,UT,214,ok,acceptable (VEI within +/-10),0.825749808995423,21.11216776890288,1.0364952584579927,0.0118884531667302,-2.1219578282715115,0.8348735289986088,0.6553751645186406,0.8429225679937578,-0.1570755938488336,-3.169914390689262e-07,-0.04082775232971,-0.043756866885396,,0.2293867921256569,0.1453636258613694,,0.1141657580641505,0.1678933263352502,,0.2114269708881548,0.2114236068935943,0.159194104566969,0.1990712816713428,0.1805673174935395,n/a (noise doesn't move it),,,progressive,,,beyond 25%,,,,,
300,30027,MT,0,no residential sales in 2024,,,,,,,,,,,,,,,,,,,,,,,,,,,,,,,,,,,,,
301,36081,NY,7296,ok,UNACCEPTABLE progressivity,0.9380398671096346,19.61038735445551,1.0531662521942196,0.0627090348007168,46.591658697833665,0.7777358102004495,0.5154729624745221,0.932879938168618,-0.0671191192686391,-3.0167874026208896e-08,-0.0597232059761789,-0.0683217485677014,,0.2166763844667666,0.2108424240399515,,,0.2153649132109086,,0.142426015689252,0.1424250105200013,0.1327555858760812,0.2117161643278245,0.2221015525018291,n/a (noise doesn't move it),,,progressive,progressive,,beyond 25%,,,,,
302,01029,AL,287,ok,UNACCEPTABLE regressivity,0.8941923076923077,58.57618503853243,1.7960536170452164,-0.1261348508018663,-40.00068646376014,0.5107951402815147,0.018622688094783,0.5655197581724031,-0.4344756513523675,-2.3208674677410085e-07,-0.2889518646821478,-0.3766754683835025,,,,,,,,,,0.1788355160931017,,,n/a (noise doesn't move it),beyond 25%,beyond 25%,beyond 25%,progressive,beyond 25%,beyond 25%,beyond 25%,beyond 25%,,beyond 25%,beyond 25%
303,50015,VT,0,no residential sales in 2024,,,,,,,,,,,,,,,,,,,,,,,,,,,,,,,,,,,,,
304,28129,MS,52,skipped (fewer than 100 sales),,,,,,,,,,,,,,,,,,,,,,,,,,,,,,,,,,,,,
305,48375,TX,1114,ok,acceptable (VEI significance <= 10),0.855985891630501,25.866305331679108,1.0570220671646045,0.0393347160214125,13.151149255874168,0.8957936555252894,0.7020054509576272,0.8752778182368752,-0.1247197155101042,-7.997911194762836e-08,-0.0401543403134079,-0.0532739210557051,,,0.2148251184474509,,,0.2316179424277218,,0.2424855835363544,0.2424793483708365,0.1810840972034357,0.2353454342644332,,n/a (noise doesn't move it),beyond 25%,,progressive,progressive,,beyond 25%,,,,,beyond 25%
306,13235,GA,116,ok,acceptable (VEI within +/-10),0.972215503875969,26.38382667380843,1.304812386480346,-0.0568488898556816,-3.0236101653752736,0.757711987970072,0.3822494033550034,0.8484038681390661,-0.1515950249736319,-2.3481656906479458e-07,-0.1344836894208434,-0.1927947571674708,,,,,0.0524329372473214,,,,,0.2143105275656757,,,n/a (noise doesn't move it),beyond 25%,beyond 25%,beyond 25%,,beyond 25%,beyond 25%,beyond 25%,beyond 25%,,beyond 25%,beyond 25%
307,13171,GA,269,ok,acceptable (VEI within +/-10),0.7768442477876106,23.069904344614837,1.0543226393270293,-0.0136891018211816,8.042821920256625,0.9240425259886116,0.4576313149893662,0.875923514698706,-0.1240756957577046,-2.2482211078522035e-07,-0.0238540545451282,-0.0317200806444213,,0.2463158244393418,0.2219380370310228,0.1123467994527791,,0.1737174319479233,,0.2245732429088547,0.2245720267216646,0.1344780292426804,0.1605705622058986,0.1869276131432856,n/a (noise doesn't move it),,,,progressive,,beyond 25%,,,,,
308,48145,TX,81,skipped (fewer than 100 sales),,,,,,,,,,,,,,,,,,,,,,,,,,,,,,,,,,,,,
309,31065,NE,40,skipped (fewer than 100 sales),,,,,,,,,,,,,,,,,,,,,,,,,,,,,,,,,,,,,
310,08109,CO,122,ok,UNACCEPTABLE progressivity,0.4265940488227647,72.91599106714527,1.7114454072042025,0.0306041547972806,97.72768775150163,0.6903560960776399,0.0604094475828699,0.8313305454582959,-0.1686489822522329,-5.30035967131333e-08,-0.211965541085267,-0.3822826619758557,,,,,,,,,,0.1334462538697168,,,n/a (noise doesn't move it),beyond 25%,beyond 25%,progressive,progressive,beyond 25%,beyond 25%,beyond 25%,beyond 25%,,beyond 25%,beyond 25%
311,38059,ND,363,ok,acceptable (VEI within +/-10),0.8847552447552448,11.633894411049516,1.007294949171573,0.0101417925806757,4.5573438464059715,0.9657954099904428,0.8379485173153419,0.976448232942496,-0.02355079387458,-1.0283134087632278e-07,-0.0080019058934845,-0.0081690739356992,,0.1390322092545823,0.0948851790447132,,,0.0721306228990108,0.1716878522445833,0.0766184677717794,0.0766230247875457,0.077852049337984,0.0701401856687685,0.0699476221562294,n/a (noise doesn't move it),,,progressive,progressive,,,,,,,
312,47159,TN,303,ok,acceptable (confidence intervals overlap),0.7091286307053942,24.70799699730024,1.0207010823513645,0.0460358118841637,17.2440674313368,0.9196363210639686,0.6309781232109883,0.96104632324669,-0.0389492452192282,-1.9621393821837237e-07,-0.0225774060226624,-0.0252719736433535,,0.2412099861493233,0.1555229032033104,,,0.1658489053615173,,0.1549717754992836,0.1549635214466644,0.1333171316366828,0.14825306082657,0.1427882892788314,n/a (noise doesn't move it),,,progressive,progressive,,beyond 25%,,,,,
313,27047,MN,409,ok,acceptable (VEI within +/-10),0.8499166203446359,17.808787288721565,1.0258574700172969,-0.0055281490278917,-3.324644359747307,0.9616284365285496,0.7470523675996976,0.9571500835084004,-0.0428376117443868,-2.378542194857296e-07,-0.0127966438728253,-0.0124106613917169,,0.2059214509846768,0.1739370493909687,0.1839721760892578,0.1193620701221301,0.1233511962795083,,0.2046562149801319,0.2045861259135553,0.1217856132612799,0.1350728872626432,0.0980350919527273,n/a (noise doesn't move it),,,,,,beyond 25%,,,,,
314,40063,OK,98,skipped (fewer than 100 sales),,,,,,,,,,,,,,,,,,,,,,,,,,,,,,,,,,,,,
315,13195,GA,328,ok,UNACCEPTABLE progressivity,0.7832735064935065,30.29060854646437,1.0170529577412435,0.1321646333506364,55.39015515467673,1.0335438009913622,0.4232194338552497,1.017783798675967,0.0177862192239151,-4.9335925019817155e-08,0.0099925149720301,0.0006580829886406,,,0.126773085898969,,,,,,,0.0654967812374602,,,n/a (noise doesn't move it),beyond 25%,,progressive,progressive,progressive,beyond 25%,progressive,progressive,,progressive,progressive
316,26149,MI,856,ok,acceptable (VEI significance <= 10),0.8386165475820648,30.126149580944418,1.1442487346733643,-0.0549013155556932,-24.790807929220623,0.7596534703615149,0.196541544787768,0.7558367025084114,-0.2441591236675056,-3.2820918417444114e-07,-0.09002132332102,-0.1047540818973709,,,,,,,,,,0.1766323516646894,,,n/a (noise doesn't move it),beyond 25%,beyond 25%,beyond 25%,beyond 25%,beyond 25%,beyond 25%,beyond 25%,beyond 25%,,beyond 25%,beyond 25%
317,26093,MI,2365,ok,UNACCEPTABLE progressivity,0.88,13.867022663484668,0.9942962376237156,0.0636186020387522,16.160379094589622,0.9852260678867866,0.8521440227471698,1.0806107780760674,0.0806161802922633,3.6813865768681944e-08,-0.0040733033277666,-0.0046309813505078,,0.1580273644019544,,,,0.0653742102730953,0.2084474026489292,,,,0.0636226057519705,0.0687810992104254,n/a (noise doesn't move it),,progressive,progressive,progressive,,,progressive,progressive,progressive,,
318,26079,,0,no residential sales in 2024,,,,,,,,,,,,,,,,,,,,,,,,,,,,,,,,,,,,,
319,19001,IA,0,no residential sales in 2024,,,,,,,,,,,,,,,,,,,,,,,,,,,,,,,,,,,,,
320,04019,AZ,16324,ok,UNACCEPTABLE progressivity,0.7463113197522618,25.676143246567236,1.032768253410712,0.1115885812882672,28.106059807853686,0.9150994007457268,0.6187344285021789,0.8712887658882398,-0.1287094232436867,-1.5115939598085085e-08,-0.0270305971728785,-0.0302342358021003,,,0.169605186737438,,,0.20457182965493,,,,0.1279799878113405,0.1768669534275674,0.174617846000158,n/a (noise doesn't move it),beyond 25%,,progressive,progressive,,progressive,beyond 25%,beyond 25%,,,
321,31175,NE,37,skipped (fewer than 100 sales),,,,,,,,,,,,,,,,,,,,,,,,,,,,,,,,,,,,,
322,40023,OK,132,ok,acceptable (VEI significance <= 10),0.7756789915966387,58.338761326814634,1.6146510759456112,-0.2413205627735387,-34.7238300203336,0.5002984018086706,0.0695376020744416,0.5146954465908627,-0.4853033694260201,-6.28612604908688e-07,-0.2611247944719337,-0.3145539325296094,,,,,0.2248212301847435,,,,,0.1451359896105852,,,n/a (noise doesn't move it),beyond 25%,beyond 25%,beyond 25%,,beyond 25%,beyond 25%,beyond 25%,beyond 25%,,beyond 25%,beyond 25%
323,37071,NC,0,no residential sales in 2024,,,,,,,,,,,,,,,,,,,,,,,,,,,,,,,,,,,,,
324,21057,KY,125,ok,acceptable (VEI within +/-10),0.8121827411167513,30.7219146004714,1.04967088380141,-0.0091970156651748,-3.910219766260174,0.9897417414415584,0.7323448294716148,0.9026743981354612,-0.0973206212993492,-2.66272900904892e-07,-0.0051855856147504,0.0133931958001228,,,0.1841163237194774,0.1132823721039977,0.117540283750041,0.1689667894343519,,,,0.1211152657343706,0.1872468899392505,,n/a (noise doesn't move it),beyond 25%,,,,,beyond 25%,beyond 25%,beyond 25%,,,progressive
325,13275,GA,598,ok,acceptable (VEI within +/-10),0.8682176352468698,24.62494523313766,1.012787252882064,0.0300241019473902,9.185368129396297,0.9865240315114836,0.7628936721808914,0.9906111273476496,-0.0093875727448164,-5.093267407446408e-08,-0.0052413719561354,-0.0149133590258889,,0.2480532141852305,0.1243359171886997,,,0.0931574511469425,,0.0961060300582611,0.0960946181940241,0.1134154644241492,0.0849511107496836,0.1248277698129035,n/a (noise doesn't move it),,,progressive,progressive,,beyond 25%,,,,,
326,12103,FL,16902,ok,acceptable (VEI within +/-10),0.8331114366067018,12.669723274901264,1.0210635166460662,-0.01699886021941,-7.474138446775131,0.9675341668028878,0.8112778484716663,0.946440239789944,-0.0535594184711206,-7.258137624077731e-09,-0.0130808375640623,-0.0120131920097177,,0.1508471423453258,0.1430539127345679,0.1408542024734149,0.1581796139958563,0.1339870989762504,0.2300008486580547,0.1458563365802045,0.1458559478828679,0.1166280539435697,0.1299262965243673,0.1389549233755543,n/a (noise doesn't move it),,,,,,,,,,,
327,48051,TX,127,ok,acceptable (confidence intervals overlap),0.945254074784276,24.63269403683222,1.0171718693461471,0.0887344239397846,18.624447439240004,0.94423130779982,0.8578141410998993,0.996972409344286,-0.0030241536291207,-1.7538195388625797e-07,-0.0157527549172302,-0.0160792718131825,,0.2362461260596897,0.1229277811921403,,,0.1396470330078014,0.1682699854374987,0.0228703468072966,0.0228422408030891,0.1493353440248017,0.128170151459228,0.1193457312080354,n/a (noise doesn't move it),,,progressive,progressive,,,,,,,
328,31077,NE,20,skipped (fewer than 100 sales),,,,,,,,,,,,,,,,,,,,,,,,,,,,,,,,,,,,,
329,48429,TX,71,skipped (fewer than 100 sales),,,,,,,,,,,,,,,,,,,,,,,,,,,,,,,,,,,,,
330,51710,VA,3208,ok,acceptable (VEI within +/-10),0.9247299903567984,10.059901773669456,1.0098682617705297,-0.0047343870597259,-2.0770883833937432,0.9688207637079784,0.9402230711328036,0.955482974640027,-0.0445168026144019,-1.0513805835751548e-08,-0.0087074568041505,-0.0082774236111886,,0.1194878927605386,0.0810649864738729,0.0518614469199298,0.0937439418483623,0.0708322182697885,0.0435324215345331,0.0945944127002381,0.0945939430485677,0.0833349069239305,0.0683459376907728,0.0601498454000846,n/a (noise doesn't move it),,,,,,,,,,,
331,35013,NM,962,ok,UNACCEPTABLE progressivity,0.6562987826709632,30.746424870256565,1.0943960275059323,0.1507567373832372,48.53142505930904,0.7465941330715898,0.07121143501862,0.7492935701993159,-0.2507024655673801,-1.0630825522034629e-07,-0.0738466910023931,-0.0917759212775588,,,0.2455081525236242,,,,,,,0.08573422875946,,,n/a (noise doesn't move it),beyond 25%,,progressive,progressive,beyond 25%,beyond 25%,beyond 25%,beyond 25%,,beyond 25%,beyond 25%
332,46099,SD,0,no residential sales in 2024,,,,,,,,,,,,,,,,,,,,,,,,,,,,,,,,,,,,,
333,17021,IL,431,ok,UNACCEPTABLE regressivity,0.9644018691588784,21.69310103307119,1.0997321885708815,-0.0994869285310957,-20.998031548182695,0.8339277023635401,0.72741873151707,0.8334191207697,-0.1665786505723734,-1.5425207825734803e-06,-0.0607169730545691,-0.0638210914149226,,0.2370883926860387,,,,,,,,0.2449302048595548,,,n/a (noise doesn't move it),,beyond 25%,beyond 25%,beyond 25%,beyond 25%,beyond 25%,beyond 25%,beyond 25%,,beyond 25%,beyond 25%
334,29045,MO,0,no residential sales in 2024,,,,,,,,,,,,,,,,,,,,,,,,,,,,,,,,,,,,,
335,51091,VA,65,skipped (fewer than 100 sales),,,,,,,,,,,,,,,,,,,,,,,,,,,,,,,,,,,,,
336,47019,TN,922,ok,acceptable (confidence intervals overlap),0.5642401960784313,37.45517210324293,2.012039209955837,-0.0616263804122529,-13.024670629537896,0.5404944638252049,0.0014789537738118,0.7368085113969832,-0.2631841817642338,-4.658080690166997e-09,-0.3079091189445044,-0.4693782759217031,,,,,0.2190810590995059,,,,,0.0319194080701833,,,n/a (noise doesn't move it),beyond 25%,beyond 25%,beyond 25%,,beyond 25%,beyond 25%,beyond 25%,beyond 25%,,beyond 25%,beyond 25%
337,37073,NC,127,ok,UNACCEPTABLE regressivity,0.6548204334365325,43.40012817986986,1.2086343801739907,-0.2138723863481816,-53.26645001570349,0.6508848301610594,0.3725158683955963,0.5872662943342539,-0.4127321746456351,-1.4079626897674135e-06,-0.1201148776423051,-0.1256423048664419,,,,,,,,,,0.2336721911264264,,,n/a (noise doesn't move it),beyond 25%,beyond 25%,beyond 25%,beyond 25%,beyond 25%,beyond 25%,beyond 25%,beyond 25%,,beyond 25%,beyond 25%
338,19057,IA,0,no residential sales in 2024,,,,,,,,,,,,,,,,,,,,,,,,,,,,,,,,,,,,,
339,16067,ID,171,ok,UNACCEPTABLE progressivity,0.805198755402438,36.73986057410943,1.4193531922531433,0.0951351396421161,51.143218779219424,0.3127286455992997,0.0073901328998063,0.2456556842772465,-0.7543444751775823,-4.865883068088131e-08,-0.2863263773256272,-0.3201778105161137,,,,,,,,,,0.0692295278788683,,,n/a (noise doesn't move it),beyond 25%,beyond 25%,progressive,progressive,beyond 25%,beyond 25%,beyond 25%,beyond 25%,,beyond 25%,beyond 25%
340,27171,MN,2588,ok,acceptable (VEI significance <= 10),0.8886909581646424,21.90781603048613,1.0294017830618634,0.0978939103381891,11.46937209058328,0.8071047875598649,0.8369141657378052,0.7815513982169426,-0.2184473181080557,-6.500853214944879e-08,-0.0465579065124548,-0.0423515431089027,,0.2389644261365671,0.1595184902466799,,,,0.2026299880462409,,,0.1609092416494544,0.2145054780906143,0.2080619151661256,n/a (noise doesn't move it),,,progressive,progressive,beyond 25%,,beyond 25%,beyond 25%,,,
341,16007,ID,67,skipped (fewer than 100 sales),,,,,,,,,,,,,,,,,,,,,,,,,,,,,,,,,,,,,
342,37175,NC,620,ok,acceptable (VEI within +/-10),0.5052139705882353,21.05274605735627,1.0553182860846997,-0.0060182471936412,-5.282357576385849,0.8786082450821268,0.3534594536067585,0.9277048883831738,-0.0722893688365178,-6.672580860793504e-08,-0.0433131438233096,-0.053892007926489,,0.2294696268333132,0.2248600323806275,0.0629488061610064,0.1081143717996255,0.2103114223745083,,0.2202653061794693,0.2202621450658989,0.104183563918451,0.2287412431265975,0.2468113752944776,n/a (noise doesn't move it),,,,,,beyond 25%,,,,,
343,39083,OH,0,no residential sales in 2024,,,,,,,,,,,,,,,,,,,,,,,,,,,,,,,,,,,,,
344,44001,RI,0,no residential sales in 2024,,,,,,,,,,,,,,,,,,,,,,,,,,,,,,,,,,,,,
345,54063,WV,121,ok,acceptable (confidence intervals overlap),0.595,39.379541583019986,1.5815325703305898,-0.1218805395460443,-35.71520111312501,0.5287878177541478,0.0400220286468107,0.5175308380029014,-0.4824711641510379,-8.643586490632503e-08,-0.2611427980702538,-0.3218346039729802,,,,,,,,,,0.1228551985267089,,,n/a (noise doesn't move it),beyond 25%,beyond 25%,beyond 25%,beyond 25%,beyond 25%,progressive,beyond 25%,beyond 25%,,beyond 25%,beyond 25%
346,21225,KY,165,ok,acceptable (VEI significance <= 10),0.8147887323943662,53.27074596250509,1.5213617907242984,-0.0960910645659655,-33.460401219123874,0.6686497319672484,0.1285116875147778,0.7124059715264878,-0.2875869375670422,-6.938528809521927e-07,-0.1872942693405102,-0.2706488129881166,,,,,,,,,,0.2156295038244158,,,n/a (noise doesn't move it),beyond 25%,beyond 25%,beyond 25%,beyond 25%,beyond 25%,beyond 25%,beyond 25%,beyond 25%,,beyond 25%,beyond 25%
347,42093,PA,0,no residential sales in 2024,,,,,,,,,,,,,,,,,,,,,,,,,,,,,,,,,,,,,
348,49045,UT,1588,ok,UNACCEPTABLE progressivity,0.7934864769159647,36.81157202713951,1.0625193734301348,0.3243905345811462,66.80641115486841,0.4767273324907401,0.3981881619248417,0.3831619242389286,-0.6168359469463631,-4.816895352646189e-07,-0.0996559663865195,-0.0996105126891708,,,0.2212985723429617,,,,,,,0.2327488930807906,,,n/a (noise doesn't move it),beyond 25%,,progressive,progressive,beyond 25%,beyond 25%,beyond 25%,beyond 25%,,beyond 25%,beyond 25%
349,42013,PA,0,no residential sales in 2024,,,,,,,,,,,,,,,,,,,,,,,,,,,,,,,,,,,,,
350,26041,MI,488,ok,acceptable (VEI within +/-10),0.7651,25.164590589109434,1.0434084406144923,-0.00544775402953,-7.62731704038352,0.9064402484408468,0.6935681647775549,0.8965334379098412,-0.1034616978180901,-4.962775562607815e-07,-0.030478524135421,-0.0300073111551535,,,0.1995254254667541,0.0975636090456321,0.2115241743736597,0.19722465316149,,0.208594345591124,0.2085920520811123,0.1833151337141688,0.1905047328768115,0.1830514503373297,n/a (noise doesn't move it),beyond 25%,,,,,beyond 25%,,,,,
351,48315,TX,83,skipped (fewer than 100 sales),,,,,,,,,,,,,,,,,,,,,,,,,,,,,,,,,,,,,
352,13137,GA,667,ok,acceptable (VEI significance <= 10),0.85453125,25.6572801855341,1.026676590466772,0.0842555402383021,23.11858759472582,0.9735380003755352,0.5293031224219146,1.0144970448940829,0.0145008837214282,-4.2797111910647155e-08,-0.0089388688970162,-0.0206396004504516,,,0.1458992683019523,,,0.0940072654635025,,,,0.0956194175236302,0.1220281191563481,0.1447845190869702,n/a (noise doesn't move it),beyond 25%,,progressive,progressive,,beyond 25%,progressive,progressive,,,
353,38097,ND,79,skipped (fewer than 100 sales),,,,,,,,,,,,,,,,,,,,,,,,,,,,,,,,,,,,,
354,12073,FL,3287,ok,acceptable (VEI within +/-10),0.7736234375,12.43617830244202,1.0060476540310963,0.0181501103226955,5.338699184457764,0.9859936747545548,0.7925731214582268,0.9998685478821708,-0.0001296756603466,-2.559692908969009e-09,-0.0051393089859499,-0.0079166482853161,,0.1481994166036002,0.0665911290718354,,,0.0695919397420714,,0.0054883963166259,0.0054146086482903,0.0562658219976009,0.0691149938597083,0.0763571967086928,n/a (noise doesn't move it),,,progressive,progressive,,beyond 25%,,,,,
355,37161,NC,981,ok,acceptable (VEI within +/-10),0.8108374384236453,32.39957211562256,1.3257246915263798,-0.0336705398838973,-5.915578743922286,0.7373748330696761,0.0663462604200855,0.7715482062445823,-0.2284474218716595,-9.031583228630873e-08,-0.1397578268896071,-0.213427915070413,,,,0.2354133842568381,0.18826573074691,,,,,0.1343337365630613,,,n/a (noise doesn't move it),beyond 25%,beyond 25%,,,beyond 25%,beyond 25%,beyond 25%,beyond 25%,,beyond 25%,beyond 25%
356,12049,FL,205,ok,acceptable (VEI within +/-10),0.8074129032258065,22.75446385668459,1.0710758291771605,-0.0595661660447744,-7.179824486220858,0.8745247191722282,0.5663319456129254,0.8433871961952937,-0.1566124962916311,-3.612202554688368e-07,-0.0436399329213528,-0.048019923487514,,0.2440836106568812,0.2377336203821912,0.1887581940981846,0.1405349398953616,0.2209244635489594,,0.2390753835498541,0.2390749460669949,0.1456604173608139,0.2157378869326665,0.2268015887700823,n/a (noise doesn't move it),,,,,,beyond 25%,,,,,
357,06015,CA,0,no residential sales in 2024,,,,,,,,,,,,,,,,,,,,,,,,,,,,,,,,,,,,,
358,21201,KY,22,skipped (fewer than 100 sales),,,,,,,,,,,,,,,,,,,,,,,,,,,,,,,,,,,,,
359,41013,OR,430,ok,acceptable (VEI significance <= 10),0.9443250602076974,16.615896220844164,1.011954021181936,0.0370081699136254,14.287051167610056,0.9773890966456408,0.8557330193554084,0.9706671477228668,-0.029332227308282,-5.4536131250450727e-08,-0.0065062366518822,-0.0107522194983249,,0.1999964413227885,0.1050723606079557,,,0.0737480408801899,0.2466911490403192,0.1003024521179825,0.1002999700631616,0.1151245840212277,0.0755376312258896,0.0901425759905067,n/a (noise doesn't move it),,,progressive,progressive,,,,,,,
360,22113,LA,248,ok,acceptable (confidence intervals overlap),0.6938,32.28298360692154,1.1793253642245358,-0.0206404229998933,19.790520652952587,0.755673452862877,0.3944371221223408,0.7308343249913627,-0.2691617963061365,-1.5054548807040358e-07,-0.108351152023288,-0.1347294994980117,,,,0.1447017407882944,,,,,,0.1885090071221302,,,n/a (noise doesn't move it),beyond 25%,beyond 25%,,progressive,beyond 25%,beyond 25%,beyond 25%,beyond 25%,,beyond 25%,beyond 25%
361,32017,NV,75,skipped (fewer than 100 sales),,,,,,,,,,,,,,,,,,,,,,,,,,,,,,,,,,,,,
362,12019,FL,1156,ok,acceptable (VEI within +/-10),0.8497025234575142,13.20473560061462,1.0099797995835098,0.0027146630155123,-1.6619842023462692,0.9600436073677342,0.8687219626010125,0.955173550701237,-0.044825970823134,-6.98309676585154e-08,-0.0097910972490387,-0.0102197940063906,,0.161313009730957,0.1058312627040856,,0.0646218289051881,0.0917639694942584,0.170512169484559,0.1084335096599746,0.108433322645115,0.0961994980062577,0.0897573016936468,0.0914541138320119,n/a (noise doesn't move it),,,progressive,,,,,,,,
363,42123,PA,0,no residential sales in 2024,,,,,,,,,,,,,,,,,,,,,,,,,,,,,,,,,,,,,
364,48231,,0,no residential sales in 2024,,,,,,,,,,,,,,,,,,,,,,,,,,,,,,,,,,,,,
365,37135,NC,1483,ok,UNACCEPTABLE progressivity,0.5923734385272846,14.965556930040412,1.000316769770918,0.0395441904495494,18.44421038027923,0.9903219434506128,0.6549688616243617,1.0212456497913616,0.0212482663525424,-2.246993121761323e-10,-0.0034994676151345,-0.0065718941911321,,0.1803713872851855,0.049201668955467,,,0.0722928672082589,,,,0.0577649829428387,0.0709969468918139,0.095075215830064,n/a (noise doesn't move it),,,progressive,progressive,,beyond 25%,progressive,progressive,,,
366,21175,KY,157,ok,acceptable (confidence intervals overlap),0.7692307692307693,68.54837097628045,1.5817575856032122,-0.0830954187296725,-54.16666666666666,0.6562787825106172,0.2437063115960574,0.7241834216536359,-0.2757956100014989,-1.6516436895374337e-06,-0.1942374703066776,-0.2598779755102616,,,,,,,,,,,,,n/a (noise doesn't move it),beyond 25%,beyond 25%,beyond 25%,beyond 25%,beyond 25%,beyond 25%,beyond 25%,beyond 25%,beyond 25%,beyond 25%,beyond 25%
367,12005,FL,4376,ok,acceptable (VEI within +/-10),0.8048382226446288,16.374788147097465,1.026959238898451,0.0231320237235427,8.986643245336586,0.9432388462259632,0.6576611547331569,0.9811665297855598,-0.01883163321076,-5.778668325887584e-09,-0.0200045516371563,-0.026962887993678,,0.1868287031367758,0.1448559342070587,,,0.1405752793133796,,0.0857553074297373,0.085751692967899,0.1183945444049169,0.141471231275571,0.1856888028787987,n/a (noise doesn't move it),,,progressive,progressive,,progressive,,,,,
368,39021,OH,0,no residential sales in 2024,,,,,,,,,,,,,,,,,,,,,,,,,,,,,,,,,,,,,
369,35028,NM,263,ok,UNACCEPTABLE progressivity,0.5512856214610601,30.51835834830114,1.2593779129778269,0.0746667768150275,51.70242387983314,0.5273222727894294,-0.0162049958475326,0.1511924123089128,-0.8488078517243381,-5.8915017735788183e-08,-0.1639088580121355,-0.2079794680519398,,,,,,,,,,0.0688937268565027,,,n/a (noise doesn't move it),beyond 25%,beyond 25%,progressive,progressive,beyond 25%,beyond 25%,beyond 25%,beyond 25%,,beyond 25%,beyond 25%
370,31045,NE,117,ok,acceptable (confidence intervals overlap),0.8174705882352942,32.27437703550811,2.386792062743309,-0.1800532250155467,-12.51797480217106,0.3988241535800471,0.0289013661089604,0.3894282047517456,-0.6105691443186564,-1.9599302922772759e-07,-0.4058385955055856,-0.5408921218174121,,,,,0.2256690115051647,,,,,0.1126126605984884,,,n/a (noise doesn't move it),beyond 25%,beyond 25%,beyond 25%,,beyond 25%,beyond 25%,beyond 25%,beyond 25%,,beyond 25%,beyond 25%
371,16055,ID,1997,ok,acceptable (VEI within +/-10),0.9045143375441476,17.458929732687295,1.0271521439679798,0.0057695439480669,1.3250817642014383,0.8588607057601392,0.7655621056466845,0.862408397991254,-0.1375914391035618,-9.189712541631717e-08,-0.03534681319453,-0.0333573977296208,,0.1934389271815559,0.154934086377468,,,0.1682282298588354,,0.1601223936194244,0.1601220807101261,0.1400191692890957,0.1606983655475237,0.1633814104790968,n/a (noise doesn't move it),,,progressive,progressive,,beyond 25%,,,,,
372,29179,MO,0,no residential sales in 2024,,,,,,,,,,,,,,,,,,,,,,,,,,,,,,,,,,,,,
373,39119,OH,1349,ok,acceptable (VEI within +/-10),0.7962162162162162,34.53343943203166,1.1021104126373698,-0.0046673893564105,0.8147470461784264,0.8524889762915778,0.4853796054189899,0.7513319490142946,-0.2486630917580559,-5.854803781811106e-07,-0.053574494749534,-0.0595657469528052,,,,0.1261155227336054,,,,,,0.2323867537427625,,,n/a (noise doesn't move it),beyond 25%,beyond 25%,,progressive,beyond 25%,beyond 25%,beyond 25%,beyond 25%,,beyond 25%,beyond 25%
374,48157,,0,no residential sales in 2024,,,,,,,,,,,,,,,,,,,,,,,,,,,,,,,,,,,,,
375,13029,GA,876,ok,acceptable (VEI significance <= 10),0.860365003417635,13.857619532551215,1.009142004314263,0.0561180632168622,17.389757964439585,0.9360121498361936,0.7134515898873146,1.0087524162938963,0.0087545599787972,-4.395472121920176e-08,-0.0154128701357081,-0.0193559146631465,,0.1641396842550365,0.0784434087735873,,,0.0972814505329548,,,,0.096707465583253,0.0952301620455827,0.113024845657763,n/a (noise doesn't move it),,,progressive,progressive,,beyond 25%,progressive,progressive,,,
376,51177,VA,2110,ok,acceptable (VEI within +/-10),0.8298314474304573,11.143051933506516,0.9999463811809,0.0018673453800994,9.169157940690893,1.020212050441567,0.8352265685650697,0.9929370624175528,-0.0070526975795578,1.0772472387845868e-11,0.0055588017457324,0.004138196338007,,0.1337749662255248,0.0003998226845919,,,,0.2085226547922906,0.0675586281782629,0.0674950461374711,0.0002380873757384,,,n/a (noise doesn't move it),,,progressive,progressive,progressive,,,,,progressive,progressive
377,31099,NE,81,skipped (fewer than 100 sales),,,,,,,,,,,,,,,,,,,,,,,,,,,,,,,,,,,,,
378,27089,MN,56,skipped (fewer than 100 sales),,,,,,,,,,,,,,,,,,,,,,,,,,,,,,,,,,,,,
379,12086,FL,27808,ok,acceptable (VEI within +/-10),0.7866874169566593,11.111310076033964,1.0312652959966824,-0.0174257856392577,-5.904488032535645,0.9623637823836944,0.7003426575513039,0.953541221217158,-0.0464583927910301,-5.37300674589913e-09,-0.0181692504105974,-0.0192962037965749,,0.1325658726407813,0.1706588445670922,0.1562983801290793,0.1562685995048627,0.1697591807057384,,0.1542302593344806,0.154229466231954,0.1160351717582448,0.1706293163312597,0.1828062517773568,n/a (noise doesn't move it),,,,,,beyond 25%,,,,,
380,29095,MO,8586,ok,UNACCEPTABLE progressivity,0.6332187371728581,35.69230200615705,5.069140141813301,0.0043628904557575,42.373529276423625,0.3711072585576204,0.0021060537312433,0.3391177413051909,-0.6608805429621125,-3.073517481621846e-09,-0.543317102611961,-0.7943660001589763,,,,,,,,,,0.0904948686266737,,,n/a (noise doesn't move it),beyond 25%,beyond 25%,progressive,progressive,beyond 25%,progressive,beyond 25%,beyond 25%,,beyond 25%,beyond 25%
381,06031,,0,no residential sales in 2024,,,,,,,,,,,,,,,,,,,,,,,,,,,,,,,,,,,,,
382,51175,VA,199,ok,acceptable (VEI significance <= 10),0.9342,26.982715017967735,1.0759957940076492,-0.0380769953835996,-24.423037135505968,0.8685547463247865,0.7599573876524365,0.85479514029085,-0.1452022769060093,-5.867749603540756e-07,-0.0431079891930075,-0.0437587459813919,,,0.2462276495743995,0.2294482346006305,,0.2232794883134634,,,,,0.2265628936875786,0.2195498864340432,n/a (noise doesn't move it),beyond 25%,,,beyond 25%,,beyond 25%,beyond 25%,beyond 25%,beyond 25%,,
383,41003,OR,816,ok,acceptable (VEI within +/-10),0.9599846464646464,9.334085730370564,1.015666936181869,-0.0161646481609673,-7.808946256616088,0.9082863402874434,0.7991087803534406,0.9332744908489315,-0.0667252434253286,-3.534975288328183e-08,-0.0198245025708834,-0.0209725991999589,,0.1135793350156187,0.1423248336101539,0.091731374587463,0.1245113134348364,0.122745701402929,0.2239542647575915,0.1115644857484203,0.1115645177590185,0.1077304174128199,0.1227495130132025,0.1329832056862232,n/a (noise doesn't move it),,,,,,,,,,,
384,48391,TX,33,skipped (fewer than 100 sales),,,,,,,,,,,,,,,,,,,,,,,,,,,,,,,,,,,,,
385,18019,IN,1027,ok,acceptable (VEI within +/-10),0.9227777777777778,13.42620155358372,1.0089627277281263,0.0165902642983672,5.783910316368111,0.9671456523222496,0.8574401691643276,0.9534260159336236,-0.046573676019763,-1.4705001537889132e-07,-0.0076255686018513,-0.0084763032274313,,0.1598990661291801,0.0846408405334664,,,0.0763742661044468,0.1764501208560147,0.0894946831028604,0.0894945076890067,0.0821552344611063,0.0745173058019356,0.0760904860923639,n/a (noise doesn't move it),,,progressive,progressive,,,,,,,
386,12017,FL,3823,ok,acceptable (VEI within +/-10),0.7730425531914894,14.56618757908511,1.0159929457166337,0.0018622111071682,2.438942041576014,0.9639652660979696,0.7031464034489542,0.9547604166581194,-0.0452382936131339,-1.0989648275222507e-07,-0.0107356159107141,-0.0127029229237698,,0.1688235687203381,0.122945953466275,,,0.1035369594667514,,0.1203219633803612,0.1203202206866415,0.0889435611167099,0.1023013605510581,0.1058940142818909,n/a (noise doesn't move it),,,progressive,progressive,,beyond 25%,,,,,
387,54085,WV,88,skipped (fewer than 100 sales),,,,,,,,,,,,,,,,,,,,,,,,,,,,,,,,,,,,,
388,50001,VT,0,no residential sales in 2024,,,,,,,,,,,,,,,,,,,,,,,,,,,,,,,,,,,,,
389,51760,VA,0,no residential sales in 2024,,,,,,,,,,,,,,,,,,,,,,,,,,,,,,,,,,,,,
390,18151,IN,251,ok,UNACCEPTABLE progressivity,0.7147169811320755,39.00641178042043,1.0249748228912925,0.0762354385539372,35.28793102717099,0.973208488172077,0.6246441581599647,0.9228544284578928,-0.0771380619109273,-5.30963100959657e-08,-0.0120565361956921,-0.0132751473584167,,,0.178517250243412,,,0.154467921613143,,,,0.1198606913630408,0.1874637267384968,0.1675651927179391,n/a (noise doesn't move it),beyond 25%,,progressive,progressive,,beyond 25%,beyond 25%,beyond 25%,,,
391,28133,MS,77,skipped (fewer than 100 sales),,,,,,,,,,,,,,,,,,,,,,,,,,,,,,,,,,,,,
392,18015,IN,248,ok,UNACCEPTABLE progressivity,0.625464371154817,34.85914355833304,1.216941687696696,0.0066322643246901,31.859509649592503,0.6476744954919237,0.0481918125652392,0.7214222001797082,-0.2785707726614509,-1.446598683085697e-07,-0.1335383320128327,-0.1746456001065941,,,,,,,,,,0.0821644407474075,,,n/a (noise doesn't move it),beyond 25%,beyond 25%,progressive,progressive,beyond 25%,beyond 25%,beyond 25%,beyond 25%,,beyond 25%,beyond 25%
393,48239,TX,133,ok,UNACCEPTABLE progressivity,0.7110997833566969,38.975995932535746,1.0199700536014344,0.1029899840054252,56.68308227464264,0.9307676514867388,0.5887448847111406,0.974574855449963,-0.0254178635574369,-1.471224088640057e-07,-0.0244248109614073,-0.038027482439827,,,0.1448505934796859,,,0.2349032994648104,,0.1213446569956198,0.121445925454928,0.0892109098820893,0.1953834841693273,0.1963264746030338,n/a (noise doesn't move it),beyond 25%,,progressive,beyond 25%,,beyond 25%,,,,,
394,41037,OR,95,skipped (fewer than 100 sales),,,,,,,,,,,,,,,,,,,,,,,,,,,,,,,,,,,,,
395,20013,KS,55,skipped (fewer than 100 sales),,,,,,,,,,,,,,,,,,,,,,,,,,,,,,,,,,,,,
396,50019,VT,0,no residential sales in 2024,,,,,,,,,,,,,,,,,,,,,,,,,,,,,,,,,,,,,
397,17167,IL,2996,ok,acceptable (VEI within +/-10),0.9073963609022556,15.3055292346022,1.0150351214197475,-0.0116986713569194,-2.5407421433656414,0.9867646185497202,0.9086776973195456,0.9537626144271196,-0.0462368566367382,-1.487086374383091e-07,-0.0046134462175704,-0.001398806842854,,0.181668241794898,0.1257613439160694,0.1239151931647229,0.1014203273368632,0.0700961761473574,0.1845457192122026,0.1516140016604374,0.1516133558972555,0.1215810978748895,0.0743284702289829,0.0333975728143384,n/a (noise doesn't move it),,,,,,,,,,,
398,13043,GA,109,ok,acceptable (confidence intervals overlap),0.6310463320463321,42.20065862772286,1.200483663714286,-0.0465389614272548,19.890143221475597,0.7893942165213205,0.2487807207504781,0.7106184643312673,-0.2893711977387364,-5.265457921626365e-07,-0.0914126247763771,-0.1192527138797656,,,,,,,,,,0.1504864057217719,,,n/a (noise doesn't move it),beyond 25%,beyond 25%,progressive,progressive,beyond 25%,beyond 25%,beyond 25%,beyond 25%,,beyond 25%,beyond 25%
399,48069,TX,33,skipped (fewer than 100 sales),,,,,,,,,,,,,,,,,,,,,,,,,,,,,,,,,,,,,
400,33001,NH,0,no residential sales in 2024,,,,,,,,,,,,,,,,,,,,,,,,,,,,,,,,,,,,,
401,48451,TX,1342,ok,acceptable (VEI within +/-10),0.8454510094399291,22.999697271308765,1.0893459106164736,0.0070951607812849,-1.0746511229678573,0.8210304861359522,0.4684722598317095,0.8358789969726407,-0.1641183882858225,-3.9965628950333025e-08,-0.0676506640675818,-0.0822353533612447,,0.2422546473594764,,,0.0469758117238526,,,,,0.1486145882489624,,,n/a (noise doesn't move it),,beyond 25%,progressive,,beyond 25%,beyond 25%,beyond 25%,beyond 25%,,beyond 25%,beyond 25%
402,48193,,0,no residential sales in 2024,,,,,,,,,,,,,,,,,,,,,,,,,,,,,,,,,,,,,
403,53023,,0,no residential sales in 2024,,,,,,,,,,,,,,,,,,,,,,,,,,,,,,,,,,,,,
404,13007,GA,15,skipped (fewer than 100 sales),,,,,,,,,,,,,,,,,,,,,,,,,,,,,,,,,,,,,
405,20185,,0,no residential sales in 2024,,,,,,,,,,,,,,,,,,,,,,,,,,,,,,,,,,,,,
406,13151,GA,3940,ok,acceptable (VEI significance <= 10),0.9439831851513604,26.18766715305661,1.118268743952424,0.0294638063690909,23.5287797796994,0.6629902157027578,0.9064653606798558,0.4272349991399131,-0.5727644091674052,-1.7981879911216895e-08,-0.1196040867666308,-0.1026279774141714,,,,,,,0.2051959852149562,,,,,,n/a (noise doesn't move it),beyond 25%,beyond 25%,progressive,progressive,beyond 25%,,beyond 25%,beyond 25%,beyond 25%,beyond 25%,beyond 25%
407,44003,RI,806,ok,acceptable (VEI within +/-10),0.9317501298701298,0.5474694430895441,1.0006670078783406,-0.0026595127616307,-0.2711742757705707,0.9962137910301794,0.9231393718699078,0.9956306109877238,-0.004369240065939,-6.049879035162466e-09,-0.0007333734511563,-0.0007851138720644,,0.0070354849362936,0.0163525522460523,0.0167276119537293,0.0096082534335615,0.0131179927427203,0.1140746446459833,0.0154382376802049,0.0154380020994889,0.0151689788555706,0.0131064634139418,0.0134294514421309,n/a (noise doesn't move it),,,,,,,,,,,
408,13079,GA,129,ok,acceptable (VEI significance <= 10),0.77064,47.49586647199187,1.3377387241432217,-0.1812096963878567,-43.62855913292135,0.7414123855874218,0.4642565141993032,0.6441243252952265,-0.3558754860388587,-1.2770915856465029e-06,-0.1283807455159569,-0.1382099402488703,,,,,,,,,,,,,n/a (noise doesn't move it),beyond 25%,beyond 25%,beyond 25%,beyond 25%,beyond 25%,beyond 25%,beyond 25%,beyond 25%,beyond 25%,beyond 25%,beyond 25%
409,30057,MT,0,no residential sales in 2024,,,,,,,,,,,,,,,,,,,,,,,,,,,,,,,,,,,,,
410,18129,IN,289,ok,acceptable (VEI significance <= 10),0.7580990085849847,24.20338441938816,1.0306231903644043,0.0286850565125624,11.521441452757465,0.938084457480728,0.6646040897699712,0.944065013206668,-0.0559308245627362,-2.6579732148374754e-07,-0.0200036264693146,-0.0211832313078601,,0.2424519156232784,0.1637752497169648,,,0.1496938647671452,,0.1577191080795061,0.157715469931343,0.1260251021968793,0.1641672555893474,0.1723676185506733,n/a (noise doesn't move it),,,progressive,progressive,,beyond 25%,,,,,
411,20191,,0,no residential sales in 2024,,,,,,,,,,,,,,,,,,,,,,,,,,,,,,,,,,,,,
412,18035,IN,1454,ok,acceptable (VEI within +/-10),0.6751016275567951,33.51050387684597,1.3530356016455534,-0.0110223259752627,3.967842723702823,0.6307915979253692,0.1010371217402767,0.6174089947310323,-0.3825858601756831,-8.374204188439087e-08,-0.1842803496398817,-0.2561879754181027,,,,0.1170220449029805,,,,,,0.1195567984557559,,,n/a (noise doesn't move it),beyond 25%,beyond 25%,,progressive,beyond 25%,beyond 25%,beyond 25%,beyond 25%,,beyond 25%,beyond 25%
413,21051,KY,141,ok,acceptable (VEI within +/-10),1.0,78.29068662872074,1.6122925673054105,-0.1117391045204417,-1.9000000000000017,0.6539145945493747,0.4216721722337743,0.6865469942342345,-0.3134519980350982,-5.757191321346863e-06,-0.1801487930900138,-0.22051073121141,0.0,,,,0.0844565629269883,,,,,,,,,beyond 25%,beyond 25%,beyond 25%,,beyond 25%,beyond 25%,beyond 25%,beyond 25%,beyond 25%,beyond 25%,beyond 25%
414,17145,IL,237,ok,acceptable (VEI within +/-10),0.8972553191489362,26.605995927897165,1.0822466173923333,-0.0221720792941898,2.074188727643477,0.8860575841596187,0.6198708094914993,0.8870644576998936,-0.1129316746306471,-8.101190587713309e-07,-0.0466538152672173,-0.0582883689470568,,,0.2393493882125919,0.238174748346475,0.0660397809637071,0.2349722137029471,,0.247579665307323,0.2475782692232561,0.2049160326849519,0.2321193016818843,0.239279101656347,n/a (noise doesn't move it),beyond 25%,,,,,beyond 25%,,,,,
415,40005,OK,89,skipped (fewer than 100 sales),,,,,,,,,,,,,,,,,,,,,,,,,,,,,,,,,,,,,
416,48303,TX,4399,ok,acceptable (VEI within +/-10),0.8923923331755798,28.267411431881225,1.0671918781128518,0.0659261493677936,5.403203358242969,0.8198077208640233,0.5853525220822139,0.7647523843985127,-0.2352463285199974,-2.360128083099484e-07,-0.0576327436328263,-0.0617174808344578,,,0.2305679619368861,,,,,,,0.1868216893345426,,,n/a (noise doesn't move it),beyond 25%,,progressive,progressive,beyond 25%,beyond 25%,beyond 25%,beyond 25%,,beyond 25%,beyond 25%
417,05019,AR,2,skipped (fewer than 100 sales),,,,,,,,,,,,,,,,,,,,,,,,,,,,,,,,,,,,,
418,09180,CT,0,no residential sales in 2024,,,,,,,,,,,,,,,,,,,,,,,,,,,,,,,,,,,,,
419,21049,KY,615,ok,UNACCEPTABLE regressivity,0.7147058823529412,39.79777254667241,2.260102162568802,-0.1079462331070647,-75.28108858274551,0.2997914511643302,-0.0113940819271797,0.1070225527855515,-0.8929732287850984,-1.79610734076824e-07,-0.4413045363368095,-0.5712969006790252,,,,,,,,,,0.1216104037425556,,,n/a (noise doesn't move it),beyond 25%,beyond 25%,beyond 25%,beyond 25%,beyond 25%,beyond 25%,beyond 25%,beyond 25%,,beyond 25%,beyond 25%
420,48133,TX,126,ok,acceptable (confidence intervals overlap),0.8744508495824845,37.87925202519395,1.1116966535673205,-0.009087480747038,-10.615135810684178,0.8437117238189751,0.6756180881736646,0.9224674045038392,-0.0774626567242036,-1.2138080192435045e-06,-0.0600556181800124,-0.0698146506701471,,,0.2403720394125104,0.1305558445028096,0.1441402724904023,,,,,0.2430978802333509,,0.2327856114463298,n/a (noise doesn't move it),beyond 25%,,,,beyond 25%,beyond 25%,beyond 25%,beyond 25%,,beyond 25%,
421,29005,MO,33,skipped (fewer than 100 sales),,,,,,,,,,,,,,,,,,,,,,,,,,,,,,,,,,,,,
422,26049,MI,5470,ok,acceptable (VEI significance <= 10),0.8745430375540046,23.633841540065692,1.0432571813400051,-0.0343751389605977,-16.51801416899651,0.972420150394858,0.8439369858490138,0.913795463162968,-0.0862051617072882,-3.2973812403632184e-07,-0.010201783189343,-0.0084971269613318,,,0.2000950825922321,0.2310173915412709,,0.116212125837776,,0.2412295725631309,0.2412281672334975,0.1842345845047931,0.1139194805581425,0.0862998934601476,n/a (noise doesn't move it),beyond 25%,,,beyond 25%,,beyond 25%,,,,,
423,12039,FL,351,ok,acceptable (VEI within +/-10),0.8220538461538461,26.20858209614832,1.0645445188064946,-0.0247655156952641,-3.013225041683665,0.9179965618412088,0.7253018281214463,0.8399058590052674,-0.1600910198568058,-3.9017982372474226e-07,-0.0312771808490841,-0.027409568488903,,,0.2389285150591064,0.2481650670651614,0.1232751790937255,0.2245112102125343,,,,0.1934851818875163,0.1966272481085202,0.164432542634183,n/a (noise doesn't move it),beyond 25%,,,,,beyond 25%,beyond 25%,beyond 25%,,,
424,19021,IA,0,no residential sales in 2024,,,,,,,,,,,,,,,,,,,,,,,,,,,,,,,,,,,,,
425,13199,GA,337,ok,acceptable (VEI within +/-10),0.8678854777509486,25.912242625911936,1.129442803962991,-0.0367777000451969,-5.5841069120432225,0.8228085800833013,0.2713117277101525,0.8563001577120848,-0.1436979867756802,-2.2355745160554435e-07,-0.0713964383770791,-0.096237623023232,,,,0.2112673292062973,0.1421614328238955,,,,,0.1408957800844134,,,n/a (noise doesn't move it),beyond 25%,beyond 25%,,,beyond 25%,beyond 25%,beyond 25%,beyond 25%,,beyond 25%,beyond 25%
426,48037,TX,816,ok,acceptable (VEI significance <= 10),0.892140462090659,25.154104913865023,1.1127342961172704,0.0310862933959974,19.09354940747916,0.8255486797651853,0.4093195324517771,0.9328367714673624,-0.0671568594136693,-5.4500259514498564e-08,-0.0746490141572688,-0.1005131037980551,,,,,,,,0.1981258128589061,0.1981182363268849,0.1523101599699515,,,n/a (noise doesn't move it),beyond 25%,beyond 25%,progressive,progressive,beyond 25%,beyond 25%,,,,beyond 25%,beyond 25%
427,05003,AR,3,skipped (fewer than 100 sales),,,,,,,,,,,,,,,,,,,,,,,,,,,,,,,,,,,,,
428,29091,,0,no residential sales in 2024,,,,,,,,,,,,,,,,,,,,,,,,,,,,,,,,,,,,,
429,22071,,0,no residential sales in 2024,,,,,,,,,,,,,,,,,,,,,,,,,,,,,,,,,,,,,
430,22101,LA,325,ok,acceptable (VEI within +/-10),0.98,6.8275344338534305,1.0118513647019625,-0.0074172104158969,-0.0010095554422598,0.977051241428658,0.9502432698604696,0.9778577411237336,-0.0221417317308227,-1.5098473105163653e-07,-0.0083570640611507,-0.0084887164250608,0.2100081823720772,0.0843454856622758,0.0990677754239046,0.1552051158649789,0.0004476201350358,0.0882201321566293,0.1456171122389268,0.1047569827015443,0.1047505123916086,0.0973322173223089,0.088057529097711,0.081853459748927,,,,,,,,,,,,
431,36099,NY,248,ok,acceptable (confidence intervals overlap),0.8972227573364155,31.00420543078629,1.2087770813502283,-0.1241759155860152,-22.17620479567782,0.6562510049119114,0.3634209088066834,0.5166016884402767,-0.4834009562706856,-7.379876515537453e-07,-0.138913183566721,-0.1651343646224004,,,,,,,,,,,,,n/a (noise doesn't move it),beyond 25%,beyond 25%,beyond 25%,beyond 25%,beyond 25%,beyond 25%,beyond 25%,beyond 25%,beyond 25%,beyond 25%,beyond 25%
432,19037,IA,0,no residential sales in 2024,,,,,,,,,,,,,,,,,,,,,,,,,,,,,,,,,,,,,
433,41067,OR,5813,ok,acceptable (VEI within +/-10),0.9412655233589592,8.272545433351175,1.0084692844666003,-0.0131867692624975,-3.2871661449195444,0.9418015413594616,0.9474404091289002,0.9356282136991262,-0.0643715515885477,-4.1319423705096536e-08,-0.0124516336191058,-0.0124982750258613,,0.101455191459383,0.0884803118220735,0.0778072140553723,0.070040568242431,0.0880924851413198,0.131207738658732,0.0971089098364457,0.0971087074713218,0.0890685996143846,0.0876358130985516,0.0882064831999458,n/a (noise doesn't move it),,,,,,,,,,,
434,13103,GA,1015,ok,acceptable (VEI significance <= 10),0.8707201257861635,17.042049878888808,1.0103219437923645,0.0679571758079912,20.834249844738107,0.953340823428564,0.6550493392063179,0.9951741349581624,-0.0048244296977674,-1.0136467469944905e-07,-0.0104249960813294,-0.0156845548927455,,0.1970914903918117,0.095909277161851,,,0.0867426150405112,,0.0329092653658551,0.0328975185363551,0.0724113876598038,0.0787462526748418,0.0980055057847142,n/a (noise doesn't move it),,,progressive,progressive,,beyond 25%,,,,,
435,26161,MI,3557,ok,acceptable (VEI within +/-10),0.8555844155844156,13.57225924613357,1.012554824924804,0.0111225196301392,3.101742540416998,0.9607108526938408,0.7878738403209029,0.9576805681176924,-0.0423189254169298,-6.661052650861881e-08,-0.0116380295992062,-0.014369131513787,,0.1612020867181282,0.1117040978670458,,,0.113325681053755,,0.1126724280087251,0.1126718677788763,0.0897115104076477,0.1120088941498311,0.1191382436586606,n/a (noise doesn't move it),,,progressive,progressive,,beyond 25%,,,,,
436,37063,NC,4614,ok,UNACCEPTABLE progressivity,0.5311121212121213,24.604734489675653,1.0293710793450284,0.1161999368470658,26.599295359559093,0.9314258297842049,0.4857666120113913,0.837653292837529,-0.1623450039026787,-1.4814597374720391e-09,-0.0253632888759671,-0.022344086399102,,0.2441052119731278,0.1712632981842946,,,0.2004198166201609,,0.245981961662169,0.2459809487508285,0.0887176126313668,0.1841993932550749,0.1836621036306203,n/a (noise doesn't move it),,,progressive,progressive,,beyond 25%,,,,,
437,55077,WI,453,ok,acceptable (VEI within +/-10),0.9509090909090908,22.85248480762231,1.0593670113089462,-0.0390475410840757,-4.1242819615779664,0.8561328345087279,0.7306226219533073,0.8555988873478888,-0.1444007316816207,-5.420320179903095e-07,-0.0462256122025821,-0.0529448956533213,,0.2441621069913031,0.2287214545806232,0.2227312817780939,0.0821154793583681,0.2253677994894959,,,,0.1930059233866102,0.2348393606787992,0.2267094283917772,n/a (noise doesn't move it),,,,,,beyond 25%,beyond 25%,beyond 25%,,,
438,48257,TX,4721,ok,UNACCEPTABLE progressivity,0.6229704122471124,56.48860539530267,24.688349406175824,0.0338654219461201,92.60830948016702,0.1533628326775665,6.242196179343043e-05,0.1209118623070231,-0.8790871094104787,-9.411775020760847e-10,-0.8094056397277325,-0.9477924011360552,,,,,,,,,,0.0108247627358521,,,n/a (noise doesn't move it),beyond 25%,beyond 25%,progressive,progressive,beyond 25%,beyond 25%,beyond 25%,beyond 25%,,beyond 25%,beyond 25%
439,48401,TX,275,ok,acceptable (confidence intervals overlap),0.8491501658630006,25.52510909261605,1.060718349612946,0.0163877062988571,14.349800616142105,0.8390119775273998,0.4716698411550101,0.8655204044525587,-0.1344785767188437,-2.8989313253138616e-07,-0.0494283435250464,-0.0584043726421921,,,0.2306993859496321,,,0.2399416110245572,,0.230833809032193,0.2308327885536482,0.1330915729620186,0.2334061750492816,0.2324602430638688,n/a (noise doesn't move it),beyond 25%,,progressive,progressive,,beyond 25%,,,,,
440,26075,,0,no residential sales in 2024,,,,,,,,,,,,,,,,,,,,,,,,,,,,,,,,,,,,,
441,13045,GA,2280,ok,acceptable (VEI within +/-10),0.8439314209726444,38.23605391252664,1.3563158821289103,-0.0021640352160612,2.057656684575948,0.5544051842400524,0.1533941292774032,0.4216716659973955,-0.5783354892599172,-2.0667512421881314e-07,-0.212591098433599,-0.2798584114135947,,,,0.1166558759900461,,,,,,0.2243512841923995,,,n/a (noise doesn't move it),beyond 25%,beyond 25%,,progressive,beyond 25%,beyond 25%,beyond 25%,beyond 25%,,beyond 25%,beyond 25%
442,48075,TX,35,skipped (fewer than 100 sales),,,,,,,,,,,,,,,,,,,,,,,,,,,,,,,,,,,,,
443,38063,ND,22,skipped (fewer than 100 sales),,,,,,,,,,,,,,,,,,,,,,,,,,,,,,,,,,,,,
444,48403,TX,84,skipped (fewer than 100 sales),,,,,,,,,,,,,,,,,,,,,,,,,,,,,,,,,,,,,
445,41017,OR,3739,ok,acceptable (VEI within +/-10),0.9711090909090908,12.208173875912022,1.0106434394421713,0.0134543363859296,5.316088906067408,0.9664230866346964,0.9349345922792393,0.9688992650166544,-0.0311006464295992,-7.3091032301723485e-09,-0.0101422030764923,-0.0117029411520419,,0.1476745615492228,0.1058483962288138,,,0.1043007942776149,0.1884632419671566,0.0894932737437358,0.0894930873434091,0.0993965241275947,0.1031350816222904,0.1164240487350662,n/a (noise doesn't move it),,,progressive,progressive,,,,,,,
446,41071,OR,1061,ok,acceptable (VEI significance <= 10),0.9736792244987884,13.004395813552057,0.9931826451699898,0.055097860243753,15.845697063103296,1.0437155352105791,1.1997512592921828,0.9894525758255974,-0.0105474910990014,1.4591491802980976e-08,0.0099807966822416,0.0124067223574729,,0.1561308055487656,,,,,0.1698666880269308,0.0387853894401116,0.0387855224152364,,,,n/a (noise doesn't move it),,progressive,progressive,progressive,progressive,,,,progressive,progressive,progressive
447,51033,VA,4,skipped (fewer than 100 sales),,,,,,,,,,,,,,,,,,,,,,,,,,,,,,,,,,,,,
448,20099,,0,no residential sales in 2024,,,,,,,,,,,,,,,,,,,,,,,,,,,,,,,,,,,,,
449,35031,NM,82,skipped (fewer than 100 sales),,,,,,,,,,,,,,,,,,,,,,,,,,,,,,,,,,,,,
450,51021,VA,102,ok,UNACCEPTABLE regressivity,0.7722488584474886,54.90287646371918,1.6100660808718956,-0.2161876811398375,-63.924369216612746,0.6489048136443136,0.2206461604439858,0.6045335860458414,-0.3954642631469146,-8.930437328689884e-07,-0.2003419287255368,-0.268099418721295,,,,,,,,,,,,,n/a (noise doesn't move it),beyond 25%,beyond 25%,beyond 25%,beyond 25%,beyond 25%,beyond 25%,beyond 25%,beyond 25%,beyond 25%,beyond 25%,beyond 25%
451,19113,,0,no residential sales in 2024,,,,,,,,,,,,,,,,,,,,,,,,,,,,,,,,,,,,,
452,29059,MO,0,no residential sales in 2024,,,,,,,,,,,,,,,,,,,,,,,,,,,,,,,,,,,,,
453,55093,WI,671,ok,acceptable (VEI within +/-10),0.9654901960784312,17.443091499085256,1.0242061222434842,-0.0095405302952662,0.0909774518629185,0.9402832269371504,0.8477198272024449,0.9509859209472612,-0.0490272904735719,-2.2738790494947827e-07,-0.01762370973358,-0.0207348749576232,,0.193260499985454,0.1482029199824158,0.1314455902297702,0.0141561685947517,0.140418165577691,0.20673108271052,0.1806492782194675,0.1806640319182207,0.1477009838890739,0.133340249447745,0.1416244128838985,n/a (noise doesn't move it),,,,,,,,,,,
454,37129,NC,4056,ok,acceptable (VEI within +/-10),0.6138119783996072,14.345138744574829,1.0234664690094155,-0.0073798280594702,-5.222595336869716,0.956332211359542,0.7050583893378963,0.937187871177883,-0.0628107145689712,-2.2635101144165303e-09,-0.018362008089519,-0.0157348259296274,,0.1684919822872154,0.1229139753740714,0.0781793560190362,0.1323585707416031,0.1697938793274719,0.2352811675755021,0.1565333210244719,0.1565197182395206,0.0935595966805755,0.1754134248240126,0.1234901049870568,n/a (noise doesn't move it),,,,,,,,,,,
455,27081,MN,54,skipped (fewer than 100 sales),,,,,,,,,,,,,,,,,,,,,,,,,,,,,,,,,,,,,
456,48335,TX,74,skipped (fewer than 100 sales),,,,,,,,,,,,,,,,,,,,,,,,,,,,,,,,,,,,,
457,31133,NE,59,skipped (fewer than 100 sales),,,,,,,,,,,,,,,,,,,,,,,,,,,,,,,,,,,,,
458,29047,MO,2671,ok,UNACCEPTABLE progressivity,0.6136917636557147,21.014146255101945,1.014024760118302,0.0967513189798517,22.67812546169491,0.9644753365925376,0.5454021350975562,0.9484963034731344,-0.0515014823135988,-3.289221099456098e-08,-0.0090521592587768,-0.0121807980568682,,0.2325411340842546,0.1147803294088598,,,0.0912365417655233,,0.1133705373081774,0.1133694564182699,0.0726670138107381,0.0961334912654463,0.1042569774763346,n/a (noise doesn't move it),,,progressive,progressive,,beyond 25%,,,,,
459,28057,,0,no residential sales in 2024,,,,,,,,,,,,,,,,,,,,,,,,,,,,,,,,,,,,,
460,36115,NY,711,ok,UNACCEPTABLE regressivity,0.8367763636363637,28.80897249014783,1.155722705377341,-0.1044430887003007,-38.25845816814405,0.7714655059471374,0.4531377471487561,0.7385182117217147,-0.2614801076559666,-1.498755197180669e-07,-0.0938586687949341,-0.1002505555721986,,,,,,,,,,0.1995223815505745,,,n/a (noise doesn't move it),beyond 25%,beyond 25%,beyond 25%,beyond 25%,beyond 25%,beyond 25%,beyond 25%,beyond 25%,,beyond 25%,beyond 25%
461,26137,MI,491,ok,acceptable (VEI within +/-10),0.7944,32.88816421622071,1.1287103583968747,-0.0685726336995566,9.9029916568476,0.8189031637128187,0.5096424544976328,0.7838396815037216,-0.2161524760058628,-6.708838381507344e-07,-0.0647139721115996,-0.0714205624452164,,,,,,,,,,0.2406747805007277,,,n/a (noise doesn't move it),beyond 25%,beyond 25%,beyond 25%,progressive,beyond 25%,beyond 25%,beyond 25%,beyond 25%,,beyond 25%,beyond 25%
462,48217,TX,319,ok,acceptable (confidence intervals overlap),0.8512319931693753,31.198752685747927,1.286801512997148,-0.0207944922658726,15.098296377570083,0.6604172831402544,0.0204973338957096,0.7574703132858007,-0.2425277892623288,-6.226621556861459e-08,-0.1503866714528896,-0.2102533044825929,,,,0.1905183079860577,,,,,,0.0842023146162775,,,n/a (noise doesn't move it),beyond 25%,beyond 25%,,progressive,beyond 25%,beyond 25%,beyond 25%,beyond 25%,,beyond 25%,beyond 25%
463,51009,VA,433,ok,acceptable (VEI within +/-10),0.5578666666666666,32.85454764751083,1.5422805720265491,-0.0435520013428352,2.27710159004135,0.5062919851965703,0.0002785834536935,0.5772375960511902,-0.4227555219492795,-1.4127692145739162e-08,-0.2522171441911429,-0.3299767479018243,,,,0.2163883329326937,,,,,,0.0367357371398977,,,n/a (noise doesn't move it),beyond 25%,beyond 25%,,progressive,beyond 25%,beyond 25%,beyond 25%,beyond 25%,,beyond 25%,beyond 25%
464,37041,NC,237,ok,acceptable (confidence intervals overlap),0.5929184397163121,43.889213214563014,1.3000299028160662,0.0272870446640085,33.46096707852953,0.7070328787626705,0.1553237573141315,0.8597483086513741,-0.1402224703631076,-1.8231110672544217e-07,-0.1546506621523309,-0.2331889759011549,,,,,,,,,,0.1560620938983111,,,n/a (noise doesn't move it),beyond 25%,beyond 25%,progressive,progressive,beyond 25%,beyond 25%,beyond 25%,beyond 25%,,beyond 25%,beyond 25%
465,39087,,0,no residential sales in 2024,,,,,,,,,,,,,,,,,,,,,,,,,,,,,,,,,,,,,
466,10001,DE,0,no residential sales in 2024,,,,,,,,,,,,,,,,,,,,,,,,,,,,,,,,,,,,,
467,51099,VA,366,ok,acceptable (VEI within +/-10),0.7973069557238422,11.617650940529987,1.0050541690506174,0.0400204492743759,8.69932349415861,0.9735853918588055,0.7123241330755291,0.9858028199553206,-0.0141962436308849,-5.6355381545024154e-08,-0.0052162073622101,-0.0077584862662942,,0.1448094984806434,0.0692572946795691,,,0.0626215944687717,0.2220317878323476,0.0603059919834432,0.0603053584364861,0.0630992490147144,0.0617841309664688,0.0669656990054143,n/a (noise doesn't move it),,,progressive,progressive,,,,,,,
468,36045,NY,1721,ok,UNACCEPTABLE regressivity,0.7625291262135923,40.36664447780117,1.3528054087154455,-0.2056155768789654,-66.55323061803834,0.5024940000180035,0.2365017479717888,0.4458759900497753,-0.5541207510289957,-7.023432371183771e-07,-0.2064371168055863,-0.2384645232827036,,,,,,,,,,,,,n/a (noise doesn't move it),beyond 25%,beyond 25%,beyond 25%,beyond 25%,beyond 25%,beyond 25%,beyond 25%,beyond 25%,beyond 25%,beyond 25%,beyond 25%
469,21185,KY,965,ok,acceptable (VEI within +/-10),0.7714285714285715,22.19607034056172,1.0507638935205876,-0.0160560410931664,5.079863661459962,0.8603278638350883,0.6447683914572345,0.8236592969114909,-0.1763398110385453,-1.4970496787301768e-07,-0.0449738745020693,-0.0491269084599912,,0.2416836796450353,0.2098940620093534,0.1221425158749848,,0.2196035722471289,,0.2373576484116491,0.237362346215128,0.1834972047094215,0.2161905217961285,0.2327295886257783,n/a (noise doesn't move it),,,,progressive,,beyond 25%,,,,,
470,26043,MI,380,ok,acceptable (confidence intervals overlap),0.7917202227934876,26.794987183241627,1.0522965099488095,-0.0240960243710003,-10.71687333351546,0.9245324220735188,0.7666953248977687,0.8756774852309337,-0.1243198005834981,-3.924241033836242e-07,-0.0279740531296439,-0.0189942963155624,,,0.2046451953257686,0.1748847372239096,0.2124671376849181,0.2024894884904146,,0.2339487411822488,0.2339452747259369,0.2030655478734698,0.2052707329117841,0.1651705634224529,n/a (noise doesn't move it),beyond 25%,,,,,beyond 25%,,,,,
471,01071,,0,no residential sales in 2024,,,,,,,,,,,,,,,,,,,,,,,,,,,,,,,,,,,,,
472,20015,KS,873,ok,acceptable (confidence intervals overlap),0.854020532793859,21.97187595041442,1.027690956602154,0.0407369579864952,12.867480387343171,0.9340877924439052,0.668169053695641,0.9376265910094692,-0.06237196354814,-1.5648225518981588e-07,-0.0213920949117809,-0.0289885913006757,,0.2368228344985614,0.1579449487524465,,,0.1698909426969031,,0.1559969355643041,0.1559919526309339,0.1452337914148246,0.1588969077937695,0.1811830385686492,n/a (noise doesn't move it),,,progressive,progressive,,beyond 25%,,,,,
473,27069,MN,37,skipped (fewer than 100 sales),,,,,,,,,,,,,,,,,,,,,,,,,,,,,,,,,,,,,
474,19069,IA,0,no residential sales in 2024,,,,,,,,,,,,,,,,,,,,,,,,,,,,,,,,,,,,,
475,48477,TX,211,ok,acceptable (VEI within +/-10),0.8637856038271972,25.951372490010648,1.0370142196844498,0.0617757475544003,9.15924084734818,0.9276924540509772,0.7373229374798633,0.9345591883153171,-0.0654403086464536,-2.6324992400226724e-08,-0.0275894037882389,-0.0271326058358747,,,0.2471855384090844,,,0.2304191856727208,,0.1589915832885388,0.1589903031988162,0.1591765668748449,0.2177497833106955,0.2351133556490558,n/a (noise doesn't move it),beyond 25%,,progressive,beyond 25%,,progressive,,,,,
476,19175,IA,0,no residential sales in 2024,,,,,,,,,,,,,,,,,,,,,,,,,,,,,,,,,,,,,
477,17007,IL,334,ok,acceptable (confidence intervals overlap),0.765993951569699,28.189807576465856,1.0954774491896389,-0.0136291713800671,-23.710939540909493,0.7373128807313727,0.2903097390406894,0.6882010570875521,-0.3117953736789711,-2.4723846383830816e-07,-0.0852764781643857,-0.0891793395289448,,,0.2489169361379595,0.1389518135340921,,,,,,0.1792507226198299,,,n/a (noise doesn't move it),beyond 25%,,,beyond 25%,beyond 25%,beyond 25%,beyond 25%,beyond 25%,,beyond 25%,beyond 25%
478,48479,TX,1821,ok,UNACCEPTABLE progressivity,0.8398347466840618,33.87544561403466,1.100557367807146,0.0932401841261874,24.04111584395607,0.6826307929839665,0.4885895035433752,0.5900212744151103,-0.4099759761229953,-2.9127042550099346e-07,-0.0934356149161959,-0.1045108245404247,,,,,,,,,,0.2328802911114872,,,n/a (noise doesn't move it),beyond 25%,beyond 25%,progressive,progressive,beyond 25%,beyond 25%,beyond 25%,beyond 25%,,beyond 25%,beyond 25%
479,47141,TN,0,no residential sales in 2024,,,,,,,,,,,,,,,,,,,,,,,,,,,,,,,,,,,,,
480,56001,WY,292,ok,acceptable (VEI within +/-10),0.8211976175555031,17.118877176376056,1.0228434165129645,0.0203386109823733,6.163929121595897,0.8718984834272757,0.7202737501615734,0.8585061939601594,-0.1414932942428203,-1.1657941498870285e-07,-0.0291701577857002,-0.0296231009832093,,0.2001134988641538,0.1599529041699029,,,0.1515866436718349,,0.1723793328316243,0.1723787417823783,0.1123188281531067,0.1466172336800555,0.1489273460257022,n/a (noise doesn't move it),,,progressive,progressive,,beyond 25%,,,,,
481,51690,VA,302,ok,acceptable (confidence intervals overlap),0.647266500622665,46.647923280511854,1.701994068352662,-0.1522370727152967,-33.030543485236464,0.4840706967481947,0.0057549864885393,0.4281144923025397,-0.5718795815620464,-1.1729652117681407e-07,-0.2905452971485478,-0.3800765961937216,,,,,,,,,,0.0945319880950963,,,n/a (noise doesn't move it),beyond 25%,beyond 25%,beyond 25%,beyond 25%,beyond 25%,beyond 25%,beyond 25%,beyond 25%,,beyond 25%,beyond 25%
482,36033,NY,622,ok,UNACCEPTABLE regressivity,0.8859024151811385,48.504724086737745,1.4414533321032037,-0.160335966347181,-40.97560162902203,0.7161998194188939,0.3399500973083741,0.6764896688941165,-0.3235095256901819,-2.803622996476659e-07,-0.1601918342775525,-0.1937807403608977,,,,,,,,,,,,,n/a (noise doesn't move it),beyond 25%,beyond 25%,beyond 25%,beyond 25%,beyond 25%,beyond 25%,beyond 25%,beyond 25%,beyond 25%,beyond 25%,beyond 25%
483,05117,AR,0,no residential sales in 2024,,,,,,,,,,,,,,,,,,,,,,,,,,,,,,,,,,,,,
484,17027,IL,254,ok,acceptable (VEI within +/-10),0.8930705882352941,19.873263617633196,1.0289276740814983,-0.0023297240143883,-5.3951695607344465,0.951372949408296,0.8037045502781449,0.96518988035365,-0.0347959437138261,-3.0490211101174196e-07,-0.016587554627198,-0.0184880879698767,,0.2253103798685698,0.1615519897904339,0.057213926333829,0.1522563024687916,0.1420502832209528,0.2365210038914563,0.1266934431500143,0.1266449087853833,0.1308658336462119,0.1454820040430453,0.1504435473019407,n/a (noise doesn't move it),,,,,,,,,,,
485,29039,MO,189,ok,acceptable (confidence intervals overlap),0.3289943215316349,46.29786657412435,1.2313315904067708,0.0686540732049036,29.80750899795898,0.6661339382514361,0.0994712453006415,0.5276292113766531,-0.4723766888852665,-1.3122441514340996e-07,-0.1437372735821411,-0.1723499625770832,,,,,,,,,,0.0878443332082715,,,n/a (noise doesn't move it),beyond 25%,beyond 25%,beyond 25%,progressive,beyond 25%,beyond 25%,beyond 25%,beyond 25%,,beyond 25%,beyond 25%
486,27061,MN,712,ok,acceptable (VEI within +/-10),0.868065934065934,21.03383553028117,1.0559506724328471,0.0066101164957488,2.7006644980542127,0.9149735283255048,0.4157819645466178,0.9466201872487084,-0.0533776653867479,-8.971828053865e-08,-0.0330295422775321,-0.0445437076725852,,0.2331769330287291,0.2082103947472776,,,0.1983835324896458,,0.1812224114779428,0.181218416414021,0.1151286303528022,0.1962756195921369,0.2425320885311992,n/a (noise doesn't move it),,,progressive,progressive,,beyond 25%,,,,,
487,17161,IL,1928,ok,acceptable (VEI significance <= 10),0.902788491295938,19.327047267249856,1.0436428252494965,-0.0574802242413698,-11.830901968749435,0.8883024050098349,0.808469941018409,0.8477760639937103,-0.1522237553833108,-6.540443627005702e-07,-0.0337592289131989,-0.0316573459465272,,0.2170547243331409,0.1930161920663063,0.1906588363494425,0.2182837352094998,0.1850923823591248,0.2350464108940986,0.2105772860777205,0.2105765413700942,0.1857786801436512,0.1830343551806874,0.1774176345999119,n/a (noise doesn't move it),,,,,,,,,,,
488,27127,MN,149,ok,acceptable (confidence intervals overlap),0.8933701657458564,19.872153142378455,0.9578145267123755,0.0570817013729704,13.030806890794569,1.0693446080752878,1.231376375915962,1.0401323093080483,0.0401338202283139,2.0083853332514118e-07,0.0279370786796901,0.0452987270497277,,0.2186559131833811,,,,,,,,,,,n/a (noise doesn't move it),,progressive,beyond 25%,progressive,progressive,beyond 25%,progressive,progressive,progressive,progressive,progressive
489,21101,KY,588,ok,acceptable (VEI significance <= 10),0.8221336960746211,28.515778122049305,1.195805402419333,-0.0408735297363049,-31.44931685915353,0.7615902932676818,0.2714890192636188,0.7915469343521764,-0.2084476324387312,-2.3027779109343785e-07,-0.1103676943274301,-0.1477733728827386,,,,0.2372163556234142,,,,,,0.1831289225167565,,,n/a (noise doesn't move it),beyond 25%,beyond 25%,,beyond 25%,beyond 25%,beyond 25%,beyond 25%,beyond 25%,,beyond 25%,beyond 25%
490,48495,TX,49,skipped (fewer than 100 sales),,,,,,,,,,,,,,,,,,,,,,,,,,,,,,,,,,,,,
491,29105,MO,0,no residential sales in 2024,,,,,,,,,,,,,,,,,,,,,,,,,,,,,,,,,,,,,
492,27025,MN,839,ok,acceptable (VEI within +/-10),0.8845901639344262,10.886493690519051,1.0040304275642171,0.0171019964204774,3.465979205673658,0.97095993771841,0.9227984774742036,0.9931588135892188,-0.0068401950932862,-1.6414431746911935e-08,-0.0076482497373997,-0.0085570719287966,,0.1345360826349134,0.0686584973333788,,,0.0836609697994018,0.1756229408297437,0.0391584079757285,0.0391562183274105,0.0633397359110362,0.0825698050615941,0.0871752836746641,n/a (noise doesn't move it),,,progressive,progressive,,,,,,,
493,37027,NC,0,no residential sales in 2024,,,,,,,,,,,,,,,,,,,,,,,,,,,,,,,,,,,,,
494,45053,SC,1430,ok,UNACCEPTABLE progressivity,0.9998576102518926,32.99898690810199,1.1651202658531972,0.1096305751997395,41.238230704593725,0.6693054432055902,0.1463368991248032,0.4481169207354629,-0.5518852591370867,-3.1764873147686014e-08,-0.1084010936380446,-0.1331568463237173,0.0473862066644728,,,,,,,,,0.0974697836463749,,,,beyond 25%,beyond 25%,progressive,progressive,beyond 25%,beyond 25%,beyond 25%,beyond 25%,,beyond 25%,beyond 25%
495,01119,AL,39,skipped (fewer than 100 sales),,,,,,,,,,,,,,,,,,,,,,,,,,,,,,,,,,,,,
496,13201,GA,76,skipped (fewer than 100 sales),,,,,,,,,,,,,,,,,,,,,,,,,,,,,,,,,,,,,
497,39041,OH,2743,ok,acceptable (VEI within +/-10),0.8129333333333333,12.75393869415793,1.0037543689586952,0.0459276382199701,9.8239154798682,0.983958164248997,0.7419877921871186,0.9870762974850232,-0.0129230034168115,-1.8917323744871212e-08,-0.0038702554486926,-0.0050442668643124,,0.1480541337641204,0.0559337758800847,,,0.054273561282868,,0.051077740522604,0.0510767787484464,0.0582735927470015,0.0525678798571732,0.0579633576232914,n/a (noise doesn't move it),,,progressive,progressive,,beyond 25%,,,,,
498,12071,FL,25059,ok,UNACCEPTABLE progressivity,0.7738818897637795,33.44298821967164,1.2108657619306664,0.0805477023898519,30.82446373370981,0.7475125250977604,0.0790171949763474,0.7135083920895039,-0.2864883567333125,-1.4129979887507442e-08,-0.1150752289193479,-0.1556676100777214,,,,,,,,,,0.1237682540664821,,,n/a (noise doesn't move it),beyond 25%,beyond 25%,progressive,progressive,beyond 25%,beyond 25%,beyond 25%,beyond 25%,,beyond 25%,beyond 25%
499,28113,MS,237,ok,acceptable (VEI within +/-10),0.440880439135739,55.17603773345779,1.5034175377695065,-0.027106751345055,4.783057862794281,0.4812246703309563,0.0183671905931914,0.4435047942527009,-0.5564773614544566,-1.634746597386655e-07,-0.2579095563788329,-0.3230547607162222,,,,0.2137137836243202,,,,,,0.0763848051350885,,,n/a (noise doesn't move it),beyond 25%,beyond 25%,,progressive,beyond 25%,beyond 25%,beyond 25%,beyond 25%,,beyond 25%,beyond 25%
500,13065,GA,70,skipped (fewer than 100 sales),,,,,,,,,,,,,,,,,,,,,,,,,,,,,,,,,,,,,
501,50007,VT,0,no residential sales in 2024,,,,,,,,,,,,,,,,,,,,,,,,,,,,,,,,,,,,,
502,47071,TN,0,no residential sales in 2024,,,,,,,,,,,,,,,,,,,,,,,,,,,,,,,,,,,,,
503,05023,AR,3,skipped (fewer than 100 sales),,,,,,,,,,,,,,,,,,,,,,,,,,,,,,,,,,,,,
504,37141,NC,1452,ok,acceptable (VEI within +/-10),0.5038093841642228,25.633936027333405,1.0645340261235845,0.025960867603774,6.951170167273475,0.8506253098992853,0.2700187320293444,0.8882613139304054,-0.1117307000770613,-7.801606139327571e-08,-0.0515169412283167,-0.0656893573900285,,,0.225270577483327,,,,,,,0.0942776144638647,0.2342239687936783,,n/a (noise doesn't move it),beyond 25%,,progressive,progressive,beyond 25%,beyond 25%,beyond 25%,beyond 25%,,,beyond 25%
505,31081,NE,153,ok,acceptable (VEI within +/-10),0.7538,21.13114803012639,1.0402477139727382,-0.0010398051626334,-1.0601627147967845,0.8978459147356076,0.6436289450147054,0.8980608690258115,-0.101935908247809,-2.680224449607202e-07,-0.0332626492637555,-0.0325786526655791,,0.2432090402235692,0.18863782074205,0.0251365721578943,0.0358794262661588,0.1944984456088833,,0.1827464726947701,0.1827366037098464,0.1449479678994635,0.182382133735294,0.1463226157196502,n/a (noise doesn't move it),,,,,,beyond 25%,,,,,
506,39123,OH,829,ok,acceptable (VEI within +/-10),0.8443333333333334,15.567586873778309,1.0406812823637563,-0.0274723410368177,0.3155516987091162,0.9384316171067952,0.7142836639683949,0.935122198465711,-0.0648775248544629,-1.3513743805404258e-07,-0.0246256831962963,-0.0285604378814039,,0.1876866285656991,0.1866983821263009,0.215761059122138,0.043662562081469,0.1829956577087049,,0.1973217056772658,0.1973214728930485,0.1419143144456751,0.1826307690165788,0.1797826697132176,n/a (noise doesn't move it),,,,,,beyond 25%,,,,,
507,31053,NE,390,ok,acceptable (VEI within +/-10),0.8813793851717903,16.31785355469996,1.0391684214805934,-0.0126994019684611,4.962331821324004,0.9025307734086412,0.5771215825593919,0.9472580215126822,-0.0527357695320716,-2.0892792451316199e-07,-0.0299161970970429,-0.0343365124568841,,0.1768254342386588,0.2020538163901749,0.1753040958415196,,0.1550835943376172,,0.182785014929232,0.1827759287591815,0.1306307375942331,0.1513276972791504,0.2019551431150363,n/a (noise doesn't move it),,,,progressive,,beyond 25%,,,,,
508,22077,LA,162,ok,acceptable (VEI within +/-10),0.8662058371735791,23.30247093532191,1.0526442429993244,-0.0410376710908709,-4.637081042738076,0.9761088703355976,0.7904004651203486,0.8847057989367395,-0.1152936532806815,-2.592279884805908e-07,-0.0100134686766302,-0.0054001634002265,,,0.2092248215056993,0.2215561906934683,0.1841172700909166,0.1411022473356621,,,,0.2202051398035698,0.0886406606820426,0.0731270646279074,n/a (noise doesn't move it),beyond 25%,,,,,beyond 25%,beyond 25%,beyond 25%,,,
509,32003,NV,0,no residential sales in 2024,,,,,,,,,,,,,,,,,,,,,,,,,,,,,,,,,,,,,
510,29081,,0,no residential sales in 2024,,,,,,,,,,,,,,,,,,,,,,,,,,,,,,,,,,,,,
511,39015,OH,633,ok,acceptable (VEI within +/-10),0.7364848484848485,35.52605135861724,1.1747107152130334,-0.0249078358294448,0.4507797651592126,0.8473328967368539,0.1473839081493402,0.8684235369532455,-0.131572446251834,-9.020463241403605e-08,-0.0729458236839986,-0.1058454508536994,,,,0.2314300793287374,0.0275935361360366,,,,,0.1157197483598001,,,n/a (noise doesn't move it),beyond 25%,beyond 25%,,,beyond 25%,beyond 25%,beyond 25%,beyond 25%,,beyond 25%,beyond 25%
512,47119,TN,2554,ok,acceptable (VEI significance <= 10),0.7806508771929824,15.468908220458282,1.0103987398976584,0.0376049055048234,11.14024051536733,0.9435916365381994,0.6496020030437925,0.9905018884719782,-0.00949537639801,-8.87334218596687e-08,-0.0129585765548787,-0.0180929938041984,,0.1825055327051623,0.1026155363660078,,,0.1032144442636131,,0.0488849677491122,0.0488797603639803,0.0715849899214394,0.1015595307119296,0.1080545559052284,n/a (noise doesn't move it),,,progressive,progressive,,beyond 25%,,,,,
513,01081,,0,no residential sales in 2024,,,,,,,,,,,,,,,,,,,,,,,,,,,,,,,,,,,,,
514,29201,MO,0,no residential sales in 2024,,,,,,,,,,,,,,,,,,,,,,,,,,,,,,,,,,,,,
515,13233,GA,614,ok,acceptable (VEI within +/-10),0.8664815,28.765440879533987,1.10136847596653,0.0091371736327252,-7.016083211641523,0.8085222233400602,0.2669269017794585,0.8421407728602875,-0.1578540501536761,-3.792460325763441e-07,-0.0670431303643461,-0.0876287416693935,,,0.2423910886986157,,0.1564950565152964,,,,,0.1828442880293224,,,n/a (noise doesn't move it),beyond 25%,,progressive,,beyond 25%,beyond 25%,beyond 25%,beyond 25%,,beyond 25%,beyond 25%
516,55103,WI,199,ok,acceptable (confidence intervals overlap),0.8262158956109134,27.758979973660736,1.3552821282316314,-0.1050423831042022,-20.79988279456742,0.5515757405549052,0.0999340309398469,0.6049978699163934,-0.3949986278259547,-3.240779406721113e-07,-0.2099529480392439,-0.2710803301711066,,,,,0.2286994062200665,,,,,0.1675849151845488,,,n/a (noise doesn't move it),beyond 25%,beyond 25%,beyond 25%,,beyond 25%,beyond 25%,beyond 25%,beyond 25%,,beyond 25%,beyond 25%
517,01103,,0,no residential sales in 2024,,,,,,,,,,,,,,,,,,,,,,,,,,,,,,,,,,,,,
518,05075,AR,0,no residential sales in 2024,,,,,,,,,,,,,,,,,,,,,,,,,,,,,,,,,,,,,
519,32021,NV,95,skipped (fewer than 100 sales),,,,,,,,,,,,,,,,,,,,,,,,,,,,,,,,,,,,,
520,04011,AZ,56,skipped (fewer than 100 sales),,,,,,,,,,,,,,,,,,,,,,,,,,,,,,,,,,,,,
521,37031,NC,1726,ok,acceptable (VEI within +/-10),0.5093433275085073,21.95682091160883,1.0343338770315422,0.0187297502082013,5.69736857231766,0.9302552700496524,0.4395066507780203,0.9617948770658388,-0.0382003957581428,-4.160794560619914e-08,-0.026972375972375,-0.0331993534583547,,0.2296359877372767,0.1739322986901214,,,0.1834698115310136,,0.1553489416739908,0.1553156522130394,0.0955788094540921,0.1796640613115609,0.1853568923506834,n/a (noise doesn't move it),,,progressive,progressive,,beyond 25%,,,,,
522,28151,,0,no residential sales in 2024,,,,,,,,,,,,,,,,,,,,,,,,,,,,,,,,,,,,,
523,55033,WI,567,ok,acceptable (VEI within +/-10),0.976,16.70116140072117,1.024366483360862,0.0084384631627303,6.935653546068199,0.9036467075839868,0.7900606841081257,0.9397832404348244,-0.0602152705158857,-2.871913225384936e-07,-0.0264174776270922,-0.0294185998028095,,0.2006205534004236,0.1305048059914837,,,0.1544244233844681,0.2269571525347145,0.1368240602899422,0.1368205929234692,0.1335141925252491,0.141799754263227,0.1467155704951386,n/a (noise doesn't move it),,,progressive,progressive,,,,,,,
524,18003,IN,5137,ok,acceptable (VEI significance <= 10),0.8446979517759917,19.72139876882114,1.028527269245697,0.0330085030679113,12.51548782337101,0.9297538637063372,0.5152811485076605,0.9459911289803268,-0.0540074196929331,-2.3446764768485255e-08,-0.0207691330150534,-0.0258948771067255,,0.2187102302268642,0.1604006867802044,,,0.1507684513331419,,0.1349868038997625,0.134986100656955,0.0878993020029174,0.1391756276841837,0.158218399837984,n/a (noise doesn't move it),,,progressive,progressive,,beyond 25%,,,,,
525,36027,NY,1759,ok,UNACCEPTABLE progressivity,0.873921568627451,16.520851691122616,1.0315108950272034,0.0173553270504115,20.905946188848095,0.9030234224005808,0.6647029718065482,0.9426068193659763,-0.057392517198507,-4.242060415979437e-08,-0.0300201727364957,-0.0336564861550459,,0.189590648002457,0.1600152961163347,,,0.169547603865686,,0.1278034761095062,0.1278024723202501,0.1247206885306752,0.1667379847664405,0.1800773268918641,n/a (noise doesn't move it),,,progressive,progressive,,beyond 25%,,,,,
526,39165,OH,3093,ok,acceptable (VEI within +/-10),0.8247125,10.837644426848186,0.9989708656533351,0.029452052851506,8.848134730449823,1.007095639621597,0.8174440459906511,1.0092787500947318,0.0092794683249522,6.120773144578178e-09,0.0019738540727067,0.0007023218733038,,0.1297000478295995,,,,,0.2345707103591158,,,,,,n/a (noise doesn't move it),,progressive,progressive,progressive,progressive,,progressive,progressive,progressive,progressive,progressive
527,55111,WI,851,ok,acceptable (VEI within +/-10),0.9095835034708044,15.899820900271598,1.0245783341575176,-0.0077525206453059,-7.879878998759996,0.933169051076266,0.7538765739945171,0.917718459612362,-0.0822812258266435,-1.896237577078203e-07,-0.018632015437066,-0.0218367928798366,,0.1901180598297021,0.1513248482199528,0.0685953088003677,0.1550730395326605,0.1366353815037995,,0.1497333114063853,0.1497328642772683,0.1344939715636752,0.1283884407306175,0.142496535522541,n/a (noise doesn't move it),,,,,,beyond 25%,,,,,
528,17179,IL,1968,ok,acceptable (VEI within +/-10),0.8769374620626549,16.030444604090548,1.0269974906890562,-0.0162668643585643,-6.996044111596557,0.9484305599781188,0.7205995347605947,0.933352415068796,-0.0666470103945102,-1.724280260859724e-07,-0.0170855959974933,-0.0181594529130719,,0.1831236934718986,0.1492802462545511,0.1190837709221799,0.1652938690495549,0.1288411606253604,,0.1558578207909082,0.1558571793271028,0.1233854065031995,0.1261390063004612,0.1268404728949247,n/a (noise doesn't move it),,,,,,beyond 25%,,,,,
529,28049,,0,no residential sales in 2024,,,,,,,,,,,,,,,,,,,,,,,,,,,,,,,,,,,,,
530,51111,VA,0,no residential sales in 2024,,,,,,,,,,,,,,,,,,,,,,,,,,,,,,,,,,,,,
531,40089,OK,445,ok,acceptable (confidence intervals overlap),0.6757349246231156,45.84325558590536,1.045528363843432,0.0172503201054495,29.414080932317855,1.0158930475343253,0.5961679318969043,0.8725682857649206,-0.1274282556262417,-7.580307403269563e-08,0.0076742845209747,-0.0014033036244776,,,0.1921324255617813,,,,,,,0.1583331258802203,,0.0292343972780691,n/a (noise doesn't move it),beyond 25%,,progressive,progressive,progressive,beyond 25%,beyond 25%,beyond 25%,,progressive,
532,40049,OK,405,ok,UNACCEPTABLE regressivity,0.8734575342465754,51.94383528573864,1.35580342930905,-0.2602889371432749,-50.357088868920215,0.6646356016659818,0.3144748944658267,0.6060947404518029,-0.3939069237525111,-1.0365138576745844e-06,-0.1469938617314541,-0.1675821347888813,,,,,,,,,,0.2472444737919464,,,n/a (noise doesn't move it),beyond 25%,beyond 25%,beyond 25%,beyond 25%,beyond 25%,beyond 25%,beyond 25%,beyond 25%,,beyond 25%,beyond 25%
533,22073,LA,1635,ok,acceptable (confidence intervals overlap),0.7894736842105263,34.51942599661862,1.3235362712538878,-0.0090853363352738,12.64119555709024,0.7179710701142444,0.0050667605139357,0.8300006907724378,-0.1699947846352807,-1.8734283244471703e-08,-0.1443493188613651,-0.2282724082663707,,,,0.1694780459079846,,,,,,0.0413675368127415,,,n/a (noise doesn't move it),beyond 25%,beyond 25%,,progressive,beyond 25%,beyond 25%,beyond 25%,beyond 25%,,beyond 25%,beyond 25%
534,29009,MO,0,no residential sales in 2024,,,,,,,,,,,,,,,,,,,,,,,,,,,,,,,,,,,,,
535,12047,FL,97,skipped (fewer than 100 sales),,,,,,,,,,,,,,,,,,,,,,,,,,,,,,,,,,,,,
536,39029,OH,0,no residential sales in 2024,,,,,,,,,,,,,,,,,,,,,,,,,,,,,,,,,,,,,
537,08063,CO,78,skipped (fewer than 100 sales),,,,,,,,,,,,,,,,,,,,,,,,,,,,,,,,,,,,,
538,41005,,0,no residential sales in 2024,,,,,,,,,,,,,,,,,,,,,,,,,,,,,,,,,,,,,
539,30013,MT,0,no residential sales in 2024,,,,,,,,,,,,,,,,,,,,,,,,,,,,,,,,,,,,,
540,13221,GA,173,ok,UNACCEPTABLE progressivity,0.8159322033898305,28.549252167549167,0.9831392909307852,0.0797957181513936,34.06698883464998,1.187793653000787,0.8812873688702298,1.014899543999585,0.0149015271719513,1.7925549853466885e-07,0.0516279088511377,0.0576085949999584,,,,,,,0.1959064965814961,,,,,,n/a (noise doesn't move it),beyond 25%,progressive,progressive,progressive,progressive,,progressive,progressive,progressive,progressive,progressive
541,48497,TX,1189,ok,UNACCEPTABLE progressivity,0.8348967310294068,39.669142001609515,1.5048701974368297,0.1908349652150245,93.37347941765192,0.421050858837483,8.129242478061543e-06,0.4565921164729998,-0.5434048872240722,-1.7692370241066337e-08,-0.2732799393588736,-0.3356822712479639,,,,,,,,,,0.0534570550156035,,,n/a (noise doesn't move it),beyond 25%,beyond 25%,progressive,progressive,beyond 25%,beyond 25%,beyond 25%,beyond 25%,,beyond 25%,beyond 25%
542,21209,KY,910,ok,acceptable (VEI within +/-10),0.81377769289534,14.501740098361836,1.0126038787736893,0.0005687814592476,-7.412343755133835,0.960554314873044,0.8533392352828238,0.95007490334778,-0.0499236722960964,-2.2916299330820312e-08,-0.0114833313925919,-0.0125310483990532,,0.1749276252936552,0.08784234376467,0.0152366444461549,0.1404153343041265,0.0949038609630364,0.1942219538284489,0.1154507324310786,0.1154529116362397,0.0854296081390243,0.0924564184649021,0.1013794096091079,n/a (noise doesn't move it),,,,,,,,,,,
543,16077,ID,0,no residential sales in 2024,,,,,,,,,,,,,,,,,,,,,,,,,,,,,,,,,,,,,
544,51069,VA,1985,ok,UNACCEPTABLE progressivity,0.7437142857142857,31.06045878886656,1.0549086538559702,0.2028842114801018,95.0927171092321,0.7512486636402236,0.3027775926923085,0.5499556793272844,-0.4500388012998175,-2.562711260885416e-07,-0.0574557560260053,-0.0632988914619832,,,0.2155354718572887,,,,,,,0.1729205692404417,,0.2402029299986222,n/a (noise doesn't move it),beyond 25%,,progressive,progressive,beyond 25%,beyond 25%,beyond 25%,beyond 25%,,beyond 25%,
545,37191,NC,1793,ok,acceptable (VEI significance <= 10),0.584,31.142797988863816,1.061565254319591,0.0338783895826178,13.38169754490806,0.8988388787950454,0.3873791159118188,0.7990528034997512,-0.2008995984258286,-2.240560533875502e-07,-0.0325684890980173,-0.0386184411104797,,,0.2312594370519219,,,0.2472305968526994,,,,0.1342653462737192,0.2097253975821307,0.1968877684853115,n/a (noise doesn't move it),beyond 25%,,progressive,progressive,,beyond 25%,beyond 25%,beyond 25%,,,
546,05149,AR,0,no residential sales in 2024,,,,,,,,,,,,,,,,,,,,,,,,,,,,,,,,,,,,,
547,17173,IL,283,ok,acceptable (VEI within +/-10),0.80036,31.57740105290417,1.1590446429976364,-0.0801684440071432,-8.325534180404338,0.6388445466102753,0.2662531303205931,0.6187293752226404,-0.3812674120006968,-1.038166379025918e-06,-0.1260892498825396,-0.1436956423047124,,,,0.2346839746842981,0.193793310443744,,,,,0.1924246665064821,,,n/a (noise doesn't move it),beyond 25%,beyond 25%,,,beyond 25%,beyond 25%,beyond 25%,beyond 25%,,beyond 25%,beyond 25%
548,55041,WI,371,ok,acceptable (VEI within +/-10),0.935,30.63273118072689,1.067342844618211,-0.0127829733260285,0.6195293433624206,0.9094875249806776,0.6578455200193927,0.9053936027851194,-0.0946051282723218,-4.028077225088678e-07,-0.0340222682467064,-0.0424334276923556,,,0.2438396019485678,0.1514897685228708,0.0538283562848518,0.2457970597766287,,,,0.2135837910886369,0.2418644459006601,0.2469351044788218,n/a (noise doesn't move it),beyond 25%,,,,,beyond 25%,beyond 25%,beyond 25%,,,
549,08067,CO,876,ok,UNACCEPTABLE progressivity,0.6750268125854992,18.79367654959283,1.0050203892782898,0.0475351384960543,23.606467659935436,0.9741965673621265,0.6368758769546847,1.0194780583840377,0.0194695939274696,-4.8689197003692465e-09,-0.0091096961076118,-0.0176315473867874,,0.2149653056344076,0.0782476292527686,,,0.1361483586317823,,,,0.0447956414314061,0.1371912620783389,0.1249408015784642,n/a (noise doesn't move it),,,progressive,progressive,,beyond 25%,progressive,progressive,,,
550,17055,,0,no residential sales in 2024,,,,,,,,,,,,,,,,,,,,,,,,,,,,,,,,,,,,,
551,27131,MN,750,ok,acceptable (VEI within +/-10),0.8817303448978207,10.934157901025245,1.0095720280416096,0.0007608508062465,1.5266189889285948,0.9595712266641218,0.8540048142125848,0.9652193341183394,-0.0347799414781673,-7.818181153389926e-08,-0.0107709295165105,-0.0115664377439776,,0.129232116406081,0.0928089538239828,0.0225395334962488,,0.0929342821145483,0.2283118077945178,0.0965637845963365,0.0965622549831702,0.0949938430571148,0.094255343093532,0.0922922135008366,n/a (noise doesn't move it),,,,progressive,,,,,,,
552,21233,KY,139,ok,acceptable (confidence intervals overlap),0.5648248594661957,62.21392458413503,1.5342295493012232,-0.0548387337853121,-50.18450245310246,0.6048852395163177,0.1358971697110122,0.6445002860067799,-0.3554630183386387,-8.323669105859024e-07,-0.2212941132404347,-0.3084515040865594,,,,,,,,,,0.2434920182292456,,,n/a (noise doesn't move it),beyond 25%,beyond 25%,beyond 25%,beyond 25%,beyond 25%,beyond 25%,beyond 25%,beyond 25%,,beyond 25%,beyond 25%
553,51121,VA,956,ok,acceptable (VEI within +/-10),0.8108778462998103,13.747145641488126,1.005378379528431,0.0221130648401951,2.443459258994732,0.9935714241601352,0.7606597684173879,0.9908844144445108,-0.0091139275578428,-3.173416185012341e-08,-0.0018679658861524,-0.002901030336003,,0.1661687430115924,0.0731959301779311,,,0.0380883663268883,,0.0473678187720173,0.0473631632412089,0.0532919405804809,0.0371371474996849,0.0568228510390524,n/a (noise doesn't move it),,,progressive,progressive,,beyond 25%,,,,,
554,45051,SC,9333,ok,acceptable (VEI within +/-10),0.9814159292035398,10.53854609015047,1.0232067563697969,-0.0252838200550289,-7.5274336227485215,0.9352268407062028,0.9250698350499847,0.9370523351736972,-0.0629474601620081,-1.1076354106967726e-08,-0.0215351697439478,-0.0221655357098986,,0.1264583346631962,0.139078585439298,0.1410400834436256,0.1541594693655499,0.1399287588434298,0.1419247653376556,0.1383889407253888,0.1383886914125712,0.1353501431374442,0.1403489445468798,0.1470606335741226,n/a (noise doesn't move it),,,,,,,,,,,
555,17191,IL,153,ok,acceptable (VEI within +/-10),0.7907857142857143,32.535277906104504,1.2109964841518983,-0.076025466348328,-6.167968088939004,0.5839481119290256,0.2229651482267499,0.6653129212743795,-0.3346804038193872,-1.1394145293111075e-06,-0.1607067951559944,-0.1851078091962796,,,,,0.090448441638429,,,,,0.1799566230150253,,,n/a (noise doesn't move it),beyond 25%,beyond 25%,beyond 25%,,beyond 25%,beyond 25%,beyond 25%,beyond 25%,,beyond 25%,beyond 25%
556,48203,TX,604,ok,acceptable (confidence intervals overlap),0.7469034089865603,36.27541672681807,1.2296073820291535,0.0079626664874239,-44.524475414758214,0.6613964282363725,0.1589332004185321,0.6820591035844393,-0.3179207103433048,-4.223736666968497e-07,-0.1500171380194137,-0.2255954091445227,,,,,,,,,,0.2154496410246743,,,n/a (noise doesn't move it),beyond 25%,beyond 25%,progressive,beyond 25%,beyond 25%,beyond 25%,beyond 25%,beyond 25%,,beyond 25%,beyond 25%
557,54067,WV,121,ok,acceptable (confidence intervals overlap),0.554,72.30053397435746,1.5644668908234618,-0.3643584947233705,-41.06321228852551,0.6291282078823707,0.2662625822255892,0.5533442994982425,-0.4466572974641738,-1.5601139123544324e-06,-0.1798765130231281,-0.2018276897855397,,,,,,,,,,0.2418525589764708,,,n/a (noise doesn't move it),beyond 25%,beyond 25%,beyond 25%,beyond 25%,beyond 25%,beyond 25%,beyond 25%,beyond 25%,,beyond 25%,beyond 25%
558,28039,,0,no residential sales in 2024,,,,,,,,,,,,,,,,,,,,,,,,,,,,,,,,,,,,,
559,54099,WV,329,ok,UNACCEPTABLE regressivity,0.6502857142857142,51.435409050041415,6.22665177191909,-0.1724344741024153,-40.97640810028684,0.2791622990590984,4.192202699679595e-05,0.3809366199990848,-0.6190541135091037,-1.3801279163210228e-08,-0.6266147295730704,-0.822699942223214,,,,,,,,,,0.0265597103945367,,,n/a (noise doesn't move it),beyond 25%,beyond 25%,beyond 25%,beyond 25%,beyond 25%,beyond 25%,beyond 25%,beyond 25%,,beyond 25%,beyond 25%
560,31023,NE,124,ok,acceptable (confidence intervals overlap),0.7587005249343832,33.18534211018006,1.470130936710907,0.0031431047610274,14.909996567091566,0.6818859642644014,0.1761600125705964,0.8409988767221491,-0.158966740327715,-1.5114972206745537e-07,-0.1924197188891645,-0.3155470428288347,,,,0.079899950074281,,,,,,0.2052316200365482,,,n/a (noise doesn't move it),beyond 25%,beyond 25%,,progressive,beyond 25%,beyond 25%,beyond 25%,beyond 25%,,beyond 25%,beyond 25%
561,35041,NM,126,ok,acceptable (confidence intervals overlap),0.7003664647014218,30.495734777479672,1.2800098681550165,-0.0106402700087264,24.416690016012115,0.552346629608252,0.0520967411203373,0.5712282053903461,-0.4287676431853576,-2.357354170152385e-07,-0.1836166164098609,-0.2321257497600783,,,,0.0628599439325864,,,,,,0.0856508455353625,,,n/a (noise doesn't move it),beyond 25%,beyond 25%,,progressive,beyond 25%,beyond 25%,beyond 25%,beyond 25%,,beyond 25%,beyond 25%
562,49051,UT,753,ok,UNACCEPTABLE regressivity,0.7930370951074368,39.16636361607912,2.0524825642278306,-0.1166221031429143,-89.38827593219777,0.4252636122980525,0.0333500061090684,0.2652249733667963,-0.7347747488854172,-3.6520922465761185e-08,-0.3656201344429417,-0.4943236729492859,,,,,,,,,,0.1508147700243259,,,n/a (noise doesn't move it),beyond 25%,beyond 25%,beyond 25%,beyond 25%,beyond 25%,beyond 25%,beyond 25%,beyond 25%,,beyond 25%,beyond 25%
563,21215,KY,260,ok,acceptable (confidence intervals overlap),0.8235294117647058,27.85823645276698,1.0366619541906583,0.0389132459564708,25.436827380237215,0.8796981964646027,0.6359488699546958,0.8881788589593868,-0.1118166412083117,-2.771549817186726e-07,-0.0375926360373186,-0.0478548123232003,,,0.1814593120787846,,,0.2234110390941767,,,,0.1639072654976561,0.2084946043625539,0.2011879592754333,n/a (noise doesn't move it),beyond 25%,,progressive,progressive,,beyond 25%,beyond 25%,beyond 25%,,,
564,36029,NY,9876,ok,UNACCEPTABLE progressivity,0.8708607300884956,21.11426945375554,1.0211235001065395,0.0320216382828145,16.14322085226151,0.9566265817631022,0.6852771347017204,0.9607461836899692,-0.0392525637046478,-3.2447086546152425e-08,-0.0141049391486636,-0.0161232626475993,,0.2316084502787189,0.1437964042778877,,,0.1327225169964402,,0.1302387826013187,0.130236592453826,0.1046099564235917,0.1271551397306115,0.1350060801048562,n/a (noise doesn't move it),,,progressive,progressive,,progressive,,,,,
565,05109,,0,no residential sales in 2024,,,,,,,,,,,,,,,,,,,,,,,,,,,,,,,,,,,,,
566,27063,MN,147,ok,acceptable (VEI within +/-10),0.890543259557344,27.416623060959143,1.0279914177939575,-0.0180425020293938,-7.6538407552104175,0.9848877967828326,0.968736360337614,0.9364698567778982,-0.0635301896513982,-7.391773946052594e-08,-0.0068826364149561,0.0028161811075844,,,0.1694355847301676,0.1737717422930896,0.2219093980832217,0.1538277787132523,0.1387771866724224,0.2215621761832569,0.2215618371163004,0.1852849048882825,0.1393533827117911,0.0810474156608276,n/a (noise doesn't move it),beyond 25%,,,,,,,,,,
567,39107,OH,0,no residential sales in 2024,,,,,,,,,,,,,,,,,,,,,,,,,,,,,,,,,,,,,
568,05089,,0,no residential sales in 2024,,,,,,,,,,,,,,,,,,,,,,,,,,,,,,,,,,,,,
569,27023,MN,176,ok,acceptable (VEI within +/-10),0.9169252370645588,24.387685945286588,1.0378794039109052,0.0043131594313697,2.113532218491726,0.9267396747326738,0.8383632942041531,0.942338852972842,-0.0576584080612671,-5.296259912795519e-07,-0.0254196283283862,-0.0248825315951111,,0.247571630263137,0.1924609132957868,,,0.1696121834904312,0.2208477636166243,0.2054542003919909,0.2054515344627823,0.191695877088237,0.2062864838495021,0.2016131924521769,n/a (noise doesn't move it),,,progressive,progressive,,,,,,,
570,28031,,0,no residential sales in 2024,,,,,,,,,,,,,,,,,,,,,,,,,,,,,,,,,,,,,
571,28025,MS,75,skipped (fewer than 100 sales),,,,,,,,,,,,,,,,,,,,,,,,,,,,,,,,,,,,,
572,18123,IN,265,ok,acceptable (VEI significance <= 10),0.6525714285714286,37.75570274792836,1.1540384721167496,-0.0671347866149221,-24.729648864565355,0.6282180332717203,0.3027063991440441,0.6230591691772392,-0.3769352083655796,-1.078660668047851e-06,-0.1223835283439414,-0.1310885525671203,,,,0.231657934300215,,,,,,0.1948571965290042,,,n/a (noise doesn't move it),beyond 25%,beyond 25%,,beyond 25%,beyond 25%,beyond 25%,beyond 25%,beyond 25%,,beyond 25%,beyond 25%
573,26013,MI,151,ok,acceptable (VEI within +/-10),0.7614647058823529,46.586526536884094,1.1427290771093654,-0.0003358527477823,8.909882196455944,0.8142713428021553,0.5969342767595166,0.8189713325001502,-0.1810223825873962,-1.284107328744733e-06,-0.0769551951095262,-0.0811419456104411,,,,0.0223333313201404,,,,,,,,,n/a (noise doesn't move it),beyond 25%,beyond 25%,,progressive,beyond 25%,beyond 25%,beyond 25%,beyond 25%,beyond 25%,beyond 25%,beyond 25%
574,47129,TN,0,no residential sales in 2024,,,,,,,,,,,,,,,,,,,,,,,,,,,,,,,,,,,,,
575,48491,,0,no residential sales in 2024,,,,,,,,,,,,,,,,,,,,,,,,,,,,,,,,,,,,,
576,30039,,0,no residential sales in 2024,,,,,,,,,,,,,,,,,,,,,,,,,,,,,,,,,,,,,
577,18101,IN,123,ok,acceptable (confidence intervals overlap),0.7292592192233363,35.42567927840734,1.2496762279559586,-0.0828964851341813,-24.663218315748622,0.6487249875032679,0.1515795260499867,0.6360099156010668,-0.363988076570827,-5.012147032064063e-07,-0.1489413333541667,-0.189891166485582,,,,,,,,,,0.166303687672625,,,n/a (noise doesn't move it),beyond 25%,beyond 25%,beyond 25%,beyond 25%,beyond 25%,beyond 25%,beyond 25%,beyond 25%,,beyond 25%,beyond 25%
578,13153,GA,2656,ok,acceptable (VEI significance <= 10),0.8883771929824562,13.692976295821126,0.998103189942639,0.0353325745859706,10.202280128998568,1.0287391960136294,0.8648665101397617,1.0045757079583917,0.0045765545901181,2.3139892405715093e-08,0.0075680375728099,0.0077346597109769,,0.1597754477110673,,,,,0.1934513957435902,,,,,,n/a (noise doesn't move it),,progressive,progressive,progressive,progressive,,progressive,progressive,progressive,progressive,progressive
579,31069,NE,44,skipped (fewer than 100 sales),,,,,,,,,,,,,,,,,,,,,,,,,,,,,,,,,,,,,
580,40125,OK,1028,ok,acceptable (VEI significance <= 10),0.7463400742852906,38.372263746566894,1.203214730330797,-0.0429400459792877,-25.93411602168748,0.7128423641378262,0.2279265779026133,0.6677025633287255,-0.3322866439318165,-6.006873831105094e-07,-0.1171463581601763,-0.1562921216707358,,,,,,,,,,0.2160642535648755,,,n/a (noise doesn't move it),beyond 25%,beyond 25%,beyond 25%,beyond 25%,beyond 25%,beyond 25%,beyond 25%,beyond 25%,,beyond 25%,beyond 25%
581,45029,SC,0,no residential sales in 2024,,,,,,,,,,,,,,,,,,,,,,,,,,,,,,,,,,,,,
582,21177,KY,476,ok,acceptable (VEI significance <= 10),0.7269067796610169,61.85658568160419,1.4409624737397448,-0.1078368303391748,-38.15908176153003,0.6560058867412953,0.2483502312336447,0.6334386088840884,-0.3665386744350238,-1.7322745754256484e-06,-0.1690035130452774,-0.2093980036879414,,,,,,,,,,,,,n/a (noise doesn't move it),beyond 25%,beyond 25%,beyond 25%,beyond 25%,beyond 25%,beyond 25%,beyond 25%,beyond 25%,beyond 25%,beyond 25%,beyond 25%
583,42043,PA,3825,ok,acceptable (VEI significance <= 10),0.407037037037037,22.324206790112076,1.0093087802330272,0.0376024363086311,10.92843023438236,1.0174801333291987,0.3412557627033458,0.9769102962596788,-0.0230724001992141,-2.484765324085113e-08,0.0056629776997001,0.0070132469760254,,0.241196664347124,0.0877809199441117,,,,,0.1021044984136907,0.1020780081817701,0.0459842259319427,,,n/a (noise doesn't move it),,,progressive,progressive,progressive,beyond 25%,,,,progressive,progressive
584,17185,,0,no residential sales in 2024,,,,,,,,,,,,,,,,,,,,,,,,,,,,,,,,,,,,,
585,19183,IA,0,no residential sales in 2024,,,,,,,,,,,,,,,,,,,,,,,,,,,,,,,,,,,,,
586,46015,SD,0,no residential sales in 2024,,,,,,,,,,,,,,,,,,,,,,,,,,,,,,,,,,,,,
587,19087,IA,0,no residential sales in 2024,,,,,,,,,,,,,,,,,,,,,,,,,,,,,,,,,,,,,
588,21015,KY,2050,ok,acceptable (VEI within +/-10),1.0,8.121390227540832,1.003814017432672,0.0116164335459392,0.0,1.0006645962168912,0.8932303429269716,0.9841236426629196,-0.0158764284252109,-2.0493447891164794e-08,0.0001824620124024,0.0003132407167271,0.0,0.0991774116847901,0.0647389461792805,,0.0,,0.184377025885853,0.0750524527299699,0.0750506350029928,0.0601755765329708,,,,,,progressive,,progressive,,,,,progressive,progressive
589,37061,NC,0,no residential sales in 2024,,,,,,,,,,,,,,,,,,,,,,,,,,,,,,,,,,,,,
590,47147,TN,0,no residential sales in 2024,,,,,,,,,,,,,,,,,,,,,,,,,,,,,,,,,,,,,
591,04027,AZ,3371,ok,UNACCEPTABLE progressivity,0.6979883333333333,33.780080804855395,1.0643957476880743,0.1672227538750427,28.248892407951203,0.874293148745168,0.0196953147355955,0.6545608318932573,-0.3454588972258721,-1.8580965565875986e-08,-0.0381148546979206,-0.0446325389268944,,,0.233832452526239,,,,,,,0.0449703194945643,0.235344508045155,0.2198045461542886,n/a (noise doesn't move it),beyond 25%,,progressive,progressive,beyond 25%,beyond 25%,beyond 25%,beyond 25%,,,
592,47135,TN,0,no residential sales in 2024,,,,,,,,,,,,,,,,,,,,,,,,,,,,,,,,,,,,,
593,22097,LA,770,ok,UNACCEPTABLE regressivity,0.9,62.96833288122001,1.4828655417731818,-0.4231246419530403,-119.55938697318008,0.7020505264242096,0.5414576680667478,0.561681741835258,-0.4383253164613757,-3.213730309306266e-06,-0.1382966102082776,-0.1470900469349731,,,,,,,,,,,,,n/a (noise doesn't move it),beyond 25%,beyond 25%,beyond 25%,beyond 25%,beyond 25%,beyond 25%,beyond 25%,beyond 25%,beyond 25%,beyond 25%,beyond 25%
594,13091,GA,187,ok,acceptable (VEI within +/-10),0.6824090909090909,45.34096698116113,1.564966631723322,-0.0822311661191959,-8.425108495713959,0.5946807595101291,0.1651442823663528,0.61317950855977,-0.3868099765205451,-4.7475649977386566e-07,-0.2304362331070497,-0.3038533755121138,,,,,0.1236002347557612,,,,,0.2301263832884166,,,n/a (noise doesn't move it),beyond 25%,beyond 25%,progressive,,beyond 25%,beyond 25%,beyond 25%,beyond 25%,,beyond 25%,beyond 25%
595,33007,NH,0,no residential sales in 2024,,,,,,,,,,,,,,,,,,,,,,,,,,,,,,,,,,,,,
596,17197,IL,7934,ok,acceptable (VEI within +/-10),0.8900310344827587,11.275120853323836,1.00540711189807,0.0156768746699674,4.88973604209761,0.9828816732289968,0.8540279969372583,0.9772329481239664,-0.0227666953535788,-4.991310978476332e-08,-0.0043438290622914,-0.0050512249110945,,0.1353908009941166,0.0744035204659033,,,0.0618874585350734,0.1871243253785166,0.0723337830015031,0.0723331494876535,0.06747837692868,0.0605508581476152,0.0661375688164905,n/a (noise doesn't move it),,,progressive,progressive,,,,,,,
597,19195,IA,0,no residential sales in 2024,,,,,,,,,,,,,,,,,,,,,,,,,,,,,,,,,,,,,
598,30029,MT,0,no residential sales in 2024,,,,,,,,,,,,,,,,,,,,,,,,,,,,,,,,,,,,,
599,31153,NE,4115,ok,UNACCEPTABLE progressivity,0.823328,32.93746904702638,1.178394080751788,0.0736265744585142,35.11875582999728,0.4076972084922963,0.0657317858881006,0.2579463589585276,-0.7420464993293462,-4.347622314843963e-07,-0.1858572504440543,-0.2128968256949397,,,,,,,,,,0.222778349470102,,,n/a (noise doesn't move it),beyond 25%,beyond 25%,progressive,progressive,beyond 25%,beyond 25%,beyond 25%,beyond 25%,,beyond 25%,beyond 25%
600,13143,GA,440,ok,UNACCEPTABLE progressivity,0.6250312411949066,34.46706937264275,1.0522937917652078,0.0421531471078768,48.88462207768417,0.9640690697821048,0.3629824454236661,0.8602197676475393,-0.1397761409365774,-1.7053610012397797e-07,-0.0121190245677735,-0.0279254949458302,,,0.2034366003058778,,,0.1867475636155453,,,,0.1397465965236811,0.1563962406378979,0.1582152429013073,n/a (noise doesn't move it),beyond 25%,,progressive,progressive,,beyond 25%,beyond 25%,beyond 25%,,,
601,29061,MO,0,no residential sales in 2024,,,,,,,,,,,,,,,,,,,,,,,,,,,,,,,,,,,,,
602,06035,CA,0,no residential sales in 2024,,,,,,,,,,,,,,,,,,,,,,,,,,,,,,,,,,,,,
603,32029,NV,0,no residential sales in 2024,,,,,,,,,,,,,,,,,,,,,,,,,,,,,,,,,,,,,
604,51678,,0,no residential sales in 2024,,,,,,,,,,,,,,,,,,,,,,,,,,,,,,,,,,,,,
605,22061,LA,383,ok,acceptable (VEI significance <= 10),0.8295487012987013,20.52889274655904,1.0112025500097015,0.0210122935402575,11.686022879745453,1.0044613962263145,0.7736181447171191,0.978319127361542,-0.0216789232378006,-5.2868802217067616e-08,0.0015619616394557,-0.0004477104744677,,0.2364306767440494,0.1060726280530921,,,,,0.1371988121837946,0.1371915987555186,0.0759743428788284,,0.0424706613493984,n/a (noise doesn't move it),,,progressive,progressive,progressive,beyond 25%,,,,progressive,
606,12131,FL,2712,ok,acceptable (VEI significance <= 10),0.8002762618083671,13.909044020848512,1.0172378932723534,0.0162188852069328,14.383548983501344,0.9745790434095404,0.705075357924215,1.0106036012911053,0.0106047826034954,-6.709089607649927e-09,-0.0130872738041376,-0.023884642200658,,0.1648345752370755,0.1264739257450942,,,0.1812886585369112,,,,0.0933672896871388,0.1815582604815205,0.2120689353250328,n/a (noise doesn't move it),,,progressive,progressive,,beyond 25%,progressive,progressive,,,
607,12111,FL,10646,ok,UNACCEPTABLE progressivity,0.7553199353199354,40.84208226636072,1.285825680027746,0.0918689807584032,14.71875523515366,0.3529600216534626,0.3275209202348432,0.0019561468519919,-0.9980458559551734,-5.217427183583898e-08,-0.2350568869226565,-0.2379610792654614,,,,,,,,,,0.2482334872133039,,,n/a (noise doesn't move it),beyond 25%,beyond 25%,progressive,progressive,beyond 25%,beyond 25%,beyond 25%,beyond 25%,,beyond 25%,beyond 25%
608,20141,,0,no residential sales in 2024,,,,,,,,,,,,,,,,,,,,,,,,,,,,,,,,,,,,,
609,21065,KY,188,ok,acceptable (confidence intervals overlap),0.8936450839328538,36.96877884930216,1.1270836871321843,0.0002815390439973,11.620514196658029,0.8992802153183076,0.604016958857904,0.8859234546906974,-0.1140370487949876,-8.147667715674196e-07,-0.04986617279145,-0.0599110076733699,,,,0.0433967170922003,,,,,,0.2332943256753003,,,n/a (noise doesn't move it),beyond 25%,beyond 25%,,beyond 25%,beyond 25%,beyond 25%,beyond 25%,beyond 25%,,beyond 25%,beyond 25%
610,06073,CA,0,no residential sales in 2024,,,,,,,,,,,,,,,,,,,,,,,,,,,,,,,,,,,,,
611,05147,AR,0,no residential sales in 2024,,,,,,,,,,,,,,,,,,,,,,,,,,,,,,,,,,,,,
612,21085,KY,632,ok,acceptable (VEI within +/-10),0.7468239795918368,43.88641973806342,1.1019542571499752,0.003824865370055,4.563436977158586,0.9286446751884644,0.6101017906512954,0.8910029609852443,-0.108976251968105,-3.808042113688551e-07,-0.0353685323909702,-0.04177579264544,,,,,,,,,,0.2169253085569842,,0.2229447665876329,n/a (noise doesn't move it),beyond 25%,beyond 25%,progressive,progressive,beyond 25%,beyond 25%,beyond 25%,beyond 25%,,beyond 25%,
613,38055,,0,no residential sales in 2024,,,,,,,,,,,,,,,,,,,,,,,,,,,,,,,,,,,,,
614,08049,CO,0,no residential sales in 2024,,,,,,,,,,,,,,,,,,,,,,,,,,,,,,,,,,,,,
615,49053,,0,no residential sales in 2024,,,,,,,,,,,,,,,,,,,,,,,,,,,,,,,,,,,,,
616,37101,NC,5332,ok,acceptable (VEI significance <= 10),0.5354483855040979,37.494000231300255,1.1822198881655095,0.0436772023366725,17.822401113446574,0.5229996275435215,0.0737809875081355,0.3802979125865028,-0.6196990092156456,-1.8693159601096816e-07,-0.1469041907983865,-0.1720702455057707,,,,,,,,,,0.1406548384479644,,,n/a (noise doesn't move it),beyond 25%,beyond 25%,progressive,progressive,beyond 25%,beyond 25%,beyond 25%,beyond 25%,,beyond 25%,beyond 25%
617,24035,MD,917,ok,acceptable (VEI significance <= 10),0.83425,14.473838594955897,1.0340199501169265,-0.011446198084641,-11.10770975297453,0.8968207211608676,0.6132592728556758,0.9286314811882396,-0.0713674802669969,-1.092699015728797e-07,-0.0302420868223494,-0.0366443441578423,,0.168439923040038,0.1785086437388975,0.1256556986692734,0.2048679100331859,0.1711012532341456,,0.1624773749979096,0.162474450128868,0.1214242813957084,0.1708018754374922,0.185529502816153,n/a (noise doesn't move it),,,,,,beyond 25%,,,,,
618,26051,MI,532,ok,acceptable (VEI significance <= 10),0.7898357487922705,23.046000854934366,1.0226550956789815,0.0162222854152152,20.15302451345719,0.9595640711567248,0.7811198265439986,0.965212986969352,-0.0347833076145206,-2.1285336694297577e-07,-0.0142863588482986,-0.0130882610111686,,0.2398103409809748,0.1484563439960266,,,0.1462935891363865,,0.1361414849373392,0.1361306751245456,0.1222335824984035,0.1439683897718688,0.1277680973943757,n/a (noise doesn't move it),,,progressive,progressive,,beyond 25%,,,,,
619,41011,OR,826,ok,acceptable (VEI significance <= 10),0.9685402930402932,13.9464129128778,1.0217439740791452,-0.0260848732503713,-12.73853580094494,0.9169852500485394,0.8712566014537751,0.900814303120303,-0.0991857738858427,-2.2432192102706113e-07,-0.0210636731315883,-0.0216498509681077,,0.1597205238186919,0.1322997398777388,0.1484286434995382,0.1910946370728383,0.1278275160069562,0.1685972129579625,0.1487895543649243,0.1487895887995847,0.1388855521546795,0.1204931606904885,0.1254756908764127,n/a (noise doesn't move it),,,,,,,,,,,
620,21091,KY,91,skipped (fewer than 100 sales),,,,,,,,,,,,,,,,,,,,,,,,,,,,,,,,,,,,,
621,13149,GA,113,ok,acceptable (VEI within +/-10),0.9267285714285716,19.893657373097184,1.0585866940810182,-0.0264091871441912,-8.098589431464099,0.9192593060069172,0.8059347501870786,0.9237446322999822,-0.076254023262087,-1.406958965908193e-07,-0.034383346789915,-0.0390016668925659,,0.2322817982252595,0.1775365651188154,0.1990173028243494,0.2289767971029639,0.1755341045468169,0.1464069194341421,,,0.2029835380066061,0.2006528595963817,0.1984275831641498,n/a (noise doesn't move it),,,,,,,beyond 25%,beyond 25%,,,
622,53039,,0,no residential sales in 2024,,,,,,,,,,,,,,,,,,,,,,,,,,,,,,,,,,,,,
623,24510,MD,11237,ok,UNACCEPTABLE progressivity,0.748,39.40881046215579,1.2990172176614905,-0.025891864365583,18.964368883170767,0.7917538870363545,0.3079518458620767,0.7429677342879504,-0.2570260344426986,-1.0620026570502551e-08,-0.1192986921151684,-0.1603198943798949,,,,0.2364271835903511,,,,,,,,,n/a (noise doesn't move it),beyond 25%,beyond 25%,,progressive,beyond 25%,beyond 25%,beyond 25%,beyond 25%,beyond 25%,beyond 25%,beyond 25%
624,17023,IL,205,ok,UNACCEPTABLE regressivity,0.7871739130434783,43.24872277786649,1.3248545484734802,-0.2067886859861676,-56.23232669306014,0.6825112589470118,0.3791248913012918,0.6564950399326879,-0.3435021372827695,-1.8829639609130851e-06,-0.1442700342924825,-0.1606905989305811,,,,,,,,,,,,,n/a (noise doesn't move it),beyond 25%,beyond 25%,beyond 25%,beyond 25%,beyond 25%,beyond 25%,beyond 25%,beyond 25%,beyond 25%,beyond 25%,beyond 25%
625,19041,IA,0,no residential sales in 2024,,,,,,,,,,,,,,,,,,,,,,,,,,,,,,,,,,,,,
626,01097,AL,7461,ok,UNACCEPTABLE regressivity,0.8084210526315789,31.8247783178647,1.5963191829935388,-0.0854900896561986,-32.44185251150479,0.6038100441647242,0.0030305686201835,0.7072347381497971,-0.2927610351310633,-5.428074228969615e-09,-0.2344086049051077,-0.3435882229284659,,,,,,,,,,0.0397771016339346,,,n/a (noise doesn't move it),beyond 25%,beyond 25%,beyond 25%,beyond 25%,beyond 25%,progressive,beyond 25%,beyond 25%,,beyond 25%,beyond 25%
627,23031,ME,277,ok,acceptable (VEI within +/-10),0.923065934065934,6.541935052720965,1.0041049997024818,-0.0085260457450524,-1.5706047254512814,0.9840190437980172,0.9829296140640664,0.9748254622115352,-0.0251745104680759,-5.996158606808439e-09,-0.0057769226445478,-0.0020138371657638,,0.0823401600206867,0.0529257406980205,0.0633294083932783,0.0413695505378786,0.0588261990659234,0.0395902998637029,0.0723934468764466,0.0723933740381319,0.0524994994242408,0.0585389010311189,0.0394824848707097,n/a (noise doesn't move it),,,,,,,,,,,
628,39007,OH,1534,ok,acceptable (VEI within +/-10),0.7169830003703788,34.18887749446199,3.000961819295607,-0.0536886222182107,-9.988048027781597,0.4576302338554452,0.0035912204830848,0.6712902083784664,-0.3287012738508662,-1.042016909015e-08,-0.4227507830852965,-0.6434347289268401,,,,,0.2198803241164558,,,,,0.0257907189378611,,,n/a (noise doesn't move it),beyond 25%,beyond 25%,beyond 25%,,beyond 25%,beyond 25%,beyond 25%,beyond 25%,,beyond 25%,beyond 25%
629,08075,CO,4,skipped (fewer than 100 sales),,,,,,,,,,,,,,,,,,,,,,,,,,,,,,,,,,,,,
630,39011,OH,771,ok,UNACCEPTABLE progressivity,0.7050314465408805,36.113693148267785,1.0387088259146098,0.1553957091909197,65.19707258460923,0.8787567408063882,0.4893414522734547,0.814433492708397,-0.1855452967903628,-2.699528053288295e-07,-0.0387538767418995,-0.0447848573171394,,,0.1778890387074623,,,,,,,0.1463196825461716,0.2408435948394817,0.2235592394656785,n/a (noise doesn't move it),beyond 25%,,progressive,beyond 25%,beyond 25%,beyond 25%,beyond 25%,beyond 25%,,,
631,53051,,0,no residential sales in 2024,,,,,,,,,,,,,,,,,,,,,,,,,,,,,,,,,,,,,
632,13259,GA,24,skipped (fewer than 100 sales),,,,,,,,,,,,,,,,,,,,,,,,,,,,,,,,,,,,,
633,22115,LA,359,ok,acceptable (VEI significance <= 10),0.9407383512544802,14.283199099183676,0.9821700143080052,0.060301025777212,19.360395266576266,1.0480126517761343,0.9148858917021848,1.074595578430531,0.0746008464976469,3.076755000132373e-07,0.0143343994058469,0.0150192205539746,,0.1707107760245002,,,,,0.160510363121814,,,,,,n/a (noise doesn't move it),,progressive,progressive,progressive,progressive,,progressive,progressive,progressive,progressive,progressive
634,06047,CA,0,no residential sales in 2024,,,,,,,,,,,,,,,,,,,,,,,,,,,,,,,,,,,,,
635,21159,KY,66,skipped (fewer than 100 sales),,,,,,,,,,,,,,,,,,,,,,,,,,,,,,,,,,,,,
636,05007,AR,6334,ok,UNACCEPTABLE progressivity,0.8544812443195902,35.624074825637514,1.0889180668401404,0.1529390080156043,70.53713605690112,0.7615090921108665,0.2783482301429054,0.6860353235804825,-0.3139685554865277,-1.5120263850939552e-07,-0.075080463072922,-0.0825358925351065,,,,,,,,,,0.1717966426550333,,,n/a (noise doesn't move it),beyond 25%,beyond 25%,progressive,progressive,beyond 25%,beyond 25%,beyond 25%,beyond 25%,,beyond 25%,beyond 25%
637,19047,IA,0,no residential sales in 2024,,,,,,,,,,,,,,,,,,,,,,,,,,,,,,,,,,,,,
638,38053,ND,120,ok,acceptable (VEI within +/-10),0.8862899094033114,16.360885334444976,1.026969569827744,0.0074276081109795,9.430602515194776,0.8396494167727215,0.6183851110135528,0.8759078207028383,-0.1240910233595237,-3.553475071928129e-07,-0.0336487045425768,-0.0379822869191297,,0.1938271858712225,0.1714112127909397,,,0.1486904203504196,,0.1492038930982367,0.149203413052506,0.1301254845085646,0.1402038905570403,0.1404014196998891,n/a (noise doesn't move it),,,progressive,progressive,,beyond 25%,,,,,
639,39053,OH,397,ok,acceptable (confidence intervals overlap),0.732,50.19985624175384,1.23091723248839,-0.0790838423419226,-17.611159901118924,0.76943091955104,0.522831534405124,0.7462477786060397,-0.2537464285143064,-1.49542799593461e-06,-0.1006876419652,-0.1079077261027079,,,,,,,,,,,,,n/a (noise doesn't move it),beyond 25%,beyond 25%,beyond 25%,beyond 25%,beyond 25%,beyond 25%,beyond 25%,beyond 25%,beyond 25%,beyond 25%,beyond 25%
640,40033,OK,62,skipped (fewer than 100 sales),,,,,,,,,,,,,,,,,,,,,,,,,,,,,,,,,,,,,
641,48043,TX,61,skipped (fewer than 100 sales),,,,,,,,,,,,,,,,,,,,,,,,,,,,,,,,,,,,,
642,06079,CA,0,no residential sales in 2024,,,,,,,,,,,,,,,,,,,,,,,,,,,,,,,,,,,,,
643,29051,MO,0,no residential sales in 2024,,,,,,,,,,,,,,,,,,,,,,,,,,,,,,,,,,,,,
644,36095,,0,no residential sales in 2024,,,,,,,,,,,,,,,,,,,,,,,,,,,,,,,,,,,,,
645,37025,NC,3216,ok,acceptable (VEI within +/-10),0.9345248015873016,9.151084924454356,0.9989428846832232,0.0054541708917476,4.236429343060308,0.990096194044673,1.1094811276773078,0.9752334988772708,-0.0247661190374095,3.4737371109181104e-10,-0.0028570425843332,-0.0011804090032454,,0.1104023395344206,,,,0.0559892364960177,,0.0718885405306998,0.0718878022836017,,0.0562882681969305,0.0592493885582873,n/a (noise doesn't move it),,progressive,progressive,progressive,,beyond 25%,,,progressive,,
646,28121,MS,1092,ok,UNACCEPTABLE progressivity,0.5882853544928992,21.41564660298381,0.9984329669871896,0.1270218392420987,29.056736119468507,1.0295995606104515,0.5795258104676276,1.0396493053147726,0.0396550633645966,3.545031662048876e-09,0.0074805205661605,0.0059938524250999,,0.2363944756205941,,,,,,,,,,,n/a (noise doesn't move it),,progressive,progressive,progressive,progressive,beyond 25%,progressive,progressive,progressive,progressive,progressive
647,21161,KY,163,ok,acceptable (VEI within +/-10),1.0,3.949984675997283,1.001185285227079,0.0053347115078517,0.0,0.992573754249112,0.9697513745164268,1.0018454553873843,0.0018459285958334,-5.2838074317109095e-09,-0.0031162863060225,-0.0034329650291142,0.0,0.0545374022195417,0.0195041517820097,,0.0,0.1109966356307697,0.0916052159711709,,,0.0185398222166154,0.1110381132742864,0.0697987523344599,,,,progressive,,,,progressive,progressive,,,
648,55097,WI,528,ok,acceptable (VEI within +/-10),0.8993163387157415,20.82842910147999,1.0098111137328771,0.0393388707075414,8.599076667556584,0.9690875817108822,0.8388543227668668,1.0260261800025725,0.0260310916116158,-7.933291810801055e-08,-0.010155378929453,-0.0132533155469896,,0.2333728960917967,0.1046052368640459,,,0.1023966974292429,0.2338373253070423,,,0.0985120007586731,0.1041579407805913,0.1023882153414332,n/a (noise doesn't move it),,,progressive,progressive,,,progressive,progressive,,,
649,05045,AR,701,ok,acceptable (VEI within +/-10),0.9159498207885304,12.547280209070133,1.0036311248050391,0.0192033012058574,6.6297638195359,1.0022464106183062,0.8812091585151134,1.0030795698562858,0.0030806649619705,-2.4839287138537422e-09,0.0007385003284514,0.0008097023357175,,0.1455747732841023,0.102413664733192,,,0.0316744972916956,0.137683272320222,,,0.0238445454393626,0.0307738171278859,0.0816358632677508,n/a (noise doesn't move it),,,progressive,progressive,,,progressive,progressive,,,
650,18093,IN,695,ok,acceptable (VEI within +/-10),0.8,29.017681370826065,1.126969978036686,-0.0463943168728864,-7.283820346320344,0.8063399030064243,0.5096956017801346,0.8088838682492815,-0.1911083445498037,-3.89147810894969e-07,-0.0753987439837311,-0.0895362657212872,,,,,0.1691966566156882,,,,,0.2261115583269691,,,n/a (noise doesn't move it),beyond 25%,beyond 25%,beyond 25%,,beyond 25%,beyond 25%,beyond 25%,beyond 25%,,beyond 25%,beyond 25%
651,21123,,0,no residential sales in 2024,,,,,,,,,,,,,,,,,,,,,,,,,,,,,,,,,,,,,
652,04021,AZ,5574,ok,acceptable (VEI within +/-10),0.8823346153846154,13.223431204818564,1.012153509154193,0.0438067934373559,9.010282619155904,0.9133181610230338,0.7077037911485443,0.9640900043243242,-0.0359090851755968,-1.28434704795968e-07,-0.0175482365152546,-0.0213657498140982,,0.1558416191366113,0.1056603797720547,,,0.1082992099177305,0.2437400702434121,0.0750874530802268,0.0750867725607455,0.0914161093499356,0.1034992717927997,0.1162667206301051,n/a (noise doesn't move it),,,progressive,progressive,,,,,,,
653,47077,TN,0,no residential sales in 2024,,,,,,,,,,,,,,,,,,,,,,,,,,,,,,,,,,,,,
654,05133,AR,0,no residential sales in 2024,,,,,,,,,,,,,,,,,,,,,,,,,,,,,,,,,,,,,
655,19125,IA,0,no residential sales in 2024,,,,,,,,,,,,,,,,,,,,,,,,,,,,,,,,,,,,,
656,55045,,0,no residential sales in 2024,,,,,,,,,,,,,,,,,,,,,,,,,,,,,,,,,,,,,
657,19149,IA,0,no residential sales in 2024,,,,,,,,,,,,,,,,,,,,,,,,,,,,,,,,,,,,,
658,17069,IL,33,skipped (fewer than 100 sales),,,,,,,,,,,,,,,,,,,,,,,,,,,,,,,,,,,,,
659,08019,CO,200,ok,acceptable (VEI significance <= 10),0.7123237920387215,18.144093829531595,1.006611162411814,0.0564793953305245,17.340868583219002,0.969455984180792,0.6722945790840719,1.010743385864396,0.0107446465421313,-1.3608482128102666e-08,-0.0095141120867849,-0.01169097475853,,0.2226028115571482,0.1002771455677387,,,0.1092365945627687,,,,0.0639988195450804,0.1221268651182361,0.083330315588289,n/a (noise doesn't move it),,,progressive,progressive,,beyond 25%,progressive,progressive,,,
660,22031,LA,0,no residential sales in 2024,,,,,,,,,,,,,,,,,,,,,,,,,,,,,,,,,,,,,
661,48185,,0,no residential sales in 2024,,,,,,,,,,,,,,,,,,,,,,,,,,,,,,,,,,,,,
662,40067,OK,64,skipped (fewer than 100 sales),,,,,,,,,,,,,,,,,,,,,,,,,,,,,,,,,,,,,
663,51057,VA,140,ok,acceptable (confidence intervals overlap),0.627946238489753,19.460819709590822,1.017503873391792,0.0300070422802858,10.097683008326817,0.9542058654304216,0.6388596083941237,0.972387459631892,-0.0276091533501782,-3.136335348243266e-08,-0.0169168081138264,-0.0146130482485662,,0.2217381854208165,0.1618796713304505,,,0.1671563212389885,,0.1105921416583484,0.1105609278078906,0.1191766641949206,0.1725243651452492,0.1638586717239394,n/a (noise doesn't move it),,,progressive,progressive,,beyond 25%,,,,,
664,33005,NH,0,no residential sales in 2024,,,,,,,,,,,,,,,,,,,,,,,,,,,,,,,,,,,,,
665,27157,MN,340,ok,acceptable (VEI within +/-10),0.8620448798988622,19.180987157294275,1.0361781568160864,-0.0018304363503343,-1.9325966432338415,0.8707498723061264,0.7245988132175588,0.9596687651544996,-0.0403211873041613,-3.2202252932449153e-07,-0.0410094653924082,-0.0476529386760844,,0.2186199960352071,0.1692815919342803,0.0748910646051009,0.0707093004854633,0.1934182546496774,,0.168947088155339,0.1689300586814106,0.1645387624842009,0.1869665396840646,0.1888694878282449,n/a (noise doesn't move it),,,,,,beyond 25%,,,,,
666,47117,TN,0,no residential sales in 2024,,,,,,,,,,,,,,,,,,,,,,,,,,,,,,,,,,,,,
667,01045,AL,764,ok,acceptable (VEI within +/-10),0.9969905583975937,20.07921390724226,1.0554590294121389,-0.0384234679507974,-4.224140876717385,0.8870179802371869,0.777015627443782,0.8725992098440915,-0.1273987716221079,-5.42221840678899e-07,-0.0386315498860792,-0.0381139362552493,0.1724302412140115,0.2193543113560615,0.2320509948453865,0.1946597328449086,0.1984891896870588,0.2326073212986322,,0.2463569776581134,0.2463573947547114,0.2005531288151553,0.2303028322387137,0.1716826369047765,,,,,,,beyond 25%,,,,,
668,17143,IL,2831,ok,acceptable (VEI within +/-10),0.8772,18.06209273879798,1.0253393179471484,-0.0077513161269596,-8.388871001542412,0.9739602854859636,0.8402279433486246,0.969176213875366,-0.0308181502528289,-1.8443901006321186e-07,-0.0107914696023407,-0.0107784942145947,,0.2073041044761277,0.152903662732081,0.1283889412392263,0.2040584985568737,0.124186205697119,,0.1570189973409994,0.1570277140490207,0.1337248535254653,0.1216429379745119,0.1012447683777747,n/a (noise doesn't move it),,,,,,beyond 25%,,,,,
669,06023,CA,0,no residential sales in 2024,,,,,,,,,,,,,,,,,,,,,,,,,,,,,,,,,,,,,
670,37055,NC,1148,ok,acceptable (VEI within +/-10),0.57722015082575,12.178149026263537,1.0063029903993843,0.0210868134338521,4.156602001945697,0.9800035336572784,0.5420778637227753,0.9924964548515856,-0.0075018807014903,-1.0421628324230211e-08,-0.0061230756456589,-0.0073096519845015,,0.1459353609709887,0.0811813351627145,,,0.075276822786664,,0.0523323108489607,0.0523296735985958,0.0465812671540885,0.0737530781179138,0.088710839619127,n/a (noise doesn't move it),,,progressive,progressive,,beyond 25%,,,,,
671,36023,NY,473,ok,UNACCEPTABLE regressivity,0.83845,32.9752462510319,1.2491675797862591,-0.174959769278275,-33.405096170832124,0.5115707678199176,0.1497904376100562,0.5569835313853881,-0.4430135027985191,-6.9955458295624e-07,-0.1788393477319463,-0.2011524835490907,,,,,,,,,,0.1634644731281289,,,n/a (noise doesn't move it),beyond 25%,beyond 25%,beyond 25%,beyond 25%,beyond 25%,beyond 25%,beyond 25%,beyond 25%,,beyond 25%,beyond 25%
672,29141,,0,no residential sales in 2024,,,,,,,,,,,,,,,,,,,,,,,,,,,,,,,,,,,,,
673,19083,IA,0,no residential sales in 2024,,,,,,,,,,,,,,,,,,,,,,,,,,,,,,,,,,,,,
674,37001,NC,2922,ok,acceptable (VEI within +/-10),0.8537403838072559,34.79852687570609,1.280209004204805,0.0445869657115495,3.522652800152244,0.5751199840190618,0.0939618773309473,0.4328555336480308,-0.5671424251145345,-1.94659390311721e-08,-0.1777521562138799,-0.208088816922956,,,,,,,,,,0.1473238886976427,,,n/a (noise doesn't move it),beyond 25%,beyond 25%,progressive,progressive,beyond 25%,progressive,beyond 25%,beyond 25%,,beyond 25%,beyond 25%
675,31063,NE,45,skipped (fewer than 100 sales),,,,,,,,,,,,,,,,,,,,,,,,,,,,,,,,,,,,,
676,42037,PA,0,no residential sales in 2024,,,,,,,,,,,,,,,,,,,,,,,,,,,,,,,,,,,,,
677,27029,,0,no residential sales in 2024,,,,,,,,,,,,,,,,,,,,,,,,,,,,,,,,,,,,,
678,53005,WA,2694,ok,acceptable (VEI within +/-10),0.9455796203022084,9.828653787137076,1.0008406491106143,0.0300543474410757,7.1436480404173395,0.9981934988004836,0.959259130074552,0.9984620591714066,-0.0015376214036366,-2.274746214860909e-09,-0.0004120976483443,-0.0008822201614751,,0.1179095878339426,0.0311389096261247,,,0.0210107971257548,0.1876633761053439,0.0135463788900496,0.0135443369270019,0.0309638676680308,0.0208115578525721,0.0259464780633243,n/a (noise doesn't move it),,,progressive,progressive,,,,,,,
679,47067,TN,0,no residential sales in 2024,,,,,,,,,,,,,,,,,,,,,,,,,,,,,,,,,,,,,
680,48289,TX,90,skipped (fewer than 100 sales),,,,,,,,,,,,,,,,,,,,,,,,,,,,,,,,,,,,,
681,22005,LA,1349,ok,acceptable (VEI within +/-10),0.8991304347826087,12.407851867762464,1.0003913173143044,0.0217335806932692,0.0608669275579484,1.00525278336039,0.83667968475494,0.9926777256837028,-0.0073208836058269,-9.849816815304387e-11,0.0017189087935316,0.0017692759809758,,0.1506720398258791,0.0069990438228506,,,0.0659346547419921,0.0869829033765829,0.0452079264702921,0.0452026508516628,0.0049830393612893,0.0644806526786675,0.0344956538409532,n/a (noise doesn't move it),,,progressive,progressive,,,,,,,
682,19063,IA,0,no residential sales in 2024,,,,,,,,,,,,,,,,,,,,,,,,,,,,,,,,,,,,,
683,51750,VA,87,skipped (fewer than 100 sales),,,,,,,,,,,,,,,,,,,,,,,,,,,,,,,,,,,,,
684,37077,NC,649,ok,acceptable (VEI within +/-10),0.8604122448979592,20.41183798750544,1.0688941934282234,0.0248221601158367,8.57063245224769,0.8887418529207184,0.4756670341384089,0.9527002916779568,-0.0472980583281924,-4.632125047369454e-08,-0.043200180741457,-0.0653514672115249,,0.2306318134680606,0.2345465178928943,,,,,0.160911571392573,0.1609095093653615,0.1400475369446487,0.2408952015948029,,n/a (noise doesn't move it),,,progressive,progressive,beyond 25%,progressive,,,,,beyond 25%
685,22055,LA,2742,ok,acceptable (VEI within +/-10),0.8577839688224141,13.682805210806116,1.0111504140851864,0.0181925874704538,3.294061636818597,0.9741156936168958,0.7663175381326659,0.9889933976011464,-0.0110044205423941,-5.3113716661985746e-08,-0.0085743861638682,-0.0108542321774081,,0.1635696923113852,0.0999926441315322,,,0.0949161180481859,,0.0650709579606827,0.0650650967648437,0.0842061884397827,0.0922340344725337,0.1126920849678314,n/a (noise doesn't move it),,,progressive,progressive,,beyond 25%,,,,,
686,36083,NY,1771,ok,acceptable (VEI within +/-10),0.8409716312056738,21.636084829139076,1.041669089816002,-0.0204123524655519,-6.138972094566391,0.8697493571850571,0.6632134694530158,0.8415786297457156,-0.1584206034462048,-3.362389856870436e-07,-0.0355482028128717,-0.0355866948738339,,0.2314205421301864,0.1889470386560262,0.1237699001615718,0.1289358280622994,0.189105061693741,,0.2057173438886914,0.2057167183621068,0.1607376990329768,0.1851622142107881,0.1840201156070844,n/a (noise doesn't move it),,,,,,beyond 25%,,,,,
687,27101,MN,62,skipped (fewer than 100 sales),,,,,,,,,,,,,,,,,,,,,,,,,,,,,,,,,,,,,
688,47099,TN,0,no residential sales in 2024,,,,,,,,,,,,,,,,,,,,,,,,,,,,,,,,,,,,,
689,39117,OH,0,no residential sales in 2024,,,,,,,,,,,,,,,,,,,,,,,,,,,,,,,,,,,,,
690,19059,IA,0,no residential sales in 2024,,,,,,,,,,,,,,,,,,,,,,,,,,,,,,,,,,,,,
691,29167,MO,5,skipped (fewer than 100 sales),,,,,,,,,,,,,,,,,,,,,,,,,,,,,,,,,,,,,
692,13319,GA,116,ok,acceptable (confidence intervals overlap),0.9040883333333334,52.86353311564842,1.3127977007278433,-0.0436072502042866,-14.555992404084437,0.7872604444011351,0.5068582734358948,0.777623590352098,-0.2223721884909958,-8.48434373195299e-07,-0.1185462673299089,-0.1544141560540324,,,,,0.2212692029830591,,,,,,,,n/a (noise doesn't move it),beyond 25%,beyond 25%,beyond 25%,,beyond 25%,beyond 25%,beyond 25%,beyond 25%,beyond 25%,beyond 25%,beyond 25%
693,48241,TX,169,ok,acceptable (VEI within +/-10),0.9011777956796754,38.62033191439857,3.108219690310399,-0.0657751623014683,2.8811520328893425,0.5009052167468824,0.0513408864671351,0.6702378308088904,-0.3297590538100267,-2.3164795601291067e-08,-0.3983093740691441,-0.6136262565733419,,,,,0.0913195724679192,,,,,0.1100666637665185,,,n/a (noise doesn't move it),beyond 25%,beyond 25%,beyond 25%,,beyond 25%,progressive,beyond 25%,beyond 25%,,beyond 25%,beyond 25%
694,19097,IA,0,no residential sales in 2024,,,,,,,,,,,,,,,,,,,,,,,,,,,,,,,,,,,,,
695,37037,NC,48,skipped (fewer than 100 sales),,,,,,,,,,,,,,,,,,,,,,,,,,,,,,,,,,,,,
696,01113,,0,no residential sales in 2024,,,,,,,,,,,,,,,,,,,,,,,,,,,,,,,,,,,,,
697,05087,AR,219,ok,acceptable (VEI within +/-10),0.8453333333333334,51.202632883754234,1.3072255867974192,-0.126896397581523,-1.5154974114379725,0.5452460661272255,0.228851239195326,0.5330715783572965,-0.4669207186488679,-1.0322056985302657e-06,-0.1768867313764073,-0.2011645278323701,,,,,0.0564262481166721,,,,,,,,n/a (noise doesn't move it),beyond 25%,beyond 25%,beyond 25%,,beyond 25%,beyond 25%,beyond 25%,beyond 25%,beyond 25%,beyond 25%,beyond 25%
698,38057,ND,130,ok,acceptable (VEI within +/-10),0.7909714497589915,27.99014070484359,1.078291856673361,-0.0081751352008566,0.6830712476880021,0.7711911922641872,0.5261866372697945,0.817812929557899,-0.1821834670728079,-6.81058421604035e-07,-0.0718803963678913,-0.0808506634605739,,,0.2278241324499539,0.1253735223885181,0.0948037291387701,,,,,0.2048602187153702,0.2422366171957208,0.2264536563508067,n/a (noise doesn't move it),beyond 25%,,,,beyond 25%,beyond 25%,beyond 25%,beyond 25%,,,
699,29157,MO,0,no residential sales in 2024,,,,,,,,,,,,,,,,,,,,,,,,,,,,,,,,,,,,,
700,28003,,0,no residential sales in 2024,,,,,,,,,,,,,,,,,,,,,,,,,,,,,,,,,,,,,
701,26081,MI,7656,ok,acceptable (VEI significance <= 10),0.8473809523809523,13.04262978153078,1.0043914822254545,0.0300847622028049,11.578315097921,0.9908630645196018,0.8002687061404343,0.9861178663749838,-0.0138814061178335,-2.9564451718604638e-08,-0.0023983414069528,-0.0029908540199905,,0.1533203256259993,0.0655665299504302,,,0.0470796102739536,,0.0588085956700255,0.0588067481874784,0.0558200164874509,0.0458734564702759,0.0540137685987192,n/a (noise doesn't move it),,,progressive,progressive,,beyond 25%,,,,,
702,12097,FL,6670,ok,acceptable (VEI within +/-10),0.8306563189765568,8.486886217961082,1.0062460002242757,0.0116080126189471,3.687529852224002,0.9818931304928392,0.7737748475633303,0.9810626704623848,-0.0189367676983283,-2.481400903546108e-09,-0.0046301565432864,-0.0059417979866949,,0.1039133931681066,0.0684960371266122,,,0.0568059160753017,0.2199180326049721,0.0621300683571914,0.0621294827271232,0.0674531255635818,0.0564369000204612,0.0609804908584322,n/a (noise doesn't move it),,,progressive,progressive,,,,,,,
703,47145,TN,0,no residential sales in 2024,,,,,,,,,,,,,,,,,,,,,,,,,,,,,,,,,,,,,
704,35039,NM,117,ok,acceptable (confidence intervals overlap),0.5203523424779786,42.95809375721986,1.0331775940079693,0.010176565292481,22.522748145574532,0.9494291682791524,0.8995329525567083,0.7325583527220735,-0.2674397903221459,-6.662433383473587e-08,-0.0178009800468414,0.0096705232864573,,,0.185899293430341,0.1146082676616756,,0.2158458191146712,0.1506286723784442,,,0.1711988495843867,0.2212467548236245,0.188258804360947,n/a (noise doesn't move it),beyond 25%,,,progressive,,,beyond 25%,beyond 25%,,,
705,47095,TN,63,skipped (fewer than 100 sales),,,,,,,,,,,,,,,,,,,,,,,,,,,,,,,,,,,,,
706,51155,VA,488,ok,acceptable (VEI within +/-10),0.6379569474161966,27.882128726052382,1.094023821645501,-0.0276865024693272,6.846273848327026,0.865150003665498,0.3295539323454967,0.8185504253488547,-0.181444734807446,-2.5483648962689257e-07,-0.0520787466948124,-0.0641906080233989,,,,0.1965444818652401,,,,,,0.1445792038268058,,,n/a (noise doesn't move it),beyond 25%,beyond 25%,,progressive,beyond 25%,beyond 25%,beyond 25%,beyond 25%,,beyond 25%,beyond 25%
707,39163,,0,no residential sales in 2024,,,,,,,,,,,,,,,,,,,,,,,,,,,,,,,,,,,,,
708,17095,IL,594,ok,acceptable (confidence intervals overlap),0.8932134715025907,21.545511209269065,1.0351185784938937,0.0024618617487622,16.62626970440291,0.9197742117691562,0.8078465482801097,0.9282432381250596,-0.0717506081412016,-4.254366639280016e-07,-0.0273628253250624,-0.0256680402232347,,0.2204391660231818,0.178738820777383,,,0.1809552998050578,0.2331884011648723,0.1752775854787971,0.1752672051881786,0.1612158698810127,0.1748437994175991,0.164623215982845,n/a (noise doesn't move it),,,progressive,progressive,,,,,,,
709,29053,MO,0,no residential sales in 2024,,,,,,,,,,,,,,,,,,,,,,,,,,,,,,,,,,,,,
710,48119,TX,38,skipped (fewer than 100 sales),,,,,,,,,,,,,,,,,,,,,,,,,,,,,,,,,,,,,
711,51840,VA,372,ok,acceptable (VEI within +/-10),0.8442534013605443,14.76183848102075,1.0149016167937737,0.0221743141121104,5.107358471942161,0.9495469556260696,0.6916064476401834,0.9399218950145312,-0.0600776945736148,-6.891979126452907e-08,-0.01211650924095,-0.0128113266998122,,0.1685790950598308,0.1383049759434101,,,0.0864530758917433,,0.1127667328311706,0.1127661937398429,0.0832333398400732,0.0797236364132349,0.0786414362143102,n/a (noise doesn't move it),,,progressive,progressive,,beyond 25%,,,,,
712,37163,NC,615,ok,acceptable (VEI within +/-10),0.8475168316831683,40.410908116265766,1.1896982754307113,-0.0449627540566376,-2.5777917572052047,0.7583185075335213,0.2781742220084679,0.7297758533468863,-0.2702213290355815,-4.808994248925143e-07,-0.0984183589522853,-0.1149662272853166,,,,,0.1548272955670077,,,,,0.2266481148266319,,,n/a (noise doesn't move it),beyond 25%,beyond 25%,beyond 25%,,beyond 25%,beyond 25%,beyond 25%,beyond 25%,,beyond 25%,beyond 25%
713,45009,SC,105,ok,UNACCEPTABLE regressivity,0.7533333333333333,62.697517939597574,1.459435040191256,-0.2224944811329502,-64.75482400691996,0.7347704673590464,0.4816655462606166,0.7000765991958364,-0.2999320591629543,-2.939083964780176e-06,-0.1258252535737418,-0.1325377657204103,,,,,,,,,,,,,n/a (noise doesn't move it),beyond 25%,beyond 25%,beyond 25%,beyond 25%,beyond 25%,beyond 25%,beyond 25%,beyond 25%,beyond 25%,beyond 25%,beyond 25%
714,19019,IA,0,no residential sales in 2024,,,,,,,,,,,,,,,,,,,,,,,,,,,,,,,,,,,,,
715,26113,MI,249,ok,acceptable (VEI within +/-10),0.7527272727272727,28.176001459878982,1.0440370448155931,0.0036140917386953,1.322470982748374,0.941893642892196,0.6803269144308106,0.884200333926658,-0.1157961267478324,-3.4925180030384845e-07,-0.0198978873563129,-0.019391031652916,,,0.1716801763223596,0.141223113893483,0.1013671833390319,0.1710336835603749,,0.2472094478863467,0.2472016574486557,0.1787738349201786,0.1832613701680319,0.1236318967620576,n/a (noise doesn't move it),beyond 25%,,,,,beyond 25%,,,,,
716,16023,ID,25,skipped (fewer than 100 sales),,,,,,,,,,,,,,,,,,,,,,,,,,,,,,,,,,,,,
717,31135,NE,43,skipped (fewer than 100 sales),,,,,,,,,,,,,,,,,,,,,,,,,,,,,,,,,,,,,
718,32023,NV,1693,ok,UNACCEPTABLE progressivity,0.5516651685393258,37.44693524539878,1.0689331620614213,0.0568281429685815,44.68311864531273,0.9444029344530362,0.1377313347076807,0.872796893116579,-0.1271889293997547,-3.916557247882931e-08,-0.0210935109525738,-0.0402902128612352,,,0.240392389731059,,,0.1947378693291711,,,,0.0861114425268049,0.1764416342079112,0.1997424261614105,n/a (noise doesn't move it),beyond 25%,,progressive,progressive,,beyond 25%,beyond 25%,beyond 25%,,,
719,17051,IL,231,ok,acceptable (VEI within +/-10),0.655650229889906,45.06560562335877,1.965038902125287,-0.1235394295153273,-9.806852373319444,0.2848649619772851,-0.0008577516106753,0.1933979015673603,-0.8066044726414422,-1.4704627938996765e-07,-0.4207918364306224,-0.5006958427117465,,,,,0.2274270931557088,,,,,0.0996168228149585,,,n/a (noise doesn't move it),beyond 25%,beyond 25%,beyond 25%,,beyond 25%,beyond 25%,beyond 25%,beyond 25%,,beyond 25%,beyond 25%
720,48387,TX,67,skipped (fewer than 100 sales),,,,,,,,,,,,,,,,,,,,,,,,,,,,,,,,,,,,,
721,54007,WV,65,skipped (fewer than 100 sales),,,,,,,,,,,,,,,,,,,,,,,,,,,,,,,,,,,,,
722,26021,MI,0,no residential sales in 2024,,,,,,,,,,,,,,,,,,,,,,,,,,,,,,,,,,,,,
723,51141,VA,255,ok,acceptable (confidence intervals overlap),0.5098214285714285,48.31499640886719,1.2336919265860722,-0.1320079108110714,-31.993487470016444,0.6951007752434091,0.2692945468549301,0.6347512098051088,-0.3652423841863736,-8.391421475834335e-07,-0.1208850123925275,-0.1300531886121114,,,,,,,,,,0.21391894781676,,,n/a (noise doesn't move it),beyond 25%,beyond 25%,beyond 25%,beyond 25%,beyond 25%,beyond 25%,beyond 25%,beyond 25%,,beyond 25%,beyond 25%
724,49029,UT,153,ok,UNACCEPTABLE progressivity,0.846848275862069,38.475872726023255,1.0535190764445752,0.2801167613414522,44.70806504887272,0.667697083148423,0.4390321765322018,0.6636791885648403,-0.3363190305549456,-2.402520118738468e-07,-0.0749597500410246,-0.0726482185732237,,,0.1946733290305017,,,,,,,0.2086222645693016,,,n/a (noise doesn't move it),beyond 25%,,progressive,progressive,beyond 25%,beyond 25%,beyond 25%,beyond 25%,,beyond 25%,beyond 25%
725,13321,,0,no residential sales in 2024,,,,,,,,,,,,,,,,,,,,,,,,,,,,,,,,,,,,,
726,17019,IL,2498,ok,acceptable (VEI within +/-10),0.8531046798029557,16.28910659837481,1.0087835009468111,0.0182737073730993,9.02820809056855,0.9847796325614356,0.8392883669146766,0.965766189327976,-0.0342331588214894,-7.840193646558485e-08,-0.004713438541213,-0.0028068496489139,,0.1877047806045442,0.0923785745012923,,,0.0835987700098328,0.2371949159192839,0.1086986351252782,0.1086980545569362,0.0794979060167963,0.0891381519406145,0.0458402961473177,n/a (noise doesn't move it),,,progressive,progressive,,,,,,,
727,40099,OK,218,ok,acceptable (confidence intervals overlap),0.7132812653562653,48.120407447039355,1.2130906143691615,-0.0775589556212711,-21.48657677512532,0.7722035768741703,0.4456405476016434,0.7247423220736716,-0.275250229641748,-7.1834231155977e-07,-0.0959629752084596,-0.1093552439346481,,,,,0.1902685686255134,,,,,,,,n/a (noise doesn't move it),beyond 25%,beyond 25%,beyond 25%,,beyond 25%,beyond 25%,beyond 25%,beyond 25%,beyond 25%,beyond 25%,beyond 25%
728,40075,OK,145,ok,UNACCEPTABLE regressivity,0.8252222222222222,61.71365584441447,1.6358861148707553,-0.3047251749798687,-101.72459930943955,0.7071567075564895,0.2880136431257267,0.58691656673341,-0.4130750924065406,-1.442253433456494e-06,-0.1597255488283397,-0.1951495963219303,,,,,,,,,,,,,n/a (noise doesn't move it),beyond 25%,beyond 25%,beyond 25%,beyond 25%,beyond 25%,progressive,beyond 25%,beyond 25%,beyond 25%,beyond 25%,beyond 25%
729,39049,OH,16457,ok,acceptable (VEI within +/-10),0.8202272727272727,13.31797010591074,1.0151591392101378,-0.0026514295243927,-2.3030477929814555,0.9606247044033746,0.8355327777495369,0.9500953747510622,-0.049903748024703,-1.5520650633726342e-08,-0.0120945688931504,-0.0129330605919215,,0.1578146030677169,0.1146598651557344,0.0460802684402758,0.0869433228253485,0.1091722014650912,,0.118874695095879,0.1188736213846099,0.1014507291177284,0.1083103392546756,0.1099332537669945,n/a (noise doesn't move it),,,,,,beyond 25%,,,,,
730,48481,TX,198,ok,acceptable (VEI significance <= 10),0.8385701431254287,29.260606421337,1.0357540403160117,0.0523726029313571,33.21584342627692,0.9383168629952208,0.6228027184142912,0.9759620876785028,-0.0240330808103938,-2.345454309777311e-07,-0.0200938115433093,-0.0259263636448143,,,0.1913281718132864,,,0.1868617660029331,,0.1059927468355908,0.1059756653810859,0.1390490104960786,0.2002971825822387,0.1736891475382055,n/a (noise doesn't move it),beyond 25%,,progressive,progressive,,beyond 25%,,,,,
731,55091,WI,133,ok,acceptable (confidence intervals overlap),0.918235294117647,28.56991753136926,1.0294790388602502,0.0227232377681447,27.564672527135777,0.9762948867865332,0.8296466646391893,0.9094990579239448,-0.090502501957181,-2.571461655686805e-07,-0.0074681342124087,-0.0122980567139745,,,0.1356442928377886,,,0.0944769885013616,0.2289399535194867,0.1892629425281775,0.1892636408792511,0.1411875325046427,0.0969418101121033,0.1343791115986113,n/a (noise doesn't move it),beyond 25%,,progressive,progressive,,,,,,,
732,51810,VA,5908,ok,acceptable (VEI within +/-10),0.8614047231599997,8.496459959621843,1.009938190525231,-0.0018879998045617,1.4071448408996778,0.969523660545372,0.7861881941618196,0.9713968470003111,-0.0286028048569948,-2.7163096526995465e-08,-0.0090356700081779,-0.0104263522161391,,0.104295363986957,0.0968011021281,0.0409151190933914,,0.0898395423495728,,0.079100723982,0.079100115432288,0.073735850095604,0.0892765258139387,0.1045465962526792,n/a (noise doesn't move it),,,,progressive,,beyond 25%,,,,,
733,47179,TN,2151,ok,acceptable (confidence intervals overlap),0.8832432432432432,18.865556562511017,1.0166887049193007,0.0083005335509951,10.485524374914323,0.9744013050385936,0.8205981566810409,0.9766337642298578,-0.0233648330303344,-8.641997225144041e-08,-0.008788888996247,-0.0084444023649798,,0.2147697071506462,0.1232345013839796,,,0.103721632615927,,0.1156293421332452,0.1156273195878963,0.1123643380492558,0.100317283645513,0.095528427132507,n/a (noise doesn't move it),,,progressive,progressive,,beyond 25%,,,,,
734,31145,NE,174,ok,acceptable (VEI within +/-10),0.8113486530347289,24.96710711714408,1.1192847159160415,-0.0206998599614343,-3.3171609359904144,0.8666411570893713,0.3462456249318529,0.9240505283927,-0.0759399742570226,-2.722869230648656e-07,-0.0580565715001508,-0.0835324542571673,,,,0.231092933662199,0.1037394437388566,0.2448726195079433,,0.2473288478115647,0.2473142532245731,0.168425372643279,0.2432855235408652,,n/a (noise doesn't move it),beyond 25%,beyond 25%,,,,beyond 25%,,,,,beyond 25%
735,21005,KY,393,ok,acceptable (VEI within +/-10),1.0,17.57104521777106,1.0449788426985718,-0.0125245813226167,0.0,0.91183773371538,0.668821597667342,0.9277681633303302,-0.0722291617121223,-3.354446320548814e-07,-0.0308969097810691,-0.0386055118975396,0.0,0.2075441317433682,0.1852066536145531,0.1368652291931055,0.0,0.1794090214271055,,0.2220621440231507,0.2220608970237298,0.1637057493981996,0.1723407657411026,0.1700782870693266,,,,,,,beyond 25%,,,,,
736,31111,NE,521,ok,acceptable (confidence intervals overlap),0.8475806451612903,20.542044944644168,1.0395195358709173,-0.017736698301582,-10.30598228094243,0.9363814648245476,0.737859298397546,0.9226861678658717,-0.0773121136292489,-3.018724222281749e-07,-0.0224370811195753,-0.026003988833841,,0.2249903019747352,0.1935605876698644,0.2120586583462071,0.1884614935402753,0.1872315156868947,,0.2157332106573739,0.2157351990043765,0.1772648675396766,0.184106190218293,0.1717728789434506,n/a (noise doesn't move it),,,,,,beyond 25%,,,,,
737,05025,AR,97,skipped (fewer than 100 sales),,,,,,,,,,,,,,,,,,,,,,,,,,,,,,,,,,,,,
738,22015,LA,862,ok,acceptable (VEI within +/-10),0.8996790223027593,11.942031328287603,0.9971809051513584,0.0422636754041536,8.19309958295214,0.9987649991094182,0.8316148325942957,1.0371514168017737,0.0371532938993362,3.018529803433956e-08,-0.0003400959504102,-0.0038829767597448,,0.1465953774899163,,,,0.0216803933742536,0.2080902602599016,,,,0.0215369714170587,0.0768328509694612,n/a (noise doesn't move it),,progressive,progressive,progressive,,,progressive,progressive,progressive,,
739,20193,,0,no residential sales in 2024,,,,,,,,,,,,,,,,,,,,,,,,,,,,,,,,,,,,,
740,40011,OK,112,ok,UNACCEPTABLE regressivity,0.953377840909091,60.770351058238326,1.5511902986179416,-0.20612752743372,-71.24664254135126,0.5832582762687347,0.2886674517424816,0.6488146523684764,-0.3511447819785112,-2.0638906707217403e-06,-0.2096630951831382,-0.2365618816486339,,,,,,,,,,,,,n/a (noise doesn't move it),beyond 25%,beyond 25%,beyond 25%,beyond 25%,beyond 25%,beyond 25%,beyond 25%,beyond 25%,beyond 25%,beyond 25%,beyond 25%
741,13311,GA,621,ok,acceptable (VEI significance <= 10),0.7689940767711992,34.842951254677246,1.1015757804451278,0.0893360835426264,37.324456979678,0.8444822619860793,0.1463311958735207,0.8851545628355195,-0.1148371963756515,-1.132694752502523e-07,-0.0579497015947403,-0.0926416600719872,,,0.2392974054153203,,,,,,,0.1290464349880294,,,n/a (noise doesn't move it),beyond 25%,,progressive,progressive,beyond 25%,beyond 25%,beyond 25%,beyond 25%,,beyond 25%,beyond 25%
742,29137,MO,68,skipped (fewer than 100 sales),,,,,,,,,,,,,,,,,,,,,,,,,,,,,,,,,,,,,
743,05033,AR,1,skipped (fewer than 100 sales),,,,,,,,,,,,,,,,,,,,,,,,,,,,,,,,,,,,,
744,26071,MI,92,skipped (fewer than 100 sales),,,,,,,,,,,,,,,,,,,,,,,,,,,,,,,,,,,,,
745,28011,,0,no residential sales in 2024,,,,,,,,,,,,,,,,,,,,,,,,,,,,,,,,,,,,,
746,16087,ID,92,skipped (fewer than 100 sales),,,,,,,,,,,,,,,,,,,,,,,,,,,,,,,,,,,,,
747,13105,GA,224,ok,acceptable (VEI within +/-10),0.8712863338460509,33.06133573421594,1.1607650452424303,-0.0184781874377413,1.9198968771606877,0.8255749187002464,0.3083411344203235,0.8124828842280313,-0.1875150337968882,-3.039787358058607e-07,-0.079977614991425,-0.1094083213720713,,,,0.1522536694321619,0.0939213818673742,,,,,0.2161216937274386,,,n/a (noise doesn't move it),beyond 25%,beyond 25%,,,beyond 25%,beyond 25%,beyond 25%,beyond 25%,,beyond 25%,beyond 25%
748,20021,,0,no residential sales in 2024,,,,,,,,,,,,,,,,,,,,,,,,,,,,,,,,,,,,,
749,23013,ME,0,no residential sales in 2024,,,,,,,,,,,,,,,,,,,,,,,,,,,,,,,,,,,,,
750,54089,WV,63,skipped (fewer than 100 sales),,,,,,,,,,,,,,,,,,,,,,,,,,,,,,,,,,,,,
751,27087,MN,60,skipped (fewer than 100 sales),,,,,,,,,,,,,,,,,,,,,,,,,,,,,,,,,,,,,
752,37193,NC,720,ok,UNACCEPTABLE regressivity,0.522782015503876,49.98287712339048,1.3120611360608152,-0.2027510296537907,-68.0656578934231,0.7886054247754312,0.3645886194497982,0.6470053629324874,-0.3529935182247224,-2.585883019250768e-07,-0.1029229514956702,-0.1141640075902035,,,,,,,,,,,,,n/a (noise doesn't move it),beyond 25%,beyond 25%,beyond 25%,beyond 25%,beyond 25%,beyond 25%,beyond 25%,beyond 25%,beyond 25%,beyond 25%,beyond 25%
753,53009,,0,no residential sales in 2024,,,,,,,,,,,,,,,,,,,,,,,,,,,,,,,,,,,,,
754,42067,PA,0,no residential sales in 2024,,,,,,,,,,,,,,,,,,,,,,,,,,,,,,,,,,,,,
755,48149,TX,91,skipped (fewer than 100 sales),,,,,,,,,,,,,,,,,,,,,,,,,,,,,,,,,,,,,
756,08065,CO,0,no residential sales in 2024,,,,,,,,,,,,,,,,,,,,,,,,,,,,,,,,,,,,,
757,21011,KY,212,ok,acceptable (confidence intervals overlap),0.5420723525986684,79.77660648848156,2.419768746448128,-0.1674594529610216,-29.14205340586885,0.6042820683650338,0.2140166644284807,0.4759259770938315,-0.52406523366852,-5.105337562431868e-08,-0.2972594364794536,-0.3010935660419738,,,,,,,,,,0.2316325507256936,,,n/a (noise doesn't move it),beyond 25%,progressive,beyond 25%,beyond 25%,progressive,progressive,beyond 25%,beyond 25%,,progressive,progressive
758,20007,,0,no residential sales in 2024,,,,,,,,,,,,,,,,,,,,,,,,,,,,,,,,,,,,,
759,17181,IL,158,ok,UNACCEPTABLE regressivity,0.9139928732183046,27.0083302874464,1.1172562469838303,-0.0950322958044419,-28.503589517114815,0.7683539700649615,0.6027880914386988,0.7794668881723392,-0.2205321880889578,-1.6512035758777435e-06,-0.0830679415974193,-0.0917015140158361,,,,,,,,,,0.2429247289671405,,,n/a (noise doesn't move it),beyond 25%,beyond 25%,beyond 25%,beyond 25%,beyond 25%,beyond 25%,beyond 25%,beyond 25%,,beyond 25%,beyond 25%
760,16035,ID,59,skipped (fewer than 100 sales),,,,,,,,,,,,,,,,,,,,,,,,,,,,,,,,,,,,,
761,37147,NC,2116,ok,acceptable (VEI within +/-10),0.9378633395991428,13.348647343081764,1.0099468702773002,0.0228664588139954,4.976041047673633,0.958456511166792,0.83247114008237,0.9917776643914108,-0.0082204546700516,-1.0001447041917505e-07,-0.0116568284665585,-0.0147586612230294,,0.1564184228394315,0.1071456407435206,,,0.111972476674984,0.2170243857979488,0.0540675643514024,0.0540592967353181,0.0959954982570635,0.1110797488296057,0.109308600889605,n/a (noise doesn't move it),,,progressive,progressive,,,,,,,
762,51183,VA,91,skipped (fewer than 100 sales),,,,,,,,,,,,,,,,,,,,,,,,,,,,,,,,,,,,,
763,26163,MI,23816,ok,UNACCEPTABLE regressivity,0.8483490727045171,27.11902955765001,1.0725398474094947,-0.0281406294214786,-13.697345141503687,0.9293984485898532,0.5736243107881942,0.8698518586201859,-0.1301453031928543,-1.7987676759736437e-07,-0.0294651699027426,-0.0335893665760331,,,0.2353210978673043,0.2177356523911792,0.2417381633718202,0.2193497075535855,,,,0.1737420842498003,0.2139385181026507,0.2102833183465942,n/a (noise doesn't move it),beyond 25%,,,,,beyond 25%,beyond 25%,beyond 25%,,,
764,42063,PA,1,skipped (fewer than 100 sales),,,,,,,,,,,,,,,,,,,,,,,,,,,,,,,,,,,,,
765,05127,AR,0,no residential sales in 2024,,,,,,,,,,,,,,,,,,,,,,,,,,,,,,,,,,,,,
766,06107,CA,0,no residential sales in 2024,,,,,,,,,,,,,,,,,,,,,,,,,,,,,,,,,,,,,
767,19023,IA,0,no residential sales in 2024,,,,,,,,,,,,,,,,,,,,,,,,,,,,,,,,,,,,,
768,12065,FL,133,ok,acceptable (confidence intervals overlap),0.7062608695652174,35.689267543017536,1.154258902512782,-0.0918999873703432,-19.054102027415247,0.7461701354868236,0.4118263747034639,0.6380461233909382,-0.3619503490209709,-7.57234109078866e-07,-0.087616577710081,-0.0910887685323478,,,,,0.2172761339724575,,,,,0.2347982815446998,,,n/a (noise doesn't move it),beyond 25%,beyond 25%,beyond 25%,,beyond 25%,beyond 25%,beyond 25%,beyond 25%,,beyond 25%,beyond 25%
769,55037,WI,114,ok,acceptable (confidence intervals overlap),0.8645227272727273,39.79580227154597,1.1030479915800988,-0.0330088736429837,-15.60246753183413,0.8961786919500637,0.78231364644085,0.8524060842942304,-0.147598334467159,-6.7773466818273e-07,-0.0441320304593537,-0.045356565015872,,,,0.1776708113539849,0.2066811437516938,,,,,,,0.217493024268589,n/a (noise doesn't move it),beyond 25%,beyond 25%,,,beyond 25%,beyond 25%,beyond 25%,beyond 25%,beyond 25%,beyond 25%,
770,05001,AR,0,no residential sales in 2024,,,,,,,,,,,,,,,,,,,,,,,,,,,,,,,,,,,,,
771,12099,FL,25610,ok,acceptable (VEI within +/-10),0.8082464226921615,11.78708364383422,1.0293843404141036,-0.0193866600343932,-9.964624592614648,0.9744591780991716,0.8006651697804898,0.95602759078472,-0.0439719548743719,-2.7416162319321755e-09,-0.0137346035904364,-0.011690348355704,,0.1394871667483137,0.1650154442627144,0.1822559409403043,0.2400692122754915,0.1642323140491176,,0.1682526697650353,0.1682516875901614,0.1325000382308806,0.1646025401905664,0.1617683501333243,n/a (noise doesn't move it),,,,,,beyond 25%,,,,,
772,40119,OK,1015,ok,acceptable (VEI within +/-10),0.9541176470588236,19.82710415201258,1.105357208406675,-0.0301101505562148,-5.438363781983359,0.8250446923518522,0.4999147948987335,0.8788984572317776,-0.1210998603665488,-8.314996640210055e-08,-0.0706579267673988,-0.0880922881161496,,0.2137004096706436,,0.177766381932357,0.1462520912492181,,,0.2366990685094602,0.2367009495589072,0.1679673940520049,,,n/a (noise doesn't move it),,beyond 25%,,,beyond 25%,beyond 25%,,,,beyond 25%,beyond 25%
773,21035,KY,698,ok,UNACCEPTABLE progressivity,0.6666666666666666,41.57470602433306,4.008187679341441,0.0217976173440283,63.375000000000014,0.4969645906056603,0.0001206130075739,0.8756737502231604,-0.1242471149993417,-3.3583041605585374e-09,-0.4306098400458569,-0.7474423405274748,,,,,,,,,,0.0118288186348664,,,n/a (noise doesn't move it),beyond 25%,beyond 25%,progressive,progressive,beyond 25%,beyond 25%,beyond 25%,beyond 25%,,beyond 25%,beyond 25%
774,40103,OK,174,ok,acceptable (VEI within +/-10),0.6972583333333333,47.31987160310489,1.1904458593602951,-0.0072332789402103,9.374925509212984,0.7493691711804941,0.3338825671167745,0.7005758777906611,-0.2994268443286825,-1.0630144746054374e-06,-0.1057446402421649,-0.1317805120608337,,,,0.1291911872157518,,,,,,,,,n/a (noise doesn't move it),beyond 25%,beyond 25%,,progressive,beyond 25%,beyond 25%,beyond 25%,beyond 25%,beyond 25%,beyond 25%,beyond 25%
775,16069,ID,347,ok,acceptable (VEI within +/-10),0.8849353826433911,21.938525799020432,1.03847446860713,0.01707836582846,3.545901206958382,0.7377632126062362,0.6723256609902998,0.8086992401386811,-0.1912996456706952,-4.2358393722453507e-07,-0.0567259729713511,-0.0575822575041444,,0.2486705064964574,0.1838130502999515,,,0.2177672396246452,,0.1954480074046473,0.1954476781368128,0.1746942505011019,0.1977863774068041,0.1981869383884673,n/a (noise doesn't move it),,,progressive,progressive,,beyond 25%,,,,,
776,12127,FL,10126,ok,acceptable (VEI within +/-10),0.8365978838782782,12.861408714814257,1.028008468708973,-0.0132823041674864,-4.6603717484712375,0.91299204995315,0.7102045871266222,0.92510680074249,-0.0748920990984181,-9.919036617691018e-08,-0.0258040983932019,-0.0295016716615126,,0.1514462165372189,0.1557111441096648,0.098287564421113,0.1297854729253673,0.1498592661086829,,0.1454747616623475,0.1454740561413075,0.1261892671077423,0.149222869880379,0.1610445511094305,n/a (noise doesn't move it),,,,,,beyond 25%,,,,,
777,34013,NJ,6330,ok,UNACCEPTABLE progressivity,0.557759430184323,30.52774666181763,1.007767652609515,0.1248705088447351,34.33196950366511,1.0067617623786196,0.4845025394733113,0.9732440581749376,-0.026754027762643,-8.355099010070017e-09,0.002224683132812,-0.0005416795066726,,,0.0840711911887552,,,,,0.1177231502827056,0.117720107007169,0.0471654504627517,,0.0287926309198391,n/a (noise doesn't move it),beyond 25%,,progressive,progressive,progressive,beyond 25%,,,,progressive,
778,28081,,0,no residential sales in 2024,,,,,,,,,,,,,,,,,,,,,,,,,,,,,,,,,,,,,
779,47029,TN,0,no residential sales in 2024,,,,,,,,,,,,,,,,,,,,,,,,,,,,,,,,,,,,,
780,38051,ND,45,skipped (fewer than 100 sales),,,,,,,,,,,,,,,,,,,,,,,,,,,,,,,,,,,,,
781,37007,,0,no residential sales in 2024,,,,,,,,,,,,,,,,,,,,,,,,,,,,,,,,,,,,,
782,36047,NY,7344,ok,UNACCEPTABLE progressivity,0.8023542445644647,47.3150877664889,1.2182290529343225,0.1021241316315501,57.62062420627373,0.7060051983985289,0.3331103839927209,0.7432843842179767,-0.2567149322268673,-8.939199894624045e-09,-0.1362054719606791,-0.1586732641390023,,,,,,,,,,0.1806166426151101,,,n/a (noise doesn't move it),beyond 25%,beyond 25%,progressive,progressive,beyond 25%,beyond 25%,beyond 25%,beyond 25%,,beyond 25%,beyond 25%
783,55023,,0,no residential sales in 2024,,,,,,,,,,,,,,,,,,,,,,,,,,,,,,,,,,,,,
784,44009,RI,0,no residential sales in 2024,,,,,,,,,,,,,,,,,,,,,,,,,,,,,,,,,,,,,
785,41001,OR,234,ok,acceptable (confidence intervals overlap),0.9500499750124938,18.68521904384748,1.0043447112651602,0.0326064713998241,10.5809217140474,0.9988455177225226,1.062238265778855,0.9668874009903587,-0.0331125292535211,-1.420320397776154e-08,-0.0003366598563065,-0.0002633341513729,,0.2251051451182724,0.0782146776210466,,,0.0236030819563673,0.0880204288783391,0.0921908154011397,0.0921905131012147,0.0842006725042927,0.0232660843648318,0.0229735330191561,n/a (noise doesn't move it),,,progressive,progressive,,,,,,,
786,09120,CT,0,no residential sales in 2024,,,,,,,,,,,,,,,,,,,,,,,,,,,,,,,,,,,,,
787,01005,,0,no residential sales in 2024,,,,,,,,,,,,,,,,,,,,,,,,,,,,,,,,,,,,,
788,41051,,0,no residential sales in 2024,,,,,,,,,,,,,,,,,,,,,,,,,,,,,,,,,,,,,
789,17199,IL,1053,ok,UNACCEPTABLE regressivity,0.873457627118644,34.87698396693623,1.2235745102656057,-0.1019848266146593,-37.66512924211487,0.7764953414756139,0.3331099670183329,0.7327928997924804,-0.2672031792512382,-7.063376986041745e-07,-0.1002212110112832,-0.1256736608171904,,,,,,,,,,0.2475798731133373,,,n/a (noise doesn't move it),beyond 25%,beyond 25%,beyond 25%,beyond 25%,beyond 25%,beyond 25%,beyond 25%,beyond 25%,,beyond 25%,beyond 25%
790,05097,AR,1,skipped (fewer than 100 sales),,,,,,,,,,,,,,,,,,,,,,,,,,,,,,,,,,,,,
791,48027,TX,5943,ok,UNACCEPTABLE progressivity,0.924707744571648,33.40453303035803,1.3720854890793723,0.1361617185451296,68.14653520280821,0.3872595147154561,0.0006114053044381,0.2372141495606827,-0.7627860992212383,-1.1829004202349531e-08,-0.2504526984317476,-0.2880750945752313,,,,,,,,,,0.0421853513364444,,,n/a (noise doesn't move it),beyond 25%,beyond 25%,progressive,progressive,beyond 25%,beyond 25%,beyond 25%,beyond 25%,,beyond 25%,beyond 25%
792,48209,TX,5586,ok,UNACCEPTABLE progressivity,0.6751209706278636,57.76419062620528,2.2579462090651923,0.3517367467295444,103.18800453150963,0.4473970993537348,0.0064587230381495,0.6857907014661807,-0.3142068104315164,-1.161992183174175e-09,-0.3821591226864935,-0.5486071265224175,,,,,,,,,,0.0814122802744664,,,n/a (noise doesn't move it),beyond 25%,beyond 25%,progressive,progressive,beyond 25%,beyond 25%,beyond 25%,beyond 25%,,beyond 25%,beyond 25%
793,29219,MO,0,no residential sales in 2024,,,,,,,,,,,,,,,,,,,,,,,,,,,,,,,,,,,,,
794,24043,MD,1915,ok,acceptable (VEI within +/-10),0.7547244094488189,18.667770599570296,1.0335649922325427,-0.0037742581395725,-4.832651956090219,0.9015262634601924,0.5050475302173698,0.8801762744320821,-0.11982255475858,-2.0002579160883733e-07,-0.0260134622148913,-0.0295859560913165,,0.2105840027570776,0.1724544123075664,0.0413440569236964,0.1306481997857812,0.1556039465530785,,0.1742150923528196,0.1742142854139377,0.1184699133267025,0.1483903155887896,0.1575023124408155,n/a (noise doesn't move it),,,,,,beyond 25%,,,,,
795,21129,,0,no residential sales in 2024,,,,,,,,,,,,,,,,,,,,,,,,,,,,,,,,,,,,,
796,27139,MN,1991,ok,acceptable (VEI within +/-10),0.9243835616438356,9.893622391995391,1.0240737843337384,-0.0201576862737077,-0.275457908053819,0.9190746733614604,0.7367488410816472,0.9293800566752428,-0.0706197576463093,-1.7252079187468326e-08,-0.0233900022713058,-0.0260000976051797,,0.1197656545573514,0.1455018910893025,0.1085766713292918,0.0312144845019751,0.1298502330724233,0.2019729734323165,0.1279915979469201,0.1279898741992932,0.1134710440230556,0.1296434496136657,0.1596865438108979,n/a (noise doesn't move it),,,,,,,,,,,
797,54003,,0,no residential sales in 2024,,,,,,,,,,,,,,,,,,,,,,,,,,,,,,,,,,,,,
798,13253,GA,141,ok,acceptable (confidence intervals overlap),0.7132432432432433,39.552501647351946,1.1272684281036576,-0.0453983833057272,-18.35959936728424,0.9249985972132766,0.5221092075221242,0.7972790604804445,-0.2027177536910484,-3.8308945526407195e-07,-0.0343054389398864,-0.0443452608917638,,,,,,0.2498946329288827,,,,,0.242586914317877,0.2273722204927346,n/a (noise doesn't move it),beyond 25%,beyond 25%,beyond 25%,beyond 25%,,beyond 25%,beyond 25%,beyond 25%,beyond 25%,,
799,22079,LA,1371,ok,acceptable (VEI within +/-10),1.0,24.26291695495176,1.3845029328812908,-0.0410910076481715,-6.998264893001737,0.686045937073233,0.009666661394508,0.8164624200414384,-0.1835324653001469,-1.933537508467926e-08,-0.1666749273012315,-0.2527246443710513,0.0,0.243743083663245,,,0.2232975262359994,,,,,0.0607834291944373,,,,,beyond 25%,beyond 25%,,beyond 25%,beyond 25%,beyond 25%,beyond 25%,,beyond 25%,beyond 25%
800,38067,ND,0,no residential sales in 2024,,,,,,,,,,,,,,,,,,,,,,,,,,,,,,,,,,,,,
801,13015,GA,1422,ok,acceptable (VEI within +/-10),0.9188657850007728,16.18573970364958,1.026303021757615,0.012501523566873,5.063275468714281,0.9024709034621092,0.676659026101844,0.9258722673301224,-0.0741269920595096,-1.512610645975804e-07,-0.0256543582197534,-0.0299605075951818,,0.1914366340794275,0.148780962072133,,,0.1407722124975761,,0.1348268752592452,0.1348265066705986,0.1263083570932994,0.1383113693584168,0.1526662721649328,n/a (noise doesn't move it),,,progressive,progressive,,beyond 25%,,,,,
802,37033,NC,0,no residential sales in 2024,,,,,,,,,,,,,,,,,,,,,,,,,,,,,,,,,,,,,
803,42087,PA,0,no residential sales in 2024,,,,,,,,,,,,,,,,,,,,,,,,,,,,,,,,,,,,,
804,48279,TX,62,skipped (fewer than 100 sales),,,,,,,,,,,,,,,,,,,,,,,,,,,,,,,,,,,,,
805,01083,AL,1618,ok,acceptable (VEI within +/-10),0.9482010997643362,14.539411840015568,1.0268447114119017,0.0311578534258479,-1.205956293294551,0.9584286434316924,0.5278344502726388,0.9947854000343672,-0.0052141857620017,-1.1172360836917769e-08,-0.0137179456963969,-0.0222050351010301,,0.1698533450834037,0.1565938029615527,,0.0453455574861912,0.1222491847223875,,0.0403030271884273,0.0403021727308322,0.0850832126206014,0.1184155538750659,0.1636556337072038,n/a (noise doesn't move it),,,progressive,,,beyond 25%,,,,,
806,18047,IN,218,ok,acceptable (VEI within +/-10),0.7638484509145204,28.720080267792156,1.1163054756198056,-0.0307798924345865,-0.8651605777675396,0.7878357347687358,0.4042980370710916,0.8504248154910361,-0.1495698203257903,-4.652656587350412e-07,-0.0791886168380864,-0.100186764302373,,,,0.1718850758688274,0.1978675057500915,,,,,0.1746465416080538,,,n/a (noise doesn't move it),beyond 25%,beyond 25%,,,beyond 25%,beyond 25%,beyond 25%,beyond 25%,,beyond 25%,beyond 25%
807,16029,ID,75,skipped (fewer than 100 sales),,,,,,,,,,,,,,,,,,,,,,,,,,,,,,,,,,,,,
808,40051,OK,803,ok,acceptable (VEI within +/-10),0.6995688185140073,35.13107202090863,1.1120259231407743,-0.0031679557751025,-7.21607840848017,0.880624903549984,0.4384770722058656,0.8199388859369201,-0.1800402935126779,-2.1225046995793242e-07,-0.049695198880757,-0.0731541082874767,,,,0.082058968042828,0.1833547149210115,,,,,0.204027398778469,,,n/a (noise doesn't move it),beyond 25%,beyond 25%,,,beyond 25%,beyond 25%,beyond 25%,beyond 25%,,beyond 25%,beyond 25%
809,36105,NY,1338,ok,UNACCEPTABLE regressivity,0.7859909258201663,37.40070485158526,1.268630958397782,-0.1186411293096172,-33.706673171565896,0.6221480323172156,0.1140161048727859,0.6231811001625457,-0.3768173873894619,-1.4715462091953904e-07,-0.1562232614786554,-0.1851660686024057,,,,,,,,,,0.1409984779100554,,,n/a (noise doesn't move it),beyond 25%,beyond 25%,beyond 25%,beyond 25%,beyond 25%,beyond 25%,beyond 25%,beyond 25%,,beyond 25%,beyond 25%
810,20203,,0,no residential sales in 2024,,,,,,,,,,,,,,,,,,,,,,,,,,,,,,,,,,,,,
811,29203,MO,0,no residential sales in 2024,,,,,,,,,,,,,,,,,,,,,,,,,,,,,,,,,,,,,
812,27149,MN,119,ok,acceptable (confidence intervals overlap),0.7328888888888889,25.761825735461283,1.0450301678792415,-0.0103518165073988,13.465548718677924,0.9640389686685944,0.6509857691622385,0.929416028551539,-0.0705803843355331,-1.3960472795703317e-07,-0.0146155586011018,-0.0155656932731249,,0.2474112772556149,0.1989724087615483,0.1148102533506762,,0.1550795626404063,,0.2118890073404161,0.2118795871738935,0.1511901329166932,0.1642570735679225,0.1939075059170127,n/a (noise doesn't move it),,,,progressive,,beyond 25%,,,,,
813,47139,TN,388,ok,acceptable (VEI significance <= 10),0.6565192307692308,49.346285624634056,1.521388171728423,-0.0837536688877303,-15.963425099098629,0.7110773767380769,0.0185247946086756,0.6702105016002492,-0.3297830074870366,-7.747370779490959e-08,-0.1685627206499913,-0.2639555359729271,,,,,,,,,,0.0962053878916788,,,n/a (noise doesn't move it),beyond 25%,beyond 25%,beyond 25%,beyond 25%,beyond 25%,beyond 25%,beyond 25%,beyond 25%,,beyond 25%,beyond 25%
814,42103,PA,1387,ok,acceptable (VEI significance <= 10),0.3560888888888889,22.71018200403063,1.059696362885482,-0.0463083884356871,-11.886747405024863,0.7445259167728411,0.2418002520774472,0.8101365919723336,-0.1898471197176905,-2.3369751440922546e-07,-0.0661232342432369,-0.0704559364245618,,0.2409664796331388,0.2223003386776357,0.1735390091236441,0.1805087159893788,0.2338731587848246,,0.2290548841890399,0.2290447867105959,0.0747230751654303,0.2376637488446408,0.2337112840650177,n/a (noise doesn't move it),,,,,,beyond 25%,,,,,
815,45037,SC,417,ok,UNACCEPTABLE progressivity,0.4211875,67.2242953478888,1.3460925270020807,0.0652804467015794,40.17912615336712,0.6694322511775989,0.0093687523679333,0.4434769957327065,-0.5565230432664275,-4.2293356467500705e-08,-0.1491761201464578,-0.1999491639702015,,,,,,,,,,0.0748648915711876,,,n/a (noise doesn't move it),beyond 25%,beyond 25%,progressive,progressive,beyond 25%,beyond 25%,beyond 25%,beyond 25%,,beyond 25%,beyond 25%
816,49039,UT,97,skipped (fewer than 100 sales),,,,,,,,,,,,,,,,,,,,,,,,,,,,,,,,,,,,,
817,48437,TX,53,skipped (fewer than 100 sales),,,,,,,,,,,,,,,,,,,,,,,,,,,,,,,,,,,,,
818,31071,NE,37,skipped (fewer than 100 sales),,,,,,,,,,,,,,,,,,,,,,,,,,,,,,,,,,,,,
819,17175,IL,74,skipped (fewer than 100 sales),,,,,,,,,,,,,,,,,,,,,,,,,,,,,,,,,,,,,
820,55109,WI,1295,ok,UNACCEPTABLE progressivity,0.7588235294117647,18.694189076761916,1.0003062385691162,0.1033349682598729,26.17935876075411,1.008078233325895,0.6974066148921374,1.0258865466996157,0.0258882054439683,-2.019961719023617e-09,0.0019462026170593,0.0003483503971259,,0.2167102046879178,0.0109955587565005,,,,,,,0.0182839562233955,,0.0168649186307649,n/a (noise doesn't move it),,,progressive,progressive,progressive,beyond 25%,progressive,progressive,,progressive,
821,13281,GA,271,ok,acceptable (VEI within +/-10),0.8378235294117647,23.136554519387957,1.0498569699353597,0.0017788341149008,4.9373135621775495,0.9125093780303564,0.6629750345922689,0.954199799545942,-0.0457991222683386,-8.449997123186866e-08,-0.0347969981098379,-0.0474775837082039,,,0.2187896909507538,0.0906431430139922,,0.2374956627678203,,0.1528856065457132,0.1528639813390486,0.1491588005528625,0.2365257100935682,0.2145734954746613,n/a (noise doesn't move it),beyond 25%,,,beyond 25%,,beyond 25%,,,,,
822,50017,VT,0,no residential sales in 2024,,,,,,,,,,,,,,,,,,,,,,,,,,,,,,,,,,,,,
823,39005,OH,0,no residential sales in 2024,,,,,,,,,,,,,,,,,,,,,,,,,,,,,,,,,,,,,
824,49025,,0,no residential sales in 2024,,,,,,,,,,,,,,,,,,,,,,,,,,,,,,,,,,,,,
825,56013,WY,246,ok,acceptable (VEI significance <= 10),0.8504030301635466,24.17291749951824,1.031218495758072,0.0513043057643262,17.724335335590986,0.8692730388182112,0.6910379923798515,0.8749251449202136,-0.1250741061800048,-3.0453420618376877e-07,-0.0330224570026094,-0.0359928653416745,,,0.1619774227019383,,,0.1794741366777653,,0.170454229764189,0.1704546961852978,0.1334835708323583,0.1882745932817791,0.1883431508476611,n/a (noise doesn't move it),beyond 25%,,progressive,progressive,,beyond 25%,,,,,
826,30101,MT,0,no residential sales in 2024,,,,,,,,,,,,,,,,,,,,,,,,,,,,,,,,,,,,,
827,19085,IA,0,no residential sales in 2024,,,,,,,,,,,,,,,,,,,,,,,,,,,,,,,,,,,,,
828,18111,IN,162,ok,acceptable (VEI significance <= 10),0.7854285714285714,41.54911527478249,1.1154780611401154,-0.0909485526402203,-52.211776069040766,0.8652125275601622,0.885530001391986,0.7079666761556508,-0.292033365641175,-7.469429362224954e-07,-0.0484168648849994,-0.0311818644159351,,,,,,,0.218856413221425,,,,,0.2154138495352468,n/a (noise doesn't move it),beyond 25%,beyond 25%,beyond 25%,progressive,beyond 25%,,beyond 25%,beyond 25%,beyond 25%,beyond 25%,
829,05041,AR,0,no residential sales in 2024,,,,,,,,,,,,,,,,,,,,,,,,,,,,,,,,,,,,,
830,38023,ND,24,skipped (fewer than 100 sales),,,,,,,,,,,,,,,,,,,,,,,,,,,,,,,,,,,,,
831,48365,TX,120,ok,acceptable (confidence intervals overlap),0.8501485194467651,30.021403502358645,1.0949036770368727,0.1342292881634985,30.99028751901301,0.7823443728337388,0.1195814789543178,0.906335766319042,-0.0936556784091888,-2.288889922037673e-07,-0.0704312323554128,-0.0959686841694646,,0.2499346975604025,0.2409477186463442,,,,,0.1905328961325988,0.1905191836243384,0.0914194243640516,,,n/a (noise doesn't move it),,,progressive,progressive,beyond 25%,beyond 25%,,,,beyond 25%,beyond 25%
832,48379,,0,no residential sales in 2024,,,,,,,,,,,,,,,,,,,,,,,,,,,,,,,,,,,,,
833,42125,PA,0,no residential sales in 2024,,,,,,,,,,,,,,,,,,,,,,,,,,,,,,,,,,,,,
834,48171,TX,244,ok,UNACCEPTABLE progressivity,0.7493795104680383,57.725794065273426,1.1927803245489004,0.1772896081811756,88.24727933393298,0.8172675890453491,0.4219784024963761,0.7461082449529399,-0.2538756489696377,-5.5695111249524904e-08,-0.0876951468502149,-0.1193209240680188,,,,,,,,,,0.2401013024357488,,,n/a (noise doesn't move it),beyond 25%,beyond 25%,progressive,progressive,beyond 25%,beyond 25%,beyond 25%,beyond 25%,,beyond 25%,beyond 25%
835,01125,AL,3382,ok,UNACCEPTABLE regressivity,0.8332960990532333,25.989664514612755,1.115195112714649,-0.024957010268262,-28.149364919330804,0.8335546679508751,0.6184947860716138,0.8287834562457516,-0.1712137170600894,-6.127631445318019e-08,-0.0719089148209302,-0.088146208223732,,,,0.196007275546204,,,,,,0.2024040335796079,,,n/a (noise doesn't move it),beyond 25%,beyond 25%,,beyond 25%,beyond 25%,progressive,beyond 25%,beyond 25%,,beyond 25%,beyond 25%
836,40017,OK,3566,ok,UNACCEPTABLE progressivity,0.9265644777986242,34.303270464563845,1.7909121809472972,0.0373066177285356,86.1477020183678,0.2943490896411316,0.0113689037838369,0.32743078746867,-0.6725628079685818,-8.676968203749632e-08,-0.3841576349543916,-0.4515271578995639,,,,,,,,,,0.0875921147261937,,,n/a (noise doesn't move it),beyond 25%,beyond 25%,progressive,progressive,beyond 25%,beyond 25%,beyond 25%,beyond 25%,,beyond 25%,beyond 25%
837,42115,PA,0,no residential sales in 2024,,,,,,,,,,,,,,,,,,,,,,,,,,,,,,,,,,,,,
838,42099,PA,0,no residential sales in 2024,,,,,,,,,,,,,,,,,,,,,,,,,,,,,,,,,,,,,
839,21157,KY,432,ok,acceptable (VEI within +/-10),0.7720779220779221,31.482898845389652,1.1011018630149287,-0.0388607830971643,-6.092152458564597,0.8838523199935446,0.6503589703277063,0.8271379050105092,-0.1728586823850202,-4.011060806628698e-07,-0.0497453064537285,-0.0497948373414269,,,0.248932068053338,0.1817550394365091,0.2053763727677839,,,,,0.2376931682566656,0.2496300825689978,0.2452646538952966,n/a (noise doesn't move it),beyond 25%,,,,beyond 25%,beyond 25%,beyond 25%,beyond 25%,,,
840,47165,TN,2950,ok,acceptable (VEI within +/-10),0.9505255991285404,12.285818116362748,1.0287933991455651,-0.0107516659685218,-0.6666212394240811,0.9077853154653308,0.6145632003834274,0.9336497756946786,-0.0663497455329372,-4.780210214155097e-08,-0.0263663071056001,-0.0323557191882126,,0.1500892392618471,0.1574845640235197,0.0820863278007909,0.0486163687850772,0.1530569130813946,,0.1284052478476797,0.1284049105279112,0.1102679551183232,0.1531224911388264,0.1616051037081037,n/a (noise doesn't move it),,,,,,beyond 25%,,,,,
841,20035,,0,no residential sales in 2024,,,,,,,,,,,,,,,,,,,,,,,,,,,,,,,,,,,,,
842,04017,AZ,2073,ok,UNACCEPTABLE progressivity,0.6923076923076923,30.024956746297345,0.9887533540053014,0.0929541558982445,45.90599144353081,1.020418242966226,0.4980837711575981,1.019655895476226,0.0196706047689824,2.6658486916001522e-08,0.0079410661674048,-0.0019481308572213,,,,,,,,,,,,0.0515683521979286,n/a (noise doesn't move it),beyond 25%,progressive,progressive,progressive,progressive,beyond 25%,progressive,progressive,progressive,progressive,
843,13267,GA,167,ok,acceptable (VEI within +/-10),0.6917355371900826,40.33502721278749,1.1434206429724314,-0.0327659185085347,-3.4960868261605595,0.8526688917515719,0.4115109229734615,0.8545615483792067,-0.1454303953114909,-6.226556185509912e-07,-0.0640826182777263,-0.0884017095681763,,,,,0.1255723796363175,,,,,0.1922974943383354,,,n/a (noise doesn't move it),beyond 25%,beyond 25%,progressive,,beyond 25%,beyond 25%,beyond 25%,beyond 25%,,beyond 25%,beyond 25%
844,39061,OH,11029,ok,acceptable (VEI within +/-10),0.7648519163763067,18.455747334324315,1.0128886996905966,0.0132831859825553,3.490739307156369,0.982770668566429,0.7459737695883147,0.9555006422941236,-0.0444979802033485,-3.9660740111899786e-08,-0.0060742671128508,-0.0033801162223594,,0.2092931318509626,0.1106611802810327,,,0.0893421360220211,,0.1342255644023613,0.1342219500481506,0.0946071499367761,0.0871644847789034,0.0671636267742457,n/a (noise doesn't move it),,,progressive,progressive,,beyond 25%,,,,,
845,47055,TN,0,no residential sales in 2024,,,,,,,,,,,,,,,,,,,,,,,,,,,,,,,,,,,,,
846,15007,HI,652,ok,acceptable (VEI significance <= 10),0.872003360716953,17.465254335747954,1.0745728903756189,-0.038228874590568,-24.81746243916759,0.885528530932215,0.6422332251764238,0.8825523115402012,-0.117447563267592,-2.9351102772257784e-08,-0.0484333265509737,-0.0579984763701129,,0.2077268895309073,0.2370168569543118,0.1702029060807909,,,,0.2195077145961611,0.2195075215524435,0.1886090837602621,,,n/a (noise doesn't move it),,,,beyond 25%,beyond 25%,beyond 25%,,,,beyond 25%,beyond 25%
847,39051,OH,438,ok,acceptable (VEI within +/-10),0.7948105134474328,14.912326804565971,1.0057801168398863,0.0310916076274931,2.751875437660501,0.9730301307833584,0.7976524677475599,0.99833287224693,-0.0016624480165854,-8.875523799266172e-08,-0.0070881258211037,-0.0049163395209308,,0.1776376801309578,0.0956289991909375,,,0.0931892809603358,0.248682706835929,0.0271870001012676,0.0271074999407468,0.0593404768486902,0.0777517727625369,0.0612388810555627,n/a (noise doesn't move it),,,progressive,progressive,,,,,,,
848,42019,PA,0,no residential sales in 2024,,,,,,,,,,,,,,,,,,,,,,,,,,,,,,,,,,,,,
849,20063,,0,no residential sales in 2024,,,,,,,,,,,,,,,,,,,,,,,,,,,,,,,,,,,,,
850,50009,VT,0,no residential sales in 2024,,,,,,,,,,,,,,,,,,,,,,,,,,,,,,,,,,,,,
851,37015,NC,1,skipped (fewer than 100 sales),,,,,,,,,,,,,,,,,,,,,,,,,,,,,,,,,,,,,
852,42083,PA,0,no residential sales in 2024,,,,,,,,,,,,,,,,,,,,,,,,,,,,,,,,,,,,,
853,13085,GA,534,ok,acceptable (confidence intervals overlap),0.9168378009995456,13.76867227692334,1.0276543250022383,-0.006787869364572,-12.35081158998051,0.8839981461757146,0.7462341316648249,0.9477063640280916,-0.052292829748544,-1.220706742486395e-07,-0.0335999706528129,-0.0369410058011343,,0.1669208606285823,0.1470062720016234,0.0777501553464311,0.1882088906493458,0.173758972224607,,0.1421734902122623,0.1421724603499467,0.1404771391674801,0.1737715947572704,0.2007791123966125,n/a (noise doesn't move it),,,,,,beyond 25%,,,,,
854,48021,,0,no residential sales in 2024,,,,,,,,,,,,,,,,,,,,,,,,,,,,,,,,,,,,,
855,19147,IA,0,no residential sales in 2024,,,,,,,,,,,,,,,,,,,,,,,,,,,,,,,,,,,,,
856,45045,SC,8534,ok,UNACCEPTABLE progressivity,0.655757016840417,31.708837991490707,1.174757994248913,0.050228000390752,22.199409961714643,0.7386574300085085,0.0927208708972347,0.81270397757177,-0.1872889240087697,-1.1082383384594766e-08,-0.1125791693183946,-0.1527719408771053,,,,,,,,,,0.1290530891888098,,,n/a (noise doesn't move it),beyond 25%,beyond 25%,progressive,progressive,beyond 25%,beyond 25%,beyond 25%,beyond 25%,,beyond 25%,beyond 25%
857,28009,MS,46,skipped (fewer than 100 sales),,,,,,,,,,,,,,,,,,,,,,,,,,,,,,,,,,,,,
858,55049,,0,no residential sales in 2024,,,,,,,,,,,,,,,,,,,,,,,,,,,,,,,,,,,,,
859,45083,SC,6313,ok,acceptable (VEI significance <= 10),0.6775,53.76936137281738,1.3971441112535905,0.0680318924608461,16.647331761975668,0.478591637800579,0.016093641291161,0.1561172023383526,-0.843894650913109,-9.887865773550497e-08,-0.2260816613977836,-0.2730386960025954,,,,,,,,,,0.1260121692959694,,,n/a (noise doesn't move it),beyond 25%,beyond 25%,progressive,progressive,beyond 25%,beyond 25%,beyond 25%,beyond 25%,,beyond 25%,beyond 25%
860,06057,CA,0,no residential sales in 2024,,,,,,,,,,,,,,,,,,,,,,,,,,,,,,,,,,,,,
861,28073,,0,no residential sales in 2024,,,,,,,,,,,,,,,,,,,,,,,,,,,,,,,,,,,,,
862,40073,OK,166,ok,acceptable (VEI within +/-10),0.900193052912067,18.887744009539706,1.043573304071082,-0.034530761050527,5.350815210947441,0.89335486267427,0.7550930556120349,0.8653446407296671,-0.1346548782413368,-3.9002288886235793e-07,-0.0339527072159893,-0.0361345652261877,,0.2059927170482707,0.2080488813598542,0.1777312473194218,,0.2093461805900057,,0.2246308788387253,0.2246300228807708,0.1855454833486291,0.2066096074806594,0.1961748252688622,n/a (noise doesn't move it),,,,progressive,,beyond 25%,,,,,
863,51059,,0,no residential sales in 2024,,,,,,,,,,,,,,,,,,,,,,,,,,,,,,,,,,,,,
864,21125,KY,1067,ok,acceptable (VEI within +/-10),0.7777777777777778,48.72322490782943,1.710195053262007,-0.0518250785340771,-4.990567655633672,0.551088297677624,0.0036793319791779,0.6839182635924824,-0.3160723113758947,-3.096378549009282e-08,-0.2682790342631347,-0.3808086253011573,,,,,0.1937053414773533,,,,,0.0598377411905206,,,n/a (noise doesn't move it),beyond 25%,beyond 25%,beyond 25%,,beyond 25%,beyond 25%,beyond 25%,beyond 25%,,beyond 25%,beyond 25%
865,19073,IA,0,no residential sales in 2024,,,,,,,,,,,,,,,,,,,,,,,,,,,,,,,,,,,,,
866,40077,OK,94,skipped (fewer than 100 sales),,,,,,,,,,,,,,,,,,,,,,,,,,,,,,,,,,,,,
867,30059,MT,0,no residential sales in 2024,,,,,,,,,,,,,,,,,,,,,,,,,,,,,,,,,,,,,
868,18113,IN,467,ok,acceptable (VEI within +/-10),0.8361702127659575,23.172654962024293,1.072515857936578,-0.0504449284750866,-7.714549669066201,0.8683842557222535,0.5969021817019189,0.8334923077639789,-0.1665065685078242,-3.131511013947459e-07,-0.0464852415203642,-0.0501873667312688,,0.2432872525466981,0.2350893478117013,0.2002131490702114,0.1572347783053108,0.2231623368356123,,0.2465442521337425,0.2465431935931543,0.1972948570816293,0.2186169118273301,0.2250149432704206,n/a (noise doesn't move it),,,,,,beyond 25%,,,,,
869,51015,VA,786,ok,acceptable (VEI within +/-10),0.8877343504133393,17.08492732052685,1.0126391792854534,0.009633744162486,-6.677472130679401,0.9780488642911864,0.9194321990751332,0.9335280750676512,-0.0664717850224259,-4.5514745731860616e-08,-0.0061818496945833,-0.0050820290575723,,0.203287015944385,0.1246327971605895,,0.1891144672577431,0.0785923169005065,0.1617431699471399,0.1493046281269798,0.1493045719188566,0.1230304906926107,0.0767210837362449,0.0755359272117865,n/a (noise doesn't move it),,,progressive,,,,,,,,
870,45075,SC,0,no residential sales in 2024,,,,,,,,,,,,,,,,,,,,,,,,,,,,,,,,,,,,,
871,51685,VA,121,ok,acceptable (VEI within +/-10),0.9104,8.076846584739425,1.0099195603361046,-0.061446141975407,-8.58129533222993,0.8907793212105486,0.829308840091544,0.8630379424679037,-0.1369620176557561,-2.412549194626231e-07,-0.0175085674305635,-0.0155885450841071,,0.097823489690549,0.0963268687848766,0.1323310353877417,0.1723102350681403,0.0948370821786083,0.1195442304838139,0.0999216462190249,0.0999216435096016,0.0948375151742436,0.0947771219951675,0.0928488698015062,n/a (noise doesn't move it),,,,,,,,,,,
872,39073,OH,436,ok,acceptable (confidence intervals overlap),0.528254512635379,38.807760107906894,1.3781838013349486,-0.0824984195498174,-11.99593255369947,0.6778959864312627,0.0252339504084889,0.7662620528433389,-0.2337230829683865,-4.5739741057851455e-08,-0.1683643571747122,-0.2264480462997202,,,,,,,,,,0.105982225062537,,,n/a (noise doesn't move it),beyond 25%,beyond 25%,beyond 25%,progressive,beyond 25%,beyond 25%,beyond 25%,beyond 25%,,beyond 25%,beyond 25%
873,37049,NC,1847,ok,acceptable (VEI significance <= 10),0.80656,12.941695190190249,0.9972104057007602,0.0292379805739203,10.55052275048308,1.0224291404044348,0.7976096047273395,1.0175300139454502,0.0175338782915782,1.9908962743190365e-08,0.006268601657289,0.005769919032231,,0.1517085245989902,,,,,,,,,,,n/a (noise doesn't move it),,progressive,progressive,progressive,progressive,beyond 25%,progressive,progressive,progressive,progressive,progressive
874,39139,OH,0,no residential sales in 2024,,,,,,,,,,,,,,,,,,,,,,,,,,,,,,,,,,,,,
875,38015,ND,1211,ok,acceptable (VEI within +/-10),0.8537037037037037,10.14753147037321,1.0072945874885144,0.0063488066604571,2.925666799058998,0.9595379489935444,0.8236065998910566,0.9675656203105668,-0.0324336097110808,-6.395086605781884e-08,-0.0099576295589414,-0.009701039031001,,0.1266815042539406,0.0809634458764353,,,0.0871034382150378,0.2099788784191985,0.0759338029953327,0.0759324747532095,0.0686877655236532,0.0858069910365744,0.0898593522860047,n/a (noise doesn't move it),,,progressive,progressive,,,,,,,
876,41041,OR,935,ok,acceptable (VEI within +/-10),0.9984615384615384,14.466194587662866,1.005303575069533,0.0308564780360942,7.791936194406841,0.989671041889562,0.966047167523864,0.9781943144232864,-0.0218057118795358,-3.9718474228723557e-08,-0.0027038204495242,-0.0032609618546011,0.0847972257233925,0.1744810972939175,0.0735916595578927,,,0.0427804763386471,0.0892763927735089,0.0805595446754846,0.0805596089712575,0.0790400769104977,0.0457542071369104,0.0402448348209332,,,,progressive,progressive,,,,,,,
877,34001,NJ,4259,ok,acceptable (VEI within +/-10),0.4922123893805309,23.5604866503224,1.0957092827814503,-0.0110637537067585,-2.170202659482168,0.8451109615613497,0.306651207472473,0.8375543831303285,-0.1624425467827356,-5.6600902325774086e-08,-0.0642954543943363,-0.0793174129105529,,0.2492963302656116,,0.1178433056254546,0.0728053718226924,,,,,0.1134661186203421,,,n/a (noise doesn't move it),,beyond 25%,,,beyond 25%,beyond 25%,beyond 25%,beyond 25%,,beyond 25%,beyond 25%
878,51770,VA,1528,ok,acceptable (VEI within +/-10),0.8042517527531046,18.278188206736804,1.0382835484022856,-0.0041951762112757,-5.2649869714364215,0.9336204427524164,0.5651877624668359,0.9298925456503752,-0.070106156430547,-5.814379818843253e-08,-0.0231649009688037,-0.0269263192983839,,0.2057117545200983,0.180079901114654,0.0753585142552884,0.160064386278187,0.1713442585657159,,0.166971669145776,0.1669674615629373,0.1110120383784079,0.1671008343468684,0.1965959724261883,n/a (noise doesn't move it),,,,,,beyond 25%,,,,,
879,21171,KY,117,ok,acceptable (VEI within +/-10),0.6,45.976288263811746,1.2178098858899349,0.0264658368093996,5.08234126984127,0.5184709511562022,0.1490666494476943,0.4628457117821539,-0.537123191611297,-1.1766018732026291e-06,-0.1813471237385859,-0.2228425401419274,,,,,0.1299363345690321,,,,,0.2302013521659253,,,n/a (noise doesn't move it),beyond 25%,beyond 25%,progressive,,beyond 25%,beyond 25%,beyond 25%,beyond 25%,,beyond 25%,beyond 25%
880,21135,KY,165,ok,acceptable (VEI significance <= 10),0.6666666666666666,59.07311276233059,1.5692759929365698,-0.134871383500964,-43.088235294117645,0.591942812987014,0.146218029109367,0.5610095350467503,-0.4389594822575732,-1.766499290503673e-06,-0.2116399698278575,-0.2858176897589093,,,,,,,,,,,,,n/a (noise doesn't move it),beyond 25%,beyond 25%,beyond 25%,beyond 25%,beyond 25%,beyond 25%,beyond 25%,beyond 25%,beyond 25%,beyond 25%,beyond 25%
881,47039,TN,0,no residential sales in 2024,,,,,,,,,,,,,,,,,,,,,,,,,,,,,,,,,,,,,
882,42069,PA,0,no residential sales in 2024,,,,,,,,,,,,,,,,,,,,,,,,,,,,,,,,,,,,,
883,27103,MN,362,ok,acceptable (VEI within +/-10),0.9227276716483488,10.32779094879189,1.012210564760821,0.0092210032996699,2.5335852811899264,0.952566111227727,0.8595255543073778,0.985021280556349,-0.0149775413497886,-3.0685266942508574e-08,-0.0134046539764791,-0.014897087080173,,0.1302581816407814,0.1189914560774948,,,0.119028995749112,0.1790340536361448,0.0538861409305147,0.0538719761314784,0.1131973244215743,0.1188411018917552,0.1203747008574989,n/a (noise doesn't move it),,,progressive,progressive,,,,,,,
884,20105,,0,no residential sales in 2024,,,,,,,,,,,,,,,,,,,,,,,,,,,,,,,,,,,,,
885,32031,NV,0,no residential sales in 2024,,,,,,,,,,,,,,,,,,,,,,,,,,,,,,,,,,,,,
886,48355,,0,no residential sales in 2024,,,,,,,,,,,,,,,,,,,,,,,,,,,,,,,,,,,,,
887,29135,MO,0,no residential sales in 2024,,,,,,,,,,,,,,,,,,,,,,,,,,,,,,,,,,,,,
888,01003,AL,6903,ok,acceptable (VEI within +/-10),0.9712820512820513,13.533575303276828,1.0184469318708402,-0.0009372459432096,-1.836409010662462,0.9688299232623822,0.8772986892744805,0.9686205896366138,-0.0313791043007644,-4.8853176469788954e-08,-0.0116619706786895,-0.0147423198103784,,0.1601957529553289,0.1409146025428411,0.035285501695199,0.0934772846336878,0.1252322673220523,0.2298912585567941,0.1286629047126626,0.1286618869691746,0.1252334014849316,0.1241980390920953,0.139745257872782,n/a (noise doesn't move it),,,,,,,,,,,
889,26165,,0,no residential sales in 2024,,,,,,,,,,,,,,,,,,,,,,,,,,,,,,,,,,,,,
890,39145,OH,2,skipped (fewer than 100 sales),,,,,,,,,,,,,,,,,,,,,,,,,,,,,,,,,,,,,
891,21009,KY,619,ok,UNACCEPTABLE progressivity,0.744,39.70636635856704,1.0362325749303258,0.1145898962905342,65.94824905143996,0.898979716374601,0.6910273392732229,0.7881704258015411,-0.2118246067756644,-1.263637778010036e-07,-0.0364174797442939,-0.0324338343071692,,,0.1639073630378484,,,,,,,0.1603296974252463,0.2473265563720824,0.1753368856919253,n/a (noise doesn't move it),beyond 25%,,progressive,progressive,beyond 25%,progressive,beyond 25%,beyond 25%,,,
892,13111,GA,788,ok,acceptable (VEI within +/-10),0.7943529044117648,29.223591881187385,1.0895061207585166,0.0120618685886872,0.1837074814205414,0.7965815763330747,0.4901220827980386,0.9000572485373487,-0.0999392943121158,-1.741718759546259e-07,-0.0757457585104031,-0.0963384633797044,,,,,0.0344630329682767,,,,,0.1953969751254663,,,n/a (noise doesn't move it),beyond 25%,beyond 25%,progressive,,beyond 25%,beyond 25%,beyond 25%,beyond 25%,,beyond 25%,beyond 25%
893,13131,GA,245,ok,acceptable (confidence intervals overlap),0.80152,49.92754586794114,1.3002533595135528,-0.0752404003533363,-28.51243539044835,0.796981024505454,0.4183153362328471,0.7710714822698345,-0.2289292449118815,-1.766418531571453e-07,-0.1082372491454568,-0.136488487773801,,,,,,,,,,0.237943327255546,,,n/a (noise doesn't move it),beyond 25%,beyond 25%,beyond 25%,beyond 25%,beyond 25%,beyond 25%,beyond 25%,beyond 25%,,beyond 25%,beyond 25%
894,29111,MO,0,no residential sales in 2024,,,,,,,,,,,,,,,,,,,,,,,,,,,,,,,,,,,,,
895,55031,WI,825,ok,acceptable (VEI within +/-10),1.0259522812892423,16.320852971871822,1.0251874452214709,-0.0116973369253385,-2.3797344880881166,0.930489112319048,0.9079804354639864,0.9251193021384392,-0.0748810776377156,-2.2004178560049093e-07,-0.0213179873133191,-0.0219584704603656,,0.188241504634443,0.1347168863733361,0.0945060892766144,0.0998812437128972,0.1419118471537752,0.1681201398145191,0.1856725644905824,0.1856742372288903,0.1536916321502508,0.1289096712680067,0.1397008720602156,n/a (noise doesn't move it),,,,,,,,,,,
896,35045,NM,615,ok,acceptable (VEI within +/-10),0.6676173191599689,22.436574667821237,1.03722009311703,0.0314782114484935,-4.501469656338958,0.8639278148545244,0.4678324804547734,0.8883010776411743,-0.1116958225773484,-1.4686243269880397e-07,-0.0358549565497858,-0.0388404891012323,,0.245989525934138,0.1787326014054999,,0.0746944556689731,0.1923595852811762,,0.1759214193010713,0.1759187994944214,0.1030500234234798,0.1793740473308866,0.1922053732072827,n/a (noise doesn't move it),,,progressive,,,beyond 25%,,,,,
897,49043,,0,no residential sales in 2024,,,,,,,,,,,,,,,,,,,,,,,,,,,,,,,,,,,,,
898,06041,CA,0,no residential sales in 2024,,,,,,,,,,,,,,,,,,,,,,,,,,,,,,,,,,,,,
899,13135,,0,no residential sales in 2024,,,,,,,,,,,,,,,,,,,,,,,,,,,,,,,,,,,,,
900,13141,GA,140,ok,UNACCEPTABLE regressivity,0.4951029054126423,105.9038870259253,1.7715458409240643,-0.5462613940548471,-172.63750003836677,0.8386676316397423,0.5392731799805716,0.6152543433494104,-0.3847511576754188,-1.1127387652683947e-06,-0.0851531706600934,-0.054466141841899,,,,,,,,,,,,,n/a (noise doesn't move it),beyond 25%,beyond 25%,beyond 25%,beyond 25%,beyond 25%,beyond 25%,beyond 25%,beyond 25%,beyond 25%,beyond 25%,beyond 25%
901,01057,AL,318,ok,acceptable (VEI significance <= 10),0.9935717051761972,55.38241046274768,1.4513206093283362,-0.1046350934123323,-11.309771511180957,0.6647737521214532,0.3146382958941588,0.7003060127413104,-0.2996910743357103,-1.28139729734237e-06,-0.1751014912264399,-0.2212082511917772,0.1049198332028,,,,0.2275118499083461,,,,,,,,,beyond 25%,beyond 25%,beyond 25%,,beyond 25%,beyond 25%,beyond 25%,beyond 25%,beyond 25%,beyond 25%,beyond 25%
902,30049,MT,0,no residential sales in 2024,,,,,,,,,,,,,,,,,,,,,,,,,,,,,,,,,,,,,
903,47065,TN,6252,ok,UNACCEPTABLE progressivity,0.5954569918778745,24.088551524323037,1.0274347070996843,0.0503051209087245,19.281345719031997,0.9417887685516696,0.5004813542255527,0.9235943973268635,-0.0764022337153383,-2.9227452085560343e-08,-0.0197291041134097,-0.024366248677256,,0.2472987113659299,0.1614586343903079,,,0.1653033531498872,,0.1949656878756469,0.1949602641849684,0.0981307774390028,0.1601717118795373,0.1645846625382951,n/a (noise doesn't move it),,,progressive,progressive,,beyond 25%,,,,,
904,28145,,0,no residential sales in 2024,,,,,,,,,,,,,,,,,,,,,,,,,,,,,,,,,,,,,
905,55059,WI,3110,ok,acceptable (VEI within +/-10),0.8373039071390638,27.985714754323663,1.0213010541929517,0.0620616267579246,4.506232140837802,0.995409982330254,0.5786343313514153,0.928764844292836,-0.0712346566184464,-8.747943199768842e-08,-0.0014863940377725,-0.0052806749592704,,,0.1460381810223019,,,0.0463711978299157,,0.183557062311713,0.1835570333854745,0.1159782492093333,0.0433239043689189,0.079005229917092,n/a (noise doesn't move it),beyond 25%,,progressive,progressive,,beyond 25%,,,,,
906,24003,MD,7302,ok,acceptable (VEI within +/-10),0.8002739726027397,11.840388152464458,1.0271573561186418,-0.0119878863119646,-2.2698376129289497,0.9125594528034752,0.5466155689967238,0.9429596966449632,-0.0570384710332093,-2.8637164666881665e-08,-0.025624516094175,-0.0296996337509616,,0.1423976580000349,0.1569412348842805,0.0970216283785243,0.0764435141894992,0.1503659608803353,,0.1263197896838424,0.1263177391001564,0.0939061479917274,0.1505970030096471,0.165761997600044,n/a (noise doesn't move it),,,,,,beyond 25%,,,,,
907,37131,NC,186,ok,UNACCEPTABLE regressivity,0.7010658805031447,41.761944853174306,1.1814092924164616,-0.0839054405351089,-46.90409704540636,0.9374658250736446,0.6259876729967213,0.8049154615058279,-0.1950858293339285,-3.1088022984499813e-07,-0.0356881885520983,-0.0289575143592248,,,,,,,,,,,,0.1754184492717738,n/a (noise doesn't move it),beyond 25%,beyond 25%,beyond 25%,beyond 25%,beyond 25%,beyond 25%,beyond 25%,beyond 25%,beyond 25%,beyond 25%,
908,21039,KY,40,skipped (fewer than 100 sales),,,,,,,,,,,,,,,,,,,,,,,,,,,,,,,,,,,,,
909,22105,LA,1224,ok,acceptable (confidence intervals overlap),0.6899130434782609,25.702455303338475,1.0373805890829415,0.0345951509907275,14.49574791599142,0.898973563960313,0.4860735018257773,0.9144855936107544,-0.0855092309366431,-3.133301730006132e-07,-0.0286364893404036,-0.0370606154279034,,,0.1900646362427824,,,0.1852759414234761,,0.1993895410685598,0.1993851144817616,0.131396470570391,0.177701360064282,0.1839388877004742,n/a (noise doesn't move it),beyond 25%,,progressive,progressive,,beyond 25%,,,,,
910,26045,MI,1203,ok,acceptable (VEI significance <= 10),0.8514285714285714,14.98075948497242,1.003836477242642,0.0324490368823725,16.009507829977636,0.9959333882444724,0.8530339272209645,0.9838572757906412,-0.0161401907262817,-6.37024742308171e-08,-0.000986814287786,0.0009332968220548,,0.1745681237669665,0.0640629832723781,,,0.0443525039841504,0.1869534031579208,0.0731832326530177,0.073181632776311,0.0575810277403798,0.0427565272130798,,n/a (noise doesn't move it),,,progressive,progressive,,,,,,,progressive
911,42039,PA,0,no residential sales in 2024,,,,,,,,,,,,,,,,,,,,,,,,,,,,,,,,,,,,,
912,34033,NJ,896,ok,UNACCEPTABLE progressivity,0.561760018111989,29.79301885135979,1.0876518566805735,0.0196175063695749,23.600676877254656,0.7886054321045742,0.3781780420347374,0.7893056304226624,-0.210683790377738,-1.441294909929008e-07,-0.0698883062092456,-0.0797765679989417,,,,,,,,,,0.1418795709797603,,,n/a (noise doesn't move it),beyond 25%,beyond 25%,progressive,progressive,beyond 25%,progressive,beyond 25%,beyond 25%,,beyond 25%,beyond 25%
913,20085,,0,no residential sales in 2024,,,,,,,,,,,,,,,,,,,,,,,,,,,,,,,,,,,,,
914,12095,FL,16972,ok,acceptable (VEI within +/-10),0.8190645833333334,10.79573047427592,1.0267143326309955,-0.0097693834184257,-6.217894399504871,0.9540926855054104,0.7780804995470206,0.9580084339090787,-0.0419909356668431,-2.756846362146266e-09,-0.0192248893487416,-0.022125564038399,,0.1302430618814797,0.1516259844731847,0.0993671520880708,0.1563711583698668,0.1509712324620669,,0.126890983307064,0.1268893433118587,0.1137916476057036,0.1516963323051337,0.1988152659438173,n/a (noise doesn't move it),,,,,,progressive,,,,,
915,08087,CO,370,ok,UNACCEPTABLE progressivity,0.809618501182747,20.937691817769455,1.026725203230123,0.0971811618750752,34.20798391613737,0.9386504144499296,0.3390643655851117,1.0481233296402368,0.0481282121322083,-6.777496760282723e-08,-0.0164786879575058,-0.0301103440598047,,0.2205686036780249,0.1652789267677891,,,0.14314692735322,,,,0.0795487898008862,0.1148305890202319,0.1652188910224709,n/a (noise doesn't move it),,,progressive,progressive,,beyond 25%,progressive,progressive,,,
916,48293,TX,162,ok,acceptable (VEI within +/-10),0.8772121105172935,41.042984931301056,1.1164226051574042,0.060248395294443,8.64618676410609,0.8094900200029317,0.3944472976339012,0.924547211113409,-0.0754234908985129,-4.7489743982259194e-07,-0.0773743878120067,-0.1022153769523428,,,,,,,,,,0.2380196553720591,,,n/a (noise doesn't move it),beyond 25%,beyond 25%,progressive,progressive,beyond 25%,beyond 25%,beyond 25%,beyond 25%,,beyond 25%,beyond 25%
917,31013,NE,120,ok,acceptable (VEI within +/-10),0.8108828982839109,22.912861377149504,1.0445047645265946,-0.0068573201523493,-7.701554999646971,0.886658283615847,0.6870168109186764,0.9331518140533452,-0.0668414867536046,-6.710510775442765e-07,-0.0349050835057991,-0.036680517116272,,0.2415316881311558,0.2010478579592541,0.0477613796179127,0.1920702709171495,0.1861355982210434,,0.1657293174621767,0.1657074200892996,0.1573665767916026,0.1806767486334103,0.1683528049914962,n/a (noise doesn't move it),,,,,,beyond 25%,,,,,
918,53047,WA,505,ok,acceptable (VEI significance <= 10),0.7811249705813132,25.12918224037791,1.0401006882836332,0.0285808174208781,16.68059544932096,0.9528372198416756,0.5056487461568498,0.9659285094103032,-0.0340692420161766,-8.093446036401188e-08,-0.0184420284933719,-0.0301521474344217,,,0.1726598143382951,,,0.1611996247376108,,0.1433324020210972,0.1433179551392448,0.1449933077962855,0.1496926591596306,0.1786426066207907,n/a (noise doesn't move it),beyond 25%,,progressive,progressive,,beyond 25%,,,,,
919,26001,MI,258,ok,acceptable (VEI within +/-10),0.7750547970941883,27.624925647323657,1.0654716220118965,-0.0278407502952055,-8.558608803768534,0.9122045482326184,0.6830578100216217,0.867642171569816,-0.132355274755418,-3.5946895886632757e-07,-0.0341004638549908,-0.0284842611957816,,,0.2360195363214466,0.1986245754140002,0.2054769723709837,0.2227229069017783,,,,0.1869817550063938,0.2150918742936805,0.1549391097750679,n/a (noise doesn't move it),beyond 25%,,,,,beyond 25%,beyond 25%,beyond 25%,,,
920,27077,MN,126,ok,acceptable (VEI within +/-10),0.7809864457831326,28.60302419773629,1.0683312881418914,0.0167991015791685,2.825456971580648,0.8956667509098029,0.4825071846642593,0.9485772563266082,-0.0514144624806156,-3.716913317565039e-07,-0.0441053612108082,-0.0585789317569245,,,0.2158526720943991,,0.0764290328386625,0.2227416608482986,,0.1884998192153157,0.1884608637264559,0.1814263968663016,0.2119615629526044,0.2057625083761345,n/a (noise doesn't move it),beyond 25%,,progressive,,,beyond 25%,,,,,
921,55079,WI,3328,ok,acceptable (VEI within +/-10),0.9231053312519362,12.565401692380645,1.0101594900266226,0.0103555012878784,1.636598640277458,0.9381748318519354,0.8835004679445077,0.942103133002113,-0.0578963154815142,-1.3386316954644458e-07,-0.0132133413482871,-0.0132823410389302,,0.1490744147638708,0.0949122432866184,,,0.0944070722151121,0.1500182206574642,0.0983986325792847,0.0983983363885774,0.0943889819214417,0.0929980551942681,0.0926036673816785,n/a (noise doesn't move it),,,progressive,progressive,,,,,,,
922,06083,,0,no residential sales in 2024,,,,,,,,,,,,,,,,,,,,,,,,,,,,,,,,,,,,,
923,51510,VA,2001,ok,acceptable (VEI within +/-10),0.9141827160493828,7.4430491454327266,1.0434248384847693,-0.0183363894351239,-6.334214519710695,0.9527530242205356,0.7954812736484912,0.9623087661408054,-0.0376910774484128,-7.116907828759293e-10,-0.0240045634043546,-0.0315031879961344,,0.0922485573395246,0.2153388259845362,0.1450761993414206,0.1445375691879511,0.2249492564364941,,0.1218828122464864,0.1218823754375978,0.1703057803261191,0.2213693028615735,0.2055873354235636,n/a (noise doesn't move it),,,,,,progressive,,,,,
924,40115,OK,462,ok,UNACCEPTABLE regressivity,0.782359550837879,49.252255356388815,1.4752430484279764,-0.2356817734288894,-53.98986961886507,0.5965312474214276,0.0982496288548769,0.5603983259381575,-0.4396001717695975,-4.301336921686796e-07,-0.1997274412977849,-0.2412343041111715,,,,,,,,,,0.1848413421181224,,,n/a (noise doesn't move it),beyond 25%,beyond 25%,beyond 25%,beyond 25%,beyond 25%,beyond 25%,beyond 25%,beyond 25%,,beyond 25%,beyond 25%
925,29011,MO,122,ok,acceptable (confidence intervals overlap),0.3703717913624179,39.51631184965885,1.1527628103612588,-0.0006082169036209,26.141259263282105,0.7053022342647193,0.1514593188731277,0.6533044831760474,-0.3466820427871379,-3.381185548589177e-07,-0.1062748344823683,-0.1251629712062896,,,,0.0188813068692358,,,,,,0.1199224766078649,,,n/a (noise doesn't move it),beyond 25%,beyond 25%,,progressive,beyond 25%,beyond 25%,beyond 25%,beyond 25%,,beyond 25%,beyond 25%
926,36009,NY,967,ok,UNACCEPTABLE regressivity,0.9209686746987952,36.07168566862905,1.2433411391428937,-0.1250259785471287,-41.57692728427576,0.8012984592816297,0.3332363416257258,0.7532109266932584,-0.2467889605112333,-3.8154323279409713e-07,-0.0979043879160341,-0.1180529968356718,,,,,,,,,,0.2288040219292377,,,n/a (noise doesn't move it),beyond 25%,beyond 25%,beyond 25%,beyond 25%,beyond 25%,beyond 25%,beyond 25%,beyond 25%,,beyond 25%,beyond 25%
927,46029,SD,0,no residential sales in 2024,,,,,,,,,,,,,,,,,,,,,,,,,,,,,,,,,,,,,
928,28001,,0,no residential sales in 2024,,,,,,,,,,,,,,,,,,,,,,,,,,,,,,,,,,,,,
929,24017,MD,2365,ok,UNACCEPTABLE progressivity,0.8660714285714286,11.681173673405713,1.000927897269902,0.0431557479861527,15.6543324790177,1.0262762186814118,0.7887474277788883,1.0032196971329488,0.0032208356985852,-9.079911494864993e-09,0.0049248158682719,0.0050216498021654,,0.1382535697269223,0.0277305675132946,,,,0.1821680192162993,,,0.0241190471752673,,,n/a (noise doesn't move it),,,progressive,progressive,progressive,,progressive,progressive,,progressive,progressive
930,22059,LA,135,ok,acceptable (VEI significance <= 10),0.806566265060241,80.09172938514757,1.6114105231914233,-0.2354189890543044,-65.60450034150897,0.6087345009502424,0.3686496565805241,0.5926260737778114,-0.4072594842747771,-3.801624942883972e-06,-0.1795905949280107,-0.1935459010442608,,,,,,,,,,,,,n/a (noise doesn't move it),beyond 25%,beyond 25%,beyond 25%,beyond 25%,beyond 25%,beyond 25%,beyond 25%,beyond 25%,beyond 25%,beyond 25%,beyond 25%
931,05121,AR,4,skipped (fewer than 100 sales),,,,,,,,,,,,,,,,,,,,,,,,,,,,,,,,,,,,,
932,48273,TX,201,ok,acceptable (confidence intervals overlap),0.7424812030075187,29.54492217689599,1.005184360944944,0.0480590060900394,18.289198133691073,1.0257486210848703,0.7511040173364385,0.957801231246475,-0.0421988824498932,-1.0622689292519424e-09,0.0122111736639083,0.0122143689358561,,,0.0992317820101006,,,0.236358820400836,0.1798455752583489,0.2045816936153443,0.2045812686127208,0.0084660166479085,0.2390004586573951,0.090898578280017,n/a (noise doesn't move it),beyond 25%,,progressive,progressive,,,,,,,
933,51085,VA,1565,ok,acceptable (VEI significance <= 10),0.8649180327868853,14.193687665747296,1.005699470133143,0.0461999172056348,14.304682239670877,0.9685094846489328,0.7997313110176497,0.9962896285812376,-0.0037054882711112,-5.519993036173714e-08,-0.0074153258693199,-0.0083274367510226,,0.1703509702856069,0.0754412874113136,,,0.0776979697575586,0.2061279627278687,0.0410709448806191,0.041054726601327,0.0731814178412246,0.0760337302208606,0.0763874558678065,n/a (noise doesn't move it),,,progressive,progressive,,,,,,,
934,23019,ME,0,no residential sales in 2024,,,,,,,,,,,,,,,,,,,,,,,,,,,,,,,,,,,,,
935,17113,IL,2257,ok,acceptable (VEI within +/-10),0.8747407407407407,12.290118487876576,1.0035270529198892,0.0209924216326005,8.605944441021798,0.9991862769784428,0.8479764816022706,0.9879004724066816,-0.012098652324163,-4.3543820000771255e-08,-0.0002209907214856,-0.0001594235617146,,0.1449639404138296,0.0547897332627762,,,0.0158485842363264,0.1973685763610266,0.0533060681681241,0.0533048315104705,0.0509233357651411,0.0155271841055342,0.0122701944311913,n/a (noise doesn't move it),,,progressive,progressive,,,,,,,
936,12083,,0,no residential sales in 2024,,,,,,,,,,,,,,,,,,,,,,,,,,,,,,,,,,,,,
937,20181,,0,no residential sales in 2024,,,,,,,,,,,,,,,,,,,,,,,,,,,,,,,,,,,,,
938,17011,IL,425,ok,acceptable (VEI within +/-10),0.9574162162162162,20.424164971505657,1.077944813665658,-0.0472521124713173,-7.739461758599689,0.8467610996972498,0.6073399998915882,0.8679205096827737,-0.1320783164228844,-8.413323626634166e-07,-0.055614144537136,-0.0649087000990233,,0.2278719533625482,,0.2264009568283665,0.1860920517948129,,,,,0.1900350761776251,,,n/a (noise doesn't move it),,beyond 25%,,,beyond 25%,beyond 25%,beyond 25%,beyond 25%,,beyond 25%,beyond 25%
939,31157,NE,556,ok,acceptable (VEI within +/-10),0.8400082720588236,25.653188001753417,1.112632237515411,-0.0512226958196184,-7.698751104699412,0.8259614377330123,0.3793425153499724,0.8233776220362216,-0.1766196423594261,-3.920325754911236e-07,-0.0676786478652369,-0.0839563732066779,,,,0.2109893998375983,0.1669114328573194,,,,,0.1937180658911298,,,n/a (noise doesn't move it),beyond 25%,beyond 25%,,,beyond 25%,beyond 25%,beyond 25%,beyond 25%,,beyond 25%,beyond 25%
940,22017,LA,3541,ok,UNACCEPTABLE regressivity,0.7924599303135889,128.00774900951123,5.8098830528446666,-0.9803673737429252,-296.99195459295345,0.4779493659810326,0.0047530292060695,0.4553005389841995,-0.544733614388609,-3.2610885098790194e-08,-0.4210422964932265,-0.6580856416454222,,,,,,,,,,0.0853499939604778,,,n/a (noise doesn't move it),beyond 25%,beyond 25%,beyond 25%,beyond 25%,beyond 25%,beyond 25%,beyond 25%,beyond 25%,,beyond 25%,beyond 25%
941,39081,OH,806,ok,acceptable (VEI significance <= 10),0.7804953703703703,49.98495955790093,1.2573318329201972,-0.1270143638458238,-32.47769030890555,0.7599013232222518,0.485107077161338,0.6824287028042548,-0.3175598801418233,-1.7241368867866354e-06,-0.1025213697628704,-0.1070280282725657,,,,,,,,,,,,,n/a (noise doesn't move it),beyond 25%,beyond 25%,beyond 25%,beyond 25%,beyond 25%,beyond 25%,beyond 25%,beyond 25%,beyond 25%,beyond 25%,beyond 25%
942,27165,MN,188,ok,acceptable (confidence intervals overlap),0.9763562753036436,24.407370741173928,1.0984395866115946,-0.0589393682992262,-20.25196157503365,0.8896751999655071,0.7744609841227653,0.8635075444085591,-0.1364926019016901,-2.990165241764239e-07,-0.0488448878128378,-0.0590055765223955,0.1779738181406199,,,0.224130681653095,0.2013952885158202,,0.2040486036213344,,,,0.2289705697362764,,,beyond 25%,beyond 25%,,,beyond 25%,,beyond 25%,beyond 25%,beyond 25%,,beyond 25%
943,06017,CA,0,no residential sales in 2024,,,,,,,,,,,,,,,,,,,,,,,,,,,,,,,,,,,,,
944,18025,IN,80,skipped (fewer than 100 sales),,,,,,,,,,,,,,,,,,,,,,,,,,,,,,,,,,,,,
945,38079,ND,29,skipped (fewer than 100 sales),,,,,,,,,,,,,,,,,,,,,,,,,,,,,,,,,,,,,
946,21043,KY,274,ok,acceptable (confidence intervals overlap),0.9464,39.99899507087565,1.2630587572987977,-0.0780356338112503,-22.790181161221888,0.7429500820721434,0.4366577282304736,0.7221824134661987,-0.277809903078567,-1.5895045361260208e-06,-0.1162713084928599,-0.1379110898926614,,,,,,,,,,,,,n/a (noise doesn't move it),beyond 25%,beyond 25%,beyond 25%,progressive,beyond 25%,beyond 25%,beyond 25%,beyond 25%,beyond 25%,beyond 25%,beyond 25%
947,29165,,0,no residential sales in 2024,,,,,,,,,,,,,,,,,,,,,,,,,,,,,,,,,,,,,
948,25007,MA,0,no residential sales in 2024,,,,,,,,,,,,,,,,,,,,,,,,,,,,,,,,,,,,,
949,56011,WY,66,skipped (fewer than 100 sales),,,,,,,,,,,,,,,,,,,,,,,,,,,,,,,,,,,,,
950,13315,GA,54,skipped (fewer than 100 sales),,,,,,,,,,,,,,,,,,,,,,,,,,,,,,,,,,,,,
951,42129,PA,0,no residential sales in 2024,,,,,,,,,,,,,,,,,,,,,,,,,,,,,,,,,,,,,
952,45003,,0,no residential sales in 2024,,,,,,,,,,,,,,,,,,,,,,,,,,,,,,,,,,,,,
953,39027,OH,452,ok,UNACCEPTABLE regressivity,0.6367339637107079,43.51936743686591,1.9234453591646965,-0.2275415356665425,-34.13855768364364,0.464177929805567,0.034633754236273,0.4115370908919665,-0.5884548948984785,-2.473378938579351e-07,-0.3136499396346368,-0.4376795345707183,,,,,,,,,,0.1845376861712384,,,n/a (noise doesn't move it),beyond 25%,beyond 25%,beyond 25%,beyond 25%,beyond 25%,beyond 25%,beyond 25%,beyond 25%,,beyond 25%,beyond 25%
954,08009,CO,0,no residential sales in 2024,,,,,,,,,,,,,,,,,,,,,,,,,,,,,,,,,,,,,
955,05061,AR,145,ok,UNACCEPTABLE regressivity,0.7869565217391304,52.40355739030676,1.581295156324532,-0.1962886137376586,-57.410181508612666,0.6733811253515541,0.2849304532846475,0.5368799652746387,-0.4631325392861653,-6.134690856125269e-07,-0.1852930615800727,-0.236698351094724,,,,,,,,,,,,,n/a (noise doesn't move it),beyond 25%,beyond 25%,beyond 25%,beyond 25%,beyond 25%,beyond 25%,beyond 25%,beyond 25%,beyond 25%,beyond 25%,beyond 25%
956,27163,MN,4800,ok,acceptable (VEI within +/-10),0.9034993790362642,22.20746154974816,1.1161282159539117,0.0117271261792707,-5.060670393254775,0.7205107500155774,0.6235383183794224,0.7290472141197112,-0.270927218987193,-2.801822512744522e-08,-0.1027224577797021,-0.1057341951870991,,0.2356831975762219,,,0.1067039919998825,,,,,0.229649163965313,,,n/a (noise doesn't move it),,beyond 25%,progressive,,beyond 25%,progressive,beyond 25%,beyond 25%,,beyond 25%,beyond 25%
957,51093,VA,616,ok,acceptable (VEI significance <= 10),0.9022963816086336,10.557850463222689,1.0004293690717947,0.0188549143049641,13.331911417395895,1.0120391784137155,0.9072089178727968,0.991248793144604,-0.0087512926008947,-6.2985374496234315e-09,0.0025675216442482,0.0026510771287221,,0.1255687875775296,0.0226945493880986,,,,0.1000052947191501,0.0404977664362798,0.0404983057674515,0.0207059900749973,,,n/a (noise doesn't move it),,,progressive,progressive,progressive,,,,,progressive,progressive
958,48351,TX,63,skipped (fewer than 100 sales),,,,,,,,,,,,,,,,,,,,,,,,,,,,,,,,,,,,,
959,22063,LA,5599,ok,UNACCEPTABLE regressivity,0.6615353205389956,74.81148189326406,1.453335409112601,-0.1922301115151309,-45.66113417532039,0.4147232161671269,0.1880257233964846,0.4434681889442629,-0.5565270026598085,-1.907922966133163e-06,-0.221036865756413,-0.2472446564599237,,,,,,,,,,,,,n/a (noise doesn't move it),beyond 25%,beyond 25%,beyond 25%,beyond 25%,beyond 25%,beyond 25%,beyond 25%,beyond 25%,beyond 25%,beyond 25%,beyond 25%
960,48291,,0,no residential sales in 2024,,,,,,,,,,,,,,,,,,,,,,,,,,,,,,,,,,,,,
961,47153,TN,0,no residential sales in 2024,,,,,,,,,,,,,,,,,,,,,,,,,,,,,,,,,,,,,
962,45033,SC,286,ok,acceptable (confidence intervals overlap),0.5818452380952381,60.26498226895349,1.1877186219574118,-0.0247931101512897,19.79534406864079,0.9076205849315456,0.5010589422975689,0.7860208996697803,-0.2139687032012248,-1.1692194756431206e-06,-0.0452071460349596,-0.0507761497799115,,,,,,,,,,0.2476154499020244,,0.2473489294210293,n/a (noise doesn't move it),beyond 25%,beyond 25%,beyond 25%,progressive,beyond 25%,beyond 25%,beyond 25%,beyond 25%,,beyond 25%,
963,12003,FL,248,ok,acceptable (confidence intervals overlap),0.7830881654162201,26.75326430226573,1.1200498685605094,-0.1656458609104125,-12.745429106728867,0.7116760889805207,0.3987294434436695,0.6658880200129449,-0.3341118035660459,-6.258346457565995e-07,-0.0880353186285813,-0.0931899763578996,,,,,0.211142703728367,,,,,0.2039530473976696,,,n/a (noise doesn't move it),beyond 25%,beyond 25%,beyond 25%,,beyond 25%,beyond 25%,beyond 25%,beyond 25%,,beyond 25%,beyond 25%
964,51550,VA,3291,ok,acceptable (VEI within +/-10),0.9158571428571428,6.1524810958330765,1.0094090935703048,0.0002993842465897,0.4546727158102031,0.965147437254873,0.7184532001510366,0.98087008481516,-0.0191296694893879,-7.145895956190878e-09,-0.0084454502381947,-0.0103221112447848,,0.0760272876011559,0.0963416485147689,,,0.0789391535471508,,0.0543338790115932,0.0543333276421561,0.0736969398423227,0.0789528209526175,0.0847441261122629,n/a (noise doesn't move it),,,progressive,progressive,,beyond 25%,,,,,
965,49003,UT,732,ok,UNACCEPTABLE progressivity,0.8388244849267954,25.16785232887632,1.0277299891691334,0.2051267533771801,65.8650792563174,0.8100208759756404,0.5643184193436309,0.7724715806129425,-0.2275277726316357,-2.3326259176853802e-07,-0.0378159429928324,-0.0384387906203644,,,0.1612300775648321,,,0.2331339251283041,,,,0.1523125604391432,0.1860179003001969,0.1896247491427842,n/a (noise doesn't move it),beyond 25%,,progressive,progressive,,beyond 25%,beyond 25%,beyond 25%,,,
966,51097,VA,33,skipped (fewer than 100 sales),,,,,,,,,,,,,,,,,,,,,,,,,,,,,,,,,,,,,
967,36049,NY,368,ok,acceptable (VEI significance <= 10),0.8340735183795949,31.49115122661014,1.125950906476225,-0.0640272209073068,-25.507343814646255,0.7400155125106757,0.5277680265260398,0.7702586877855198,-0.2297365102181211,-1.0343465622923842e-06,-0.0943213808827141,-0.1058858672073712,,,,0.2141093723745369,,,,,,0.2408658266802251,,,n/a (noise doesn't move it),beyond 25%,beyond 25%,,beyond 25%,beyond 25%,beyond 25%,beyond 25%,beyond 25%,,beyond 25%,beyond 25%
968,05055,AR,794,ok,acceptable (confidence intervals overlap),0.9070117502495968,39.60907988499901,1.4001796903818904,-0.100759209816369,-31.243948463681168,0.5785259670121663,0.1147355504225346,0.6046030120722184,-0.3953895088745668,-7.020592892729104e-07,-0.1996978738586239,-0.2629412456606521,,,,,,,,,,0.2487067279170364,,,n/a (noise doesn't move it),beyond 25%,beyond 25%,beyond 25%,beyond 25%,beyond 25%,beyond 25%,beyond 25%,beyond 25%,,beyond 25%,beyond 25%
969,33019,NH,0,no residential sales in 2024,,,,,,,,,,,,,,,,,,,,,,,,,,,,,,,,,,,,,
970,26055,MI,978,ok,acceptable (VEI within +/-10),0.8309930179728031,14.274083206551229,1.014230956722455,0.0085071642322166,7.652834913947912,0.963670592907736,0.7723669653184422,0.9734978401974932,-0.0265012415257998,-3.7980042808762424e-08,-0.0121325961154452,-0.0147552628786471,,0.1686696248291369,0.1119246437641754,,,0.1398373785562938,,0.0983537468615883,0.0983526990255588,0.0938021433026356,0.1333854534317125,0.1284807314561217,n/a (noise doesn't move it),,,progressive,progressive,,beyond 25%,,,,,
971,12119,FL,6415,ok,UNACCEPTABLE progressivity,0.718390243902439,39.1765833032227,1.0246669771260626,0.2446940041867914,88.12346221275693,0.946761082103844,0.3346376765345665,0.9297317190819888,-0.0702620893805096,-7.007055943376892e-09,-0.0150456697474652,-0.0213173895537337,,,0.1485436350886831,,,0.1676098034950145,,,,0.0896734411334522,0.1316335602558785,0.1358302444971091,n/a (noise doesn't move it),beyond 25%,,progressive,progressive,,progressive,beyond 25%,beyond 25%,,,
972,01089,AL,9106,ok,acceptable (VEI within +/-10),0.7819230769230769,35.65528220032681,1.728338753204769,-0.0048736382250974,0.3039263910187808,0.4395232685876005,0.0020278482082462,0.4298846425541043,-0.5701136248520093,-3.117206971370888e-09,-0.3213416253463121,-0.4205145305466824,,,,0.0945619376875333,,,,,,0.0231168591564437,,,n/a (noise doesn't move it),beyond 25%,beyond 25%,,progressive,beyond 25%,beyond 25%,beyond 25%,beyond 25%,,beyond 25%,beyond 25%
973,48065,TX,70,skipped (fewer than 100 sales),,,,,,,,,,,,,,,,,,,,,,,,,,,,,,,,,,,,,
974,51670,VA,451,ok,acceptable (VEI within +/-10),0.7691131498470948,22.948305480816053,1.124310896943478,-0.0149960787268899,-7.975337561501406,0.8120092117078216,0.3717666594648456,0.9200282916051936,-0.0799230515549311,-8.2227654690374e-08,-0.0720706821784022,-0.09042699521254,,0.2468606364204553,,0.1359710407122579,0.1591435783391108,,,0.227231543744811,0.2271882309118263,0.1506699731109839,,,n/a (noise doesn't move it),,beyond 25%,,,beyond 25%,beyond 25%,,,,beyond 25%,beyond 25%
975,13175,GA,515,ok,acceptable (VEI significance <= 10),0.7492769230769231,33.802769629032035,1.1976472107093914,-0.0510808751656982,-21.263839553575306,0.8137487285271807,0.2551563336441282,0.7840875677776843,-0.2159085608958451,-3.648267225078857e-07,-0.0873457627384526,-0.130000477590598,,0.2499340255908348,,,,,,,,0.1874679847604896,,,n/a (noise doesn't move it),,beyond 25%,beyond 25%,beyond 25%,beyond 25%,beyond 25%,beyond 25%,beyond 25%,,beyond 25%,beyond 25%
976,01121,AL,1141,ok,UNACCEPTABLE regressivity,0.88,38.75322542281932,1.404088161447671,-0.140147949732804,-44.81700091256737,0.6639076677142987,0.2050795234853624,0.6203030699688205,-0.3796934571773405,-6.088871655521191e-07,-0.1716104390601875,-0.2378957633872522,,,,,,,,,,0.2491058251749006,,,n/a (noise doesn't move it),beyond 25%,beyond 25%,beyond 25%,beyond 25%,beyond 25%,beyond 25%,beyond 25%,beyond 25%,,beyond 25%,beyond 25%
977,37143,NC,0,no residential sales in 2024,,,,,,,,,,,,,,,,,,,,,,,,,,,,,,,,,,,,,
978,48475,TX,94,skipped (fewer than 100 sales),,,,,,,,,,,,,,,,,,,,,,,,,,,,,,,,,,,,,
979,17005,,0,no residential sales in 2024,,,,,,,,,,,,,,,,,,,,,,,,,,,,,,,,,,,,,
980,31155,NE,344,ok,acceptable (VEI within +/-10),0.7992598040803109,29.49251473188928,1.100618929048484,-0.0495651958697508,-2.802682207701773,0.8633623773411288,0.647279511339318,0.8174949579778824,-0.1825035748554342,-3.058743564432369e-07,-0.0543499016760562,-0.0589415404184459,,,,0.2394386702745018,0.0982816282028492,,,,,0.2238246656319097,,,n/a (noise doesn't move it),beyond 25%,beyond 25%,,,beyond 25%,beyond 25%,beyond 25%,beyond 25%,,beyond 25%,beyond 25%
981,31105,NE,21,skipped (fewer than 100 sales),,,,,,,,,,,,,,,,,,,,,,,,,,,,,,,,,,,,,
982,33009,NH,0,no residential sales in 2024,,,,,,,,,,,,,,,,,,,,,,,,,,,,,,,,,,,,,
983,15003,HI,7496,ok,acceptable (VEI within +/-10),0.9497673959827834,14.167722389287372,1.0364880736622062,-0.0107191462638783,-4.946417259172482,0.9058297685596745,0.739540301830795,0.9270556203420248,-0.072943861816451,-4.7954222134592243e-08,-0.0324219766185951,-0.0391242383118917,,0.1658474528239819,0.1763520302258482,0.1029840831361458,0.1166267107279233,0.1865287330597397,,0.1576788763081023,0.1576783721998251,0.1490834232661865,0.1861650692431708,0.2042223642664159,n/a (noise doesn't move it),,,,,,beyond 25%,,,,,
984,32033,NV,272,ok,UNACCEPTABLE regressivity,0.542188617556538,56.920259544620635,1.7269687578139576,-0.2643990430789269,-94.92659309507349,0.5470897813055526,0.0176377954939974,0.4185825160042578,-0.5814146837323426,-2.0001127025100075e-07,-0.2562179225668304,-0.3249341074831928,,,,,,,,,,0.1240075991021781,,,n/a (noise doesn't move it),beyond 25%,beyond 25%,beyond 25%,progressive,beyond 25%,beyond 25%,beyond 25%,beyond 25%,,beyond 25%,beyond 25%
985,42001,PA,0,no residential sales in 2024,,,,,,,,,,,,,,,,,,,,,,,,,,,,,,,,,,,,,
986,51191,VA,755,ok,acceptable (confidence intervals overlap),0.5636176772867421,31.92231624019888,1.0937188441292098,-0.0337857202890213,-14.462426636602542,0.8807145915731472,0.4061247363368487,0.7900434971084793,-0.2099507566460237,-1.7867055182850245e-07,-0.0460643609424613,-0.0495996508186316,,,,0.2128577702397684,,,,,,0.1550504511676869,0.2319666878337774,0.2330197311824146,n/a (noise doesn't move it),beyond 25%,beyond 25%,,beyond 25%,beyond 25%,beyond 25%,beyond 25%,beyond 25%,,,
987,54013,WV,41,skipped (fewer than 100 sales),,,,,,,,,,,,,,,,,,,,,,,,,,,,,,,,,,,,,
988,34009,NJ,2660,ok,acceptable (VEI significance <= 10),0.4668104838709677,20.606414188773137,1.039315692433546,0.0017813904700046,12.589396637737735,0.9545598816806654,0.4302850249554557,0.9522411476855632,-0.0477488867711203,-1.3350057033696988e-08,-0.0215588715277454,-0.0243258085473683,,0.2280250082993717,0.1853604536077522,,,0.1960517003854517,,0.1927745542904264,0.1927583836917155,0.0761609136092126,0.1945425351868071,0.2074700759433265,n/a (noise doesn't move it),,,progressive,progressive,,beyond 25%,,,,,
989,35043,NM,1847,ok,UNACCEPTABLE progressivity,0.5595615354174911,41.317329483688454,1.019885461331837,0.4107437716189102,82.81977710761244,0.8799573027811994,0.5160066354066362,0.7679444177138263,-0.232048259945796,-1.666383546965238e-07,-0.0248703950100508,-0.0218871900925885,,,0.1321720037754452,,,0.2332186967130912,,,,0.1267245491025849,0.1789464793653146,0.1435536260499786,n/a (noise doesn't move it),beyond 25%,,progressive,progressive,,beyond 25%,beyond 25%,beyond 25%,,,
990,29161,MO,0,no residential sales in 2024,,,,,,,,,,,,,,,,,,,,,,,,,,,,,,,,,,,,,
991,51590,VA,776,ok,acceptable (confidence intervals overlap),0.6074581756349076,36.89212950345116,4.710743986704752,-0.0132624043238415,31.468785260644548,0.4959818056334156,0.0013274004966525,0.6557838281621028,-0.3442032430507732,-7.386513855867062e-09,-0.4402640992137387,-0.7784424628979276,,,,0.1363828610850617,,,,,,0.0590412238101321,,,n/a (noise doesn't move it),beyond 25%,beyond 25%,,progressive,beyond 25%,progressive,beyond 25%,beyond 25%,,beyond 25%,beyond 25%
992,39149,OH,0,no residential sales in 2024,,,,,,,,,,,,,,,,,,,,,,,,,,,,,,,,,,,,,
993,45041,SC,1413,ok,acceptable (confidence intervals overlap),0.866187265917603,22.42461692475093,1.0495679325033735,0.0079268802522978,14.248476004674334,0.9573478969011212,0.6615859336413835,0.9638302678630426,-0.0361652043189332,-4.4297742595688667e-08,-0.0180463787861013,-0.0272017112747673,,0.2347005826799469,0.1815409552425828,,,0.1536819967617734,,0.1726651089852947,0.172656721907238,0.1580006182104832,0.1492266167022977,0.1690055951578067,n/a (noise doesn't move it),,,progressive,progressive,,beyond 25%,,,,,
994,54021,WV,36,skipped (fewer than 100 sales),,,,,,,,,,,,,,,,,,,,,,,,,,,,,,,,,,,,,
995,47121,TN,0,no residential sales in 2024,,,,,,,,,,,,,,,,,,,,,,,,,,,,,,,,,,,,,
996,37045,NC,1345,ok,UNACCEPTABLE progressivity,0.4728316831683168,42.84929049107661,1.2202186606838847,0.041807829724217,41.96573937227502,0.7440197195446056,0.0790111748067596,0.6464137599909232,-0.35357167681476,-1.2809318215401656e-07,-0.1114589407179416,-0.1620052638311353,,,,,,,,,,0.1310711676128079,,,n/a (noise doesn't move it),beyond 25%,beyond 25%,progressive,progressive,beyond 25%,beyond 25%,beyond 25%,beyond 25%,,beyond 25%,beyond 25%
997,37121,NC,0,no residential sales in 2024,,,,,,,,,,,,,,,,,,,,,,,,,,,,,,,,,,,,,
998,48215,TX,4515,ok,acceptable (VEI within +/-10),0.78966726517787,33.2679184797218,1.088521858587331,0.0434413182218685,7.410345545768177,0.8094373955124771,0.6501404961422758,0.7056067558397869,-0.294391612680696,-1.401043989298697e-07,-0.0652594671772028,-0.0718958154805464,,,,,,,,,,0.2266952211094926,,,n/a (noise doesn't move it),beyond 25%,beyond 25%,progressive,progressive,beyond 25%,beyond 25%,beyond 25%,beyond 25%,,beyond 25%,beyond 25%
999,39175,OH,0,no residential sales in 2024,,,,,,,,,,,,,,,,,,,,,,,,,,,,,,,,,,,,,
1000,38037,ND,13,skipped (fewer than 100 sales),,,,,,,,,,,,,,,,,,,,,,,,,,,,,,,,,,,,,
1001,51730,VA,434,ok,acceptable (VEI within +/-10),0.8285825214722662,21.572415498648073,1.0742316113931194,0.0252063899527509,5.570084562072102,0.8844601909158168,0.6917047066729243,0.9921081652084012,-0.0078797687670014,-1.654693243235157e-08,-0.0541769466289803,-0.0567605943386892,,0.2323467517785065,0.2218458165972971,,,0.2254389888393591,,0.0652883529003648,0.0652602453175498,0.1731665811523217,0.2246363610583958,0.2257334934246659,n/a (noise doesn't move it),,,progressive,progressive,,progressive,,,,,
1002,08085,CO,0,no residential sales in 2024,,,,,,,,,,,,,,,,,,,,,,,,,,,,,,,,,,,,,
1003,47023,TN,192,ok,acceptable (VEI within +/-10),0.6560594582895306,43.92972383259315,1.182523568008475,-0.106027545239603,-8.420591233461868,0.7346559130412942,0.4392246864941203,0.6863095052527062,-0.3136893082366497,-8.7654102670715e-07,-0.1002255378370449,-0.103217884919694,,,,,0.2310271652454326,,,,,0.2320826965562888,,,n/a (noise doesn't move it),beyond 25%,beyond 25%,beyond 25%,,beyond 25%,beyond 25%,beyond 25%,beyond 25%,,beyond 25%,beyond 25%
1004,13155,GA,102,ok,acceptable (VEI within +/-10),0.5035154761904762,44.41779004893389,1.2197844101778872,-0.0038385642248717,9.079190746697938,0.8206161271918891,0.2144438916272844,0.8826342802314613,-0.1173444209124333,-3.29463821338206e-07,-0.0912923377995946,-0.1313733518580866,,,,0.1128905616222524,,,,,,0.1910102639929694,,,n/a (noise doesn't move it),beyond 25%,beyond 25%,,beyond 25%,beyond 25%,beyond 25%,beyond 25%,beyond 25%,,beyond 25%,beyond 25%
1005,27033,MN,158,ok,acceptable (VEI within +/-10),0.9998559450136304,23.550757847066674,1.0136290556057246,0.034405492724652,6.610930164505745,0.9740144199500976,1.01165179008759,0.9865224733403192,-0.0134766496549626,-1.667928629953979e-07,-0.0086643639261916,-0.0097586276410086,0.0012822675545681,,0.104819821518103,,,0.0914002642442405,0.0535178243711895,0.077082417982765,0.0771504179266998,0.1135980580842897,0.0873071797811263,0.0851155284383709,,beyond 25%,,progressive,progressive,,,,,,,
1006,48055,TX,769,ok,UNACCEPTABLE progressivity,0.4982788172089473,75.38605953442318,0.9885925010466072,0.7817646080431833,167.97540094099517,1.1824277520276187,0.6693204794650336,0.9967730983062504,-0.0032230466821242,7.309024226270898e-08,0.0369153498411292,0.0469520831125206,,,,,,,,0.051979979053746,0.0518496932489392,,,,n/a (noise doesn't move it),beyond 25%,progressive,progressive,progressive,progressive,beyond 25%,,,progressive,progressive,progressive
1007,48169,TX,24,skipped (fewer than 100 sales),,,,,,,,,,,,,,,,,,,,,,,,,,,,,,,,,,,,,
1008,29143,MO,0,no residential sales in 2024,,,,,,,,,,,,,,,,,,,,,,,,,,,,,,,,,,,,,
1009,51167,VA,294,ok,UNACCEPTABLE regressivity,0.6014798850574713,59.99857729436544,1.4253402355249296,-0.2446247227699664,-76.9041785589565,0.7215678463599602,0.3300518832820762,0.627354879115579,-0.372636239949704,-1.1025000164557822e-06,-0.1347245174733202,-0.1439144432208126,,,,,,,,,,,,,n/a (noise doesn't move it),beyond 25%,beyond 25%,beyond 25%,beyond 25%,beyond 25%,beyond 25%,beyond 25%,beyond 25%,beyond 25%,beyond 25%,beyond 25%
1010,17183,IL,1040,ok,UNACCEPTABLE regressivity,0.8681442687747035,39.32214716967522,1.9668268109871443,-0.1483675274823722,-32.73196317868066,0.4438234222896934,0.0012233316650507,0.5300748354857612,-0.4699188422195777,-2.619120752819929e-08,-0.3501348840485183,-0.4705733319636176,,,,,,,,,,0.0306975784258772,,,n/a (noise doesn't move it),beyond 25%,beyond 25%,beyond 25%,beyond 25%,beyond 25%,beyond 25%,beyond 25%,beyond 25%,,beyond 25%,beyond 25%
1011,08123,CO,5927,ok,acceptable (VEI within +/-10),0.9730181818181818,4.719982368027161,1.0039224438396062,-0.0064627213669468,-1.4480862554395493,0.9687465324638336,0.8984174427543918,0.9732085342001994,-0.0267912599531736,-3.519116726007231e-08,-0.0057988719813373,-0.0062719661071455,,0.0579642643423792,0.0617439170116395,0.0434024100566879,0.0465199656751145,0.0549291139440354,0.1376549502998428,0.0519927545576897,0.0519925918748234,0.0551298423442526,0.0548657400440847,0.058547828019846,n/a (noise doesn't move it),,,,,,,,,,,
1012,17187,IL,168,ok,UNACCEPTABLE regressivity,0.9653738920225624,34.06596251908221,1.171838283432238,-0.149837279205697,-36.94595191753362,0.7719773815139723,0.6763070918922158,0.7184598727809878,-0.2815367117397302,-2.4950511146966363e-06,-0.0884723237710274,-0.0910697235672812,,,,,,,,,,,,,n/a (noise doesn't move it),beyond 25%,beyond 25%,beyond 25%,progressive,beyond 25%,beyond 25%,beyond 25%,beyond 25%,beyond 25%,beyond 25%,beyond 25%
1013,54043,WV,82,skipped (fewer than 100 sales),,,,,,,,,,,,,,,,,,,,,,,,,,,,,,,,,,,,,
1014,13303,GA,172,ok,acceptable (confidence intervals overlap),0.8907993730407524,47.517785281384455,1.3058728394480963,-0.0660569897791922,-24.044198349200354,0.740439174553108,0.2883979853020805,0.7811238036725452,-0.2188702744225084,-5.52692443084368e-07,-0.1289497990787622,-0.1673177092417321,,,,,,,,,,0.2455978135976909,,,n/a (noise doesn't move it),beyond 25%,beyond 25%,beyond 25%,beyond 25%,beyond 25%,beyond 25%,beyond 25%,beyond 25%,,beyond 25%,beyond 25%
1015,38089,ND,446,ok,acceptable (VEI within +/-10),1.5262956794356812,17.955509421391703,1.0218968910132855,0.0134530860832125,3.426443598500545,0.9197646842113588,1.415438538486813,0.935845012306121,-0.0641565859314958,-2.531120040435442e-07,-0.0226157987558406,-0.0256585512891436,,0.2072845781775144,0.1333434873863905,,,0.1495971471534203,,0.1399166503265391,0.1399186957093446,0.2404807577568547,0.144813988473373,0.1513066937876034,n/a (noise doesn't move it),,,progressive,progressive,,progressive,,,,,
1016,26143,MI,780,ok,acceptable (confidence intervals overlap),0.6636700336700336,28.92813361100715,1.0499883684000522,-0.0092481119570691,-27.291300468236617,0.9562568824000836,0.6114796205029913,0.8930856895459577,-0.106906303082789,-1.6147511275380873e-07,-0.0178790397704915,-0.0187356914041365,,,0.197194656275631,0.1272143706918915,,0.1606016918353101,,,,0.1491408832725051,0.1545258426911196,0.1457540558008949,n/a (noise doesn't move it),beyond 25%,,,beyond 25%,,beyond 25%,beyond 25%,beyond 25%,,,
1017,21167,KY,454,ok,acceptable (VEI within +/-10),0.6830171990171989,41.340520101801495,1.1614218202777993,0.0019536794054488,5.079625533446621,0.7203778106628085,0.3503386823445131,0.8270006396028278,-0.1729826187195542,-5.133822901550468e-07,-0.1123994480446402,-0.1343902384832098,,,,0.1562034910946435,,,,,,0.2271223302058159,,,n/a (noise doesn't move it),beyond 25%,beyond 25%,,progressive,beyond 25%,beyond 25%,beyond 25%,beyond 25%,,beyond 25%,beyond 25%
1018,55013,WI,455,ok,acceptable (VEI significance <= 10),0.8621052631578947,29.719285687694384,1.4370903404417683,0.00088618469726,18.026202530398773,0.6161966473902045,0.0057819261105132,0.8167240049833469,-0.1832716353028121,-1.995014186854031e-08,-0.20411618081896,-0.2990295208426226,,,,0.042183410653611,,,,,,0.0871293882194382,,,n/a (noise doesn't move it),beyond 25%,beyond 25%,,progressive,beyond 25%,beyond 25%,beyond 25%,beyond 25%,,beyond 25%,beyond 25%
1019,17009,IL,44,skipped (fewer than 100 sales),,,,,,,,,,,,,,,,,,,,,,,,,,,,,,,,,,,,,
1020,10003,DE,2333,ok,acceptable (VEI within +/-10),0.8795853658536585,7.674185484805667,1.013057214474946,-0.0173798390605241,-0.6608504479239513,0.9500066369047316,0.8815482264698506,0.9596420939042898,-0.0403574379659765,-9.472395694707125e-08,-0.0143995579040887,-0.0146176523499577,,0.0946448206432356,0.1139602028380052,0.1121306041513658,0.0437991360521859,0.1142589871676298,0.1725459697745019,0.1127807048305383,0.1127804243265697,0.1101667881652276,0.1143327472939946,0.1137252323496081,n/a (noise doesn't move it),,,,,,,,,,,
1021,12125,FL,34,skipped (fewer than 100 sales),,,,,,,,,,,,,,,,,,,,,,,,,,,,,,,,,,,,,
1022,17041,IL,92,skipped (fewer than 100 sales),,,,,,,,,,,,,,,,,,,,,,,,,,,,,,,,,,,,,
1023,55067,WI,488,ok,acceptable (VEI significance <= 10),0.967363973141931,25.67167438271187,1.0901543270771743,-0.038339384460432,-14.902990671417031,0.8334630878833347,0.6572179421772643,0.8388166369320367,-0.161180825704808,-7.302768295958576e-07,-0.0615337287157353,-0.070841103846289,,,,0.2075000688497612,,,,,,0.2491579801619023,,,n/a (noise doesn't move it),beyond 25%,beyond 25%,,beyond 25%,beyond 25%,beyond 25%,beyond 25%,beyond 25%,,beyond 25%,beyond 25%
1024,01095,,0,no residential sales in 2024,,,,,,,,,,,,,,,,,,,,,,,,,,,,,,,,,,,,,
1025,37093,NC,283,ok,UNACCEPTABLE progressivity,0.1696909090909091,59.95289754652238,1.0529857159213332,0.6697159578759788,145.18010652387002,0.7550024978932095,0.2349660028268287,0.6154858066296863,-0.3845033415793982,-7.65674624529124e-08,-0.0497011778399396,-0.0450088740948009,,,0.2082714868752859,,,,,,,0.0732156146182183,0.2013833399005838,0.2127254477048389,n/a (noise doesn't move it),beyond 25%,,progressive,progressive,beyond 25%,beyond 25%,beyond 25%,beyond 25%,,,
1026,56043,WY,69,skipped (fewer than 100 sales),,,,,,,,,,,,,,,,,,,,,,,,,,,,,,,,,,,,,
1027,55073,WI,1633,ok,acceptable (VEI within +/-10),0.9125636363636364,15.774690347850614,1.0157742022519305,0.0028810094695447,-1.314825063316769,0.9578474900460284,0.8573982549057086,0.9742300352634068,-0.0257671956678868,-1.5543982235461472e-07,-0.0130400398838064,-0.0125507865047638,,0.1834321505164206,0.1243270913368431,,0.0372834601644498,0.118561181505328,0.1994446478967284,0.1206859270827346,0.1206821990884972,0.1195656338831353,0.1171352915873816,0.1127220079049221,n/a (noise doesn't move it),,,progressive,,,,,,,,
1028,48177,TX,74,skipped (fewer than 100 sales),,,,,,,,,,,,,,,,,,,,,,,,,,,,,,,,,,,,,
1029,13011,GA,296,ok,UNACCEPTABLE progressivity,0.8532980531813865,34.82752891739881,1.1406423621314896,0.0432514418953109,50.61558082155778,0.8273340640539264,0.4109865250943254,0.7001619968499565,-0.2998366020870465,-7.972687767498348e-08,-0.0701193923105336,-0.0886093009003703,,,,,,,,,,0.2055677253760415,,,n/a (noise doesn't move it),beyond 25%,beyond 25%,progressive,progressive,beyond 25%,progressive,beyond 25%,beyond 25%,,beyond 25%,beyond 25%
1030,21021,KY,385,ok,acceptable (VEI within +/-10),0.7667731629392971,26.058099763717017,1.0687326996610338,-0.0133197846311139,0.4637311840701646,0.7943315986220699,0.5298674872064678,0.7831000404223817,-0.2168968740058231,-4.997051455983661e-07,-0.0635438091707945,-0.0727067117876854,,,0.2132266576272407,0.1146665713674908,0.050131926477684,,,,,0.1761214297471597,0.2420225986476574,0.2468329493405262,n/a (noise doesn't move it),beyond 25%,,,,beyond 25%,beyond 25%,beyond 25%,beyond 25%,,,
1031,51161,VA,1393,ok,acceptable (VEI within +/-10),0.8709897610921502,11.878804557636292,1.0086918528588735,0.0008528031485071,3.2067698845769557,0.96836979828182,0.8338241203525315,0.9493477177157084,-0.0506517924042296,-9.47743486169838e-08,-0.0074375901477468,-0.0070331253675686,,0.1428574001152679,0.0952746657946386,,,0.0772458328671492,0.1899667333404028,0.1029050259585449,0.1029039639640428,0.0903917897091342,0.0744576444984726,0.0800045153399037,n/a (noise doesn't move it),,,progressive,progressive,,,,,,,
1032,16065,ID,198,ok,acceptable (confidence intervals overlap),0.8310059613449484,18.992609638982685,1.0706326667279196,-0.0686955554962415,-10.31547920659252,0.7378068039478884,0.4695522947926508,0.7454342144226914,-0.2545655083464554,-1.714655628162096e-07,-0.0705730337517089,-0.0737681006160435,,0.2141519493484073,0.2383914639654213,0.1499673557328671,0.1766231415580602,0.2417223409177248,,0.2432769931871869,0.2432769572436499,0.141074994104669,0.2356993253483355,0.2428997219998439,n/a (noise doesn't move it),,,,,,beyond 25%,,,,,
1033,40117,OK,111,ok,acceptable (confidence intervals overlap),0.6222787878787879,34.73263483919906,1.1261196809627256,0.0040041618350175,16.257000296757667,0.7252970632934256,0.328132026199869,0.7416504152347316,-0.2583438729611828,-5.694332441281364e-07,-0.1012624386166265,-0.1203829686630075,,,,0.0432322580700604,,,,,,0.1612616381105705,,,n/a (noise doesn't move it),beyond 25%,beyond 25%,,progressive,beyond 25%,beyond 25%,beyond 25%,beyond 25%,,beyond 25%,beyond 25%
1034,42081,PA,0,no residential sales in 2024,,,,,,,,,,,,,,,,,,,,,,,,,,,,,,,,,,,,,
1035,08015,CO,460,ok,acceptable (VEI within +/-10),0.9479632959652576,15.35119432604472,1.001422418973975,0.076354763007255,8.28054165964106,0.9191340093998828,0.7815268364396185,1.077002661103626,0.0770038830123289,-7.1952991208473605e-09,-0.0209000955829152,-0.0274606481373826,,0.176565680459493,0.0463137679107109,,,0.1236350441470976,0.2221045007555566,,,0.0419113880774916,0.1177537230231267,0.143488396726984,n/a (noise doesn't move it),,,progressive,progressive,,,progressive,progressive,,,
1036,50025,VT,0,no residential sales in 2024,,,,,,,,,,,,,,,,,,,,,,,,,,,,,,,,,,,,,
1037,35037,NM,34,skipped (fewer than 100 sales),,,,,,,,,,,,,,,,,,,,,,,,,,,,,,,,,,,,,
1038,54033,WV,763,ok,acceptable (VEI significance <= 10),0.7571929824561403,52.44383249165171,2.790708175676271,-0.1640885185810707,-38.54151769711805,0.5087703360030355,0.0004341233526153,0.6266281672556714,-0.3733697180290609,-6.356152458751078e-09,-0.3706006744806784,-0.5763028983781626,,,,,,,,,,0.0282598648807029,,,n/a (noise doesn't move it),beyond 25%,beyond 25%,beyond 25%,beyond 25%,beyond 25%,beyond 25%,beyond 25%,beyond 25%,,beyond 25%,beyond 25%
1039,27001,MN,416,ok,acceptable (VEI within +/-10),0.845476923076923,22.910413868410515,1.022093578281592,0.0206711077545723,7.843448716318676,0.949175587065322,0.7527628438766142,1.0059812969760382,0.0059855399764508,-1.1983775150729834e-07,-0.020815392985463,-0.0320669098532688,,,0.1341860765846669,,,0.1733851603774135,,,,0.1122682384970101,0.1607690267708797,0.1775149038685165,n/a (noise doesn't move it),beyond 25%,,progressive,progressive,,beyond 25%,progressive,progressive,,,
1040,06113,,0,no residential sales in 2024,,,,,,,,,,,,,,,,,,,,,,,,,,,,,,,,,,,,,
1041,55141,WI,1361,ok,acceptable (VEI within +/-10),0.9480851063829788,16.379322529792365,1.0247324122908328,-0.0131468550946734,-2.3203208006150935,0.9185834018265128,0.7935128835824031,0.9171404601690002,-0.0828588926068807,-3.192115665574573e-07,-0.0223578633130137,-0.0233493813595675,,0.1877004618718559,0.1535145399291446,0.0948355678618168,0.0611072358741752,0.151498239815325,0.2450409794481833,0.1594616361528195,0.1594619888224412,0.1415068767647866,0.1485604389430302,0.1524743652333679,n/a (noise doesn't move it),,,,,,,,,,,
1042,34021,NJ,4096,ok,UNACCEPTABLE progressivity,0.5161207821136871,21.981143911820485,0.9459624124544788,0.1143979786410327,44.42540912707957,1.0883648191175888,0.6022554976582537,1.1373077412972932,0.1373129178977126,6.84632437812444e-08,0.0350488721356385,0.0342176056644395,,0.238426069101253,,,,,,,,,,,n/a (noise doesn't move it),,progressive,progressive,progressive,progressive,beyond 25%,progressive,progressive,progressive,progressive,progressive
1043,29149,MO,0,no residential sales in 2024,,,,,,,,,,,,,,,,,,,,,,,,,,,,,,,,,,,,,
1044,26061,MI,427,ok,acceptable (VEI within +/-10),0.7144672897196261,30.91504514067754,1.0512786843640598,0.0132936825759426,6.1736375232747775,0.921704274962288,0.6518395320187224,0.8561279952440797,-0.1438661476414454,-4.2667469363700697e-07,-0.0270728303724885,-0.0247084910182688,,,0.1783603997050597,,,0.1978133971099314,,,,0.1670809568046431,0.1871365744948998,0.1424108401615837,n/a (noise doesn't move it),beyond 25%,,progressive,progressive,,beyond 25%,beyond 25%,beyond 25%,,,
1045,37039,NC,748,ok,acceptable (VEI within +/-10),0.5027142857142857,24.40165866425642,1.0358513694734472,-0.0102504004749401,5.251258278228599,0.963710115534558,0.4491863561107609,0.9165018936297726,-0.0834899842081322,-1.6280210157823196e-07,-0.0116878270914873,-0.0112387840738163,,,0.1669175211551496,0.1492643579087838,,0.126052895824297,,0.2263770792299712,0.2263851990805821,0.0981222573764582,0.107717813714128,0.1008360396010313,n/a (noise doesn't move it),beyond 25%,,,progressive,,beyond 25%,,,,,
1046,37165,NC,431,ok,UNACCEPTABLE regressivity,0.5778666666666666,45.545268824346294,1.2243617574600594,-0.0997873853267945,-27.5875140088338,0.8634994107774048,0.5018208607345659,0.7201536106480956,-0.2798382912132111,-4.80393019587919e-07,-0.0688265044711085,-0.0725972649748023,,,,,,,,,,,,,n/a (noise doesn't move it),beyond 25%,beyond 25%,beyond 25%,beyond 25%,beyond 25%,progressive,beyond 25%,beyond 25%,beyond 25%,beyond 25%,beyond 25%
1047,35035,NM,671,ok,UNACCEPTABLE progressivity,0.687596826049053,30.27069196224735,1.014480993252314,0.1829480527648931,47.63622562297267,0.9358247193809608,0.5992222855430646,0.8518841024245828,-0.1481145952283081,-1.8722477352626407e-07,-0.0154274934732989,-0.0175655698713637,,,0.1110519865173672,,,0.1513754786458209,,,,0.0978461959590051,0.1212270208291541,0.1110726430862529,n/a (noise doesn't move it),beyond 25%,,progressive,progressive,,beyond 25%,beyond 25%,beyond 25%,,,
1048,05125,AR,2,skipped (fewer than 100 sales),,,,,,,,,,,,,,,,,,,,,,,,,,,,,,,,,,,,,
1049,29187,MO,0,no residential sales in 2024,,,,,,,,,,,,,,,,,,,,,,,,,,,,,,,,,,,,,
1050,56041,WY,153,ok,acceptable (VEI significance <= 10),0.8111029745774659,22.38046090036687,1.0211569252328148,0.0627796596416877,22.23033888930211,0.875249489508676,0.6866045359148071,0.8734647880118013,-0.1265345819297244,-3.036729376476682e-07,-0.02781545690657,-0.0310762446369758,,0.2464921252429143,0.1475904494344275,,,0.1331590949975835,,0.1740524485398631,0.1740490679257872,0.1329584124081587,0.1388492158779606,0.1520551072565743,n/a (noise doesn't move it),,,progressive,progressive,,beyond 25%,,,,,
1051,15009,HI,1704,ok,acceptable (VEI within +/-10),0.8334666666666667,21.378920133854685,1.081471750037895,-0.008695543868027,3.4145212406868333,0.8765718513370352,0.5507292926890527,0.901540791446974,-0.0984587469088045,-1.7900987699850463e-08,-0.0534333927059891,-0.0637044513223212,,0.2297947750947334,0.2498089803895693,0.1063115718360922,,,,0.2288551714331849,0.2288542591590708,0.1736295920633979,,,n/a (noise doesn't move it),,,,progressive,beyond 25%,beyond 25%,,,,beyond 25%,beyond 25%
1052,38013,ND,19,skipped (fewer than 100 sales),,,,,,,,,,,,,,,,,,,,,,,,,,,,,,,,,,,,,
1053,47103,TN,576,ok,acceptable (confidence intervals overlap),0.8932511618508789,30.25972992795988,1.0707965901252348,-0.059363795207722,-14.57182026225108,0.9098815072746348,0.9100203432897512,0.8122797969835167,-0.1877213254411381,-2.762395050646333e-07,-0.0329323915398731,-0.0270647066491973,,,0.2152066923012663,0.2165831865313651,0.2166032233820601,0.2245733183052951,0.1034035060534918,,,,0.2369418712291216,0.1782520483033677,n/a (noise doesn't move it),beyond 25%,,,,,,beyond 25%,beyond 25%,beyond 25%,,
1054,06051,,0,no residential sales in 2024,,,,,,,,,,,,,,,,,,,,,,,,,,,,,,,,,,,,,
1055,51610,VA,132,ok,acceptable (VEI significance <= 10),0.88009375,9.701614157329391,1.0340612568649588,-0.0702018519350051,-15.513507919612117,0.8700107945748556,0.752243400127595,0.8887665752222862,-0.1112332818815282,-1.1640240501813877e-07,-0.0356600393005412,-0.0395797700350988,,0.1131764148610401,0.1909654648385937,0.2181172230696562,0.2244529102651589,0.1663012766954615,0.2161100199624686,0.198844560131102,0.198844681422094,0.1291624562066045,0.1740004955849313,0.1778446353289101,n/a (noise doesn't move it),,,,,,,,,,,
1056,55027,WI,1012,ok,acceptable (confidence intervals overlap),0.8932209232613909,16.179466025095525,1.0272905418082483,-0.0179042252050618,-10.677077140897778,0.8873625280283679,0.7362639478157076,0.8868729711703864,-0.1131265271645205,-3.154123690815501e-07,-0.0287294776393696,-0.0307230172402828,,0.187627585170094,0.1565333257535296,0.1015747304624299,0.1701138059948344,0.1573673510372173,,0.1622769152351195,0.1622764196082259,0.1429921915829457,0.1517302790064136,0.1610594259843756,n/a (noise doesn't move it),,,,,,beyond 25%,,,,,
1057,39167,OH,0,no residential sales in 2024,,,,,,,,,,,,,,,,,,,,,,,,,,,,,,,,,,,,,
1058,21147,KY,186,ok,acceptable (VEI within +/-10),0.8908730158730158,48.58336525941279,2.515086633892287,-0.0530761956429711,0.9533415209911138,0.5452036878988165,0.0016935404520947,0.6765254898521951,-0.3234492318476649,-9.128628054174841e-08,-0.3370591677919865,-0.5557039062747011,,,,,0.0638758623567817,,,,,0.111508914785428,,,n/a (noise doesn't move it),beyond 25%,beyond 25%,beyond 25%,,beyond 25%,beyond 25%,beyond 25%,beyond 25%,,beyond 25%,beyond 25%
1059,29133,MO,0,no residential sales in 2024,,,,,,,,,,,,,,,,,,,,,,,,,,,,,,,,,,,,,
1060,13039,GA,894,ok,acceptable (VEI within +/-10),0.923280079659831,11.360879679136051,1.0203833544634695,0.0051841106027006,1.843894124703752,0.922510275191432,0.6110378386668228,0.9483268414485956,-0.0516721421274221,-7.910845451123673e-08,-0.0190755149875423,-0.0233685706757251,,0.1358265290947684,0.1395641343450347,,,0.1263050132120893,,0.0987153239500438,0.0987145257536804,0.0930218299003188,0.1189109841885007,0.1372336185397653,n/a (noise doesn't move it),,,progressive,progressive,,beyond 25%,,,,,
1061,55047,WI,499,ok,acceptable (confidence intervals overlap),0.8785465465465465,41.22156974286108,1.34310147879388,-0.0620641773234536,-17.5863421566004,0.7124195211913746,0.302907994445197,0.7316528278450091,-0.2683458781994924,-1.9832626119911399e-07,-0.1584341579249739,-0.2153827648507296,,,,,,,,,,0.2268737929974402,,,n/a (noise doesn't move it),beyond 25%,beyond 25%,beyond 25%,beyond 25%,beyond 25%,beyond 25%,beyond 25%,beyond 25%,,beyond 25%,beyond 25%
1062,48083,TX,48,skipped (fewer than 100 sales),,,,,,,,,,,,,,,,,,,,,,,,,,,,,,,,,,,,,
1063,36109,NY,279,ok,acceptable (VEI within +/-10),0.9417304296645084,10.8485533951162,1.0214942490894707,-0.0140442162595154,-3.347427079499441,0.9440022536817498,0.7928566990552972,0.9584193910741056,-0.0415794883439547,-6.479154100405131e-08,-0.0186044508557223,-0.0181434352764553,,0.1347381221546053,0.1243131937955828,0.1187605934148603,0.136627386674934,0.1395325205264355,,0.1435494703325797,0.1435421935469196,0.0954065502710252,0.1435076262656219,0.1331593289126161,n/a (noise doesn't move it),,,,,,beyond 25%,,,,,
1064,29041,MO,0,no residential sales in 2024,,,,,,,,,,,,,,,,,,,,,,,,,,,,,,,,,,,,,
1065,23023,ME,0,no residential sales in 2024,,,,,,,,,,,,,,,,,,,,,,,,,,,,,,,,,,,,,
1066,48453,,0,no residential sales in 2024,,,,,,,,,,,,,,,,,,,,,,,,,,,,,,,,,,,,,
1067,08077,CO,2457,ok,UNACCEPTABLE progressivity,0.7586571428571428,14.848505637733684,0.9953374059464448,0.0957621626287242,35.176221617820325,1.0342262430288214,0.6367694042449081,1.0845849268010412,0.0845867863218984,8.052228519127971e-09,0.0095396603404818,0.004115859220668,,0.1708651329648115,,,,,,,,,,,n/a (noise doesn't move it),,progressive,progressive,progressive,progressive,beyond 25%,progressive,progressive,progressive,progressive,progressive
1068,27071,MN,214,ok,acceptable (confidence intervals overlap),0.8275115207373271,24.147124087706423,1.062446953754751,-0.028280531138369,-14.029041219434644,0.9266567915972695,0.6944341875053271,0.863035186160674,-0.1369635337187535,-3.188367910001251e-07,-0.0308610911716793,-0.0356174843987191,,,0.2242632627391581,0.1791223645338456,0.1861130048263553,0.2028631567259479,,,,0.2093014411811183,0.1860645215578811,0.1946589306566098,n/a (noise doesn't move it),beyond 25%,,,,,beyond 25%,beyond 25%,beyond 25%,,,
1069,53065,WA,577,ok,acceptable (VEI within +/-10),0.8081527175725242,21.752607760903413,1.0406505189284434,-0.0055821526927981,6.6217472370997115,0.9145079098326684,0.6356514277206957,0.914248310738713,-0.0857500747819979,-1.955162115939713e-07,-0.0281683803864409,-0.0337339388966706,,0.2244189586259865,0.199464219216416,0.0620573697237962,,0.1952610790155169,,0.1933042894562412,0.1933072614096372,0.1361421801973132,0.1785772666783372,0.1926729155037711,n/a (noise doesn't move it),,,,progressive,,beyond 25%,,,,,
1070,46115,SD,0,no residential sales in 2024,,,,,,,,,,,,,,,,,,,,,,,,,,,,,,,,,,,,,
1071,37005,NC,421,ok,acceptable (VEI within +/-10),0.5505766062602966,45.12918176824111,1.1799991504913108,-0.0700898207764684,-9.189636146378811,0.9082041119532916,0.4138517453665328,0.745544699993782,-0.254451334776385,-2.700027506016802e-07,-0.0445491494214054,-0.0452787456283056,,,,,0.2164822079484085,,,,,0.2275059958727532,,0.2337252074670973,n/a (noise doesn't move it),beyond 25%,beyond 25%,beyond 25%,,beyond 25%,beyond 25%,beyond 25%,beyond 25%,,beyond 25%,
1072,48255,TX,42,skipped (fewer than 100 sales),,,,,,,,,,,,,,,,,,,,,,,,,,,,,,,,,,,,,
1073,20123,,0,no residential sales in 2024,,,,,,,,,,,,,,,,,,,,,,,,,,,,,,,,,,,,,
1074,21169,KY,0,no residential sales in 2024,,,,,,,,,,,,,,,,,,,,,,,,,,,,,,,,,,,,,
1075,13119,GA,316,ok,UNACCEPTABLE progressivity,0.7319435164835165,33.25001230485095,1.0321115142339825,0.0809001087696374,33.07835011980737,0.9657929691467896,0.5201659992712042,0.9772626660751514,-0.0227293922490953,-1.0432265640321345e-07,-0.013455148035963,-0.031872397057012,,,0.1670139202825498,,,0.1553922730328806,,0.1251455756306994,0.1251035129835993,0.132857383190708,0.1506008871004817,0.2132095968829729,n/a (noise doesn't move it),beyond 25%,,progressive,progressive,,beyond 25%,,,,,
1076,19127,IA,0,no residential sales in 2024,,,,,,,,,,,,,,,,,,,,,,,,,,,,,,,,,,,,,
1077,23017,ME,0,no residential sales in 2024,,,,,,,,,,,,,,,,,,,,,,,,,,,,,,,,,,,,,
1078,27007,MN,504,ok,acceptable (VEI within +/-10),0.9023395721925134,18.214552391035255,1.0280110006544845,0.0384298946032948,8.071610242734039,0.9372283880949536,0.6728724323968551,1.029542056586565,0.0295460902663112,-3.162979330407913e-08,-0.0244987607410007,-0.0353307513541285,,0.2022377341867293,0.1517755352320621,,,0.1899193668629013,,,,0.1104332591597894,0.1865996821757226,0.2114504891784188,n/a (noise doesn't move it),,,progressive,progressive,,beyond 25%,progressive,progressive,,,
1079,27173,MN,87,skipped (fewer than 100 sales),,,,,,,,,,,,,,,,,,,,,,,,,,,,,,,,,,,,,
1080,48251,,0,no residential sales in 2024,,,,,,,,,,,,,,,,,,,,,,,,,,,,,,,,,,,,,
1081,37199,NC,0,no residential sales in 2024,,,,,,,,,,,,,,,,,,,,,,,,,,,,,,,,,,,,,
1082,56035,WY,68,skipped (fewer than 100 sales),,,,,,,,,,,,,,,,,,,,,,,,,,,,,,,,,,,,,
1083,05071,AR,0,no residential sales in 2024,,,,,,,,,,,,,,,,,,,,,,,,,,,,,,,,,,,,,
1084,53017,WA,542,ok,acceptable (VEI significance <= 10),0.8935715045444346,18.005885071978827,1.0394014487559744,0.0017288973050587,-14.039569565599567,0.9298997478200132,0.5461526143574127,0.9568262378315288,-0.0431722474904008,-1.047571847063952e-07,-0.0228770353046725,-0.0334317868290348,,0.217132496696979,0.1829257126924685,0.0511893791873664,0.1968244095800744,0.1465550194207258,,0.1415120952154053,0.1415065712057938,0.1189905889603605,0.1369445275908656,0.1809967985815554,n/a (noise doesn't move it),,,,,,beyond 25%,,,,,
1085,16073,ID,186,ok,UNACCEPTABLE regressivity,1.0673418890666642,58236.092511275994,3859.4154367772608,-185.95713939470977,-125286.45619069164,0.0465077503237844,-0.0028792813164799,-0.0280076204227585,-1.0279828812130682,-3.5004041186969056e-05,-0.8224323886869371,-0.8714655783090601,,,,,,,,,,,,,n/a (noise doesn't move it),beyond 25%,beyond 25%,progressive,beyond 25%,beyond 25%,beyond 25%,beyond 25%,beyond 25%,beyond 25%,beyond 25%,beyond 25%
1086,48227,TX,285,ok,acceptable (confidence intervals overlap),0.7934275378195187,34.891025012115215,1.7882059646775712,-0.0130235935151109,19.072889076525485,0.4320840284001947,0.010852906663001,0.4698799770683078,-0.5301219761352683,-3.7316578189465296e-08,-0.3389853529448552,-0.4455472215814089,,,,0.1414481542022161,,,,,,0.0967152148168682,,,n/a (noise doesn't move it),beyond 25%,beyond 25%,,progressive,beyond 25%,beyond 25%,beyond 25%,beyond 25%,,beyond 25%,beyond 25%
1087,40071,OK,715,ok,acceptable (VEI significance <= 10),0.894810606060606,31.784590776645825,1.11349912266347,-0.06785753086069,-26.150242989788893,0.8821946842736446,0.7005602623167149,0.8029398299245617,-0.1970610205826398,-6.596407284921732e-07,-0.0495845550383315,-0.0542776070718791,,,,,,,,,,,,,n/a (noise doesn't move it),beyond 25%,beyond 25%,beyond 25%,beyond 25%,beyond 25%,beyond 25%,beyond 25%,beyond 25%,beyond 25%,beyond 25%,beyond 25%
1088,19027,IA,290,ok,acceptable (VEI significance <= 10),0.8377054093567251,18.513500076182392,1.0670503475127069,-0.0501743444341335,-10.85914072398706,0.8841832262122632,0.5757814557494296,0.8795946825823744,-0.1204026046540422,-4.3287697589626074e-07,-0.0415746522583553,-0.0533295565644509,,0.2114418653857706,0.2340367938171371,0.2197543152629187,0.2053019340433566,0.2229640501792585,,0.2259830103170521,0.2259787253181813,0.1723755225330898,0.2241623411979623,0.2387127636101759,n/a (noise doesn't move it),,,,,,beyond 25%,,,,,
1089,28023,,0,no residential sales in 2024,,,,,,,,,,,,,,,,,,,,,,,,,,,,,,,,,,,,,
1090,37133,NC,4415,ok,UNACCEPTABLE progressivity,0.747272972972973,12.221271659211668,1.0247204190101828,0.0444563776405576,16.023476985161466,0.957319409178442,0.3695674573022221,1.0195740368954145,0.019576535915259,-6.762164932979812e-09,-0.0123076325499247,-0.0225734953788341,,0.1457882290911125,0.1617196302550649,,,0.1151200805237382,,,,0.0652108644622992,0.1136732256590876,0.1363782577779184,n/a (noise doesn't move it),,,progressive,progressive,,beyond 25%,progressive,progressive,,,
1091,56045,WY,74,skipped (fewer than 100 sales),,,,,,,,,,,,,,,,,,,,,,,,,,,,,,,,,,,,,
1092,53037,,0,no residential sales in 2024,,,,,,,,,,,,,,,,,,,,,,,,,,,,,,,,,,,,,
1093,37111,NC,555,ok,acceptable (confidence intervals overlap),0.5993373493975903,44.12767049261195,1.1723348400623963,-0.0513712616286365,-25.805429061283913,0.9164969947810178,0.3975920642935569,0.7952373529805418,-0.2047608987904332,-1.01609968769235e-07,-0.0441110418431258,-0.0656260830559518,,,,,,,,,,0.1871907182664167,0.2406384950012902,,n/a (noise doesn't move it),beyond 25%,beyond 25%,beyond 25%,beyond 25%,beyond 25%,beyond 25%,beyond 25%,beyond 25%,,,beyond 25%
1094,21013,KY,220,ok,acceptable (VEI within +/-10),1.0,0.0,1.0,-0.0,0.0,1.0,1.0,0.9999999999999998,-0.0,-4.595311354987402e-22,0.0,0.0,0.0,0.0,0.0,0.0,0.0,0.0,0.0,0.0,0.0,0.0,0.0,0.0,,,,,,,,,,,,
1095,27059,MN,0,no residential sales in 2024,,,,,,,,,,,,,,,,,,,,,,,,,,,,,,,,,,,,,
1096,51073,VA,491,ok,acceptable (VEI within +/-10),0.8204782608695652,12.495246328630008,1.025231160448724,-0.0164916445484694,0.3894306926396721,0.9074793147470628,0.6553218565562559,0.9292485765639572,-0.0707502736692908,-1.2420152195995088e-07,-0.0244757653558065,-0.0272081958824133,,0.1444916448480976,0.1486433738106239,0.0830859784676482,,0.1253069385753865,,0.1278994559713121,0.1278978412611834,0.1013727744853095,0.1286693441463014,0.1433475741164552,n/a (noise doesn't move it),,,,progressive,,beyond 25%,,,,,
1097,48411,TX,19,skipped (fewer than 100 sales),,,,,,,,,,,,,,,,,,,,,,,,,,,,,,,,,,,,,
1098,39079,OH,0,no residential sales in 2024,,,,,,,,,,,,,,,,,,,,,,,,,,,,,,,,,,,,,
1099,26159,MI,1127,ok,acceptable (VEI significance <= 10),0.83,32.399375327909205,1.0855720110447338,-0.0419726108890287,-11.34025791560038,0.9017670014696066,0.7720643377928436,0.821001852758215,-0.1789957435419185,-4.233930867860072e-07,-0.0353517882762866,-0.0315986458578136,,,,0.2394747487010085,0.2398393220180844,0.2335508791720592,,,,0.233429565486714,0.2167701486080998,0.1981494396226726,n/a (noise doesn't move it),beyond 25%,beyond 25%,,,,beyond 25%,beyond 25%,beyond 25%,,,
1100,20075,,0,no residential sales in 2024,,,,,,,,,,,,,,,,,,,,,,,,,,,,,,,,,,,,,
1101,18039,IN,1985,ok,acceptable (confidence intervals overlap),0.7952727272727272,25.02918191383818,1.035485689133386,0.0416299941485852,14.3257871302701,0.9285185212772328,0.5778570734101791,0.9166376758546364,-0.0833576408824065,-2.0443728726551394e-07,-0.0220137567659945,-0.0271927387023918,,,0.1763309189551038,,,0.1608070016664659,,0.1999038041051068,0.1999073030399182,0.1459279546546172,0.1515181551630056,0.1676170546636997,n/a (noise doesn't move it),beyond 25%,,progressive,progressive,,beyond 25%,,,,,
1102,13059,GA,1448,ok,acceptable (VEI within +/-10),0.9237624242424244,11.273936169416675,1.0482774254169402,0.0051939741746692,4.071497893061942,0.9041228357543956,0.610460734792325,0.96524188113651,-0.0347573981976217,-7.888956260754419e-09,-0.0352952211329304,-0.0449719400077153,,0.1368919867562426,0.20354705742685,,,0.1891380915523871,,0.0963556838624191,0.0963549198044229,0.1128547107076152,0.1875944803101157,0.2212572452283628,n/a (noise doesn't move it),,,progressive,progressive,,beyond 25%,,,,,
1103,54045,WV,281,ok,UNACCEPTABLE regressivity,0.681,68.94466866777694,1.5305738508701912,-0.2896580838650628,-110.15373006011772,0.534665435558588,0.3039095044185466,0.5079833620293782,-0.4920001243876314,-3.137689182180014e-06,-0.2168617528552374,-0.2295535583280814,,,,,,,,,,,,,n/a (noise doesn't move it),beyond 25%,beyond 25%,beyond 25%,beyond 25%,beyond 25%,beyond 25%,beyond 25%,beyond 25%,beyond 25%,beyond 25%,beyond 25%
1104,51053,VA,303,ok,acceptable (VEI within +/-10),0.5575,21.85869338012794,1.0354790966224643,-0.0147584919679498,0.8460638420646064,0.934180119998386,0.4496844184738593,0.8908090551169255,-0.1091849620185019,-3.1305336318779137e-07,-0.0165113340701281,-0.0155976060374067,,0.2311212217539884,0.1676861708118174,0.102890268335886,,0.1109123067094251,,0.1898688645387039,0.1898596497487599,0.1084912744182894,0.10362661723072,0.1075843740455466,n/a (noise doesn't move it),,,,progressive,,beyond 25%,,,,,
1105,17157,IL,312,ok,acceptable (VEI significance <= 10),0.8813986915146709,33.70082628577702,1.23814435556903,-0.1116802869368737,-18.881413546437415,0.6940028543744632,0.3294776890059325,0.7512605314185408,-0.2487311136120021,-1.128999965181286e-06,-0.1344442584087897,-0.1663180930443517,,,,,0.2481517349146372,,,,,0.2252869189797448,,,n/a (noise doesn't move it),beyond 25%,beyond 25%,beyond 25%,,beyond 25%,beyond 25%,beyond 25%,beyond 25%,,beyond 25%,beyond 25%
1106,19185,IA,0,no residential sales in 2024,,,,,,,,,,,,,,,,,,,,,,,,,,,,,,,,,,,,,
1107,22067,,0,no residential sales in 2024,,,,,,,,,,,,,,,,,,,,,,,,,,,,,,,,,,,,,
1108,06103,,0,no residential sales in 2024,,,,,,,,,,,,,,,,,,,,,,,,,,,,,,,,,,,,,
1109,23029,ME,0,no residential sales in 2024,,,,,,,,,,,,,,,,,,,,,,,,,,,,,,,,,,,,,
1110,21237,KY,85,skipped (fewer than 100 sales),,,,,,,,,,,,,,,,,,,,,,,,,,,,,,,,,,,,,
1111,20087,KS,194,ok,acceptable (VEI within +/-10),0.8358310476864872,19.229213298854187,1.0281090956926957,-0.0037749441798016,-6.167671609740251,0.8862993210240733,0.8152747467744242,0.8712734799350823,-0.1287253078728448,-2.725714473545013e-07,-0.0315595820805254,-0.0309317481603739,,0.2364834417449486,0.1746346377845351,0.1103201664443536,0.1747629383415314,0.1711734685340227,0.1885243331632897,0.200333417157047,0.200333057072132,0.1620323028821134,0.1733157243077646,0.1763015354542027,n/a (noise doesn't move it),,,,,,,,,,,
1112,05009,AR,0,no residential sales in 2024,,,,,,,,,,,,,,,,,,,,,,,,,,,,,,,,,,,,,
1113,13089,,0,no residential sales in 2024,,,,,,,,,,,,,,,,,,,,,,,,,,,,,,,,,,,,,
1114,12059,FL,125,ok,acceptable (confidence intervals overlap),0.5705633333333333,49.52189669305384,1.172467136537216,-0.1305158980766035,-17.627248664010715,0.8098681684976748,0.5088942335045404,0.714582282062216,-0.2854115294382932,-1.5454527686211217e-06,-0.0680633205575296,-0.0562689934513906,,,,,,,,,,0.2449785400368815,0.2432703600529175,0.2226676246042124,n/a (noise doesn't move it),beyond 25%,beyond 25%,beyond 25%,beyond 25%,beyond 25%,beyond 25%,beyond 25%,beyond 25%,,,
1115,26017,MI,1377,ok,acceptable (VEI significance <= 10),0.8414285714285714,23.024854030865203,1.0481704055222074,-0.0366114899269107,-23.537500089240112,0.907435227978347,0.7592306934244627,0.8797644295652726,-0.1202312816967045,-5.793066351599399e-07,-0.0297511688969929,-0.0280186315172725,,0.2412067934671365,0.2053930819334297,0.1874740952564351,0.230484440999753,0.1977924005982152,,0.2253783206229717,0.2253726095736228,0.1907910393405658,0.1925896311603364,0.1784853802419764,n/a (noise doesn't move it),,,,,,beyond 25%,,,,,
1116,13099,GA,84,skipped (fewer than 100 sales),,,,,,,,,,,,,,,,,,,,,,,,,,,,,,,,,,,,,
1117,47041,TN,0,no residential sales in 2024,,,,,,,,,,,,,,,,,,,,,,,,,,,,,,,,,,,,,
1118,27145,MN,1855,ok,acceptable (VEI within +/-10),0.8844444444444445,11.47688932186314,1.0079465210383949,0.0168550325170127,3.4078253332131574,0.9747807222999364,0.8097115164010885,0.986028461417804,-0.0139706486157869,-4.353173867149465e-08,-0.0072094449996653,-0.0097172957805466,,0.1401169371593232,0.1005342565309901,,,0.0808030271597565,0.1952500805431924,0.0599525551313969,0.0599515775367759,0.0660881626879731,0.0696372377458568,0.0931329694289918,n/a (noise doesn't move it),,,progressive,progressive,,,,,,,
1119,35025,NM,542,ok,UNACCEPTABLE progressivity,0.609541298948602,36.21418722863285,1.9884171718037025,0.1526701430396363,75.59019240882404,0.4856281047088683,0.0211139416854767,0.8556450430819679,-0.1443419085365721,-5.823617118411863e-09,-0.3368071841470403,-0.4857895381403529,,,,,,,,,,0.0427891698868908,,,n/a (noise doesn't move it),beyond 25%,beyond 25%,progressive,progressive,beyond 25%,beyond 25%,beyond 25%,beyond 25%,,beyond 25%,beyond 25%
1120,17193,IL,0,no residential sales in 2024,,,,,,,,,,,,,,,,,,,,,,,,,,,,,,,,,,,,,
1121,23001,ME,0,no residential sales in 2024,,,,,,,,,,,,,,,,,,,,,,,,,,,,,,,,,,,,,
1122,55087,WI,2469,ok,UNACCEPTABLE progressivity,0.7684615384615384,31.300280695036452,1.0237546796688568,0.1426387790070188,57.974024141858955,0.8528718440490689,0.5769264840111654,1.0086433582287992,0.008724813453232,-1.8855736440765995e-07,-0.0404060916316602,-0.0442492310576019,,,0.1498222690464462,,,,,,,0.1369132831963491,0.2175351671262086,0.2069446826194012,n/a (noise doesn't move it),beyond 25%,,progressive,progressive,beyond 25%,beyond 25%,progressive,progressive,,,
1123,47009,TN,0,no residential sales in 2024,,,,,,,,,,,,,,,,,,,,,,,,,,,,,,,,,,,,,
1124,28095,,0,no residential sales in 2024,,,,,,,,,,,,,,,,,,,,,,,,,,,,,,,,,,,,,
1125,48277,TX,357,ok,UNACCEPTABLE progressivity,0.8587957210474303,31.70034012587358,1.0443766589724257,0.0851587267917375,26.77561544444254,0.9016290635052816,0.5839074304434397,0.8660828114441724,-0.1339164946026734,-2.664575044480896e-07,-0.031395463907708,-0.0350539265651521,,,0.1976078018872318,,,0.2220292876413026,,,,0.1700567072110384,0.2111991545469042,0.2099701286911202,n/a (noise doesn't move it),beyond 25%,,progressive,progressive,,beyond 25%,beyond 25%,beyond 25%,,,
1126,27051,MN,118,ok,acceptable (confidence intervals overlap),0.8610321744763549,30.86070719859616,1.2019516147108724,-0.0901055227409982,-14.524204188791668,0.7986704626165373,0.2822106560957929,0.7632202485673191,-0.2367735888657236,-4.620633356226919e-07,-0.0907265075938352,-0.1242672456435662,,,,,,,,,,0.2349413778029297,,,n/a (noise doesn't move it),beyond 25%,beyond 25%,beyond 25%,beyond 25%,beyond 25%,beyond 25%,beyond 25%,beyond 25%,,beyond 25%,beyond 25%
1127,38061,ND,84,skipped (fewer than 100 sales),,,,,,,,,,,,,,,,,,,,,,,,,,,,,,,,,,,,,
1128,51179,VA,2162,ok,acceptable (VEI within +/-10),0.843641891891892,8.328355272937218,0.9943054608862848,0.0418741836412322,9.905789929656846,1.039475175191307,0.9294075625216418,1.023031875226684,0.0230322598624574,3.533222714494056e-09,0.008314719267068,0.0087576533992043,,0.1028289003277139,,,,,0.1357365376710722,,,,,,n/a (noise doesn't move it),,progressive,progressive,progressive,progressive,,progressive,progressive,progressive,progressive,progressive
1129,28117,MS,145,ok,acceptable (confidence intervals overlap),0.4263861554813086,40.45308621912295,1.119605542490085,-0.0582196317975684,-26.82553496966634,0.7640625633440257,0.3427485327648005,0.5042015693100637,-0.4958078394696607,-6.322321731683248e-07,-0.0757912670652771,-0.0623904797595513,,,,,,,,,,0.1410887862006946,,,n/a (noise doesn't move it),beyond 25%,beyond 25%,beyond 25%,beyond 25%,beyond 25%,beyond 25%,beyond 25%,beyond 25%,,beyond 25%,beyond 25%
1130,12007,FL,285,ok,acceptable (confidence intervals overlap),0.7128089171974522,31.964630326134152,1.0959768578944784,-0.1180239945620971,-20.460754633056517,0.8326049260075914,0.5911701678350706,0.7456539017471329,-0.2543456190213584,-8.94388004132706e-07,-0.0522168111662091,-0.04865422279403,,,0.2496696897812806,,,0.2343441636222816,,,,0.2207525417696537,0.2288864427288606,0.2177185035292152,n/a (noise doesn't move it),beyond 25%,,beyond 25%,beyond 25%,,beyond 25%,beyond 25%,beyond 25%,,,
1131,17101,IL,58,skipped (fewer than 100 sales),,,,,,,,,,,,,,,,,,,,,,,,,,,,,,,,,,,,,
1132,53071,WA,651,ok,acceptable (VEI within +/-10),0.9159102902374672,11.399438035109911,1.0196939194690966,-0.015298257365798,-0.364481367974745,0.9053740585865504,0.7776075162365247,0.935838598813924,-0.0641607717042202,-1.4931201023561877e-07,-0.0244390925966517,-0.0266992131138656,,0.1390004943341592,0.1339453412015724,0.0917925273084399,0.0082915297458929,0.1347323451617139,0.2294884890257043,0.1305959270970374,0.1305953921055081,0.1167764265503131,0.1342786701634778,0.1381748819993381,n/a (noise doesn't move it),,,,,,,,,,,
1133,12079,FL,127,ok,acceptable (confidence intervals overlap),0.808301754385965,37.651886538414445,1.1868559994266874,-0.0648921249615385,-12.276281909186864,0.8396259586296193,0.4890707324623405,0.8047277191878446,-0.19527004321459,-3.28376954597102e-07,-0.0756758523120884,-0.087533965715471,,,,,0.1855587964789776,,,,,0.2166738567120631,,,n/a (noise doesn't move it),beyond 25%,beyond 25%,beyond 25%,,beyond 25%,beyond 25%,beyond 25%,beyond 25%,,beyond 25%,beyond 25%
1134,21127,,0,no residential sales in 2024,,,,,,,,,,,,,,,,,,,,,,,,,,,,,,,,,,,,,
1135,37105,NC,1367,ok,acceptable (confidence intervals overlap),0.6466830466830467,49.97770770525216,1.4595551542778695,0.0169927729068244,25.87317621472653,0.4769437852867089,0.0435895771571397,0.5446175625837875,-0.4553595241906077,-1.073877678418328e-07,-0.2492590246742692,-0.3085657846666927,,,,,,,,,,0.1467343262591463,,,n/a (noise doesn't move it),beyond 25%,beyond 25%,progressive,progressive,beyond 25%,beyond 25%,beyond 25%,beyond 25%,,beyond 25%,beyond 25%
1136,05145,AR,0,no residential sales in 2024,,,,,,,,,,,,,,,,,,,,,,,,,,,,,,,,,,,,,
1137,41007,OR,581,ok,acceptable (VEI within +/-10),0.99767711327038,12.846632875769458,1.013268341063514,0.0035197293635993,1.9044508422575088,0.9538694936131118,0.9912030405381236,0.9696216645706576,-0.0303753624552164,-3.342295505919114e-08,-0.0145376381443218,-0.0123080831847093,0.129048938059114,0.1528228752067763,0.148139748246671,,,0.147422125242754,0.1127515307023485,0.1208274174381715,0.1208143673136791,0.1473226386775244,0.1496942203027156,0.1427207493377136,,,,progressive,progressive,,,,,,,
1138,47017,TN,0,no residential sales in 2024,,,,,,,,,,,,,,,,,,,,,,,,,,,,,,,,,,,,,
1139,51660,VA,249,ok,acceptable (VEI within +/-10),0.896734693877551,9.64772330746255,1.014512517593576,-0.0148173127071649,1.554119253527541,0.9288888362167336,0.7730450268202989,0.9350600174681684,-0.0649395534784057,-1.4569918099477265e-07,-0.0167239975046684,-0.0191259075896688,,0.1256720771384299,0.1005314541207917,0.1019668507179177,0.0657065589242436,0.1019392850634033,0.2139772820706063,0.1047173237728273,0.1047175742668495,0.1093483956688952,0.1023664982908483,0.1023016821560607,n/a (noise doesn't move it),,,,,,,,,,,
1140,27135,MN,149,ok,acceptable (VEI within +/-10),0.9069664902998236,19.784742995039355,1.053244974726704,-0.0130773272801083,3.589510896526168,0.8792691063445456,0.6394224137633444,0.9244018090817936,-0.0755941028359668,-3.220641280939756e-07,-0.0404416055742926,-0.0500599902969318,,0.2183166776491676,0.2009429086451094,0.2447874269932245,0.1130516587995287,0.2087912032353098,,0.235584932782485,0.2355965261500707,0.1609477597273929,0.2187962626859133,0.2184444267479635,n/a (noise doesn't move it),,,,,,beyond 25%,,,,,
1141,19135,IA,0,no residential sales in 2024,,,,,,,,,,,,,,,,,,,,,,,,,,,,,,,,,,,,,
1142,21029,KY,1355,ok,acceptable (VEI within +/-10),0.7098884186225471,26.25934484195085,1.063498076088908,0.0173835244823803,5.2525966770346955,0.8260482098374322,0.2062072386227046,0.8860999368779386,-0.1138907003234108,-2.0915995951411029e-07,-0.0501818327530401,-0.0600994813801867,,,0.2265951734472979,,,0.2413727906298466,,0.2347540608510754,0.2347359307313111,0.1144463800807368,0.2090595467771894,0.2336222557727723,n/a (noise doesn't move it),beyond 25%,,progressive,progressive,,beyond 25%,,,,,
1143,21195,KY,524,ok,UNACCEPTABLE regressivity,0.7937266580195824,74.69411109219223,1.5726993279008727,-0.1749289063272664,-37.43806892576467,0.6958822047529509,0.3134581896871325,0.6141704128251282,-0.3858224667115092,-1.9619676554217243e-06,-0.161732798126172,-0.1805226562383581,,,,,,,,,,,,,n/a (noise doesn't move it),beyond 25%,beyond 25%,beyond 25%,beyond 25%,beyond 25%,beyond 25%,beyond 25%,beyond 25%,beyond 25%,beyond 25%,beyond 25%
1144,30061,MT,0,no residential sales in 2024,,,,,,,,,,,,,,,,,,,,,,,,,,,,,,,,,,,,,
1145,12021,,0,no residential sales in 2024,,,,,,,,,,,,,,,,,,,,,,,,,,,,,,,,,,,,,
1146,05079,AR,1,skipped (fewer than 100 sales),,,,,,,,,,,,,,,,,,,,,,,,,,,,,,,,,,,,,
1147,21219,KY,46,skipped (fewer than 100 sales),,,,,,,,,,,,,,,,,,,,,,,,,,,,,,,,,,,,,
1148,20169,KS,634,ok,acceptable (VEI within +/-10),0.8034817291909919,19.780811196231248,1.0334535972069296,-0.0110597404741797,5.137973480885459,0.9016893492118616,0.6893446994129313,0.8921338986104976,-0.1078644866711781,-3.519630741219462e-07,-0.0294715210996865,-0.0322043856644367,,0.2143931163773413,0.1708980664767019,0.0951591180443817,,0.1785050489805779,,0.179084584254573,0.1790829338047848,0.142795068540488,0.1749568283796715,0.1779042288584694,n/a (noise doesn't move it),,,,progressive,,beyond 25%,,,,,
1149,06069,,0,no residential sales in 2024,,,,,,,,,,,,,,,,,,,,,,,,,,,,,,,,,,,,,
1150,37125,NC,1736,ok,acceptable (VEI within +/-10),0.8208619047619048,15.331055763107027,1.0077637143427751,0.0137349307489325,5.480428478932098,0.9765300608898214,0.8654038945274235,0.9714263033732552,-0.0285730320880528,-2.102101663295095e-08,-0.0072078636493109,-0.0083732540353229,,0.1778911149071301,0.0856050768941326,,,0.083475700212134,,0.1114412687065977,0.1114408100870319,0.0823599904800082,0.0801202398580986,0.0831298092009987,n/a (noise doesn't move it),,,progressive,progressive,,beyond 25%,,,,,
1151,21003,KY,331,ok,acceptable (VEI within +/-10),0.5992,54.41122898194438,1.6245843963560038,-0.0128138313935753,-4.324159570370208,0.3504682217635284,-0.0222189784125446,0.1251472219182084,-0.8748428461115587,-4.7338486107971985e-07,-0.3229764541087563,-0.4366331738093998,,,,0.2265322648319834,0.2139536257222676,,,,,0.2105708553388366,,,n/a (noise doesn't move it),beyond 25%,beyond 25%,,,beyond 25%,beyond 25%,beyond 25%,beyond 25%,,beyond 25%,beyond 25%
1152,19181,,0,no residential sales in 2024,,,,,,,,,,,,,,,,,,,,,,,,,,,,,,,,,,,,,
1153,13083,GA,220,ok,acceptable (VEI within +/-10),0.8605172276583819,26.731437556170185,1.1056395434021733,-0.0317810434402371,0.0125972871441825,0.8746332420929427,0.4643985753318365,0.8985408611858021,-0.1014569963768579,-2.029379142680923e-07,-0.0509354912880446,-0.0721163370857638,,,,0.2397362223252832,0.0069392934371181,,,,,0.2015983438044418,0.241273108744744,,n/a (noise doesn't move it),beyond 25%,beyond 25%,,,beyond 25%,beyond 25%,beyond 25%,beyond 25%,,,beyond 25%
1154,16013,ID,219,ok,acceptable (confidence intervals overlap),0.9590594132389798,28.00485359967304,1.2536626377511109,-0.0694749347752451,-11.566033247156074,0.7655556748290131,0.4610520163947649,0.6563805972092066,-0.3436193209238273,-6.40533040090975e-08,-0.1253872676210385,-0.1615250864817172,,,,,0.1834496511328935,,,,,,,,n/a (noise doesn't move it),beyond 25%,beyond 25%,beyond 25%,,beyond 25%,beyond 25%,beyond 25%,beyond 25%,beyond 25%,beyond 25%,beyond 25%
1155,08047,CO,125,ok,UNACCEPTABLE progressivity,0.7951965811965812,21.02239959882376,0.9853373146647036,0.1355603460886263,31.67604996778121,1.1266521768593776,0.8474117090963587,1.0892700966168178,0.0892706555357898,1.2289252095254897e-07,0.0280321221974582,0.0258996304501719,,0.2307949919361429,,,,,0.1921415881189841,,,,,,n/a (noise doesn't move it),,progressive,progressive,progressive,progressive,,progressive,progressive,progressive,progressive,progressive
1156,39129,OH,679,ok,acceptable (VEI within +/-10),0.77865625,20.54894545006985,1.074722519227256,-0.0082409949614861,-8.180365873799548,0.8618795685093744,0.3066898112480514,0.8840792526087559,-0.1159192310314836,-8.510104548513e-08,-0.0459343106078924,-0.0596976920820966,,0.227856695545525,0.2439248089802153,0.0921764037682028,0.1243986848436338,0.2167491514672107,,0.2072225799711756,0.2072220348442858,0.1141822196938627,0.2112455917471708,0.2440853322767568,n/a (noise doesn't move it),,,,,,beyond 25%,,,,,
1157,40139,OK,186,ok,acceptable (VEI within +/-10),0.9049558823529412,22.21325251961661,1.042170714248407,0.0052159268047507,6.511923133017174,0.8665613470627649,0.6972689330389015,0.8612666075131364,-0.1387318201277628,-5.497758271734871e-07,-0.037845778465037,-0.0417263565850645,,0.237110897592205,0.2144901133091578,,,0.2124074660887946,,0.2198935356095264,0.2198929848979096,0.1952254764912188,0.1940476072656352,0.1956651077697988,n/a (noise doesn't move it),,,progressive,progressive,,beyond 25%,,,,,
1158,26151,MI,575,ok,acceptable (VEI significance <= 10),0.8220689655172414,32.15766223837708,1.1050529984620947,-0.0143419868871088,20.966308681019612,0.8296757993988592,0.4327770037815953,0.8448503913556893,-0.1551511259644369,-3.53941913693747e-07,-0.0659134446918914,-0.077383012237342,,,,0.1561923809484793,,,,,,0.1769324097333077,,,n/a (noise doesn't move it),beyond 25%,beyond 25%,,progressive,beyond 25%,beyond 25%,beyond 25%,beyond 25%,,beyond 25%,beyond 25%
1159,39159,OH,0,no residential sales in 2024,,,,,,,,,,,,,,,,,,,,,,,,,,,,,,,,,,,,,
1160,12117,FL,5265,ok,acceptable (VEI within +/-10),0.828511475409836,7.411255462317325,1.0046276636637863,-0.0070195875101759,-3.2778634398565085,0.980584069764789,0.8576904834956205,0.9695190122538748,-0.0304804953886981,-1.125443280269749e-09,-0.0056543474947028,-0.0051925535679493,,0.0908281877154652,0.072066561320045,0.0638569814542074,0.095065972171136,0.0586155051994051,0.2409719755954902,0.0803392611294277,0.0803386718628762,0.0490963515097736,0.0583144557152414,0.0722263351886472,n/a (noise doesn't move it),,,,,,,,,,,
1161,18139,IN,204,ok,acceptable (confidence intervals overlap),0.7322972533185592,39.573993420655114,1.2259945679679027,-0.1499913894101111,-31.859555658507823,0.6761037173475049,0.2573699448356867,0.608015013423725,-0.3919833340686457,-6.07892257989541e-07,-0.1269183168078849,-0.1446828778378637,,,,,,,,,,0.2144246719740243,,,n/a (noise doesn't move it),beyond 25%,beyond 25%,beyond 25%,beyond 25%,beyond 25%,beyond 25%,beyond 25%,beyond 25%,,beyond 25%,beyond 25%
1162,53029,WA,1290,ok,acceptable (VEI significance <= 10),0.910393166700262,10.09956680793137,1.0270179633799037,-0.0232706308604933,-13.45411950523918,0.8807100621511575,0.7242530863185405,0.932601490909786,-0.0673923015995788,-1.0009557850915085e-07,-0.032358141153834,-0.0364496040255446,,0.124687257168701,0.149890456849422,0.1220142991133235,0.1875192137932144,0.1555399904758758,,0.1309976798998129,0.1309948343227795,0.1280159152862474,0.158732466442951,0.1801807832452608,n/a (noise doesn't move it),,,,,,beyond 25%,,,,,
1163,48313,TX,44,skipped (fewer than 100 sales),,,,,,,,,,,,,,,,,,,,,,,,,,,,,,,,,,,,,
1164,53055,,0,no residential sales in 2024,,,,,,,,,,,,,,,,,,,,,,,,,,,,,,,,,,,,,
1165,13261,GA,336,ok,UNACCEPTABLE regressivity,0.6571168831168831,42.24170415586837,1.3054231262658782,-0.1802087924579871,-63.99903244156411,0.7500281893684784,0.3300888545382108,0.6890834052801227,-0.3109129869762316,-1.0479700431565986e-06,-0.1185937826405216,-0.1452306925292508,,,,,,,,,,0.2404483252646786,,,n/a (noise doesn't move it),beyond 25%,beyond 25%,beyond 25%,beyond 25%,beyond 25%,beyond 25%,beyond 25%,beyond 25%,,beyond 25%,beyond 25%
1166,39019,OH,0,no residential sales in 2024,,,,,,,,,,,,,,,,,,,,,,,,,,,,,,,,,,,,,
1167,39031,OH,545,ok,acceptable (confidence intervals overlap),0.6814876033057852,40.90183740043269,1.1951539507245978,-0.0457223809716496,-16.306483951815007,0.771310819375199,0.3008022969855063,0.7409728622818862,-0.2590190242783543,-4.730521545318278e-07,-0.1000518265584093,-0.1216225854335391,,,,0.2339646571426046,,,,,,0.2102669022389074,,,n/a (noise doesn't move it),beyond 25%,beyond 25%,,beyond 25%,beyond 25%,beyond 25%,beyond 25%,beyond 25%,,beyond 25%,beyond 25%
1168,36039,NY,711,ok,acceptable (confidence intervals overlap),0.8594866666666666,27.90078647286886,1.131754373846367,-0.0780276285457554,-10.097070336018255,0.7771736651235102,0.5695004163872217,0.7360774099698704,-0.2639219936338499,-2.168451818733173e-07,-0.0881715764215727,-0.0961116363472511,,,,,0.196715285279051,,,,,,,,n/a (noise doesn't move it),beyond 25%,beyond 25%,beyond 25%,,beyond 25%,beyond 25%,beyond 25%,beyond 25%,beyond 25%,beyond 25%,beyond 25%
1169,18159,IN,210,ok,acceptable (VEI within +/-10),0.7105627530364372,28.12179171402904,1.1474668288250185,-0.0530689877521649,2.670586150920493,0.7047618503571227,0.249730170912367,0.7941640374283145,-0.2058285178837206,-3.339626767036409e-07,-0.1061126499447782,-0.1261376546774777,,,,0.2101189425193401,0.1361676551032161,,,,,0.1554719792212374,,,n/a (noise doesn't move it),beyond 25%,beyond 25%,,,beyond 25%,beyond 25%,beyond 25%,beyond 25%,,beyond 25%,beyond 25%
1170,34007,NJ,5920,ok,UNACCEPTABLE progressivity,0.4952315789473684,18.682789943563353,1.0167959511277118,0.0482995431876321,18.95976671964444,0.9579711922241084,0.2417099673237679,1.0036030153801971,0.0036088034340552,-9.166501587743046e-09,-0.0126870482110763,-0.0165729144121629,,0.209739440171507,0.1160392234287973,,,0.1083814842192103,,,,0.0410326782722551,0.1065091136916952,0.1134639384634707,n/a (noise doesn't move it),,,progressive,progressive,,beyond 25%,progressive,progressive,,,
1171,18041,IN,337,ok,acceptable (VEI within +/-10),0.8153553299492385,31.234148630901412,1.1517842742020623,-0.0739551866778795,-8.17473915258064,0.7217839254898658,0.3167869827440753,0.7415530691238769,-0.2584419876658596,-9.248375504033592e-07,-0.1008917798361541,-0.1175884044266906,,,,,0.1763205285712008,,,,,0.1970967403784612,,,n/a (noise doesn't move it),beyond 25%,beyond 25%,beyond 25%,,beyond 25%,beyond 25%,beyond 25%,beyond 25%,,beyond 25%,beyond 25%
1172,21183,KY,182,ok,acceptable (confidence intervals overlap),0.5609708709314245,40.128369658044065,1.0512340285208268,0.1018515699568554,29.081420502542137,0.8530545881002743,0.4769728671747642,0.7512766640741566,-0.2487239347931547,-5.191712107645614e-07,-0.0455824562744584,-0.0498852724184013,,,0.208086985185207,,,,,,,0.157237561820016,0.2497766976578697,0.1962016832881944,n/a (noise doesn't move it),beyond 25%,,progressive,progressive,beyond 25%,beyond 25%,beyond 25%,beyond 25%,,,
1173,54001,WV,127,ok,UNACCEPTABLE regressivity,0.7766666666666666,66.79838496752008,1.5541731876698377,-0.2268229230757188,-59.57757338804263,0.7165886297338846,0.4188215299596151,0.6470817165735256,-0.3529219946406657,-2.810895255700085e-06,-0.1494557768132518,-0.1721498658961811,,,,,,,,,,,,,n/a (noise doesn't move it),beyond 25%,beyond 25%,beyond 25%,beyond 25%,beyond 25%,beyond 25%,beyond 25%,beyond 25%,beyond 25%,beyond 25%,beyond 25%
1174,47005,TN,0,no residential sales in 2024,,,,,,,,,,,,,,,,,,,,,,,,,,,,,,,,,,,,,
1175,29163,MO,0,no residential sales in 2024,,,,,,,,,,,,,,,,,,,,,,,,,,,,,,,,,,,,,
1176,38041,ND,49,skipped (fewer than 100 sales),,,,,,,,,,,,,,,,,,,,,,,,,,,,,,,,,,,,,
1177,48199,TX,471,ok,acceptable (confidence intervals overlap),0.9006807237887212,23.225022466459208,1.0228803688543524,0.0374136069046969,17.041989699554772,0.9388399005270376,0.7304035935963471,0.9550035326283688,-0.0449956248420536,-2.434301500341106e-07,-0.0177116760475875,-0.0234646742790856,,,0.1445045134782042,,,0.1446705169649328,,0.1528477714506014,0.1528470981864556,0.1344496384218875,0.1405282149796661,0.1440095824886745,n/a (noise doesn't move it),beyond 25%,,progressive,progressive,,beyond 25%,,,,,
1178,20029,,0,no residential sales in 2024,,,,,,,,,,,,,,,,,,,,,,,,,,,,,,,,,,,,,
1179,13163,GA,150,ok,acceptable (VEI within +/-10),0.867577705882353,34.52961168305651,1.0703647220325991,-0.0336060522868575,-7.326627870412839,0.9895846192569812,0.851993735599394,0.8813960015703693,-0.1186039154022132,-1.047550334179247e-07,-0.0054745558228219,0.0083736565160231,,,0.226311305959511,0.2436107133702437,0.1941122193572626,0.1261409482123213,,,,0.2116718511131272,0.0847287416318388,0.086869862356048,n/a (noise doesn't move it),beyond 25%,,,,,beyond 25%,beyond 25%,beyond 25%,,,
1180,31141,NE,395,ok,acceptable (VEI significance <= 10),0.8476244343891403,16.48660053306163,1.046324385214839,0.0165873458899884,16.84638539830158,0.9254994899898674,0.5704009848637102,0.9563499460053736,-0.0436491717368322,-3.418516144976685e-08,-0.0248949980984165,-0.0356091625380474,,0.1804562639274499,0.1741350689917096,,,0.1536978366627958,,0.1400073070251608,0.1400049384285845,0.1477228598653077,0.1519845352165472,0.1820532062066833,n/a (noise doesn't move it),,,progressive,progressive,,beyond 25%,,,,,
1181,48415,TX,137,ok,acceptable (VEI within +/-10),0.7896759442465814,28.15203298979704,1.1073588120242608,0.0151674868631877,3.072791016670436,0.6974453849647728,0.3035882551839025,0.8049629549479393,-0.1950290467913668,-6.489286638181832e-07,-0.1022657977031096,-0.1263957739182717,,,,,,,,,,0.1831946549703643,,,n/a (noise doesn't move it),beyond 25%,beyond 25%,progressive,progressive,beyond 25%,beyond 25%,beyond 25%,beyond 25%,,beyond 25%,beyond 25%
1182,21103,KY,278,ok,acceptable (confidence intervals overlap),0.759831560283688,36.986890565815855,1.2318605811573278,-0.018920421231977,-15.544866888512257,0.5969696784297698,0.1527882045298754,0.7343004884913249,-0.2656317873944044,-5.720303234329175e-07,-0.1644219386402032,-0.2141774814341874,,,,0.2254142953636984,,,,,,0.1877131007487892,,,n/a (noise doesn't move it),beyond 25%,beyond 25%,,beyond 25%,beyond 25%,beyond 25%,beyond 25%,beyond 25%,,beyond 25%,beyond 25%
1183,51620,VA,166,ok,acceptable (VEI within +/-10),0.8871127531472359,31.827066675096557,1.1432151573838334,-0.0039483788192426,9.854753263139711,0.7503990062912937,0.5982931061214697,0.6218429254607464,-0.3781569769987956,-8.916445294430223e-08,-0.098833104450337,-0.1000560398278063,,,,0.0509522139373416,,,,,,0.2348025210038314,,,n/a (noise doesn't move it),beyond 25%,beyond 25%,,progressive,beyond 25%,beyond 25%,beyond 25%,beyond 25%,,beyond 25%,beyond 25%
1184,08013,CO,4118,ok,acceptable (VEI within +/-10),0.9754651807246963,11.498695585311657,1.0212255112783557,0.0038806256987294,1.8291878009667704,0.952774136914661,0.8877227539498532,0.9677692559208462,-0.0322306141089219,-5.025178691969986e-09,-0.0174428643425526,-0.0216892487416044,,0.1397329007362404,0.1377641524716232,,,0.1400311827791737,0.2090507475644219,0.1070100041880204,0.1070097258725648,0.1402743910675623,0.1398221010235795,0.1641633374604565,n/a (noise doesn't move it),,,progressive,progressive,,,,,,,
1185,17111,IL,4450,ok,acceptable (VEI within +/-10),0.8544350649350649,11.458784284523771,1.008817744389472,0.016273516265379,5.2924195741222775,0.9472484738582428,0.7670571669593058,0.9498626957111508,-0.0501365621155175,-1.0456272817611604e-07,-0.0114412051361252,-0.0129134481657255,,0.1382812223010047,0.0962729353372004,,,0.0956556264287258,0.2287785214334895,0.0950851692866027,0.0950845589070109,0.0782759252427253,0.0939947550937995,0.0978937539602418,n/a (noise doesn't move it),,,progressive,progressive,,,,,,,
1186,31131,NE,254,ok,acceptable (VEI within +/-10),0.7272254137115839,29.99630397072431,1.0944309090899,-0.0047809917251104,8.474387368762248,0.8165390857144124,0.4245495845148419,0.7866082603677581,-0.2133807838336891,-4.6509267350672036e-07,-0.0664298276165753,-0.088115142700017,,,0.2438781657222173,0.0822427940083229,,,,,,0.1909155883621128,,,n/a (noise doesn't move it),beyond 25%,,,progressive,beyond 25%,beyond 25%,beyond 25%,beyond 25%,,beyond 25%,beyond 25%
1187,06053,CA,0,no residential sales in 2024,,,,,,,,,,,,,,,,,,,,,,,,,,,,,,,,,,,,,
1188,48287,TX,79,skipped (fewer than 100 sales),,,,,,,,,,,,,,,,,,,,,,,,,,,,,,,,,,,,,
1189,41023,OR,80,skipped (fewer than 100 sales),,,,,,,,,,,,,,,,,,,,,,,,,,,,,,,,,,,,,
1190,13025,GA,220,ok,acceptable (confidence intervals overlap),0.5822926573426573,61.88469002431725,1.5717144830007603,-0.1611785566382571,-31.06246355052467,0.6862128218629024,0.1169048114497488,0.5592451867581535,-0.4407510483461879,-7.480163541578538e-07,-0.1731131481269745,-0.2727923820695614,,,,,,,,,,0.2458638672815284,,,n/a (noise doesn't move it),beyond 25%,beyond 25%,beyond 25%,beyond 25%,beyond 25%,beyond 25%,beyond 25%,beyond 25%,,beyond 25%,beyond 25%
1191,18001,IN,304,ok,acceptable (VEI within +/-10),0.731131131131131,24.012376018305304,1.1077002086046908,-0.0504185035635372,3.768537014119413,0.7427657217636903,0.339278523343445,0.7526103768599378,-0.2473863663568874,-4.642551636438421e-07,-0.0876756742925781,-0.105086939177097,,0.2455478217943101,,0.1785545655602803,,,,,,0.1852287504702536,,,n/a (noise doesn't move it),,beyond 25%,,progressive,beyond 25%,beyond 25%,beyond 25%,beyond 25%,,beyond 25%,beyond 25%
1192,54087,WV,184,ok,acceptable (confidence intervals overlap),0.77858228980322,54.436705606205514,1.3461491195388269,-0.23205944276909,-44.921037898327555,0.6090401481171759,0.3540311425730891,0.5761540698465939,-0.4238437626632295,-2.568378658547024e-06,-0.1659077909791877,-0.1811769601003137,,,,,,,,,,,,,n/a (noise doesn't move it),beyond 25%,beyond 25%,beyond 25%,beyond 25%,beyond 25%,beyond 25%,beyond 25%,beyond 25%,beyond 25%,beyond 25%,beyond 25%
1193,48337,TX,187,ok,acceptable (VEI significance <= 10),0.8347163342562676,33.674507112650154,1.114975001083348,0.0359957387289748,23.20637275883042,0.7415109589415438,0.1686994034791786,0.7527328254075979,-0.2472660392990409,-2.739927471917981e-07,-0.0876740131028257,-0.1075868847319629,,,,,,,,,,0.1665288692331884,,,n/a (noise doesn't move it),beyond 25%,beyond 25%,progressive,progressive,beyond 25%,beyond 25%,beyond 25%,beyond 25%,,beyond 25%,beyond 25%
1194,29071,MO,0,no residential sales in 2024,,,,,,,,,,,,,,,,,,,,,,,,,,,,,,,,,,,,,
1195,56009,WY,150,ok,acceptable (VEI within +/-10),0.8118865788351681,20.440043106483508,1.040930550617363,-0.0141549466338532,0.1879135665252966,0.8211134719461335,0.7020032932702353,0.8654940651489822,-0.1345043620222028,-2.2650786107082297e-07,-0.048207325018456,-0.0475673157947382,,0.2417059633345567,0.1757004618235477,0.103758343806089,0.0112421626880509,0.1951371727153776,,0.1763514467244685,0.1763509406938823,0.1617643492520072,0.1850105540396577,0.1909181006681342,n/a (noise doesn't move it),,,,,,beyond 25%,,,,,
1196,13245,GA,2335,ok,acceptable (VEI within +/-10),0.9169657066184044,23.09454254810963,1.0402723905804243,0.0160668251281717,8.739231532968658,0.9177887614413066,0.701596945823565,0.9402079654417536,-0.0597857124054925,-3.181976962912108e-07,-0.0267373861431057,-0.0282765196706289,,0.2412842314330084,0.1824923883062046,,,0.1887719791079667,,0.1862047599115826,0.1862221224636402,0.1626768742758199,0.1737094176027766,0.1679548505819178,n/a (noise doesn't move it),,,progressive,progressive,,beyond 25%,,,,,
1197,24041,MD,651,ok,acceptable (VEI significance <= 10),0.69325,17.09875812885263,1.0666296016791763,-0.0295141995094324,-12.611140785883256,0.9174916753341036,0.5947549953135334,0.9183267456500293,-0.0816721798275161,-3.5706723461349284e-08,-0.0391557322175264,-0.0432128647688361,,0.1987333276682034,0.2422073706306785,0.2122783832841803,0.2312575127410571,0.2394249085010438,,0.2036092539286376,0.2036098656349213,0.1572932931196752,0.2331711313059133,,n/a (noise doesn't move it),,,,,,beyond 25%,,,,,beyond 25%
1198,48259,TX,618,ok,UNACCEPTABLE progressivity,0.7733310662439009,49.25951892255541,1.112192934635215,0.2940498831980184,100.23437231151574,0.794926222480319,0.2942363386621474,0.7564490288729968,-0.243553989525082,-1.0833884677513273e-08,-0.0739990314818483,-0.0812241870802015,,,,,,,,,,0.1166744577198626,,,n/a (noise doesn't move it),beyond 25%,beyond 25%,progressive,progressive,beyond 25%,progressive,beyond 25%,beyond 25%,,beyond 25%,beyond 25%
1199,54055,WV,481,ok,acceptable (VEI within +/-10),0.7116827438370846,32.48908202578112,1.2427769558968644,-0.0506954152810365,-3.0068276161922407,0.6361145210756037,0.0543544882091584,0.5847649067907539,-0.415227612069393,-3.317211974703567e-07,-0.1513446490293515,-0.1952014113572928,,,,,0.1105832764856673,,,,,0.1271744158919855,,,n/a (noise doesn't move it),beyond 25%,beyond 25%,beyond 25%,,beyond 25%,beyond 25%,beyond 25%,beyond 25%,,beyond 25%,beyond 25%
1200,26025,MI,1794,ok,acceptable (VEI within +/-10),0.9231853812480912,19.482492922361793,1.0221871737294108,-0.0041613767912262,-9.826436383356468,0.9837334107352276,0.8136656019091325,0.923453259474763,-0.0765469483472006,-2.7184065506807786e-07,-0.0048186705496695,-0.0029373127142371,,0.2128110790404879,0.1447564300506574,0.0574579147057752,0.1646471209070146,0.0767806589374625,,0.1684133770150508,0.1684140220522622,0.1346553091677641,0.0724115300604336,0.0506470031555337,n/a (noise doesn't move it),,,,,,beyond 25%,,,,,
1201,18017,IN,524,ok,UNACCEPTABLE regressivity,0.6690423317140874,33.36654074208321,6.023945588154628,-0.1230854715090157,-95.14571506024586,0.2703116996807245,-0.0022549946777504,0.1679188095336188,-0.8320734821779611,-4.129989779644108e-08,-0.6112703024634989,-0.8156859595118064,,0.2489539111867062,,,,,,,,0.0424982099070655,,,n/a (noise doesn't move it),,beyond 25%,beyond 25%,beyond 25%,beyond 25%,beyond 25%,beyond 25%,beyond 25%,,beyond 25%,beyond 25%
1202,22111,LA,174,ok,acceptable (confidence intervals overlap),0.7598683333333334,39.65891993025552,1.0842762881880417,-0.0148195965530943,30.074557285205923,0.9324219703514528,0.7233979449429355,0.8560254458025175,-0.1439730354491489,-6.069954507676349e-07,-0.0262081612062048,-0.0223701132496341,,,,0.175383319989257,,0.1874698846843615,,,,,0.2014823520175314,0.156312891891175,n/a (noise doesn't move it),beyond 25%,beyond 25%,,progressive,,beyond 25%,beyond 25%,beyond 25%,beyond 25%,,
1203,39023,OH,2263,ok,UNACCEPTABLE regressivity,0.64675,29.951904857455364,1.154419844236648,-0.0714615657797439,-26.91903165199881,0.7548855215483249,0.2252988103515471,0.7084808848772226,-0.2915138668768411,-4.59776584487549e-07,-0.0925143493947131,-0.1143233712936202,,0.2467978582091167,0.2474059915864617,0.2419509173462277,,,,,,0.1573156606828835,,,n/a (noise doesn't move it),,,,beyond 25%,beyond 25%,beyond 25%,beyond 25%,beyond 25%,,beyond 25%,beyond 25%
1204,13251,GA,107,ok,acceptable (confidence intervals overlap),0.6372618783756985,39.56603343724363,1.1889554554702246,-0.0063443341305382,16.045362803245336,0.7697353650548422,0.2827237186214194,0.8286837603360111,-0.1713069526469482,-3.364307560482241e-07,-0.1064099788763932,-0.1392720211908431,,,,0.0822024211578631,,,,,,0.1873455528955327,,,n/a (noise doesn't move it),beyond 25%,beyond 25%,,progressive,beyond 25%,progressive,beyond 25%,beyond 25%,,beyond 25%,beyond 25%
1205,12031,FL,13851,ok,acceptable (VEI within +/-10),0.803989393939394,14.933707231963249,1.0319262943769778,0.0017565258578165,-0.7826901233928774,0.9560647598934424,0.7290975787341113,0.9656190509411792,-0.0343789818625689,-4.529906095851082e-09,-0.0192783562642142,-0.021900678447303,,0.1754492094827552,0.1694108304720711,,0.0605305614395919,0.1663725339527661,,0.1354522888220469,0.1354483586692311,0.1362903540231816,0.1660351768404959,0.1994508581366812,n/a (noise doesn't move it),,,progressive,,,beyond 25%,,,,,
1206,27123,,0,no residential sales in 2024,,,,,,,,,,,,,,,,,,,,,,,,,,,,,,,,,,,,,
1207,29186,MO,0,no residential sales in 2024,,,,,,,,,,,,,,,,,,,,,,,,,,,,,,,,,,,,,
1208,26127,MI,431,ok,UNACCEPTABLE regressivity,0.8317557251908397,36.60852232443836,1.1561976056340926,-0.1249673353933396,-43.08293739189884,0.8287914836544845,0.6562477221798778,0.7356090414500845,-0.2643890823144146,-8.513473635369983e-07,-0.0681567877681017,-0.0690750080970035,,,,,,,,,,,,,n/a (noise doesn't move it),beyond 25%,beyond 25%,beyond 25%,beyond 25%,beyond 25%,beyond 25%,beyond 25%,beyond 25%,beyond 25%,beyond 25%,beyond 25%
1209,21045,,0,no residential sales in 2024,,,,,,,,,,,,,,,,,,,,,,,,,,,,,,,,,,,,,
1210,21143,KY,231,ok,acceptable (VEI within +/-10),0.813953488372093,34.272917724310716,1.0523991160571853,0.0139389353522864,1.053709387837704,0.9591123433260712,0.6255840036341247,0.9467506554734556,-0.0531902269768153,-1.7542078405027665e-07,-0.0202666839609517,-0.0344510426136421,,,0.248756560473883,,0.0452936114884181,0.2249559878040665,,,,0.2063424971566028,0.230630038344678,0.2489183095866957,n/a (noise doesn't move it),beyond 25%,,progressive,,,beyond 25%,beyond 25%,beyond 25%,,,
1211,45017,SC,116,ok,acceptable (confidence intervals overlap),0.6346210715522005,52.3094051082151,1.2081011957524226,-0.0530039555819618,44.00621722024806,0.8285678545168174,0.3837896967278663,0.8263646935866273,-0.173630077863338,-6.447717596141858e-07,-0.0785487309330521,-0.1054658126721346,,,,,,,,,,0.1960812195662414,,,n/a (noise doesn't move it),beyond 25%,beyond 25%,beyond 25%,beyond 25%,beyond 25%,beyond 25%,beyond 25%,beyond 25%,,beyond 25%,beyond 25%
1212,18065,IN,656,ok,UNACCEPTABLE regressivity,0.7789655172413793,32.92931766980444,1.153022376410097,-0.1176448970947977,-52.41171524624349,0.7821913763918185,0.457054275442422,0.7169261372072261,-0.2830727853746488,-8.320040482315682e-07,-0.0832694412261465,-0.0913193609765621,,,,,,,,,,0.2259891667514593,,,n/a (noise doesn't move it),beyond 25%,beyond 25%,beyond 25%,beyond 25%,beyond 25%,beyond 25%,beyond 25%,beyond 25%,,beyond 25%,beyond 25%
1213,48103,TX,53,skipped (fewer than 100 sales),,,,,,,,,,,,,,,,,,,,,,,,,,,,,,,,,,,,,
1214,41049,OR,143,ok,UNACCEPTABLE regressivity,0.8651692307692308,51.50335699326563,2.3636438301400076,-0.2606046794372926,-77.68824634722125,0.0247439236130785,-0.0968650698488434,-0.426484470260788,-1.4264889731287074,-5.039458875459963e-07,-0.5100388846859638,-0.627544699871387,,,,,,,,,,,,,n/a (noise doesn't move it),beyond 25%,beyond 25%,beyond 25%,beyond 25%,beyond 25%,beyond 25%,beyond 25%,beyond 25%,beyond 25%,beyond 25%,beyond 25%
1215,55129,WI,592,ok,acceptable (VEI within +/-10),0.9548735335270692,26.858872835706084,1.0745716269936807,-0.0063515020093911,-6.206137057385993,0.9065758979905266,0.4719571481686878,0.891605115860744,-0.1083951339323763,-1.687342269606318e-07,-0.038297397456767,-0.0517804778360049,,,0.248395149513896,0.1031934906962214,0.1759150775855328,,,,,0.1802408126635857,,,n/a (noise doesn't move it),beyond 25%,,,,beyond 25%,beyond 25%,beyond 25%,beyond 25%,,beyond 25%,beyond 25%
1216,31143,NE,45,skipped (fewer than 100 sales),,,,,,,,,,,,,,,,,,,,,,,,,,,,,,,,,,,,,
1217,22035,,0,no residential sales in 2024,,,,,,,,,,,,,,,,,,,,,,,,,,,,,,,,,,,,,
1218,56039,WY,133,ok,acceptable (VEI within +/-10),1.063876863876864,33.236009309556216,1.0720654102102047,0.0130802025951714,4.693552568521087,0.9147623124389346,1.020503860119696,0.9148845416572836,-0.0851152430389478,-3.0091579896960746e-08,-0.0400597280842396,-0.0359318025905677,,,0.2225042294436909,0.1576437027354586,0.1581089352766809,,0.2118614772346343,0.2469185864780107,0.2469183817188838,,0.2263877535664627,0.2026519512730571,n/a (noise doesn't move it),beyond 25%,,,,beyond 25%,,,,beyond 25%,,
1219,47187,TN,4622,ok,acceptable (VEI significance <= 10),0.599777030661646,16.369314468535908,1.0484797073818093,-0.0234482930654119,-10.644279794830826,0.8747294813106072,0.4460384242692107,0.8886624837864407,-0.111336351156681,-4.3442820203864766e-08,-0.0428210888302598,-0.0479307752919533,,0.1886754543987109,0.2035037515701165,0.1518553013319259,0.2186499771499465,0.218095354328597,,0.2007845756467784,0.2007836455415506,0.1080319268747337,0.2167149054573861,0.2298413898037774,n/a (noise doesn't move it),,,,,,beyond 25%,,,,,
1220,27037,,0,no residential sales in 2024,,,,,,,,,,,,,,,,,,,,,,,,,,,,,,,,,,,,,
1221,27109,MN,2275,ok,acceptable (VEI within +/-10),0.906829268292683,8.812789143515056,1.0215531157387925,-0.0124066005119024,-1.9016632996741096,0.9409492262191448,0.7829657046835988,0.9547521564752026,-0.045247524559645,-8.061475004100122e-09,-0.0189894867606554,-0.021427497458023,,0.1086130788111573,0.1434992014636729,0.1045464141348853,0.0787623753036335,0.1381446765818019,,0.104716629937853,0.1047159717806489,0.1311035893354997,0.1384514639745226,0.1452061196382409,n/a (noise doesn't move it),,,,,,beyond 25%,,,,,
1222,18089,IN,6287,ok,acceptable (VEI within +/-10),0.8396221180256915,20.79217103354955,1.009837304167167,0.0227271580638443,7.113939305585927,1.0033563623998554,0.790094023237013,0.9768757842011796,-0.0231227287337082,-8.385015914857947e-08,0.0010209070134934,-0.0003045909425265,,0.2259802092551768,0.1018087939812662,,,,,0.1114522273802135,0.1114502254766781,0.0813484797332998,,0.0126443915838844,n/a (noise doesn't move it),,,progressive,progressive,progressive,beyond 25%,,,,progressive,
1223,19137,IA,0,no residential sales in 2024,,,,,,,,,,,,,,,,,,,,,,,,,,,,,,,,,,,,,
1224,27137,MN,3288,ok,acceptable (VEI within +/-10),0.850754763443839,25.09507530113251,1.0659320191256298,-0.0078805724767796,-7.377291388740842,0.8925430573920153,0.6828686650261293,0.9204672228000604,-0.07951806641294,-3.285447806050025e-07,-0.0410669737333089,-0.0472178883128973,,,0.22540858338113,0.1295626408255205,0.1729827223982925,0.241301548233836,,0.2448805924494936,0.2448665977051717,0.1984830387051224,0.2309098397308052,0.2290219843854704,n/a (noise doesn't move it),beyond 25%,,,,,beyond 25%,,,,,
1225,06077,CA,0,no residential sales in 2024,,,,,,,,,,,,,,,,,,,,,,,,,,,,,,,,,,,,,
1226,27035,MN,1514,ok,acceptable (VEI within +/-10),0.8755723225460397,21.023404676585475,1.0594618523713295,0.0086384478798657,0.8414002733087245,0.897486436580494,0.6486091202065105,0.9651122741767452,-0.0348844739210782,-1.1284543774290733e-07,-0.043051412957423,-0.0575359437386053,,0.2252913450112426,0.2092723684073618,,0.0487577748027859,0.2356003962854607,,0.1579981333635259,0.15798956851789,0.1766105999476148,0.229362344795354,,n/a (noise doesn't move it),,,progressive,,,beyond 25%,,,,,beyond 25%
1227,05063,AR,3,skipped (fewer than 100 sales),,,,,,,,,,,,,,,,,,,,,,,,,,,,,,,,,,,,,
1228,31041,NE,124,ok,acceptable (confidence intervals overlap),0.7313087428726581,30.216591679374343,1.1544732899717507,-0.0013383341953717,15.243482887819702,0.8264195725930311,0.3875536562376475,0.8733194942684059,-0.1266726313717029,-3.094567322436428e-07,-0.084181104120971,-0.125784756646893,,,,0.1095842698924939,,,,,,0.1316273695347686,,,n/a (noise doesn't move it),beyond 25%,beyond 25%,,progressive,beyond 25%,beyond 25%,beyond 25%,beyond 25%,,beyond 25%,beyond 25%
1229,17109,IL,253,ok,acceptable (VEI within +/-10),0.9209076923076924,20.54363950567796,1.0592573615504752,-0.0432870482892203,-7.916501997460681,0.8846355425784478,0.7351563530285105,0.8841604573439285,-0.1158373579020958,-9.773677832805304e-07,-0.0405413218552961,-0.0460975152706204,,0.2305696257474362,0.2105253844337485,0.2349927535333115,0.2128763288454803,0.2132878949537999,,0.2292198315984399,0.229215683766403,0.1948079177877184,0.2030981595252914,0.1964011360229748,n/a (noise doesn't move it),,,,,,beyond 25%,,,,,
1230,36025,NY,702,ok,UNACCEPTABLE regressivity,0.8444370641595578,41.226265520215165,1.2001132546507354,-0.1382648301208117,-38.59015314518482,0.7072317185327233,0.5282600181751542,0.6710107558180252,-0.3289879634232975,-9.237773004719134e-07,-0.1169540306018093,-0.1253767198760136,,,,,,,,,,,,,n/a (noise doesn't move it),beyond 25%,beyond 25%,beyond 25%,beyond 25%,beyond 25%,beyond 25%,beyond 25%,beyond 25%,beyond 25%,beyond 25%,beyond 25%
1231,42007,PA,2163,ok,UNACCEPTABLE regressivity,0.8333333333333334,29.81411421962935,1.1031190627314964,-0.0961732055158048,-36.9832258064516,0.8374682759101255,0.6518959100795407,0.7809350860183899,-0.2190637415110978,-7.707695924056974e-07,-0.0566256232369521,-0.0559363452767283,,,,,,,,,,0.2362823508269827,,0.248864920756217,n/a (noise doesn't move it),beyond 25%,beyond 25%,beyond 25%,beyond 25%,beyond 25%,beyond 25%,beyond 25%,beyond 25%,,beyond 25%,
1232,21019,KY,759,ok,acceptable (confidence intervals overlap),0.7445956765412329,44.86098053072615,1.2319260683280768,-0.0649327227647391,-17.79528379326767,0.7708383696225946,0.3890281160901474,0.7686623346421239,-0.2313203210522304,-8.998944525578221e-07,-0.1050685861308609,-0.1241466241390736,,,,,,,,,,0.2469938024803498,,,n/a (noise doesn't move it),beyond 25%,beyond 25%,beyond 25%,beyond 25%,beyond 25%,beyond 25%,beyond 25%,beyond 25%,,beyond 25%,beyond 25%
1233,31027,NE,110,ok,acceptable (confidence intervals overlap),0.7479316390858943,42.807731837044805,1.31614432613347,-0.0696903891544659,-10.014637964210063,0.7717204505503733,0.3228795504735812,0.6956596674721657,-0.3043365016865423,-4.635326768957771e-07,-0.1250856236372648,-0.182346926720134,,,,,0.2470687666800679,,,,,,,,n/a (noise doesn't move it),beyond 25%,beyond 25%,beyond 25%,,beyond 25%,beyond 25%,beyond 25%,beyond 25%,beyond 25%,beyond 25%,beyond 25%
1234,26141,MI,269,ok,acceptable (VEI within +/-10),0.7078260869565217,28.99579000310868,1.059219633935091,-0.0017039216138639,4.468762672646176,0.9183618064640152,0.5995055447111475,0.8680118418824403,-0.1319822029874877,-3.209024751614225e-07,-0.0310529463571573,-0.0340876912013541,,,0.2462781496039079,0.0417186245824647,,0.2354118014435695,,,,0.1931356215764166,0.2203903437297406,0.2280570396922168,n/a (noise doesn't move it),beyond 25%,,,progressive,,beyond 25%,beyond 25%,beyond 25%,,,
1235,26019,MI,0,no residential sales in 2024,,,,,,,,,,,,,,,,,,,,,,,,,,,,,,,,,,,,,
1236,39125,OH,0,no residential sales in 2024,,,,,,,,,,,,,,,,,,,,,,,,,,,,,,,,,,,,,
1237,31015,NE,35,skipped (fewer than 100 sales),,,,,,,,,,,,,,,,,,,,,,,,,,,,,,,,,,,,,
1238,08079,CO,60,skipped (fewer than 100 sales),,,,,,,,,,,,,,,,,,,,,,,,,,,,,,,,,,,,,
1239,38039,ND,19,skipped (fewer than 100 sales),,,,,,,,,,,,,,,,,,,,,,,,,,,,,,,,,,,,,
1240,51081,VA,81,skipped (fewer than 100 sales),,,,,,,,,,,,,,,,,,,,,,,,,,,,,,,,,,,,,
1241,18087,IN,400,ok,acceptable (confidence intervals overlap),0.7499952729404201,32.258603387500976,1.0443025050912842,0.0650960207963262,14.966309005252617,0.8699838831082958,0.5524288384406278,0.9409294056696792,-0.0590560577242402,-2.619613654097055e-07,-0.0421515073365965,-0.049208620477932,,,0.2034992306034891,,,0.2411444403319438,,,,0.1569334121110967,0.2244814201440107,0.2415994051365877,n/a (noise doesn't move it),beyond 25%,,progressive,progressive,,beyond 25%,beyond 25%,beyond 25%,,,
1242,40111,OK,496,ok,UNACCEPTABLE regressivity,0.6423405128205129,62.651026218982295,1.8866659398338763,-0.2634469923373008,-79.45007802952047,0.5450757210003744,0.0356101912725833,0.4881455044545256,-0.5118495765892015,-3.475807173839257e-07,-0.2687811899124206,-0.364581761061244,,,,,,,,,,0.176565122120057,,,n/a (noise doesn't move it),beyond 25%,beyond 25%,beyond 25%,beyond 25%,beyond 25%,beyond 25%,beyond 25%,beyond 25%,,beyond 25%,beyond 25%
1243,48501,TX,40,skipped (fewer than 100 sales),,,,,,,,,,,,,,,,,,,,,,,,,,,,,,,,,,,,,
1244,48221,TX,1166,ok,UNACCEPTABLE progressivity,0.8307041406999904,37.34969648449389,7.098985949492597,0.025559524931598,67.32504392721627,0.3000541834187903,-0.0001956751561072,0.1850405887989996,-0.8149574036913682,-1.2247348713319735e-09,-0.6241988202689481,-0.8610690208632099,,,,,,,,,,0.0037790572991811,,,n/a (noise doesn't move it),beyond 25%,beyond 25%,progressive,progressive,beyond 25%,beyond 25%,beyond 25%,beyond 25%,,beyond 25%,beyond 25%
1245,18157,IN,1759,ok,acceptable (VEI significance <= 10),0.7303974221267454,19.61191473769749,1.049041298204645,0.0450437692487845,15.16313301755496,0.9128639854885914,0.6138683920714396,0.9441183019727444,-0.0558802212712807,-1.0054017568602134e-08,-0.0323980742201714,-0.038102995071487,,0.2139210923151236,0.2095096282560572,,,0.1942676571639367,,0.1409345517244886,0.1409336935999076,0.1517979937383363,0.1915735751257932,0.2299512387922452,n/a (noise doesn't move it),,,progressive,progressive,,beyond 25%,,,,,
1246,08103,CO,134,ok,acceptable (VEI significance <= 10),0.5730227272727273,42.36791238177896,1.55111459868082,-0.0200411676548712,-25.975225300891292,0.5884392613986952,0.1994053469075904,0.5489414641414071,-0.4510422784054415,-7.827191816483181e-08,-0.2431397903467871,-0.2863511252817325,,,,0.1711762422701984,,,,,,0.193629432592439,,,n/a (noise doesn't move it),beyond 25%,beyond 25%,,beyond 25%,beyond 25%,progressive,beyond 25%,beyond 25%,,beyond 25%,beyond 25%
1247,56025,WY,946,ok,acceptable (VEI within +/-10),0.8444926981301886,21.090729520356707,1.0270527644744438,0.041134068559132,4.805036228809486,0.8909797680262403,0.7176880879709995,0.9009308384458632,-0.0990678952504167,-2.109823718463322e-07,-0.0290769626951195,-0.031550434938123,,0.2330483803410405,0.1502498385560746,,,0.1734783562992587,,0.161230141309876,0.1612289412996318,0.1553469753845233,0.1646690491434589,0.1686032926311771,n/a (noise doesn't move it),,,progressive,progressive,,beyond 25%,,,,,
1248,05017,AR,111,ok,UNACCEPTABLE regressivity,1.059076923076923,97.67440241247157,6.984982593246522,-0.4074909101363478,-86.31034730374815,0.4866727989926251,0.017923968067465,0.4229441393401167,-0.5770646969606285,-2.227824994038395e-07,-0.431414792475286,-0.70518778633919,,,,,,,,,,0.2216328209495096,,,n/a (noise doesn't move it),beyond 25%,beyond 25%,beyond 25%,beyond 25%,beyond 25%,beyond 25%,beyond 25%,beyond 25%,,beyond 25%,beyond 25%
1249,48507,TX,22,skipped (fewer than 100 sales),,,,,,,,,,,,,,,,,,,,,,,,,,,,,,,,,,,,,
1250,17093,IL,1706,ok,acceptable (VEI within +/-10),0.8667396401985112,10.076316090664031,1.009176434897848,0.0096881846505107,5.110841513510208,0.9138074518559144,0.7646650419318373,0.9317165957820904,-0.0682825962408804,-1.670909198636387e-07,-0.0164646448648033,-0.0178726884636861,,0.123933669174275,0.0943054863114185,,,0.1050275874638362,0.1851915694571838,0.0966964427259856,0.0966960274158847,0.0857783239871688,0.1004839960130162,0.1051246942849527,n/a (noise doesn't move it),,,progressive,progressive,,,,,,,
1251,29109,MO,0,no residential sales in 2024,,,,,,,,,,,,,,,,,,,,,,,,,,,,,,,,,,,,,
1252,19121,IA,0,no residential sales in 2024,,,,,,,,,,,,,,,,,,,,,,,,,,,,,,,,,,,,,
1253,29127,MO,0,no residential sales in 2024,,,,,,,,,,,,,,,,,,,,,,,,,,,,,,,,,,,,,
1254,48213,TX,1001,ok,UNACCEPTABLE progressivity,0.8812608413334633,50.00892198906816,2.4304180342002097,0.1381936623999891,58.01998266862985,0.5888046933792819,0.0007594993546087,0.9751089558141268,-0.0248794968423121,-1.730597837779211e-09,-0.3189312926025858,-0.5887969474255048,,,,,,,,0.2179261151822417,0.2179986528321493,0.0230227665442364,,,n/a (noise doesn't move it),beyond 25%,beyond 25%,progressive,progressive,beyond 25%,beyond 25%,,,,beyond 25%,beyond 25%
1255,26091,,0,no residential sales in 2024,,,,,,,,,,,,,,,,,,,,,,,,,,,,,,,,,,,,,
1256,12085,FL,3341,ok,acceptable (VEI within +/-10),0.808,13.5121195124657,1.0730077550525667,-0.0225586022714841,-7.925808031458552,0.9198298223820424,0.5719807362350354,0.94075132219977,-0.0592481160507295,-1.068366751454739e-08,-0.0400152344652757,-0.053395560612655,,0.1631498051144723,0.2195889863129929,0.1688344586257208,0.1836709654290135,0.2267761997745278,,0.1722979311076021,0.172296915172135,0.1548028551851821,0.2362558916761177,,n/a (noise doesn't move it),,,,,,beyond 25%,,,,,beyond 25%
1257,24039,MD,370,ok,UNACCEPTABLE regressivity,0.8309381663113007,31.527327674422853,1.2906321871457482,-0.1516099392619511,-34.4991574931787,0.7144520119551702,0.2939816951650926,0.6816443280467217,-0.3183537205381587,-3.467316795858272e-07,-0.1362321366443708,-0.1670529820340129,,,,,,,,,,0.1933437090276858,,,n/a (noise doesn't move it),beyond 25%,beyond 25%,beyond 25%,beyond 25%,beyond 25%,beyond 25%,beyond 25%,beyond 25%,,beyond 25%,beyond 25%
1258,22003,LA,184,ok,acceptable (confidence intervals overlap),1.0,40.81489581512521,1.96656021598842,-0.1910262920873822,-44.31610889110891,0.6036578047576195,0.1361640639382509,0.5143403687528899,-0.4856554815134454,-7.38167764195351e-07,-0.2534185127264112,-0.3459479931161608,0.0,,,,,,,,,,,,,beyond 25%,beyond 25%,beyond 25%,beyond 25%,beyond 25%,beyond 25%,beyond 25%,beyond 25%,beyond 25%,beyond 25%,beyond 25%
1259,22013,,0,no residential sales in 2024,,,,,,,,,,,,,,,,,,,,,,,,,,,,,,,,,,,,,
1260,21097,KY,257,ok,UNACCEPTABLE regressivity,0.7704402515723271,36.31961367589991,1.1542388853497187,-0.0721858524293584,-37.02733194502291,0.7641020864811817,0.5033567330506252,0.7219248773710165,-0.2780711710369943,-9.677982525293798e-07,-0.0930566573923357,-0.101219824293727,,,,,,,,,,0.2423306033754927,,,n/a (noise doesn't move it),beyond 25%,beyond 25%,beyond 25%,beyond 25%,beyond 25%,beyond 25%,beyond 25%,beyond 25%,,beyond 25%,beyond 25%
1261,18163,IN,2606,ok,acceptable (VEI within +/-10),0.7212294478527608,31.287439852325257,1.7161290091483572,0.0165689292229756,-4.0965402388126355,0.6213984089112526,0.0150741820030517,0.8666049873030804,-0.1333864398525626,-3.2688408562246875e-09,-0.2423021055542586,-0.3971702368753327,,,,,0.1229658725618905,,,,,0.0645070844476065,,,n/a (noise doesn't move it),beyond 25%,beyond 25%,progressive,,beyond 25%,beyond 25%,beyond 25%,beyond 25%,,beyond 25%,beyond 25%
1262,48347,TX,326,ok,UNACCEPTABLE progressivity,0.9268717328746364,26.69233798784463,1.0244289335600996,0.0667245752769948,23.733300301214324,0.9192653545449292,0.6898158542446364,0.9953133073218392,-0.0046818237853491,-2.4547137914957184e-07,-0.0252824735859549,-0.0347844807403903,,,0.1446500477027723,,,0.1715497256150083,,0.0676607103999082,0.0678337174141972,0.1425338807546497,0.1600068732127787,0.1719711321549463,n/a (noise doesn't move it),beyond 25%,,progressive,progressive,,beyond 25%,,,,,
1263,06087,,0,no residential sales in 2024,,,,,,,,,,,,,,,,,,,,,,,,,,,,,,,,,,,,,
1264,40055,OK,68,skipped (fewer than 100 sales),,,,,,,,,,,,,,,,,,,,,,,,,,,,,,,,,,,,,
1265,01109,AL,449,ok,acceptable (VEI significance <= 10),0.9746898263027296,33.49994522954361,1.220486488452792,-0.0629996271359962,-11.231989929282824,0.731256469084108,0.3323300027371779,0.7410989346901075,-0.2588947007635501,-7.698753938046516e-07,-0.1176701582806667,-0.1467686500120024,,,,,0.2306119782460234,,,,,,,,n/a (noise doesn't move it),beyond 25%,beyond 25%,beyond 25%,,beyond 25%,beyond 25%,beyond 25%,beyond 25%,beyond 25%,beyond 25%,beyond 25%
1266,08027,CO,132,ok,UNACCEPTABLE progressivity,0.7991046972269383,34.60274593372928,1.1135468712571042,0.0756222521481532,49.72588534403753,0.8242203268552134,0.3422036252656216,0.910266694952252,-0.0897286904269142,-9.30902258571552e-08,-0.0761963470998956,-0.1126683608717158,,,,,,,,,,0.1672689822648563,,,n/a (noise doesn't move it),beyond 25%,beyond 25%,progressive,progressive,beyond 25%,beyond 25%,beyond 25%,beyond 25%,,beyond 25%,beyond 25%
1267,13317,GA,109,ok,acceptable (confidence intervals overlap),0.5259325842696629,50.267786719476256,1.2646755091863489,-0.1712654866008288,-24.29926253159722,0.7817854916701069,0.3364080365480061,0.6905866255428416,-0.3094125284231119,-3.8388632311056266e-07,-0.1031522128259792,-0.109149726151364,,,,,,,,,,0.1836812080391999,,,n/a (noise doesn't move it),beyond 25%,beyond 25%,beyond 25%,progressive,beyond 25%,progressive,beyond 25%,beyond 25%,,beyond 25%,beyond 25%
1268,26031,MI,607,ok,UNACCEPTABLE regressivity,1.1266666666666667,1774.1014157411253,18.721089420392392,-4.564522142120819,-67.20983158852982,0.3835932175430308,0.383003293888735,0.1958081457347432,-0.8042211049706166,-6.310174829271842e-05,-0.4000277982000033,-0.3899905445518641,,,,,,,,,,,,,n/a (noise doesn't move it),beyond 25%,beyond 25%,beyond 25%,beyond 25%,beyond 25%,beyond 25%,beyond 25%,beyond 25%,beyond 25%,beyond 25%,beyond 25%
1269,55137,WI,686,ok,acceptable (VEI significance <= 10),0.929551656920078,23.42753354065116,1.059411058297698,-0.0359190417486283,-19.422232341328083,0.9115505011702544,0.7594602484928099,0.8942020303315842,-0.1057977433663193,-2.998715983632712e-07,-0.0334863686609103,-0.0385407442161878,,0.2485572532268439,0.2369217060751779,0.2090937659605598,,0.2364064320038498,,0.2403722393600604,0.2403716479359449,0.1945249359463298,0.2377450535403028,0.2373996516337504,n/a (noise doesn't move it),,,,beyond 25%,,beyond 25%,,,,,
1270,40095,OK,329,ok,acceptable (VEI within +/-10),0.83778,37.520252489157215,1.2058695360368858,-0.0671072591159988,-0.51787782093942,0.7623927578855162,0.3514407799842179,0.6783050820139914,-0.3216926631473213,-4.570435151863116e-07,-0.1032731274234506,-0.1276616769392906,,,,,0.0370464555912719,,,,,0.2264264558635289,,,n/a (noise doesn't move it),beyond 25%,beyond 25%,beyond 25%,,beyond 25%,beyond 25%,beyond 25%,beyond 25%,,beyond 25%,beyond 25%
1271,45055,SC,1379,ok,acceptable (VEI within +/-10),0.9888483173788613,35.6373588825591,1.1180090329238228,0.0575575433045978,0.0,0.7763328153449905,0.3565878992783762,0.5808610842519637,-0.4191358725160971,-3.38079101139864e-07,-0.0734186582370821,-0.0820969897931127,0.1898321596495609,,,,0.0,,,,,0.2124499968186815,,,,beyond 25%,beyond 25%,progressive,,beyond 25%,beyond 25%,beyond 25%,beyond 25%,,beyond 25%,beyond 25%
1272,36059,NY,9757,ok,acceptable (VEI within +/-10),0.6751269035532995,13.54016323315786,1.030827109043322,-0.0337062554362235,-6.765201408732923,0.8660312294492659,0.5473265249730259,0.8689501727218154,-0.1310494366532201,-4.1755936464075256e-08,-0.0361192060942827,-0.0359563640485649,,0.158135213673368,0.1634951272236313,0.1232976603428232,0.1285581595006932,0.1632245742291521,,0.1551943933808045,0.1551941136956593,0.1045070975147635,0.1623325083891032,0.1803768437811,n/a (noise doesn't move it),,,,,,beyond 25%,,,,,
1273,31021,NE,116,ok,UNACCEPTABLE regressivity,0.8483533333333333,33.13019858584771,1.2868177790845758,-0.1220603333115055,-32.977611529787126,0.6734695664634008,0.2309432187173152,0.6631342391700169,-0.336861725556968,-9.72708337381422e-07,-0.1473702076380003,-0.1936310569680546,,,,,,,,,,0.2272968878254192,,,n/a (noise doesn't move it),beyond 25%,beyond 25%,beyond 25%,beyond 25%,beyond 25%,beyond 25%,beyond 25%,beyond 25%,,beyond 25%,beyond 25%
1274,48163,TX,46,skipped (fewer than 100 sales),,,,,,,,,,,,,,,,,,,,,,,,,,,,,,,,,,,,,
1275,24021,MD,3725,ok,acceptable (VEI within +/-10),0.7897526501766784,11.9620796535807,1.0099436494376193,0.0152491215263851,3.706329231916483,0.945748355071036,0.6984630540398794,0.9706085970124652,-0.0293884272828935,-5.394781974115513e-08,-0.0126087181533156,-0.0147900691658107,,0.1450995169591414,0.1004072044460298,,,0.0995598990820222,,0.0846903457072415,0.0846837329431119,0.0773515558107976,0.0984130985909863,0.1014375903589247,n/a (noise doesn't move it),,,progressive,progressive,,beyond 25%,,,,,
1276,48455,,0,no residential sales in 2024,,,,,,,,,,,,,,,,,,,,,,,,,,,,,,,,,,,,,
1277,21071,KY,407,ok,acceptable (confidence intervals overlap),0.8,55.50731567736174,1.2018375468663456,-0.0320600172306254,15.400070824930376,0.9181830221069734,0.699426392443119,0.7918736991714491,-0.2081176276510755,-7.893711690061087e-07,-0.0442788397032767,-0.0346130110176534,,,,,,,,,,,,0.2046067674845917,n/a (noise doesn't move it),beyond 25%,beyond 25%,beyond 25%,progressive,beyond 25%,beyond 25%,beyond 25%,beyond 25%,beyond 25%,beyond 25%,
1278,48321,TX,180,ok,acceptable (VEI within +/-10),0.931830257556254,23.72778658065169,1.0259539312956534,0.0267857471505883,9.628673454616804,0.8862141864521541,0.8159688863927769,0.9598546314928524,-0.040144341398026,-4.325031510178034e-07,-0.0294298248848647,-0.0306440288663907,,,0.1158526991235868,,,0.2026297710165291,0.2261295117944649,0.0992445689830884,0.0992578719377117,0.1544274784002809,0.1715326135844434,0.1613136183161932,n/a (noise doesn't move it),beyond 25%,,progressive,progressive,,,,,,,
1279,36063,NY,1492,ok,acceptable (confidence intervals overlap),0.8539668147610844,24.53575769735383,1.067730733527261,-0.0599994712169127,-13.33620820906168,0.8727045311583389,0.6995994741355676,0.8243519675927266,-0.1756464311528247,-5.567531645524106e-07,-0.0426722836455411,-0.043142642365318,,,0.2269903411009187,0.236387606873223,0.2354103687619445,0.2279081207418067,,,,0.2162698813548152,0.2233824049057813,0.2183276353101867,n/a (noise doesn't move it),beyond 25%,,,,,beyond 25%,beyond 25%,beyond 25%,,,
1280,20113,,0,no residential sales in 2024,,,,,,,,,,,,,,,,,,,,,,,,,,,,,,,,,,,,,
1281,13277,GA,383,ok,acceptable (VEI significance <= 10),0.9214551724137932,26.721119523184083,1.0301810172546335,0.0275810824845225,20.072507989465485,0.9737730676854198,0.821779962563346,1.0012538616126256,0.0012539322154811,-1.1022539997544385e-08,-0.0122504568053438,-0.0174644508207466,,,0.0949914178325775,,,0.1170298882419874,0.1001632196986834,0.0145384781589496,0.0145385796490652,0.1265317505281146,0.1211125462385971,0.1463883498642556,n/a (noise doesn't move it),beyond 25%,,progressive,progressive,,,,,,,
1282,21179,KY,831,ok,acceptable (VEI within +/-10),0.7496571428571429,27.800062162006267,1.0369316343115635,0.0464653027559009,7.5388065009371905,0.892592958785259,0.563649442261054,0.9370035134155308,-0.0629744966973323,-2.57092735374927e-07,-0.03162708549276,-0.033991758786029,,,0.173494553029835,,,0.2068409687939091,,0.2129891440802276,0.2130274138543597,0.1435323320213668,0.1816014990975915,0.1640898032464512,n/a (noise doesn't move it),beyond 25%,,progressive,progressive,,beyond 25%,,,,,
1283,20107,,0,no residential sales in 2024,,,,,,,,,,,,,,,,,,,,,,,,,,,,,,,,,,,,,
1284,47101,TN,0,no residential sales in 2024,,,,,,,,,,,,,,,,,,,,,,,,,,,,,,,,,,,,,
1285,29207,MO,0,no residential sales in 2024,,,,,,,,,,,,,,,,,,,,,,,,,,,,,,,,,,,,,
1286,40091,OK,424,ok,acceptable (VEI significance <= 10),0.7184288484848484,54.11196127296783,1.3355007317591363,-0.1446601412265433,-32.94161418310225,0.7326413539394767,0.3822375275677484,0.6828879984648354,-0.3171076001841484,-8.886657518281847e-07,-0.1293336045495068,-0.1546438457949297,,,,,,,,,,,,,n/a (noise doesn't move it),beyond 25%,beyond 25%,beyond 25%,beyond 25%,beyond 25%,beyond 25%,beyond 25%,beyond 25%,beyond 25%,beyond 25%,beyond 25%
1287,28093,MS,353,ok,acceptable (VEI significance <= 10),0.4059933529266349,53.803066259941424,1.2102837685564776,0.044046282339798,25.927278663108364,0.6171060049837738,0.1148301747357818,0.5169865678707891,-0.4830035778063868,-2.713510679775465e-07,-0.1362530090346685,-0.1601147911488756,,,,,,,,,,0.1896042917466529,,,n/a (noise doesn't move it),beyond 25%,beyond 25%,progressive,progressive,beyond 25%,beyond 25%,beyond 25%,beyond 25%,,beyond 25%,beyond 25%
1288,48225,TX,100,ok,acceptable (confidence intervals overlap),0.8482246265405523,29.91085483006827,1.0950263127987316,0.032245839317086,15.284379415042087,0.8087459474001654,0.5330560905737153,0.9395524988782572,-0.060402552914917,-2.865421886312165e-07,-0.0767835153242557,-0.093060374580604,,,,,,,,,,0.2370392517979349,,,n/a (noise doesn't move it),beyond 25%,beyond 25%,progressive,progressive,beyond 25%,progressive,beyond 25%,beyond 25%,,beyond 25%,beyond 25%
1289,30053,MT,0,no residential sales in 2024,,,,,,,,,,,,,,,,,,,,,,,,,,,,,,,,,,,,,
1290,05069,AR,0,no residential sales in 2024,,,,,,,,,,,,,,,,,,,,,,,,,,,,,,,,,,,,,
1291,31049,,0,no residential sales in 2024,,,,,,,,,,,,,,,,,,,,,,,,,,,,,,,,,,,,,
1292,26109,MI,315,ok,UNACCEPTABLE regressivity,0.6888888888888889,33.65384148867492,1.111933742432301,-0.0927749553257797,-31.600496277915624,0.7492875542483882,0.508546432137426,0.6613710666303495,-0.3386270084557221,-1.1341482509295073e-06,-0.0811195779003182,-0.0787122067814685,,,,,,,,,,0.2227046002765776,,,n/a (noise doesn't move it),beyond 25%,beyond 25%,beyond 25%,beyond 25%,beyond 25%,beyond 25%,beyond 25%,beyond 25%,,beyond 25%,beyond 25%
1293,16009,ID,82,skipped (fewer than 100 sales),,,,,,,,,,,,,,,,,,,,,,,,,,,,,,,,,,,,,
1294,18121,IN,184,ok,acceptable (VEI significance <= 10),0.8143039814007555,53.13081425180837,1.5987555539299756,-0.1408728746704563,-36.60169459374769,0.5512531658144373,0.0630542636299904,0.644990610515848,-0.3550028144375771,-2.788042440867909e-07,-0.2452564616761179,-0.3191326499900317,,,,,,,,,,0.1202165938021322,,,n/a (noise doesn't move it),beyond 25%,beyond 25%,beyond 25%,beyond 25%,beyond 25%,beyond 25%,beyond 25%,beyond 25%,,beyond 25%,beyond 25%
1295,48299,TX,259,ok,acceptable (confidence intervals overlap),0.8832211247071928,32.72453510054617,1.079468679379146,0.0314046748951635,16.0566961033697,0.9011967022097518,0.6535093680863368,0.9271932335999158,-0.0728016818470026,-8.241760953638895e-08,-0.0468710626841832,-0.0644636879463689,,,,,,,,,,0.2080285147125437,,,n/a (noise doesn't move it),beyond 25%,beyond 25%,progressive,progressive,beyond 25%,beyond 25%,beyond 25%,beyond 25%,,beyond 25%,beyond 25%
1296,29155,MO,0,no residential sales in 2024,,,,,,,,,,,,,,,,,,,,,,,,,,,,,,,,,,,,,
1297,21223,KY,124,ok,acceptable (confidence intervals overlap),0.800437636761488,32.66690585878334,1.1562784471922114,-0.0766354429200166,-15.953292197141296,0.7083443286129849,0.3839729466040003,0.6849342942171356,-0.3150595789178477,-9.27164968527173e-07,-0.1044877768117731,-0.1187308143738097,,,,,0.2370897950227667,,,,,0.2492262814469633,,,n/a (noise doesn't move it),beyond 25%,beyond 25%,progressive,,beyond 25%,beyond 25%,beyond 25%,beyond 25%,,beyond 25%,beyond 25%
1298,31177,NE,248,ok,acceptable (VEI within +/-10),0.7888322510822511,16.14200434305783,0.9988792983108356,0.05231939921776,9.988982439044989,1.001350617318356,0.7826904337685677,1.03798457101918,0.0379874488703042,7.269886898522686e-09,0.0004129975014797,-0.0018608755618265,,0.1927436828935062,,,,0.0152957614006653,,,,,0.0145504820701811,0.0279670674940218,n/a (noise doesn't move it),,progressive,progressive,progressive,,beyond 25%,progressive,progressive,progressive,,
1299,24037,MD,1440,ok,acceptable (VEI within +/-10),0.846952642415923,12.60226011406476,1.014812445619788,-0.0109837530320161,-0.3079777769882874,0.9473167854871292,0.8168243472041122,0.9267843203538288,-0.0732151172061703,-1.0462986987139249e-08,-0.0136786252375962,-0.0138030769339063,,0.1484764055641406,0.1091922124169932,0.0721020711788168,0.0258194759129511,0.103187546611865,0.1752674728137694,0.1220089067950746,0.12200867563638,0.1047341147052697,0.1158603143665477,0.1188823089523238,n/a (noise doesn't move it),,,,,,,,,,,
1300,31139,NE,104,ok,acceptable (confidence intervals overlap),0.7965661111111111,39.74518558254293,1.3058128964929872,-0.1039070715531403,-24.615906238504063,0.7376303629680654,0.364272650713519,0.5991067635472263,-0.4008927842548432,-2.992956272893245e-07,-0.1353558863347497,-0.1688585298196669,,,,,,,,,,,,,n/a (noise doesn't move it),beyond 25%,beyond 25%,beyond 25%,beyond 25%,beyond 25%,beyond 25%,beyond 25%,beyond 25%,beyond 25%,beyond 25%,beyond 25%
1301,42053,PA,0,no residential sales in 2024,,,,,,,,,,,,,,,,,,,,,,,,,,,,,,,,,,,,,
1302,51036,VA,90,skipped (fewer than 100 sales),,,,,,,,,,,,,,,,,,,,,,,,,,,,,,,,,,,,,
1303,29217,,0,no residential sales in 2024,,,,,,,,,,,,,,,,,,,,,,,,,,,,,,,,,,,,,
1304,42005,PA,0,no residential sales in 2024,,,,,,,,,,,,,,,,,,,,,,,,,,,,,,,,,,,,,
1305,47053,TN,789,ok,UNACCEPTABLE regressivity,0.8843400447427293,34.35415118201899,1.1649733682895438,-0.1177269361444101,-51.364991960570485,0.8490307110706307,0.5763595496023545,0.761314419083608,-0.2386853968049749,-5.469190097260152e-07,-0.0634800511501578,-0.0723969147112244,,,,,,,,,,,,,n/a (noise doesn't move it),beyond 25%,beyond 25%,beyond 25%,beyond 25%,beyond 25%,beyond 25%,beyond 25%,beyond 25%,beyond 25%,beyond 25%,beyond 25%
1306,49011,UT,3220,ok,acceptable (VEI within +/-10),0.8572560255673148,16.025073082090955,1.0237098340445263,0.0049623130941767,1.0156705814656135,0.7980137131640117,0.6691529342374785,0.7979951670078298,-0.2020045566346048,-1.518202087744328e-07,-0.0389207005904603,-0.0386502072199914,,0.1860301502425904,0.147158037193691,,,0.1701471441395339,0.2483569498293512,0.170449337704918,0.1704491973870444,0.1214366058791954,0.1563478432942344,0.1569039529738509,n/a (noise doesn't move it),,,progressive,progressive,,,,,,,
1307,28029,MS,92,skipped (fewer than 100 sales),,,,,,,,,,,,,,,,,,,,,,,,,,,,,,,,,,,,,
1308,29117,MO,0,no residential sales in 2024,,,,,,,,,,,,,,,,,,,,,,,,,,,,,,,,,,,,,
1309,33017,NH,0,no residential sales in 2024,,,,,,,,,,,,,,,,,,,,,,,,,,,,,,,,,,,,,
1310,45005,SC,76,skipped (fewer than 100 sales),,,,,,,,,,,,,,,,,,,,,,,,,,,,,,,,,,,,,
1311,13207,GA,351,ok,UNACCEPTABLE progressivity,0.7217670682730923,28.38152682450561,0.9425326876659736,0.1298723184475819,51.04881278924736,1.1909007011430683,0.8879956282438288,1.1179757783485824,0.1179774701017967,2.845175992308436e-07,0.0635281724248615,0.0668916681289969,,,,,,,0.1906227002636468,,,,,,n/a (noise doesn't move it),beyond 25%,progressive,progressive,progressive,progressive,,progressive,progressive,progressive,progressive,progressive
1312,51580,VA,75,skipped (fewer than 100 sales),,,,,,,,,,,,,,,,,,,,,,,,,,,,,,,,,,,,,
1313,13117,GA,3540,ok,acceptable (VEI within +/-10),0.9176803498257462,13.647085273931207,1.0495408722968564,0.0362658278813188,8.476480702858273,0.8819815833836134,0.6205982348744674,0.9615860166889248,-0.0384155685010371,-4.239090574555275e-09,-0.0394962385576835,-0.0477089418385847,,0.1616562564999676,0.1862688456099321,,,0.1821749886319624,,0.1164534728366411,0.1164577727502658,0.1412425898182819,0.1810379741992378,0.223447325768498,n/a (noise doesn't move it),,,progressive,progressive,,beyond 25%,,,,,
1314,48425,TX,72,skipped (fewer than 100 sales),,,,,,,,,,,,,,,,,,,,,,,,,,,,,,,,,,,,,
1315,13009,GA,529,ok,acceptable (VEI significance <= 10),0.797859649122807,37.757491715110774,1.4515852826849458,-0.0811291577713888,-55.17624384078685,0.6927374621724899,0.2398864049523602,0.7190702940115226,-0.2809253792569963,-1.711100038153939e-07,-0.1802335106209183,-0.2529564274848139,,,,0.2437877612490544,,,,,,0.2076392940883134,,,n/a (noise doesn't move it),beyond 25%,beyond 25%,,beyond 25%,beyond 25%,beyond 25%,beyond 25%,beyond 25%,,beyond 25%,beyond 25%
1316,38031,ND,22,skipped (fewer than 100 sales),,,,,,,,,,,,,,,,,,,,,,,,,,,,,,,,,,,,,
1317,06009,,0,no residential sales in 2024,,,,,,,,,,,,,,,,,,,,,,,,,,,,,,,,,,,,,
1318,31031,NE,38,skipped (fewer than 100 sales),,,,,,,,,,,,,,,,,,,,,,,,,,,,,,,,,,,,,
1319,02195,,0,no residential sales in 2024,,,,,,,,,,,,,,,,,,,,,,,,,,,,,,,,,,,,,
1320,20205,,0,no residential sales in 2024,,,,,,,,,,,,,,,,,,,,,,,,,,,,,,,,,,,,,
1321,51105,VA,252,ok,UNACCEPTABLE regressivity,0.5371255060728745,52.29397537172506,1.3057892855439304,-0.1861404481343003,-33.39615223491975,0.6487862631891723,0.3065013864077587,0.6187700095267551,-0.3812214987851982,-1.7909933862463498e-06,-0.1475217897622782,-0.1556970211414998,,,,,,,,,,0.2317665516501403,,,n/a (noise doesn't move it),beyond 25%,beyond 25%,beyond 25%,beyond 25%,beyond 25%,beyond 25%,beyond 25%,beyond 25%,,beyond 25%,beyond 25%
1322,22037,LA,106,ok,acceptable (confidence intervals overlap),0.8982135597460674,15.791536601077205,1.0610883084361529,-0.0265331968045258,-10.223283993049863,0.8821181546031793,0.6224557847750128,0.9046539609121624,-0.0953436398687927,-3.546645423853274e-07,-0.0451820530742077,-0.0603945616483905,,0.1816434595190489,0.2223406273396256,0.205086410400936,0.191448164184431,0.2222756281491263,,0.221298513498308,0.2212909890960894,0.1960406950465313,0.2218189581561206,0.2288853220346705,n/a (noise doesn't move it),,,,,,beyond 25%,,,,,
1323,06065,,0,no residential sales in 2024,,,,,,,,,,,,,,,,,,,,,,,,,,,,,,,,,,,,,
1324,06089,CA,0,no residential sales in 2024,,,,,,,,,,,,,,,,,,,,,,,,,,,,,,,,,,,,,
1325,36097,NY,229,ok,UNACCEPTABLE regressivity,1.005952380952381,37.84579617809917,1.2275522293793717,-0.2011780487398507,-46.3141355868737,0.6276695412489489,0.5026604754851265,0.5843618326320419,-0.415639147124765,-1.4096642123249005e-06,-0.1426584272129063,-0.1584521427303122,0.1190033938239188,,,,,,,,,,,,,beyond 25%,beyond 25%,beyond 25%,beyond 25%,beyond 25%,beyond 25%,beyond 25%,beyond 25%,beyond 25%,beyond 25%,beyond 25%
1326,20011,KS,104,ok,acceptable (VEI within +/-10),0.5698968504858917,34.39133867424416,1.2082105742128035,-0.0093798532633212,0.0471184344223797,0.7102361037934914,0.269134139537459,0.7590188431832532,-0.2409722830902333,-1.834673396408139e-07,-0.132276256676971,-0.1602158721051503,,,,0.0795314623671882,0.004615777576318,,,,,0.1353942719873614,,,n/a (noise doesn't move it),beyond 25%,beyond 25%,,,beyond 25%,beyond 25%,beyond 25%,beyond 25%,,beyond 25%,beyond 25%
1327,18075,IN,225,ok,UNACCEPTABLE regressivity,0.7706666666666667,40.75861957710669,1.269279392402609,-0.1811772825573011,-39.51311762027326,0.6967114127535695,0.3730747148020978,0.6280346895650882,-0.3719618930547814,-1.1065078887484766e-06,-0.1311165485434513,-0.1402032712638825,,,,,,,,,,,,,n/a (noise doesn't move it),beyond 25%,beyond 25%,beyond 25%,beyond 25%,beyond 25%,beyond 25%,beyond 25%,beyond 25%,beyond 25%,beyond 25%,beyond 25%
1328,22057,LA,807,ok,acceptable (VEI within +/-10),0.74,32.44515309671655,1.0556364891266945,-0.0033653393945636,6.833698366721082,0.9413415149340808,0.6382321633175128,0.8779109073219103,-0.1220854747307755,-3.603380782303767e-07,-0.0204774070902393,-0.0224393626254533,,,0.2101816308742312,0.0939455421927868,,0.1616640677009602,,,,0.2166431716401451,0.1729874086269022,0.1785952574734147,n/a (noise doesn't move it),beyond 25%,,,progressive,,beyond 25%,beyond 25%,beyond 25%,,,
1329,48053,,0,no residential sales in 2024,,,,,,,,,,,,,,,,,,,,,,,,,,,,,,,,,,,,,
1330,05029,AR,1,skipped (fewer than 100 sales),,,,,,,,,,,,,,,,,,,,,,,,,,,,,,,,,,,,,
1331,08089,CO,228,ok,acceptable (VEI within +/-10),0.7020034594594595,37.07661242461708,1.6053935497301883,-0.0457335807550171,9.612651984880474,0.5139671810846028,0.0006784413127972,0.6098310437465874,-0.3901591549649998,-4.8739266209690844e-08,-0.2683886843586482,-0.3672893715103125,,,,,,,,,,0.0557058470815181,,,n/a (noise doesn't move it),beyond 25%,beyond 25%,beyond 25%,progressive,beyond 25%,beyond 25%,beyond 25%,beyond 25%,,beyond 25%,beyond 25%
1332,20177,,0,no residential sales in 2024,,,,,,,,,,,,,,,,,,,,,,,,,,,,,,,,,,,,,
1333,30043,MT,0,no residential sales in 2024,,,,,,,,,,,,,,,,,,,,,,,,,,,,,,,,,,,,,
1334,27039,MN,298,ok,acceptable (VEI within +/-10),0.909811261148743,12.12116582157148,1.0040448810310862,0.0157797699968491,8.326604121963172,0.9794088969666628,0.9244069178252482,0.9930629081229588,-0.0069362836430296,-5.243882012092647e-08,-0.0051826973486994,-0.0060931511223278,,0.1503641694194302,0.0504629648240547,,,0.0637210105254491,0.1369323788747523,0.0368280023936926,0.0368269292112866,0.0511017321120001,0.0630703317534685,0.0537885232835014,n/a (noise doesn't move it),,,progressive,progressive,,,,,,,
1335,27097,MN,627,ok,UNACCEPTABLE progressivity,0.833,32.425471370774794,1.0007906008477747,0.0701134383637255,48.962442119705024,0.9805617718479984,0.9412714135012212,1.010649770648599,0.0106798108920427,-3.10294408212853e-09,-0.0073441316944842,-0.0069679273148242,,,0.0224081428080259,,,0.1011862926450433,0.1362253544434966,,,0.0278147072456884,0.0924684979815009,0.0748992127526643,n/a (noise doesn't move it),beyond 25%,,progressive,progressive,,,progressive,progressive,,,
1336,29209,,0,no residential sales in 2024,,,,,,,,,,,,,,,,,,,,,,,,,,,,,,,,,,,,,
1337,47171,TN,321,ok,acceptable (VEI significance <= 10),0.5827997489014438,39.93845240844848,2.4298706229431852,-0.0930923718887425,-27.478890693388493,0.4804020628143682,0.0006471893159912,0.5652962430243048,-0.4346963698182561,-1.7569802968447928e-08,-0.3704635815532935,-0.5544607816531211,,,,,,,,,,0.024806959117585,,,n/a (noise doesn't move it),beyond 25%,beyond 25%,beyond 25%,beyond 25%,beyond 25%,beyond 25%,beyond 25%,beyond 25%,,beyond 25%,beyond 25%
1338,35053,NM,62,skipped (fewer than 100 sales),,,,,,,,,,,,,,,,,,,,,,,,,,,,,,,,,,,,,
1339,06101,,0,no residential sales in 2024,,,,,,,,,,,,,,,,,,,,,,,,,,,,,,,,,,,,,
1340,21141,KY,381,ok,acceptable (VEI within +/-10),0.975316074653823,25.898843551003655,1.0501787609296311,0.021024009339643,7.211337448559673,0.9080069527565624,0.7744533606008299,0.9057592080032316,-0.0942315730499603,-9.243008862355805e-08,-0.0387304107013728,-0.045993338732343,0.2290879808950991,,0.1978742019914772,,,0.2499028705700147,,,,0.2005859312588946,0.2040800437503204,0.2185847271710669,,beyond 25%,,progressive,progressive,,beyond 25%,beyond 25%,beyond 25%,,,
1341,09150,CT,0,no residential sales in 2024,,,,,,,,,,,,,,,,,,,,,,,,,,,,,,,,,,,,,
1342,41009,OR,575,ok,acceptable (VEI within +/-10),1.0198666666666667,15.079986822031756,1.0110187677421278,0.0335167234922476,4.6355315374543355,0.968491495484436,0.8772386578497984,0.9421794695761484,-0.0578206775907763,-1.464952329158262e-07,-0.0063198796375045,-0.0084484911497608,,0.1779645616926324,0.1199370300494771,,,0.0641668677124326,0.1505149252712895,0.1153765824174694,0.115376063238764,0.1110718769930458,0.0626229860153632,0.0664288789842442,n/a (noise doesn't move it),,,progressive,progressive,,,,,,,
1343,48141,,0,no residential sales in 2024,,,,,,,,,,,,,,,,,,,,,,,,,,,,,,,,,,,,,
1344,35007,NM,165,ok,acceptable (VEI within +/-10),0.4846988422355643,27.647915966954752,1.0328028181833724,0.0272142726079234,9.741515014467788,0.9468823796008768,0.4597692644599102,0.9502493913532364,-0.0497450871310068,-7.119796371870192e-08,-0.021353887451889,-0.0254377802053007,,,0.1498344700412214,,,0.1600202613448384,,0.1557124895875873,0.1557219525934458,0.14914660725514,0.1405707725720761,0.1453680015888683,n/a (noise doesn't move it),beyond 25%,,progressive,progressive,,beyond 25%,,,,,
1345,51035,VA,0,no residential sales in 2024,,,,,,,,,,,,,,,,,,,,,,,,,,,,,,,,,,,,,
1346,42061,PA,0,no residential sales in 2024,,,,,,,,,,,,,,,,,,,,,,,,,,,,,,,,,,,,,
1347,12107,FL,1479,ok,acceptable (VEI within +/-10),0.8363111111111111,34.90289456892187,1.1434594259415587,-0.0510550687299038,-6.332452827153244,0.8806754517084434,0.547470641730281,0.8682339254977521,-0.1317637477712495,-3.187967647911867e-07,-0.0555953410046019,-0.0648089970738698,,,,,0.1845909105430057,,,,,0.23249266902197,,,n/a (noise doesn't move it),beyond 25%,beyond 25%,beyond 25%,,beyond 25%,beyond 25%,beyond 25%,beyond 25%,,beyond 25%,beyond 25%
1348,13243,GA,66,skipped (fewer than 100 sales),,,,,,,,,,,,,,,,,,,,,,,,,,,,,,,,,,,,,
1349,05103,AR,0,no residential sales in 2024,,,,,,,,,,,,,,,,,,,,,,,,,,,,,,,,,,,,,
1350,42117,PA,0,no residential sales in 2024,,,,,,,,,,,,,,,,,,,,,,,,,,,,,,,,,,,,,
1351,08125,CO,104,ok,acceptable (confidence intervals overlap),0.8254985581000849,35.62277339012278,1.382760366475599,-0.0635062801773059,25.023418258295056,0.6417702884711761,0.2185175330713646,0.7225980198007186,-0.2773988004436991,-1.859314565795795e-07,-0.1854161855198279,-0.244185534843224,,,,,,,,,,0.1209827211106999,,,n/a (noise doesn't move it),beyond 25%,beyond 25%,beyond 25%,progressive,beyond 25%,beyond 25%,beyond 25%,beyond 25%,,beyond 25%,beyond 25%
1352,20165,,0,no residential sales in 2024,,,,,,,,,,,,,,,,,,,,,,,,,,,,,,,,,,,,,
1353,37117,NC,0,no residential sales in 2024,,,,,,,,,,,,,,,,,,,,,,,,,,,,,,,,,,,,,
1354,53075,,0,no residential sales in 2024,,,,,,,,,,,,,,,,,,,,,,,,,,,,,,,,,,,,,
1355,31137,NE,119,ok,acceptable (confidence intervals overlap),0.8559642857142857,29.997398725013408,1.216810189274545,-0.0100530273289667,11.32365747406837,0.6821943932792938,0.1033358929471213,0.785922804838363,-0.2140503379802223,-5.18818632657771e-07,-0.1290694425850114,-0.1769990727604153,,,,0.117658751604158,,,,,,0.1937147666678108,,,n/a (noise doesn't move it),beyond 25%,beyond 25%,,progressive,beyond 25%,beyond 25%,beyond 25%,beyond 25%,,beyond 25%,beyond 25%
1356,55001,WI,926,ok,acceptable (confidence intervals overlap),0.8716860383699762,26.020831426809018,1.0206351435840235,0.0217262647159925,10.757445509574248,0.976698030645302,0.7781544616454013,0.9840165179463928,-0.0159824268054869,-1.105456827726075e-07,-0.0095827071375602,-0.017654986784048,,,0.1510241480093224,,,0.1261265587293689,,0.1056034121582895,0.105591789885126,0.1494855445947182,0.1229345216023969,0.1348637295915172,n/a (noise doesn't move it),beyond 25%,,progressive,progressive,,beyond 25%,,,,,
1357,06003,CA,0,no residential sales in 2024,,,,,,,,,,,,,,,,,,,,,,,,,,,,,,,,,,,,,
1358,21107,KY,518,ok,acceptable (confidence intervals overlap),0.7752597402597403,38.1594527752742,1.168193096965217,-0.0471404201635245,-14.07273289158354,0.8578324665250647,0.4401924228009409,0.8195741403378067,-0.1804091912208609,-8.740711015693322e-07,-0.0642778148803193,-0.0809506669439423,,,0.2481030699599506,0.241957968859943,0.2416940510258547,,,,,0.2398613489835568,,,n/a (noise doesn't move it),beyond 25%,,,,beyond 25%,beyond 25%,beyond 25%,beyond 25%,,beyond 25%,beyond 25%
1359,19197,IA,0,no residential sales in 2024,,,,,,,,,,,,,,,,,,,,,,,,,,,,,,,,,,,,,
1360,40135,OK,530,ok,UNACCEPTABLE regressivity,0.7006041806020067,49.29603359883408,1.5220480656156794,-0.2030990409894551,-141.57190277947822,0.5576865008306003,0.1701709454939793,0.465840523126758,-0.534157067578618,-6.657000011206813e-07,-0.2249905914186925,-0.2793541165677085,,,,,,,,,,0.2221073883683096,,,n/a (noise doesn't move it),beyond 25%,beyond 25%,progressive,beyond 25%,beyond 25%,beyond 25%,beyond 25%,beyond 25%,,beyond 25%,beyond 25%
1361,42027,PA,0,no residential sales in 2024,,,,,,,,,,,,,,,,,,,,,,,,,,,,,,,,,,,,,
1362,51570,VA,280,ok,acceptable (VEI within +/-10),0.7891144678492239,12.929960384335654,1.0062899538928567,0.0085492763512662,2.067538928514761,0.99146620803475,0.7809538855599413,0.9568922776021018,-0.0431075533508745,-1.083485648865132e-09,-0.003302980880717,-0.001860483380236,,0.1524805302145721,0.1035591684576509,,,0.0313840460494897,,0.0801847780089411,0.0801850534913728,0.0305127456213061,0.0302572944692864,0.0839373772905144,n/a (noise doesn't move it),,,progressive,progressive,,beyond 25%,,,,,
1363,12063,FL,353,ok,acceptable (VEI significance <= 10),0.7829,26.732904756604803,1.0499556764780618,-0.067191321137355,-13.838666271425938,0.9611331512715704,0.9262064613912044,0.8360329499244744,-0.1639673666352939,-8.476054208734481e-08,-0.0158474667947794,-0.0011270621067849,,,0.2323690899126227,,0.2145380612199692,0.1818167287024285,0.1284191596508326,,,0.2168964814386586,0.1854279700170275,0.1145419281851108,n/a (noise doesn't move it),beyond 25%,,beyond 25%,,,,beyond 25%,beyond 25%,,,
1364,21119,KY,171,ok,acceptable (VEI within +/-10),0.8,90.2918600682728,1.613032438302931,-0.0909516861875015,-8.020603384841797,0.691128305862121,0.5276289825410561,0.5994059527077564,-0.4005845084161187,-3.689196717294775e-06,-0.1698021093842348,-0.1684035316854524,,,,,0.203258443188563,,,,,,,,n/a (noise doesn't move it),beyond 25%,beyond 25%,beyond 25%,,beyond 25%,beyond 25%,beyond 25%,beyond 25%,beyond 25%,beyond 25%,beyond 25%
1365,37103,NC,92,skipped (fewer than 100 sales),,,,,,,,,,,,,,,,,,,,,,,,,,,,,,,,,,,,,
1366,05095,AR,0,no residential sales in 2024,,,,,,,,,,,,,,,,,,,,,,,,,,,,,,,,,,,,,
1367,37053,NC,0,no residential sales in 2024,,,,,,,,,,,,,,,,,,,,,,,,,,,,,,,,,,,,,
1368,39091,OH,0,no residential sales in 2024,,,,,,,,,,,,,,,,,,,,,,,,,,,,,,,,,,,,,
1369,51683,VA,453,ok,acceptable (VEI within +/-10),0.8729787234042553,7.599528621411118,0.9906230149519362,0.0237256473973342,6.2568556891938485,1.0172869253098271,0.9020889420741002,1.0109900637276243,0.0109903190815271,1.0027089238197812e-09,0.0064179352403146,0.0067538191720807,,0.0905267348899789,0.0636370226574365,,,,0.1500354133087044,,,0.1183115933947868,,0.0632831858821535,n/a (noise doesn't move it),,,progressive,progressive,progressive,,progressive,progressive,,progressive,
1370,06105,CA,0,no residential sales in 2024,,,,,,,,,,,,,,,,,,,,,,,,,,,,,,,,,,,,,
1371,37095,NC,56,skipped (fewer than 100 sales),,,,,,,,,,,,,,,,,,,,,,,,,,,,,,,,,,,,,
1372,45031,SC,518,ok,acceptable (VEI within +/-10),1.0,1.170955561417703,1.00165085206618,-0.0012974541060715,0.0,0.9958529797001624,0.9889948667718944,0.9972922291980298,-0.0027076338322097,-2.05690212779369e-08,-0.0013665269656715,-0.0014328653374351,0.0,0.0149543033813112,0.0503012184087827,0.0278223363046303,0.0,0.0580535570152346,0.0474701084102599,0.057202855520287,0.0571977977700126,0.0507208314202948,0.0582565025931261,0.0560672557022164,,,,,,,,,,,,
1373,39105,OH,0,no residential sales in 2024,,,,,,,,,,,,,,,,,,,,,,,,,,,,,,,,,,,,,
1374,27009,MN,555,ok,UNACCEPTABLE progressivity,0.8673846153846154,22.80164547513089,1.054930864022033,0.0671854133169613,53.47208648151231,0.8797532107033583,0.5940297534618241,1.0290517724813013,0.0290550334650937,-4.8617426858495495e-08,-0.0480301407583558,-0.0671409962522751,,0.2325747711797851,0.2198321290682808,,,0.2247150053957197,,,,0.1592991914545131,0.2226442165437926,0.2306293182959677,n/a (noise doesn't move it),,,progressive,progressive,,beyond 25%,progressive,progressive,,,
1375,34029,NJ,10041,ok,UNACCEPTABLE progressivity,0.5147540983606558,21.778098650874163,1.0208480607792598,0.0598932034671564,18.87832959319072,0.947600055475778,0.4719343477602462,0.9573137609711329,-0.042683898769592,-2.0663573787531426e-08,-0.0186754062655027,-0.0243853469012056,,0.236470746088917,0.1401069738764469,,,0.1649144837221888,,0.136207197242937,0.1362044605639397,0.0769151201465439,0.1633716755279589,0.173734329773032,n/a (noise doesn't move it),,,progressive,progressive,,beyond 25%,,,,,
1376,01101,AL,3676,ok,acceptable (VEI within +/-10),0.9769850097992478,20.41466557848563,1.0527473099713418,-0.0012219492556648,0.1676101186357391,0.9343708009612188,0.7513573439735902,0.9630693900766392,-0.0369264134272055,-1.3599521202233768e-07,-0.0290467493664001,-0.0389673745130192,,0.2234208334375201,0.1973728070569831,0.0867582177500884,,0.2124437030980878,,0.1791099654443859,0.1791033769318119,0.1838385495018815,0.2108205834071405,0.2248306055241883,n/a (noise doesn't move it),,,,progressive,,beyond 25%,,,,,
1377,42047,PA,0,no residential sales in 2024,,,,,,,,,,,,,,,,,,,,,,,,,,,,,,,,,,,,,
1378,25027,MA,3815,ok,acceptable (VEI within +/-10),0.928328125,0.3058388181448462,1.0001428793303322,-0.000665978046005,-0.1011637577505578,0.9993260225960012,0.9272704594290166,0.9989988355252848,-0.0010009895911487,-1.1776136485802859e-09,-0.0001589564221537,-0.0001367868527972,,0.0038036902471625,0.011177401543191,0.0068845533810077,0.0150728883384082,0.0109792504311423,0.1209043319319358,0.0122447703717279,0.012244307888579,0.0108549322978532,0.0109780928842308,0.0104771540415959,n/a (noise doesn't move it),,,,,,,,,,,
1379,48307,TX,82,skipped (fewer than 100 sales),,,,,,,,,,,,,,,,,,,,,,,,,,,,,,,,,,,,,
1380,40041,OK,788,ok,acceptable (VEI within +/-10),0.8219078799249531,28.43771205735548,1.0861526100186445,0.0060119550601736,-1.2557165572224118,0.8805984621492193,0.488323799939605,0.925074372915458,-0.0749193776766569,-1.6685462199067128e-07,-0.0530188461958682,-0.068853189478951,,,,,0.07593682681908,,,,,0.1925845859205131,,,n/a (noise doesn't move it),beyond 25%,beyond 25%,progressive,,beyond 25%,beyond 25%,beyond 25%,beyond 25%,,beyond 25%,beyond 25%
1381,21041,KY,185,ok,acceptable (confidence intervals overlap),1.0,27.518726490660168,1.3314524260179994,-0.1089926506823557,-19.529931972789115,0.543059968815517,0.1363951198014659,0.5318311091733624,-0.4681628741760639,-1.24158120697832e-06,-0.2013959569659469,-0.2740671492443742,0.0,,,,,,,,,,,,,beyond 25%,beyond 25%,beyond 25%,beyond 25%,beyond 25%,beyond 25%,beyond 25%,beyond 25%,beyond 25%,beyond 25%,beyond 25%
1382,12123,FL,252,ok,acceptable (confidence intervals overlap),0.7794263375056343,32.74080235924082,1.1293266000975577,-0.0335905951612502,-18.30505538518662,0.8426282358212596,0.3218968865020656,0.8223649403837568,-0.1776317076647897,-3.934802588312868e-07,-0.0658084694466352,-0.08938729806869,,,,0.201200422859922,,,,,,0.1879192290653807,,,n/a (noise doesn't move it),beyond 25%,beyond 25%,,beyond 25%,beyond 25%,beyond 25%,beyond 25%,beyond 25%,,beyond 25%,beyond 25%
1383,13237,GA,526,ok,acceptable (confidence intervals overlap),0.893784064516129,20.450267319770305,1.0362058553178737,-0.0065503696005722,-15.54325947992144,0.956842142191388,0.8181300087734952,0.9638879208013408,-0.0361111661812116,-6.54980160203479e-08,-0.0194984602577645,-0.0243673679287388,,0.2315809226912362,0.1554694715614467,0.1063083579835059,0.236490527461895,0.1682016176535461,,0.1850822687749276,0.185077912218835,0.1550243105369063,0.151688917124954,0.1816362977200863,n/a (noise doesn't move it),,,,,,beyond 25%,,,,,
1384,13139,GA,2666,ok,acceptable (VEI within +/-10),0.9277880434782608,14.717116410187309,1.022211011187758,0.0060877557304853,-1.4501058301067449,0.9342973112597024,0.9473015379758004,0.9490845547391368,-0.0509140031980621,-3.374852325010891e-09,-0.0239125026432509,-0.0244759225973094,,0.1743834028330904,0.1346825428767052,,0.0579213849623148,0.1951796099372945,0.0936808984787845,0.1269123326216635,0.1269112013577206,0.1220027894083331,0.1952089786153369,0.179158876482981,n/a (noise doesn't move it),,,progressive,,,,,,,,
1385,47063,TN,1154,ok,UNACCEPTABLE regressivity,0.5003092783505154,36.39400813714287,4.317148253276138,-0.1031217579047863,-34.0612128645033,0.3615625727368997,0.0002695954720306,0.4199035233837704,-0.5800872102691516,-1.0602992361352811e-08,-0.5241624283747663,-0.7497279247792539,,,,,,,,,,0.0206837261564184,,,n/a (noise doesn't move it),beyond 25%,beyond 25%,beyond 25%,beyond 25%,beyond 25%,beyond 25%,beyond 25%,beyond 25%,,beyond 25%,beyond 25%
1386,29079,MO,31,skipped (fewer than 100 sales),,,,,,,,,,,,,,,,,,,,,,,,,,,,,,,,,,,,,
1387,26157,MI,344,ok,UNACCEPTABLE regressivity,0.9306391953277092,39.546288129222795,1.3042622218886166,-0.0860726000346381,-48.94571295288653,0.6159471987473354,0.1072329344467569,0.7651319036709897,-0.2348443383475158,-4.75245222515041e-07,-0.1643451920177678,-0.1980352942043048,,,,,,,,,,0.1591738471009053,,,n/a (noise doesn't move it),beyond 25%,beyond 25%,beyond 25%,beyond 25%,beyond 25%,beyond 25%,beyond 25%,beyond 25%,,beyond 25%,beyond 25%
1388,18115,IN,56,skipped (fewer than 100 sales),,,,,,,,,,,,,,,,,,,,,,,,,,,,,,,,,,,,,
1389,51089,VA,641,ok,UNACCEPTABLE regressivity,0.5430303030303031,44.63120125549741,1.2230618080090097,-0.1597241203398664,-55.507811491779584,0.7869899526531291,0.3476992250858741,0.6741910199864714,-0.325802394017897,-6.659740351856199e-07,-0.0904761482492273,-0.0906837340210937,,,,,,,,,,0.214652808353402,,,n/a (noise doesn't move it),beyond 25%,beyond 25%,beyond 25%,beyond 25%,beyond 25%,beyond 25%,beyond 25%,beyond 25%,,beyond 25%,beyond 25%
1390,17015,IL,216,ok,acceptable (VEI within +/-10),0.8968986607929516,21.109028743418783,1.0091034624163926,0.0039018232223955,7.9167932422512655,1.005400909246209,0.9174112691084056,0.9506081197024672,-0.0493903723206962,-3.696498562707815e-08,0.0024594760731957,0.0148889678972012,,0.2439086407435949,0.1108212151783753,0.0904556676840025,,,0.1490077611530136,0.1821019634390999,0.1821008805559766,0.1324416614609677,,,n/a (noise doesn't move it),,,,progressive,progressive,,,,,progressive,progressive
1391,26135,MI,215,ok,acceptable (confidence intervals overlap),0.7938931297709924,30.15498367213293,1.2964315135849178,-0.0193993186125243,10.298444800442413,0.716361686702161,0.1369752362349187,0.82657039577535,-0.1734281637754191,-8.549058163316718e-08,-0.1394948213295421,-0.2030610767670775,,,,0.1650984551049715,,,,,,0.0670681783769406,,,n/a (noise doesn't move it),beyond 25%,beyond 25%,,progressive,beyond 25%,beyond 25%,beyond 25%,beyond 25%,,beyond 25%,beyond 25%
1392,27027,MN,588,ok,acceptable (VEI within +/-10),0.8823203802068773,9.854778679769298,1.0123177727520545,0.0048331191862713,-3.095193585250818,0.9716619685352548,0.6539910992310849,0.9772064424648242,-0.022792603615867,-5.22198394012328e-08,-0.0072299341463397,-0.0096637574668876,,0.1147343859325998,0.1085020831849985,,0.0496371077489246,0.0698758524999609,,0.079266825157829,0.0792619627564583,0.0724097782682707,0.0687660473788975,0.1006288221061102,n/a (noise doesn't move it),,,progressive,,,beyond 25%,,,,,
1393,47169,TN,0,no residential sales in 2024,,,,,,,,,,,,,,,,,,,,,,,,,,,,,,,,,,,,,
1394,47047,TN,888,ok,acceptable (VEI significance <= 10),0.6713710227462428,25.39080235244393,0.9997326964672184,0.0449911412323974,17.291479369242413,1.0578628593596484,0.5422311037266117,0.9734353482391722,-0.0265562878499462,9.48889488297133e-10,0.0185500257355275,0.0200885738421519,,,0.0071591928202298,,,,,0.1790642985983769,0.1790720533968267,0.0032344052162484,,,n/a (noise doesn't move it),beyond 25%,,progressive,progressive,progressive,beyond 25%,,,,progressive,progressive
1395,39095,OH,6083,ok,acceptable (VEI within +/-10),0.8077844311377246,22.99943910293031,1.0113805621281169,0.0157519140635994,2.5266795514077605,1.0130432805313525,0.7826890747150467,0.9709093633807558,-0.0290883674191133,-4.689721684382481e-08,0.0051771426581326,0.0074641443161621,,0.2396432330251559,0.0996813584817881,,,,,0.1416598990005476,0.1416566696377647,0.0835444247179076,,,n/a (noise doesn't move it),,,progressive,progressive,progressive,beyond 25%,,,,progressive,progressive
1396,19129,IA,0,no residential sales in 2024,,,,,,,,,,,,,,,,,,,,,,,,,,,,,,,,,,,,,
1397,04009,AZ,506,ok,acceptable (VEI within +/-10),0.5735229824561403,42.95127822065529,1.1582858517971226,0.0191777619633812,4.147714818845457,0.7391607369010217,0.1960096367106987,0.6548244521436486,-0.3451714692420667,-2.5199511322781876e-07,-0.0925687125887686,-0.1112540935448211,,,,,,,,,,0.1569933547998072,,,n/a (noise doesn't move it),beyond 25%,beyond 25%,progressive,progressive,beyond 25%,beyond 25%,beyond 25%,beyond 25%,,beyond 25%,beyond 25%
1398,01017,AL,743,ok,acceptable (confidence intervals overlap),0.7741935483870968,58.31212530840566,3.2775940539369692,-0.0991032104967823,21.47638888888889,0.4315800807704989,0.0008042831526236,0.6471506188235806,-0.3528386225624282,-6.744533878924031e-09,-0.4459614743486984,-0.6533533676296073,,,,,,,,,,0.0216276727509987,,,n/a (noise doesn't move it),beyond 25%,beyond 25%,beyond 25%,progressive,beyond 25%,beyond 25%,beyond 25%,beyond 25%,,beyond 25%,beyond 25%
1399,28077,,0,no residential sales in 2024,,,,,,,,,,,,,,,,,,,,,,,,,,,,,,,,,,,,,
1400,29083,,0,no residential sales in 2024,,,,,,,,,,,,,,,,,,,,,,,,,,,,,,,,,,,,,
1401,53057,WA,1529,ok,acceptable (VEI within +/-10),0.9096666666666666,12.17858711785634,1.012351032871181,0.0028630071991455,2.8036758985319143,0.9732415170639266,0.7473385798328213,0.9854052879024748,-0.0145940502759137,-4.167962442253836e-08,-0.0076762401122969,-0.0102299316871319,,0.1481346123015789,0.10774468945344,,,0.0829013467708361,,0.0856684290174482,0.085666594452686,0.0919536500547694,0.0814355275503351,0.0932110177375734,n/a (noise doesn't move it),,,progressive,progressive,,beyond 25%,,,,,
1402,36103,NY,14834,ok,UNACCEPTABLE progressivity,0.0095547433951745,2379.391498312439,0.8194449479847127,14.239590537571273,9671.11008552494,1.2966512380500164,0.1590701766661177,1.1715363910646028,0.1716810293664321,8.506516038387532e-09,0.1190288346327856,0.1408697268214206,,,,,,,,,,,,,n/a (noise doesn't move it),beyond 25%,progressive,progressive,progressive,progressive,beyond 25%,progressive,progressive,progressive,progressive,progressive
1403,21199,KY,896,ok,acceptable (confidence intervals overlap),0.7207419077568571,36.92987438940731,1.1160920251086457,0.053252166403847,27.74903837438685,0.7800900520027569,0.2843070145909299,0.778706849209811,-0.22128669394745,-3.496420468049504e-07,-0.0835244555040795,-0.1101550960208586,,,,,,,,,,0.1837316214462541,,,n/a (noise doesn't move it),beyond 25%,beyond 25%,progressive,progressive,beyond 25%,beyond 25%,beyond 25%,beyond 25%,,beyond 25%,beyond 25%
1404,51735,VA,0,no residential sales in 2024,,,,,,,,,,,,,,,,,,,,,,,,,,,,,,,,,,,,,
1405,51001,VA,631,ok,acceptable (VEI within +/-10),0.76,32.343963975107755,1.0407071269135717,0.0306772054348365,6.705034131184699,0.9786921250904,0.607573238316705,0.9163585776841816,-0.0836399091591724,-1.712563567669337e-07,-0.0085444712978353,-0.0166588369239084,,,0.1836912899241025,,,0.1150870605279634,,,,0.1603471835249414,0.1233231041475953,0.1231223246315221,n/a (noise doesn't move it),beyond 25%,,progressive,progressive,,beyond 25%,beyond 25%,beyond 25%,,,
1406,13193,GA,111,ok,acceptable (confidence intervals overlap),0.9723333333333334,67.47151965662293,2.067224749051096,-0.1997862686977413,-37.09291439168578,0.7425034933457539,0.2745974002666085,0.709721608464326,-0.2903100307669686,-5.073764280146043e-07,-0.1833266727488394,-0.293268689003177,0.1127447915964499,,,,,,,,,,,,,beyond 25%,beyond 25%,beyond 25%,beyond 25%,beyond 25%,beyond 25%,beyond 25%,beyond 25%,beyond 25%,beyond 25%,beyond 25%
1407,21079,KY,278,ok,UNACCEPTABLE regressivity,0.5738183749336165,48.01013966533739,1.198124087416315,-0.1199878558845768,-40.509594894910336,0.7260356264888692,0.3803367507846861,0.5955056333829405,-0.4044767005056087,-8.207309181321132e-07,-0.1017200516111713,-0.1050958692734629,,,,,,,,,,0.2326674230518564,,,n/a (noise doesn't move it),beyond 25%,beyond 25%,beyond 25%,beyond 25%,beyond 25%,beyond 25%,beyond 25%,beyond 25%,,beyond 25%,beyond 25%
1408,06037,CA,0,no residential sales in 2024,,,,,,,,,,,,,,,,,,,,,,,,,,,,,,,,,,,,,
1409,35057,NM,116,ok,acceptable (confidence intervals overlap),0.570754790182419,46.1532375804563,1.0383998849381766,0.0774209892679482,50.13186900945402,0.9909277085179956,0.6383205932985844,0.7648277651661373,-0.2352008118958437,-4.033250592701603e-07,-0.0024319982083569,0.0067173031474396,,,0.1405638388804627,,,0.0723092444577041,,,,0.1735203836004763,0.0508167694740249,,n/a (noise doesn't move it),beyond 25%,,progressive,progressive,,beyond 25%,beyond 25%,beyond 25%,,,progressive
1410,13095,GA,936,ok,UNACCEPTABLE regressivity,0.6320394736842105,35.20828928077997,1.2460010477294028,-0.1588916272677542,-57.0075589723763,0.7208436026539576,0.2843407162804166,0.6301161318350473,-0.3698811791215697,-2.930615230323991e-07,-0.1242549497660661,-0.1433776771068908,,,,,,,,,,0.202331377287675,,,n/a (noise doesn't move it),beyond 25%,beyond 25%,beyond 25%,beyond 25%,beyond 25%,beyond 25%,beyond 25%,beyond 25%,,beyond 25%,beyond 25%
1411,54031,WV,189,ok,acceptable (VEI within +/-10),0.5401162790697674,49.89510704027432,1.1806660336013248,-0.0732606812495688,8.452902488141287,0.7829200935933174,0.3913326547848017,0.6756227849118015,-0.3243736889824714,-6.580881866549961e-07,-0.0856121072152675,-0.0917993214831949,,,,,,,,,,0.23159995006005,,,n/a (noise doesn't move it),beyond 25%,beyond 25%,beyond 25%,beyond 25%,beyond 25%,beyond 25%,beyond 25%,beyond 25%,,beyond 25%,beyond 25%
1412,26059,MI,774,ok,acceptable (VEI significance <= 10),0.8519557533820556,32.48920858745943,1.171391861116191,-0.0834671352037682,-19.878167117031477,0.7645628409325907,0.3398656213325186,0.7227656601829501,-0.2772318272544919,-5.526238733796881e-07,-0.0974366571163996,-0.1174218397112332,,,,,,,,,,0.2294113910955887,,,n/a (noise doesn't move it),beyond 25%,beyond 25%,beyond 25%,beyond 25%,beyond 25%,beyond 25%,beyond 25%,beyond 25%,,beyond 25%,beyond 25%
1413,02020,AK,2820,ok,acceptable (VEI within +/-10),0.8368356695741983,14.58019168428229,1.0234289196591997,-0.0013315052548563,0.3124166620378355,0.8809965596054927,0.6785398982415359,0.9214050706243228,-0.0785941991097351,-1.3095624214074858e-07,-0.0307502059791107,-0.0349797076232911,,0.1693782049482622,0.1451995658730766,0.0240164008991005,,0.1567714188300488,,0.1353058048064141,0.1353054525225384,0.1150511082959296,0.1548174271169007,0.1626020709797129,n/a (noise doesn't move it),,,,progressive,,beyond 25%,,,,,
1414,13113,GA,1487,ok,acceptable (VEI within +/-10),0.9083235294117648,10.94774356417518,1.018552193221446,-0.02274208696835,0.7059648062400383,0.9062344979821488,0.7801556630801466,0.9143725190405834,-0.0856271805841599,-1.232780738831943e-07,-0.0231939836533114,-0.0249399755261252,,0.1328882221233344,0.128811266681129,0.1047956876307113,,0.1324055546996335,0.2104374781012973,0.125058327534176,0.1250581479454461,0.1203263959632422,0.1321986473769958,0.1355257254291528,n/a (noise doesn't move it),,,,progressive,,,,,,,
1415,37113,NC,859,ok,acceptable (VEI within +/-10),0.8034893617021277,19.335104460486555,1.0391095460407436,0.0059984102292454,-2.117436523635681,0.9665099536054794,0.6786934797581183,0.9799216592199718,-0.020077172019265,-2.6723055886280852e-08,-0.0177721032237927,-0.033514480267474,,0.2210365928903639,0.2089547660558144,,0.1054533501897674,0.1704630778116225,,0.1435691801190672,0.1435671870667257,0.1410477437294536,0.1736844503752157,0.2488890488799852,n/a (noise doesn't move it),,,progressive,,,beyond 25%,,,,,
1416,48285,TX,99,skipped (fewer than 100 sales),,,,,,,,,,,,,,,,,,,,,,,,,,,,,,,,,,,,,
1417,40097,OK,524,ok,UNACCEPTABLE regressivity,0.9860665595481546,31.911797257529624,1.2095301065362958,-0.1384257769475349,-45.69950691381793,0.7830839355653431,0.9079306577396008,0.6983729793722294,-0.3016275864284379,-1.1234399422684145e-07,-0.1034916326414565,-0.1053390618474054,0.1635218585946403,0.2477140446403744,,,,,0.215706948868183,,,0.2472122032118262,,,,,beyond 25%,beyond 25%,beyond 25%,beyond 25%,,beyond 25%,beyond 25%,,beyond 25%,beyond 25%
1418,55135,WI,0,no residential sales in 2024,,,,,,,,,,,,,,,,,,,,,,,,,,,,,,,,,,,,,
1419,37157,NC,1582,ok,acceptable (VEI significance <= 10),0.824947619047619,42.02951817649935,1.1598385775366655,-0.0079297859047439,19.02646055449409,0.8116988187525964,0.3692281729891091,0.808256157813849,-0.191722790683375,-5.06111565417266e-07,-0.0799413399445452,-0.0994887614286743,,,,0.1427784369721749,,,,,,0.220195049306489,,,n/a (noise doesn't move it),beyond 25%,beyond 25%,,progressive,beyond 25%,beyond 25%,beyond 25%,beyond 25%,,beyond 25%,beyond 25%
1420,27115,MN,771,ok,UNACCEPTABLE progressivity,0.8789473684210526,36.16880543261717,1.0552428482141225,0.0534357506761067,32.57577663237239,0.9174030120522702,0.6208703463635745,0.932452529730133,-0.0675150609539577,-2.7177104690864346e-07,-0.0336003652392742,-0.0460796392349125,,,0.2246998023168084,,,0.2407171758444213,,,,0.2041827049114727,0.2302919986697168,0.226665430023245,n/a (noise doesn't move it),beyond 25%,,progressive,progressive,,beyond 25%,beyond 25%,beyond 25%,,,
1421,21093,KY,1841,ok,UNACCEPTABLE progressivity,0.6673170731707317,36.384417362602875,2.662465032845485,0.0163453178352458,39.28997492929617,0.3592097273376474,-0.0004715655742176,0.6000700140280881,-0.3999136038326956,-4.335037118652391e-09,-0.4670211049681803,-0.6320254279938469,,,,,,,,,,0.0177671928662761,,,n/a (noise doesn't move it),beyond 25%,beyond 25%,progressive,progressive,beyond 25%,beyond 25%,beyond 25%,beyond 25%,,beyond 25%,beyond 25%
1422,05031,AR,0,no residential sales in 2024,,,,,,,,,,,,,,,,,,,,,,,,,,,,,,,,,,,,,
1423,42051,PA,0,no residential sales in 2024,,,,,,,,,,,,,,,,,,,,,,,,,,,,,,,,,,,,,
1424,27117,MN,157,ok,acceptable (VEI within +/-10),0.9096,19.36900965835508,1.0100815737485282,0.0007520349282605,8.98289888911909,1.015337571543066,0.8876993594731105,0.9715320306996734,-0.0284687406611481,-1.2007882025653352e-07,0.0053124576657608,0.007338168903301,,0.2078275221195842,0.0855093091397676,0.0176199465808669,,,0.1955680380762433,0.1258267292828447,0.1258002462300767,0.0821523051519808,,,n/a (noise doesn't move it),,,,progressive,progressive,,,,,progressive,progressive
1425,17151,,0,no residential sales in 2024,,,,,,,,,,,,,,,,,,,,,,,,,,,,,,,,,,,,,
1426,36085,NY,3633,ok,acceptable (VEI within +/-10),0.9323076923076924,12.84158602487755,1.0187678160031228,-0.014922517919567,-2.0419115082239903,0.8500413852153369,0.7171097430421814,0.8670064320281194,-0.1329933851681422,-1.3379408713357697e-07,-0.0290842744710291,-0.0304073125389896,,0.1552456559896129,0.1353150943120021,0.076889589601006,0.0621718160619519,0.1382147668772864,0.2201297765500608,0.1323676659151532,0.1323675514363319,0.1176904201900163,0.1344828076727787,0.1402570090303276,n/a (noise doesn't move it),,,,,,,,,,,
1427,13187,GA,554,ok,acceptable (confidence intervals overlap),0.8412972340718315,22.60218096394421,1.007359670598411,0.0623262221172993,25.861168106172553,0.9760674403582256,0.7985378157507702,1.03092916879823,0.0309309636364174,-2.3165316814337685e-08,-0.0077982511230965,-0.0142643842546197,,0.2324194680138104,0.0820426761726516,,,0.0920904140330495,0.2227004291159679,,,0.0812387015342732,0.0885993351399839,0.1162905014371899,n/a (noise doesn't move it),,,progressive,progressive,,,progressive,progressive,,,
1428,47021,TN,650,ok,acceptable (confidence intervals overlap),0.9245804195804196,16.980848680149187,1.0444126311278947,-0.0310667368476621,-11.68487842617947,0.8450518271523911,0.508436163251046,0.858775088490883,-0.1412245870172598,-1.7404546471273189e-07,-0.0412852101574656,-0.0469142290398172,,0.1959939548708391,0.2050460693250397,0.1193040084393277,0.1750848863860089,0.1898155823882417,,0.1863424678041666,0.1863422411107503,0.1289447831777486,0.1883452051867975,0.2042591144308816,n/a (noise doesn't move it),,,,,,beyond 25%,,,,,
1429,36087,,0,no residential sales in 2024,,,,,,,,,,,,,,,,,,,,,,,,,,,,,,,,,,,,,
1430,51790,VA,0,no residential sales in 2024,,,,,,,,,,,,,,,,,,,,,,,,,,,,,,,,,,,,,
1431,48201,TX,42414,ok,UNACCEPTABLE progressivity,0.8360583553104328,28.820324434651216,1.0255399316686684,0.112525125676977,52.579248019510835,0.9374290923413516,0.7331619937958154,0.8702276449962238,-0.1297713972842173,-5.4634902154950034e-09,-0.0228282319371369,-0.0156395093224135,,,0.1573397553455654,,,0.1937870365571109,,,,0.1427716838222656,0.1754358715505128,0.1516439211042512,n/a (noise doesn't move it),beyond 25%,,progressive,progressive,,progressive,beyond 25%,beyond 25%,,,
1432,36111,NY,1827,ok,acceptable (VEI within +/-10),0.8372631578947368,25.610384513795424,1.080780946783998,-0.0295295375287231,0.9995577112293856,0.8253043629214293,0.4779196434994456,0.8068872991053703,-0.1931121120426616,-1.4697455521100896e-07,-0.0591787715398208,-0.0665310335004789,,,,0.1599933555119687,,,,,,0.1683924387623644,,,n/a (noise doesn't move it),beyond 25%,beyond 25%,,progressive,beyond 25%,beyond 25%,beyond 25%,beyond 25%,,beyond 25%,beyond 25%
1433,48025,TX,128,ok,acceptable (confidence intervals overlap),0.8331775470427902,29.78674364795182,1.0436163643640164,0.0745602867547765,23.165281953845223,0.9106547685495876,0.6068118961234007,0.9540231863229556,-0.0459694110329116,-1.4198318202305553e-07,-0.0303696868047969,-0.0354328519673683,,,0.2061541601628554,,,0.1672685443133463,,0.1484386990843426,0.1484243197121867,0.1494266952049133,0.1622761268378219,0.2270371840756226,n/a (noise doesn't move it),beyond 25%,,progressive,progressive,,beyond 25%,,,,,
1434,27073,MN,118,ok,acceptable (VEI significance <= 10),0.9392294916328594,37.06189341647786,1.7347616261283665,-0.0513038058539268,-26.130998213197277,0.6707947567690274,0.026565515463572,0.7870291001944041,-0.2129374221059557,-1.4465521132525445e-07,-0.2193054911451368,-0.3818225128693107,,,,,,,,,,0.163865511073491,,,n/a (noise doesn't move it),beyond 25%,beyond 25%,beyond 25%,beyond 25%,beyond 25%,beyond 25%,beyond 25%,beyond 25%,,beyond 25%,beyond 25%
1435,53025,,0,no residential sales in 2024,,,,,,,,,,,,,,,,,,,,,,,,,,,,,,,,,,,,,
1436,36005,NY,2303,ok,UNACCEPTABLE progressivity,0.9196850393700788,26.77806719639955,1.1163865410191378,0.1212624887536532,45.485608737406686,0.6996311477456942,0.3571907417606895,1.1194119445052588,0.1194159392678001,-3.101577344622814e-08,-0.117968612517185,-0.1452824833295118,,0.2439686602925267,0.2442800002098638,,,,,,,0.1470859170469734,,,n/a (noise doesn't move it),,,progressive,progressive,beyond 25%,beyond 25%,progressive,progressive,,beyond 25%,beyond 25%
1437,47013,TN,586,ok,acceptable (VEI significance <= 10),0.961535037878788,35.066170006366924,1.1459573037137083,-0.0996363945927351,-29.486948582599258,0.8962290200274629,0.8920232297812873,0.8006240090839114,-0.1993766009388516,-3.640744402362221e-07,-0.0485423660950052,-0.0421634558836241,,,,,,,0.2000389311013243,,,,,0.2351345746300658,n/a (noise doesn't move it),beyond 25%,beyond 25%,beyond 25%,beyond 25%,beyond 25%,,beyond 25%,beyond 25%,beyond 25%,beyond 25%,
1438,22033,LA,7283,ok,UNACCEPTABLE regressivity,0.8045188284518828,33.875873228910656,1.5137599341149608,-0.076837641740472,-63.045844091745295,0.4854118400475588,0.1464897715918198,0.4349874460675465,-0.5650081001972025,-7.021047054048884e-08,-0.2672919245084411,-0.3477564316070876,,,,,,,,,,0.1754844462218485,,,n/a (noise doesn't move it),beyond 25%,beyond 25%,beyond 25%,beyond 25%,beyond 25%,beyond 25%,beyond 25%,beyond 25%,,beyond 25%,beyond 25%
1439,22117,LA,2,skipped (fewer than 100 sales),,,,,,,,,,,,,,,,,,,,,,,,,,,,,,,,,,,,,
1440,38093,ND,166,ok,acceptable (VEI within +/-10),0.8529663119492279,16.11716304189925,1.010148845440976,-0.0023299802787758,5.7195869362281675,0.9973124186977782,0.8461382791603262,0.9722250079252092,-0.0277686955375218,-1.371793888359032e-07,-0.0007953736229246,0.0010908377502073,,0.2031400529759829,0.1124765807773212,0.0410280305276788,,0.0279685273911121,0.1894181799856341,0.1325814101749901,0.1325868155714057,0.0996150634637879,0.0267660485519913,0.0451419140364534,n/a (noise doesn't move it),,,,progressive,,,,,,,
1441,46039,,0,no residential sales in 2024,,,,,,,,,,,,,,,,,,,,,,,,,,,,,,,,,,,,,
1442,19071,IA,0,no residential sales in 2024,,,,,,,,,,,,,,,,,,,,,,,,,,,,,,,,,,,,,
1443,28137,MS,189,ok,UNACCEPTABLE progressivity,0.4028624413530052,37.80068983133951,1.248393301771866,0.0407820340770292,50.29298402083032,0.5714407630377376,0.0555523449233515,0.4996951173314393,-0.5002992370113412,-2.233484483018579e-07,-0.1647176151668921,-0.21559076504628,,,,,,,,,,0.0937437981680501,,,n/a (noise doesn't move it),beyond 25%,beyond 25%,progressive,beyond 25%,beyond 25%,beyond 25%,beyond 25%,beyond 25%,,beyond 25%,beyond 25%
1444,41065,OR,269,ok,UNACCEPTABLE progressivity,0.9799,22.05370724036213,1.0141861361995723,0.116843980247909,36.73312753002006,0.9684785120148688,0.6827581120722008,0.9508160067461292,-0.0491835899293295,-1.328879367082673e-07,-0.0071981254135509,-0.0113515600342217,0.1794886606611228,0.2411435974999253,0.0991594309338154,,,0.0882130588115763,,0.1012038252039478,0.1012022186977897,0.1042653416157394,0.0804220090501151,0.085207457658061,,,,progressive,progressive,,beyond 25%,,,,,
1445,18007,IN,144,ok,acceptable (VEI within +/-10),0.7806841137270951,32.561367101557515,1.0651163201808436,-0.0118452890289102,9.231600931189298,0.7969173014547811,0.6735605656827628,0.5987605193798914,-0.4012480076725472,-1.0716999155129742e-06,-0.0503269628613616,-0.0466664022093374,,,0.2290173986826431,0.1013675889776273,,0.2190278269647025,,,,0.2435401621967116,0.2117983894602444,0.1888827563767097,n/a (noise doesn't move it),beyond 25%,,,progressive,,beyond 25%,beyond 25%,beyond 25%,,,
1446,06095,CA,0,no residential sales in 2024,,,,,,,,,,,,,,,,,,,,,,,,,,,,,,,,,,,,,
1447,29075,MO,59,skipped (fewer than 100 sales),,,,,,,,,,,,,,,,,,,,,,,,,,,,,,,,,,,,,
1448,37043,NC,263,ok,acceptable (VEI within +/-10),0.4605614973262032,37.573993790880294,1.1095729301584356,-0.0265561679066602,-1.203503807810368,0.8585528190082157,0.3405841492537316,0.7437630390985425,-0.2562338369934349,-1.761612006576542e-07,-0.0531807409476612,-0.0584141056993487,,,,0.1970279020408538,0.0614293347583715,,,,,0.1583411819829489,,,n/a (noise doesn't move it),beyond 25%,beyond 25%,,,beyond 25%,beyond 25%,beyond 25%,beyond 25%,,beyond 25%,beyond 25%
1449,26065,MI,3496,ok,acceptable (VEI within +/-10),0.8285714285714286,17.64821344238216,1.0123801044662393,0.0018919523117261,-0.3067968785110397,0.9958191407253342,0.8350503192997715,0.9473323242098696,-0.0526672457396776,-9.069086593772536e-08,-0.0013885162152866,0.0017431927102705,,0.1995460929195754,0.1174375625524778,,0.0229701385220199,0.0351659497857121,0.2493771338592913,0.1410125034152839,0.1410114416358668,0.0902059940183182,0.0320603644704244,,n/a (noise doesn't move it),,,progressive,,,,,,,,progressive
1450,48151,TX,19,skipped (fewer than 100 sales),,,,,,,,,,,,,,,,,,,,,,,,,,,,,,,,,,,,,
1451,09130,CT,0,no residential sales in 2024,,,,,,,,,,,,,,,,,,,,,,,,,,,,,,,,,,,,,
1452,31169,NE,93,skipped (fewer than 100 sales),,,,,,,,,,,,,,,,,,,,,,,,,,,,,,,,,,,,,
1453,48035,TX,170,ok,acceptable (VEI within +/-10),0.9244862199497872,29.5791596782915,1.112773521241144,-0.0402490112043071,1.1668221917045043,0.7766982919630504,0.5520474595837168,0.7437912128658849,-0.2562081937858162,-4.320423464672938e-07,-0.0808702946106889,-0.0914395700896457,,,,0.207674451233943,0.0764096251959488,,,,,0.2368534951895001,,,n/a (noise doesn't move it),beyond 25%,beyond 25%,,,beyond 25%,beyond 25%,beyond 25%,beyond 25%,,beyond 25%,beyond 25%
1454,29121,MO,138,ok,acceptable (confidence intervals overlap),0.4337370110473661,34.61913917413825,1.0876533544632732,0.0555856334400242,18.285443315663123,0.8013475479113947,0.2051763407780182,0.7530515803055208,-0.2469383238146102,-3.44204645674073e-07,-0.0671582217782007,-0.0931502864549322,,,,,,,,,,0.1229378889676715,,,n/a (noise doesn't move it),beyond 25%,beyond 25%,progressive,progressive,beyond 25%,beyond 25%,beyond 25%,beyond 25%,,beyond 25%,beyond 25%
1455,22025,,0,no residential sales in 2024,,,,,,,,,,,,,,,,,,,,,,,,,,,,,,,,,,,,,
1456,39141,OH,953,ok,acceptable (confidence intervals overlap),0.635375,37.78845074582174,1.0863776058038332,5.4369464392701906e-05,14.44514960841612,0.9006431870241595,0.4474706970120452,0.808898291718115,-0.1910954921003235,-3.485447803636582e-07,-0.0356309684657707,-0.038345358686749,,,0.249207612298951,0.0077591338520179,,0.2410344552759678,,,,0.1811207265349845,0.2190391812455613,0.21578509792501,n/a (noise doesn't move it),beyond 25%,,,progressive,,beyond 25%,beyond 25%,beyond 25%,,,
1457,45089,SC,192,ok,acceptable (confidence intervals overlap),0.4792834332389171,60.69444176989572,2.297390496588056,-0.1723991902446355,-29.445624491186887,0.4590253433477568,0.0184334529587096,0.4370439610188562,-0.5629447144480499,-1.7048388842979894e-07,-0.3594874080409405,-0.4911565032594704,,,,,,,,,,0.1000257775865,,,n/a (noise doesn't move it),beyond 25%,beyond 25%,beyond 25%,beyond 25%,beyond 25%,beyond 25%,beyond 25%,beyond 25%,,beyond 25%,beyond 25%
1458,21047,KY,1051,ok,acceptable (VEI within +/-10),0.6857142857142857,33.77339479602026,1.1181080414475386,0.0028106030818471,-2.0254629629629557,0.8438706625882791,0.3273831045454298,0.8540783161891392,-0.1459019977742945,-2.3454992095404722e-07,-0.0614301451427627,-0.0823506685994048,,,,,0.1184724757381344,,,,,0.2126776707477472,,,n/a (noise doesn't move it),beyond 25%,beyond 25%,progressive,,beyond 25%,beyond 25%,beyond 25%,beyond 25%,,beyond 25%,beyond 25%
1459,31147,NE,110,ok,acceptable (VEI significance <= 10),0.7545480237154151,36.71698449177463,1.2156098911529416,-0.1386423926000975,-32.50552284426712,0.8730800958265336,0.5420879113986576,0.7691332474055967,-0.2308687352706522,-6.295506577592671e-07,-0.0657126252901003,-0.069979479069649,,,,,,,,,,,,,n/a (noise doesn't move it),beyond 25%,beyond 25%,beyond 25%,beyond 25%,beyond 25%,beyond 25%,beyond 25%,beyond 25%,beyond 25%,beyond 25%,beyond 25%
1460,17139,IL,158,ok,acceptable (VEI within +/-10),0.8158618867924529,25.832492156284516,1.0265473058458616,0.001952594513799,-6.024764813376917,0.9639978625449312,0.9506279274392212,0.8852886482863377,-0.1147057558978268,-1.0561076932001041e-07,-0.0137368792486116,-0.0058478711714735,,,0.1693327899809521,0.0717805458116695,0.1147289225374758,0.2100123724901836,0.2279727906827519,,,0.1716360068658286,0.1965103770306199,0.216268574380975,n/a (noise doesn't move it),beyond 25%,,,,,,beyond 25%,beyond 25%,,,
1461,13019,GA,231,ok,acceptable (VEI within +/-10),0.4993863636363636,41.171516697884115,1.3616114018164025,-0.0709005546927528,0.4132432307230325,0.7421252291670257,0.1350989537685515,0.7592993959292083,-0.2406887581726301,-8.33552453541407e-08,-0.1422714367166848,-0.2065642457549623,,,,,0.0131562945363405,,,,,0.127282436071708,,,n/a (noise doesn't move it),beyond 25%,beyond 25%,beyond 25%,,beyond 25%,beyond 25%,beyond 25%,beyond 25%,,beyond 25%,beyond 25%
1462,41029,OR,2297,ok,acceptable (VEI within +/-10),0.9703896103896104,11.9106005464453,1.004649415552414,0.0320617364403207,6.793154615832979,0.9781975483548712,0.9409921765164168,0.9683830842950256,-0.0316167256423047,-5.27718811101754e-08,-0.0046657757204899,-0.0051657927298998,,0.1396990016072766,0.0707751728779238,,,0.0644209792312554,0.110468293371097,0.079349262145994,0.0793490444042895,0.0736504315856059,0.0627335682000034,0.0655879723986371,n/a (noise doesn't move it),,,progressive,progressive,,,,,,,
1463,13287,GA,62,skipped (fewer than 100 sales),,,,,,,,,,,,,,,,,,,,,,,,,,,,,,,,,,,,,
1464,48373,TX,488,ok,UNACCEPTABLE progressivity,0.7622348381002392,47.40106246910654,1.0383876247983534,0.0693418548008339,52.29728867873767,0.9853806453815672,0.7557832312646927,0.9167848603262096,-0.0831934855736255,-1.7757767977094613e-07,-0.0059442671401028,-0.0028861737626755,,,0.1723929787289677,,,0.1283209294572248,,,,0.178854521785935,0.0883134789601271,0.041765067606596,n/a (noise doesn't move it),beyond 25%,,progressive,progressive,,beyond 25%,beyond 25%,beyond 25%,,,
1465,40037,OK,937,ok,acceptable (confidence intervals overlap),0.8397776542523624,32.384245616109574,1.099450503413464,-0.026120079016821,-10.038270800062511,0.8570735008942214,0.7205142824992998,0.8004671246455478,-0.1995291883186363,-3.009390073249434e-07,-0.0569239299408146,-0.0611505988553791,,,,0.2342135173709098,0.2142471654192974,,,,,,,,n/a (noise doesn't move it),beyond 25%,beyond 25%,,,beyond 25%,beyond 25%,beyond 25%,beyond 25%,beyond 25%,beyond 25%,beyond 25%
1466,34027,NJ,5342,ok,UNACCEPTABLE progressivity,0.6319247757073844,20.15674340021854,1.0097690661996106,0.0469504837075699,16.239158856343227,0.971524086005316,0.6380199310784204,0.9456339237758334,-0.0543649366146191,-2.1056586113095152e-08,-0.0081494363438752,-0.0057023563846663,,0.2172833021700988,0.1010490158480355,,,0.0965887744988969,,0.1315439571198952,0.1315428806187965,0.0688147392609515,0.088269527684823,0.0744237189704594,n/a (noise doesn't move it),,,progressive,progressive,,beyond 25%,,,,,
1467,37023,NC,1174,ok,acceptable (VEI within +/-10),0.7181155388471179,29.943716027234267,1.065245873914736,-0.0128121450343694,-4.38842975102006,0.9603416225323644,0.6802528244575856,0.9021137750366895,-0.0978829421929283,-7.208613860153761e-08,-0.0181934911845507,-0.0209860456884158,,,0.2108715176276271,0.1750187684890161,0.1085896954271793,0.1854170028919448,,,,0.2011684083029646,0.1613211952167142,0.1907266031249187,n/a (noise doesn't move it),beyond 25%,,,,,beyond 25%,beyond 25%,beyond 25%,,,
1468,21191,KY,228,ok,acceptable (confidence intervals overlap),0.7036240786240786,42.978812329420805,1.2441887238412264,-0.064951744637027,-32.25061276567169,0.7239248659178524,0.3416156801169153,0.7168307665053776,-0.2831606593753059,-1.0034483823306615e-06,-0.1251186754002484,-0.1488516220287328,,,,,,,,,,0.2216336028491775,,,n/a (noise doesn't move it),beyond 25%,beyond 25%,beyond 25%,beyond 25%,beyond 25%,beyond 25%,beyond 25%,beyond 25%,,beyond 25%,beyond 25%
1469,13101,GA,25,skipped (fewer than 100 sales),,,,,,,,,,,,,,,,,,,,,,,,,,,,,,,,,,,,,
1470,48459,TX,314,ok,acceptable (confidence intervals overlap),0.8988223169537224,26.300286049374275,1.049579162379925,-0.0066842756651483,10.368567325146277,0.8979298146073832,0.744152729468957,0.8662718175748778,-0.1337281120976791,-4.491844367214984e-07,-0.0312144653750983,-0.0371442737197742,,,0.2051355950907092,0.0943532723089098,,0.2006934747287768,,0.2358750051943375,0.235873584889085,0.2001843035114809,0.2344206070497646,0.2036146320484537,n/a (noise doesn't move it),beyond 25%,,,beyond 25%,,beyond 25%,,,,,
1471,17141,IL,588,ok,acceptable (confidence intervals overlap),0.8933066666666667,12.805278342950675,1.018113883597097,-0.0274976424332799,-10.289157856439948,0.9398447272294176,0.8107516155379886,0.9168797830207754,-0.0831200159556155,-3.19056234146735e-07,-0.0156702966911701,-0.0156886754858618,,0.1557865284499477,0.1254502328823229,0.1276718531287509,0.1542692237323815,0.1134191757053379,0.2287998893838058,0.1492709592767555,0.149271161404724,0.1131223535853341,0.1118507746724531,0.1075603340305034,n/a (noise doesn't move it),,,,,,,,,,,
1472,51830,VA,149,ok,acceptable (VEI within +/-10),0.9477873540497088,6.17193596486234,1.0092155700557797,0.0027047657695394,2.8122836097204345,0.980787619898443,0.8120648593181453,0.9930058138718292,-0.0069939735073153,-2.8626070213406864e-08,-0.0058762085560488,-0.0082606270382685,,0.0743674353180784,0.1057189982191366,0.0876785160202554,,0.0917021512427539,0.1788536122485238,0.0771355350010903,0.0771349677545899,0.0951083088229783,0.0919515286780055,0.1022846955509735,n/a (noise doesn't move it),,,,progressive,,,,,,,
1473,18127,IN,2113,ok,acceptable (VEI within +/-10),0.8501831501831502,17.561652244172283,1.0335651753555664,0.0330100428316286,7.82033196833331,0.9198978803348384,0.513219494485127,0.9622365513654024,-0.037760807607119,-1.2867083474800046e-08,-0.0246354866303395,-0.0304326619622365,,0.2042664444218603,0.1720130080431759,,,0.1579319969035745,,0.1089167008980293,0.1089112562241315,0.0942021607069245,0.148149284550027,0.194546954780159,n/a (noise doesn't move it),,,progressive,progressive,,progressive,,,,,
1474,42041,PA,0,no residential sales in 2024,,,,,,,,,,,,,,,,,,,,,,,,,,,,,,,,,,,,,
1475,24031,MD,9981,ok,acceptable (VEI within +/-10),0.825625,11.175693439574642,1.0295403173524484,-0.0197942062565682,-5.0501760188839455,0.941036808123458,0.5872570062052167,0.9456602160069209,-0.0543394073288198,-6.029406454550766e-09,-0.0217660327017767,-0.0249272979436381,,0.1345198442284738,0.1717698424615331,0.1376607759450914,0.1560552629424199,0.1704342511087361,,0.1409988605429533,0.1409981923360964,0.1004780672379745,0.1709667143472247,0.1776134736537313,n/a (noise doesn't move it),,,,,,progressive,,,,,
1476,51193,VA,1010,ok,UNACCEPTABLE regressivity,0.514628389154705,57.83796622604424,1.319140399835568,0.0024950020452664,-90.50326947408492,0.7291739284476727,0.1250058805053508,0.6954695629686743,-0.3045019194409856,-2.9118449586651e-07,-0.1427428641353081,-0.2432570175289921,,,,,,,,,,0.2000502289906794,,,n/a (noise doesn't move it),beyond 25%,beyond 25%,progressive,beyond 25%,beyond 25%,beyond 25%,beyond 25%,beyond 25%,,beyond 25%,beyond 25%
1477,01069,AL,1428,ok,acceptable (VEI within +/-10),0.877691172854684,19.134818071700664,1.0253101126840387,0.0153986532475759,-2.548186625194064,0.9613695066766949,0.7545231208582271,0.9609269925534598,-0.0390708446457988,-7.979395660327798e-08,-0.013866142964378,-0.0183566379142132,,0.210559094200281,0.1542959004655435,,0.1014617903229607,0.1330314202082094,,0.1428611744174371,0.1428580855596586,0.1370265567177047,0.1350881829098413,0.1318833729406171,n/a (noise doesn't move it),,,progressive,,,beyond 25%,,,,,
1478,38071,ND,119,ok,acceptable (VEI significance <= 10),0.8258823529411765,21.607190326205945,1.0482157460247516,0.0078848354666442,13.887692789635675,0.8977769318945266,0.537337541740923,0.9222820245486342,-0.0777152531372797,-2.83368711388184e-07,-0.033482281303625,-0.0454424436064992,,0.240951267215083,0.1940162535954459,,,0.1848590674038735,,0.1851170548801766,0.1851209769943292,0.1107458469946325,0.1671970519963883,0.2109293823743341,n/a (noise doesn't move it),,,progressive,progressive,,beyond 25%,,,,,
1479,21033,KY,211,ok,acceptable (confidence intervals overlap),0.7258181818181818,42.248072242901166,1.4846060981042464,-0.0680994513622871,-18.350100581701604,0.6796396234098,0.1206908091904408,0.713176155032617,-0.2868010694577613,-6.300216400560304e-07,-0.1861414039401079,-0.299261149176572,,,,,,,,,,0.1941755107867128,,,n/a (noise doesn't move it),beyond 25%,beyond 25%,beyond 25%,beyond 25%,beyond 25%,beyond 25%,beyond 25%,beyond 25%,,beyond 25%,beyond 25%
1480,40069,OK,110,ok,acceptable (confidence intervals overlap),0.7777128401360545,57.14984767852007,1.3579217039883358,-0.1184602963727197,-39.22393640925991,0.6616181927408579,0.3675244152707195,0.6878008170536982,-0.3121916377242874,-1.49813045582311e-06,-0.1574960155635787,-0.1883653929840201,,,,,,,,,,,,,n/a (noise doesn't move it),beyond 25%,beyond 25%,beyond 25%,beyond 25%,beyond 25%,beyond 25%,beyond 25%,beyond 25%,beyond 25%,beyond 25%,beyond 25%
1481,35055,NM,168,ok,UNACCEPTABLE progressivity,0.561300213664264,42.73292340650164,2.1280305101737147,0.0606162764530772,55.020761428429104,0.3736913609751081,0.0195596894285485,0.6530484645736687,-0.3469489065240308,-7.0971833099325585e-09,-0.4063792663719072,-0.5125453324303153,,,,,,,,,,0.0225815773967784,,,n/a (noise doesn't move it),beyond 25%,beyond 25%,progressive,progressive,beyond 25%,beyond 25%,beyond 25%,beyond 25%,,beyond 25%,beyond 25%
1482,04015,AZ,5881,ok,UNACCEPTABLE progressivity,0.720286014300715,33.415035361613526,1.173988710152898,0.0589300948379603,16.647231554133704,0.7912504073576813,0.0126362344336859,0.7184914165153056,-0.2815089472911363,-7.745951386063168e-09,-0.0971582499253609,-0.1644092191917221,,,,,,,,,,0.036183836480099,,,n/a (noise doesn't move it),beyond 25%,beyond 25%,progressive,progressive,beyond 25%,beyond 25%,beyond 25%,beyond 25%,,beyond 25%,beyond 25%
1483,40053,OK,69,skipped (fewer than 100 sales),,,,,,,,,,,,,,,,,,,,,,,,,,,,,,,,,,,,,
1484,55053,WI,293,ok,acceptable (VEI within +/-10),0.8267857142857142,28.74209174208813,1.093186251046825,-0.0358797404920411,0.6390269792663349,0.8437182058745111,0.618399823089114,0.8617998967559737,-0.1381959947110728,-5.558092127809061e-07,-0.0590571004822044,-0.0658454493621893,,,,0.2389432689618463,0.0334238397136768,,,,,0.2231094831943998,,,n/a (noise doesn't move it),beyond 25%,beyond 25%,,,beyond 25%,beyond 25%,beyond 25%,beyond 25%,,beyond 25%,beyond 25%
1485,19191,IA,0,no residential sales in 2024,,,,,,,,,,,,,,,,,,,,,,,,,,,,,,,,,,,,,
1486,51027,VA,0,no residential sales in 2024,,,,,,,,,,,,,,,,,,,,,,,,,,,,,,,,,,,,,
1487,13219,GA,542,ok,acceptable (VEI within +/-10),0.8514965769514733,14.26680486046886,1.0105670962092974,0.0185962128764033,8.425974830312304,0.9628033765623546,0.7731125048395407,0.9649614647469898,-0.035037915942263,-4.7154058481837496e-08,-0.0099253281064448,-0.0103125325846544,,0.1717828071343485,0.1028449332759196,,,0.1066669109245286,,0.1087849374776126,0.108782216396018,0.0821606056274787,0.1129270665766316,0.0975065152935137,n/a (noise doesn't move it),,,progressive,progressive,,beyond 25%,,,,,
1488,01079,,0,no residential sales in 2024,,,,,,,,,,,,,,,,,,,,,,,,,,,,,,,,,,,,,
1489,40113,OK,611,ok,acceptable (confidence intervals overlap),0.73372,34.70898513113969,1.2334031949384712,-0.0197379258230595,-25.058413969423235,0.7487937260283204,0.0741079578804107,0.8372173978085112,-0.1627779708347549,-5.862809516707421e-08,-0.1168282376953122,-0.1585374183851451,,,,0.2428082338723163,,,,,,0.0988085806220843,,,n/a (noise doesn't move it),beyond 25%,beyond 25%,,beyond 25%,beyond 25%,beyond 25%,beyond 25%,beyond 25%,,beyond 25%,beyond 25%
1490,27015,MN,361,ok,acceptable (VEI within +/-10),0.8807658833768495,16.72373509659748,1.0368926940361674,-0.0145823398218912,-3.7189743408297353,0.8897209780197283,0.7078024653937958,0.9282930493573304,-0.0717041847902211,-4.055374400859974e-07,-0.0342796078452267,-0.0398105597933442,,0.1909149758441175,0.176920204873243,0.0982617951190457,0.1149789381494056,0.1718718528893416,,0.1786859672323506,0.178689914443932,0.1595165709852704,0.1754919738308369,0.1876284467145336,n/a (noise doesn't move it),,,,,,beyond 25%,,,,,
1491,13051,GA,5361,ok,UNACCEPTABLE progressivity,0.8025149700598803,29.871613108270303,1.0547744001847743,0.1141784750224143,28.87650530913399,0.9407681254665348,0.5424408965333727,0.9373987186348808,-0.0625995427619973,-4.550873342351001e-09,-0.0256806042837043,-0.037684922060587,,,0.2212204556629934,,,0.2213361917151536,,0.2181613682838158,0.2181587214109345,0.1202361298089779,0.2011328321817753,,n/a (noise doesn't move it),beyond 25%,,progressive,progressive,,beyond 25%,,,,,beyond 25%
1492,20115,,0,no residential sales in 2024,,,,,,,,,,,,,,,,,,,,,,,,,,,,,,,,,,,,,
1493,47069,TN,0,no residential sales in 2024,,,,,,,,,,,,,,,,,,,,,,,,,,,,,,,,,,,,,
1494,45043,SC,1317,ok,acceptable (VEI within +/-10),0.5849142857142857,24.28302206199448,1.0251753506231418,0.0258928834982208,4.328287204580589,0.9561719521396854,0.5639062273593429,0.9906267372544052,-0.0093649499064611,-3.1276081755732944e-08,-0.0180742939919835,-0.0198494762269372,,,0.1622811657666925,,,0.1536388288672268,,0.0882284322359583,0.0882012767046981,0.0978020174312924,0.1510268267404229,0.1495807778885315,n/a (noise doesn't move it),beyond 25%,,progressive,progressive,,beyond 25%,,,,,
1495,48135,TX,2162,ok,UNACCEPTABLE progressivity,0.7143132976093383,46.383125627561725,1.0837716695085078,0.2222734646748199,63.61592322866296,0.6835053641533324,0.3432175722120506,0.4369826408026117,-0.5630147486345465,-4.204875539184192e-07,-0.0817566621459662,-0.0865140500016889,,,,,,,,,,0.2392573811038044,,,n/a (noise doesn't move it),beyond 25%,beyond 25%,progressive,progressive,beyond 25%,beyond 25%,beyond 25%,beyond 25%,,beyond 25%,beyond 25%
1496,48071,TX,644,ok,acceptable (VEI within +/-10),0.9248281375589712,16.193359699396023,1.0219916270757428,0.0152984702012043,3.4087507342479704,0.8344334095305137,0.7444164436668127,0.915293555472906,-0.0847051897359615,-2.986157985532829e-07,-0.0363035519801946,-0.0389319692648819,,0.1917722222450256,0.1396125585208731,,,0.1609930105569811,0.2316882908974184,0.1376001285920944,0.1375991268767044,0.1319811194190032,0.149959165080305,0.1712037213419722,n/a (noise doesn't move it),,,progressive,progressive,,,,,,,
1497,37197,NC,469,ok,acceptable (VEI within +/-10),0.6935540983606557,40.12455481312301,1.1346563681427695,-0.0396515390782476,0.2522539118127123,0.8128906770417742,0.4864926923237238,0.771701658861916,-0.2282917595098178,-5.419226289605763e-07,-0.0704236258326616,-0.0699709163162207,,,,0.2349093032216964,,,,,,0.2292171158188693,,,n/a (noise doesn't move it),beyond 25%,beyond 25%,,progressive,beyond 25%,beyond 25%,beyond 25%,beyond 25%,,beyond 25%,beyond 25%
1498,37059,NC,644,ok,acceptable (VEI within +/-10),0.5805986175115208,28.16239690084035,1.0330657684430418,0.0261758565752063,7.35157053353988,0.9677165738770996,0.4978959740219193,0.8599381081882121,-0.1400588556030335,-8.207728263485723e-08,-0.010827924775024,-0.0070706101941544,,,0.1699472599497991,,,0.1278510163899494,,,,0.0986595335961511,0.114850646021576,0.0873000399446233,n/a (noise doesn't move it),beyond 25%,,progressive,progressive,,beyond 25%,beyond 25%,beyond 25%,,,
1499,48369,TX,42,skipped (fewer than 100 sales),,,,,,,,,,,,,,,,,,,,,,,,,,,,,,,,,,,,,
1500,06043,,0,no residential sales in 2024,,,,,,,,,,,,,,,,,,,,,,,,,,,,,,,,,,,,,
1501,53011,WA,6521,ok,acceptable (VEI within +/-10),0.8968906525573193,7.683641599950576,1.0057643132135878,-0.0052165279256602,-2.823805691412533,0.9672405979929904,0.9037613062924412,0.9627804633723616,-0.0372185090719101,-2.4695478450323753e-09,-0.0086251141435662,-0.0085051919890299,,0.0947503754561448,0.0833416012481592,0.0500799065693096,0.0871995721853434,0.0851889960372937,,0.0855851483010195,0.0855836299406788,0.0723134986469625,0.0849240886573626,0.0882809366172463,n/a (noise doesn't move it),,,,,,beyond 25%,,,,,
1502,39109,OH,0,no residential sales in 2024,,,,,,,,,,,,,,,,,,,,,,,,,,,,,,,,,,,,,
1503,41061,OR,262,ok,acceptable (VEI within +/-10),0.9903049694901233,18.04910549379151,1.0368053994928388,-0.0626543290468248,-3.349082112520322,0.9216763586423754,0.8655825912626215,0.8552792243568726,-0.1447215128351646,-3.860518527626051e-07,-0.0213104892549256,-0.0206131867570642,0.131759914679044,0.2204662093725331,0.1812321757647877,0.2316225097446957,0.1872737997722968,0.157141314352249,0.1713936864221885,0.2001377391687729,0.2001382807531471,0.1993178313644084,0.1496041607620192,0.1315103414335502,,,,,,,,,,,,
1504,31129,NE,81,skipped (fewer than 100 sales),,,,,,,,,,,,,,,,,,,,,,,,,,,,,,,,,,,,,
1505,27005,MN,753,ok,UNACCEPTABLE progressivity,0.8404938271604938,33.26709812248054,1.0329101735605266,0.073103558547846,43.14330166049842,0.9459125157284862,0.6871377822097371,1.0530161694978533,0.053051995077479,-1.0402313898095043e-07,-0.0217728889457815,-0.0297658661935635,,,0.1922845845537017,,,0.2066655995534008,,,,0.1365054605153917,0.1992568574220296,0.1932497592453037,n/a (noise doesn't move it),beyond 25%,,progressive,progressive,,beyond 25%,progressive,progressive,,,
1506,39017,OH,4726,ok,acceptable (VEI significance <= 10),0.7985378999689344,14.597934388672224,0.9975134426080056,0.0398942625363044,10.83755909520255,1.0211593118834574,0.6466025935892191,1.0225545410952164,0.0225560597467826,8.34145374314954e-09,0.0065343369410484,0.004400713384304,,0.1706613475479623,,,,,,,,,,,n/a (noise doesn't move it),,progressive,progressive,progressive,progressive,beyond 25%,progressive,progressive,progressive,progressive,progressive
1507,18037,IN,309,ok,acceptable (VEI within +/-10),0.8377777777777777,17.330218155773657,1.020848990361227,0.0068387922924018,8.247625566869162,0.9210770169320716,0.7676061215396871,0.9380388331883476,-0.0619582694111662,-2.780859481882229e-07,-0.0210256144163241,-0.0206363078292013,,0.19768949369869,0.1509462213223107,,,0.1548976764166892,0.2164355422609123,0.1491270981017839,0.1491241484139052,0.1344400144114481,0.1479179721853905,0.1404747171904548,n/a (noise doesn't move it),,,progressive,progressive,,,,,,,
1508,55119,WI,307,ok,acceptable (confidence intervals overlap),0.8512820512820513,29.74817344720463,1.1199283353472664,-0.0606990761874147,-20.298834849740885,0.7842857076252241,0.5191790345226113,0.796105707074978,-0.2038887181384217,-9.167996124997272e-07,-0.0783029329299955,-0.0942617699226249,,,,0.2420571475800397,,,,,,0.2274806550262307,,,n/a (noise doesn't move it),beyond 25%,beyond 25%,,beyond 25%,beyond 25%,beyond 25%,beyond 25%,beyond 25%,,beyond 25%,beyond 25%
1509,30047,MT,0,no residential sales in 2024,,,,,,,,,,,,,,,,,,,,,,,,,,,,,,,,,,,,,
1510,37187,NC,140,ok,UNACCEPTABLE regressivity,0.6150553191489362,48.61610055616288,1.2649242982862603,-0.193473991114539,-54.80230930690848,0.740841232277621,0.4140730184049841,0.6364696192200661,-0.3635272628028003,-1.593501203373244e-06,-0.1098542153747468,-0.1103977665974256,,,,,,,,,,,,,n/a (noise doesn't move it),beyond 25%,beyond 25%,beyond 25%,beyond 25%,beyond 25%,beyond 25%,beyond 25%,beyond 25%,beyond 25%,beyond 25%,beyond 25%
1511,53027,,0,no residential sales in 2024,,,,,,,,,,,,,,,,,,,,,,,,,,,,,,,,,,,,,
1512,42065,PA,0,no residential sales in 2024,,,,,,,,,,,,,,,,,,,,,,,,,,,,,,,,,,,,,
1513,53015,WA,1359,ok,acceptable (VEI within +/-10),0.8647037037037038,13.04294410448514,1.008517758417871,0.0249030949625692,7.35156987432817,0.959594476098897,0.8024115723388047,0.9437484279483148,-0.0562509659445087,-1.131104438178406e-07,-0.0082021490529384,-0.0088316373943992,,0.1546772810988168,0.0939379854564714,,,0.0825640882573654,0.1838071889200913,0.1036551873853856,0.1036546305955648,0.0903695349148306,0.073916023415809,0.079392227647576,n/a (noise doesn't move it),,,progressive,progressive,,,,,,,
1514,17171,IL,40,skipped (fewer than 100 sales),,,,,,,,,,,,,,,,,,,,,,,,,,,,,,,,,,,,,
1515,19055,IA,0,no residential sales in 2024,,,,,,,,,,,,,,,,,,,,,,,,,,,,,,,,,,,,,
1516,47001,TN,1040,ok,acceptable (VEI within +/-10),0.4799152542372881,23.316294377191586,1.018325915720286,0.0437225985125409,5.1215255063567575,0.9985458389316162,0.3984046810885785,0.9399872585251008,-0.0600079783095579,-5.1804561495980025e-08,-0.0004034638554435,0.0011758330321448,,0.2432824312209243,0.1239617694676758,,,0.0254111204995705,,0.137105269018677,0.1371010984042786,0.0749944924309776,0.0246099705472453,,n/a (noise doesn't move it),,,progressive,progressive,,beyond 25%,,,,,progressive
1517,51087,VA,3713,ok,acceptable (VEI within +/-10),0.8142857142857143,11.442270911646776,1.0086057518578238,0.0213082074350419,6.715017387633644,0.984171495897004,0.7418402188602745,0.9943929496268736,-0.005606377498669,-9.662110757851333e-09,-0.0048014282893769,-0.0083206483584239,,0.1405787473933713,0.0918745529827019,,,0.0662040785725509,,0.0440655514436602,0.044063410250954,0.0655048727794407,0.0656146278166309,0.0922970230250047,n/a (noise doesn't move it),,,progressive,progressive,,beyond 25%,,,,,
1518,49001,UT,9,skipped (fewer than 100 sales),,,,,,,,,,,,,,,,,,,,,,,,,,,,,,,,,,,,,
1519,38045,ND,55,skipped (fewer than 100 sales),,,,,,,,,,,,,,,,,,,,,,,,,,,,,,,,,,,,,
1520,39089,OH,0,no residential sales in 2024,,,,,,,,,,,,,,,,,,,,,,,,,,,,,,,,,,,,,
1521,55133,WI,4608,ok,acceptable (VEI within +/-10),0.9265947106690776,11.083724305246216,1.0171432431771064,-0.0074652913346006,-4.325656120362061,0.9468428751944268,0.7890000565981459,0.9504658602142724,-0.0495344518856332,-6.438900361289367e-08,-0.0153847642359505,-0.0179557568784258,,0.1341662363633189,0.124896294667902,0.0812011435529654,0.0995398996420878,0.1181071682539846,,0.1168624012763012,0.1168629829441496,0.1093694047798135,0.1175027898736668,0.1299065794965868,n/a (noise doesn't move it),,,,,,beyond 25%,,,,,
1522,31057,NE,12,skipped (fewer than 100 sales),,,,,,,,,,,,,,,,,,,,,,,,,,,,,,,,,,,,,
1523,19171,IA,0,no residential sales in 2024,,,,,,,,,,,,,,,,,,,,,,,,,,,,,,,,,,,,,
1524,36093,NY,1771,ok,acceptable (VEI within +/-10),0.8431578947368421,21.04176723675334,1.0195268130891812,0.0009550894520315,-1.2363399535684267,0.9352666010424172,1.1555156760549103,0.8502908203785162,-0.1497086730849942,-2.7852372236422436e-08,-0.0177167633239414,-0.01230225136154,,0.2271876748198392,0.1477793340199653,,0.0618928402953223,0.1433782768459932,0.1641595346642096,0.1939188520521747,0.1939180577770925,0.1733905621365764,0.1255508722121995,0.1077113067713742,n/a (noise doesn't move it),,,progressive,,,,,,,,
1525,54039,,0,no residential sales in 2024,,,,,,,,,,,,,,,,,,,,,,,,,,,,,,,,,,,,,
1526,45085,SC,1190,ok,acceptable (VEI significance <= 10),0.7058640276855979,24.23372850597223,1.0352717669592997,0.0438147318815959,19.816346671648542,0.9704910620575604,0.3756365239777799,0.9986461657981804,-0.0013469543532616,-8.026437784064105e-08,-0.0098703061262803,-0.0191760896119117,,,0.1856471550221121,,,0.1065863365080931,,0.0230119290249511,0.0229699477442032,0.0903919973945837,0.1033133147471095,0.1457985822546073,n/a (noise doesn't move it),beyond 25%,,progressive,progressive,,beyond 25%,,,,,
1527,29099,,0,no residential sales in 2024,,,,,,,,,,,,,,,,,,,,,,,,,,,,,,,,,,,,,
1528,48113,TX,18483,ok,acceptable (VEI within +/-10),0.8892692850377872,17.471911393259013,1.0266739085352217,-0.0150824248387096,-4.1951348505003985,0.9634361899020104,0.8995456343757405,0.913045078948481,-0.0869547521054493,-2.031820223535321e-09,-0.0183330386166808,-0.0092308427478842,,0.1970467316118889,0.1684239224961619,0.1290990156376329,0.1239683688460511,0.169412633311987,,0.1891400201486332,0.1891396324645106,0.1505009158049408,0.1707029517402564,0.1680456382776633,n/a (noise doesn't move it),,,,,,beyond 25%,,,,,
1529,46127,SD,0,no residential sales in 2024,,,,,,,,,,,,,,,,,,,,,,,,,,,,,,,,,,,,,
1530,53007,WA,1255,ok,acceptable (VEI within +/-10),0.8158911174785101,20.23879373753853,1.0333464845673428,0.0143560801916453,-2.9748856721375985,0.9489368485282648,0.5742291799565473,0.9904653023426516,-0.0095234661567989,-3.0487192700873033e-08,-0.0205177613952345,-0.0315363972533135,,0.222008082759485,0.1705627407967893,,0.1306206370557804,0.1722342862573504,,0.1173220792297868,0.1171135596151864,0.1244694372667507,0.1735883253001528,0.1945310215114118,n/a (noise doesn't move it),,,progressive,,,beyond 25%,,,,,
1531,19011,IA,0,no residential sales in 2024,,,,,,,,,,,,,,,,,,,,,,,,,,,,,,,,,,,,,
1532,27125,MN,27,skipped (fewer than 100 sales),,,,,,,,,,,,,,,,,,,,,,,,,,,,,,,,,,,,,
1533,26155,MI,960,ok,acceptable (confidence intervals overlap),0.8308888888888889,21.58560643367711,1.0276195287924366,0.0119851982128886,10.212307286916332,0.925214048488244,0.7348142987266588,0.9618578639194676,-0.0381348215722522,-3.217036928686693e-07,-0.0225911600520745,-0.0223552396241943,,0.2353366238672998,0.1597786984228927,,,0.1559504981074403,,0.15146955589911,0.1514611367134069,0.1330185182533419,0.1529260426364841,0.1432383629498307,n/a (noise doesn't move it),,,progressive,progressive,,beyond 25%,,,,,
1534,45007,SC,3535,ok,UNACCEPTABLE regressivity,0.6677674084709261,40.030278957959695,3.3296754610766004,-0.0573277408216981,-83.79056716504309,0.392712146589454,0.0011172373543697,0.3973144044437072,-0.6026772930846482,-5.862217645054077e-09,-0.4733175017703774,-0.7005738337574228,,,,,,,,,,0.0413122179064565,,,n/a (noise doesn't move it),beyond 25%,beyond 25%,beyond 25%,beyond 25%,beyond 25%,beyond 25%,beyond 25%,beyond 25%,,beyond 25%,beyond 25%
1535,40035,OK,103,ok,acceptable (confidence intervals overlap),0.6607438596491229,38.37656105261687,1.4660572130974436,-0.1699658545748465,-49.641502791482715,0.5110953523536447,0.1261324055307763,0.3762790842259907,-0.6237197327034085,-3.444687038101097e-07,-0.246825434910928,-0.2913446976836769,,,,,,,,,,0.1804176116304179,,,n/a (noise doesn't move it),beyond 25%,beyond 25%,beyond 25%,beyond 25%,beyond 25%,beyond 25%,beyond 25%,beyond 25%,,beyond 25%,beyond 25%
1536,01123,,0,no residential sales in 2024,,,,,,,,,,,,,,,,,,,,,,,,,,,,,,,,,,,,,
1537,16059,ID,58,skipped (fewer than 100 sales),,,,,,,,,,,,,,,,,,,,,,,,,,,,,,,,,,,,,
1538,39071,OH,695,ok,UNACCEPTABLE progressivity,0.7331210191082802,43.2195686540055,1.1588661844347308,-0.0142060479165062,38.01309828751503,0.82061707704652,0.2354934898788767,0.7927427097133197,-0.2072508838667439,-3.8144807364162297e-07,-0.074625805850816,-0.0856889929752213,,,,0.2132399395251292,,,,,,0.1906726983832913,,,n/a (noise doesn't move it),beyond 25%,beyond 25%,,progressive,beyond 25%,beyond 25%,beyond 25%,beyond 25%,,beyond 25%,beyond 25%
1539,20109,,0,no residential sales in 2024,,,,,,,,,,,,,,,,,,,,,,,,,,,,,,,,,,,,,
1540,08043,CO,0,no residential sales in 2024,,,,,,,,,,,,,,,,,,,,,,,,,,,,,,,,,,,,,
1541,37013,NC,0,no residential sales in 2024,,,,,,,,,,,,,,,,,,,,,,,,,,,,,,,,,,,,,
1542,37139,NC,0,no residential sales in 2024,,,,,,,,,,,,,,,,,,,,,,,,,,,,,,,,,,,,,
1543,29027,MO,410,ok,acceptable (VEI within +/-10),0.5094104025084201,28.36154086494503,1.1636405779828547,-0.0786143329854351,-7.902797717592585,0.6202430337238153,0.1631697407407013,0.6728960676469316,-0.3270975828623461,-2.1236297254295319e-07,-0.132430721533189,-0.1519052602522221,,,,0.2377361145962463,0.1461830547069494,,,,,0.1139878316236378,,,n/a (noise doesn't move it),beyond 25%,beyond 25%,,,beyond 25%,beyond 25%,beyond 25%,beyond 25%,,beyond 25%,beyond 25%
1544,26033,MI,551,ok,acceptable (VEI within +/-10),0.7475982532751092,28.22983836081058,1.060058256767899,0.0002233868100633,0.227921233779914,0.9189937627614324,0.5300516618263504,0.9091498712195416,-0.0908460626862076,-2.8606995740479204e-07,-0.030254850192696,-0.0353172569375641,,,0.2195817352527596,,0.0076693550212159,0.2007246346773855,,0.2297988891208605,0.2297831987119415,0.1659507018485277,0.20519140420384,0.2149861807171439,n/a (noise doesn't move it),beyond 25%,,progressive,,,beyond 25%,,,,,
1545,17065,IL,102,ok,acceptable (confidence intervals overlap),0.7507222905982907,38.30757536005883,1.2849317867694452,-0.1306271088298152,-29.78470360685623,0.7102522756989842,0.3515631315347553,0.67264851414375,-0.3273395655945548,-1.3110446283352124e-06,-0.1321973325393224,-0.163897513433036,,,,,,,,,,,,,n/a (noise doesn't move it),beyond 25%,beyond 25%,beyond 25%,beyond 25%,beyond 25%,beyond 25%,beyond 25%,beyond 25%,beyond 25%,beyond 25%,beyond 25%
1546,49013,UT,171,ok,acceptable (VEI within +/-10),0.8154907827872045,25.212176611079556,1.0322330673396545,0.0657229778814154,6.662943940970271,0.8765905583908156,0.6703351218385267,0.8475570700050624,-0.1524418865990998,-1.969043150803109e-07,-0.0331492838356353,-0.0366169301601333,,,0.1637025410207516,,,0.1958159823269902,,0.2385208861777336,0.2385191000232491,0.1687415322612523,0.1668798543488024,0.1892832770115011,n/a (noise doesn't move it),beyond 25%,,progressive,progressive,,beyond 25%,,,,,
1547,18165,IN,232,ok,acceptable (VEI significance <= 10),0.776284268467821,40.5568645871283,1.2854445592962684,-0.1857964692526658,-33.2171356798765,0.6172260916162786,0.1940021820841558,0.5509969925108984,-0.4490014680787519,-9.60365461712788e-07,-0.1577315814047242,-0.1769695180547841,,,,,,,,,,0.2163598768715126,,,n/a (noise doesn't move it),beyond 25%,beyond 25%,beyond 25%,beyond 25%,beyond 25%,beyond 25%,beyond 25%,beyond 25%,,beyond 25%,beyond 25%
1548,06005,,0,no residential sales in 2024,,,,,,,,,,,,,,,,,,,,,,,,,,,,,,,,,,,,,
1549,21087,KY,170,ok,UNACCEPTABLE regressivity,0.5528052805280528,69.77227806861403,1.619464401844927,-0.2461662915000424,-64.39880597014925,0.527503946028167,0.1536708337002232,0.4879335971585966,-0.5120604333122585,-1.0176387032759094e-06,-0.2385615212812164,-0.2717053711244206,,,,,,,,,,0.2259853198536787,,,n/a (noise doesn't move it),beyond 25%,beyond 25%,beyond 25%,beyond 25%,beyond 25%,beyond 25%,beyond 25%,beyond 25%,,beyond 25%,beyond 25%
1550,20091,KS,5300,ok,acceptable (VEI within +/-10),0.8319862855757887,20.37802625149099,1.0474556359761684,-0.0091177044274522,2.835578093422234,0.8777384818613213,0.8121316255489656,0.8046518258611234,-0.1953478513937997,-6.055082305571561e-09,-0.0438029479844228,-0.0419988157332384,,0.2178719533186297,0.2096159714731061,0.0931002660850547,,0.2177230651096523,0.239437645669681,0.2365866916832797,0.2365846526617985,0.1831822568020167,0.1942337520548286,0.1892686165058112,n/a (noise doesn't move it),,,,progressive,,,,,,,
1551,51065,VA,372,ok,acceptable (VEI significance <= 10),0.7087411598302686,14.688599874762089,1.0051757702619677,0.0348024846000321,17.375066699667936,1.020749813721637,0.7145915441515084,0.9517099406078398,-0.0482892979972946,-5.0085878637729673e-08,0.0045051282942389,0.0049572757518404,,0.168184314768996,0.0622156532348717,,,,,0.0986489624640547,0.0986481937305203,0.0480634147951474,,,n/a (noise doesn't move it),,,progressive,progressive,progressive,beyond 25%,,,,progressive,progressive
1552,19077,IA,0,no residential sales in 2024,,,,,,,,,,,,,,,,,,,,,,,,,,,,,,,,,,,,,
1553,55095,WI,1046,ok,acceptable (VEI within +/-10),0.9709489872468116,18.687986769284233,1.0321845226362858,0.0014257491556235,0.0978484023865424,0.9259252769177768,0.8344692334620353,0.9433700303502548,-0.0566297466455125,-1.540783208467982e-07,-0.0257980340490677,-0.0319656557147729,,0.2082594470290798,0.1605825339176284,,0.0094809586910276,0.189146063025605,,0.1655289482706642,0.1655291451101151,0.1662815902583343,0.1822360990582018,0.1840758903472042,n/a (noise doesn't move it),,,progressive,,,beyond 25%,,,,,
1554,20125,,0,no residential sales in 2024,,,,,,,,,,,,,,,,,,,,,,,,,,,,,,,,,,,,,
1555,28033,MS,1684,ok,UNACCEPTABLE progressivity,0.3966516258590753,41.65373383007399,3.81040716549044,0.1873850015609922,40.83879994170429,0.2031242646366348,0.0006844720778203,0.2829348278295542,-0.7170648067679614,-6.033611857350967e-10,-0.6257079173451803,-0.7372557886949427,,,,,,,,,,0.0101226108638779,,,n/a (noise doesn't move it),beyond 25%,beyond 25%,progressive,progressive,beyond 25%,beyond 25%,beyond 25%,beyond 25%,,beyond 25%,beyond 25%
1556,08021,CO,0,no residential sales in 2024,,,,,,,,,,,,,,,,,,,,,,,,,,,,,,,,,,,,,
1557,39101,OH,926,ok,UNACCEPTABLE regressivity,0.6923151260504201,34.64349315734604,1.195611225088542,-0.1499434405671878,-50.3176328737807,0.7443461007290384,0.2526675040952926,0.6709315789014118,-0.3290650748086639,-3.634979618801123e-07,-0.0991531530104705,-0.1071140285649254,,,,,,,,,,0.1536439582346483,,,n/a (noise doesn't move it),beyond 25%,beyond 25%,beyond 25%,beyond 25%,beyond 25%,beyond 25%,beyond 25%,beyond 25%,,beyond 25%,beyond 25%
1558,21027,KY,509,ok,acceptable (VEI within +/-10),0.6724137931034483,45.98199717281864,1.1245391619437282,0.0314997854658269,8.015261442326477,0.892775020727106,0.4040832225653992,0.8930758717017191,-0.1068985339741765,-2.937401836595927e-07,-0.0554359578441936,-0.0869019821099617,,,,,,,,,,0.1953300236578678,,,n/a (noise doesn't move it),beyond 25%,beyond 25%,progressive,progressive,beyond 25%,beyond 25%,beyond 25%,beyond 25%,,beyond 25%,beyond 25%
1559,37069,NC,1639,ok,acceptable (VEI within +/-10),0.8692563081009296,32.49521702853881,1.0955210100328423,0.0459693879686332,1.7783019057359548,0.7208679527537647,0.3244343887004897,0.6159177118946455,-0.3840804349738946,-3.997687581601488e-07,-0.0771951164688333,-0.0834994728553903,,,,,,,,,,0.2199679181367821,,,n/a (noise doesn't move it),beyond 25%,beyond 25%,progressive,progressive,beyond 25%,beyond 25%,beyond 25%,beyond 25%,,beyond 25%,beyond 25%
1560,01013,,0,no residential sales in 2024,,,,,,,,,,,,,,,,,,,,,,,,,,,,,,,,,,,,,
1561,01033,AL,911,ok,acceptable (VEI within +/-10),0.8988059701492538,21.657184601997866,1.0326104678613517,0.0105734369328431,-9.683936087647412,0.9528980088746224,0.745668505258362,0.9327645841652504,-0.0672338255525653,-1.8590553681502946e-07,-0.0174674806614361,-0.0219177833725681,,0.241098894615616,0.1652397048982355,,0.2150610791154419,0.1624862837302986,,0.1800207513915227,0.180017184865217,0.152713079243803,0.1548920772136679,0.172520964188639,n/a (noise doesn't move it),,,progressive,,,beyond 25%,,,,,
1562,51049,VA,117,ok,acceptable (confidence intervals overlap),0.773854961832061,28.22116132551099,1.0625572679658275,0.0783475511943194,10.71219699914951,0.7874332627729114,0.5194910724782282,0.6870559633413211,-0.3129427066121037,-3.248496708896508e-07,-0.0635097094386232,-0.0629844726457931,,,0.2117249988020673,,,,,,,0.1858358903500399,0.2395762848374857,0.223743665972852,n/a (noise doesn't move it),beyond 25%,,progressive,progressive,beyond 25%,beyond 25%,beyond 25%,beyond 25%,,,
1563,37183,NC,20972,ok,UNACCEPTABLE progressivity,0.9022704081632652,29.599716584179784,1.1253125594305953,0.1042204429339875,71.11290898586411,0.7616890193870807,0.5718424590035035,0.5214238109080753,-0.4785757418145996,-2.009009489488906e-08,-0.0908058247440251,-0.1058935049862028,,,,,,,,,,0.2333045629035553,,,n/a (noise doesn't move it),beyond 25%,beyond 25%,progressive,progressive,beyond 25%,beyond 25%,beyond 25%,beyond 25%,,beyond 25%,beyond 25%
1564,12121,FL,416,ok,acceptable (VEI within +/-10),0.6605964035087719,33.42445518578006,1.1312433576744003,-0.102353937566488,-8.114989005156554,0.8068333278940213,0.3085923030612518,0.7480011354604663,-0.2519974862104511,-4.104645903314742e-07,-0.0683231702409763,-0.0761706830689843,,,,,0.1847169604961167,,,,,0.1619417308583873,,,n/a (noise doesn't move it),beyond 25%,beyond 25%,beyond 25%,,beyond 25%,beyond 25%,beyond 25%,beyond 25%,,beyond 25%,beyond 25%
1565,08119,CO,583,ok,acceptable (VEI within +/-10),0.9414512195121952,12.522505209321462,1.0341942934703052,-0.0177438653163624,-5.560958589307793,0.8576569171390908,0.6280886838045862,0.902686148557647,-0.097313129561604,-1.599088283601141e-07,-0.0367514755098203,-0.0425811332936572,,0.1519020934304495,0.1903997508737769,0.1225447822862666,0.1479603467915617,0.1803784523315223,,0.1486621461339752,0.1486611598210402,0.1317526948899799,0.1624113647923389,0.1876445462446155,n/a (noise doesn't move it),,,,,,beyond 25%,,,,,
1566,20073,KS,37,skipped (fewer than 100 sales),,,,,,,,,,,,,,,,,,,,,,,,,,,,,,,,,,,,,
1567,48207,TX,28,skipped (fewer than 100 sales),,,,,,,,,,,,,,,,,,,,,,,,,,,,,,,,,,,,,
1568,19119,IA,0,no residential sales in 2024,,,,,,,,,,,,,,,,,,,,,,,,,,,,,,,,,,,,,
1569,31051,NE,62,skipped (fewer than 100 sales),,,,,,,,,,,,,,,,,,,,,,,,,,,,,,,,,,,,,
1570,17063,IL,716,ok,acceptable (VEI within +/-10),0.8865487737843551,15.826345656921948,1.033070884160916,-0.00667800064666,4.311965951170665,0.9004376802549989,0.7647605518931061,0.9001886149742444,-0.0998106886010364,-9.938979409711706e-08,-0.0297307806540827,-0.0325274195650646,,0.1878249405394688,0.181223917123554,0.059389883909982,,0.1882976792291588,0.2407993304552308,0.1723114364039071,0.172309127402871,0.1427625423310516,0.1859648936631884,0.1927928521146018,n/a (noise doesn't move it),,,,progressive,,,,,,,
1571,40133,OK,270,ok,UNACCEPTABLE regressivity,0.8195472150445019,67.50366545101001,1.71564500909234,-0.2336545660280362,-82.18769392921543,0.5948593113771982,0.0910755617957631,0.4948390532587663,-0.5051565482635036,-6.061758867804862e-07,-0.2273740882997699,-0.2871601799766854,,,,,,,,,,,,,n/a (noise doesn't move it),beyond 25%,beyond 25%,beyond 25%,beyond 25%,beyond 25%,beyond 25%,beyond 25%,beyond 25%,beyond 25%,beyond 25%,beyond 25%
1572,51165,VA,1153,ok,acceptable (VEI significance <= 10),0.6848275862068965,35.664330096414666,1.7394879823251903,0.0897464638458526,27.9115908953089,0.3941448691292843,0.0004594576648602,0.5869415115509219,-0.4130505595785633,-2.771133726246446e-09,-0.3380835928305139,-0.4264183707008857,,,,,,,,,,0.0232880366540202,,,n/a (noise doesn't move it),beyond 25%,beyond 25%,progressive,progressive,beyond 25%,beyond 25%,beyond 25%,beyond 25%,,beyond 25%,beyond 25%
1573,56021,WY,1299,ok,acceptable (VEI within +/-10),0.8909248120300752,18.097832584301617,1.0235383515888503,0.0307022247267292,7.090355168084419,0.8538776756643346,0.710668760457341,0.8454511825637031,-0.1545484410935072,-2.954396176169056e-07,-0.0317725601785041,-0.0336592243111488,,0.2120335953231699,0.1466848107242552,,,0.1648641827411615,0.2378710634833628,0.1637491742579329,0.1637489004769821,0.1430959656227864,0.1504917108370582,0.1622800365824889,n/a (noise doesn't move it),,,progressive,progressive,,,,,,,
1574,18027,IN,192,ok,acceptable (VEI within +/-10),0.8463006396588486,28.383090446206147,1.067691696242358,-0.0216800134960501,0.5569717475441183,0.9029901926555068,0.7570941835427795,0.8822050237537341,-0.1177889575083884,-4.154104465979349e-07,-0.0365367732088963,-0.0339364497871839,,,0.220999450035678,0.2071764426066287,0.024596294121332,0.224858627015466,,0.2473229841370937,0.247316527957335,0.2116864757521181,0.2218759676783585,0.2058291542708831,n/a (noise doesn't move it),beyond 25%,,,,,beyond 25%,,,,,
1575,21053,KY,105,ok,UNACCEPTABLE regressivity,0.72,56.46070904418328,1.2724904712434075,-0.1922565798080082,-47.57792416452442,0.8304742549417596,0.726258638533027,0.6186208934308024,-0.3813794189845355,-6.881278193555864e-07,-0.0815077839184548,-0.0527393460642044,,,,,,,,,,,,0.2089668684250061,n/a (noise doesn't move it),beyond 25%,beyond 25%,beyond 25%,beyond 25%,beyond 25%,beyond 25%,beyond 25%,beyond 25%,beyond 25%,beyond 25%,
1576,48085,,0,no residential sales in 2024,,,,,,,,,,,,,,,,,,,,,,,,,,,,,,,,,,,,,
1577,29173,MO,0,no residential sales in 2024,,,,,,,,,,,,,,,,,,,,,,,,,,,,,,,,,,,,,
1578,48159,TX,68,skipped (fewer than 100 sales),,,,,,,,,,,,,,,,,,,,,,,,,,,,,,,,,,,,,
1579,08033,CO,0,no residential sales in 2024,,,,,,,,,,,,,,,,,,,,,,,,,,,,,,,,,,,,,
1580,13231,GA,228,ok,acceptable (confidence intervals overlap),0.8293416708354178,21.746961865043055,1.0178817471754071,0.0302581973227051,16.39061784065935,1.0073138078617832,0.663872644661316,0.9734687599513414,-0.0265299518540045,-8.12951461928979e-08,0.0022281925995604,-0.0011241872396094,,0.22791056005742,0.1244284201758097,,,,,0.1053018292637319,0.1052998794113861,0.0934969162557983,,0.0173747490560429,n/a (noise doesn't move it),,,progressive,progressive,progressive,beyond 25%,,,,progressive,
1581,28091,MS,102,ok,acceptable (confidence intervals overlap),0.426107605517641,43.7010371029339,1.134735435064449,-0.0410790566674566,22.42337187457416,0.7820284776693894,0.3285968127109849,0.672406700041887,-0.3275861866260829,-6.927794482584941e-07,-0.0804096580828768,-0.0869636163268219,,,,0.1950381071543248,,,,,,0.1693473007645089,,,n/a (noise doesn't move it),beyond 25%,beyond 25%,,progressive,beyond 25%,beyond 25%,beyond 25%,beyond 25%,,beyond 25%,beyond 25%
1582,13291,GA,649,ok,UNACCEPTABLE progressivity,0.8731297709923664,20.99951615472252,0.9662078350905936,0.1060634153809596,60.31317020600861,1.019384449776899,0.750495788087917,1.165520534363291,0.1655266005953376,1.1935673535040042e-07,0.0073622185698747,-0.0040616543298623,,0.2226524419612469,,,,,,,,,,0.081939544272791,n/a (noise doesn't move it),,progressive,progressive,progressive,progressive,beyond 25%,progressive,progressive,progressive,progressive,
1583,40087,OK,675,ok,acceptable (VEI significance <= 10),0.9325135135135136,14.707572439107656,1.00753370440115,0.0221083068383064,12.902407461165534,0.9799676482535256,0.8675652170526951,0.989071644869259,-0.0109281287739661,-6.086053247318331e-08,-0.0060597691849291,-0.009471855672364,,0.1795639068463794,0.0848001941860744,,,0.0771523262887517,0.2218784374617953,0.0657370258081553,0.0657365405334056,0.0801799388765105,0.0762381765650076,0.0893550949735461,n/a (noise doesn't move it),,,progressive,progressive,,,,,,,
1584,42091,PA,7159,ok,acceptable (VEI within +/-10),0.3112830188679245,15.46888057944552,1.01654981527597,0.0033313500388281,3.780577755788486,0.957174250528226,0.2919393350902105,0.940302777668431,-0.0596913916410333,-1.6778148099279667e-08,-0.0135267887586321,-0.0126600127977989,,0.1796970678309513,0.1330963617255142,,,0.1259667985483904,,0.1342309873873057,0.1342242556191679,0.0446987592184048,0.1237816400509679,0.1226011973359182,n/a (noise doesn't move it),,,progressive,progressive,,beyond 25%,,,,,
1585,47011,TN,1858,ok,acceptable (VEI significance <= 10),0.5871362372567192,30.158034618860206,1.0429311546181137,0.0586149632052738,18.600772000872976,0.9160977289918846,0.357353848903038,0.8881553964733596,-0.1118332925454768,-1.57093973998948e-07,-0.0268711832715242,-0.0360946657546499,,,0.1843349249880492,,,0.2068039293255704,,,,0.1244664305570593,0.1835604601797641,0.1863607792402082,n/a (noise doesn't move it),beyond 25%,,progressive,progressive,,beyond 25%,beyond 25%,beyond 25%,,,
1586,05013,AR,0,no residential sales in 2024,,,,,,,,,,,,,,,,,,,,,,,,,,,,,,,,,,,,,
1587,33015,NH,0,no residential sales in 2024,,,,,,,,,,,,,,,,,,,,,,,,,,,,,,,,,,,,,
1588,44007,RI,0,no residential sales in 2024,,,,,,,,,,,,,,,,,,,,,,,,,,,,,,,,,,,,,
1589,51003,VA,1755,ok,acceptable (VEI within +/-10),0.8763157894736842,25.441614550973537,1.043844991162444,0.0597514960018958,-6.3485711477581495,0.9273336642594024,0.8049366306289433,0.8496804872840257,-0.1503191418377841,-1.3882155675435065e-08,-0.0294028451957664,-0.0252639645005585,,,0.2033364115507726,,0.1582230799835268,0.2207332826770273,,,,0.1693723023410529,0.2374803465977654,0.2259120806773509,n/a (noise doesn't move it),beyond 25%,,progressive,,,beyond 25%,beyond 25%,beyond 25%,,,
1590,54051,WV,229,ok,UNACCEPTABLE regressivity,0.7425,99.93917862369392,6.779489571089699,-0.3977474942546994,-169.11976911976913,0.29364520813707,0.0020383938285485,0.2319968301643126,-0.7680000665980461,-1.568303945724949e-07,-0.584721413121154,-0.7668191417448957,,,,,,,,,,0.1214063638378588,,,n/a (noise doesn't move it),beyond 25%,beyond 25%,beyond 25%,beyond 25%,beyond 25%,beyond 25%,beyond 25%,beyond 25%,,beyond 25%,beyond 25%
1591,08011,CO,62,skipped (fewer than 100 sales),,,,,,,,,,,,,,,,,,,,,,,,,,,,,,,,,,,,,
1592,40019,OK,657,ok,UNACCEPTABLE regressivity,0.9402363636363636,28.91501006469263,1.1612039366731348,-0.066507610796841,-33.980448627099385,0.8031938801021026,0.2817401511443586,0.7786882666531997,-0.2213055026614648,-2.68551001763044e-07,-0.0829000676002649,-0.1046861002574599,,,,,,,,,,0.2100956804075295,,,n/a (noise doesn't move it),beyond 25%,beyond 25%,beyond 25%,beyond 25%,beyond 25%,beyond 25%,beyond 25%,beyond 25%,,beyond 25%,beyond 25%
1593,08091,CO,114,ok,acceptable (confidence intervals overlap),0.7733084065934066,21.638954048655854,1.0085291754771215,0.071678477581837,21.203750452835692,0.97289984559114,0.7006067928301907,1.0483125781909222,0.0483133665695739,-8.075385834562915e-09,-0.0100108948630022,-0.0192057467738147,,0.2437261704582011,0.1061944927096072,,,0.1019704505146002,,,,0.0999728014031708,0.0935079430194267,0.143721833559889,n/a (noise doesn't move it),,,progressive,progressive,,beyond 25%,progressive,progressive,,,
1594,31121,NE,143,ok,acceptable (VEI within +/-10),0.7420576923076924,36.64212742732266,1.207894733181744,-0.0888244211779452,-8.012703100180659,0.7603217514989341,0.2261894683582617,0.6239613224664773,-0.3760388703315093,-3.95655383538615e-07,-0.1033076976905946,-0.1244818035870287,,,,,0.1994861041817603,,,,,0.2262901815852682,,,n/a (noise doesn't move it),beyond 25%,beyond 25%,beyond 25%,,beyond 25%,beyond 25%,beyond 25%,beyond 25%,,beyond 25%,beyond 25%
1595,25013,MA,1884,ok,acceptable (VEI within +/-10),0.9289963144963144,0.3560150415985256,1.0001622441459672,-0.0010454750670601,-0.238857578610841,0.999029733374034,0.9283404954606288,0.99843175850583,-0.0015680021627458,-1.2367685173465587e-09,-0.0002137557711734,-0.0001619288150869,,0.0044463463317805,0.020701094335737,0.022422052256575,0.0245071451018721,0.0175926665365939,0.1735947272728822,0.0177696236568115,0.0177676264261037,0.0205097713057219,0.0176099264926581,0.0201259165824806,n/a (noise doesn't move it),,,,,,,,,,,
1596,50021,VT,0,no residential sales in 2024,,,,,,,,,,,,,,,,,,,,,,,,,,,,,,,,,,,,,
1597,29181,MO,0,no residential sales in 2024,,,,,,,,,,,,,,,,,,,,,,,,,,,,,,,,,,,,,
1598,27155,MN,59,skipped (fewer than 100 sales),,,,,,,,,,,,,,,,,,,,,,,,,,,,,,,,,,,,,
1599,51775,VA,349,ok,acceptable (VEI within +/-10),0.7740350877192983,13.3123157000415,1.0066871276656184,0.0193594433627367,2.6223934723481346,0.9813437703793064,0.7647721703685245,0.9506258031286589,-0.0493733135026968,-8.539286587026194e-08,-0.0043659227980998,-0.0016058907653466,,0.160852482747018,0.0916782073232323,,,0.0747748085082644,0.2235391779181195,0.1130335607459126,0.1130318606243137,0.0607748366183085,0.0853110969922087,0.0670449279167787,n/a (noise doesn't move it),,,progressive,progressive,,,,,,,
1600,55029,WI,1160,ok,acceptable (confidence intervals overlap),0.9599258081611024,21.90414652446011,1.0346870605696417,0.0147154489543846,10.51947835772377,0.9475401303172808,0.7530402850632575,0.9762376732847652,-0.0237621328357179,-6.891399389495338e-08,-0.0215811749839727,-0.031811243467037,,0.232030764257786,0.1787513453237665,,,0.1825263737985697,,0.1282028872430415,0.1281993014391939,0.1607215085548764,0.1811937807918393,0.1915625463590857,n/a (noise doesn't move it),,,progressive,progressive,,beyond 25%,,,,,
1601,55105,WI,1344,ok,acceptable (VEI within +/-10),0.9483486913724108,15.233501045290032,1.0166940160889686,-0.0067861918660603,-6.466773443722545,0.9603488154394072,0.8982584569053981,0.9320120769218708,-0.0679866365092944,-1.9179166028899553e-07,-0.0112707734791914,-0.00902357845365,,0.1802779300759491,0.1284552400226679,0.0818871177523653,0.1316121870212228,0.105110847556253,0.1806367878788172,0.1468218813760375,0.1468204728643009,0.1281538107758179,0.103220473572713,0.0879839334635379,n/a (noise doesn't move it),,,,,,,,,,,
1602,01035,,0,no residential sales in 2024,,,,,,,,,,,,,,,,,,,,,,,,,,,,,,,,,,,,,
1603,47161,TN,0,no residential sales in 2024,,,,,,,,,,,,,,,,,,,,,,,,,,,,,,,,,,,,,
1604,21203,KY,244,ok,acceptable (VEI within +/-10),0.7527777777777778,59.07182166850181,1.3982342805262955,-0.0276110625849759,4.731504657703924,0.8202292648106376,0.630403724197569,0.7408601451736578,-0.2591011302776824,-2.762342974712446e-07,-0.1131959803330313,-0.0903939161618199,,,,,,,,,,,,,n/a (noise doesn't move it),beyond 25%,beyond 25%,beyond 25%,beyond 25%,beyond 25%,beyond 25%,beyond 25%,beyond 25%,beyond 25%,beyond 25%,beyond 25%
1605,21173,KY,321,ok,UNACCEPTABLE progressivity,0.5795454545454546,39.63099243782772,1.011112870630391,0.1927309367209334,57.97493873568442,0.9645685327639127,0.5437204271757952,0.9719300535915056,-0.0280545619832351,-8.874925690611336e-08,-0.0105082256398911,-0.0106881545924926,,,0.1379495679171029,,,0.152485671999024,,0.1343664760660426,0.134408070039154,0.0735071210581773,0.1054764816633888,0.1232389704481998,n/a (noise doesn't move it),beyond 25%,,progressive,progressive,,beyond 25%,,,,,
1606,05043,AR,0,no residential sales in 2024,,,,,,,,,,,,,,,,,,,,,,,,,,,,,,,,,,,,,
1607,47075,TN,201,ok,acceptable (confidence intervals overlap),0.8538461538461538,50.75984166706235,1.853336540837759,-0.1598243671203177,-34.3135538135538,0.4768911648311739,0.072106679275421,0.3160767705484802,-0.6839182569163798,-2.378043803073793e-07,-0.3159338730595817,-0.3859524973378605,,,,,,,,,,,,,n/a (noise doesn't move it),beyond 25%,beyond 25%,beyond 25%,beyond 25%,beyond 25%,beyond 25%,beyond 25%,beyond 25%,beyond 25%,beyond 25%,beyond 25%
1608,22027,LA,117,ok,UNACCEPTABLE regressivity,0.9529527559055118,33.40105883303718,1.1956231973709066,-0.1200395999319728,-21.092336294154084,0.9064286842217744,0.8211606323469998,0.8035754338818433,-0.1964264384397586,-1.1731105015405397e-06,-0.0462838069232813,-0.0350029938539682,,,,,,,,,,,,0.2109597010827749,n/a (noise doesn't move it),beyond 25%,beyond 25%,beyond 25%,beyond 25%,beyond 25%,beyond 25%,beyond 25%,beyond 25%,beyond 25%,beyond 25%,
1609,21025,KY,143,ok,acceptable (confidence intervals overlap),1.0,79.13084830777103,1.8626175145678536,-0.2125885687561266,-12.142857142857144,0.7098755914247754,0.3841533366281833,0.55737499034107,-0.4426266770607387,-4.5902383414403646e-06,-0.1681854995497689,-0.2162267139041875,0.0,,,,0.1961372598686469,,,,,,,,,beyond 25%,beyond 25%,beyond 25%,,beyond 25%,beyond 25%,beyond 25%,beyond 25%,beyond 25%,beyond 25%,beyond 25%
1610,17029,IL,730,ok,UNACCEPTABLE regressivity,0.8519861833688699,28.56991326745851,1.18381782623475,-0.1034366061951768,-27.62364513267465,0.7415929834491981,0.4427744627101182,0.6764402709989026,-0.3235571265973961,-4.6351373301577026e-07,-0.1094305524113896,-0.1285366195973512,,,,,,,,,,0.2372517668694538,,,n/a (noise doesn't move it),beyond 25%,beyond 25%,beyond 25%,beyond 25%,beyond 25%,beyond 25%,beyond 25%,beyond 25%,,beyond 25%,beyond 25%
1611,32019,NV,1392,ok,UNACCEPTABLE progressivity,0.8028534836726358,17.99678062846662,0.988272996240182,0.1059578471458732,25.009935513786463,1.1172214981270328,0.7739867920916598,1.0857852849557827,0.0857879818277297,1.7832254488777678e-07,0.0220455733959024,0.0200072754281903,,0.1999373052338117,,,,,0.2220142811881148,,,,,,n/a (noise doesn't move it),,progressive,progressive,progressive,progressive,,progressive,progressive,progressive,progressive,progressive
1612,20069,KS,36,skipped (fewer than 100 sales),,,,,,,,,,,,,,,,,,,,,,,,,,,,,,,,,,,,,
1613,22043,,0,no residential sales in 2024,,,,,,,,,,,,,,,,,,,,,,,,,,,,,,,,,,,,,
1614,19053,IA,0,no residential sales in 2024,,,,,,,,,,,,,,,,,,,,,,,,,,,,,,,,,,,,,
1615,08014,CO,986,ok,acceptable (VEI within +/-10),0.8944784263959391,9.475447868509995,1.0125136937846713,0.0418171735829146,4.1585720637785135,0.958281512732105,0.7241584273730143,1.0127630867144537,0.0127654293198486,-8.568733236172082e-09,-0.009877869763943,-0.0126551801269194,,0.1192763418030625,0.1278795755581258,,,0.0794588024553738,,,,0.0747321462197176,0.0961086718176473,0.1002096024180305,n/a (noise doesn't move it),,,progressive,progressive,,progressive,progressive,progressive,,,
1616,08045,CO,824,ok,acceptable (VEI significance <= 10),0.7521413843888071,13.349100451263196,1.0153276308903951,0.0323532655036556,17.173628160554596,0.9739637828679412,0.6125616460353382,1.0136247343574245,0.0136257523134707,-5.121497496716586e-09,-0.011212398988764,-0.0214760762526486,,0.1552418888464503,0.0960294667142462,,,0.110354058417917,,,,0.069725015090155,0.1051868710898498,0.1675430186336614,n/a (noise doesn't move it),,,progressive,progressive,,beyond 25%,progressive,progressive,,,
1617,46103,SD,0,no residential sales in 2024,,,,,,,,,,,,,,,,,,,,,,,,,,,,,,,,,,,,,
1618,54059,WV,63,skipped (fewer than 100 sales),,,,,,,,,,,,,,,,,,,,,,,,,,,,,,,,,,,,,
1619,26009,MI,450,ok,acceptable (confidence intervals overlap),0.7578101700162534,25.060762542335542,1.0105346620370066,0.0198749384778568,16.143568489403933,1.0006000098699934,0.7738298320735023,0.9788846180058364,-0.0211134178209624,-1.7654323862698402e-08,0.0002751567761412,0.0018012332780669,,,0.1022880687646055,,,0.0092814054657746,,0.146364390703831,0.1463330800987343,0.0620624942922357,0.0088541627773529,0.0486321682245801,n/a (noise doesn't move it),beyond 25%,,progressive,progressive,,beyond 25%,,,,,
1620,39151,OH,4967,ok,acceptable (VEI within +/-10),0.87625,20.00882434538309,1.0253908870426505,-0.0038782431741998,-8.594424191190713,0.9725854916373924,0.8269646563259675,0.9413740083592086,-0.0586248354341152,-1.4906758240666437e-07,-0.0097449237837408,-0.0099222758911008,,0.2228663550238297,0.154765889183553,0.0804293420761136,0.2036538530156663,0.1139932526920819,,0.1786082579562247,0.1786061367674785,0.1488901132027119,0.1120021645538719,0.1066463957024581,n/a (noise doesn't move it),,,,,,beyond 25%,,,,,
1621,18069,IN,590,ok,acceptable (confidence intervals overlap),0.7810212346429097,23.502951750944664,1.0325154381130457,-0.0032444438557011,-10.10864214018889,0.970087591486974,0.7146387092514637,0.9164654402747184,-0.0835323554004198,-2.611482945952681e-07,-0.0100393529217903,-0.0113841066647373,,,0.1883625715059564,0.1790392434642964,0.2111763046393737,0.1192693701350383,,0.1901843069281361,0.1901808875987246,0.1504232534574257,0.114309339282271,0.117603970387939,n/a (noise doesn't move it),beyond 25%,,,,,beyond 25%,,,,,
1622,30089,MT,0,no residential sales in 2024,,,,,,,,,,,,,,,,,,,,,,,,,,,,,,,,,,,,,
1623,37083,NC,0,no residential sales in 2024,,,,,,,,,,,,,,,,,,,,,,,,,,,,,,,,,,,,,
1624,17103,IL,535,ok,UNACCEPTABLE progressivity,0.8934186046511627,26.893503067859545,1.5028238714110138,0.04436612502958,38.81657305680043,0.7309626588482404,0.2568374705422036,1.009920425187537,0.0099293233055496,-1.9681223543191672e-08,-0.1799619767634965,-0.2432011327188221,,,,,,,,,,0.1387810546546144,,,n/a (noise doesn't move it),beyond 25%,beyond 25%,progressive,progressive,beyond 25%,beyond 25%,progressive,progressive,,beyond 25%,beyond 25%
1625,39025,OH,2559,ok,acceptable (VEI within +/-10),0.7581818181818182,18.04832470383627,1.0293514521542495,0.0193845388485136,7.63040759975959,0.9291601645471989,0.4744882034395429,0.9327158437984912,-0.0672819068672277,-2.4739890167373608e-08,-0.0210391570403936,-0.0248218856003161,,0.210524545557338,0.1541709604757856,,,0.1412896097112261,,0.1541155120109169,0.1541127157883126,0.0891122503192732,0.1585223813443131,0.1431573377129351,n/a (noise doesn't move it),,,progressive,progressive,,beyond 25%,,,,,
1626,55025,WI,4,skipped (fewer than 100 sales),,,,,,,,,,,,,,,,,,,,,,,,,,,,,,,,,,,,,
1627,47007,TN,0,no residential sales in 2024,,,,,,,,,,,,,,,,,,,,,,,,,,,,,,,,,,,,,
1628,20009,,0,no residential sales in 2024,,,,,,,,,,,,,,,,,,,,,,,,,,,,,,,,,,,,,
1629,12113,FL,4750,ok,acceptable (VEI within +/-10),0.7041688451390298,36.4924004766709,1.3324920677336587,0.0224760414712557,7.201982457016468,0.5510324539200117,0.0773172007011746,0.2697074562482491,-0.730290311082386,-1.3784218449605728e-07,-0.188687532919701,-0.2409306328317961,,,,,,,,,,0.1694158003978779,,,n/a (noise doesn't move it),beyond 25%,beyond 25%,progressive,progressive,beyond 25%,beyond 25%,beyond 25%,beyond 25%,,beyond 25%,beyond 25%
1630,29205,MO,0,no residential sales in 2024,,,,,,,,,,,,,,,,,,,,,,,,,,,,,,,,,,,,,
1631,17073,IL,651,ok,acceptable (confidence intervals overlap),0.915,22.43677685961025,1.0698756463711574,-0.0395912533290707,-12.345194019979566,0.880173866020544,0.6108808608016623,0.8686998250466637,-0.1312992162184873,-5.566900459572662e-07,-0.0439410480807742,-0.0518348894478417,,0.2419124611066937,0.2285484170762917,0.2336029001653568,0.2032230944442969,0.225873385035922,,,,0.1982847891920059,0.2228838479054225,0.2258038492983521,n/a (noise doesn't move it),,,,,,beyond 25%,beyond 25%,beyond 25%,,,
1632,13121,,0,no residential sales in 2024,,,,,,,,,,,,,,,,,,,,,,,,,,,,,,,,,,,,,
1633,37087,NC,0,no residential sales in 2024,,,,,,,,,,,,,,,,,,,,,,,,,,,,,,,,,,,,,
1634,31109,NE,4698,ok,acceptable (VEI within +/-10),0.8704880952380953,10.5687615018451,1.008070917913021,0.0121946821582293,4.173644795354016,0.9687436441047742,0.7885870262911437,0.9890450726480264,-0.0109537710192333,-6.304595697939322e-08,-0.0087784784837638,-0.0100047345873111,,0.1284766851676371,0.0932028059735047,,,0.0937528171878589,,0.0566403789450285,0.0566353912480777,0.0760574091455993,0.0931955047026745,0.096956068553076,n/a (noise doesn't move it),,,progressive,progressive,,beyond 25%,,,,,
1635,54069,WV,478,ok,UNACCEPTABLE regressivity,0.7049281000488838,37.12741798210691,1.387256794918437,-0.1071782655671321,-28.181614785208573,0.7036390429170047,0.1710542296105464,0.7480255889558497,-0.2519709589966001,-7.796792032224916e-08,-0.1595968026764063,-0.2171156481083358,,,,,,,,,,0.1244572354978871,,,n/a (noise doesn't move it),beyond 25%,beyond 25%,beyond 25%,beyond 25%,beyond 25%,beyond 25%,beyond 25%,beyond 25%,,beyond 25%,beyond 25%
1636,36001,NY,3144,ok,UNACCEPTABLE regressivity,0.7513943137254901,38.70629814258984,1.4801888900844178,-0.3059862207234244,-77.50023827025417,0.3535357975000897,0.2509343035734545,0.2768230170437338,-0.7231757304862868,-1.640463966907557e-07,-0.2825914093828074,-0.31658053877615,,,,,,,,,,0.2239775101997024,,,n/a (noise doesn't move it),beyond 25%,beyond 25%,beyond 25%,beyond 25%,beyond 25%,beyond 25%,beyond 25%,beyond 25%,,beyond 25%,beyond 25%
1637,40131,OK,1253,ok,acceptable (VEI significance <= 10),0.8653418181818182,20.07812352224635,1.0467948356602632,0.013492435589386,19.30195339189266,0.8938053649461587,0.5326082066362862,0.8967909476684159,-0.1032080555780617,-1.263644316928925e-07,-0.0357863510849953,-0.0467737702986184,,0.2221259444865199,0.1959888999910686,,,0.2119189724841834,,0.2196806196894713,0.2196822878835415,0.1401301147431397,0.2076654779241769,0.21365430903553,n/a (noise doesn't move it),,,progressive,progressive,,beyond 25%,,,,,
1638,22029,,0,no residential sales in 2024,,,,,,,,,,,,,,,,,,,,,,,,,,,,,,,,,,,,,
1639,28035,,0,no residential sales in 2024,,,,,,,,,,,,,,,,,,,,,,,,,,,,,,,,,,,,,
1640,54035,WV,131,ok,UNACCEPTABLE regressivity,0.6196078431372549,34.883649738001644,1.159530676178196,-0.1417900426573083,-51.346973597203856,0.7413926125992192,0.4369286985487191,0.7332184618289547,-0.26677165328914,-9.111729946345924e-07,-0.0970044434063066,-0.0983647197264299,,,,,,,,,,0.230564779016392,,,n/a (noise doesn't move it),beyond 25%,beyond 25%,beyond 25%,beyond 25%,beyond 25%,beyond 25%,beyond 25%,beyond 25%,,beyond 25%,beyond 25%
1641,46021,SD,0,no residential sales in 2024,,,,,,,,,,,,,,,,,,,,,,,,,,,,,,,,,,,,,
1642,51127,VA,0,no residential sales in 2024,,,,,,,,,,,,,,,,,,,,,,,,,,,,,,,,,,,,,
1643,28017,MS,56,skipped (fewer than 100 sales),,,,,,,,,,,,,,,,,,,,,,,,,,,,,,,,,,,,,
1644,08001,CO,7734,ok,acceptable (VEI within +/-10),0.9658445170295727,5.148687956791141,1.004552635539617,-0.0027122424877693,-0.6661062342079234,0.9695185475891888,0.9389986677372608,0.9725641729703002,-0.0274357490654509,-8.259628344733781e-10,-0.0063156113505902,-0.0064244705630125,,0.0645553003092526,0.0679359265518263,0.0282127459736119,0.0343420503490891,0.0562912283045982,0.1230969762081702,0.049447259851848,0.0494471607116737,0.0650937809360748,0.0561311446322934,0.0595196017475036,n/a (noise doesn't move it),,,,,,,,,,,
1645,42089,PA,0,no residential sales in 2024,,,,,,,,,,,,,,,,,,,,,,,,,,,,,,,,,,,,,
1646,27107,MN,75,skipped (fewer than 100 sales),,,,,,,,,,,,,,,,,,,,,,,,,,,,,,,,,,,,,
1647,31055,,0,no residential sales in 2024,,,,,,,,,,,,,,,,,,,,,,,,,,,,,,,,,,,,,
1648,27121,MN,158,ok,acceptable (VEI within +/-10),0.8606201923076923,18.92944102040032,1.014997181616023,0.0094591326179131,5.038224676489373,0.9868089621461228,0.8131561824034503,0.949305761899196,-0.050693944495365,-8.568663279052733e-08,-0.0047389445419607,-0.0070166160352496,,0.216676324025874,0.1285452082559325,0.0856576017746125,0.1702688095895402,0.1382737640871623,0.2158818029336272,0.1513753199632445,0.1513691774675734,0.1193000108172536,0.1362907757845153,0.1292581187018519,n/a (noise doesn't move it),,,,,,,,,,,
1649,40093,OK,101,ok,acceptable (confidence intervals overlap),0.942168776371308,27.26327513956788,1.1999106913081183,-0.1570633474701318,-28.220149571557553,0.7118000154195412,0.3583322399458135,0.6885773010629351,-0.3114229629888099,-1.0284838774257684e-06,-0.1145251668147211,-0.1375400193256872,,,,,,,,,,0.2123498674204732,,,n/a (noise doesn't move it),beyond 25%,beyond 25%,beyond 25%,beyond 25%,beyond 25%,beyond 25%,beyond 25%,beyond 25%,,beyond 25%,beyond 25%
1650,20001,KS,113,ok,acceptable (VEI within +/-10),0.7048732657661786,36.51654215909608,1.2404164432164453,-0.0400283719269138,8.329035375408623,0.6425960321418841,0.2350182287958743,0.6949074580816883,-0.3050848708917337,-3.741023299750921e-07,-0.1566965907896258,-0.1938920274943067,,,,0.1837490323893427,,,,,,0.1804030178104361,,,n/a (noise doesn't move it),beyond 25%,beyond 25%,,progressive,beyond 25%,beyond 25%,beyond 25%,beyond 25%,,beyond 25%,beyond 25%
1651,22075,LA,162,ok,acceptable (VEI within +/-10),0.8043176548089592,28.272929560515312,1.1053306867308534,-0.0485610683129832,-2.6990459007974477,0.7941286539546848,0.5378525489112056,0.8787946328775942,-0.1211834186444577,-5.960284082087456e-07,-0.0716578964270384,-0.0874323371927647,,,,,0.1651798832916848,,,,,0.234300709467396,,,n/a (noise doesn't move it),beyond 25%,beyond 25%,progressive,,beyond 25%,beyond 25%,beyond 25%,beyond 25%,,beyond 25%,beyond 25%
1652,34025,NJ,7455,ok,acceptable (VEI within +/-10),0.8492777777777778,16.863375220646617,1.038236029853955,-0.0159403855394904,-7.571869177872545,0.8970422163605605,0.7220440385563865,0.8873794482124587,-0.1126198130860997,-4.7823225447623726e-08,-0.0347017514827361,-0.0341499269645848,,0.1926954809851675,0.1904513181976932,0.1302064988275013,0.1570725927685561,0.2005944523720937,,0.1962471845486542,0.1962465934096006,0.1481855507773414,0.1983030077070757,0.2009883837914105,n/a (noise doesn't move it),,,,,,beyond 25%,,,,,
1653,17071,,0,no residential sales in 2024,,,,,,,,,,,,,,,,,,,,,,,,,,,,,,,,,,,,,
1654,48253,TX,113,ok,acceptable (VEI within +/-10),0.8705754559874542,29.213047710486343,1.1289485477283017,0.0009913545553892,1.564820911430172,0.7438857906540267,0.2280213207960136,0.8278360420659306,-0.1721575157895834,-5.391450990583297e-07,-0.0970632672041487,-0.1277491981959815,,,,0.0286177592620846,0.0658125719444679,,,,,0.1402802676609799,,,n/a (noise doesn't move it),beyond 25%,beyond 25%,,,beyond 25%,beyond 25%,beyond 25%,beyond 25%,,beyond 25%,beyond 25%
1655,01073,AL,13551,ok,UNACCEPTABLE regressivity,0.9530909090909092,35.6742700933489,1.7816094025831708,-0.1079756490194635,-26.84090041968713,0.6228722604197324,0.2002356861978316,0.6327336846929621,-0.3672561949663196,-7.98462047473647e-08,-0.2472368407264387,-0.3700423009283025,,,,,,,,,,,,,n/a (noise doesn't move it),beyond 25%,beyond 25%,beyond 25%,beyond 25%,beyond 25%,beyond 25%,beyond 25%,beyond 25%,beyond 25%,beyond 25%,beyond 25%
1656,17079,IL,82,skipped (fewer than 100 sales),,,,,,,,,,,,,,,,,,,,,,,,,,,,,,,,,,,,,
1657,53021,,0,no residential sales in 2024,,,,,,,,,,,,,,,,,,,,,,,,,,,,,,,,,,,,,
1658,01047,AL,493,ok,UNACCEPTABLE regressivity,0.9948275862068966,50.44466110941249,1.5163428653302429,-0.1396986407953837,-24.811881622534717,0.6229279809021256,0.3136338725347419,0.6865679602014693,-0.3134158026894101,-1.7591401724840934e-06,-0.2035638579751713,-0.2538815537176513,0.1106101272835517,,,,,,,,,,,,,beyond 25%,beyond 25%,beyond 25%,beyond 25%,beyond 25%,beyond 25%,beyond 25%,beyond 25%,beyond 25%,beyond 25%,beyond 25%
1659,19081,IA,0,no residential sales in 2024,,,,,,,,,,,,,,,,,,,,,,,,,,,,,,,,,,,,,
1660,17057,IL,338,ok,acceptable (VEI significance <= 10),0.8335739134633957,32.222739558195755,1.1489523569836333,-0.0640603122777512,-23.037575054257807,0.6942416754847248,0.4095996012825905,0.7007254607597168,-0.2992559643808929,-1.5704449818139991e-06,-0.1097209614201666,-0.1220465283671692,,,,0.2446818663637499,,,,,,0.2170721186316771,,,n/a (noise doesn't move it),beyond 25%,beyond 25%,,beyond 25%,beyond 25%,beyond 25%,beyond 25%,beyond 25%,,beyond 25%,beyond 25%
1661,37123,NC,531,ok,acceptable (VEI within +/-10),0.4937857142857143,41.67575433932089,1.089293946304998,-0.0212509259457657,-6.759129902938142,0.9751753058043324,0.4802588049415812,0.7945927754501056,-0.205400138719212,-1.02629207282734e-07,-0.0129483265266305,0.0043159448535546,,,0.2300449136858923,,0.1966627006956858,0.2046284484991036,,,,0.1537892956124005,0.1581581257371712,,n/a (noise doesn't move it),beyond 25%,,progressive,,,beyond 25%,beyond 25%,beyond 25%,,,progressive
1662,29151,MO,77,skipped (fewer than 100 sales),,,,,,,,,,,,,,,,,,,,,,,,,,,,,,,,,,,,,
1663,05135,AR,0,no residential sales in 2024,,,,,,,,,,,,,,,,,,,,,,,,,,,,,,,,,,,,,
1664,08029,CO,470,ok,UNACCEPTABLE progressivity,0.7348166666666667,21.96509519506867,0.980706889122446,0.1628806056111482,30.383824532679185,1.0616033668933025,0.671532285133421,1.221069569837829,0.2210781929892211,1.3660645517303245e-07,0.0156686689999689,0.011016518529389,,0.2390613709334605,,,,,,,,,,,n/a (noise doesn't move it),,progressive,progressive,progressive,progressive,beyond 25%,progressive,progressive,progressive,progressive,progressive
1665,39057,OH,0,no residential sales in 2024,,,,,,,,,,,,,,,,,,,,,,,,,,,,,,,,,,,,,
1666,22009,LA,375,ok,acceptable (confidence intervals overlap),0.7192857142857143,30.682166462382625,1.216907644209067,-0.0559092009033477,-10.306910341866628,0.77345482084439,0.1078469072919893,0.7494251470184675,-0.2505679204014919,-3.657585703628249e-07,-0.1050685482772872,-0.1423959403172452,,,,,0.182502933002688,,,,,0.1077407282759013,,,n/a (noise doesn't move it),beyond 25%,beyond 25%,beyond 25%,,beyond 25%,beyond 25%,beyond 25%,beyond 25%,,beyond 25%,beyond 25%
1667,54015,,0,no residential sales in 2024,,,,,,,,,,,,,,,,,,,,,,,,,,,,,,,,,,,,,
1668,16063,ID,43,skipped (fewer than 100 sales),,,,,,,,,,,,,,,,,,,,,,,,,,,,,,,,,,,,,
1669,01055,,0,no residential sales in 2024,,,,,,,,,,,,,,,,,,,,,,,,,,,,,,,,,,,,,
1670,34005,NJ,5380,ok,UNACCEPTABLE progressivity,0.5205779867256637,15.264579784509532,1.0004458370336138,0.0580286080702339,15.79529813346955,1.0106850876912137,0.4834732232510007,1.0135085185750927,0.0135117200100911,-8.372866304300282e-11,0.0029895612347987,0.0040241428493945,,0.1785628113013897,0.0084018140231881,,,,,,,0.0020349289101233,,,n/a (noise doesn't move it),,,progressive,progressive,progressive,progressive,progressive,progressive,,progressive,progressive
1671,31095,NE,131,ok,UNACCEPTABLE regressivity,0.9340406779661016,49.499960347038794,1.374855599983826,-0.2344234652484882,-98.75980117124924,0.8025187041177567,0.5954014906699174,0.6605465413073035,-0.3394603654472056,-1.5410777514163927e-06,-0.0992247414105327,-0.1011151256828046,,,,,,,,,,,,,n/a (noise doesn't move it),beyond 25%,beyond 25%,beyond 25%,beyond 25%,beyond 25%,beyond 25%,beyond 25%,beyond 25%,beyond 25%,beyond 25%,beyond 25%
1672,47149,TN,4706,ok,acceptable (VEI within +/-10),0.7948572464424908,11.66647721090876,1.0132609236567849,0.0198442659841454,2.5083822414292416,0.9232651968901218,0.8356655239588563,0.959577070630299,-0.040421530514786,-2.4681180673884142e-08,-0.0178588780332571,-0.0205059824231979,,0.139870500021814,0.117676546039359,,,0.117633547949427,0.1728526346211256,0.0892938670707507,0.0892917851702322,0.0998849170644133,0.1160800565618347,0.126357800684794,n/a (noise doesn't move it),,,progressive,progressive,,,,,,,
1673,01107,,0,no residential sales in 2024,,,,,,,,,,,,,,,,,,,,,,,,,,,,,,,,,,,,,
1674,48205,TX,36,skipped (fewer than 100 sales),,,,,,,,,,,,,,,,,,,,,,,,,,,,,,,,,,,,,
1675,49049,UT,9370,ok,UNACCEPTABLE progressivity,0.7339149244293882,35.60188837372192,1.124350484430971,0.2073891761937287,78.19030028044064,0.6227521265870001,0.0549373360928563,0.62921718365662,-0.3707814532339452,-1.1853441954454334e-08,-0.1100702750979205,-0.1215989904518872,,,,,,,,,,0.0797512530286282,,,n/a (noise doesn't move it),beyond 25%,beyond 25%,progressive,progressive,beyond 25%,progressive,beyond 25%,beyond 25%,,beyond 25%,beyond 25%
1676,36067,NY,5275,ok,acceptable (VEI within +/-10),0.7932708333333334,20.76189880016551,1.016741040829843,0.024989207401866,7.51558949112396,0.9867628557288662,0.6747028825595263,0.9502747709920552,-0.0497245416108619,-3.732345202681487e-09,-0.0047118269160408,-0.0036767780898447,,0.2193224026793692,0.1167104538016362,,,0.0858534699102723,,0.1392585319065283,0.1392536758404944,0.0820406190378546,0.0870758151310417,0.0931366311650669,n/a (noise doesn't move it),,,progressive,progressive,,beyond 25%,,,,,
1677,04025,AZ,3366,ok,acceptable (VEI within +/-10),0.8338201310635454,12.788764220928933,1.00621866033599,0.0219016661405698,7.280613229394446,0.978633180580576,0.8067175654627355,0.9719708913938984,-0.0280285494381156,-1.8970913005401132e-08,-0.005992068834941,-0.0060485309413804,,0.1538870367910225,0.0821721121797621,,,0.0804545320252081,,0.0839983915932013,0.0839979757270121,0.0660797443335453,0.0699878558173996,0.0814082738649669,n/a (noise doesn't move it),,,progressive,progressive,,beyond 25%,,,,,
1678,37009,NC,528,ok,acceptable (confidence intervals overlap),0.7559892616106154,29.685238241483425,1.09870357327918,-0.036489193367265,-20.416308256864323,0.8553739394482065,0.512066620622644,0.819538995500293,-0.1804579186445402,-3.318878138959278e-07,-0.0538083949520928,-0.0660232113046848,,0.245724685175005,0.2285450969332588,0.2207703590483613,,,,,,0.2144510253222614,,,n/a (noise doesn't move it),,,,beyond 25%,beyond 25%,beyond 25%,beyond 25%,beyond 25%,,beyond 25%,beyond 25%
1679,17077,,0,no residential sales in 2024,,,,,,,,,,,,,,,,,,,,,,,,,,,,,,,,,,,,,
1680,27075,MN,264,ok,acceptable (VEI significance <= 10),0.8990266152485455,19.541585816674505,1.0053525374643622,0.023152948769722,12.988408333143402,0.991261165295488,0.90971237105519,0.9890132701401106,-0.0109862699329202,-2.8334970512932123e-08,-0.0033142694374181,-0.0012408720954433,,0.2227813585614183,0.0763026500806869,,,0.0902388710896456,0.1514999374607074,0.0983303949836415,0.0983259403255838,0.0703630247127938,0.1072206788598038,0.021618837941046,n/a (noise doesn't move it),,,progressive,progressive,,,,,,,
1681,24025,MD,3132,ok,acceptable (VEI within +/-10),0.7798009495808713,13.945528723097198,1.013027360946464,0.0168425422376978,6.202677184770641,0.932533360144174,0.6979251172131099,0.954585894242766,-0.0454125682636961,-1.0878757034092079e-07,-0.0166407585116099,-0.0183350605596899,,0.1675648078574167,0.1117922451033812,,,0.118158277661471,,0.100989420973524,0.1009873017365988,0.0814375056246388,0.1161915324648766,0.118895719296822,n/a (noise doesn't move it),,,progressive,progressive,,beyond 25%,,,,,
1682,06075,CA,0,no residential sales in 2024,,,,,,,,,,,,,,,,,,,,,,,,,,,,,,,,,,,,,
1683,51029,VA,86,skipped (fewer than 100 sales),,,,,,,,,,,,,,,,,,,,,,,,,,,,,,,,,,,,,
1684,22099,LA,0,no residential sales in 2024,,,,,,,,,,,,,,,,,,,,,,,,,,,,,,,,,,,,,
1685,48439,TX,20095,ok,UNACCEPTABLE progressivity,0.8672420815996122,21.845128251130404,1.0214687187649505,0.0734765771464181,28.69189996195832,0.94349877245555,0.8396343411968595,0.9394862861000782,-0.0605126891563267,-3.481395985551837e-09,-0.0203521487942675,-0.0180111268208063,,0.23743376185558,0.1399613253074174,,,0.1539405915375587,,0.1495546133537545,0.1495530603454442,0.1304024584165433,0.1479418156128765,0.147396017731763,n/a (noise doesn't move it),,,progressive,progressive,,beyond 25%,,,,,
1686,39003,OH,1512,ok,acceptable (VEI significance <= 10),0.8026532104724294,27.91538615571567,1.1154152708629883,-0.028040086746448,-14.932877533154722,0.8418528807859281,0.3324913473040676,0.8319560888103265,-0.1680413125857866,-1.2492770881325898e-07,-0.0630322709703661,-0.0810703711843476,,,,0.2277332383475645,0.2452804463397241,,,,,0.1276068588941299,,,n/a (noise doesn't move it),beyond 25%,beyond 25%,,,beyond 25%,beyond 25%,beyond 25%,beyond 25%,,beyond 25%,beyond 25%
1687,21111,KY,11399,ok,acceptable (VEI within +/-10),0.793939393939394,19.436483136751946,1.0329113147078075,0.0075983930625299,0.6605698725255087,0.9561408805673004,0.6486521011622882,0.949387166909516,-0.0506113624089171,-1.4028992608053292e-08,-0.0168431517354958,-0.0225839890594568,,0.2162332183446314,0.1805829693835278,,,0.1534848497262432,,0.1525731930046231,0.1525713477281779,0.117949035407281,0.1481797080293086,0.1563382795126677,n/a (noise doesn't move it),,,progressive,progressive,,beyond 25%,,,,,
1688,45027,SC,439,ok,UNACCEPTABLE regressivity,0.6271544715447155,41.47710010392347,1.7974920369084308,-0.1133295748284477,-38.75076503668935,0.4466652485021268,0.0135847740637109,0.3353456254660342,-0.6646334697753319,-4.029210092587706e-07,-0.3114527776069267,-0.4823936518634109,,,,,,,,,,0.2303026121698842,,,n/a (noise doesn't move it),beyond 25%,beyond 25%,beyond 25%,beyond 25%,beyond 25%,beyond 25%,beyond 25%,beyond 25%,,beyond 25%,beyond 25%
1689,01043,AL,1888,ok,UNACCEPTABLE regressivity,0.8017301943198805,35.87196556229002,1.1490788586261094,-0.0326130687672119,-36.1935384837404,0.8005033254290991,0.4944372273808582,0.7485444134742517,-0.2514520447180319,-3.305338244238231e-07,-0.0849098869841202,-0.0948629469607549,,,,,,,,,,0.2307539166158318,,,n/a (noise doesn't move it),beyond 25%,beyond 25%,beyond 25%,beyond 25%,beyond 25%,beyond 25%,beyond 25%,beyond 25%,,beyond 25%,beyond 25%
1690,22065,LA,66,skipped (fewer than 100 sales),,,,,,,,,,,,,,,,,,,,,,,,,,,,,,,,,,,,,
1691,41069,OR,14,skipped (fewer than 100 sales),,,,,,,,,,,,,,,,,,,,,,,,,,,,,,,,,,,,,
1692,22069,LA,277,ok,acceptable (VEI within +/-10),0.7810810810810811,18.817502767643735,1.002579065656359,0.0405266390124249,6.986797654970885,1.0052798836888808,0.7564166794810986,1.010935343887977,0.0109410286694088,-2.3875668038911037e-08,0.001677564088993,0.0028393211852207,,0.2137035922907721,0.0423662461879675,,,,,,,0.0310347926810618,,,n/a (noise doesn't move it),,,progressive,progressive,progressive,beyond 25%,progressive,progressive,,progressive,progressive
1693,19115,IA,0,no residential sales in 2024,,,,,,,,,,,,,,,,,,,,,,,,,,,,,,,,,,,,,
1694,21227,KY,1618,ok,acceptable (VEI within +/-10),0.6925824175824176,28.488152971143908,1.110689773475993,-0.0183285085330414,-3.01365198995106,0.8144110649761926,0.6835516221171645,0.7212462741807258,-0.2787514317054784,-6.61658275394082e-08,-0.0742434675420224,-0.0822584874764624,,,,0.1318465678796719,0.1201866769600036,,,,,0.2206278111695947,,,n/a (noise doesn't move it),beyond 25%,beyond 25%,,,beyond 25%,beyond 25%,beyond 25%,beyond 25%,,beyond 25%,beyond 25%
1695,18137,IN,280,ok,acceptable (VEI within +/-10),0.6087954545454546,23.112629199936,1.051497664016654,0.0014574826135396,6.911791691141609,0.8272687129948209,0.4056283542082011,0.870703280923783,-0.1292898162514343,-3.277493760011653e-07,-0.0499135624266067,-0.0547076355560562,,0.2364174861627603,0.2183724842093224,0.0670162042418033,,0.2307373063132797,,0.2186113636275982,0.2186019559191725,0.1043007067865546,0.2265907183230897,0.2319617401374615,n/a (noise doesn't move it),,,,progressive,,beyond 25%,,,,,
1696,16075,ID,235,ok,acceptable (VEI within +/-10),0.8586992481203007,20.75898464729823,1.0441209870561976,0.0287078952399396,1.9447166571463024,0.7505881748160836,0.5070129595466165,0.7609797194060128,-0.239019495706578,-4.275495956510587e-07,-0.0563037762564171,-0.0607973597137643,,0.2286330796018738,0.2069886952663372,,,0.2169706294206716,,0.2273769665971081,0.2273765410294605,0.1684501938223506,0.2258662136888566,0.2235255242568842,n/a (noise doesn't move it),,,progressive,progressive,,beyond 25%,,,,,
1697,17169,IL,94,skipped (fewer than 100 sales),,,,,,,,,,,,,,,,,,,,,,,,,,,,,,,,,,,,,
1698,29021,MO,0,no residential sales in 2024,,,,,,,,,,,,,,,,,,,,,,,,,,,,,,,,,,,,,
1699,17129,,0,no residential sales in 2024,,,,,,,,,,,,,,,,,,,,,,,,,,,,,,,,,,,,,
1700,51540,VA,406,ok,acceptable (VEI within +/-10),0.907017572133342,11.503909741874194,1.0167271821499426,-0.0283919990247574,-4.4331163441271455,0.8776689269162786,0.771853148416128,0.8838485127323992,-0.1161511932730309,-2.139252419925763e-07,-0.0253437095262938,-0.026426368464381,,0.1389629723121863,0.1322094865415136,0.119853574648611,0.0896570116952955,0.1356521297382876,0.1863781189109472,0.1326137037236099,0.1326136373587228,0.1193083838956178,0.1349850787274056,0.1357412292989872,n/a (noise doesn't move it),,,,,,,,,,,
1701,05005,AR,0,no residential sales in 2024,,,,,,,,,,,,,,,,,,,,,,,,,,,,,,,,,,,,,
1702,17035,IL,77,skipped (fewer than 100 sales),,,,,,,,,,,,,,,,,,,,,,,,,,,,,,,,,,,,,
1703,12089,FL,2599,ok,UNACCEPTABLE progressivity,0.7685714285714286,29.66715904242088,1.00466967027097,0.1360432035670384,21.346230335111255,1.015894398319223,0.6878257290746174,0.9085165947302672,-0.0914821698134118,-9.023936917787098e-09,0.0052192990959611,0.014277048125144,,,0.0668774460041487,,,,,,,0.0601411759371517,,,n/a (noise doesn't move it),beyond 25%,,progressive,progressive,progressive,beyond 25%,beyond 25%,beyond 25%,,progressive,progressive
1704,54011,WV,998,ok,UNACCEPTABLE regressivity,0.6856261799874135,43.24616465865579,1.4191526532043126,-0.2043428895946833,-78.81221520896104,0.6832827360973139,0.0689606786799102,0.6351166553194814,-0.3648793163735531,-1.1531793119926722e-07,-0.1612381346899303,-0.2057474619878656,,,,,,,,,,0.1052108264220639,,,n/a (noise doesn't move it),beyond 25%,beyond 25%,beyond 25%,beyond 25%,beyond 25%,beyond 25%,beyond 25%,beyond 25%,,beyond 25%,beyond 25%
1705,40021,OK,515,ok,acceptable (confidence intervals overlap),0.7333250697242021,37.36740326133724,4.423031648316245,-0.0183476026336724,-21.751663294583,0.5333533905976303,0.0027603555555515,0.6836207198130748,-0.3163721275887759,-1.7095027085636902e-09,-0.4102943290285203,-0.756655610928483,,,,0.1966919398964809,,,,,,0.0292467465111164,,,n/a (noise doesn't move it),beyond 25%,beyond 25%,,beyond 25%,beyond 25%,beyond 25%,beyond 25%,beyond 25%,,beyond 25%,beyond 25%
1706,48099,,0,no residential sales in 2024,,,,,,,,,,,,,,,,,,,,,,,,,,,,,,,,,,,,,
1707,47043,TN,939,ok,acceptable (VEI within +/-10),0.8594342373869933,19.298738816267168,1.0149957063369135,0.0401181821740295,8.5789794374445,0.97176734753616,0.7476874879037109,0.9661994780081588,-0.0337996685659721,-5.961943022040555e-08,-0.0082656131189602,-0.0110803305461864,,0.218571944072734,0.1300099336839386,,,0.1003509226652451,,0.1126968319115318,0.1126957084523126,0.1079574224343152,0.0965596774228206,0.1103958264450895,n/a (noise doesn't move it),,,progressive,progressive,,beyond 25%,,,,,
1708,17119,IL,3573,ok,acceptable (VEI within +/-10),0.8726865671641791,22.432549925141963,1.041395527478957,-0.0171716588601289,-9.10119047156109,0.952823454445486,0.7177830894162761,0.9152666672207302,-0.0847314883958066,-1.7758771906282557e-07,-0.0175441250687915,-0.0174887677988055,,0.2369073120419274,0.1983492984178544,0.1639854755490936,0.1928758499378601,0.1571609229987267,,0.2177676993875366,0.2177640140203933,0.1564029615185384,0.1552915393465456,0.1509649051780947,n/a (noise doesn't move it),,,,,,beyond 25%,,,,,
1709,39063,OH,0,no residential sales in 2024,,,,,,,,,,,,,,,,,,,,,,,,,,,,,,,,,,,,,
1710,13093,GA,76,skipped (fewer than 100 sales),,,,,,,,,,,,,,,,,,,,,,,,,,,,,,,,,,,,,
1711,38077,,0,no residential sales in 2024,,,,,,,,,,,,,,,,,,,,,,,,,,,,,,,,,,,,,
1712,04003,AZ,2034,ok,UNACCEPTABLE progressivity,0.6399839672131147,29.468748656803985,1.0022477931627556,0.080718370151742,26.043608548152346,1.034149441038932,0.7209628718260059,0.9069128195714926,-0.0930774900704051,-1.6873199868128554e-09,0.0114243500753967,0.0137798538455504,,,0.0525569701856302,,,,,,,0.02938864347097,,,n/a (noise doesn't move it),beyond 25%,,progressive,progressive,progressive,progressive,beyond 25%,beyond 25%,,progressive,progressive
1713,04005,AZ,1792,ok,UNACCEPTABLE progressivity,0.7785349803343167,20.932765504406635,0.9666352700119354,0.0786867096557933,34.613502296990184,1.0469845813950744,1.0827615296200026,1.0562356970505948,0.0562368867804155,2.1721828564167398e-09,0.0195047794797174,0.0237488999928376,,0.2258690071271465,,,,,0.0909922991404353,,,,,,n/a (noise doesn't move it),,progressive,progressive,progressive,progressive,,progressive,progressive,progressive,progressive,progressive
1714,13263,GA,52,skipped (fewer than 100 sales),,,,,,,,,,,,,,,,,,,,,,,,,,,,,,,,,,,,,
1715,41057,OR,522,ok,acceptable (VEI within +/-10),0.9706843509276744,19.201154026791137,1.0200197980705927,0.0355389334241468,9.400716834277452,0.94780882499352,0.8332084665693529,0.9796949495028136,-0.0203050153106834,-7.987205896505927e-08,-0.0161883692650315,-0.0249338274635875,,0.2274150374561545,0.1299899294096227,,,0.1353852548945505,0.2430578678776347,0.0845212012564294,0.0845212187560425,0.1205836194283207,0.131245418934339,0.1849378963095661,n/a (noise doesn't move it),,,progressive,progressive,,,,,,,
1716,13309,GA,47,skipped (fewer than 100 sales),,,,,,,,,,,,,,,,,,,,,,,,,,,,,,,,,,,,,
1717,40079,OK,621,ok,UNACCEPTABLE regressivity,0.7387125,43.59351089743006,1.2074032934377903,-0.0967062154878748,-33.23477150304814,0.7914708415358099,0.4544923785949835,0.6538319476621942,-0.3461762479250618,-6.519334649504019e-07,-0.0917082004863156,-0.1023132215156261,,,,,,,,,,0.2455503251815416,,,n/a (noise doesn't move it),beyond 25%,beyond 25%,beyond 25%,beyond 25%,beyond 25%,beyond 25%,beyond 25%,beyond 25%,,beyond 25%,beyond 25%
1718,27095,MN,465,ok,acceptable (VEI within +/-10),0.8968627450980392,23.156733887530947,1.0703206085157912,-0.0216000110111037,2.229368853540593,0.8353127360576386,0.544826984992447,0.8838085872710482,-0.1161898968069597,-2.450961831617213e-07,-0.0543800910136427,-0.0654470669309086,,0.2450888000782982,0.2342238340968989,0.1555468144960312,,0.2352277597747326,,0.2377751566860116,0.2377734180860264,0.1743650771685609,0.2291925597394868,0.2387630294805473,n/a (noise doesn't move it),,,,progressive,,beyond 25%,,,,,
1719,31037,NE,107,ok,acceptable (confidence intervals overlap),0.72421875,38.69657281190569,1.047922317861088,0.0796523921727177,29.815014583083627,0.965853360844498,0.5549855906407393,0.8571853582320574,-0.1428098165915971,-2.189219208051252e-07,-0.0132986060656632,-0.0201976325174559,,,0.1706720794251822,,,0.1540479986706752,,,,0.1969183428762877,0.1989342319854315,0.1421407764292908,n/a (noise doesn't move it),beyond 25%,,progressive,progressive,,beyond 25%,beyond 25%,beyond 25%,,,
1720,48465,TX,318,ok,acceptable (confidence intervals overlap),0.8938994113549739,18.352752977491704,1.0098040758831786,0.025175334917981,13.055995680044346,0.9770138646565548,0.858203603142063,0.9610706690268171,-0.0389287048973476,-1.7027182110472397e-07,-0.0055912628586143,-0.005237244691056,,0.2021566374849952,0.0904557598444661,,,0.0692660869093476,0.1931187994757485,0.1267695161506656,0.1267689555688016,0.0902633626893677,0.0663862511609427,0.0614805305745062,n/a (noise doesn't move it),,,progressive,progressive,,,,,,,
1721,41025,,0,no residential sales in 2024,,,,,,,,,,,,,,,,,,,,,,,,,,,,,,,,,,,,,
1722,28159,,0,no residential sales in 2024,,,,,,,,,,,,,,,,,,,,,,,,,,,,,,,,,,,,,
1723,29169,MO,0,no residential sales in 2024,,,,,,,,,,,,,,,,,,,,,,,,,,,,,,,,,,,,,
1724,06055,,0,no residential sales in 2024,,,,,,,,,,,,,,,,,,,,,,,,,,,,,,,,,,,,,
1725,21189,KY,10,skipped (fewer than 100 sales),,,,,,,,,,,,,,,,,,,,,,,,,,,,,,,,,,,,,
1726,48127,TX,30,skipped (fewer than 100 sales),,,,,,,,,,,,,,,,,,,,,,,,,,,,,,,,,,,,,
1727,24027,MD,3363,ok,acceptable (VEI within +/-10),0.8193406593406594,9.96079122528636,1.0150086438483608,-0.0128147775218632,-2.8713299843932867,0.9361160535954872,0.751778580285304,0.9469000397535045,-0.0530994166718459,-1.84473792458218e-08,-0.0173604665735658,-0.019469507967726,,0.1188621191475454,0.1240590829673406,0.0865076757313679,0.077698224580768,0.1349938821915604,0.2190266763315394,0.1024013920485991,0.102400586373076,0.0899131255251678,0.1360989674503312,0.1418842659075989,n/a (noise doesn't move it),,,,,,,,,,,
1728,17087,IL,190,ok,acceptable (VEI within +/-10),0.7568040298507462,44.44917643675167,1.165762439662801,-0.0568439008637958,-7.96522292560824,0.8630724312555529,0.6057690047828401,0.8014098724401244,-0.1985803674828572,-8.530669967810373e-07,-0.0613064817902784,-0.0652310646207123,,,,,0.2344777895902242,,,,,,,,n/a (noise doesn't move it),beyond 25%,beyond 25%,beyond 25%,,beyond 25%,beyond 25%,beyond 25%,beyond 25%,beyond 25%,beyond 25%,beyond 25%
1729,41019,OR,1179,ok,acceptable (VEI within +/-10),0.954225974025974,17.24958492302129,1.0263665458833773,0.0267428505549279,1.775371055409025,0.9431795945651016,0.5152977814960735,0.9407834109565504,-0.0592162306770335,-6.370660679341988e-08,-0.0157028688163838,-0.0194079667276609,,0.1972438704142744,0.1602942205338543,,,0.1276296830233729,,0.1331185667204485,0.1331182004973352,0.0999010635892874,0.1229766779028879,0.1483318826310256,n/a (noise doesn't move it),,,progressive,progressive,,beyond 25%,,,,,
1730,18097,IN,13145,ok,UNACCEPTABLE progressivity,0.8051094890510949,22.8286287875833,1.0869377129033269,0.0473378161082671,17.26793034258586,0.8415351159171701,0.3395878162021877,0.9319858740318336,-0.0680117251547958,-2.1593219415147527e-08,-0.0582192986799829,-0.0773501825768838,,0.2454241959525643,,,,,,0.1596353681206071,0.1596328774617689,0.1079364890073045,,,n/a (noise doesn't move it),,beyond 25%,progressive,progressive,beyond 25%,beyond 25%,,,,beyond 25%,beyond 25%
1731,55007,WI,551,ok,acceptable (VEI within +/-10),0.9864636209813876,29.488066819521094,1.0486985305423784,0.0069558789138489,-2.12136692789905,0.9278878286024952,0.8939834456036793,0.8977174009046592,-0.1022822665277009,-2.0220381753654526e-07,-0.0282349069578193,-0.0288310947663208,0.1671178024368974,,0.238524953716068,,0.0719481928282601,0.2145859622450202,0.2350513199370095,0.233204393082882,0.2332041528868759,0.2497172573057128,0.2192989286101372,0.2198057717613405,,beyond 25%,,progressive,,,,,,,,
1732,31159,NE,216,ok,acceptable (VEI within +/-10),0.8271125,18.14514812558038,1.0542975678936226,-0.0097235380338531,1.856695307728911,0.8758517594360512,0.5428632314812413,0.9193079134150164,-0.0806889133277576,-2.3513914381765193e-07,-0.0418082133795636,-0.0549945331816472,,0.2209131175335119,0.1804378742666286,0.1138281978826465,0.2266083898210339,0.1953687369150085,,0.1850210125454307,0.1850155821979143,0.1480352434229247,0.1902471894843685,0.2487756072855624,n/a (noise doesn't move it),,,,,,beyond 25%,,,,,
1733,06033,CA,0,no residential sales in 2024,,,,,,,,,,,,,,,,,,,,,,,,,,,,,,,,,,,,,
1734,36101,NY,1213,ok,UNACCEPTABLE regressivity,0.8830645161290323,28.70557143739799,1.2255828966744342,-0.1094381682112707,-36.918894238938336,0.760684338382947,0.3445819810628986,0.7424986349138288,-0.257499490597049,-2.604803100600618e-07,-0.1122237095108973,-0.1364166207183526,,,,,,,,,,0.2076762071983057,,,n/a (noise doesn't move it),beyond 25%,beyond 25%,beyond 25%,beyond 25%,beyond 25%,beyond 25%,beyond 25%,beyond 25%,,beyond 25%,beyond 25%
1735,21105,,0,no residential sales in 2024,,,,,,,,,,,,,,,,,,,,,,,,,,,,,,,,,,,,,
1736,54005,WV,185,ok,UNACCEPTABLE regressivity,0.9685714285714284,81.09458919128534,1.7418652160962804,-0.3261074921458958,-64.61563596613257,0.6540171360839361,0.471441483417358,0.5335040891758223,-0.4664981197344781,-4.5934339278785534e-06,-0.1878024314961925,-0.1880819329411813,,,,,,,,,,,,,n/a (noise doesn't move it),beyond 25%,beyond 25%,beyond 25%,beyond 25%,beyond 25%,beyond 25%,beyond 25%,beyond 25%,beyond 25%,beyond 25%,beyond 25%
1737,47003,TN,0,no residential sales in 2024,,,,,,,,,,,,,,,,,,,,,,,,,,,,,,,,,,,,,
1738,12101,FL,18392,ok,acceptable (VEI within +/-10),0.7227846592342366,47.17380943946665,1.3400051391399723,0.0134472561513487,8.053234957951613,0.434882203382297,0.266551781398487,0.193052424359941,-0.8069468082273886,-9.818296223349549e-08,-0.2250836246512224,-0.249758593693973,,,,,,,,,,,,,n/a (noise doesn't move it),beyond 25%,beyond 25%,progressive,progressive,beyond 25%,beyond 25%,beyond 25%,beyond 25%,beyond 25%,beyond 25%,beyond 25%
1739,30077,MT,0,no residential sales in 2024,,,,,,,,,,,,,,,,,,,,,,,,,,,,,,,,,,,,,
1740,35009,NM,549,ok,UNACCEPTABLE progressivity,0.7807161024569457,26.877067561398498,1.5267067978283912,0.0470542685436063,42.49768887080402,0.5070834007505823,0.0179750560176487,0.7173785900638132,-0.2826120219448031,-4.3478274778263145e-08,-0.2591733470243478,-0.3556738629921911,,,,,,,,,,0.0624187618566685,,,n/a (noise doesn't move it),beyond 25%,beyond 25%,progressive,progressive,beyond 25%,beyond 25%,beyond 25%,beyond 25%,,beyond 25%,beyond 25%
1741,40121,OK,716,ok,acceptable (VEI within +/-10),0.837630303030303,38.547420985616135,1.1116818918676548,-0.0369461145207782,-6.947165135736323,0.9436408281513836,0.6884766051610516,0.8538294711853,-0.1461634307957858,-2.372408952913867e-07,-0.0278261101030983,-0.031985605770658,,,,,0.1310202162831908,0.2024381913228264,,,,0.2462658932758027,0.2127332232218167,0.2309402514872923,n/a (noise doesn't move it),beyond 25%,beyond 25%,beyond 25%,,,beyond 25%,beyond 25%,beyond 25%,,,
1742,19141,IA,0,no residential sales in 2024,,,,,,,,,,,,,,,,,,,,,,,,,,,,,,,,,,,,,
1743,55043,WI,557,ok,acceptable (confidence intervals overlap),0.9036918138041734,20.19778248996542,1.0454396068112624,-0.0196890454790113,-12.66022720456399,0.8682802446003075,0.6664947433238271,0.8913111773161284,-0.1086868585075098,-5.271137582823187e-07,-0.038549407679028,-0.0438976650404507,,0.2353902782233184,0.2075686540065565,0.1353224519835985,0.1764851214753579,0.1994914253031949,,0.193580124837859,0.193576144383145,0.1645335806820834,0.1920204710347428,0.1982042362830688,n/a (noise doesn't move it),,,,,,beyond 25%,,,,,
1744,37177,NC,80,skipped (fewer than 100 sales),,,,,,,,,,,,,,,,,,,,,,,,,,,,,,,,,,,,,
1745,05021,AR,0,no residential sales in 2024,,,,,,,,,,,,,,,,,,,,,,,,,,,,,,,,,,,,,
1746,55078,WI,0,no residential sales in 2024,,,,,,,,,,,,,,,,,,,,,,,,,,,,,,,,,,,,,
1747,06027,CA,0,no residential sales in 2024,,,,,,,,,,,,,,,,,,,,,,,,,,,,,,,,,,,,,
1748,06025,,0,no residential sales in 2024,,,,,,,,,,,,,,,,,,,,,,,,,,,,,,,,,,,,,
1749,21155,KY,265,ok,acceptable (confidence intervals overlap),0.8,36.265387726750966,1.3202689034380537,-0.0841721471172146,-11.126373626373628,0.5121207037027408,0.1053671460965153,0.525478059903547,-0.4745139581206795,-8.04190461424947e-07,-0.2065505859179093,-0.2576147388127483,,,,,0.217266439237621,,,,,0.1971744715295335,,,n/a (noise doesn't move it),beyond 25%,beyond 25%,beyond 25%,,beyond 25%,beyond 25%,beyond 25%,beyond 25%,,beyond 25%,beyond 25%
1750,25005,MA,2020,ok,acceptable (VEI within +/-10),0.9282857142857144,0.3175234029435849,1.0001718701284192,-0.0009141100798267,-0.1938298922188481,0.9988834324221312,0.9273328519105912,0.998632099441497,-0.0013677389306028,-1.1543823946602359e-09,-0.0002460687137297,-0.0002092633976367,,0.0039420777485101,0.0113131345802169,0.0147035673066313,0.0133678805716178,0.011833542929065,0.1213763457193234,0.0123352505776023,0.0123348235264459,0.0109719230916514,0.0118242716489667,0.0114849520199062,n/a (noise doesn't move it),,,,,,,,,,,
1751,20079,,0,no residential sales in 2024,,,,,,,,,,,,,,,,,,,,,,,,,,,,,,,,,,,,,
1752,26121,MI,2478,ok,acceptable (VEI significance <= 10),0.816991634252492,22.358756081366817,1.0071662647644897,0.0310327640977806,12.402903694852244,1.0198756577816763,0.8150126833614055,0.9805365192350334,-0.0194616760993941,-5.753557666153949e-08,0.0063091107123647,0.0068509672611201,,0.24450044251677,0.0870240006233847,,,,,0.1030410326290444,0.1030377246296344,0.075190067662764,,,n/a (noise doesn't move it),,,progressive,progressive,progressive,beyond 25%,,,,progressive,progressive
1753,13217,GA,1348,ok,acceptable (VEI within +/-10),0.955144111413866,13.612687347634788,1.0234102468144568,-0.015238879495564,-2.3009673304345877,0.8656187879504823,0.7813317140052627,0.8787275121133646,-0.1212721203280907,-2.783200401680073e-07,-0.0293112412345186,-0.0319276054268109,,0.1584603668271547,0.1503291544351793,0.0781510496547285,0.0855029733218166,0.1444518598868992,0.204260093651326,0.1522492470190847,0.1522491947745217,0.1370938808033421,0.140898428470666,0.1465255691940559,n/a (noise doesn't move it),,,,,,,,,,,
1754,18011,IN,967,ok,acceptable (VEI within +/-10),0.912507204610951,13.202851862744147,1.038574883947887,-0.0016867282182342,2.450396332829063,0.9180517505874428,0.5718962431693245,0.9512385818844644,-0.0487607553695829,-6.0329623449299e-08,-0.0290339283055824,-0.0385555241429653,,0.1623414891638393,0.176925563631724,0.0420164526196639,,0.179466753000629,,0.1323839656573556,0.1323831809932941,0.1566948921641215,0.1793864467779987,0.2247275010707631,n/a (noise doesn't move it),,,,progressive,,beyond 25%,,,,,
1755,19107,IA,0,no residential sales in 2024,,,,,,,,,,,,,,,,,,,,,,,,,,,,,,,,,,,,,
1756,19145,IA,0,no residential sales in 2024,,,,,,,,,,,,,,,,,,,,,,,,,,,,,,,,,,,,,
1757,54093,,0,no residential sales in 2024,,,,,,,,,,,,,,,,,,,,,,,,,,,,,,,,,,,,,
1758,20161,,0,no residential sales in 2024,,,,,,,,,,,,,,,,,,,,,,,,,,,,,,,,,,,,,
1759,55083,WI,1024,ok,acceptable (VEI significance <= 10),0.9751842105263158,30.54473378897929,1.082134346648426,-0.0282803126673662,-23.81555918820925,0.849270265118011,0.7377473635609068,0.8378903218386572,-0.1621095446781533,-6.213954529549424e-07,-0.0540513895020986,-0.0615322662105426,,,0.2281773902515756,0.1922588969679053,,,,,,0.2392912483314034,,,n/a (noise doesn't move it),beyond 25%,,,beyond 25%,beyond 25%,beyond 25%,beyond 25%,beyond 25%,,beyond 25%,beyond 25%
1760,37017,NC,308,ok,acceptable (VEI significance <= 10),0.654302271062271,55.805215752640535,1.6308417166143687,-0.1559185012027851,-29.702936478621947,0.73556890837401,0.1730495707428099,0.6703035184986244,-0.3296936777112223,-3.327157429596336e-07,-0.1645690046600885,-0.2594036626757596,,,,,,,,,,0.2398845131868023,,,n/a (noise doesn't move it),beyond 25%,beyond 25%,beyond 25%,progressive,beyond 25%,beyond 25%,beyond 25%,beyond 25%,,beyond 25%,beyond 25%
1761,05099,,0,no residential sales in 2024,,,,,,,,,,,,,,,,,,,,,,,,,,,,,,,,,,,,,
1762,22093,,0,no residential sales in 2024,,,,,,,,,,,,,,,,,,,,,,,,,,,,,,,,,,,,,
1763,28099,,0,no residential sales in 2024,,,,,,,,,,,,,,,,,,,,,,,,,,,,,,,,,,,,,
1764,34023,NJ,7587,ok,UNACCEPTABLE progressivity,0.2786802030456853,58.84181150948768,1.2082931750188763,0.5433008422339188,150.56425401083885,0.5342893905839722,0.0008136604896608,0.6364346894762204,-0.3635604976348592,-7.538214424134588e-10,-0.1580832917884973,-0.1877309085439447,,,,,,,,,,0.0100442773153907,,,n/a (noise doesn't move it),beyond 25%,beyond 25%,progressive,progressive,beyond 25%,beyond 25%,beyond 25%,beyond 25%,,beyond 25%,beyond 25%
1765,55021,WI,510,ok,acceptable (VEI within +/-10),0.958176083916084,15.1474123316822,1.0104374022010594,0.0170106519408926,1.5970640845030997,0.9785873250597,0.90872337682729,0.9594552320474368,-0.0405446280745128,-6.606667644983366e-08,-0.0063691915110337,-0.0061753707559768,,0.1827454118575231,0.1210096194703988,,0.1053901386556962,0.0654191361837821,0.2110020630419492,0.121342697289721,0.1213424066405487,0.110504712520017,0.062088036924027,0.0829438691869697,n/a (noise doesn't move it),,,progressive,,,,,,,,
1766,17047,IL,78,skipped (fewer than 100 sales),,,,,,,,,,,,,,,,,,,,,,,,,,,,,,,,,,,,,
1767,45049,SC,224,ok,UNACCEPTABLE regressivity,0.5086641058472045,212.74479474018904,3.1206340969837543,-0.560117704608826,-193.24413477298447,0.7561666162289085,0.24823114713365,0.5225957881365925,-0.4774124073182356,-8.099207131878656e-07,-0.163681307034873,-0.1868745732610741,,,,,,,,,,,,,n/a (noise doesn't move it),beyond 25%,beyond 25%,beyond 25%,beyond 25%,beyond 25%,beyond 25%,beyond 25%,beyond 25%,beyond 25%,beyond 25%,beyond 25%
1768,18061,IN,404,ok,acceptable (VEI significance <= 10),0.8241158505548203,23.592736090001623,1.0217482506854774,0.0371961431775993,16.679851530225303,0.9482237461359946,0.6895016991948391,0.9884093180902408,-0.0115872903711169,-2.0628632816074612e-07,-0.0157858410130489,-0.0204610343302782,,0.2448333005799463,0.1333168694097819,,,0.1320554322437585,,0.1127312274475317,0.1127165658727458,0.11031107634883,0.1267800458115134,0.1323660102048349,n/a (noise doesn't move it),,,progressive,progressive,,beyond 25%,,,,,
1769,45091,SC,4966,ok,UNACCEPTABLE progressivity,0.5718334629532318,37.68644100620155,1.133045460500838,0.1188304259153795,32.90942989355559,0.7577798008942341,0.0732940024004019,0.6863336643380187,-0.3136620539303453,-7.615859208859065e-08,-0.0884101266569419,-0.1228755360884505,,,,,,,,,,0.1084311597626126,,,n/a (noise doesn't move it),beyond 25%,beyond 25%,progressive,progressive,beyond 25%,beyond 25%,beyond 25%,beyond 25%,,beyond 25%,beyond 25%
1770,46033,SD,0,no residential sales in 2024,,,,,,,,,,,,,,,,,,,,,,,,,,,,,,,,,,,,,
1771,05039,AR,85,skipped (fewer than 100 sales),,,,,,,,,,,,,,,,,,,,,,,,,,,,,,,,,,,,,
1772,48115,TX,76,skipped (fewer than 100 sales),,,,,,,,,,,,,,,,,,,,,,,,,,,,,,,,,,,,,
1773,40153,OK,275,ok,acceptable (confidence intervals overlap),0.8782058823529412,35.66994525370317,1.1836972594616624,-0.1331241623363774,-19.83629844931947,0.7153956833308905,0.509868088418148,0.6101144199137727,-0.3898854096283698,-1.4062707104245245e-06,-0.1096689520986495,-0.1275239238775254,,,,,,,,,,,,,n/a (noise doesn't move it),beyond 25%,beyond 25%,beyond 25%,beyond 25%,beyond 25%,beyond 25%,beyond 25%,beyond 25%,beyond 25%,beyond 25%,beyond 25%
1774,19103,IA,0,no residential sales in 2024,,,,,,,,,,,,,,,,,,,,,,,,,,,,,,,,,,,,,
1775,18049,IN,120,ok,acceptable (confidence intervals overlap),0.7150666666666667,37.52415415690985,1.1439308190537836,-0.1207879157029235,-36.14781605012284,0.8284644851123274,0.5753132259580486,0.7457875021112097,-0.2542083091482833,-1.0165161042800135e-06,-0.0625398049570589,-0.0598056806224018,,,,,,0.2435890085277363,,,,0.2413987552383891,0.2380038964677354,0.2224123733174562,n/a (noise doesn't move it),beyond 25%,beyond 25%,beyond 25%,progressive,,beyond 25%,beyond 25%,beyond 25%,,,
1776,47109,TN,0,no residential sales in 2024,,,,,,,,,,,,,,,,,,,,,,,,,,,,,,,,,,,,,
1777,13205,GA,172,ok,UNACCEPTABLE regressivity,0.8106344583735134,53.65759154660252,1.9690804597812028,-0.1569029786096993,-77.12774644323989,0.7417858433256038,0.3018290413529551,0.7463464326734749,-0.2536556002421435,-9.250251592120841e-08,-0.1933948047639808,-0.2612524432651004,,,,,,,,,,,,,n/a (noise doesn't move it),beyond 25%,beyond 25%,beyond 25%,beyond 25%,beyond 25%,beyond 25%,beyond 25%,beyond 25%,beyond 25%,beyond 25%,beyond 25%
1778,41043,OR,1161,ok,acceptable (VEI within +/-10),0.960986301369863,8.791727802065807,1.0080834781559578,0.0066722122965474,-0.9780261271201371,0.9495945738209732,0.8598387366222068,0.958657508751922,-0.0413422010666425,-8.360071809682364e-08,-0.0098888530635443,-0.0113564479502055,,0.1058779461387741,0.0950014738559843,,0.0313193231209576,0.0801402646927331,0.1289117253478672,0.0770315597299992,0.0770310972877241,0.0856623625335971,0.0791128831053126,0.0853601199516605,n/a (noise doesn't move it),,,progressive,,,,,,,,
1779,31119,NE,471,ok,acceptable (VEI within +/-10),0.8199823529411765,16.27511230413789,1.0245707055751554,0.0120583961712578,2.4717829652838703,0.9416089757157472,0.7536126240187723,0.9816054598727104,-0.0183899891402126,-6.785217331312474e-08,-0.0202529936728206,-0.0232403970303058,,0.1902770063159532,0.1497248167820554,,,0.1427738300722851,,0.0954401363447004,0.0954291685435725,0.1141764398407636,0.1417579900724163,0.1538406675421745,n/a (noise doesn't move it),,,progressive,progressive,,beyond 25%,,,,,
1780,05093,AR,0,no residential sales in 2024,,,,,,,,,,,,,,,,,,,,,,,,,,,,,,,,,,,,,
1781,40029,OK,40,skipped (fewer than 100 sales),,,,,,,,,,,,,,,,,,,,,,,,,,,,,,,,,,,,,
1782,53067,WA,3654,ok,acceptable (VEI within +/-10),0.91626060296372,8.417553321578074,0.9967220956991544,0.0445323592503589,8.967836887366595,1.028747159495948,0.9979528950656604,1.0144323350869906,0.014432510193363,3.718167464550808e-09,0.0055446319357435,0.0053935466594197,,0.1008658227808433,,,,,0.0012803018710777,,,,,,n/a (noise doesn't move it),,progressive,progressive,progressive,progressive,,progressive,progressive,progressive,progressive,progressive
1783,13053,GA,20,skipped (fewer than 100 sales),,,,,,,,,,,,,,,,,,,,,,,,,,,,,,,,,,,,,
1784,40085,OK,131,ok,acceptable (confidence intervals overlap),0.6301880597014925,65.40074902842808,1.4324694543257237,-0.1689339787389212,-23.36779791270987,0.6386985437014833,0.248178125419738,0.5252384676723432,-0.4747596629765807,-1.106891977470261e-06,-0.172719429887548,-0.207066486667244,,,,,,,,,,,,,n/a (noise doesn't move it),beyond 25%,beyond 25%,beyond 25%,beyond 25%,beyond 25%,beyond 25%,beyond 25%,beyond 25%,beyond 25%,beyond 25%,beyond 25%
1785,22007,LA,147,ok,acceptable (VEI significance <= 10),0.8998738721257398,35.2841886144367,1.176464053092862,-0.1402189131269192,-25.509747828691232,0.8082269190944673,0.710948607301628,0.7275132554553353,-0.2724867887808684,-1.2993496105814737e-06,-0.0785152676306204,-0.0756846767513654,,,,,,,,,,,,,n/a (noise doesn't move it),beyond 25%,beyond 25%,beyond 25%,beyond 25%,beyond 25%,beyond 25%,beyond 25%,beyond 25%,beyond 25%,beyond 25%,beyond 25%
1786,29119,MO,171,ok,acceptable (confidence intervals overlap),0.3478964651223136,54.52554032281989,1.0467839966574717,-0.0136024561517928,-20.37734559954547,0.9885998007256476,0.5481580043886872,0.6329246511580509,-0.3670731385062935,-1.833542640303503e-08,-0.0058601574926904,0.0671520910364467,,,0.1339165820530818,0.1331098517819692,0.2009534702996418,0.1352556964814149,,,,0.0777276035530509,0.0736626691432487,,n/a (noise doesn't move it),beyond 25%,,,,,progressive,beyond 25%,beyond 25%,,,beyond 25%
1787,27159,MN,218,ok,UNACCEPTABLE progressivity,0.8905188367481824,23.691394086449517,0.9963863891805456,0.0635641086909549,28.286419707933504,1.0094853778074888,0.8411845813609249,1.0487396580121453,0.0487444172478447,3.843529955612136e-08,0.003030935304483,0.0037673916439183,,,,,,,0.1622439022607029,,,,,,n/a (noise doesn't move it),beyond 25%,progressive,progressive,progressive,progressive,,progressive,progressive,progressive,progressive,progressive
1788,45073,SC,1609,ok,acceptable (VEI within +/-10),0.4816551724137931,48.26325142163827,1.1136129517472482,0.0464042236662356,2.200090342867647,0.9055779965452918,0.2837616607234154,0.939482226169855,-0.0602762373406685,-6.13235873390597e-08,-0.0478719140687449,-0.0649345628267727,,,,,,,,,,0.1510957253357518,,,n/a (noise doesn't move it),beyond 25%,beyond 25%,progressive,progressive,beyond 25%,beyond 25%,beyond 25%,beyond 25%,,beyond 25%,beyond 25%
1789,16081,ID,111,ok,UNACCEPTABLE progressivity,0.7924104905119943,45.99392010852901,1.1532161981001765,0.1185930667723784,70.33985530818332,0.5731305048545301,0.2723648857584931,0.4693589937097306,-0.5306450371760035,-2.806856510349978e-07,-0.13340482455788,-0.1458020364117664,,,,,,,,,,,,,n/a (noise doesn't move it),beyond 25%,beyond 25%,progressive,progressive,beyond 25%,beyond 25%,beyond 25%,beyond 25%,beyond 25%,beyond 25%,beyond 25%
1790,48499,TX,373,ok,acceptable (VEI significance <= 10),0.8806922967796851,24.164056381079703,1.0045836275799247,0.0691245593671246,21.922391393185304,0.9588179981672178,0.807326933406206,1.0631126983803678,0.0631158462910319,-3.972438284619576e-08,-0.0125309166360547,-0.0156462961922487,,,0.0688466405520669,,,0.1280018469404543,0.2463138846537235,,,0.0562274809404225,0.1217861122941321,0.1420726497803338,n/a (noise doesn't move it),beyond 25%,,progressive,progressive,,,progressive,progressive,,,
1791,17163,IL,3627,ok,acceptable (VEI within +/-10),0.8207005649717514,22.41145147759793,1.0414955437090587,-0.0091038759520417,2.8245018627774865,0.9413779578355628,0.6957779457896474,0.9464608885747038,-0.0535170028230646,-2.70406879159023e-07,-0.0215024011884803,-0.0244832354957871,,0.2358738487815501,0.1949692045750977,0.1303222111736203,,0.1668883365775427,,0.2107367137128624,0.2107282034498735,0.1631894111697017,0.1645159746296723,0.1617550607868118,n/a (noise doesn't move it),,,,progressive,,beyond 25%,,,,,
1792,27057,MN,602,ok,acceptable (confidence intervals overlap),0.8421383647798742,40.38646729739183,1.1887985481578145,-0.0465332414109542,-22.094935684181394,0.8074799907256525,0.48278183828328,0.6891594166775346,-0.3108448128048777,-4.1444406513016723e-07,-0.0839931480118294,-0.1062092965259624,,,,,0.2445651177304436,,,,,0.2457973340076336,,,n/a (noise doesn't move it),beyond 25%,beyond 25%,beyond 25%,,beyond 25%,beyond 25%,beyond 25%,beyond 25%,,beyond 25%,beyond 25%
1793,19177,IA,87,skipped (fewer than 100 sales),,,,,,,,,,,,,,,,,,,,,,,,,,,,,,,,,,,,,
1794,18057,IN,5043,ok,acceptable (VEI within +/-10),0.8246024898311353,14.17038617320496,1.0212257727977845,-0.0018164835993136,3.3132755967222485,0.9005139045222723,0.7022263695400247,0.9088169441526094,-0.0911824516642177,-1.005960425262612e-07,-0.0260089792332953,-0.0270726765635993,,0.1652674851602135,0.1376254660247119,0.0275638911315613,,0.1515589198871764,,0.1370559286991206,0.1370554336690468,0.1093457912831501,0.1495235487328209,0.1528152393633229,n/a (noise doesn't move it),,,,progressive,,beyond 25%,,,,,
1795,45021,SC,779,ok,UNACCEPTABLE progressivity,0.5211640211640212,55.85654569862257,1.1920097390432367,-0.0233199322687697,28.9192756163564,0.7743896252409125,0.3418712498652548,0.6439305565612705,-0.3560533055234517,-9.053134646297712e-07,-0.0873009249302056,-0.0975524454755698,,,,0.2311228155510717,,,,,,,,,n/a (noise doesn't move it),beyond 25%,beyond 25%,,progressive,beyond 25%,beyond 25%,beyond 25%,beyond 25%,beyond 25%,beyond 25%,beyond 25%
1796,47073,TN,926,ok,acceptable (confidence intervals overlap),0.5526915148550895,35.18551217316564,1.1025581923877144,-0.0334309617144095,-10.440884435881236,0.927430489553314,0.3609094477203967,0.7906661919034431,-0.2093263448445164,-3.348161491199749e-07,-0.0293746059221648,-0.0338537041284381,,,,,0.1960777080066098,0.2125077894118009,,,,0.1639035347690998,0.1994033860422546,0.1787798230087108,n/a (noise doesn't move it),beyond 25%,beyond 25%,beyond 25%,,,beyond 25%,beyond 25%,beyond 25%,,,
1797,37085,NC,3746,ok,UNACCEPTABLE progressivity,0.62431,47.21490643547216,1.2280159124886494,0.0924392726836867,30.020524773170727,0.4321757831186116,0.2139274727126941,0.2663753523256088,-0.7336196628263095,-1.7042142368070258e-07,-0.1858092149119652,-0.208092080204693,,,,,,,,,,0.1822997133889354,,,n/a (noise doesn't move it),beyond 25%,beyond 25%,progressive,progressive,beyond 25%,progressive,beyond 25%,beyond 25%,,beyond 25%,beyond 25%
1798,31173,NE,45,skipped (fewer than 100 sales),,,,,,,,,,,,,,,,,,,,,,,,,,,,,,,,,,,,,
1799,21067,KY,4876,ok,acceptable (VEI within +/-10),0.788852424749164,22.316568559468266,1.0577382231226151,-0.0043401380919708,-4.733496507451515,0.8826159459576881,0.6058433744976661,0.8513124088772767,-0.1486868374468208,-2.563112886134157e-08,-0.042082003106628,-0.0462792047678355,,0.2368645359020835,0.219582472556499,0.0618174356516305,0.1267997138515623,0.2350904972609298,,0.230574107824717,0.2305729763967487,0.1470843082713868,0.2256238129000125,0.2200658938061495,n/a (noise doesn't move it),,,,,,progressive,,,,,
1800,48449,TX,150,ok,acceptable (confidence intervals overlap),0.8940056700401489,24.724189033899947,1.091243078881307,-0.0499439951812751,-11.573692268748664,0.7822555936998538,0.5639660193876468,0.8462249723716233,-0.1537731998927039,-4.762643403263925e-07,-0.0737864669228165,-0.085469729351393,,,,0.222647261353151,0.1909587571024561,,,,,0.209130685911742,,,n/a (noise doesn't move it),beyond 25%,beyond 25%,,,beyond 25%,beyond 25%,beyond 25%,beyond 25%,,beyond 25%,beyond 25%
1801,06067,CA,0,no residential sales in 2024,,,,,,,,,,,,,,,,,,,,,,,,,,,,,,,,,,,,,
1802,34041,NJ,1342,ok,UNACCEPTABLE progressivity,0.5188192267502613,21.19662432237224,0.9997731810909528,0.1028641126015523,37.04702779185622,1.035652117089665,0.4559946165496084,1.036637421937678,0.0366420443435865,1.1558377426977946e-09,0.0088064172777233,0.0108400034530468,,0.2321248361391965,,,,,,,,,,,n/a (noise doesn't move it),,progressive,progressive,progressive,progressive,beyond 25%,progressive,progressive,progressive,progressive,progressive
1803,01039,AL,532,ok,UNACCEPTABLE regressivity,0.9320525765022992,44.32834474642391,1.2678935489493677,-0.1567984855451837,-62.23823322916709,0.7389296593530559,0.4616313164790546,0.6907988045211827,-0.3092011941649721,-8.55215035062908e-07,-0.117781824568711,-0.1316553162241327,,,,0.2465597460054021,,,,,,0.2430680237191622,,,n/a (noise doesn't move it),beyond 25%,beyond 25%,,beyond 25%,beyond 25%,beyond 25%,beyond 25%,beyond 25%,,beyond 25%,beyond 25%
1804,16005,ID,917,ok,acceptable (confidence intervals overlap),0.7609143378941048,19.5979989769568,1.0175374935794346,0.0660241844992113,10.27693865057271,0.8973927226797669,0.6595139696689478,0.9112261245789766,-0.0887725450635526,-1.7856928672871236e-07,-0.0230356252872818,-0.0235059980171052,,0.2165634513308441,0.1270322809210168,,,0.1423736413600894,,0.1475872143369454,0.147586210470655,0.1101953341600715,0.1332161616741093,0.1341816730782275,n/a (noise doesn't move it),,,progressive,progressive,,beyond 25%,,,,,
1805,20149,KS,332,ok,acceptable (VEI significance <= 10),0.7804798431178419,27.76005763479183,1.1174692026568032,0.0463820651049695,15.743737809570275,0.6520415242946334,0.2091921577806112,0.7771167679579547,-0.2228763370839215,-2.438516649592859e-07,-0.1116672388818005,-0.1325325977577123,,,,,,,,,,0.1524950355635895,,,n/a (noise doesn't move it),beyond 25%,beyond 25%,progressive,progressive,beyond 25%,beyond 25%,beyond 25%,beyond 25%,,beyond 25%,beyond 25%
1806,20173,,0,no residential sales in 2024,,,,,,,,,,,,,,,,,,,,,,,,,,,,,,,,,,,,,
1807,06061,,0,no residential sales in 2024,,,,,,,,,,,,,,,,,,,,,,,,,,,,,,,,,,,,,
1808,20023,,0,no residential sales in 2024,,,,,,,,,,,,,,,,,,,,,,,,,,,,,,,,,,,,,
1809,28123,MS,47,skipped (fewer than 100 sales),,,,,,,,,,,,,,,,,,,,,,,,,,,,,,,,,,,,,
1810,25001,MA,0,no residential sales in 2024,,,,,,,,,,,,,,,,,,,,,,,,,,,,,,,,,,,,,
1811,05067,AR,233,ok,UNACCEPTABLE regressivity,0.8449589245705751,81.86778707682562,3.195455652083428,-0.2907916866104545,-64.95384774026279,0.3495304328400137,0.0179787448819087,0.4348085067602455,-0.5651781061863005,-2.64583636133884e-07,-0.4708979381360245,-0.5940657146549513,,,,,,,,,,0.2008752848702761,,,n/a (noise doesn't move it),beyond 25%,beyond 25%,beyond 25%,beyond 25%,beyond 25%,beyond 25%,beyond 25%,beyond 25%,,beyond 25%,beyond 25%
1812,21151,KY,1393,ok,acceptable (confidence intervals overlap),0.6941176470588235,34.13029638215177,3.544015176721872,-0.0487326417682211,-15.644975883093789,0.3160289634320012,-3.160365787590913e-05,0.5501994879573787,-0.4497870475849339,-2.512092420733581e-09,-0.5428695156335714,-0.7221291691892642,,,,0.2365293773964171,,,,,,0.0109758398045232,,,n/a (noise doesn't move it),beyond 25%,beyond 25%,,beyond 25%,beyond 25%,beyond 25%,beyond 25%,beyond 25%,,beyond 25%,beyond 25%
1813,13213,GA,454,ok,UNACCEPTABLE progressivity,0.7337445913256788,43.39288854522479,1.0462828343303312,0.1073666945771343,70.17997072902996,0.96490520608005,0.351584746044138,1.004788236378196,0.0047936634143627,-8.06719827995112e-08,-0.0138513407850218,-0.0349739661202359,,,0.1980816390337454,,,0.1793570361062067,,,,0.0991528087980251,0.1358511395651452,0.1882733454071396,n/a (noise doesn't move it),beyond 25%,,progressive,progressive,,beyond 25%,progressive,progressive,,,
1814,49007,UT,254,ok,acceptable (VEI significance <= 10),0.7525828238671232,25.22344136259136,1.0220737138343798,0.0360984824828993,15.309540627308436,0.9504549132277478,0.7589143374088723,0.8785609236692336,-0.1214384889870681,-1.2000154824733105e-07,-0.0141511671367118,-0.0096708815450397,,,0.1311341895479438,,,0.1592834489733273,,0.191578229012099,0.1915762920417145,0.1269620467395275,0.1261435788846509,0.1099735349468355,n/a (noise doesn't move it),beyond 25%,,progressive,progressive,,beyond 25%,,,,,
1815,08069,CO,4647,ok,acceptable (VEI significance <= 10),0.978421052631579,8.81243395881888,1.025672201490272,-0.0431843825785725,-10.714016040453355,0.8749794780658148,0.8509953994990123,0.8975476316685377,-0.1024500024074774,-2.7937947018311467e-08,-0.0317675651502815,-0.0340412397098492,,0.1093987528202771,0.14659146905884,0.1330568805641565,0.1683352635290974,0.1469755984169009,0.2376956440282296,0.1305915680341419,0.1305905207224753,0.1403619264258842,0.1506708982475557,0.1569311120806251,n/a (noise doesn't move it),,,,,,,,,,,
1816,18053,IN,995,ok,UNACCEPTABLE regressivity,0.8078195488721804,29.894153578409664,1.1587066206160903,-0.1116402352005803,-40.82038085715119,0.7869588662812537,0.235358392252676,0.7551436262807382,-0.2448553800423981,-5.056862132913691e-07,-0.082736168685195,-0.0986993477481896,,,,,,,,,,0.1822733885850447,,,n/a (noise doesn't move it),beyond 25%,beyond 25%,beyond 25%,beyond 25%,beyond 25%,beyond 25%,beyond 25%,beyond 25%,,beyond 25%,beyond 25%
1817,08101,CO,2159,ok,acceptable (VEI within +/-10),0.9563181818181818,13.502092286997874,1.0140702115946736,-0.0034412340206118,0.7897483556952691,0.9458471458422122,0.8619052294185853,0.924621879938048,-0.0753777966540526,-2.0805489733211925e-07,-0.0124275507252236,-0.0124315059070947,,0.1572302814275784,0.1165825276971926,0.0314243487007627,,0.0976681914934752,0.1588458567749761,0.1299240277932789,0.1299236188721997,0.1144184157099181,0.095885485142443,0.0938348991496483,n/a (noise doesn't move it),,,,progressive,,,,,,,
1818,33003,NH,0,no residential sales in 2024,,,,,,,,,,,,,,,,,,,,,,,,,,,,,,,,,,,,,
1819,45039,SC,250,ok,UNACCEPTABLE regressivity,0.6337375335201422,66.51833442770477,1.491662690258162,-0.3018767362325928,-67.28646172282133,0.8702637451266622,0.4240920108419806,0.6982477714383785,-0.3017582174481306,-5.090678773021869e-07,-0.0731691748849481,-0.0765143879624152,,,,,,,,,,,,,n/a (noise doesn't move it),beyond 25%,beyond 25%,beyond 25%,beyond 25%,beyond 25%,beyond 25%,beyond 25%,beyond 25%,beyond 25%,beyond 25%,beyond 25%
1820,19111,IA,0,no residential sales in 2024,,,,,,,,,,,,,,,,,,,,,,,,,,,,,,,,,,,,,
1821,06001,CA,0,no residential sales in 2024,,,,,,,,,,,,,,,,,,,,,,,,,,,,,,,,,,,,,
1822,19033,IA,0,no residential sales in 2024,,,,,,,,,,,,,,,,,,,,,,,,,,,,,,,,,,,,,
1823,05049,AR,187,ok,acceptable (confidence intervals overlap),0.5871959614502065,50.91889772458893,1.2496952451283914,-0.001155410307854,22.223627062968095,0.6397005339527756,0.1307573068107956,0.5876058532929644,-0.412381802890687,-6.438100802233896e-07,-0.152864394822457,-0.1959326140836641,,,,0.0509513075733375,,,,,,0.1885673173188616,,,n/a (noise doesn't move it),beyond 25%,beyond 25%,,progressive,beyond 25%,beyond 25%,beyond 25%,beyond 25%,,beyond 25%,beyond 25%
1824,05137,AR,0,no residential sales in 2024,,,,,,,,,,,,,,,,,,,,,,,,,,,,,,,,,,,,,
1825,13003,GA,45,skipped (fewer than 100 sales),,,,,,,,,,,,,,,,,,,,,,,,,,,,,,,,,,,,,
1826,45087,SC,0,no residential sales in 2024,,,,,,,,,,,,,,,,,,,,,,,,,,,,,,,,,,,,,
1827,51125,VA,474,ok,acceptable (VEI within +/-10),0.7004313195376144,24.967785861653628,1.0699166371143682,0.0046657639902823,2.7102609426500717,0.9273093466229364,0.4187191813234642,0.9678932554370658,-0.0321015473687871,-9.055068622014017e-08,-0.033850768413171,-0.0602100659382573,,,0.2245337503754194,,,0.2233599821031837,,0.1935489641048429,0.1935616040328163,0.1332384450687328,0.2253768399569051,,n/a (noise doesn't move it),beyond 25%,,progressive,progressive,,beyond 25%,,,,,beyond 25%
1828,18133,IN,549,ok,acceptable (confidence intervals overlap),0.5722222222222222,27.72566511963921,1.115758291599213,-0.04960472871692,-25.6137759605166,0.7617273629523833,0.2059380686313479,0.8215161237109625,-0.1784760903143197,-1.9161565298392366e-07,-0.0825514239955393,-0.0988334554618519,,,,0.2188892109325469,,,,,,0.0901306650337519,,,n/a (noise doesn't move it),beyond 25%,beyond 25%,,beyond 25%,beyond 25%,beyond 25%,beyond 25%,beyond 25%,,beyond 25%,beyond 25%
1829,42133,PA,0,no residential sales in 2024,,,,,,,,,,,,,,,,,,,,,,,,,,,,,,,,,,,,,
1830,12035,FL,3967,ok,UNACCEPTABLE progressivity,0.7615025641025641,33.00972321783434,1.0303877191791546,0.2144240320286433,84.81335120873686,0.972450358196868,0.2340808718238637,0.9444572772680014,-0.0555297811728932,-2.998833706854998e-08,-0.0081954515856874,-0.0128086867205416,,,0.1653104434492238,,,0.1107949237717006,,0.215802976445041,0.2157789742441498,0.0822656392046431,0.0898279596364136,0.1179968090710599,n/a (noise doesn't move it),beyond 25%,,progressive,progressive,,beyond 25%,,,,,
1831,22085,LA,211,ok,acceptable (confidence intervals overlap),0.7206836363636364,55.644006745046354,7.379187220812188,-0.1101879745177697,-24.59754639327388,0.4504813611799053,0.0001934621296591,0.6468097291938542,-0.353188311336559,-3.743460660407368e-09,-0.4999873602542835,-0.8424449512463263,,,,,,,,,,0.0098420167430881,,,n/a (noise doesn't move it),beyond 25%,beyond 25%,progressive,progressive,beyond 25%,beyond 25%,beyond 25%,beyond 25%,,beyond 25%,beyond 25%
1832,26047,MI,576,ok,UNACCEPTABLE regressivity,0.9126626657321416,1869.2228242880133,17.054229242426352,-11.24328912782022,-4370.03152763153,0.4174902085045968,0.4442796058218657,0.1769917304138757,-0.8230220465193572,-8.409446013905225e-05,-0.2835352614871536,-0.2690058837620879,,,,,,,,,,,,,n/a (noise doesn't move it),beyond 25%,beyond 25%,beyond 25%,beyond 25%,beyond 25%,beyond 25%,beyond 25%,beyond 25%,beyond 25%,beyond 25%,beyond 25%
1833,34037,NJ,2418,ok,acceptable (VEI within +/-10),0.6556882255389718,29.14531139912962,1.0537874427244998,-0.0005885202389515,-4.73369422342704,0.8380315303276417,0.4675364844012048,0.925490415331546,-0.0744987892021386,-1.9787513581065926e-07,-0.0473403888526779,-0.0515435286968728,,,0.2113697552516916,0.0325293342294197,0.1391997291087323,0.2311826161432621,,0.2420831987971882,0.2420721717900531,0.1332953759400194,0.2107407188024728,0.2096086790108688,n/a (noise doesn't move it),beyond 25%,,,,,beyond 25%,,,,,
1834,17083,IL,284,ok,acceptable (VEI significance <= 10),0.8660805084745763,22.31267442972447,1.0781805963228324,-0.0885341769917752,-21.815346228174324,0.856310683300245,0.65827230419411,0.8265276556016949,-0.1734708426556976,-8.236353875276306e-07,-0.0482495493883499,-0.0535912354732546,,0.2364461057919697,0.2338153403591024,,0.2154584676546616,0.2208129648879859,,0.2408154249820882,0.2408149115184416,0.1996956629977492,0.2203825818161079,0.2201724649505647,n/a (noise doesn't move it),,,beyond 25%,,,beyond 25%,,,,,
1835,48463,TX,157,ok,acceptable (VEI within +/-10),0.875140977443609,22.212695499735844,1.0187787452673007,0.0448711735582688,7.630294143623001,0.96065911527145,0.7536603383839549,0.9411022797743692,-0.0588968290218719,-1.9148691962348186e-07,-0.0113903739667677,-0.0154329120803036,,0.2490444738224675,0.1288017295123083,,,0.0818660748817219,,0.1592757309675495,0.1592702104886985,0.1021379423926522,0.1078463910731331,0.0985066832960043,n/a (noise doesn't move it),,,progressive,progressive,,beyond 25%,,,,,
1836,40013,OK,640,ok,UNACCEPTABLE regressivity,0.7429005177292156,38.64514671803995,4.3201047930711525,-0.1002944977552246,-74.28654655677319,0.3819794710196904,0.0074743871775011,0.4669338214356827,-0.5330613832807245,-3.018591137116579e-08,-0.5061546410944799,-0.7219992860126603,,,,,,,,,,0.0676229831821296,,,n/a (noise doesn't move it),beyond 25%,beyond 25%,beyond 25%,beyond 25%,beyond 25%,beyond 25%,beyond 25%,beyond 25%,,beyond 25%,beyond 25%
1837,04012,,0,no residential sales in 2024,,,,,,,,,,,,,,,,,,,,,,,,,,,,,,,,,,,,,
1838,06013,CA,0,no residential sales in 2024,,,,,,,,,,,,,,,,,,,,,,,,,,,,,,,,,,,,,
1839,39161,OH,0,no residential sales in 2024,,,,,,,,,,,,,,,,,,,,,,,,,,,,,,,,,,,,,
1840,55107,WI,331,ok,UNACCEPTABLE regressivity,0.8094117647058824,38.30556409844131,1.0969342244777665,-0.0269055595222004,-38.27844127389462,0.8750866799416558,0.7176731532339925,0.8471434139697867,-0.1528523195078888,-5.728111262042066e-07,-0.0507696748093162,-0.0487132895881678,,,,0.1834651637097608,,,,,,0.2238741796661582,,,n/a (noise doesn't move it),beyond 25%,beyond 25%,,beyond 25%,beyond 25%,beyond 25%,beyond 25%,beyond 25%,,beyond 25%,beyond 25%
1841,50023,VT,0,no residential sales in 2024,,,,,,,,,,,,,,,,,,,,,,,,,,,,,,,,,,,,,
1842,01085,AL,26,skipped (fewer than 100 sales),,,,,,,,,,,,,,,,,,,,,,,,,,,,,,,,,,,,,
1843,54103,WV,299,ok,UNACCEPTABLE regressivity,1.028,225.05375596538713,8.280290919283155,-0.7083134390128999,-175.71155829389534,0.2242296592262214,0.0214310226955411,0.2445395101571024,-0.7554606859536283,-3.809764333515369e-07,-0.6306614165554116,-0.7271452456153151,,,,,,,,,,0.1483571928561028,,,n/a (noise doesn't move it),beyond 25%,beyond 25%,beyond 25%,beyond 25%,beyond 25%,beyond 25%,beyond 25%,beyond 25%,,beyond 25%,beyond 25%
1844,13177,GA,398,ok,acceptable (VEI within +/-10),0.6872003051844133,12.450407626421525,1.0145692014573942,-0.0078878164192197,4.07088251925492,0.9667955822957702,0.6434141125384005,0.9380384472499832,-0.061959652868722,-2.4521958334693322e-08,-0.0090121029451928,-0.0111922182416011,,0.1512688542076933,0.1326820201545951,0.0741804232071016,,0.0949198101571166,,0.1334839612883856,0.1334891981009422,0.06434478904114,0.0911011500142401,0.1241843186762606,n/a (noise doesn't move it),,,,progressive,,beyond 25%,,,,,
1845,06045,,0,no residential sales in 2024,,,,,,,,,,,,,,,,,,,,,,,,,,,,,,,,,,,,,
1846,51079,VA,365,ok,UNACCEPTABLE progressivity,0.7454838709677419,31.514342707313553,1.1211328998323895,0.0888161958774098,36.897167922188885,0.748734763935692,0.3119382005210219,0.7510978612652359,-0.2488962193226436,-2.2350347288682903e-08,-0.0891145883582495,-0.1009195089293457,,,,,,,,,,0.1264676812235445,,,n/a (noise doesn't move it),beyond 25%,beyond 25%,progressive,progressive,beyond 25%,beyond 25%,beyond 25%,beyond 25%,,beyond 25%,beyond 25%
1847,54097,WV,140,ok,acceptable (VEI within +/-10),0.6798987854251013,62.033286664099826,1.4243958485717594,-0.0686421833280657,-8.263141026202364,0.5051893958243664,0.0597208829536157,0.6502075542495132,-0.3497742013662266,-1.0405325925086931e-06,-0.2273690719757957,-0.2893528232512319,,,,,0.1505085599998101,,,,,0.1912697588055916,,,n/a (noise doesn't move it),beyond 25%,beyond 25%,beyond 25%,,beyond 25%,beyond 25%,beyond 25%,beyond 25%,,beyond 25%,beyond 25%
1848,05051,AR,5,skipped (fewer than 100 sales),,,,,,,,,,,,,,,,,,,,,,,,,,,,,,,,,,,,,
1849,06007,,0,no residential sales in 2024,,,,,,,,,,,,,,,,,,,,,,,,,,,,,,,,,,,,,
1850,06091,,0,no residential sales in 2024,,,,,,,,,,,,,,,,,,,,,,,,,,,,,,,,,,,,,
1851,35027,NM,228,ok,acceptable (VEI within +/-10),0.8871871615482598,17.2274314412703,1.024287393170502,0.0251357006542512,4.830244575469946,0.9438919242413032,0.6805217887587429,0.9752550881946502,-0.024743045803261,-5.343870123233175e-08,-0.0194353325504217,-0.0224250990212868,,0.2018503388041038,0.1491385044193751,,,0.1386899087531596,,0.1040733829787165,0.1040705517731166,0.1176581202189097,0.144650523749258,0.1855083176367929,n/a (noise doesn't move it),,,progressive,progressive,,beyond 25%,,,,,
1852,37127,NC,1356,ok,UNACCEPTABLE progressivity,0.4320567111605488,49.464334295184095,1.3487592035334277,0.0383215577103953,30.61073511705991,0.5555875413866179,0.0222728400812637,0.5287849595087272,-0.4712026792558239,-1.1357519607033722e-07,-0.1969213640090485,-0.2494082262440762,,,,,,,,,,0.1072275841276636,,,n/a (noise doesn't move it),beyond 25%,beyond 25%,progressive,progressive,beyond 25%,beyond 25%,beyond 25%,beyond 25%,,beyond 25%,beyond 25%
1853,22019,LA,2218,ok,acceptable (VEI within +/-10),0.6517837004982954,35.46789405003973,5.0244967175988675,-0.0015416815202053,-6.519449227606128,0.43896102476389,4.1071792282207505e-05,0.7654905386841766,-0.2345045491743819,-3.686855620925238e-10,-0.4901414008913167,-0.7931564662684509,,,,0.0431193722314344,0.1443812722493088,,,,,0.0140180025084941,,,n/a (noise doesn't move it),beyond 25%,beyond 25%,,,beyond 25%,progressive,beyond 25%,beyond 25%,,beyond 25%,beyond 25%
1854,21131,,0,no residential sales in 2024,,,,,,,,,,,,,,,,,,,,,,,,,,,,,,,,,,,,,
1855,48139,,0,no residential sales in 2024,,,,,,,,,,,,,,,,,,,,,,,,,,,,,,,,,,,,,
1856,48179,TX,201,ok,acceptable (confidence intervals overlap),0.7951127819548872,32.8419610652446,1.2914422529278151,-0.0160918902569621,15.834121355397963,0.621918165585882,0.0556327860027758,0.7459256327685313,-0.2540421299983685,-2.2546197355315457e-07,-0.1735387041768081,-0.2457561416969613,,,,0.1634609819076947,,,,,,0.1067540159689666,,,n/a (noise doesn't move it),beyond 25%,beyond 25%,,progressive,beyond 25%,beyond 25%,beyond 25%,beyond 25%,,beyond 25%,beyond 25%
1857,40083,OK,916,ok,acceptable (VEI significance <= 10),0.8040810283687942,43.9086044799468,1.1949845320673076,0.0339613174425397,16.125619736419615,0.6614851067148948,0.2090928652431221,-0.0363138892664183,-1.0368027631819323,-4.045962413520763e-07,-0.1283391950292742,-0.1552599937862646,,,,,,,,,,,,,n/a (noise doesn't move it),beyond 25%,beyond 25%,progressive,progressive,beyond 25%,beyond 25%,beyond 25%,beyond 25%,beyond 25%,beyond 25%,beyond 25%
1858,54017,WV,78,skipped (fewer than 100 sales),,,,,,,,,,,,,,,,,,,,,,,,,,,,,,,,,,,,,
1859,46059,,0,no residential sales in 2024,,,,,,,,,,,,,,,,,,,,,,,,,,,,,,,,,,,,,
1860,26119,,0,no residential sales in 2024,,,,,,,,,,,,,,,,,,,,,,,,,,,,,,,,,,,,,
1861,48249,TX,165,ok,acceptable (VEI within +/-10),0.6645222348659824,34.586225901164305,1.0694398641852805,0.0355728241955424,-0.2655377660908545,0.8707917540983495,0.5190822480274928,0.8551868767019294,-0.1447958548486347,-4.297862667707366e-07,-0.0479436638865411,-0.0605031020711592,,,,,0.038344633541078,,,,,0.20260383137093,,,n/a (noise doesn't move it),beyond 25%,beyond 25%,progressive,,beyond 25%,beyond 25%,beyond 25%,beyond 25%,,beyond 25%,beyond 25%
1862,39039,OH,462,ok,acceptable (VEI within +/-10),0.7552431298822265,23.252530385105295,1.0682419639932852,-0.0037791257167364,-2.498332005272087,0.8340556505753258,0.4686593123011428,0.8829179020329062,-0.117072882625889,-4.382752525667413e-07,-0.0546480698239701,-0.0617843929151191,,0.2441511733450388,0.2239085735593744,0.0605819419102775,0.0637713588147786,0.2365637542727985,,0.2247752782896927,0.2248538284382816,0.1516714373459587,0.2309097091848752,0.2360457929030844,n/a (noise doesn't move it),,,,,,beyond 25%,,,,,
1863,47061,TN,0,no residential sales in 2024,,,,,,,,,,,,,,,,,,,,,,,,,,,,,,,,,,,,,
1864,46073,SD,0,no residential sales in 2024,,,,,,,,,,,,,,,,,,,,,,,,,,,,,,,,,,,,,
1865,26101,MI,418,ok,acceptable (VEI within +/-10),0.7720421017951352,24.253887112196864,1.0097935990222615,0.0250536758864394,7.838139837878335,0.9962451546262436,0.8114511270441563,0.9723825551679156,-0.0276144233378791,-3.5722010866568356e-08,-0.0014824648774296,0.0040846665997088,,,0.0847500966287976,,,0.0611287094866639,,0.1342053954958962,0.1341991272976121,0.0689707054888991,0.0696685003586885,,n/a (noise doesn't move it),beyond 25%,,progressive,progressive,,beyond 25%,,,,,progressive
1866,29211,MO,0,no residential sales in 2024,,,,,,,,,,,,,,,,,,,,,,,,,,,,,,,,,,,,,
1867,18169,IN,445,ok,acceptable (VEI within +/-10),0.7128919860627178,26.5198136220265,1.067767534381146,-0.0297601279586979,-5.1018636049601405,0.845558539106335,0.5093241014634932,0.8205701586433499,-0.1794259345195416,-5.796571865282968e-07,-0.0488739373414792,-0.0540573677625451,,,0.240716088352979,0.1815288890979229,0.1097227146670739,0.2418216795131589,,,,0.1760280225924028,0.2336101014201567,0.2404017593743573,n/a (noise doesn't move it),beyond 25%,,,,,beyond 25%,beyond 25%,beyond 25%,,,
1868,18103,IN,435,ok,UNACCEPTABLE regressivity,0.6521405554703085,43.80819452734225,1.3527426166203365,-0.1879977261058936,-30.608601497926927,0.5659510157463141,0.1474171707838855,0.536724899940463,-0.4632731606405887,-3.189551582960364e-07,-0.1915681097441552,-0.2158454362823849,,,,,,,,,,0.1311706848772806,,,n/a (noise doesn't move it),beyond 25%,beyond 25%,beyond 25%,beyond 25%,beyond 25%,beyond 25%,beyond 25%,beyond 25%,,beyond 25%,beyond 25%
1869,13189,,0,no residential sales in 2024,,,,,,,,,,,,,,,,,,,,,,,,,,,,,,,,,,,,,
1870,26131,,0,no residential sales in 2024,,,,,,,,,,,,,,,,,,,,,,,,,,,,,,,,,,,,,
1871,21207,KY,458,ok,acceptable (confidence intervals overlap),0.6141954787234043,60.00903410742856,1.375277900795145,-0.0423104812276835,-14.061262147865657,0.7986012163760293,0.0644400438526708,0.7445393696818025,-0.255444437749228,-1.8427221515046255e-07,-0.1148400494756545,-0.1754568397735694,,,,,,,,,,0.1491549040125836,,,n/a (noise doesn't move it),beyond 25%,beyond 25%,beyond 25%,beyond 25%,beyond 25%,beyond 25%,beyond 25%,beyond 25%,,beyond 25%,beyond 25%
1872,31043,NE,155,ok,acceptable (VEI significance <= 10),0.814206008583691,24.102569826792624,1.0392282096939345,0.0074889758210821,17.477831661190475,0.8790157083410534,0.6660816776087062,0.8334186070906318,-0.1665802695035675,-5.51025156760668e-07,-0.0329223923916599,-0.0372987081535192,,,0.1819280840879636,,,0.2127046984829885,,0.2484031731105226,0.2484023228295536,0.1664175273299953,0.1816061837070213,0.1822029355540401,n/a (noise doesn't move it),beyond 25%,,progressive,progressive,,beyond 25%,,,,,
1873,39001,OH,0,no residential sales in 2024,,,,,,,,,,,,,,,,,,,,,,,,,,,,,,,,,,,,,
1874,04023,AZ,571,ok,UNACCEPTABLE progressivity,0.6247931034482759,46.07040652176242,0.9892714876489204,0.2788367707073995,76.437169444228,1.1512985627534886,0.579384984870371,0.9579311555477276,-0.0420703583548633,3.510575553944123e-08,0.0433120504481256,0.0495988493600936,,,,,,,,0.237086677425849,0.2370857065446506,,,,n/a (noise doesn't move it),beyond 25%,progressive,progressive,progressive,progressive,beyond 25%,,,progressive,progressive,progressive
1875,13159,GA,222,ok,acceptable (VEI significance <= 10),0.910494983277592,20.38205928655498,1.0124503072397848,0.015318526546561,16.783950131551695,0.9951258908858364,0.8349380288125191,0.9978651039622448,-0.0021324298042108,-7.201200911557856e-08,-0.0016485820014522,-0.0068873394465442,,0.2205037964299918,0.1219652849874968,,,0.0689823309375036,0.2201855632830204,0.056947407032214,0.0570051686157749,0.101800651901014,0.0670492017552326,0.0802517879323272,n/a (noise doesn't move it),,,progressive,progressive,,,,,,,
1876,05143,AR,6,skipped (fewer than 100 sales),,,,,,,,,,,,,,,,,,,,,,,,,,,,,,,,,,,,,
1877,19075,IA,0,no residential sales in 2024,,,,,,,,,,,,,,,,,,,,,,,,,,,,,,,,,,,,,
1878,36117,NY,937,ok,acceptable (VEI significance <= 10),0.84375,24.307334089155688,1.0604433556617086,-0.0559350033021779,-29.538134580522932,0.8494516402854819,0.7561934551029957,0.8174433226501361,-0.1825564549196996,-4.475540985854355e-07,-0.0462253813208257,-0.0486628712292742,,0.2485486287134216,0.235975043494738,0.226493655710797,,0.2397697572871078,,0.2423428661096999,0.2423416583352759,0.2335907740698762,0.2307671325141057,0.2296875788213348,n/a (noise doesn't move it),,,,beyond 25%,,beyond 25%,,,,,
1879,48441,,0,no residential sales in 2024,,,,,,,,,,,,,,,,,,,,,,,,,,,,,,,,,,,,,
1880,02122,,0,no residential sales in 2024,,,,,,,,,,,,,,,,,,,,,,,,,,,,,,,,,,,,,
1881,13289,GA,78,skipped (fewer than 100 sales),,,,,,,,,,,,,,,,,,,,,,,,,,,,,,,,,,,,,
1882,08117,CO,1010,ok,acceptable (VEI within +/-10),0.9733495670995672,11.232403821871957,1.0374683106450446,-0.032704012125985,-7.114701448655588,0.9329018591209174,0.8580031203229904,0.933910470413056,-0.0660892992973153,-3.432939165540003e-08,-0.0267707125000637,-0.0301083719830466,,0.1336009535063372,0.19211919800344,0.1727661102334091,0.2087941867104477,0.1966601333515899,0.2285808639498764,0.1772903950155933,0.1772906272506698,0.1757164741130051,0.1977532796070779,0.2071302478897796,n/a (noise doesn't move it),,,,,,,,,,,
1883,13071,GA,447,ok,acceptable (VEI significance <= 10),0.7950982456140351,39.09824643925968,1.1827988839301309,0.0141123016983246,27.11978361658043,0.8138525178987901,0.284325428480973,0.8425483478215513,-0.15744264926,-2.820201376159762e-07,-0.0920464297453078,-0.1448659863488779,,,,,,,,,,0.1878779706240134,,,n/a (noise doesn't move it),beyond 25%,beyond 25%,progressive,progressive,beyond 25%,beyond 25%,beyond 25%,beyond 25%,,beyond 25%,beyond 25%
1884,16011,ID,372,ok,acceptable (VEI significance <= 10),0.7028882144352225,37.73505883964505,1.13337148623203,0.1487680204263698,22.904708573411472,0.3695221129459627,0.1224378643810278,0.1536190111258321,-0.8463845047941018,-6.638258277532044e-07,-0.161881850889646,-0.1754938762591658,,,,,,,,,,0.2233294600374159,,,n/a (noise doesn't move it),beyond 25%,beyond 25%,progressive,progressive,beyond 25%,beyond 25%,beyond 25%,beyond 25%,,beyond 25%,beyond 25%
1885,40129,OK,19,skipped (fewer than 100 sales),,,,,,,,,,,,,,,,,,,,,,,,,,,,,,,,,,,,,
1886,42057,PA,0,no residential sales in 2024,,,,,,,,,,,,,,,,,,,,,,,,,,,,,,,,,,,,,
1887,51095,VA,1416,ok,acceptable (VEI within +/-10),0.8778246753246752,9.61069019657652,1.015652304925864,-0.0016793350940478,3.754515118288943,0.948158205303459,0.728223135535481,0.9683952063888324,-0.0316043811420037,-2.0895317649239946e-08,-0.0150390363041439,-0.0182736392897266,,0.1170414969023803,0.1016304696731617,0.0430154387431639,,0.0970822152792983,,0.0904699240369813,0.0904683135172327,0.0969924206268207,0.0963801221919645,0.111808970240553,n/a (noise doesn't move it),,,,progressive,,progressive,,,,,
1888,16053,ID,217,ok,UNACCEPTABLE progressivity,0.7456316336094435,43.94346997471889,1.4584803890734523,0.0191094618395581,68.98098357899048,0.3350826447515413,0.0621842897454509,0.3324857609635882,-0.6675132549141831,-1.881890474861628e-07,-0.2955090756769578,-0.3291028149424666,,,,,,,,,,0.1497001656872256,,,n/a (noise doesn't move it),beyond 25%,beyond 25%,progressive,progressive,beyond 25%,beyond 25%,beyond 25%,beyond 25%,,beyond 25%,beyond 25%
1889,48461,TX,25,skipped (fewer than 100 sales),,,,,,,,,,,,,,,,,,,,,,,,,,,,,,,,,,,,,
1890,51139,VA,194,ok,acceptable (VEI within +/-10),0.6051245167670593,20.089546314731283,1.0285813535282342,0.0117534386259851,6.0034884093827365,0.8573678619219639,0.5118291796738271,0.8345047048728111,-0.1654926289453427,-3.0759862783160506e-07,-0.0321180554961835,-0.0321591328022503,,0.221199591158029,0.1602489423287063,,,0.1651976751806934,,0.1990665118949191,0.1990642449283906,0.114326687188318,0.147496081762824,0.1468193575695667,n/a (noise doesn't move it),,,progressive,progressive,,beyond 25%,,,,,
1891,39059,OH,650,ok,acceptable (VEI within +/-10),0.6786726342710998,47.78748416459241,1.2178990673367691,-0.0557919509250524,7.376967790516796,0.7978782926300607,0.3326061022966882,0.7677808447999819,-0.2322111167547595,-7.732775396830171e-07,-0.0911528205551364,-0.1155950579427302,,,,,,,,,,0.2271456665426832,,,n/a (noise doesn't move it),beyond 25%,beyond 25%,beyond 25%,progressive,beyond 25%,beyond 25%,beyond 25%,beyond 25%,,beyond 25%,beyond 25%
1892,29221,,0,no residential sales in 2024,,,,,,,,,,,,,,,,,,,,,,,,,,,,,,,,,,,,,
1893,48091,,0,no residential sales in 2024,,,,,,,,,,,,,,,,,,,,,,,,,,,,,,,,,,,,,
1894,51013,VA,2230,ok,acceptable (VEI within +/-10),0.9263020077525004,7.689889663294649,1.0119790069932026,-0.0146755678845089,-3.8146795326390337,0.9734256020573702,0.9167271916893354,0.9664627064981216,-0.033537119973305,-9.117733381002613e-10,-0.0111645291552713,-0.0103526343647906,,0.0953913283244877,0.0872625533126835,0.1347591072983452,0.1408695016774181,0.107826341937995,0.2099698639021695,0.1194188860291385,0.1194186325763888,0.0833557351990161,0.1080480480124164,0.1014293019118982,n/a (noise doesn't move it),,,,,,,,,,,
1895,50005,VT,0,no residential sales in 2024,,,,,,,,,,,,,,,,,,,,,,,,,,,,,,,,,,,,,
1896,26027,MI,684,ok,UNACCEPTABLE regressivity,0.8511884708965001,35.11798832915604,1.1629855398426192,-0.0890513505218123,-44.76943404448407,0.7888620330542357,0.4970537407363041,0.7289127779849686,-0.2710862259057874,-5.491837062817073e-07,-0.0870610537471721,-0.1035788226474998,,,,,,,,,,,,,n/a (noise doesn't move it),beyond 25%,beyond 25%,beyond 25%,beyond 25%,beyond 25%,beyond 25%,beyond 25%,beyond 25%,beyond 25%,beyond 25%,beyond 25%
1897,20003,,0,no residential sales in 2024,,,,,,,,,,,,,,,,,,,,,,,,,,,,,,,,,,,,,
1898,47185,TN,0,no residential sales in 2024,,,,,,,,,,,,,,,,,,,,,,,,,,,,,,,,,,,,,
1899,55039,WI,1754,ok,acceptable (VEI within +/-10),0.9029148914518316,19.034441557338244,1.0226748667677348,-0.0065255164697127,-8.080970436254718,0.9577534198679494,0.9419832306717054,0.9336021727579552,-0.0664006140647842,-6.582901574210767e-08,-0.0135405366701617,-0.0132546516427436,,0.211040950985931,0.151702005006004,0.0816885005841603,0.1475585385111925,0.1365488053848284,0.1655694094310946,0.1649852239289373,0.1649881085652414,0.1487525237967687,0.1337484262154304,0.1329592138084325,n/a (noise doesn't move it),,,,,,,,,,,
1900,36011,NY,1059,ok,UNACCEPTABLE regressivity,0.8425385023898035,35.675635853836525,1.2031490627370371,-0.1286591886718506,-37.91274389701488,0.701454033074074,0.3397334264451899,0.608627886114749,-0.3913716427844331,-4.414472650776358e-07,-0.1193565981919981,-0.1309120112668338,,,,,,,,,,0.2472348794800007,,,n/a (noise doesn't move it),beyond 25%,beyond 25%,beyond 25%,beyond 25%,beyond 25%,beyond 25%,beyond 25%,beyond 25%,,beyond 25%,beyond 25%
1901,20145,,0,no residential sales in 2024,,,,,,,,,,,,,,,,,,,,,,,,,,,,,,,,,,,,,
1902,28101,MS,25,skipped (fewer than 100 sales),,,,,,,,,,,,,,,,,,,,,,,,,,,,,,,,,,,,,
1903,01093,,0,no residential sales in 2024,,,,,,,,,,,,,,,,,,,,,,,,,,,,,,,,,,,,,
1904,05027,AR,0,no residential sales in 2024,,,,,,,,,,,,,,,,,,,,,,,,,,,,,,,,,,,,,
1905,06049,CA,0,no residential sales in 2024,,,,,,,,,,,,,,,,,,,,,,,,,,,,,,,,,,,,,
1906,37067,,0,no residential sales in 2024,,,,,,,,,,,,,,,,,,,,,,,,,,,,,,,,,,,,,
1907,40065,OK,423,ok,UNACCEPTABLE regressivity,0.8594693877551021,37.74183001905527,1.195544374298336,-0.1743116569925347,-30.033424548640376,0.8880627056172335,0.6376164822793149,0.699664208674534,-0.3003410349444321,-1.2919086031659298e-06,-0.0472952123733185,-0.0500765069497537,,,,,,,,,,,,0.2223934610839858,n/a (noise doesn't move it),beyond 25%,beyond 25%,beyond 25%,beyond 25%,beyond 25%,beyond 25%,beyond 25%,beyond 25%,beyond 25%,beyond 25%,
1908,55061,WI,314,ok,acceptable (VEI within +/-10),0.9418888888888888,18.234467015865985,1.0186227348336647,0.0123024766241083,4.320550922932318,0.9489535044365544,0.8721915833834826,0.942909547350831,-0.0570896333066696,-1.864009263595068e-07,-0.0148558205574058,-0.0157022446852121,,0.2043261412363285,0.135635185237616,,,0.1419225071044666,0.1645477216346857,0.1587248939134544,0.1587269134198433,0.1291043921461845,0.1332672214094922,0.1361518346817808,n/a (noise doesn't move it),,,progressive,progressive,,,,,,,
1909,26107,MI,623,ok,acceptable (confidence intervals overlap),0.8377011494252874,24.108367386896248,1.0682470751493096,-0.04085770990665,-17.037477852582686,0.8977735793099403,0.697555145524931,0.8749426069422012,-0.12505514566054,-3.55030624281309e-07,-0.0377748703949409,-0.0413111820204099,,,0.2385186868145296,0.2338265962956301,0.2300144952191783,0.2229708311896721,,,,0.2156997833275598,0.2176558477463269,0.2140853263606117,n/a (noise doesn't move it),beyond 25%,,,,,beyond 25%,beyond 25%,beyond 25%,,,
1910,37047,NC,0,no residential sales in 2024,,,,,,,,,,,,,,,,,,,,,,,,,,,,,,,,,,,,,
1911,17203,IL,560,ok,UNACCEPTABLE progressivity,0.8348673544044483,32.506893948240176,1.1880259017206078,0.0608939763138909,75.37816004930814,0.7169302924565063,0.1525002286196575,1.0782789736013128,0.0784014310628865,-2.6272267241986276e-07,-0.1271784959183202,-0.1823811342912706,,,,,,,,,,0.1218362684897912,,,n/a (noise doesn't move it),beyond 25%,beyond 25%,progressive,progressive,beyond 25%,beyond 25%,progressive,progressive,,beyond 25%,beyond 25%
1912,48265,TX,452,ok,UNACCEPTABLE progressivity,0.8380470543447225,33.45718168493352,1.0683826396855425,0.1189450024461388,33.824764819490085,0.871854635534385,0.4066162190883762,0.8434168256545561,-0.1565783996543886,-1.4125596080373097e-07,-0.044332017320543,-0.0598417961865362,,,0.2324918605602486,,,,,,,0.1788240294620813,0.2470544011205429,,n/a (noise doesn't move it),beyond 25%,,progressive,progressive,beyond 25%,beyond 25%,beyond 25%,beyond 25%,,,beyond 25%
1913,47151,TN,0,no residential sales in 2024,,,,,,,,,,,,,,,,,,,,,,,,,,,,,,,,,,,,,
1914,05077,AR,27,skipped (fewer than 100 sales),,,,,,,,,,,,,,,,,,,,,,,,,,,,,,,,,,,,,
1915,21139,KY,119,ok,acceptable (confidence intervals overlap),0.7258064516129032,32.9537460339278,1.176703389853233,-0.05808079496934,-13.716112531969314,0.7209237393947137,0.3348138620584611,0.68197206962609,-0.3180274054310681,-4.075625679857062e-07,-0.1155864690050247,-0.1341136074855236,,,,0.2273538017355494,0.2003025939837873,,,,,0.2398218177802292,,,n/a (noise doesn't move it),beyond 25%,beyond 25%,,,beyond 25%,beyond 25%,beyond 25%,beyond 25%,,beyond 25%,beyond 25%
1916,37137,NC,264,ok,acceptable (VEI within +/-10),0.538132927104491,38.79779280307837,1.1287443333998517,-0.0358137331632347,-4.621562884637138,0.85139336094565,0.4375374663070914,0.7854770945862181,-0.2145164478240549,-3.359909384006747e-07,-0.0591767577984565,-0.0631555955334084,,,,0.221986906901948,0.1828588585059616,,,,,0.2010623184702372,,0.2459695755751851,n/a (noise doesn't move it),beyond 25%,beyond 25%,,,beyond 25%,beyond 25%,beyond 25%,beyond 25%,,beyond 25%,
1917,08111,CO,0,no residential sales in 2024,,,,,,,,,,,,,,,,,,,,,,,,,,,,,,,,,,,,,
1918,28071,MS,541,ok,UNACCEPTABLE regressivity,0.4339603587723888,32.259524273861665,1.9090849600748845,-0.1017124888926129,-73.19067469069469,0.4402779973069224,0.0542433033336737,0.3198690454180193,-0.6801275652976009,-2.366719568309346e-08,-0.3520912512749394,-0.4408873198703791,,,,,,,,,,0.0848305147515402,,,n/a (noise doesn't move it),beyond 25%,beyond 25%,beyond 25%,beyond 25%,beyond 25%,beyond 25%,beyond 25%,beyond 25%,,beyond 25%,beyond 25%
1919,28061,,0,no residential sales in 2024,,,,,,,,,,,,,,,,,,,,,,,,,,,,,,,,,,,,,
1920,55055,WI,983,ok,acceptable (VEI within +/-10),0.9284,13.9506194690139,1.0229252087918823,-0.0186514267622923,-8.895633851423623,0.9077937425029042,0.8034031956470138,0.9343045210795776,-0.0656927662134968,-2.4417369396415277e-07,-0.0233422337717845,-0.024613664967187,,0.1666630047279164,0.1510772151060944,0.1678515955787558,0.1248019303036211,0.1303122329751151,0.2266918183454903,0.170044280571888,0.1700450125766343,0.1302626877956793,0.1317187163800199,0.149575785026533,n/a (noise doesn't move it),,,,,,,,,,,
1921,53073,WA,3185,ok,acceptable (VEI within +/-10),0.9090784461570098,10.284091839614671,1.0058991800960826,0.0067526197287008,1.3003846593028812,0.9752181572770796,0.8705655991461347,0.9933653526927992,-0.0066341047064314,-2.4382961467726612e-08,-0.0072437753675165,-0.0086457787689366,,0.1221560292774189,0.0764492731927728,,,0.0799543898033367,0.1932680987286137,0.0536957655132975,0.0536921834157663,0.0735651357890448,0.0794854383412901,0.0836691121044798,n/a (noise doesn't move it),,,progressive,progressive,,,,,,,
1922,13115,GA,1365,ok,acceptable (confidence intervals overlap),0.917268,24.983389624724992,1.0682257013795178,-0.000458767706905,-10.796278985523308,0.8979718283924271,0.5083829188968321,0.898036403523171,-0.1019617834775255,-2.0891508593657135e-07,-0.0376553905593455,-0.0511031066328058,,0.2460589944007425,0.2400141261045139,0.0389787920672095,0.2131992606446284,0.223760028723071,,0.239571610741839,0.2395702278406752,0.1735918121368098,0.2115728756702197,0.2386052365455594,n/a (noise doesn't move it),,,,,,beyond 25%,,,,,
1923,28079,MS,93,skipped (fewer than 100 sales),,,,,,,,,,,,,,,,,,,,,,,,,,,,,,,,,,,,,
1924,12051,FL,556,ok,acceptable (VEI within +/-10),0.7888839037979669,16.512963262921865,1.0079016523369717,0.033929687956481,9.256493130132943,1.01214140865474,0.6866482000689891,0.9597787842288252,-0.0402204945171257,-4.7529811618155895e-08,0.0031314379011531,0.0037508190438102,,0.1866775552979035,0.0898990269838579,,,,,0.1139316642099733,0.1139294215010805,0.0662173271922262,,,n/a (noise doesn't move it),,,progressive,progressive,progressive,beyond 25%,,,,progressive,progressive
1925,47079,TN,0,no residential sales in 2024,,,,,,,,,,,,,,,,,,,,,,,,,,,,,,,,,,,,,
1926,51197,VA,363,ok,acceptable (confidence intervals overlap),0.7246753246753247,30.636030698862218,3.235253687205483,-0.09913206531749,-10.947431302270015,0.3396918429985081,-0.0018004902281927,0.3942017747856196,-0.60579355292557,-1.84840489804504e-08,-0.5048745552549534,-0.6850755338161945,,,,,0.1864585867982324,,,,,0.0275391999980374,,,n/a (noise doesn't move it),beyond 25%,beyond 25%,beyond 25%,,beyond 25%,beyond 25%,beyond 25%,beyond 25%,,beyond 25%,beyond 25%
1927,06093,,0,no residential sales in 2024,,,,,,,,,,,,,,,,,,,,,,,,,,,,,,,,,,,,,
1928,51005,VA,231,ok,acceptable (confidence intervals overlap),0.5296703296703297,39.15346709499095,1.296568830136845,-0.098628573357774,-31.59869669169713,0.7374598069249264,0.25121957370691,0.7442190983852157,-0.2557620838561358,-2.5083458308456865e-07,-0.1316672642406402,-0.1617274353316744,,,,,,,,,,0.1317215622882801,,,n/a (noise doesn't move it),beyond 25%,beyond 25%,beyond 25%,beyond 25%,beyond 25%,beyond 25%,beyond 25%,beyond 25%,,beyond 25%,beyond 25%
1929,53069,WA,52,skipped (fewer than 100 sales),,,,,,,,,,,,,,,,,,,,,,,,,,,,,,,,,,,,,
1930,09110,CT,0,no residential sales in 2024,,,,,,,,,,,,,,,,,,,,,,,,,,,,,,,,,,,,,
1931,36055,NY,8537,ok,acceptable (VEI within +/-10),0.8564227642276423,19.234353526860644,1.0369341290193903,-0.01800989627725,-5.519844899947435,0.9267251721154208,0.6029842793577123,0.9031653214272696,-0.0968342245960351,-4.6721851250401966e-08,-0.0239242116814617,-0.0249033175981621,,0.2160978510206532,0.1870243270667635,0.1436252331039339,0.1400977034170527,0.1649335156820981,,0.1797746713532534,0.1797736457216343,0.1227254825939931,0.1636002861823637,0.1646020349851869,n/a (noise doesn't move it),,,,,,progressive,,,,,
1932,17165,IL,287,ok,UNACCEPTABLE regressivity,0.9999428571428572,45.870475852459,1.2940452734072112,-0.1799246754542211,-68.40946025995159,0.8149416772268421,0.5681929891079861,0.7283949601864376,-0.2715714870541729,-2.831381489012564e-06,-0.08679946655587,-0.0991549453426392,0.0129226142836848,,,,,,,,,,,,,beyond 25%,beyond 25%,beyond 25%,beyond 25%,beyond 25%,beyond 25%,beyond 25%,beyond 25%,beyond 25%,beyond 25%,beyond 25%
1933,08003,CO,0,no residential sales in 2024,,,,,,,,,,,,,,,,,,,,,,,,,,,,,,,,,,,,,
1934,17059,IL,48,skipped (fewer than 100 sales),,,,,,,,,,,,,,,,,,,,,,,,,,,,,,,,,,,,,
1935,36061,NY,5092,ok,UNACCEPTABLE regressivity,0.2323380543847215,33.74484655670494,1.244378001555253,-0.0437792741374315,-40.68431745016953,0.8962239052291276,0.2044985660768334,0.7252534154629341,-0.2747452953846017,-9.9612408647165e-10,-0.0707119570998888,-0.0639035958380258,,,,0.2450083525526085,,,,,,0.127746618689754,,,n/a (noise doesn't move it),beyond 25%,beyond 25%,,beyond 25%,beyond 25%,beyond 25%,beyond 25%,beyond 25%,,beyond 25%,beyond 25%
1936,27129,MN,234,ok,acceptable (confidence intervals overlap),0.8626247987117552,30.84631879897134,1.154716154578084,-0.060296941778953,-12.100220953217049,0.7923645132329806,0.4371990917792331,0.7695320369611343,-0.230466338187978,-6.851829294939467e-07,-0.0860259998449048,-0.1038232722454881,,,,,0.2006137986088478,,,,,0.220140287038823,,,n/a (noise doesn't move it),beyond 25%,beyond 25%,beyond 25%,,beyond 25%,beyond 25%,beyond 25%,beyond 25%,,beyond 25%,beyond 25%
1937,13133,GA,491,ok,acceptable (VEI within +/-10),0.8840615384615385,18.415678242105944,1.0616694695432052,-0.0037272505624652,-8.170756359224184,0.9039597276810696,0.7040615246065748,0.9744521832360916,-0.0255460601794247,-5.1790682666061124e-08,-0.0443561868590036,-0.0604460484623923,,0.2114082106205908,0.2358360587185286,0.1149258283382901,0.2102846297032137,,,0.1545821971460547,0.1545634638519674,0.1962363532082813,,,n/a (noise doesn't move it),,,,,beyond 25%,beyond 25%,,,,beyond 25%,beyond 25%
1938,27055,MN,253,ok,acceptable (VEI significance <= 10),0.855593220338983,20.929832777117102,1.070728609420503,-0.0657449144951355,-16.94650640612377,0.8154697206396504,0.686029301521251,0.8183882078116269,-0.1816072634273337,-3.856953217997526e-07,-0.0593593034557458,-0.0626580067143804,,0.2322562766844881,0.2095143848621748,0.2209437528015119,0.2472578514400506,0.2108924921408268,,0.2483450042956304,0.2483485065780528,0.1991641451272897,0.2309894121791683,0.2182686228622792,n/a (noise doesn't move it),,,,,,beyond 25%,,,,,
1939,48473,,0,no residential sales in 2024,,,,,,,,,,,,,,,,,,,,,,,,,,,,,,,,,,,,,
1940,29033,MO,0,no residential sales in 2024,,,,,,,,,,,,,,,,,,,,,,,,,,,,,,,,,,,,,
1941,51045,VA,78,skipped (fewer than 100 sales),,,,,,,,,,,,,,,,,,,,,,,,,,,,,,,,,,,,,
1942,54029,WV,353,ok,acceptable (VEI significance <= 10),0.5861788617886179,40.85957088512168,1.1410136805273765,-0.0653434885328647,-20.986804540219666,0.792171599859527,0.4507550497820758,0.7922997967846711,-0.2076803030078016,-1.0696379875444096e-06,-0.0764860124720829,-0.0776565372785589,,,,,,,,,,0.2105221759896105,,,n/a (noise doesn't move it),beyond 25%,beyond 25%,beyond 25%,beyond 25%,beyond 25%,beyond 25%,beyond 25%,beyond 25%,,beyond 25%,beyond 25%
1943,01019,AL,731,ok,UNACCEPTABLE regressivity,0.7546666666666667,45.88306458785451,1.2360913481213989,-0.0210075820236556,-39.48725708879664,0.7888310975952805,0.2054983814139188,0.7987037546371557,-0.2012901196206016,-2.9434537671418e-07,-0.1058276123506727,-0.1444500462244771,,,,0.193858529372633,,,,,,0.2031261234773927,,,n/a (noise doesn't move it),beyond 25%,beyond 25%,,beyond 25%,beyond 25%,beyond 25%,beyond 25%,beyond 25%,,beyond 25%,beyond 25%
1944,08099,,0,no residential sales in 2024,,,,,,,,,,,,,,,,,,,,,,,,,,,,,,,,,,,,,
1945,27067,MN,608,ok,acceptable (VEI within +/-10),0.8543189102564102,15.098911673109086,1.0225034597517828,-0.0046501116930678,-3.334889472281303,0.9597033768182796,0.761238252045664,0.961060397986302,-0.0389382082223114,-7.340510696166492e-08,-0.0148310885631246,-0.0161761142788114,,0.1766835615222353,0.1485868374597464,0.0784164296612601,0.1276554244679205,0.1276512367448033,,0.1307651013341587,0.1307617066284798,0.1022234101102828,0.1261552393138037,0.1252076714208156,n/a (noise doesn't move it),,,,,,beyond 25%,,,,,
1946,54075,WV,201,ok,acceptable (VEI significance <= 10),0.7372903225806452,35.419766207203295,1.0446351050688094,0.0410285224160682,26.18233792067597,0.9409035035554992,0.6515431023845404,0.8417178256080561,-0.1582818407142866,-2.1207327002443848e-07,-0.0223266104319395,-0.0200185143750091,,,0.2281360542045774,,,0.214528299677331,,,,0.1664085655645214,0.2194104200311403,0.2202699935284509,n/a (noise doesn't move it),beyond 25%,,progressive,progressive,,beyond 25%,beyond 25%,beyond 25%,,,
1947,51083,VA,360,ok,acceptable (VEI significance <= 10),0.7602069144338808,38.26371141941038,1.1716251597125489,-0.0830517819515604,-18.792162349864338,0.8103467553410247,0.3993402517825199,0.7530965850818399,-0.2469019077368457,-3.799574215239396e-07,-0.0808351538959322,-0.087096709696669,,,,,,,,,,0.1954911624265289,,,n/a (noise doesn't move it),beyond 25%,beyond 25%,beyond 25%,beyond 25%,beyond 25%,beyond 25%,beyond 25%,beyond 25%,,beyond 25%,beyond 25%
1948,19013,IA,0,no residential sales in 2024,,,,,,,,,,,,,,,,,,,,,,,,,,,,,,,,,,,,,
1949,55123,WI,451,ok,acceptable (VEI within +/-10),0.8814545454545455,27.988410632880345,1.0740003707104302,-0.0147683422024695,1.3117037510202694,0.8453586184246911,0.538694447440816,0.8361960552449456,-0.163802721210395,-4.506177404747629e-07,-0.0526774134804277,-0.0624985768133163,,,0.2417501298686115,0.1239658105912386,,0.2427219413013995,,,,0.2037216538102797,0.2463036189257437,0.2427628434638944,n/a (noise doesn't move it),beyond 25%,,,progressive,,beyond 25%,beyond 25%,beyond 25%,,,
1950,24013,MD,1886,ok,acceptable (VEI within +/-10),0.7815088289752969,12.362509554787197,1.0222673409552965,-0.0426165744462601,-5.450831076406979,0.8788248092683607,0.7013154620926216,0.8747335497554731,-0.1252657890660531,-1.1374467368758166e-07,-0.0284784933345578,-0.0293061199721682,,0.1457963349434342,0.1453966038548945,0.1433925788848981,0.1399172571826556,0.1456472750566841,,0.1467988658695002,0.1467986394042994,0.119908160649378,0.1454451707122588,0.1462403340365242,n/a (noise doesn't move it),,,,,,beyond 25%,,,,,
1951,40141,OK,149,ok,UNACCEPTABLE regressivity,0.987875,113.2796604775707,3.4885369658070142,-0.5708202277796942,-240.01023615823652,0.5263033990642766,0.0563013874058881,0.4431844498174426,-0.5568108047876589,-1.5756893193806171e-06,-0.3324748457879511,-0.4509764811270287,0.0707961374540215,,,,,,,,,0.2089259505931807,,,,beyond 25%,beyond 25%,beyond 25%,beyond 25%,beyond 25%,beyond 25%,beyond 25%,beyond 25%,,beyond 25%,beyond 25%
1952,11001,,0,no residential sales in 2024,,,,,,,,,,,,,,,,,,,,,,,,,,,,,,,,,,,,,
1953,55139,,0,no residential sales in 2024,,,,,,,,,,,,,,,,,,,,,,,,,,,,,,,,,,,,,
1954,53063,WA,6128,ok,acceptable (VEI within +/-10),0.9101984595491088,11.1244133248874,1.0140956376763863,0.0028460891256784,0.5437412386538926,0.948965805837252,0.7676078439570676,0.9522438695032116,-0.0477558098358557,-3.433269182049869e-08,-0.0133011643545328,-0.0151355945905662,,0.1336878333091652,0.1151038690365643,,,0.1054816809831431,,0.1049465828582892,0.1049463494358425,0.0993188457333219,0.104587273737342,0.1094406271953105,n/a (noise doesn't move it),,,progressive,progressive,,beyond 25%,,,,,
1955,29145,MO,642,ok,acceptable (VEI significance <= 10),0.4627305152775947,32.547335925717135,1.05669385774373,0.0864889741494325,31.887325645094773,0.9049858463924444,0.2642238273595146,0.8726200923615135,-0.1273722488453456,-1.1099466422528659e-07,-0.033710459286445,-0.0487946950881343,,,0.2268644191685578,,,0.2223074820771942,,,,0.0802333897996209,0.2453274052323748,,n/a (noise doesn't move it),beyond 25%,,progressive,progressive,,beyond 25%,beyond 25%,beyond 25%,,,beyond 25%
1956,12067,FL,34,skipped (fewer than 100 sales),,,,,,,,,,,,,,,,,,,,,,,,,,,,,,,,,,,,,
1957,18083,IN,515,ok,UNACCEPTABLE regressivity,0.8307692307692308,37.02413106013575,1.5303605153539326,-0.1177130739022284,-50.657029863706704,0.6638076157819106,0.170190449985463,0.7046450419629807,-0.2953497348636902,-8.14624004778507e-08,-0.1952045294736963,-0.2616366213416314,,,,,,,,,,0.1434269076557504,,,n/a (noise doesn't move it),beyond 25%,beyond 25%,beyond 25%,beyond 25%,beyond 25%,beyond 25%,beyond 25%,beyond 25%,,beyond 25%,beyond 25%
1958,51061,VA,949,ok,acceptable (VEI within +/-10),0.7734375,11.947815295519948,1.0130985557656496,0.0105778938643255,6.5435747823807535,0.9427054514037698,0.714339965626124,0.9528698764751048,-0.0471295653779392,-2.2330545045214232e-08,-0.015744362155756,-0.0175988347130235,,0.1404734969359632,0.1206355725534405,,,0.1117643511144044,,0.098184236100802,0.0981834352842767,0.0985281850657231,0.1079569940112607,0.1592419041386802,n/a (noise doesn't move it),,,progressive,progressive,,beyond 25%,,,,,
1959,47037,TN,10093,ok,acceptable (VEI within +/-10),0.6816029143897996,14.038931068252596,1.0403419101563651,-0.0139094253699047,-5.637980780260777,0.929900057337966,0.6409555959748217,0.925337818628208,-0.0746612834946954,-5.000338535687358e-09,-0.029454109107867,-0.0314016911681322,,0.1654868719016088,0.1928799521453463,0.1189696299140379,0.1347668496027315,0.2044523569338153,,0.1685320092986188,0.1685295523862852,0.1298031470101578,0.2045839372793437,0.2154665732610177,n/a (noise doesn't move it),,,,,,beyond 25%,,,,,
1960,18107,IN,623,ok,acceptable (confidence intervals overlap),0.7451553930530165,24.93636825748204,1.135378888858798,0.0220845196696085,22.487257474416356,0.7650114382865537,0.2049583343489466,0.8588581507072582,-0.1411352067488078,-1.15208695183489e-07,-0.0856014665122024,-0.1132601632379688,,,,,,,,0.2431583836781152,0.243149169242736,0.115280195666057,,,n/a (noise doesn't move it),beyond 25%,beyond 25%,progressive,progressive,beyond 25%,beyond 25%,,,,beyond 25%,beyond 25%
1961,12091,FL,3721,ok,acceptable (VEI within +/-10),0.7937077363896848,12.85165468929313,1.0062347743743736,0.0094561336877449,-0.9994504097598114,0.9888526114605044,0.9973624944609096,0.9802469487819752,-0.0197521777614125,-4.520480154874158e-09,-0.004097929088217,-0.0046155824637039,,0.1541956624439183,0.0722140351071439,,0.0652946385785301,0.0753234088028068,0.1073504270697705,0.0879581310767366,0.087956370075143,0.0719123585427585,0.0722864743810968,0.0646901267882862,n/a (noise doesn't move it),,,progressive,,,,,,,,
1962,42109,PA,0,no residential sales in 2024,,,,,,,,,,,,,,,,,,,,,,,,,,,,,,,,,,,,,
1963,30067,MT,0,no residential sales in 2024,,,,,,,,,,,,,,,,,,,,,,,,,,,,,,,,,,,,,
1964,29013,MO,0,no residential sales in 2024,,,,,,,,,,,,,,,,,,,,,,,,,,,,,,,,,,,,,
1965,29077,MO,0,no residential sales in 2024,,,,,,,,,,,,,,,,,,,,,,,,,,,,,,,,,,,,,
1966,39103,OH,0,no residential sales in 2024,,,,,,,,,,,,,,,,,,,,,,,,,,,,,,,,,,,,,
1967,22041,,0,no residential sales in 2024,,,,,,,,,,,,,,,,,,,,,,,,,,,,,,,,,,,,,
1968,39065,OH,0,no residential sales in 2024,,,,,,,,,,,,,,,,,,,,,,,,,,,,,,,,,,,,,
1969,47155,TN,1272,ok,UNACCEPTABLE progressivity,0.4871871101871102,32.92264589681592,1.4162092108155089,0.0938570686431496,43.66366149804321,0.6191122022791138,0.0023616306683848,0.9112874620621444,-0.0887022969399284,-2.967084834066729e-09,-0.1998359291483191,-0.2990152838634543,,,,,,,,,,0.0327549332111084,,,n/a (noise doesn't move it),beyond 25%,beyond 25%,progressive,progressive,beyond 25%,beyond 25%,beyond 25%,beyond 25%,,beyond 25%,beyond 25%
1970,48063,TX,58,skipped (fewer than 100 sales),,,,,,,,,,,,,,,,,,,,,,,,,,,,,,,,,,,,,
1971,31079,NE,683,ok,acceptable (VEI within +/-10),0.7855897435897435,19.82039696888562,1.026997617996317,0.0144535336096587,-4.705646105028184,0.9480642702765724,0.6411413197671733,0.9183970436533496,-0.0816005082664947,-2.2396282694835946e-07,-0.0147239499675515,-0.0181292723836639,,0.2147244514088177,0.1495557216518447,,0.101302643666076,0.1278399997520087,,0.1649968519655926,0.1649794728313236,0.1255460244830178,0.123751727258849,0.1289984282375709,n/a (noise doesn't move it),,,progressive,,,beyond 25%,,,,,
1972,42095,PA,0,no residential sales in 2024,,,,,,,,,,,,,,,,,,,,,,,,,,,,,,,,,,,,,
1973,24015,MD,1349,ok,acceptable (VEI within +/-10),0.7472222222222222,18.601483122540813,1.0445293836877376,0.0147837186811927,-2.3663004968935692,0.9016785226665468,0.5385193027784156,0.983279210485737,-0.0167081924028942,-2.12933926133707e-08,-0.0332021323549462,-0.0416641034269009,,0.2155409262664806,0.227682005024136,,0.0978300390896655,0.1915798469940425,,0.1045401105467588,0.1044854106715944,0.1258744914601122,0.1924400707032215,0.190880255712559,n/a (noise doesn't move it),,,progressive,,,beyond 25%,,,,,
1974,51101,VA,314,ok,acceptable (VEI significance <= 10),0.7747407407407407,29.06520597431153,1.0397213906810274,0.0204080105986945,20.42531584074753,0.8315376083293995,0.6157553306025879,0.9078681258058934,-0.0921178190735036,-4.194792812347264e-07,-0.0417788453446272,-0.0439988981451662,,,0.1915333586558557,,,0.2367422409612446,,,,0.192037480155412,0.2434165591030251,0.1781717459336524,n/a (noise doesn't move it),beyond 25%,,progressive,progressive,,beyond 25%,beyond 25%,beyond 25%,,,
1975,13297,GA,1284,ok,acceptable (VEI within +/-10),0.9080901722391084,13.403429222641371,1.0244055053947343,0.014670493053239,7.707439108546406,0.904174847737622,0.5548205117878883,0.9404443857016014,-0.0595550268298843,-4.6842989611974374e-08,-0.0231489735656182,-0.0273513452686156,,0.1591595449748636,0.1419972142709056,,,0.1315910465588043,,0.1171739817427855,0.1171736045712497,0.0902902128373235,0.1346342015872312,0.1349007478944317,n/a (noise doesn't move it),,,progressive,progressive,,beyond 25%,,,,,
1976,12077,FL,46,skipped (fewer than 100 sales),,,,,,,,,,,,,,,,,,,,,,,,,,,,,,,,,,,,,
1977,17033,IL,238,ok,acceptable (VEI within +/-10),0.8480813321647678,33.15277018029423,1.1113156462343363,-0.0086593181783748,4.461980220625017,0.7531299628254402,0.5764946131577453,0.6524667118020533,-0.3475304133013132,-1.2043957680200372e-06,-0.0882407824805437,-0.0978183714087574,,,,0.1145696557976407,,,,,,,,,n/a (noise doesn't move it),beyond 25%,beyond 25%,,progressive,beyond 25%,beyond 25%,beyond 25%,beyond 25%,beyond 25%,beyond 25%,beyond 25%
1978,01051,AL,1701,ok,UNACCEPTABLE regressivity,0.9411428571428572,35.558885787530734,2.197291282233256,-0.1369177151782874,-48.104646233640395,0.4735118748173795,0.0025351663961579,0.5137501785356264,-0.4862464870416971,-1.3051896726100584e-08,-0.3614172233288721,-0.5238413301723277,,,,,,,,,,0.0532947507890023,,,n/a (noise doesn't move it),beyond 25%,beyond 25%,beyond 25%,beyond 25%,beyond 25%,beyond 25%,beyond 25%,beyond 25%,,beyond 25%,beyond 25%
1979,17081,IL,361,ok,acceptable (VEI significance <= 10),0.91845,29.829336949209157,1.1200641249053611,-0.0519188974675495,-17.003555636052333,0.920060419610381,0.7322886886371178,0.8435346675454561,-0.1564637149119697,-3.272834172122321e-07,-0.0376696023541176,-0.0411339126693475,,,,0.2483461050230299,0.2464523741627182,,,,,0.2332044738991348,0.2496419888530792,0.2458434648865709,n/a (noise doesn't move it),beyond 25%,beyond 25%,,,beyond 25%,beyond 25%,beyond 25%,beyond 25%,,,
1980,18045,IN,200,ok,UNACCEPTABLE regressivity,0.7912184873949579,33.13731486858443,1.185229534419881,-0.113049875641298,-39.996668165045016,0.7231234746709783,0.3865030815373698,0.7563484410961154,-0.2436479042662346,-6.980336628064589e-07,-0.1069480971061493,-0.1200529625554127,,,,,,,,,,0.1973809687250604,,,n/a (noise doesn't move it),beyond 25%,beyond 25%,beyond 25%,beyond 25%,beyond 25%,beyond 25%,beyond 25%,beyond 25%,,beyond 25%,beyond 25%
1981,19017,IA,0,no residential sales in 2024,,,,,,,,,,,,,,,,,,,,,,,,,,,,,,,,,,,,,
1982,45057,SC,1552,ok,acceptable (VEI significance <= 10),0.6353095235398711,23.07485727128393,0.9833568920232408,0.05852953488484,19.07784762220561,1.03596502839619,0.6797277896964218,1.051428532033305,0.0514341179061886,3.81404626712901e-08,0.0122036098494651,0.0099453467348943,,0.2411215215349026,,,,,,,,,,,n/a (noise doesn't move it),,progressive,progressive,progressive,progressive,beyond 25%,progressive,progressive,progressive,progressive,progressive
1983,13241,GA,409,ok,acceptable (VEI within +/-10),0.66873,27.43096575996969,1.2860344652643778,-0.0614987304671853,-3.1358349903022384,0.7444504718208649,0.2856706706867832,0.7790242908067136,-0.220973175292953,-7.816332827784459e-08,-0.1381677199129332,-0.1836081491876033,,,,0.2376368265520348,0.1470339904747538,,,,,0.1783144040032265,,,n/a (noise doesn't move it),beyond 25%,beyond 25%,,,beyond 25%,beyond 25%,beyond 25%,beyond 25%,,beyond 25%,beyond 25%
1984,01053,,0,no residential sales in 2024,,,,,,,,,,,,,,,,,,,,,,,,,,,,,,,,,,,,,
1985,13239,GA,71,skipped (fewer than 100 sales),,,,,,,,,,,,,,,,,,,,,,,,,,,,,,,,,,,,,
1986,12009,,0,no residential sales in 2024,,,,,,,,,,,,,,,,,,,,,,,,,,,,,,,,,,,,,
1987,28115,,0,no residential sales in 2024,,,,,,,,,,,,,,,,,,,,,,,,,,,,,,,,,,,,,
1988,51600,VA,275,ok,acceptable (VEI within +/-10),0.8566666666666667,6.740632470504515,1.0027401088020065,0.0052372821077243,2.0162378875901346,0.9770680105547656,0.8352239208706553,0.9899653549918144,-0.0100342862420685,-1.9300057117372812e-08,-0.0050055342849801,-0.0054261329986982,,0.0846783115696691,0.0402969776163002,,,0.0542708258693068,0.1653723938119342,0.0451774454731375,0.045178563249118,0.0565822105205373,0.0533524220863716,0.0538706779707368,n/a (noise doesn't move it),,,progressive,progressive,,,,,,,
1989,36013,NY,1582,ok,UNACCEPTABLE regressivity,0.8049695995785037,45.157969915746946,1.2359381917039354,-0.1299468040333032,-56.24887920563277,0.7466018871533795,0.479599363359047,0.6825599807094622,-0.3174366523252672,-7.321965976211343e-07,-0.1137090087734624,-0.122199663388717,,,,,,,,,,,,,n/a (noise doesn't move it),beyond 25%,beyond 25%,beyond 25%,beyond 25%,beyond 25%,beyond 25%,beyond 25%,beyond 25%,beyond 25%,beyond 25%,beyond 25%
1990,17127,IL,198,ok,acceptable (VEI significance <= 10),0.9809065705128204,23.053563860194252,1.1195162523957127,-0.062521291132253,-15.109963181198056,0.8663934293400319,0.7012417852926762,0.8485292272444598,-0.1514693474162346,-1.4703064204824978e-06,-0.0591643493686608,-0.0734575257623204,0.1483744359317585,0.2374286571293673,,,0.2276081080142464,,,,,,,,,,beyond 25%,beyond 25%,,beyond 25%,beyond 25%,beyond 25%,beyond 25%,beyond 25%,beyond 25%,beyond 25%
1991,51147,VA,229,ok,acceptable (confidence intervals overlap),0.6783333333333333,25.44934030474661,1.048602957076748,-0.0112827231689521,-22.037587827061497,0.8804212565127655,0.6048674080263102,0.9078784948367312,-0.0921142477774938,-4.276940387454694e-07,-0.0356450639591126,-0.0365960225198314,,,0.2004606604181507,0.1136881278716673,,0.193178066608641,,0.2266308292358395,0.2266238482162637,0.1555660215245809,0.1965226667285824,0.1607565692953388,n/a (noise doesn't move it),beyond 25%,,,beyond 25%,,beyond 25%,,,,,
1992,51075,VA,362,ok,acceptable (VEI within +/-10),0.8986210435033964,12.015838733267945,1.0148229943627878,0.0137120561377346,7.835329026923143,0.9521189835393128,0.7826577917886697,0.9809029379614632,-0.0190964768923493,-4.205299518739361e-08,-0.0155018177097281,-0.021752347562139,,0.1506761670961816,0.1146923509633102,,,0.1261006702841625,,0.109418294482074,0.1094220287002322,0.099056679947664,0.125006809778692,0.1445511558643009,n/a (noise doesn't move it),,,progressive,progressive,,beyond 25%,,,,,
1993,22083,,0,no residential sales in 2024,,,,,,,,,,,,,,,,,,,,,,,,,,,,,,,,,,,,,
1994,39147,OH,20,skipped (fewer than 100 sales),,,,,,,,,,,,,,,,,,,,,,,,,,,,,,,,,,,,,
1995,51530,VA,103,ok,acceptable (confidence intervals overlap),0.8593939393939394,23.41235308005182,1.1058388345312198,-0.0983261873219554,-26.411819791192094,0.7679772789394164,0.759097421328368,0.7410321165009656,-0.2589652744361594,-4.215904172700611e-07,-0.0858238848187704,-0.0808825646819069,,,,0.2463165853316996,0.241102441199729,,,,,0.246534493326473,,0.2367141876091059,n/a (noise doesn't move it),beyond 25%,beyond 25%,,,beyond 25%,progressive,beyond 25%,beyond 25%,,beyond 25%,
1996,20111,KS,253,ok,acceptable (VEI within +/-10),0.8321534358903087,16.825040253587584,1.0150643936792574,0.015136972229699,3.3274795437061084,0.9591947088622974,0.7799729506273526,0.9570698882083546,-0.0429241093812515,-2.104883490191393e-07,-0.0115450877848077,-0.0132807295080781,,0.1952144183544153,0.1114785139075098,,,0.0965138801608862,,0.1247864459912544,0.1247635851255963,0.0891054384940998,0.0990329488456029,0.1001502670498003,n/a (noise doesn't move it),,,progressive,progressive,,beyond 25%,,,,,
1997,48485,TX,1354,ok,acceptable (VEI significance <= 10),0.9169261750884686,20.02064991765705,1.0317700976791284,0.0281973706463624,16.910099755108195,0.922641070038916,0.582343202432571,0.9715650322277348,-0.0284332791707421,-1.0838041586370039e-07,-0.024558392943349,-0.0329984061352026,,0.2161763495949346,0.1735961132199262,,,0.1676124334654079,,0.1223808906850745,0.1223793862947469,0.1141613707140097,0.1639971688494978,0.1875719646100438,n/a (noise doesn't move it),,,progressive,progressive,,beyond 25%,,,,,
1998,48363,TX,306,ok,acceptable (VEI within +/-10),0.8311198735075779,32.51081158374622,1.2073923713051935,-0.0408784635580612,3.4470267272436588,0.807675091490835,0.5338772048584909,0.6170598408706969,-0.3829412852455906,-1.1530726488782237e-07,-0.1001823256867724,-0.1045977365941286,,,,,,,,,,,,,n/a (noise doesn't move it),beyond 25%,beyond 25%,beyond 25%,progressive,beyond 25%,beyond 25%,beyond 25%,beyond 25%,beyond 25%,beyond 25%,beyond 25%
1999,13023,GA,130,ok,acceptable (VEI within +/-10),0.88375,37.77992852463696,1.1319735300439808,-0.0371265261345348,3.474633177603472,0.8834592350922248,0.552478101379899,0.7453167867323337,-0.2546828687247484,-8.775688875280027e-07,-0.0461028567655792,-0.053484475361972,,,,0.204168977651946,0.1655372767249016,,,,,,0.2268493919351442,0.2226624676857743,n/a (noise doesn't move it),beyond 25%,beyond 25%,,,beyond 25%,beyond 25%,beyond 25%,beyond 25%,beyond 25%,,
2000,51019,VA,0,no residential sales in 2024,,,,,,,,,,,,,,,,,,,,,,,,,,,,,,,,,,,,,
2001,48281,TX,242,ok,acceptable (VEI within +/-10),0.9518629951606884,22.38694968785557,1.0236651879389345,0.0816997312461352,5.226933877204665,0.8799849729352368,0.7367755958124056,0.8865928893825537,-0.1134062525875372,-3.940685273674591e-07,-0.0269279508331106,-0.0306437462414936,,0.2432997078337264,0.1561571600168206,,,0.1792417890094084,0.2400978563457793,0.1813597670906982,0.1813593419652035,0.1713991295256549,0.1614052146745921,0.1644493658716967,n/a (noise doesn't move it),,,progressive,progressive,,,,,,,
2002,19189,IA,0,no residential sales in 2024,,,,,,,,,,,,,,,,,,,,,,,,,,,,,,,,,,,,,
2003,20187,,0,no residential sales in 2024,,,,,,,,,,,,,,,,,,,,,,,,,,,,,,,,,,,,,
2004,31059,NE,107,ok,acceptable (VEI within +/-10),0.7360952380952381,32.64487618667451,1.2211571220210329,-0.0602487201149744,-0.1713704461309854,0.7756867590767251,0.1911448782268878,0.8150306708200459,-0.1849583932208257,-5.880184289106797e-07,-0.1035260919460914,-0.1556814050580486,,,,,0.0057534348824745,,,,,0.2185685394391048,,,n/a (noise doesn't move it),beyond 25%,beyond 25%,beyond 25%,,beyond 25%,beyond 25%,beyond 25%,beyond 25%,,beyond 25%,beyond 25%
2005,17097,IL,8246,ok,acceptable (VEI within +/-10),0.8485865923292394,12.322338239956755,1.0143731623778702,0.0024952457264988,0.6013785854317076,0.9691402665532556,0.7887686442101236,0.9710374079409853,-0.0289620748525112,-4.0600750854170133e-08,-0.010908584410554,-0.0144122803836057,,0.1458213458747049,0.1200248492235337,,,0.1202761629945002,,0.1013504056226291,0.1013489550950351,0.098402705288707,0.1199868613694511,0.1384279831658747,n/a (noise doesn't move it),,,progressive,progressive,,beyond 25%,,,,,
2006,12061,FL,3605,ok,acceptable (VEI within +/-10),0.827239247311828,13.33090188041063,1.0384368553843328,-0.0150754564095217,-9.900802280028037,0.9526154259038536,0.7397017765213689,0.9520523671924608,-0.047946715238571,-2.0806546009058703e-08,-0.0221199311694459,-0.026452197087341,,0.1590249556105618,0.1837893621374973,0.1439880508725858,0.1810910144504561,0.1873589300246403,,0.1577993101954185,0.157799278236366,0.1497991069156484,0.1867370546362598,0.2100244680527207,n/a (noise doesn't move it),,,,,,beyond 25%,,,,,
2007,29125,MO,0,no residential sales in 2024,,,,,,,,,,,,,,,,,,,,,,,,,,,,,,,,,,,,,
2008,55071,WI,0,no residential sales in 2024,,,,,,,,,,,,,,,,,,,,,,,,,,,,,,,,,,,,,
2009,18131,IN,188,ok,acceptable (VEI within +/-10),0.741241517969339,41.454053128672584,1.7479996220984897,-0.0628606434417412,-2.5788593742580357,0.4961819136049301,0.0460163899081069,0.6383820572376796,-0.3616079931240281,-2.1796908355590147e-07,-0.3011562898144744,-0.4073716651527284,,,,,0.1346799593497559,,,,,0.1269925806308907,,,n/a (noise doesn't move it),beyond 25%,beyond 25%,beyond 25%,,beyond 25%,beyond 25%,beyond 25%,beyond 25%,,beyond 25%,beyond 25%
2010,51153,VA,4924,ok,acceptable (VEI within +/-10),0.8641451890034364,6.725099034202199,1.0002478352579536,0.0016714753144083,0.1628670072248491,0.9915252170354906,0.9475427498999748,0.973692529940408,-0.0263072147601805,-6.579043839064458e-11,-0.0019237359229213,-0.0012323654025958,,0.082383019891533,0.024226361494825,,,0.0397066384555369,0.1296078374842957,0.0553145028861638,0.0553142677018509,0.023504074858831,0.0393645537120033,0.0348948016576388,n/a (noise doesn't move it),,,progressive,progressive,,,,,,,
2011,51199,VA,835,ok,acceptable (VEI within +/-10),0.8952727272727272,7.548796528663337,1.0033312078261052,0.0084282172856801,1.2108676969531962,0.9727699420554942,0.8520793303755639,0.9781384062974252,-0.0218612415660056,-5.4483897284685474e-08,-0.0051667335343106,-0.0058351012988175,,0.0909200108971918,0.0606130763725951,,,0.0608509132052722,0.1382820584143635,0.056753436425639,0.0567530068609676,0.055747961666434,0.0606273494017128,0.061419507275432,n/a (noise doesn't move it),,,progressive,progressive,,,,,,,
2012,48487,TX,107,ok,acceptable (confidence intervals overlap),0.6661178982168372,36.86924728548358,1.040895196324981,0.0663001682224317,37.682429203435454,0.9556167680353136,0.5742219796550362,0.8810426908763584,-0.1189284560020431,-3.444238663564051e-07,-0.0162282025804851,-0.0160393664696478,,,0.2134993143796747,,,0.1658272442243341,,,,0.1717680250058962,0.1111106051207872,0.1991289061105441,n/a (noise doesn't move it),beyond 25%,,beyond 25%,progressive,,beyond 25%,beyond 25%,beyond 25%,,,
2013,05111,AR,0,no residential sales in 2024,,,,,,,,,,,,,,,,,,,,,,,,,,,,,,,,,,,,,
2014,27169,MN,538,ok,acceptable (VEI within +/-10),0.8865262870480894,15.317636347727648,1.0262299462349689,-0.0195773928150791,-8.329632624119727,0.92361486041068,0.7899623649093066,0.9191706388446176,-0.0808287983109402,-1.688708803830924e-07,-0.0226116852647759,-0.022374160136749,,0.1811638890266062,0.1436554395726222,0.1104889325317351,0.1610304581993929,0.1552458941739776,,0.167113059881408,0.1671150962225037,0.1290825023681901,0.1445336376965492,0.1600070986305819,n/a (noise doesn't move it),,,,,,beyond 25%,,,,,
2015,05011,AR,0,no residential sales in 2024,,,,,,,,,,,,,,,,,,,,,,,,,,,,,,,,,,,,,
2016,20207,,0,no residential sales in 2024,,,,,,,,,,,,,,,,,,,,,,,,,,,,,,,,,,,,,
2017,13191,GA,305,ok,UNACCEPTABLE progressivity,0.8361818181818181,32.103924936921395,0.9808969001474216,0.111354112906208,58.12149343320717,1.043957680573712,0.7094001344963693,1.1059924399916572,0.1060003206607598,8.113890064058406e-08,0.015616798419753,0.0063681203618641,,,,,,,,,,,,,n/a (noise doesn't move it),beyond 25%,progressive,progressive,progressive,progressive,beyond 25%,progressive,progressive,progressive,progressive,progressive
2018,08073,CO,79,skipped (fewer than 100 sales),,,,,,,,,,,,,,,,,,,,,,,,,,,,,,,,,,,,,
2019,41031,OR,298,ok,acceptable (VEI within +/-10),0.9857159141135692,17.021744968791502,1.0015573290577575,0.0821723127923041,9.06303010932243,1.0035800588334058,0.9693781912241436,1.0127095936029529,0.0127102249427006,-7.082446644520958e-09,0.0008916137860859,0.0010867602858571,0.1577950065575468,0.1956584835075394,0.0350032182522904,,,,0.0759919294807197,,,0.032118221925117,,,,,,progressive,progressive,progressive,,progressive,progressive,,progressive,progressive
2020,18099,IN,425,ok,acceptable (confidence intervals overlap),0.7546484437078576,24.20573935681003,1.0372037412798567,0.0495538170225781,13.40858959008562,0.891953256738268,0.6000337941449543,0.9852106583628444,-0.0147797444696327,-9.69038177125613e-08,-0.0361403150021069,-0.0414926813219822,,,0.190427962972882,,,0.2243698002086208,,0.0911752554202117,0.0911464819091796,0.1223287502233574,0.2172907768048579,0.2179696862364608,n/a (noise doesn't move it),beyond 25%,,progressive,progressive,,beyond 25%,,,,,
2021,47143,TN,450,ok,acceptable (confidence intervals overlap),0.8986943600784283,26.22716604397936,1.080702916433088,-0.0668553558370192,-13.675906417011308,0.8920843067221585,0.8238222560507295,0.8217133531888026,-0.1782860430348013,-2.942248412468809e-07,-0.040844575365057,-0.0388950173647941,,,0.2314308276079145,,0.2440100560563211,0.2451694483071025,0.2150233890343602,,,0.232397514764346,0.2102788701350451,0.2247772957846196,n/a (noise doesn't move it),beyond 25%,,beyond 25%,,,,beyond 25%,beyond 25%,,,
2022,38035,ND,703,ok,acceptable (VEI within +/-10),0.8769230769230769,10.408546056348358,1.0124860061595296,-0.0064089664828265,1.6437490121700606,0.9591038546947336,0.7860126830981778,0.953521375474256,-0.0464781413254095,-1.1283460094824218e-07,-0.0110597436847232,-0.0127501751683469,,0.1286262656869426,0.0988061278029028,0.0667365093186808,,0.0940833081782033,0.248032026144859,0.0912086072801245,0.0912075941698737,0.0869131548307818,0.0908105638540905,0.1021398655396943,n/a (noise doesn't move it),,,,progressive,,,,,,,
2023,20061,KS,407,ok,acceptable (VEI within +/-10),0.9297305096785652,13.360759029041104,1.015290543759556,0.011656178694843,3.614189489422739,0.8991275811238197,0.7564773165658677,0.9071208809105552,-0.0928785448737213,-4.393851407432773e-07,-0.0207410856794278,-0.0243440346840557,,0.1563718694376413,0.1156505195154063,,,0.1207955706230028,0.1979409167819267,0.116433488617217,0.1164332090362026,0.1100547646445332,0.1171280218258951,0.1223597571192312,n/a (noise doesn't move it),,,progressive,progressive,,,,,,,
2024,16031,ID,193,ok,UNACCEPTABLE progressivity,0.7629035055903364,29.696466243783977,1.0467998244256944,0.1788684865014924,41.87527005484365,0.8433465539758183,0.262084260830407,0.7979849594027802,-0.2020128822812701,-2.536445212520605e-07,-0.0396202433716388,-0.0575795010243238,,,0.2373059220175235,,,0.22268874918331,,,,0.1302547224550329,0.2382774240935017,0.2170476844623589,n/a (noise doesn't move it),beyond 25%,,progressive,progressive,,beyond 25%,beyond 25%,beyond 25%,,,
2025,48395,TX,99,skipped (fewer than 100 sales),,,,,,,,,,,,,,,,,,,,,,,,,,,,,,,,,,,,,
2026,21073,KY,499,ok,UNACCEPTABLE regressivity,0.6527777777777778,35.72011459524992,3.023652164947002,-0.1158382970631228,-20.082415272054504,0.2753362159304338,0.0003610617870315,0.515040789740305,-0.4849554615183465,-3.7417584056603676e-09,-0.5376144364424915,-0.6693046108874903,,,,,0.2412649237702216,,,,,0.0039870337459803,,,n/a (noise doesn't move it),beyond 25%,beyond 25%,beyond 25%,,beyond 25%,beyond 25%,beyond 25%,beyond 25%,,beyond 25%,beyond 25%
2027,13027,GA,157,ok,acceptable (VEI within +/-10),0.8583269378357636,34.71039393050859,1.418465025937733,-0.0383784209482743,6.020701337808219,0.7093884570691872,0.2245695306052945,0.8378183930778574,-0.1621722637396274,-1.64192734186779e-07,-0.1687620849808091,-0.2525719956601282,,,,,0.2373387918791383,,,,,0.2104962689490609,,,n/a (noise doesn't move it),beyond 25%,beyond 25%,beyond 25%,,beyond 25%,progressive,beyond 25%,beyond 25%,,beyond 25%,beyond 25%
2028,31039,NE,126,ok,acceptable (confidence intervals overlap),0.8066855483493135,34.34319423759959,1.9498859129341544,-0.1262809128179776,-25.857706802626392,0.58927134288142,0.1014202320926824,0.5846023201850578,-0.4153944874346106,-1.5887349190579276e-07,-0.2767786513409909,-0.4124995339200454,,,,,,,,,,0.1627210472572939,,,n/a (noise doesn't move it),beyond 25%,beyond 25%,beyond 25%,beyond 25%,beyond 25%,beyond 25%,beyond 25%,beyond 25%,,beyond 25%,beyond 25%
2029,48057,TX,156,ok,acceptable (VEI significance <= 10),0.8482640189512961,25.231436583786717,1.00426342721554,0.0538610799840443,20.53678519565698,0.9999195691430556,0.8334450521321759,0.99514618929652,-0.0048533103958992,-2.6619494424829425e-08,-2.6311371751353008e-05,-0.002427004889302,,,0.1094339765537601,,,0.0020678424529303,0.1919480709471693,0.0981176311372306,0.0980742449983107,0.065458100193414,0.0018464549735863,0.0423174800891178,n/a (noise doesn't move it),beyond 25%,,beyond 25%,progressive,,,,,,,
2030,48059,TX,109,ok,acceptable (VEI significance <= 10),0.8279520016133911,31.69256943883062,1.0120686267554833,0.0406510381596112,20.822720591304567,0.9862316296362096,0.8166923475862599,1.0264775137275073,0.0264790426441811,-1.1838141162313224e-07,-0.0047218671784372,-0.0064554938049992,,,0.1073148265614436,,,0.0903951511719579,,,,0.1083489520438932,0.0616070089505148,0.0877026849674993,n/a (noise doesn't move it),beyond 25%,,progressive,progressive,,beyond 25%,progressive,progressive,,,
2031,19105,IA,0,no residential sales in 2024,,,,,,,,,,,,,,,,,,,,,,,,,,,,,,,,,,,,,
2032,42029,PA,5410,ok,UNACCEPTABLE progressivity,0.3138767902161669,16.75087145472973,1.013372795552124,0.0429668479500027,15.49348702611083,0.9719494377776988,0.2843823500794227,0.9889306203713996,-0.0110639815848733,-6.855788434339134e-10,-0.009625902084863,-0.0127370944327231,,0.1932970590715845,0.0915408305461835,,,0.0973549346187059,,0.0575029295072984,0.0574951925693687,0.0290653288035698,0.0996348275363162,0.0999640589868803,n/a (noise doesn't move it),,,progressive,progressive,,progressive,,,,,
2033,47157,TN,12532,ok,UNACCEPTABLE progressivity,0.7,23.266742148265877,0.990387852258132,0.0566030749413614,18.266784756926786,1.0272838583328578,0.6267295120797778,1.0222662506788185,0.0222702676856009,1.8404082525054012e-08,0.0113137306400901,0.0066732310337114,,0.2466598177398155,,,,,,,,,,,n/a (noise doesn't move it),,progressive,progressive,progressive,progressive,beyond 25%,progressive,progressive,progressive,progressive,progressive
2034,36021,NY,759,ok,acceptable (confidence intervals overlap),0.871795,27.513308175189152,1.1175915718609686,-0.0712219397107018,-17.356829555368193,0.8217977218613659,0.5958547270924908,0.7826950627663383,-0.2173044989186724,-1.3911160974977148e-07,-0.0728593534446768,-0.0797807760400464,,,,0.2373145294349011,0.2322555108097592,,,,,0.2276321230965396,,,n/a (noise doesn't move it),beyond 25%,beyond 25%,,,beyond 25%,beyond 25%,beyond 25%,beyond 25%,,beyond 25%,beyond 25%
2035,18147,IN,281,ok,acceptable (VEI within +/-10),0.6832236663569812,30.802780592008613,1.0837310668022502,-0.0066178735683963,-0.4297911208994745,0.8011195523279998,0.4889100722502827,0.8295549971153922,-0.1704363349825665,-5.85794828407774e-07,-0.0666825753491842,-0.0742460743599406,,,0.2369011784165038,0.116139729606643,0.1124914920452064,,,,,0.1920929194098276,,,n/a (noise doesn't move it),beyond 25%,,,,beyond 25%,beyond 25%,beyond 25%,beyond 25%,,beyond 25%,beyond 25%
2036,47083,TN,0,no residential sales in 2024,,,,,,,,,,,,,,,,,,,,,,,,,,,,,,,,,,,,,
2037,19163,IA,0,no residential sales in 2024,,,,,,,,,,,,,,,,,,,,,,,,,,,,,,,,,,,,,
2038,55125,WI,0,no residential sales in 2024,,,,,,,,,,,,,,,,,,,,,,,,,,,,,,,,,,,,,
2039,27045,MN,283,ok,acceptable (VEI within +/-10),0.8146666666666667,28.237281866856204,1.053510518307249,0.0090989703587603,-2.8579665312035623,0.910668615987745,0.7395616918541333,0.8599789930528021,-0.1400159954830781,-2.462712503369474e-07,-0.0330992472472819,-0.031735550691732,,,0.2092757733720074,,0.0862248487193241,0.2090202986045734,,,,0.2013965352184601,0.2016250022189766,0.2027923806243674,n/a (noise doesn't move it),beyond 25%,,progressive,,,beyond 25%,beyond 25%,beyond 25%,,,
2040,13037,GA,55,skipped (fewer than 100 sales),,,,,,,,,,,,,,,,,,,,,,,,,,,,,,,,,,,,,
2041,54025,WV,316,ok,acceptable (VEI within +/-10),0.5520741311419277,40.146760719118056,1.0694486691239014,0.0050284913137311,-0.7116021575663055,0.923139959782426,0.5801404323302353,0.8103831049430386,-0.1896084858685841,-1.0215145833440241e-07,-0.0314884203217114,-0.0177245165425485,,,0.2418242117244257,,0.0299514224505852,0.2396581429106926,,,,0.1706709068418075,0.2305822673489578,0.211108179944158,n/a (noise doesn't move it),beyond 25%,,progressive,,,beyond 25%,beyond 25%,beyond 25%,,,
2042,20089,,0,no residential sales in 2024,,,,,,,,,,,,,,,,,,,,,,,,,,,,,,,,,,,,,
2043,24033,MD,8581,ok,acceptable (VEI within +/-10),0.8619884189771614,12.907177688403747,1.0189816888328251,-0.0014133407682379,6.401523319040287,0.9051884606233174,0.6877300009607313,0.9465761345855424,-0.0534188696973948,-4.429926959317025e-08,-0.0224578465756735,-0.0240623854466706,,0.154259654474336,0.1305365072800387,0.0336552449975625,,0.1266073965431703,,0.1205083099469271,0.1205057620607774,0.1053714334000109,0.1208202777055958,0.1225232145869681,n/a (noise doesn't move it),,,,progressive,,beyond 25%,,,,,
2044,05081,AR,3,skipped (fewer than 100 sales),,,,,,,,,,,,,,,,,,,,,,,,,,,,,,,,,,,,,
2045,12015,FL,8371,ok,UNACCEPTABLE progressivity,0.7905739863085834,39.871128606002166,1.134818333372339,0.1170319578583655,18.78978005921381,0.7462959355429735,0.2707915867829526,0.441758236001001,-0.5582425493893581,-2.009056104528743e-07,-0.0886572852151212,-0.1007100757472978,,,,,,,,,,0.214531011507019,,,n/a (noise doesn't move it),beyond 25%,beyond 25%,progressive,progressive,beyond 25%,beyond 25%,beyond 25%,beyond 25%,,beyond 25%,beyond 25%
2046,21113,KY,802,ok,acceptable (VEI within +/-10),0.755074074074074,26.95797250984962,1.0912325133173426,-0.0107049469645907,-2.3051255503308226,0.8539602118909054,0.4859533495403901,0.8399001618552284,-0.1600979293245859,-1.206919371274191e-07,-0.0605884178192797,-0.0744789124001592,,,,0.1350144722511148,0.0861066417468439,,,,,0.1957881397568,,,n/a (noise doesn't move it),beyond 25%,beyond 25%,,,beyond 25%,beyond 25%,beyond 25%,beyond 25%,,beyond 25%,beyond 25%
2047,42021,,0,no residential sales in 2024,,,,,,,,,,,,,,,,,,,,,,,,,,,,,,,,,,,,,
2048,28155,MS,21,skipped (fewer than 100 sales),,,,,,,,,,,,,,,,,,,,,,,,,,,,,,,,,,,,,
2049,22047,LA,215,ok,acceptable (VEI within +/-10),0.87,24.09060517380472,1.0459854297416786,-0.0069945250422641,-2.1076745178292455,0.9480479138981424,0.5721682965646576,0.9076024546715336,-0.0923958451105376,-3.315480365912153e-07,-0.0179512338207019,-0.0262837884806366,,,0.2099622647743536,0.1089272928992691,0.0969606118588286,0.1829670129169421,,,,0.1462976626022837,0.1800838006523678,0.1629184959352524,n/a (noise doesn't move it),beyond 25%,,,,,beyond 25%,beyond 25%,beyond 25%,,,
2050,18177,IN,783,ok,acceptable (VEI significance <= 10),0.6521512113617377,36.191542825162294,1.2169250991347478,-0.1016780775129454,-38.26009869557845,0.7214478702693405,0.1994462418656967,0.6711986152152972,-0.3287988142352565,-4.0289218640938147e-07,-0.1160517735097963,-0.1447077036442172,,,,,,,,,,0.1559156532372961,,,n/a (noise doesn't move it),beyond 25%,beyond 25%,beyond 25%,beyond 25%,beyond 25%,beyond 25%,beyond 25%,beyond 25%,,beyond 25%,beyond 25%
2051,56019,WY,78,skipped (fewer than 100 sales),,,,,,,,,,,,,,,,,,,,,,,,,,,,,,,,,,,,,
2052,29025,MO,0,no residential sales in 2024,,,,,,,,,,,,,,,,,,,,,,,,,,,,,,,,,,,,,
2053,28013,MS,61,skipped (fewer than 100 sales),,,,,,,,,,,,,,,,,,,,,,,,,,,,,,,,,,,,,
2054,29067,MO,0,no residential sales in 2024,,,,,,,,,,,,,,,,,,,,,,,,,,,,,,,,,,,,,
2055,56029,WY,221,ok,acceptable (confidence intervals overlap),0.86687552213868,25.971416643869738,1.03049038270051,0.105359972058598,14.741406333951312,0.8704758894071845,0.7228363727681021,0.9390532066251054,-0.0609448026239642,-1.930430260285718e-07,-0.035711530410093,-0.0393329246863205,,,0.148633043430322,,,0.20163338145194,,0.150667934683223,0.1506623825331227,0.1437017167288211,0.1798280783245606,0.182023732959799,n/a (noise doesn't move it),beyond 25%,,progressive,progressive,,beyond 25%,,,,,
2056,19095,IA,0,no residential sales in 2024,,,,,,,,,,,,,,,,,,,,,,,,,,,,,,,,,,,,,
2057,38021,ND,53,skipped (fewer than 100 sales),,,,,,,,,,,,,,,,,,,,,,,,,,,,,,,,,,,,,
2058,24001,MD,1050,ok,UNACCEPTABLE regressivity,0.8454179894179894,33.090473957451046,1.2103995366603575,-0.1285537188332177,-39.45418145233652,0.7341143324805111,0.3477658959171893,0.7370480274403968,-0.262949659939931,-4.349748099434217e-07,-0.1122868253719917,-0.1265168233169917,,,,,,,,,,0.1938725611733598,,,n/a (noise doesn't move it),beyond 25%,beyond 25%,beyond 25%,beyond 25%,beyond 25%,beyond 25%,beyond 25%,beyond 25%,,beyond 25%,beyond 25%
2059,37021,,0,no residential sales in 2024,,,,,,,,,,,,,,,,,,,,,,,,,,,,,,,,,,,,,
2060,37109,NC,1677,ok,acceptable (VEI significance <= 10),0.8218941176470588,29.826192539920715,1.0491843638752931,0.0540403847670867,15.16102589673542,0.9183922226792876,0.6028983496501966,0.8819867579362171,-0.1180095807368914,-1.7575685796134006e-08,-0.0315259091451516,-0.0336548627615305,,,0.2094038970135391,,,0.2281856386120388,,,,0.14399862887223,0.2017205206570109,0.2077422421030224,n/a (noise doesn't move it),beyond 25%,,progressive,progressive,,beyond 25%,beyond 25%,beyond 25%,,,
2061,27011,MN,90,skipped (fewer than 100 sales),,,,,,,,,,,,,,,,,,,,,,,,,,,,,,,,,,,,,
2062,23025,ME,23,skipped (fewer than 100 sales),,,,,,,,,,,,,,,,,,,,,,,,,,,,,,,,,,,,,
2063,16057,ID,241,ok,acceptable (VEI within +/-10),0.8173870657194039,20.7370069313151,1.0269451636250224,0.051885699763954,2.5418334701897334,0.8126264390279507,0.6558308549336405,0.882020431226034,-0.1179784271242603,-2.904819587225085e-07,-0.0409529558572219,-0.0434274773748211,,0.2414019424810592,0.1626454942744933,,,0.1952656206479893,,0.1729125251885483,0.1729123202801258,0.1412687572739245,0.1773060401838337,0.1746796747654564,n/a (noise doesn't move it),,,progressive,progressive,,beyond 25%,,,,,
2064,21211,KY,713,ok,acceptable (confidence intervals overlap),0.7075471698113207,31.761752534795846,4.618197970529813,0.0129490396480602,13.220574154649054,0.3417122728763737,-0.0001236560951213,0.8321672047681714,-0.1677720957779197,-9.364148591867152e-10,-0.5601676797220225,-0.7874663064838463,,,,,,,,,,0.0406012484160663,,,n/a (noise doesn't move it),beyond 25%,beyond 25%,progressive,progressive,beyond 25%,beyond 25%,beyond 25%,beyond 25%,,beyond 25%,beyond 25%
2065,37035,NC,2282,ok,acceptable (VEI significance <= 10),0.8352896825396825,19.404378414521837,1.0439964613129604,0.0240248760861065,14.39021725188012,0.9102847965268688,0.5239299747274945,1.007467526689178,0.007473681233327,-6.059498499695664e-08,-0.036111293561698,-0.0442842832655931,,0.2170518612020186,0.1946038741076334,,,0.2172100623600704,,,,0.1333206723665387,0.2161276092619937,,n/a (noise doesn't move it),,,progressive,progressive,,beyond 25%,progressive,progressive,,,beyond 25%
2066,27013,MN,635,ok,acceptable (VEI within +/-10),0.9156210220040008,10.423406108472722,1.019964066096859,0.011783312837325,5.565900665490645,0.957963079524918,0.755230597258897,0.9796683539369276,-0.0203313187379052,-9.658014102391244e-09,-0.0136072863627654,-0.0174082953643837,,0.1258456678551774,0.1790387464404871,,,0.1593157581802457,0.2292818586076343,0.0760622365230341,0.0760618633547408,0.1292555899961066,0.1584662760161319,0.1476720439301684,n/a (noise doesn't move it),,,progressive,progressive,,,,,,,
2067,40145,OK,1267,ok,acceptable (VEI within +/-10),0.9568265306122448,15.368817423709432,1.0427085968008811,-0.0163669081472863,8.657311633327168,0.8394233856740492,0.7495661051105947,0.9071795265130048,-0.0928184534975513,-1.509348030129978e-07,-0.0459882725619045,-0.0522500412225308,,0.1820388199647672,0.1844507134771939,0.1164112599939386,,0.1878081653289009,,0.1758149982063614,0.17581340730121,0.1613337414603173,0.1872986608934468,0.2024319229262036,n/a (noise doesn't move it),,,,progressive,,beyond 25%,,,,,
2068,22123,,0,no residential sales in 2024,,,,,,,,,,,,,,,,,,,,,,,,,,,,,,,,,,,,,
2069,38043,ND,17,skipped (fewer than 100 sales),,,,,,,,,,,,,,,,,,,,,,,,,,,,,,,,,,,,,
2070,05113,AR,1,skipped (fewer than 100 sales),,,,,,,,,,,,,,,,,,,,,,,,,,,,,,,,,,,,,
2071,31025,NE,479,ok,acceptable (VEI within +/-10),0.7548571428571429,25.989268219951427,1.1030388933038069,-0.0479581088416886,-8.119455957341486,0.8442430310623369,0.4751028455547824,0.8319327105577039,-0.1680647720071122,-3.136170888764582e-07,-0.0602937888480616,-0.0776865361286958,,,,0.2323276153996455,0.1717568137544698,,,,,0.1848229395888863,,,n/a (noise doesn't move it),beyond 25%,beyond 25%,,,beyond 25%,beyond 25%,beyond 25%,beyond 25%,,beyond 25%,beyond 25%
2072,12055,FL,2005,ok,acceptable (VEI within +/-10),0.7789204819277108,14.40775845050226,1.0104953989958274,0.0205917087031948,9.627808720415008,0.9736521898928416,0.709473753654545,0.9888595868954344,-0.0111384156702414,-5.4479827229996084e-08,-0.008081954112161,-0.0111739574121771,,0.1662658557534093,0.1076240846298147,,,0.0960931916080622,,0.0733949909788208,0.0733922491337535,0.08175977844671,0.0942390900944935,0.1090957184796688,n/a (noise doesn't move it),,,progressive,progressive,,beyond 25%,,,,,
2073,54095,WV,92,skipped (fewer than 100 sales),,,,,,,,,,,,,,,,,,,,,,,,,,,,,,,,,,,,,
2074,22049,LA,156,ok,UNACCEPTABLE regressivity,0.592847316471314,69.46867656193247,2.347842357152376,-0.3244186357144644,-163.5680848166085,0.3531968909438436,0.0321206044133703,0.2195589402239409,-0.7804337548502569,-9.892259561242245e-07,-0.3542279605171032,-0.5284971106837402,,,,,,,,,,,,,n/a (noise doesn't move it),beyond 25%,beyond 25%,beyond 25%,beyond 25%,beyond 25%,beyond 25%,beyond 25%,beyond 25%,beyond 25%,beyond 25%,beyond 25%
2075,22011,LA,439,ok,acceptable (confidence intervals overlap),0.6440636363636364,39.92216489193788,1.250278668682279,-0.0473807052976399,17.334209661595256,0.6088461033000356,0.1224544807709055,0.5784904405313913,-0.4214936471717509,-7.5847588692926e-07,-0.1585151231391188,-0.2172300085251379,,,,,,,,,,0.2155521017819557,,,n/a (noise doesn't move it),beyond 25%,beyond 25%,beyond 25%,progressive,beyond 25%,beyond 25%,beyond 25%,beyond 25%,,beyond 25%,beyond 25%
2076,26077,MI,3060,ok,acceptable (VEI within +/-10),0.8553968253968254,16.47622582282653,1.0019036484758292,0.0335959029692747,8.976411271296351,1.0137904317558828,0.83791341174754,0.9942527526148152,-0.0057461538853934,-1.5344250046101494e-08,0.0041320440327767,0.0037148124609002,,0.1899226364654665,0.0418736291402951,,,,0.2382734523592161,0.0439332363451375,0.0439297722018222,0.038445346543996,,,n/a (noise doesn't move it),,,progressive,progressive,progressive,,,,,progressive,progressive
2077,13249,GA,40,skipped (fewer than 100 sales),,,,,,,,,,,,,,,,,,,,,,,,,,,,,,,,,,,,,
2078,48505,TX,58,skipped (fewer than 100 sales),,,,,,,,,,,,,,,,,,,,,,,,,,,,,,,,,,,,,
2079,26147,MI,1287,ok,acceptable (VEI within +/-10),0.9324137931034484,14.957006040680056,1.016349868609527,0.0014147576988819,-2.451294957904194,0.9617752520344218,0.854294269065427,0.9475535617870398,-0.0524459682388728,-1.67850125934309e-07,-0.0112654006119714,-0.0121625383725283,,0.1781543468087569,0.1306493847155959,,0.0627993447041191,0.1157008078339039,0.2060403904416807,0.1374601350701353,0.1374595963136479,0.1279212433577691,0.1139473709259893,0.1136058431735081,n/a (noise doesn't move it),,,progressive,,,,,,,,
2080,18055,IN,346,ok,acceptable (confidence intervals overlap),0.5021482948700575,38.71272423278756,1.112890294285844,-0.0161492751646364,13.27154902718578,0.786733653982762,0.3212541034411058,0.731694555275927,-0.2682953990648386,-5.258129345925057e-07,-0.0744175001403395,-0.0843290927630202,,,,0.198819538764583,,,,,,0.163146543796997,,,n/a (noise doesn't move it),beyond 25%,beyond 25%,,progressive,beyond 25%,beyond 25%,beyond 25%,beyond 25%,,beyond 25%,beyond 25%
2081,40137,OK,736,ok,acceptable (VEI significance <= 10),0.8674900432900433,35.093979081729714,1.1754429293256168,-0.0881903417124319,-25.27550951799085,0.8129086583424564,0.3049533434636351,0.7837205869461833,-0.2162765936789406,-6.176360137065402e-07,-0.0799481923580995,-0.0933299400673319,,,,,,,,,,0.2374515906506049,,,n/a (noise doesn't move it),beyond 25%,beyond 25%,beyond 25%,beyond 25%,beyond 25%,beyond 25%,beyond 25%,beyond 25%,,beyond 25%,beyond 25%
2082,05037,AR,0,no residential sales in 2024,,,,,,,,,,,,,,,,,,,,,,,,,,,,,,,,,,,,,
2083,39045,OH,2213,ok,acceptable (VEI within +/-10),0.7110337078651685,16.29008926126204,1.0074677167684976,0.0351794144308718,8.062811439732117,0.981097789664625,0.6679642152926567,0.9859318246518324,-0.014063126083162,-6.04223940648557e-08,-0.0050399771298534,-0.0062917908368267,,0.1910873926447751,0.0767047516109951,,,0.0640047230132738,,0.0648309189885788,0.0648474680620853,0.0674192694037557,0.0668525584895456,0.0629396691988887,n/a (noise doesn't move it),,,progressive,progressive,,beyond 25%,,,,,
2084,12115,FL,10645,ok,acceptable (VEI within +/-10),0.7947000582411182,9.097645176049337,1.0197751892308198,-0.0109039652094986,-2.90648000079553,0.9671160462602376,0.7645629921969148,0.9675644911436828,-0.0324349475209846,-1.230840553760232e-08,-0.0138313170875352,-0.0153447317732211,,0.1098047607200057,0.1363609852477957,0.1068821242699787,0.1087460416589354,0.1396028471045539,,0.1137113961022386,0.1137089289232454,0.1041778846988698,0.1406666279072016,0.1554294175675119,n/a (noise doesn't move it),,,,,,beyond 25%,,,,,
2085,55003,WI,384,ok,acceptable (VEI within +/-10),0.9447983870967742,29.86535307124861,1.0798714090546615,-0.0334946520444274,-7.757313050079359,0.8776999885435658,0.8162570252597137,0.8478309275201427,-0.1521671514463662,-4.611377903791799e-07,-0.0479795694586331,-0.0442305535331222,,,0.2415937710620922,0.2174581908793061,0.1664961829273571,,,,,0.2327189931854831,,0.2216963359221627,n/a (noise doesn't move it),beyond 25%,,,,beyond 25%,beyond 25%,beyond 25%,beyond 25%,,beyond 25%,
2086,13021,GA,2748,ok,UNACCEPTABLE regressivity,0.8496378996431433,35.171098216416205,1.3562365753211012,-0.1064874684466888,-34.663228043789736,0.674499628788152,0.4799281812448881,0.533111799363323,-0.4668849406220514,-1.4891247711898686e-07,-0.1664733975741257,-0.2059613815552778,,,,,,,,,,,,,n/a (noise doesn't move it),beyond 25%,beyond 25%,beyond 25%,beyond 25%,beyond 25%,beyond 25%,beyond 25%,beyond 25%,beyond 25%,beyond 25%,beyond 25%
2087,51137,VA,830,ok,acceptable (VEI significance <= 10),0.5361229000884173,42.37354549182323,1.1457601415168714,0.1481743723117405,44.23341261981994,0.6329442757865219,0.1398337757918497,0.3645200563871874,-0.6354882089775595,-8.702972492401953e-08,-0.119281962938859,-0.1281490151117319,,,,,,,,,,0.1055772750998582,,,n/a (noise doesn't move it),beyond 25%,beyond 25%,progressive,progressive,beyond 25%,beyond 25%,beyond 25%,beyond 25%,,beyond 25%,beyond 25%
2088,16039,,0,no residential sales in 2024,,,,,,,,,,,,,,,,,,,,,,,,,,,,,,,,,,,,,
2089,48353,TX,94,skipped (fewer than 100 sales),,,,,,,,,,,,,,,,,,,,,,,,,,,,,,,,,,,,,
2090,22023,,0,no residential sales in 2024,,,,,,,,,,,,,,,,,,,,,,,,,,,,,,,,,,,,,
2091,31011,NE,61,skipped (fewer than 100 sales),,,,,,,,,,,,,,,,,,,,,,,,,,,,,,,,,,,,,
2092,28089,MS,967,ok,UNACCEPTABLE progressivity,0.5552318295739348,30.10159002326826,1.0439356340363806,0.1295703956466995,35.78458538727435,0.8418627025641116,0.3961086388136582,0.7982251420184944,-0.2017684632157686,-1.312037687568121e-07,-0.0451380432067725,-0.0495054299178161,,,0.1893338701578521,,,,,,,0.1110894312782671,0.2311579666900818,0.2100927146805682,n/a (noise doesn't move it),beyond 25%,,progressive,progressive,beyond 25%,beyond 25%,beyond 25%,beyond 25%,,,
2093,18161,IN,189,ok,UNACCEPTABLE progressivity,0.4181818181818181,87.1792765697701,0.9141947180776858,0.3760708189240377,125.38088270425229,1.080668943320097,0.4332978402937602,1.3777114172589795,0.377760668057823,3.138198202143336e-07,0.0370806539698913,0.0137940450889912,,,,,,,,,,,,,n/a (noise doesn't move it),beyond 25%,progressive,beyond 25%,progressive,progressive,beyond 25%,progressive,progressive,progressive,progressive,progressive
2094,18125,IN,209,ok,UNACCEPTABLE regressivity,0.8029940119760479,45.77612189975325,1.2840059317137384,-0.1497581305384973,-56.0368484904978,0.6647211605961993,0.3562851860632937,0.644557879245321,-0.3554314963603073,-1.2821280143374911e-06,-0.1379161782584408,-0.1485640836195587,,,,,,,,,,,,,n/a (noise doesn't move it),beyond 25%,beyond 25%,beyond 25%,beyond 25%,beyond 25%,beyond 25%,beyond 25%,beyond 25%,beyond 25%,beyond 25%,beyond 25%
2095,36057,NY,580,ok,UNACCEPTABLE regressivity,0.8065685064935064,32.718934926093716,1.1085029038414564,-0.1181817719787119,-33.25226582384325,0.780169527696368,0.6578789523289811,0.7268566363244215,-0.2731368364092609,-1.1917759661545285e-06,-0.0699347477009966,-0.0623951914313321,,,,,,,,,,,,,n/a (noise doesn't move it),beyond 25%,beyond 25%,beyond 25%,beyond 25%,beyond 25%,beyond 25%,beyond 25%,beyond 25%,beyond 25%,beyond 25%,beyond 25%
2096,22103,LA,3358,ok,acceptable (VEI within +/-10),0.7817094155844155,18.803133460028533,1.027216828551109,0.0100544550809755,6.530802281701794,0.9523773330721976,0.6737811523269804,0.9765517317176272,-0.0234443358578166,-1.3929212314876142e-08,-0.0176138679964013,-0.0225952991071534,,0.2093277009304821,0.1694674455099275,,,0.161648497933817,,0.1184445910958996,0.1184311981685171,0.1059315378721437,0.1585048947238891,0.1822662383626359,n/a (noise doesn't move it),,,progressive,progressive,,progressive,,,,,
2097,31123,NE,51,skipped (fewer than 100 sales),,,,,,,,,,,,,,,,,,,,,,,,,,,,,,,,,,,,,
2098,35029,NM,106,ok,acceptable (confidence intervals overlap),0.6095571460643409,35.37878451596189,2.2644667563905383,-0.0522545413344257,28.930073907306888,0.3596581622916008,0.0028163299509177,0.3153544614004386,-0.6846374008820397,-1.3785192135515026e-07,-0.4157428129820839,-0.552737217049855,,,,0.2456286967319021,,,,,,0.0675854041662168,,,n/a (noise doesn't move it),beyond 25%,beyond 25%,,progressive,beyond 25%,beyond 25%,beyond 25%,beyond 25%,,beyond 25%,beyond 25%
2099,27003,MN,4267,ok,acceptable (VEI within +/-10),0.91455525606469,7.975538420613394,0.9995675696248052,-0.0102953329206886,-1.3284457451735538,0.9793642987237142,1.0404967408849224,0.9494021774163682,-0.0505976593771698,1.9382715623239443e-10,-0.0054211870131386,-0.0026812707842012,,0.0980728499888633,0.0267376073464708,0.0717503257397822,0.0611374434790877,0.0558758488401726,0.1451720960116808,0.0851650962480622,0.0851648745510976,0.0275134952404594,0.055453124854801,0.046092749475352,n/a (noise doesn't move it),,,,,,,,,,,
2100,29049,MO,0,no residential sales in 2024,,,,,,,,,,,,,,,,,,,,,,,,,,,,,,,,,,,,,
2101,30063,MT,825,ok,acceptable (VEI within +/-10),0.7624627172271755,20.541344548162012,1.03917605617789,-0.0141920134175241,-2.8564686152820187,0.7552649649214382,0.6454984660933413,0.7904227591136993,-0.209576511252724,-1.489319204765567e-07,-0.0565122440582539,-0.0567292726253687,,0.2264027582897212,0.1905757750100089,0.074308588446794,0.0825281508360271,0.2226104073100937,,0.2148824032366697,0.2148818286302483,0.145686101701719,0.1995498636796898,0.2106985443220283,n/a (noise doesn't move it),,,,,,beyond 25%,,,,,
2102,39153,OH,7779,ok,acceptable (VEI within +/-10),0.784,18.597089727233634,1.0293748571368109,-0.0046713797880098,-5.924538751144017,0.9566796662067047,0.6829532053412238,0.9434137846582196,-0.056584523896551,-1.2788439083640757e-07,-0.0158616028157776,-0.0184997581968613,,0.2053870292706922,0.1584680884969894,0.0848281708537262,0.1460183969797653,0.145969022979562,,0.1575534258023928,0.1575511918073455,0.1251607334203205,0.1444369770824895,0.1468650654269937,n/a (noise doesn't move it),,,,,,beyond 25%,,,,,
2103,13057,GA,4528,ok,acceptable (VEI significance <= 10),0.9099227262860864,14.809590621228518,1.0250630700660524,0.0394294397793437,12.19717293333698,0.911575470373661,0.8272963650404296,0.990794366619408,-0.0091987815852836,-2.124092595029773e-09,-0.0300731146367791,-0.0302147945431792,,0.1742848177587015,0.1509386781399152,,,0.1663506030104382,,0.0625159782650907,0.0625054018499272,0.1273175216254187,0.1628466292256042,0.1861942454580176,n/a (noise doesn't move it),,,progressive,progressive,,beyond 25%,,,,,
2104,51071,VA,164,ok,UNACCEPTABLE regressivity,0.5998076923076923,37.202923600717845,1.1601805496496156,-0.1841208267667423,-60.49537582140559,0.7304719393546749,0.4289425183517961,0.6538864385397218,-0.3461118044813058,-7.86207536334601e-07,-0.093032604269839,-0.0911526926626395,,,,,,,,,,0.2251587406773379,,,n/a (noise doesn't move it),beyond 25%,beyond 25%,beyond 25%,beyond 25%,beyond 25%,beyond 25%,beyond 25%,beyond 25%,,beyond 25%,beyond 25%
2105,48093,TX,113,ok,acceptable (confidence intervals overlap),0.8617925433465183,32.6844723330511,1.047573586086771,0.0683790273817805,12.074533706446838,0.9269607062694826,0.6664734271779436,1.0503393110354555,0.0503567547982267,-1.522433347069045e-07,-0.0284517215049926,-0.0349498749402497,,,0.196918229918657,,,0.1840347860965121,,,,0.1694665938145482,0.1404502528568993,0.1426752436619293,n/a (noise doesn't move it),beyond 25%,,beyond 25%,progressive,,beyond 25%,progressive,progressive,,,
2106,54107,WV,1042,ok,acceptable (VEI significance <= 10),0.7751056338028169,32.29987964011762,1.1633044457655386,-0.0989183170554724,-37.573116564092714,0.7620021446559496,0.4037384367497833,0.7094814258234515,-0.2905140461814722,-4.35863202353113e-07,-0.0927936422465154,-0.1035947352912332,,,,,,,,,,0.1980655814576912,,,n/a (noise doesn't move it),beyond 25%,beyond 25%,beyond 25%,beyond 25%,beyond 25%,beyond 25%,beyond 25%,beyond 25%,,beyond 25%,beyond 25%
2107,19151,IA,0,no residential sales in 2024,,,,,,,,,,,,,,,,,,,,,,,,,,,,,,,,,,,,,
2108,06097,CA,0,no residential sales in 2024,,,,,,,,,,,,,,,,,,,,,,,,,,,,,,,,,,,,,
2109,18021,IN,177,ok,UNACCEPTABLE regressivity,0.7032786885245902,56.2117510234993,1.337284300398057,-0.3473623628429537,-92.91624683364272,0.6981483222764083,0.5329839701386182,0.5371804201838147,-0.4628228977794152,-2.709634463561982e-06,-0.1203969063157512,-0.103233493852459,,,,,,,,,,,,,n/a (noise doesn't move it),beyond 25%,beyond 25%,beyond 25%,beyond 25%,beyond 25%,beyond 25%,beyond 25%,beyond 25%,beyond 25%,beyond 25%,beyond 25%
2110,06115,,0,no residential sales in 2024,,,,,,,,,,,,,,,,,,,,,,,,,,,,,,,,,,,,,
2111,20135,,0,no residential sales in 2024,,,,,,,,,,,,,,,,,,,,,,,,,,,,,,,,,,,,,
2112,40059,OK,29,skipped (fewer than 100 sales),,,,,,,,,,,,,,,,,,,,,,,,,,,,,,,,,,,,,
2113,13055,GA,68,skipped (fewer than 100 sales),,,,,,,,,,,,,,,,,,,,,,,,,,,,,,,,,,,,,
2114,17195,IL,0,no residential sales in 2024,,,,,,,,,,,,,,,,,,,,,,,,,,,,,,,,,,,,,
2115,48385,TX,14,skipped (fewer than 100 sales),,,,,,,,,,,,,,,,,,,,,,,,,,,,,,,,,,,,,
2116,21081,KY,415,ok,acceptable (VEI within +/-10),0.7142857142857143,41.6722655935052,1.122657322884735,-0.0109241854739658,1.5045248868778227,0.8390430213979696,0.4582645528281334,0.8844584793843246,-0.115508428623988,-5.558323312658272e-07,-0.0647013954401187,-0.0815472802890107,,,,0.1341079935144948,,,,,,,,,n/a (noise doesn't move it),beyond 25%,beyond 25%,,progressive,beyond 25%,beyond 25%,beyond 25%,beyond 25%,beyond 25%,beyond 25%,beyond 25%
2117,51133,VA,199,ok,acceptable (VEI within +/-10),0.57824,22.733034261524946,1.035818550015652,-0.0056231034071796,5.814148236546101,0.9475084229995958,0.5085705028442462,0.9475235749032208,-0.0524718377095029,-1.0338688840000735e-07,-0.0193112364966268,-0.0271858601073757,,0.244760044598425,0.1662370327146958,0.1286334860647762,,0.1234537158604528,,0.1681381819239097,0.1681302066264813,0.0864285398506885,0.1449852234128899,0.1560969208264539,n/a (noise doesn't move it),,,,progressive,,beyond 25%,,,,,
2118,13129,GA,712,ok,acceptable (VEI within +/-10),0.7391147435897436,26.61654583843281,1.0744792108914911,0.015528687641447,-0.9822832641966218,0.8542565396981089,0.4487900634670533,0.9089931633226858,-0.0910022111321418,-1.967882027631809e-07,-0.0514306408373983,-0.0677265417680756,,,0.2490454714540778,,0.0941759836124898,0.2482551212696142,,0.2358557291046007,0.2358489124919349,0.1455656184253456,0.2424680072929663,,n/a (noise doesn't move it),beyond 25%,,progressive,,,beyond 25%,,,,,beyond 25%
2119,18181,IN,429,ok,acceptable (VEI within +/-10),0.7780320366132724,32.23946224175566,1.303378649461116,-0.0696178315485744,-6.138878759648667,0.6278139835938239,0.2383792493001736,0.6539008391126799,-0.3460911957137037,-3.1611212686465856e-07,-0.1757702735044506,-0.2230719836979819,,,,,0.2031598536087587,,,,,0.2188335430563967,,,n/a (noise doesn't move it),beyond 25%,beyond 25%,beyond 25%,,beyond 25%,beyond 25%,beyond 25%,beyond 25%,,beyond 25%,beyond 25%
2120,29195,MO,0,no residential sales in 2024,,,,,,,,,,,,,,,,,,,,,,,,,,,,,,,,,,,,,
2121,18167,IN,1349,ok,acceptable (VEI significance <= 10),0.7643312101910829,30.64839932527773,1.1093446112842884,-0.0966315471331015,-27.288095238095227,0.8504813315796069,0.6388218152570017,0.7740791563727846,-0.2259175569277025,-8.342164716249508e-07,-0.0566247704571536,-0.0519869815613127,,,,,,,,,,0.2405865736374165,,,n/a (noise doesn't move it),beyond 25%,beyond 25%,beyond 25%,beyond 25%,beyond 25%,beyond 25%,beyond 25%,beyond 25%,,beyond 25%,beyond 25%
2122,51680,VA,1397,ok,acceptable (VEI within +/-10),0.8113684210526316,14.56828073799966,1.0013205895302604,0.0308852744096372,7.986448547838786,1.010821032439807,0.722114633022294,1.0155484861955777,0.0155531681019904,-8.742247040547964e-09,0.0032627651743433,0.0003320327223055,,0.1665199383734273,0.0342074708334442,,,,,,,0.0242355485613919,,,n/a (noise doesn't move it),,,progressive,progressive,progressive,beyond 25%,progressive,progressive,,progressive,progressive
2123,38017,ND,2177,ok,acceptable (VEI within +/-10),0.9234449760765552,9.022999720437806,1.0015446699446484,0.0065587352679782,0.808383635987268,0.9917871052143534,0.9969862317498264,0.9799287685835848,-0.0200708786141175,-1.1316768441426487e-09,-0.0024515521619539,-0.00173266052456,,0.1101134308872781,0.043405206262331,,,0.0419935966603999,0.0968413745314944,0.0667414418812253,0.0667403869032024,0.0425500743955388,0.0416990724393632,0.0406543899380371,n/a (noise doesn't move it),,,progressive,progressive,,,,,,,
2124,12081,FL,13735,ok,UNACCEPTABLE progressivity,0.7096765432098765,49.848252182192994,1.2548448760056934,0.1001776900556084,47.14452980994778,0.6820021603827471,0.4348324998255656,0.2898389001221975,-0.7101623798493798,-3.7041701443507334e-08,-0.1445812474270797,-0.1695208986128635,,,,,,,,,,,,,n/a (noise doesn't move it),beyond 25%,beyond 25%,progressive,progressive,beyond 25%,beyond 25%,beyond 25%,beyond 25%,beyond 25%,beyond 25%,beyond 25%
2125,34017,NJ,4552,ok,UNACCEPTABLE progressivity,0.6219152070715338,34.362515607423326,1.0954475629443203,0.1078538027086311,31.02837494697783,0.8201240356583953,0.2478043247843946,0.7306247134426416,-0.2693747541969128,-1.0056549078713998e-08,-0.0671689919719815,-0.0805430627495862,,,,,,,,,,0.1423436603088408,,,n/a (noise doesn't move it),beyond 25%,beyond 25%,progressive,progressive,beyond 25%,beyond 25%,beyond 25%,beyond 25%,,beyond 25%,beyond 25%
2126,26007,MI,441,ok,acceptable (VEI within +/-10),0.7817427385892116,25.199694421659043,1.050248655816734,-0.0225909651248781,-5.973360369130236,0.8762445647987168,0.6701198089924041,0.8388260839881255,-0.1611696715042096,-7.103578276924853e-07,-0.0360757406776954,-0.0341197911161317,,,0.1973998868030531,0.1677478507604672,0.1672606113493328,0.2027467183994866,,0.2386114272787461,0.2386184782157317,0.1837116171946105,0.1900419003336051,0.2097899932945878,n/a (noise doesn't move it),beyond 25%,,,,,beyond 25%,,,,,
2127,29107,MO,0,no residential sales in 2024,,,,,,,,,,,,,,,,,,,,,,,,,,,,,,,,,,,,,
2128,51107,VA,5071,ok,acceptable (VEI within +/-10),0.8990733279613216,6.2514938232403425,1.0121777009153892,-0.0144711350012525,-3.157320072989911,0.9505952928980924,0.8157342446464002,0.9616783128749516,-0.0383214917506383,-3.560234496093878e-09,-0.013411088677284,-0.0153734125828,,0.0764379349939372,0.1108249968033699,0.0957234808807532,0.0907689600143347,0.1070530225010077,0.2317371972090914,0.0915317115571168,0.0915314974031777,0.0923969624135964,0.107370498911351,0.1120149690212097,n/a (noise doesn't move it),,,,,,,,,,,
2129,55011,WI,153,ok,acceptable (confidence intervals overlap),0.8486486486486486,27.18191474834608,1.1214620893250378,-0.1115582105896314,-15.784997125466846,0.7156193286352114,0.471283290425152,0.7059622471779082,-0.2940358833405179,-1.143451943177293e-06,-0.0928655901126347,-0.1019309453073284,,,,,0.2110304799780815,,,,,0.2080416178822249,,,n/a (noise doesn't move it),beyond 25%,beyond 25%,beyond 25%,,beyond 25%,beyond 25%,beyond 25%,beyond 25%,,beyond 25%,beyond 25%
2130,48165,TX,134,ok,acceptable (VEI significance <= 10),0.7644689219520854,24.222148763463764,0.9929076397809666,0.1213627959615732,31.087434236538623,1.043692003178131,0.8020226766747492,1.0506265027148785,0.0506300781610376,6.182068741161559e-08,0.0121816273025161,0.0135734141560748,,,,,,,0.2314163616161989,,,,,,n/a (noise doesn't move it),beyond 25%,progressive,progressive,progressive,progressive,,progressive,progressive,progressive,progressive,progressive
2131,02110,AK,262,ok,acceptable (VEI within +/-10),0.8623309487967084,14.165431460277247,1.010480751489767,0.0305205759384924,2.867952159638086,0.9054244624666606,0.7810877661118056,0.9365899091783296,-0.0634096445641086,-1.3063293649350274e-07,-0.0185174555690963,-0.0195661852945141,,0.1780361515336874,0.1043393267816084,,,0.1138630748615192,0.1864334845785979,0.1112170670204734,0.1112167810876849,0.1085530745038943,0.1098161037726951,0.1098657480854218,n/a (noise doesn't move it),,,progressive,progressive,,,,,,,
2132,22119,LA,378,ok,acceptable (VEI within +/-10),0.8916861598440546,34.7437976879268,1.1812490076060993,-0.1202349902526942,-5.789389891935222,0.8309899442712759,0.6455378957306035,0.7600234888288075,-0.2399777949350701,-1.3568273412724418e-06,-0.0721938047830719,-0.0762806123748263,,,,,0.1565873326673461,,,,,,,,n/a (noise doesn't move it),beyond 25%,beyond 25%,beyond 25%,,beyond 25%,beyond 25%,beyond 25%,beyond 25%,beyond 25%,beyond 25%,beyond 25%
2133,12057,FL,21234,ok,acceptable (VEI within +/-10),0.7554554195011338,23.247062664563696,1.0428183015120984,0.0510046065783008,4.2916024411761375,0.9098172385812452,0.7617146423129417,0.7899441598871547,-0.2100470200499237,-4.711467240803296e-09,-0.0352939551906326,-0.0280329469624036,,0.247010299351167,0.1884876639289286,,,0.2411800396270725,,,,0.1579109923889561,0.2142625115014459,0.1975771021584868,n/a (noise doesn't move it),,,progressive,progressive,,beyond 25%,beyond 25%,beyond 25%,,,
2134,50011,VT,0,no residential sales in 2024,,,,,,,,,,,,,,,,,,,,,,,,,,,,,,,,,,,,,
2135,46111,SD,0,no residential sales in 2024,,,,,,,,,,,,,,,,,,,,,,,,,,,,,,,,,,,,,
2136,54047,WV,78,skipped (fewer than 100 sales),,,,,,,,,,,,,,,,,,,,,,,,,,,,,,,,,,,,,
2137,16085,,0,no residential sales in 2024,,,,,,,,,,,,,,,,,,,,,,,,,,,,,,,,,,,,,
2138,20025,,0,no residential sales in 2024,,,,,,,,,,,,,,,,,,,,,,,,,,,,,,,,,,,,,
2139,37149,NC,347,ok,acceptable (VEI within +/-10),0.5491682352941176,26.714516207460484,1.0642628613505454,0.0023961095922412,5.013954895679763,0.9370718081010332,0.3856428665636179,0.9448104759879562,-0.055185597397198,-2.7221120130799004e-08,-0.0269880232679611,-0.0394440497849053,,,0.231883127434776,0.0592594739413117,,0.1984420259319758,,0.1761959240936036,0.1761919552942263,0.1054337547372765,0.1958262117272082,0.2177759712094573,n/a (noise doesn't move it),beyond 25%,,,progressive,,beyond 25%,,,,,
2140,48041,,0,no residential sales in 2024,,,,,,,,,,,,,,,,,,,,,,,,,,,,,,,,,,,,,
2141,25025,MA,3801,ok,acceptable (VEI within +/-10),0.9281609195402298,0.227444858267565,1.0000426442133574,-0.0002238604699249,-0.0672784589585651,0.9998996385351592,0.9280682943958536,0.999664233918981,-0.0003356830168919,-5.2048929714908725e-11,-3.52292023604317e-05,7.998455840652063e-06,,0.002826922777292,0.0022781395756213,0.009087483055544,0.0219114891296783,0.0019174606814224,0.1829903195782786,0.0065753118527316,0.0065736861739549,0.0019644480799675,0.0019168626697275,0.0011754987986154,n/a (noise doesn't move it),,,,,,,,,,,
2142,12041,FL,179,ok,acceptable (VEI within +/-10),0.748336917562724,19.71061796571968,1.037373558870354,-0.0447135876993992,3.1649333440100493,0.8801104417798091,0.6649382102460588,0.8547696904077473,-0.1452286806667856,-4.953207499156411e-07,-0.0320844907983191,-0.0327905832954833,,0.2258280885265947,0.192698981424521,0.1617332018549303,,0.188172363436949,,0.2217617987838613,0.2217612471634701,0.1376165479296147,0.1719810295131364,0.1613277044545303,n/a (noise doesn't move it),,,,progressive,,beyond 25%,,,,,
2143,48343,TX,107,ok,acceptable (confidence intervals overlap),0.7737564981213352,37.99483713516976,1.1730418666137856,0.0076361693890306,13.97693965941274,0.6108455367311381,0.2511945502848448,0.4716067624395829,-0.5283886663357173,-1.1215145933622428e-06,-0.1392532317989401,-0.1715610834309591,,,,,,,,,,,,,n/a (noise doesn't move it),beyond 25%,beyond 25%,progressive,progressive,beyond 25%,beyond 25%,beyond 25%,beyond 25%,beyond 25%,beyond 25%,beyond 25%
2144,40057,OK,41,skipped (fewer than 100 sales),,,,,,,,,,,,,,,,,,,,,,,,,,,,,,,,,,,,,
2145,19031,IA,0,no residential sales in 2024,,,,,,,,,,,,,,,,,,,,,,,,,,,,,,,,,,,,,
2146,22125,LA,91,skipped (fewer than 100 sales),,,,,,,,,,,,,,,,,,,,,,,,,,,,,,,,,,,,,
2147,31093,NE,104,ok,acceptable (confidence intervals overlap),0.8235079222011386,45.19751141956372,1.2817946094704409,-0.1038691240715418,-29.107748836380836,0.6716749246341346,0.3835417843550535,0.7734867043605306,-0.2265188567064502,-1.1350677995074455e-06,-0.1482920851421865,-0.1894447119768307,,,,,,,,,,,,,n/a (noise doesn't move it),beyond 25%,beyond 25%,beyond 25%,beyond 25%,beyond 25%,beyond 25%,beyond 25%,beyond 25%,beyond 25%,beyond 25%,beyond 25%
2148,55121,WI,453,ok,acceptable (VEI within +/-10),0.9578378378378378,18.091624342180346,1.0531665934362815,-0.0375439692954914,-2.0370076618901725,0.8461119618434829,0.5771860004261984,0.8611954194136786,-0.1388033808411007,-3.712396266833315e-07,-0.0458975708033329,-0.050992969300023,,0.2059217693988454,0.216095994162998,0.1538407300020645,0.1060082972916545,0.2224580431294246,,0.2026295756255632,0.2026281034271076,0.1462401234718062,0.2215012273696047,0.2300185837455861,n/a (noise doesn't move it),,,,,,beyond 25%,,,,,
2149,48089,TX,95,skipped (fewer than 100 sales),,,,,,,,,,,,,,,,,,,,,,,,,,,,,,,,,,,,,
2150,23011,ME,187,ok,acceptable (VEI within +/-10),0.928,7.891762575217948,1.01471532374212,-0.0530580067906134,-1.2203597275436266,0.9062007703915184,0.8545770421171606,0.8893088638120765,-0.1106911573270811,-3.963811080635989e-07,-0.0186804538715805,-0.019107480778584,,0.0936686793204508,0.1307489657386485,0.1500475802323281,0.0414729829226404,0.1065297331216024,0.1458772625083576,0.1356883187742935,0.1356883740084623,0.1164666407267408,0.1069004384615145,0.1067877221989937,n/a (noise doesn't move it),,,,,,,,,,,
2151,05015,AR,4,skipped (fewer than 100 sales),,,,,,,,,,,,,,,,,,,,,,,,,,,,,,,,,,,,,
2152,13285,GA,852,ok,acceptable (VEI within +/-10),0.9149859943977592,16.5676252353758,1.0189733367732807,-0.0058788772507439,-1.9926714573353677,0.9916245603864444,0.8219456237114203,0.9449863842995556,-0.0550124968855551,-1.1703030412296449e-07,-0.0027496415749148,-0.0016904111293383,,0.1928949470982898,0.131371634047645,0.0970431044578899,0.0735871016335333,0.0542294080400412,0.2231419204023994,0.1783535635977944,0.1783460351215786,0.1165138361525787,0.0512877416016728,0.063746707589436,n/a (noise doesn't move it),,,,,,,,,,,
2153,22021,LA,56,skipped (fewer than 100 sales),,,,,,,,,,,,,,,,,,,,,,,,,,,,,,,,,,,,,
2154,54105,WV,51,skipped (fewer than 100 sales),,,,,,,,,,,,,,,,,,,,,,,,,,,,,,,,,,,,,
2155,16027,ID,4538,ok,UNACCEPTABLE progressivity,0.728804422624515,47.642023758956775,1.5708505214679875,0.1397553609972099,69.40455378688654,0.3167533040950188,0.0591840176225709,0.200517834599696,-0.7994718722088663,-1.8525029901407967e-08,-0.3335742414872293,-0.3737783657759741,,,,,,,,,,0.1746304672014537,,,n/a (noise doesn't move it),beyond 25%,beyond 25%,progressive,progressive,beyond 25%,beyond 25%,beyond 25%,beyond 25%,,beyond 25%,beyond 25%
2156,21235,KY,410,ok,UNACCEPTABLE regressivity,0.7098551136363636,61.032739909862414,1.738864141781239,-0.0862888737932165,-70.34994979344485,0.6031660484463507,0.2047902663948947,0.5987813338546981,-0.4012211750814754,-1.145753415767287e-07,-0.2453684802525224,-0.3258811573924034,,,,,,,,,,0.1642898019004858,,,n/a (noise doesn't move it),beyond 25%,beyond 25%,beyond 25%,beyond 25%,beyond 25%,beyond 25%,beyond 25%,beyond 25%,,beyond 25%,beyond 25%
2157,21109,KY,151,ok,acceptable (confidence intervals overlap),0.8717948717948718,76.44674313199232,1.547297003271541,-0.1452200134400364,-32.57273449920509,0.7234967091882947,0.4819297842779891,0.5570157172260594,-0.442975157523658,-4.281680097598698e-06,-0.1380889772309212,-0.1388858752320143,,,,,,,,,,,,,n/a (noise doesn't move it),beyond 25%,beyond 25%,beyond 25%,beyond 25%,beyond 25%,beyond 25%,beyond 25%,beyond 25%,beyond 25%,beyond 25%,beyond 25%
2158,37011,,0,no residential sales in 2024,,,,,,,,,,,,,,,,,,,,,,,,,,,,,,,,,,,,,
2159,36043,NY,633,ok,acceptable (confidence intervals overlap),0.7913081081081081,39.79140424841572,1.157471259360689,-0.0637527110531519,-29.162281986724093,0.8175337149739832,0.5807793647950815,0.8379421794376164,-0.1620429543928012,-4.001786489036287e-07,-0.0803656047645573,-0.079085721577077,,,,,,,,,,0.2327182446340343,,,n/a (noise doesn't move it),beyond 25%,beyond 25%,beyond 25%,beyond 25%,beyond 25%,beyond 25%,beyond 25%,beyond 25%,,beyond 25%,beyond 25%
2160,36077,NY,770,ok,acceptable (VEI significance <= 10),0.8934666975881261,29.742223446174755,1.121262625695322,-0.0930879837902573,-30.664217635548685,0.7865081449035114,0.5876801743910933,0.7467210490331968,-0.2532787344185061,-6.281516865258451e-07,-0.0791193168678137,-0.0835570604263626,,,,,,,,,,0.2454917248129307,,,n/a (noise doesn't move it),beyond 25%,beyond 25%,beyond 25%,beyond 25%,beyond 25%,beyond 25%,beyond 25%,beyond 25%,,beyond 25%,beyond 25%
2161,45035,SC,3762,ok,UNACCEPTABLE progressivity,0.8631382305194806,36.27468121812103,1.350723882211871,0.1685139631583965,61.88799980889443,0.3383600357963107,0.006813713683427,0.3781902612964219,-0.6218046927782293,-4.525676982075599e-09,-0.250316973681955,-0.2727712217095726,,,,,,,,,,0.0614854374209757,,,n/a (noise doesn't move it),beyond 25%,beyond 25%,progressive,progressive,beyond 25%,beyond 25%,beyond 25%,beyond 25%,,beyond 25%,beyond 25%
2162,31183,NE,16,skipped (fewer than 100 sales),,,,,,,,,,,,,,,,,,,,,,,,,,,,,,,,,,,,,
2163,27017,MN,406,ok,acceptable (VEI within +/-10),0.8833039215686275,13.490121924764583,1.0057543316647488,0.0256786188181355,6.491334503139848,0.9808824042164672,0.85356943596431,0.9881052119335972,-0.0118929596050521,-7.938592736999853e-08,-0.0049274734116304,-0.0044538589325218,,0.1573975418702647,0.0847843227048407,,,0.0775751131614272,0.1710440031492738,0.051232534383171,0.0512358084500261,0.079678196607203,0.076527720075596,0.0752405013866492,n/a (noise doesn't move it),,,progressive,progressive,,,,,,,
2164,50027,VT,0,no residential sales in 2024,,,,,,,,,,,,,,,,,,,,,,,,,,,,,,,,,,,,,
2165,13173,GA,148,ok,acceptable (confidence intervals overlap),0.9184430095709116,17.714452592433076,1.04377324369383,0.0267971238241661,13.22008351413011,0.8517262925404966,0.5220412236867036,0.9788987264800304,-0.0210977781834694,-3.4318532255597624e-07,-0.0469443546320687,-0.0672634827331279,,0.2052373360243538,0.2023455353714161,,,0.2033125968979199,,0.105895583536242,0.1059130552441006,0.1496245957527418,0.2093493217465254,0.2339874130547447,n/a (noise doesn't move it),,,progressive,progressive,,beyond 25%,,,,,
2166,13197,GA,79,skipped (fewer than 100 sales),,,,,,,,,,,,,,,,,,,,,,,,,,,,,,,,,,,,,
2167,13257,GA,422,ok,acceptable (VEI significance <= 10),0.5381854858611825,31.227794914275393,1.0638182399396503,0.0321954312061022,20.647284832827857,0.9445827609417008,0.3335389659150557,0.9180492882970815,-0.0819377872676668,-1.0067563511089664e-07,-0.022983689619374,-0.0501582006451135,,,0.2247088910924173,,,0.1961072895299602,,,,0.1400012945771262,0.178663548840869,,n/a (noise doesn't move it),beyond 25%,,progressive,progressive,,beyond 25%,beyond 25%,beyond 25%,,,beyond 25%
2168,39111,OH,175,ok,UNACCEPTABLE regressivity,0.7468163265306123,47.69277621559265,1.4030487033945542,-0.1212817284453284,-48.53083900427728,0.6016018000138706,0.1801209016730607,0.6518196109003864,-0.3481615480728626,-1.3498400426458192e-06,-0.1901456622319106,-0.2332244537038819,,,,,,,,,,0.2435663138272435,,,n/a (noise doesn't move it),beyond 25%,beyond 25%,beyond 25%,beyond 25%,beyond 25%,beyond 25%,beyond 25%,beyond 25%,,beyond 25%,beyond 25%
2169,05065,AR,0,no residential sales in 2024,,,,,,,,,,,,,,,,,,,,,,,,,,,,,,,,,,,,,
2170,24045,MD,1507,ok,UNACCEPTABLE regressivity,0.6782517114270669,33.524144055893814,1.5812674746890376,-0.0692291389702021,-78.16058957613431,0.5192241785828805,0.1737793143576612,0.4809551681754822,-0.5190415926536187,-1.2529020942490653e-07,-0.2620848421114117,-0.3258109256450419,,,,,,,,,,0.226903385844268,,,n/a (noise doesn't move it),beyond 25%,beyond 25%,beyond 25%,beyond 25%,beyond 25%,beyond 25%,beyond 25%,beyond 25%,,beyond 25%,beyond 25%
2171,46027,SD,0,no residential sales in 2024,,,,,,,,,,,,,,,,,,,,,,,,,,,,,,,,,,,,,
2172,51025,VA,146,ok,acceptable (VEI within +/-10),0.872063492063492,38.22895381018884,1.111566494446185,-0.0144880321060275,1.5099892768534238,0.954020809856636,0.7946540370862764,0.9280431423181006,-0.0719534772557679,-2.1692771578194958e-07,-0.0269010341036153,-0.0273500741193579,,,,0.1636746404680819,0.199864466218976,0.2095510012554459,,,,0.2086713247735019,0.2179908789926014,0.2493778280200441,n/a (noise doesn't move it),beyond 25%,beyond 25%,,,,beyond 25%,beyond 25%,beyond 25%,,,
2173,49005,UT,1366,ok,UNACCEPTABLE progressivity,0.854535815303631,31.12469857603138,1.114244279485702,0.1037819736041346,56.89511707277509,0.6056557499969567,0.3103307034669214,0.5839489517720963,-0.416050695912579,-9.087607305759923e-08,-0.1168393729022201,-0.1232900748887619,,,,,,,,,,0.1582827100864764,,,n/a (noise doesn't move it),beyond 25%,beyond 25%,progressive,progressive,beyond 25%,beyond 25%,beyond 25%,beyond 25%,,beyond 25%,beyond 25%
2174,36075,NY,1160,ok,UNACCEPTABLE regressivity,0.9025451515151516,29.596981128223565,1.1104410587911169,-0.1439935977975608,-46.312176604671976,0.7787482447100318,0.6766204624297152,0.7070968824706926,-0.2929035026925045,-1.414231187024928e-06,-0.0716275640930106,-0.0690837760408442,,,,,,,,,,,,,n/a (noise doesn't move it),beyond 25%,beyond 25%,beyond 25%,beyond 25%,beyond 25%,beyond 25%,beyond 25%,beyond 25%,beyond 25%,beyond 25%,beyond 25%
2175,47097,TN,0,no residential sales in 2024,,,,,,,,,,,,,,,,,,,,,,,,,,,,,,,,,,,,,
2176,13063,GA,2950,ok,acceptable (VEI within +/-10),0.946985369490262,18.402377161162,1.0136477103450643,-0.006783189764892,-0.4892550358795566,0.9188515960212796,1.173377660541605,0.8011808405790428,-0.198818787717473,-4.722093537816212e-09,-0.0236375364507468,-0.0136297548282375,,0.2089681416015058,0.1162153259282621,0.0539817860996829,0.050257292279844,0.1333823587503247,,0.1990864271661955,0.199085860649176,0.1245614511888204,0.1517131750382142,0.0967335165206797,n/a (noise doesn't move it),,,,,,progressive,,,,,
2177,21145,KY,1237,ok,UNACCEPTABLE progressivity,0.7971428571428572,35.33450565614142,1.089789013395358,0.028012124839589,32.65171289803127,0.8704687837399098,0.4166109137032078,0.9714719981282524,-0.0284834614656113,-3.114477133385264e-07,-0.0571857644391977,-0.0822773166202497,,,,,,,,0.2322739156230731,0.2320924400380888,0.1810309672265782,,,n/a (noise doesn't move it),beyond 25%,beyond 25%,progressive,progressive,beyond 25%,beyond 25%,,,,beyond 25%,beyond 25%
2178,48329,TX,2920,ok,UNACCEPTABLE progressivity,0.7895856457575261,39.66064102402648,1.0445831873020517,0.1882484024449999,77.58262469357629,0.9020402021145558,0.6833085971072024,0.8265173474455093,-0.1734775291239969,-1.1723009608328524e-08,-0.03472786307809,-0.0377839006639606,,,0.1750471295138043,,,,,,,0.156654846406123,0.2083988087680037,0.1982389000974419,n/a (noise doesn't move it),beyond 25%,,progressive,progressive,beyond 25%,progressive,beyond 25%,beyond 25%,,,
2179,08105,CO,173,ok,UNACCEPTABLE progressivity,0.6761052631578948,35.00497236949878,1.1637264575579158,0.0601494043717626,39.73749471764418,0.824277901103949,0.1573169485885563,0.9337838770398574,-0.0662056595124896,-9.561783720039453e-08,-0.0892228428914774,-0.1655945928381796,,,,,,,,0.2370844381381403,0.2370771394837381,0.1426668836174014,,,n/a (noise doesn't move it),beyond 25%,beyond 25%,beyond 25%,beyond 25%,beyond 25%,progressive,,,,beyond 25%,beyond 25%
2180,06039,,0,no residential sales in 2024,,,,,,,,,,,,,,,,,,,,,,,,,,,,,,,,,,,,,
2181,30087,MT,0,no residential sales in 2024,,,,,,,,,,,,,,,,,,,,,,,,,,,,,,,,,,,,,
2182,29229,MO,0,no residential sales in 2024,,,,,,,,,,,,,,,,,,,,,,,,,,,,,,,,,,,,,
2183,24009,MD,1263,ok,acceptable (VEI within +/-10),0.8129973474801061,12.913895403454935,1.0197282223308315,-0.0342126930455973,-4.93807922174399,0.890064712787026,0.7123142562182653,0.8861685002570879,-0.1138290789910558,-1.9044047579886425e-07,-0.0241092201327974,-0.0241745852814752,,0.1558574077243023,0.1369718014294681,0.1321712272403895,0.1196627437659026,0.1296393761617658,0.2399508451049375,0.1449432912029666,0.1449424531558478,0.116220617179289,0.12854014744742,0.1280210587904583,n/a (noise doesn't move it),,,,,,,,,,,
2184,48081,TX,37,skipped (fewer than 100 sales),,,,,,,,,,,,,,,,,,,,,,,,,,,,,,,,,,,,,
2185,25019,MA,0,no residential sales in 2024,,,,,,,,,,,,,,,,,,,,,,,,,,,,,,,,,,,,,
2186,21023,KY,56,skipped (fewer than 100 sales),,,,,,,,,,,,,,,,,,,,,,,,,,,,,,,,,,,,,
2187,19079,IA,0,no residential sales in 2024,,,,,,,,,,,,,,,,,,,,,,,,,,,,,,,,,,,,,
2188,13269,GA,65,skipped (fewer than 100 sales),,,,,,,,,,,,,,,,,,,,,,,,,,,,,,,,,,,,,
2189,18031,IN,338,ok,acceptable (VEI within +/-10),0.7568888888888889,24.49390759362307,1.0596514133257555,0.0127739173651608,6.450952777967428,0.8279278372992391,0.4356625480692342,0.88097372357471,-0.1190162156881298,-4.0841304576865987e-07,-0.0494685418630282,-0.058193019309257,,,0.21965706376353,,,0.216061245796479,,0.217762570445064,0.2177524142894735,0.1479638548259829,0.1979654197276754,0.2345807868463248,n/a (noise doesn't move it),beyond 25%,,progressive,progressive,,beyond 25%,,,,,
2190,47183,TN,0,no residential sales in 2024,,,,,,,,,,,,,,,,,,,,,,,,,,,,,,,,,,,,,
2191,48067,TX,178,ok,acceptable (confidence intervals overlap),0.8377010106586575,33.92835664377309,1.4086543931494488,-0.1082750398231757,-10.430312042657926,0.6143505524828418,0.1656164762961176,0.6489575869533909,-0.3510420394141169,-2.1082889884750333e-07,-0.2030333680238902,-0.2632374741951548,,,,,0.1744451710501469,,,,,0.1767305505291039,,,n/a (noise doesn't move it),beyond 25%,beyond 25%,beyond 25%,,beyond 25%,beyond 25%,beyond 25%,beyond 25%,,beyond 25%,beyond 25%
2192,28045,MS,392,ok,acceptable (VEI within +/-10),0.5582515728095749,29.812841421029805,1.103459877183205,-0.0316989217933008,-1.0984888742734449,0.7398723085328418,0.2227092879588489,0.7374412110660665,-0.2625544757597259,-2.72711750889567e-07,-0.0852236826716774,-0.0972286550816825,,,,0.2023613082367128,0.0678813599621955,,,,,0.1269602291006824,,,n/a (noise doesn't move it),beyond 25%,beyond 25%,,,beyond 25%,beyond 25%,beyond 25%,beyond 25%,,beyond 25%,beyond 25%
2193,36073,NY,447,ok,UNACCEPTABLE regressivity,0.8582089552238806,35.04070077960141,1.2054307182409776,-0.2153883057262256,-45.15452788757136,0.59268832252935,0.2419197299157642,0.6231618283111168,-0.3768318639245011,-1.1330788105559516e-06,-0.1376331738325205,-0.1473946970887847,,,,,,,,,,0.2118793905453544,,,n/a (noise doesn't move it),beyond 25%,beyond 25%,beyond 25%,beyond 25%,beyond 25%,beyond 25%,beyond 25%,beyond 25%,,beyond 25%,beyond 25%
2194,47089,,0,no residential sales in 2024,,,,,,,,,,,,,,,,,,,,,,,,,,,,,,,,,,,,,
2195,37089,NC,0,no residential sales in 2024,,,,,,,,,,,,,,,,,,,,,,,,,,,,,,,,,,,,,
2196,13181,GA,119,ok,acceptable (confidence intervals overlap),0.7362162162162162,31.974203373044688,1.0188960692854985,0.0647770068551185,33.880115310042655,0.9438390972300328,0.6548523882439267,0.974494727082145,-0.0254979369266054,-9.218254175860644e-08,-0.0237076970111449,-0.0364505856146626,,,0.1046033183770641,,,0.2214975609803912,,0.2019513618185928,0.2020768639528277,0.1123326954852183,0.2248283615618479,0.2000770721618669,n/a (noise doesn't move it),beyond 25%,,progressive,progressive,,beyond 25%,,,,,
2197,17117,IL,460,ok,acceptable (VEI significance <= 10),0.7186509980864819,35.332755951491805,1.2455341004228695,-0.0961787344163869,-20.229946346637885,0.5365142273081124,0.0375527599584675,0.5008378075910727,-0.4991590704463973,-2.5038734937259997e-07,-0.1752745428318944,-0.208480644921889,,,,0.2496901065186512,,,,,,0.1187042093813121,,,n/a (noise doesn't move it),beyond 25%,beyond 25%,,beyond 25%,beyond 25%,beyond 25%,beyond 25%,beyond 25%,,beyond 25%,beyond 25%
2198,19035,IA,0,no residential sales in 2024,,,,,,,,,,,,,,,,,,,,,,,,,,,,,,,,,,,,,
2199,21063,KY,61,skipped (fewer than 100 sales),,,,,,,,,,,,,,,,,,,,,,,,,,,,,,,,,,,,,
2200,29073,MO,0,no residential sales in 2024,,,,,,,,,,,,,,,,,,,,,,,,,,,,,,,,,,,,,
2201,42045,PA,6498,ok,acceptable (VEI significance <= 10),0.5650515873015873,19.43866545521893,1.0020221615855949,0.0433588504897522,12.394219876908055,1.010273675004431,0.4685576163764074,1.0153234817307564,0.0153280113577522,-1.791500526235426e-09,0.0040693988087003,-0.0021299263649057,,0.2166799395571302,0.0524279944235551,,,,,,,0.0207767701160988,,0.0624551461671906,n/a (noise doesn't move it),,,progressive,progressive,progressive,beyond 25%,progressive,progressive,,progressive,
2202,42111,PA,0,no residential sales in 2024,,,,,,,,,,,,,,,,,,,,,,,,,,,,,,,,,,,,,
2203,40143,OK,9707,ok,acceptable (VEI significance <= 10),0.8655153846153846,22.868395261898403,1.0529735738047523,0.0238274602241921,12.251376292856053,0.9099494495005686,0.6786610104881224,0.9164209807366464,-0.0835764298503147,-4.768828015343136e-08,-0.0360979207693032,-0.0475450066516656,,0.2442479305974933,0.2119157810680223,,,0.2316161791551011,,0.2269233201375625,0.2269176076324378,0.1660184670237686,0.2298095118997437,,n/a (noise doesn't move it),,,progressive,progressive,,beyond 25%,,,,,beyond 25%
2204,26057,MI,0,no residential sales in 2024,,,,,,,,,,,,,,,,,,,,,,,,,,,,,,,,,,,,,
2205,18143,IN,431,ok,acceptable (confidence intervals overlap),0.6055555555555555,48.46473489433877,2.4559930529939074,-0.1687186009940517,-16.38682298573814,0.3754116939262268,-0.0123373833152396,0.1744165147116758,-0.825578279263659,-2.4890355685866196e-07,-0.4066112270882189,-0.575164367098546,,,,,,,,,,0.1169260257597294,,,n/a (noise doesn't move it),beyond 25%,beyond 25%,beyond 25%,beyond 25%,beyond 25%,beyond 25%,beyond 25%,beyond 25%,,beyond 25%,beyond 25%
2206,20119,,0,no residential sales in 2024,,,,,,,,,,,,,,,,,,,,,,,,,,,,,,,,,,,,,
2207,39099,OH,3386,ok,acceptable (VEI within +/-10),0.7503252085189085,25.76329641759493,1.0319401844218417,0.0173863843857337,6.343066955614052,0.9647039582781536,0.6230485543508771,0.9826247610965708,-0.0173539619185388,-1.739680766257993e-07,-0.0143490658071849,-0.0213015679312074,,,0.1666413297654457,,,0.1444337595592591,,0.1323195717551142,0.1322767799023811,0.1322298075485607,0.1413600165035317,0.1505692126247991,n/a (noise doesn't move it),beyond 25%,,progressive,progressive,,beyond 25%,,,,,
2208,06071,CA,0,no residential sales in 2024,,,,,,,,,,,,,,,,,,,,,,,,,,,,,,,,,,,,,
2209,48031,TX,112,ok,acceptable (VEI within +/-10),0.9904864133102972,19.765879925755073,1.048018146958932,-0.0375735673528017,-5.03743605353695,0.8311814099310793,0.8360456010092712,0.8072692265230773,-0.1927307470056429,-2.375243770848401e-07,-0.0506360198861073,-0.0480190804703826,0.160821589192276,0.2246237943037146,0.1744503721710305,0.148530652449639,0.1064491865800192,0.1774408348129378,0.1812096742973082,0.2437540077960132,0.2437538671974077,0.2363055815223529,0.1927969724790422,0.2438930193246902,,,,,,,,,,,,
2210,53043,WA,69,skipped (fewer than 100 sales),,,,,,,,,,,,,,,,,,,,,,,,,,,,,,,,,,,,,
2211,20151,,0,no residential sales in 2024,,,,,,,,,,,,,,,,,,,,,,,,,,,,,,,,,,,,,
2212,17043,IL,10505,ok,acceptable (VEI within +/-10),0.8551142857142857,11.407654909685,1.0055349373428828,0.0236462634219921,9.730951064472654,0.9819215549528216,0.7998472049468897,1.0010001537790023,0.0010007396717939,-1.6216248838212585e-08,-0.0058841659937245,-0.0093077616974743,,0.1364780632318352,0.0721911098815175,,,0.0810192619094206,,,,0.0593672162817533,0.0797989471882535,0.1021877893367169,n/a (noise doesn't move it),,,progressive,progressive,,beyond 25%,progressive,progressive,,,
2213,05107,AR,215,ok,UNACCEPTABLE regressivity,1.5080603224128966,281.1304412261219,5.116324365871573,-0.6479508333044703,-203.14240182750152,0.5914716718137694,0.4182939168566807,0.4680825091161838,-0.5319706041652986,-3.24928101474508e-05,-0.272956355701329,-0.3381364800270601,,,,,,,,,,,,,n/a (noise doesn't move it),beyond 25%,beyond 25%,progressive,progressive,beyond 25%,progressive,beyond 25%,beyond 25%,beyond 25%,beyond 25%,beyond 25%
2214,12075,FL,884,ok,acceptable (VEI within +/-10),0.7655306153265383,24.53743266495658,1.0597777557496688,0.0099651107167081,4.814009059921798,0.9237762503820334,0.4951887727352236,0.9451694607514332,-0.0548225139066262,-1.9155532930424066e-07,-0.0333254161729705,-0.0447983774976716,,,0.2358789680615088,,,0.2370735324763799,,0.2312908642063445,0.2312812708108327,0.1452455535912368,0.2296962563986287,0.2364464429625867,n/a (noise doesn't move it),beyond 25%,,progressive,progressive,,beyond 25%,,,,,
2215,20059,,0,no residential sales in 2024,,,,,,,,,,,,,,,,,,,,,,,,,,,,,,,,,,,,,
2216,54027,WV,177,ok,acceptable (confidence intervals overlap),0.5560407569141194,33.67918176120181,1.2514347528544576,-0.1085723120908848,-28.130537283568952,0.6623503591998632,0.1053785080879525,0.6889516787694697,-0.3110395862390262,-2.974349839720517e-07,-0.1435179967844779,-0.1789420799433705,,,,,,,,,,0.1147320895273803,,,n/a (noise doesn't move it),beyond 25%,beyond 25%,beyond 25%,beyond 25%,beyond 25%,beyond 25%,beyond 25%,beyond 25%,,beyond 25%,beyond 25%
2217,18155,IN,117,ok,acceptable (confidence intervals overlap),0.423,40.38312807327695,1.1371660449569707,-0.0093353010565332,18.482699333763165,0.7245480000374803,0.285881488990409,0.703697888965178,-0.2962744126808544,-5.179134472024586e-07,-0.097653544856703,-0.1093267497074192,,,,0.1196131816083247,,,,,,0.1553947929149886,,,n/a (noise doesn't move it),beyond 25%,beyond 25%,,progressive,beyond 25%,beyond 25%,beyond 25%,beyond 25%,,beyond 25%,beyond 25%
2218,53045,,0,no residential sales in 2024,,,,,,,,,,,,,,,,,,,,,,,,,,,,,,,,,,,,,
2219,37185,NC,257,ok,acceptable (VEI within +/-10),0.4947862068965517,36.24635311650859,1.097657832091016,-0.0021657433462243,-0.1845241413916028,0.9270755435206544,0.3920848225772804,0.8834298533570256,-0.1165614447230427,-1.0271358997196348e-07,-0.0363486976524332,-0.0538941832468551,,,0.2452684688495747,0.136842269422941,0.0184194228187219,,,,,0.167778341002345,,,n/a (noise doesn't move it),beyond 25%,,,,beyond 25%,beyond 25%,beyond 25%,beyond 25%,,beyond 25%,beyond 25%
2220,21229,KY,154,ok,acceptable (VEI within +/-10),0.8095261163147882,33.191862915605,1.1735392954101478,-0.0200285292167419,5.223902373360309,0.7526808734357371,0.3176906396601024,0.7923581595078116,-0.2076310015383828,-3.8158328514436227e-07,-0.1081757970711252,-0.1414463545735904,,,,0.2025583603613978,,,,,,0.1931932272048608,,,n/a (noise doesn't move it),beyond 25%,beyond 25%,,progressive,beyond 25%,beyond 25%,beyond 25%,beyond 25%,,beyond 25%,beyond 25%
2221,27161,MN,250,ok,acceptable (VEI within +/-10),0.9017946351667282,13.686640065547904,1.015040834130449,-0.0175756332110826,0.8919993640906757,0.9433077959592744,0.8666679364076543,0.9057869308848224,-0.0942130615377416,-2.520468981496413e-07,-0.0135229495278004,-0.0113535970617653,,0.1659790536472582,0.1071369342479322,0.0875039264902042,0.0295584898795253,0.0980466476527621,0.1994470301347219,0.1234064732922146,0.1234065664565549,0.122712198431067,0.0948442837031945,0.0859136002781741,n/a (noise doesn't move it),,,,,,,,,,,
2222,39137,OH,309,ok,acceptable (VEI within +/-10),0.78609375,27.16702173495732,1.066750126622589,-0.0308867684461728,3.752531507378657,0.8264263774494066,0.5811706730054003,0.777333781182791,-0.2226661378555467,-7.205802464169768e-07,-0.0520907006859101,-0.0571722316628435,,,0.2411973757129399,0.2172206735655846,,0.2357572922088023,,,,0.1955938996502582,0.2217515642087917,0.2226440803519654,n/a (noise doesn't move it),beyond 25%,,,progressive,,beyond 25%,beyond 25%,beyond 25%,,,
2223,29029,MO,0,no residential sales in 2024,,,,,,,,,,,,,,,,,,,,,,,,,,,,,,,,,,,,,
2224,09190,CT,0,no residential sales in 2024,,,,,,,,,,,,,,,,,,,,,,,,,,,,,,,,,,,,,
2225,21095,,0,no residential sales in 2024,,,,,,,,,,,,,,,,,,,,,,,,,,,,,,,,,,,,,
2226,31107,NE,127,ok,acceptable (VEI significance <= 10),0.7264285714285714,36.015879922296534,1.3103038872514303,-0.0923805931901063,-39.90588515301376,0.8295178345833463,0.3312286482290514,0.8033167579396735,-0.1966778036124815,-3.105108120691258e-07,-0.1006456866033704,-0.1480052222791499,,,,,,,,,,,,,n/a (noise doesn't move it),beyond 25%,beyond 25%,beyond 25%,beyond 25%,beyond 25%,beyond 25%,beyond 25%,beyond 25%,beyond 25%,beyond 25%,beyond 25%
2227,28141,,0,no residential sales in 2024,,,,,,,,,,,,,,,,,,,,,,,,,,,,,,,,,,,,,
2228,05073,AR,75,skipped (fewer than 100 sales),,,,,,,,,,,,,,,,,,,,,,,,,,,,,,,,,,,,,
2229,18119,IN,250,ok,acceptable (VEI within +/-10),0.7022643343051507,36.9409490375582,1.1739704282948988,-0.0938249316876367,-1.3195420475989872,0.6611221242159772,0.1992002019352002,0.6786383341208108,-0.3213570683973071,-6.547765212881583e-07,-0.114910775001735,-0.1360362121569036,,,,,0.0612755409816674,,,,,0.1995463511514057,,,n/a (noise doesn't move it),beyond 25%,beyond 25%,beyond 25%,,beyond 25%,beyond 25%,beyond 25%,beyond 25%,,beyond 25%,beyond 25%
2230,48161,TX,110,ok,acceptable (VEI significance <= 10),0.8732595073338065,30.94654571937517,1.01426453607591,0.0550047744454012,24.73255588271871,0.978588211660415,0.9459265238939812,0.9482753586381582,-0.0517226676133462,-7.695887019674983e-08,-0.0070211206691737,0.0017483616303237,,,0.0750050312548585,,,0.1000554274644283,0.1257046296009362,0.2128351995161417,0.2128240053563401,0.1184820187761205,0.090327269535538,0.118896502588882,n/a (noise doesn't move it),beyond 25%,,progressive,progressive,,,,,,,
2231,27019,MN,1685,ok,acceptable (VEI within +/-10),0.9049891540130152,11.147586793590806,1.02342008697269,-0.0217475784663016,-2.930236731538604,0.9215148184577586,0.76454305201084,0.9149872641003592,-0.0850122373280307,-8.948939037623893e-08,-0.022588083139291,-0.0241185937328904,,0.1350730301282374,0.1461485774369307,0.1164878457547215,0.0961135736510097,0.1461054602558274,,0.1425730034742335,0.1425725507057357,0.1205188687298323,0.1430842707178482,0.1424319710499893,n/a (noise doesn't move it),,,,,,beyond 25%,,,,,
2232,32011,NV,20,skipped (fewer than 100 sales),,,,,,,,,,,,,,,,,,,,,,,,,,,,,,,,,,,,,
2233,37057,NC,3171,ok,UNACCEPTABLE regressivity,0.5664347826086956,39.77642878626233,1.2595411477630143,-0.0350009356782831,-27.45327559946301,0.6689662194462334,0.1552439305736827,0.5448250685703578,-0.4551722478133145,-1.3292680939357238e-07,-0.1365465213283196,-0.1669521682182801,,,,0.2405974618062405,,,,,,0.1396933535388904,,,n/a (noise doesn't move it),beyond 25%,beyond 25%,,beyond 25%,beyond 25%,beyond 25%,beyond 25%,beyond 25%,,beyond 25%,beyond 25%
2234,39085,,0,no residential sales in 2024,,,,,,,,,,,,,,,,,,,,,,,,,,,,,,,,,,,,,
2235,06109,CA,0,no residential sales in 2024,,,,,,,,,,,,,,,,,,,,,,,,,,,,,,,,,,,,,
2236,40043,OK,42,skipped (fewer than 100 sales),,,,,,,,,,,,,,,,,,,,,,,,,,,,,,,,,,,,,
2237,13305,GA,348,ok,acceptable (confidence intervals overlap),0.7904536585365853,34.6629651307712,1.052290065585649,0.0308113586826328,17.772284648315367,0.9500496379801708,0.5743629153458853,0.9230280662070972,-0.0769656447450566,-3.667312246925803e-07,-0.0171079796689519,-0.0224527679653703,,,0.2275638070084431,,,0.1405182772110368,,0.2430717315935582,0.2431065829581016,0.1589057518001504,0.1566007403684013,0.1589382248521308,n/a (noise doesn't move it),beyond 25%,,progressive,progressive,,beyond 25%,,,,,
2238,17123,,0,no residential sales in 2024,,,,,,,,,,,,,,,,,,,,,,,,,,,,,,,,,,,,,
2239,19093,IA,98,skipped (fewer than 100 sales),,,,,,,,,,,,,,,,,,,,,,,,,,,,,,,,,,,,,
2240,42127,PA,0,no residential sales in 2024,,,,,,,,,,,,,,,,,,,,,,,,,,,,,,,,,,,,,
2241,53061,WA,8217,ok,UNACCEPTABLE regressivity,0.8354601226993865,10.511496486358014,1.0216977948144843,-0.0422790277885893,-13.02775765275118,0.8997045645625906,0.8576262268094282,0.8880244705102164,-0.1119751401897383,-8.904451780453699e-09,-0.0264989538877586,-0.0270613667718238,,0.1275071373986935,0.1448757818094737,0.1391288304432824,0.1626972308845351,0.143572550516791,0.1066653823509557,0.1438670358937496,0.1438667075130995,0.127751707640855,0.1439343247073271,0.1470150717282977,n/a (noise doesn't move it),,,,,,,,,,,
2242,48317,TX,19,skipped (fewer than 100 sales),,,,,,,,,,,,,,,,,,,,,,,,,,,,,,,,,,,,,
2243,36069,NY,1268,ok,acceptable (VEI within +/-10),0.8491024623809283,19.71328009569012,1.04587390773295,-0.0166504402834898,-0.0480996170396827,0.91377902196552,0.6767667331006741,0.9032604231698989,-0.0967386047693597,-1.3071514322195273e-07,-0.0308901543844688,-0.034322289581723,,0.216906291365503,0.2060542188118611,0.1368343454256889,0.0035256154179463,0.2096025291592246,,0.208048759418851,0.2080501756403839,0.1568774307389475,0.2003566695217676,0.201102160882274,n/a (noise doesn't move it),,,,,,beyond 25%,,,,,
2244,39075,OH,0,no residential sales in 2024,,,,,,,,,,,,,,,,,,,,,,,,,,,,,,,,,,,,,
2245,27151,MN,153,ok,acceptable (VEI within +/-10),0.8928571428571429,28.767038000981223,1.0188401827586042,0.0158773934929864,8.594617283950619,0.9913436430510322,0.9314045402662618,0.989197976118568,-0.010784140075657,-6.103895379566002e-08,-0.0041318431275934,0.0037652906061724,,,0.1072866278064112,,,0.0870478480467261,0.2271630267682992,0.1796128155905291,0.1794107089097198,0.1121112779166771,0.0884724118356077,0.0594109591915785,n/a (noise doesn't move it),beyond 25%,,progressive,progressive,,,,,,,
2246,42025,PA,0,no residential sales in 2024,,,,,,,,,,,,,,,,,,,,,,,,,,,,,,,,,,,,,
2247,20055,KS,245,ok,acceptable (confidence intervals overlap),0.8924429718363706,18.7719697347487,1.066620931363546,-0.0445869204599434,-10.095409277577572,0.7848945882846142,0.5497744688456997,0.8240047153698511,-0.1759944857339514,-2.3782020862781442e-07,-0.0646178088587512,-0.0718231366377033,,0.2028622140824436,0.2187443558515909,0.1768641498037854,0.2064793083534775,0.2312248173666599,,0.2130346767195092,0.2130365862426852,0.1680077586542923,0.2264832404097014,0.2494147032199793,n/a (noise doesn't move it),,,,,,beyond 25%,,,,,
2248,27091,MN,314,ok,acceptable (VEI within +/-10),0.94096588990206,22.182313217475023,1.0250506257722538,0.0094832700435899,-2.207619541029859,0.9723193745605984,0.8704756835263038,0.953944625538786,-0.0460537845712535,-2.246428199165387e-07,-0.0102172872424819,-0.0107760395993843,,0.2284290094551759,0.1290416884063465,,0.0551302632891766,0.1274848105342491,0.174301351664946,0.1675589198631879,0.1675653853678083,0.1526328586624194,0.1118998595205606,0.0763677134797514,n/a (noise doesn't move it),,,progressive,,,,,,,,
2249,51143,VA,988,ok,acceptable (VEI within +/-10),0.7858843109826064,43.615751367504195,1.1656846431992467,0.0150000586998261,-3.908622952864026,0.857255812251554,0.4404221957796227,0.8385518163465496,-0.1614274387652159,-2.9955610187713026e-07,-0.0746399573830283,-0.114129172136852,,,,,0.1270138521933252,,,,,0.228564455932248,,,n/a (noise doesn't move it),beyond 25%,beyond 25%,progressive,,beyond 25%,beyond 25%,beyond 25%,beyond 25%,,beyond 25%,beyond 25%
2250,13087,GA,290,ok,acceptable (VEI within +/-10),0.7744827423167848,35.218264483225724,1.3390207965803302,-0.051700349945148,-3.3842031606849985,0.7158458504436732,0.2434367207355573,0.7237927461780339,-0.2762021236233008,-1.5681903905908773e-07,-0.1470249590766108,-0.2077725758504198,,,,,0.1420580213474922,,,,,0.1625661086150594,,,n/a (noise doesn't move it),beyond 25%,beyond 25%,beyond 25%,,beyond 25%,progressive,beyond 25%,beyond 25%,,beyond 25%,beyond 25%
2251,37171,NC,980,ok,acceptable (confidence intervals overlap),0.6543372959837115,32.03510050530078,1.125248107035412,-0.0772063756125416,-21.36719241060685,0.8790518129558101,0.5344754236946622,0.8094142934618891,-0.1905826063137254,-1.518311377065399e-07,-0.0531440656892292,-0.0574762373831669,,,0.2326774307736602,,,,,,,0.213243423281825,,,n/a (noise doesn't move it),beyond 25%,,beyond 25%,beyond 25%,beyond 25%,beyond 25%,beyond 25%,beyond 25%,,beyond 25%,beyond 25%
2252,42033,PA,0,no residential sales in 2024,,,,,,,,,,,,,,,,,,,,,,,,,,,,,,,,,,,,,
2253,26053,MI,323,ok,acceptable (VEI significance <= 10),0.75191,53.52518533542217,1.2638778479085664,-0.1020394770880878,-26.90637377997828,0.7564223430816019,0.4538720131460063,0.625755825905344,-0.3742400145864523,-1.3344774029971218e-06,-0.1100493673116274,-0.1166820210050958,,,,,,,,,,,,,n/a (noise doesn't move it),beyond 25%,beyond 25%,beyond 25%,beyond 25%,beyond 25%,beyond 25%,beyond 25%,beyond 25%,beyond 25%,beyond 25%,beyond 25%
2254,26105,MI,451,ok,acceptable (confidence intervals overlap),0.4108571428571428,28.621537934567975,1.0395981683633309,0.0065706308064419,12.23055680024621,0.9611126077388302,0.3856469062094448,0.9426303748378272,-0.0573491595563407,-1.0024417393015934e-07,-0.0144813861624417,-0.0115770132202368,,,0.1822470826841652,,,0.1432485022024539,,0.208322802763998,0.2081972354314754,0.0934723669619047,0.133254679169728,0.1072685321714914,n/a (noise doesn't move it),beyond 25%,,progressive,progressive,,beyond 25%,,,,,
2255,18105,IN,1139,ok,acceptable (VEI within +/-10),0.8732513777024162,14.347435853295355,1.0412417470436672,0.0079413822838498,-1.0220345022670947,0.9078022167731812,0.5344388023749801,0.9486636101944724,-0.0513352708742384,-3.490264468438289e-08,-0.031626415091801,-0.0393919275582472,,0.1700923795670391,0.1891078775386878,,0.062122106327297,0.188093762333553,,0.1187400652469543,0.1187388568828379,0.1080815033881444,0.1881334236674436,0.2032707230075144,n/a (noise doesn't move it),,,progressive,,,beyond 25%,,,,,
2256,29023,MO,0,no residential sales in 2024,,,,,,,,,,,,,,,,,,,,,,,,,,,,,,,,,,,,,
2257,37119,,0,no residential sales in 2024,,,,,,,,,,,,,,,,,,,,,,,,,,,,,,,,,,,,,
2258,29131,MO,0,no residential sales in 2024,,,,,,,,,,,,,,,,,,,,,,,,,,,,,,,,,,,,,
2259,16037,ID,27,skipped (fewer than 100 sales),,,,,,,,,,,,,,,,,,,,,,,,,,,,,,,,,,,,,
2260,23003,ME,0,no residential sales in 2024,,,,,,,,,,,,,,,,,,,,,,,,,,,,,,,,,,,,,
2261,19143,IA,0,no residential sales in 2024,,,,,,,,,,,,,,,,,,,,,,,,,,,,,,,,,,,,,
2262,54077,WV,448,ok,acceptable (VEI significance <= 10),0.6324167035235146,47.11065975320866,1.3317949130612303,-0.0892398853254402,-25.39747236927371,0.8010366301067423,0.2742944451224799,0.7388743112825068,-0.2611159226020484,-6.435799706802953e-07,-0.1094310472276898,-0.16680112415888,,,,,,,,,,0.2447965647282386,,,n/a (noise doesn't move it),beyond 25%,beyond 25%,beyond 25%,beyond 25%,beyond 25%,beyond 25%,beyond 25%,beyond 25%,,beyond 25%,beyond 25%
2263,13081,GA,223,ok,acceptable (confidence intervals overlap),0.804071186440678,32.67532131979454,1.0640627906109468,-0.006832404519139,-10.042997447487163,0.9692615386613764,0.7050452716461812,0.9064697006369626,-0.0935271560954312,-2.4300668397080785e-07,-0.015301717295201,-0.0228224359416764,,,0.2351409984313959,0.1477462478412233,0.1517726371594385,0.1682182670726095,,,,0.1902324121280468,0.1580828536743809,0.1446993460190138,n/a (noise doesn't move it),beyond 25%,,,,,beyond 25%,beyond 25%,beyond 25%,,,
2264,51171,VA,733,ok,acceptable (VEI within +/-10),0.7222118116576939,17.269377574088622,1.0246677413779604,0.0072819099684985,8.294794122583045,0.929252009962608,0.575691801621701,0.9317879738245906,-0.0682089490873024,-1.3367318697793225e-07,-0.019333189803885,-0.0222341485737853,,0.2004888644061641,0.1584614620661539,,,0.1460171219661951,,0.158364011865261,0.158360234864036,0.1092896599670436,0.1419829265960696,0.151061615716127,n/a (noise doesn't move it),,,progressive,progressive,,beyond 25%,,,,,
2265,19161,IA,0,no residential sales in 2024,,,,,,,,,,,,,,,,,,,,,,,,,,,,,,,,,,,,,
2266,17053,IL,202,ok,acceptable (VEI within +/-10),0.8474583333333333,25.811166718677253,1.046672011236283,0.0010548525075293,3.568477723401001,0.8480705394843914,0.718575714075094,0.8585900742125236,-0.1414051327506296,-1.08168882190155e-06,-0.0419192088269653,-0.0375176506294285,,,0.2240982114151037,0.0113149697153596,,0.2145015606823737,,0.2141639784407959,0.2141615925324754,0.1959134739181771,0.2282311448838976,0.1844278005210952,n/a (noise doesn't move it),beyond 25%,,,progressive,,beyond 25%,,,,,
2267,22087,LA,292,ok,acceptable (VEI within +/-10),0.9,3.880378080458188,1.0036511936370682,-0.0025771179086662,0.0,0.9771865728763144,0.8340784487154401,0.9884581805792904,-0.0115407232320891,-7.51907290797586e-08,-0.0052572745401091,-0.0062654636194405,,0.047065302814501,0.0624898303207807,0.045302584117584,0.0,0.0609169758536383,0.181755675244533,0.0528435533339781,0.0528421170085024,0.0558186268094257,0.0609454065194878,0.0661432382946702,n/a (noise doesn't move it),,,,,,,,,,,
2268,28075,MS,372,ok,acceptable (VEI significance <= 10),0.7228527730827389,32.08678935938751,1.068317241718438,0.0624085015854705,21.24934651874632,0.873047669645952,0.3711557339734107,0.8444112388210795,-0.15556681087704,-2.483927049105511e-07,-0.0467373417721828,-0.0609544710497071,,,0.2179602469579048,,,,,,,0.1577541868577472,0.2451784997947852,0.2451222005318452,n/a (noise doesn't move it),beyond 25%,,progressive,progressive,beyond 25%,beyond 25%,beyond 25%,beyond 25%,,,
2269,53013,WA,89,skipped (fewer than 100 sales),,,,,,,,,,,,,,,,,,,,,,,,,,,,,,,,,,,,,
2270,46135,SD,0,no residential sales in 2024,,,,,,,,,,,,,,,,,,,,,,,,,,,,,,,,,,,,,
2271,01129,AL,138,ok,UNACCEPTABLE regressivity,1.038450604122246,97.05241061722415,1.8238740280736412,-0.4279115692925618,-72.50869997841457,0.5490313175056383,0.4392402080994114,0.4314855286319647,-0.5685085143806864,-7.21547707377334e-06,-0.2174607109429931,-0.2298259254517669,0.1698149832176891,,,,,,,,,,,,,beyond 25%,beyond 25%,beyond 25%,beyond 25%,beyond 25%,beyond 25%,beyond 25%,beyond 25%,beyond 25%,beyond 25%,beyond 25%
2272,12053,FL,3908,ok,UNACCEPTABLE progressivity,0.8029434652687724,16.709124016387083,0.9969714561868808,0.0737028318855589,16.088118306114556,1.0439083710208927,0.8229554614816832,1.021417635822215,0.0214187364590025,3.4884150895239284e-08,0.0101590369432156,0.0095856939835704,,0.1939415776962791,,,,,0.2301562511155681,,,,,,n/a (noise doesn't move it),,progressive,progressive,progressive,progressive,,progressive,progressive,progressive,progressive,progressive
2273,30073,MT,0,no residential sales in 2024,,,,,,,,,,,,,,,,,,,,,,,,,,,,,,,,,,,,,
2274,18023,IN,400,ok,acceptable (VEI within +/-10),0.5972396452833477,33.819135850217855,2.035956695601255,-0.0805522437540219,6.365778857977383,0.292767391059601,-0.002110455352338,0.3219055626827767,-0.678089092282066,-4.0063911010509074e-08,-0.4246457611156884,-0.5132029525857247,,,,0.2348126729446169,,,,,,0.055766590463436,,,n/a (noise doesn't move it),beyond 25%,beyond 25%,,progressive,beyond 25%,beyond 25%,beyond 25%,beyond 25%,,beyond 25%,beyond 25%
2275,32013,NV,465,ok,acceptable (VEI within +/-10),0.559564,45.75626121601672,1.2229890283501337,-0.0395047360416728,-1.9276398383626423,0.8669052062985039,0.3007575099966728,0.8285296901856435,-0.1714611923818531,-1.0578008101796099e-07,-0.0694317812127385,-0.1018036960334749,,,,0.2472269531694047,0.1496402345768918,,,,,0.2092124106922035,,,n/a (noise doesn't move it),beyond 25%,beyond 25%,,,beyond 25%,beyond 25%,beyond 25%,beyond 25%,,beyond 25%,beyond 25%
2276,45071,SC,385,ok,acceptable (VEI within +/-10),0.5520833333333334,38.79232831636395,1.1906993215637294,-0.0212753618134505,4.172075471698116,0.8365850742710862,0.1768321485093987,0.813483093900953,-0.186507462738516,-1.5537578723738254e-07,-0.0806851117662088,-0.1254667894097814,,,,0.2045490280399285,,,,,,0.1474201124950271,,,n/a (noise doesn't move it),beyond 25%,beyond 25%,,progressive,beyond 25%,beyond 25%,beyond 25%,beyond 25%,,beyond 25%,beyond 25%
2277,41045,OR,250,ok,acceptable (confidence intervals overlap),0.8484390535113426,33.37054976560176,1.2932637202135373,-0.0092178742757239,21.830392026537982,0.5897324818027885,0.029363051151655,0.5484464166603068,-0.4515494701738986,-1.888293052691908e-07,-0.17061240668679,-0.2245479498019504,,,,0.1115575641269731,,,,,,0.132518887410556,,,n/a (noise doesn't move it),beyond 25%,beyond 25%,,progressive,beyond 25%,beyond 25%,beyond 25%,beyond 25%,,beyond 25%,beyond 25%
2278,22039,,0,no residential sales in 2024,,,,,,,,,,,,,,,,,,,,,,,,,,,,,,,,,,,,,
2279,53019,WA,106,ok,acceptable (VEI within +/-10),0.5650837257980115,27.85222012623698,1.0433185244190153,0.0042797048810536,2.938990847766536,0.9409390906173926,0.5268508625350526,0.909146996094822,-0.09084598238829,-2.3243891824175625e-07,-0.0208438769403789,-0.0194392577140087,,,0.2042173600558804,0.1196532963641006,0.0892135749545706,0.2086554629671425,,0.2456008159817857,0.245606069449808,0.1112117963894892,0.1718440917303964,0.135083155487911,n/a (noise doesn't move it),beyond 25%,,,,,beyond 25%,,,,,
2280,30009,,0,no residential sales in 2024,,,,,,,,,,,,,,,,,,,,,,,,,,,,,,,,,,,,,
2281,28153,,0,no residential sales in 2024,,,,,,,,,,,,,,,,,,,,,,,,,,,,,,,,,,,,,
2282,30081,MT,0,no residential sales in 2024,,,,,,,,,,,,,,,,,,,,,,,,,,,,,,,,,,,,,
2283,51650,VA,1962,ok,acceptable (VEI within +/-10),0.919873417721519,10.772193144800926,0.9993396907755332,0.0069033680684741,-2.2356102108151097,1.0036550011659642,0.95765586149403,0.967238686602802,-0.0327612946197771,1.1074169788408926e-10,0.0012767631414951,0.0033450399476087,,0.1302258585132464,0.0119321561849238,,0.0593754846118889,0.0461747550214278,0.2291199195597479,0.0829589702903374,0.0829588370325716,0.0115086075625092,0.0434413787466194,0.1520783654163242,n/a (noise doesn't move it),,,progressive,,,,,,,,
2284,48049,TX,340,ok,acceptable (VEI within +/-10),0.8308953089972337,31.737546297810777,1.141857940042011,-0.0296410587831005,-8.223839015231022,0.7972467471597171,0.4514568508891694,0.7998111296826305,-0.2001817432836774,-3.627471156991226e-07,-0.0847868699801726,-0.1062142750726278,,,,0.2300583622257816,0.2028425718350414,,,,,0.2387944267187412,,,n/a (noise doesn't move it),beyond 25%,beyond 25%,,,beyond 25%,beyond 25%,beyond 25%,beyond 25%,,beyond 25%,beyond 25%
2285,17135,IL,338,ok,UNACCEPTABLE regressivity,0.9252065217391304,36.51697772641872,1.1656273143276237,-0.1455049930206917,-26.239969924458688,0.7874102334552823,0.6747850450491575,0.7062555977004192,-0.2937474177814212,-2.188571741757961e-06,-0.0823397584386944,-0.0857922809586946,,,,,,,,,,,,,n/a (noise doesn't move it),beyond 25%,beyond 25%,beyond 25%,beyond 25%,beyond 25%,beyond 25%,beyond 25%,beyond 25%,beyond 25%,beyond 25%,beyond 25%
2286,39169,OH,1210,ok,acceptable (VEI within +/-10),0.7987846153846154,18.310970638675624,1.0328552976060428,0.0048027121176494,5.126661130352255,0.913431561418185,0.5684952859284473,0.9123284182396384,-0.0876700912103773,-1.9343034625651434e-07,-0.0251688099207991,-0.02904476293008,,0.2066328250495147,0.1724920078410251,,,0.1491578263767428,,0.1563315822364685,0.1563280837503997,0.1153473041080509,0.1450721009295968,0.1600049796705443,n/a (noise doesn't move it),,,progressive,progressive,,beyond 25%,,,,,
2287,27111,MN,1035,ok,acceptable (VEI within +/-10),0.8975,19.248007961172267,1.021790717919056,0.0146005535547544,9.276333826737067,0.9596597897011682,0.8326841506082058,0.9786329356116444,-0.0213642855074681,-9.195462898790357e-08,-0.0156860893325037,-0.0183110563087778,,0.2156127454912474,0.1406960093591667,,,0.157047936678026,0.2409564665447301,0.1145016623901992,0.114511421720663,0.1264318222117216,0.1542294822299255,0.1592429146813473,n/a (noise doesn't move it),,,progressive,progressive,,,,,,,
2288,32015,NV,108,ok,acceptable (confidence intervals overlap),0.5277522810218978,42.18442563624596,1.0548240175458552,-0.0006246251074798,32.09358050459576,1.0769576004985462,0.5986983789403452,0.826121449378579,-0.1738708448571173,-4.5742410412073035e-07,0.0243870736167004,0.0506886440886861,,,0.2354513458793053,0.1291338036880872,,,,,,0.1696942483027314,,,n/a (noise doesn't move it),beyond 25%,,,progressive,progressive,beyond 25%,beyond 25%,beyond 25%,,progressive,progressive
2289,22127,LA,118,ok,acceptable (VEI significance <= 10),0.9697104749512035,74.88667005560303,1.6583104718485977,-0.3756516825627958,-40.53858697326667,0.7791611335769452,0.6936402866167677,0.6241265580530038,-0.3758984919609922,-6.631480570219133e-06,-0.1153615341603306,-0.112714145076131,0.1788190691624712,,,,,,,,,,,,,beyond 25%,beyond 25%,beyond 25%,beyond 25%,beyond 25%,beyond 25%,beyond 25%,beyond 25%,beyond 25%,beyond 25%,beyond 25%
2290,23009,ME,0,no residential sales in 2024,,,,,,,,,,,,,,,,,,,,,,,,,,,,,,,,,,,,,
2291,21007,KY,118,ok,acceptable (confidence intervals overlap),0.8125615763546798,46.75164862189643,1.580941603587397,-0.0867939574800324,-36.44108116137763,0.5870472434794284,0.1174374115365038,0.6263169330817913,-0.3736689234336046,-8.549951110253661e-07,-0.2310852403626995,-0.3268500699395202,,,,,,,,,,0.2310664097059413,,,n/a (noise doesn't move it),beyond 25%,beyond 25%,beyond 25%,beyond 25%,beyond 25%,beyond 25%,beyond 25%,beyond 25%,,beyond 25%,beyond 25%
2292,08071,CO,148,ok,acceptable (confidence intervals overlap),0.8324177305327869,27.78022033411267,1.119597735184313,-0.1008224919620582,-22.79516781447976,0.7057737658480348,0.4181459472408484,0.6791297686116915,-0.3208693486376427,-4.67675570408445e-07,-0.0959152843623245,-0.102690215781479,,,,,0.2467744323854337,,,,,0.2293715990185287,,,n/a (noise doesn't move it),beyond 25%,beyond 25%,beyond 25%,,beyond 25%,beyond 25%,beyond 25%,beyond 25%,,beyond 25%,beyond 25%
2293,13107,GA,186,ok,acceptable (confidence intervals overlap),0.7073093892097825,44.218281209288264,1.1996735114386738,-0.0140480119166666,12.524777049772505,0.797771781334679,0.2636631965562933,0.7990564458982772,-0.2009276711117205,-6.216434879494236e-07,-0.0934692878684408,-0.1241510241751084,,,,0.1425301013451471,,,,,,0.2214671605796894,,,n/a (noise doesn't move it),beyond 25%,beyond 25%,,progressive,beyond 25%,beyond 25%,beyond 25%,beyond 25%,,beyond 25%,beyond 25%
2294,19045,IA,0,no residential sales in 2024,,,,,,,,,,,,,,,,,,,,,,,,,,,,,,,,,,,,,
2295,12033,FL,3950,ok,acceptable (VEI within +/-10),0.8037805692709846,17.025928597637986,1.0333611508687468,0.0003177062904032,-2.2903010871270517,0.9351951346057256,0.6554965519255008,0.95615648196062,-0.0438411325227941,-6.696401959203985e-08,-0.0232621064891709,-0.0280968191988599,,0.1986267281943515,0.1681452210027145,,0.0943481072519678,0.1584004690942795,,0.139431249092565,0.1394243130794444,0.1199951264580667,0.1569400704927321,0.1677155831322793,n/a (noise doesn't move it),,,progressive,,,beyond 25%,,,,,
2296,20159,,0,no residential sales in 2024,,,,,,,,,,,,,,,,,,,,,,,,,,,,,,,,,,,,,
2297,01037,AL,234,ok,acceptable (confidence intervals overlap),0.9799498746867168,63.68644064078453,1.701376876349306,-0.0836737965622277,-13.920933328662024,0.6888863165332687,0.0598219498508326,0.6534250482642144,-0.3465732178757367,-2.5170487335681306e-07,-0.1982174432973684,-0.3092463930305449,0.1730899173881787,,,,,,,,,0.2092283868726976,,,,beyond 25%,beyond 25%,beyond 25%,beyond 25%,beyond 25%,beyond 25%,beyond 25%,beyond 25%,,beyond 25%,beyond 25%
2298,40081,OK,465,ok,acceptable (VEI within +/-10),0.6127333333333334,49.13828625540231,1.2200152706465586,-0.0495350007023115,1.0218025176013303,0.7439308455313031,0.3030680804046602,0.7050686915147554,-0.2949203925176258,-7.423460111718069e-07,-0.1097547090518489,-0.1281269581005977,,,,,0.0961257263848819,,,,,0.2208630181763198,,,n/a (noise doesn't move it),beyond 25%,beyond 25%,beyond 25%,,beyond 25%,beyond 25%,beyond 25%,beyond 25%,,beyond 25%,beyond 25%
2299,47131,TN,0,no residential sales in 2024,,,,,,,,,,,,,,,,,,,,,,,,,,,,,,,,,,,,,
2300,27093,MN,352,ok,acceptable (VEI within +/-10),0.872428196067772,22.140750474245596,1.0425662191951224,-0.0005386392548393,9.003923839002463,0.9100676884473744,0.6972444994047491,0.9327523784000342,-0.0672446256560507,-2.507781613499475e-07,-0.0308337712562125,-0.0362146543904919,,0.2314140063097298,0.1840186697226948,0.0318610873812876,,0.1795010653561047,,0.2115488082061506,0.2115458366946922,0.1790265924534571,0.1707624424575387,0.1846397582295379,n/a (noise doesn't move it),,,,progressive,,beyond 25%,,,,,
2301,46035,,0,no residential sales in 2024,,,,,,,,,,,,,,,,,,,,,,,,,,,,,,,,,,,,,
2302,18067,IN,1262,ok,acceptable (VEI within +/-10),0.7562993769324544,26.061581582269508,1.1573317181273908,-0.0369966448755347,-7.838251614276406,0.7034493364516352,0.1892404219622937,0.7179811224801481,-0.2820166555044594,-9.69758541212302e-08,-0.1099895822993559,-0.1362806955773046,,,,0.1808967008610412,0.1616097775114431,,,,,0.1124790213998252,,,n/a (noise doesn't move it),beyond 25%,beyond 25%,,,beyond 25%,beyond 25%,beyond 25%,beyond 25%,,beyond 25%,beyond 25%
2303,25003,MA,0,no residential sales in 2024,,,,,,,,,,,,,,,,,,,,,,,,,,,,,,,,,,,,,
2304,19155,IA,0,no residential sales in 2024,,,,,,,,,,,,,,,,,,,,,,,,,,,,,,,,,,,,,
2305,28149,,0,no residential sales in 2024,,,,,,,,,,,,,,,,,,,,,,,,,,,,,,,,,,,,,
2306,13047,GA,837,ok,acceptable (VEI within +/-10),0.9154388888888888,17.48748847385757,1.0019412611247012,0.0536520263099982,8.96723971195748,1.0097323763822608,0.9066731287335736,1.0060245958166674,0.0060262443449488,-2.0770976113577262e-08,0.0024698176764776,0.0025053387515044,,0.1984028680722376,0.0464794674028888,,,,0.1722034447773588,,,0.0337131434102457,,,n/a (noise doesn't move it),,,progressive,progressive,progressive,,progressive,progressive,,progressive,progressive
2307,25009,MA,0,no residential sales in 2024,,,,,,,,,,,,,,,,,,,,,,,,,,,,,,,,,,,,,
2308,21001,KY,0,no residential sales in 2024,,,,,,,,,,,,,,,,,,,,,,,,,,,,,,,,,,,,,
2309,17133,IL,401,ok,acceptable (VEI within +/-10),0.8842441558441558,12.527514305628896,1.014725327546025,-0.0075982458926253,-0.6252773531732151,0.9425628838725544,0.797422785244095,0.939154694537005,-0.0608448363630205,-1.6837939020248837e-07,-0.0144469011125512,-0.0153889647651326,,0.1497353512997719,0.1269166991270838,0.0986873781235141,0.0479852645806084,0.1255814686624113,0.2152300469926076,0.1273830863465506,0.1273838724014515,0.1082485855898354,0.1237227307233195,0.1234165418319891,n/a (noise doesn't move it),,,,,,,,,,,
2310,08037,CO,1012,ok,acceptable (VEI significance <= 10),0.7989981358609795,15.096158487698006,0.9995824544048966,0.0234213662667935,14.590251838956192,1.000806428782803,0.7924825238343741,1.0023284293848005,0.0023288669001046,9.65164467073752e-11,0.0003903576342509,-0.001205582431508,,0.1819913138684276,0.0424595694264554,,,0.0331535567517833,,,,0.028174414686383,0.0325919158829551,0.021558862751006,n/a (noise doesn't move it),,,progressive,progressive,,beyond 25%,progressive,progressive,,,
2311,21069,KY,222,ok,acceptable (VEI within +/-10),0.8364404176904177,59.888289271067926,1.4589182615674177,-0.0546125463955771,-7.948391677303607,0.6183716528114087,0.1040894877486251,0.6088896853185926,-0.3911081894138015,-4.226022646468864e-07,-0.2018780245028308,-0.2615204848767185,,,,,0.1867327919149689,,,,,0.2418754417949585,,,n/a (noise doesn't move it),beyond 25%,beyond 25%,beyond 25%,,beyond 25%,progressive,beyond 25%,beyond 25%,,beyond 25%,beyond 25%
2312,15001,HI,2203,ok,acceptable (VEI significance <= 10),0.7786813186813187,18.19677457158692,1.0507922476961324,0.0011654349282995,13.923620706205984,0.9528763094939694,0.6683436720847599,0.97660041547151,-0.0233982342670123,-8.870253874317563e-09,-0.0257363570350845,-0.0371015473451583,,0.2090627414156657,0.1922163429436003,,,0.2341029665437506,,0.1577762413315794,0.1577705997089974,0.1465014481883763,0.2328084762270461,,n/a (noise doesn't move it),,,progressive,progressive,,beyond 25%,,,,,beyond 25%
2313,13157,GA,1430,ok,UNACCEPTABLE progressivity,0.8884566724547109,20.91438264374601,1.0338253728444724,0.0825197199191168,22.966957974941288,0.9143205122528474,0.381550310126981,0.994113468318194,-0.0058852344847532,-5.4182047175703155e-08,-0.0234531934931485,-0.0377977070602062,,0.2277536700012393,0.1654725964292481,,,0.1435733729899776,,0.0462855242659213,0.0462822824638601,0.0892420572681639,0.1495811349752948,0.1794517384187606,n/a (noise doesn't move it),,,progressive,progressive,,beyond 25%,,,,,
2314,41021,,0,no residential sales in 2024,,,,,,,,,,,,,,,,,,,,,,,,,,,,,,,,,,,,,
2315,26037,MI,860,ok,acceptable (VEI within +/-10),0.8475304540420819,14.625094080110168,1.0034019997507648,0.017653241027746,5.136093475317667,1.0048732819243889,0.8606615597383404,0.979352040430585,-0.0206471276679435,-2.9384548244907112e-08,0.0013893620732459,0.0030135164665978,,0.1801252811203589,0.0617481370917821,,,,0.2215698576015992,0.075769226021626,0.075768100439905,0.0594310123452018,,,n/a (noise doesn't move it),,,progressive,progressive,progressive,,,,,progressive,progressive
2316,20065,,0,no residential sales in 2024,,,,,,,,,,,,,,,,,,,,,,,,,,,,,,,,,,,,,
2317,27065,MN,361,ok,UNACCEPTABLE progressivity,0.8568680261639092,31.70181860385675,1.0246984249351598,0.0876973235823564,33.42217833935492,0.9081100744228524,0.7280086189308487,0.9546766334274488,-0.0453165366242811,-1.987925025803238e-07,-0.0317537237803886,-0.0403141868623038,,,0.1499286572755592,,,0.2084897534630927,,0.2131315186393226,0.2131138604722733,0.1349021165925193,0.2149070329256878,0.214121419030659,n/a (noise doesn't move it),beyond 25%,,progressive,progressive,,beyond 25%,,,,,
2318,34015,NJ,3442,ok,acceptable (VEI within +/-10),0.5624178743961352,18.410618607033072,1.0153101464093963,0.0367165561715938,4.568599157775558,0.9338143328497458,0.5652756511376419,0.9027412792880636,-0.097256722838529,-4.4513151068404496e-08,-0.0151413069390684,-0.0134511025631642,,0.2079549919219976,0.1157581472969048,,,0.1212939423898239,,0.1363111110500152,0.1363101061567467,0.0715244091965808,0.1153755806531216,0.1086921369657525,n/a (noise doesn't move it),,,progressive,progressive,,beyond 25%,,,,,
2319,31179,NE,103,ok,acceptable (VEI within +/-10),0.7915434782608696,14.624004746806522,1.005382403788343,-0.0077590298462908,-6.50849862517388,0.9780983924491116,0.8958644845938379,0.9450903539282038,-0.0549081870324307,-2.3732396944820672e-08,-0.0064726424295074,-0.0026715260513066,,0.1571435572905195,0.0486313054953992,0.0564562628726397,0.147433948542425,0.1488459749026565,0.1790840215285517,0.0919313322086796,0.0919922349596529,0.0672385142577747,0.1490618287342409,0.0658101142179112,n/a (noise doesn't move it),,,,,,,,,,,
2320,18079,IN,406,ok,acceptable (VEI significance <= 10),0.711084656084656,40.99560753547125,1.286841175818857,-0.099322935873933,-24.74197329674335,0.6763455222919388,0.1390205728003761,0.7733323447927779,-0.2266619562291766,-4.640410801206186e-07,-0.1426406944944811,-0.1790489261381618,,,,,,,,,,0.1659961411290924,,,n/a (noise doesn't move it),beyond 25%,beyond 25%,beyond 25%,beyond 25%,beyond 25%,beyond 25%,beyond 25%,beyond 25%,,beyond 25%,beyond 25%
2321,36041,NY,154,ok,acceptable (VEI within +/-10),0.8094053499290316,28.03472418692092,1.0456817221726895,-0.0295531437328391,-9.138396067329182,0.9707044166694349,0.8212458819421975,0.8872791357952118,-0.1127196950096602,-2.1214899172656344e-07,-0.0108290983036776,-0.0012324685470241,,,0.2329004383827244,0.1220766421979465,0.1324847109408928,0.1203274747030459,0.2179450884322534,0.2451198008387783,0.2451190245074046,0.1756642853635008,0.1467633467401834,0.03597151832511,n/a (noise doesn't move it),beyond 25%,,,,,,,,,,
2322,37051,NC,5146,ok,UNACCEPTABLE progressivity,0.5568416876046901,18.775298738147196,0.991596530060648,0.0646549770544548,19.42003382526757,1.0891145377714049,0.7065742889443838,1.0066973299184985,0.0067030236809912,2.578988779353931e-08,0.0228979644701021,0.0270784105666747,,0.2118054383759177,,,,,,,,,,,n/a (noise doesn't move it),,progressive,progressive,progressive,progressive,beyond 25%,progressive,progressive,progressive,progressive,progressive
2323,26015,MI,867,ok,acceptable (VEI within +/-10),0.8457142857142858,19.720656830191594,1.0208155022646013,0.0060101558818223,2.9760914760914705,0.9442800496421684,0.8219745236538912,0.9213418789101314,-0.0786566163513317,-1.8766305161107853e-07,-0.0156936122541362,-0.0134241816432068,,0.2173584593576926,0.1430920763672968,,,0.1341899914675506,0.2346817063282998,0.154077579645847,0.1540644298185053,0.1370328987880651,0.1186600429320891,0.1042075149700493,n/a (noise doesn't move it),,,progressive,progressive,,,,,,,
2324,18091,IN,1262,ok,acceptable (VEI within +/-10),0.662793760607066,28.026278290984894,1.094600591465209,-0.0105603315863739,-9.381174631693986,0.8452925917385853,0.3126281080189931,0.8280088222862065,-0.1719892598092814,-1.3282637783290734e-07,-0.0573352702067351,-0.0703712000993488,,,,0.120442159738367,0.204265904091466,,,,,0.1181595785658594,,,n/a (noise doesn't move it),beyond 25%,beyond 25%,,,beyond 25%,beyond 25%,beyond 25%,beyond 25%,,beyond 25%,beyond 25%
2325,48237,TX,38,skipped (fewer than 100 sales),,,,,,,,,,,,,,,,,,,,,,,,,,,,,,,,,,,,,
2326,05085,AR,183,ok,acceptable (VEI within +/-10),0.6495890410958904,14.286459445465232,1.0284955614342726,-0.0526335264709422,1.0555958288050633,0.940414934778845,0.5719354207600658,0.8941350420689484,-0.1058602881963402,-3.315818105837567e-07,-0.0151774708961842,-0.015497593093388,,0.1704402882431303,0.1983565424230075,0.2426761069855191,,0.1301042785734379,,0.2007340274995012,0.2007260508541949,0.1247674788303679,0.1277178656526432,0.1150428344577831,n/a (noise doesn't move it),,,,progressive,,beyond 25%,,,,,
2327,16019,ID,1140,ok,acceptable (VEI within +/-10),1.0182916764583174,19.326423890315432,1.027181226357053,0.0514928058012792,7.158437177005322,0.8131523780082941,0.7678963624441347,0.8059303517120022,-0.1940696476989936,-3.730129162860722e-07,-0.0384999415744524,-0.0392889227453332,,0.211737315282297,0.1531855583792276,,,0.1852275695855051,0.2179292888237673,0.1904052389245689,0.1904051415883735,0.1668792809824128,0.1674474144661201,0.1655983329469887,n/a (noise doesn't move it),,,progressive,progressive,,,,,,,
2328,54049,WV,803,ok,UNACCEPTABLE regressivity,0.966355140186916,137.6858890636396,2.127876710136096,-0.7102916781654848,-133.1529274507998,0.4745768541987488,0.3772638187896194,0.3783092270693364,-0.6216954355196643,-8.132593454534845e-06,-0.2554938537896669,-0.2562927656629195,,,,,,,,,,,,,n/a (noise doesn't move it),beyond 25%,beyond 25%,beyond 25%,beyond 25%,beyond 25%,beyond 25%,beyond 25%,beyond 25%,beyond 25%,beyond 25%,beyond 25%
2329,22121,LA,205,ok,acceptable (VEI within +/-10),0.852163357322466,12.22508228566886,1.023786897728778,-0.0304709375734424,-4.554605072348496,0.8979005175219728,0.7292210341219082,0.9187788465545594,-0.0812195293747685,-3.358629729062706e-07,-0.0253319857454428,-0.0282392902308925,,0.1468401092918691,0.1665307786881552,0.1613636063932895,0.0774063554362597,0.1393894484225321,,0.1660937492270527,0.1660871572458945,0.1211173494167931,0.1389821605677651,0.1244650432087388,n/a (noise doesn't move it),,,,,,beyond 25%,,,,,
2330,51041,VA,5180,ok,acceptable (VEI within +/-10),0.8787712491882247,9.516173208890637,1.004059880532043,0.0128398752100183,4.302572814846899,0.9841036405365616,0.907306482888108,0.9876534667799852,-0.0123459998733368,-2.162554677817509e-09,-0.0040206324371134,-0.0051368495106711,,0.1162538072863729,0.0550124067456109,,,0.0498923407034759,0.2217271674002502,0.0531556293826089,0.0531544938947568,0.0495264480235037,0.0491171965493491,0.0556858365974783,n/a (noise doesn't move it),,,progressive,progressive,,,,,,,
2331,09160,CT,0,no residential sales in 2024,,,,,,,,,,,,,,,,,,,,,,,,,,,,,,,,,,,,,
2332,16015,ID,122,ok,acceptable (VEI significance <= 10),0.952455838748578,23.34180076225357,1.0120965853782389,0.1137797049296195,21.064824889671783,0.9409777019065042,0.8748759381386361,0.971517356810432,-0.0284821854174749,-9.995476454432301e-08,-0.014427697725061,-0.0166296871461981,,0.2402372362666333,0.0997126627304473,,,0.0950195144714443,0.1624361029162361,0.1039829197628942,0.103984342870346,0.1103978968554731,0.1537150865976927,0.140208728491983,n/a (noise doesn't move it),,,progressive,progressive,,,,,,,
2333,47177,TN,0,no residential sales in 2024,,,,,,,,,,,,,,,,,,,,,,,,,,,,,,,,,,,,,
2334,16047,ID,99,skipped (fewer than 100 sales),,,,,,,,,,,,,,,,,,,,,,,,,,,,,,,,,,,,,
2335,01041,,0,no residential sales in 2024,,,,,,,,,,,,,,,,,,,,,,,,,,,,,,,,,,,,,
2336,55127,WI,1650,ok,acceptable (VEI within +/-10),0.9171871732026144,16.854151618340378,1.0367269799610237,-0.0132690791107816,-6.978664165560983,0.9465586488165836,0.8658176924512702,0.934251278389421,-0.0657456470839571,-2.2918502909232835e-08,-0.0235891161093999,-0.0219708046231235,,0.1917124962168519,0.1764426830389741,0.1505202627973067,0.1501919949778881,0.1996775918139129,0.1706895428557912,0.1769258852818818,0.1769228000008289,0.1472683884846036,0.1999911289037281,0.1758213273590839,n/a (noise doesn't move it),,,,,,,,,,,
2337,36017,NY,493,ok,UNACCEPTABLE regressivity,0.8771428571428571,38.072106291469346,1.1785408394990238,-0.2026385928399399,-33.15744038161066,0.7041513711841166,0.6198223671596222,0.638549365475306,-0.3614501081495883,-1.8608503801469857e-06,-0.1066223149684326,-0.1019605583312397,,,,,,,,,,,,,n/a (noise doesn't move it),beyond 25%,beyond 25%,beyond 25%,beyond 25%,beyond 25%,beyond 25%,beyond 25%,beyond 25%,beyond 25%,beyond 25%,beyond 25%
2338,47087,TN,0,no residential sales in 2024,,,,,,,,,,,,,,,,,,,,,,,,,,,,,,,,,,,,,
2339,16017,ID,445,ok,acceptable (VEI within +/-10),0.8839473684210526,30.90037949581563,1.08165970477607,0.0239152685698325,-0.653604388008847,0.775170926961345,0.5681421468774726,0.7097344592616722,-0.2902640410034949,-2.081816193824267e-07,-0.0706136013354978,-0.0727466182520728,,,0.2354174196297361,,0.0791248354848156,,,,,0.2115831180895932,,,n/a (noise doesn't move it),beyond 25%,,progressive,,beyond 25%,beyond 25%,beyond 25%,beyond 25%,,beyond 25%,beyond 25%
2340,48167,TX,5360,ok,UNACCEPTABLE progressivity,0.8629207328455448,35.382954848610034,3.704241092067415,0.1415094627926874,63.342343885941105,0.2902336128417794,-2.1020412214239975e-05,0.5193585678140041,-0.4806405075506821,-1.0394273784725456e-09,-0.5635690137450486,-0.7286602684373629,,,,,,,,,,0.0141000719822318,,,n/a (noise doesn't move it),beyond 25%,beyond 25%,progressive,progressive,beyond 25%,beyond 25%,beyond 25%,beyond 25%,,beyond 25%,beyond 25%
2341,08081,CO,0,no residential sales in 2024,,,,,,,,,,,,,,,,,,,,,,,,,,,,,,,,,,,,,
2342,42009,PA,0,no residential sales in 2024,,,,,,,,,,,,,,,,,,,,,,,,,,,,,,,,,,,,,
2343,40151,OK,45,skipped (fewer than 100 sales),,,,,,,,,,,,,,,,,,,,,,,,,,,,,,,,,,,,,
2344,36107,NY,472,ok,acceptable (VEI significance <= 10),0.8761243820695434,28.970567575185314,1.1028267016750617,-0.1230507974681888,-27.045227688603404,0.7667793593336555,0.6579513264079914,0.7488579561208365,-0.2511421297341888,-1.2871125049758205e-06,-0.0727514454628037,-0.0746235138384026,,,,,,,,,,,,0.2415185592559957,n/a (noise doesn't move it),beyond 25%,beyond 25%,beyond 25%,beyond 25%,beyond 25%,beyond 25%,beyond 25%,beyond 25%,beyond 25%,beyond 25%,
2345,02261,,0,no residential sales in 2024,,,,,,,,,,,,,,,,,,,,,,,,,,,,,,,,,,,,,
2346,19133,IA,2,skipped (fewer than 100 sales),,,,,,,,,,,,,,,,,,,,,,,,,,,,,,,,,,,,,
2347,50003,VT,0,no residential sales in 2024,,,,,,,,,,,,,,,,,,,,,,,,,,,,,,,,,,,,,
2348,29101,MO,0,no residential sales in 2024,,,,,,,,,,,,,,,,,,,,,,,,,,,,,,,,,,,,,
2349,13067,GA,9707,ok,acceptable (VEI within +/-10),0.9210019646365424,12.060900943751507,1.02306814936003,-0.0282290210023933,-7.382390621947894,0.9251402655572826,0.8837382409476863,0.9049379662098606,-0.0950618269738162,-3.066109700722053e-09,-0.024598720556433,-0.0232058810725996,,0.1442932349613719,0.1548937560757101,0.1283751615867075,0.1413852885475598,0.1528509205266953,,0.1455977469813782,0.1455975240739206,0.1418786613136566,0.1527756888214135,0.1592912238946249,n/a (noise doesn't move it),,,,,,beyond 25%,,,,,
2350,13225,GA,392,ok,acceptable (VEI significance <= 10),0.8740168759811617,20.82299111565316,1.00231186242328,0.0374761505436623,11.738364058579734,1.0390931405581876,0.8596687383524182,0.9937472761515134,-0.0062501346657711,-1.928839567215349e-08,0.0122190274440776,0.016297303899775,,0.2288489996776589,0.0568648843166144,,,,0.219472599885782,0.0470972889151951,0.0470776559363962,0.048417902557353,,,n/a (noise doesn't move it),,,progressive,progressive,progressive,,,,,progressive,progressive
2351,29055,MO,0,no residential sales in 2024,,,,,,,,,,,,,,,,,,,,,,,,,,,,,,,,,,,,,
2352,13299,GA,405,ok,acceptable (VEI within +/-10),0.9414285714285714,35.718195675948536,1.1593504671422767,-0.0525872339916935,-7.227314112291349,0.8640430702986228,0.5505863222277183,0.8131161095618469,-0.1868840684696381,-3.448268159176764e-07,-0.0612921953890568,-0.0781031514962364,,,,,0.1999083347177696,,,,,0.2406495041053222,,,n/a (noise doesn't move it),beyond 25%,beyond 25%,beyond 25%,,beyond 25%,progressive,beyond 25%,beyond 25%,,beyond 25%,beyond 25%
2353,42113,PA,0,no residential sales in 2024,,,,,,,,,,,,,,,,,,,,,,,,,,,,,,,,,,,,,
2354,48181,,0,no residential sales in 2024,,,,,,,,,,,,,,,,,,,,,,,,,,,,,,,,,,,,,
2355,26087,MI,1003,ok,acceptable (VEI significance <= 10),0.8824742268041237,19.890014266697815,1.0076571037968935,0.04069544558596,17.646284248648772,0.983430094143112,0.901095953067963,0.981497945585846,-0.0185009943470972,-6.49602475198145e-08,-0.004845454539202,-0.0031619202646262,,0.2175305763225311,0.075518864425925,,,0.0784913428722485,0.1842444904350065,0.0813525312174039,0.0813507915381508,0.0755370285560048,0.0753329458866493,0.0616121866656921,n/a (noise doesn't move it),,,progressive,progressive,,,,,,,
2356,21061,KY,288,ok,acceptable (confidence intervals overlap),0.8094404186795492,47.67311911415573,1.2211337537881726,-0.038935804013515,-14.512413033282668,0.7731549243082048,0.2972412783294731,0.7494898520377273,-0.2505029731024071,-6.974506626090683e-07,-0.0986744208792134,-0.1189712070536261,,,,,0.2484021363147933,,,,,0.2416583105615541,,,n/a (noise doesn't move it),beyond 25%,beyond 25%,beyond 25%,,beyond 25%,beyond 25%,beyond 25%,beyond 25%,,beyond 25%,beyond 25%
2357,18029,IN,489,ok,acceptable (VEI within +/-10),0.5925925925925926,30.155906248086552,1.0961083828877354,-0.0697864272970265,-0.4293524190828353,0.6504051404872107,0.2735579253396529,0.631834190610858,-0.3681637534020055,-5.67906264443572e-07,-0.0926873262340848,-0.1019325543272051,,,,0.2154690602790377,0.065702127883797,,,,,0.1449645962219742,,,n/a (noise doesn't move it),beyond 25%,beyond 25%,,,beyond 25%,beyond 25%,beyond 25%,beyond 25%,,beyond 25%,beyond 25%
2358,48349,TX,497,ok,acceptable (confidence intervals overlap),0.8405380285148099,33.1653923082048,1.255288268867634,0.0379467106772274,14.840522470868072,0.697640021011636,0.0201899885218882,0.7398148517031579,-0.2601830456465844,-3.9599802404924544e-08,-0.1352645026133547,-0.1887261737009657,,,,,,,,,,0.0567685493706552,,,n/a (noise doesn't move it),beyond 25%,beyond 25%,progressive,progressive,beyond 25%,beyond 25%,beyond 25%,beyond 25%,,beyond 25%,beyond 25%
2359,45079,,0,no residential sales in 2024,,,,,,,,,,,,,,,,,,,,,,,,,,,,,,,,,,,,,
2360,08017,CO,16,skipped (fewer than 100 sales),,,,,,,,,,,,,,,,,,,,,,,,,,,,,,,,,,,,,
2361,47105,TN,1291,ok,acceptable (confidence intervals overlap),0.5628571428571428,35.102430609835,1.0568687775069616,0.0847685838239202,10.857125065491672,0.8968798871262414,0.3697421851784803,0.6706481032804613,-0.3293501248354806,-7.144654522295533e-08,-0.0356438954699431,-0.0319788758580286,,,0.2201148023938647,,,,,,,0.133243526073115,0.2325853982695447,0.1877484867200496,n/a (noise doesn't move it),beyond 25%,,progressive,progressive,beyond 25%,beyond 25%,beyond 25%,beyond 25%,,,
2362,51159,VA,107,ok,acceptable (confidence intervals overlap),0.8713165217391304,37.128857050734105,1.3199908138302667,-0.1231769940417369,-18.629161902411298,0.7252807368352917,0.1255128059381497,0.7092833469305136,-0.2907163964429343,-2.6179559428727613e-07,-0.1332364105967973,-0.1783335834530293,,,,,,,,,,0.1900735262487741,,,n/a (noise doesn't move it),beyond 25%,beyond 25%,beyond 25%,beyond 25%,beyond 25%,beyond 25%,beyond 25%,beyond 25%,,beyond 25%,beyond 25%
2363,40061,OK,144,ok,acceptable (confidence intervals overlap),0.726655680224404,43.062232922614115,1.2983942072684929,-0.1030567814419978,-38.153031280484385,0.7371877290589414,0.3571084423537219,0.692819582712079,-0.3071771047425664,-3.882012418592292e-07,-0.1337012209196311,-0.1541369904121743,,,,,,,,,,0.2191147818332884,,,n/a (noise doesn't move it),beyond 25%,beyond 25%,beyond 25%,beyond 25%,beyond 25%,beyond 25%,beyond 25%,beyond 25%,,beyond 25%,beyond 25%
2364,47111,TN,487,ok,UNACCEPTABLE progressivity,0.8,32.30586382950894,1.0336868760386912,0.0399737431154142,27.912161195376637,0.9774240945597258,0.6570080321443903,0.8833950740419608,-0.1166036038635452,-2.845333513414055e-07,-0.007246187561632,-0.0082083771158194,,,0.1813364202248999,,,0.1005657600367154,,,,0.159959801952557,0.0891729413036031,0.0840911772841873,n/a (noise doesn't move it),beyond 25%,,progressive,progressive,,beyond 25%,beyond 25%,beyond 25%,,,
2365,24047,MD,2207,ok,acceptable (VEI within +/-10),0.7657446808510638,19.444688853203687,1.0332081515992984,0.0292157522295021,9.816285350266677,0.900156396272623,0.5644649904998397,0.9356284239630348,-0.0643703485036466,-7.304929526841192e-08,-0.0302195599523533,-0.037419017054125,,0.2166957655461582,0.1702202213340758,,,0.1662453067712315,,0.1423310861534741,0.1423282471168009,0.1029678237971098,0.161976156840074,0.1779954462615132,n/a (noise doesn't move it),,,progressive,progressive,,beyond 25%,,,,,
2366,53035,WA,3240,ok,acceptable (VEI within +/-10),0.8542118789965568,12.169826042548603,1.0202211900694282,0.0018977994090901,1.4245031759974138,0.941906258346728,0.7326145247552521,0.954316909845514,-0.0456826719937774,-4.3053942167099613e-08,-0.0178253497341576,-0.0218903900277345,,0.1454229657231658,0.1415561705333295,,,0.1344296240877581,,0.1181392310166732,0.1181371781495801,0.106442825906244,0.1335889987957456,0.1525218316663429,n/a (noise doesn't move it),,,progressive,progressive,,beyond 25%,,,,,
2367,12109,FL,11053,ok,UNACCEPTABLE progressivity,0.6929559322033898,47.393141776677105,1.2717500117706435,0.0917450866295682,74.83046677712703,0.6215104422983535,0.2076398753821837,0.2368648393316269,-0.7631429925200007,-4.4445302104069627e-08,-0.1682446067048275,-0.2071556719916916,,,,,,,,,,0.2331296227461498,,,n/a (noise doesn't move it),beyond 25%,beyond 25%,progressive,progressive,beyond 25%,beyond 25%,beyond 25%,beyond 25%,,beyond 25%,beyond 25%
2368,38091,ND,13,skipped (fewer than 100 sales),,,,,,,,,,,,,,,,,,,,,,,,,,,,,,,,,,,,,
2369,51077,VA,313,ok,UNACCEPTABLE regressivity,0.6649717514124294,43.82582874141738,1.231972827595123,-0.1148451573670468,-30.617291454682,0.7924607318020118,0.409462969559783,0.7388015352761242,-0.2611963077204521,-6.584086084458084e-07,-0.0963531017110572,-0.1156495443525884,,,,,,,,,,0.2158541366417833,,,n/a (noise doesn't move it),beyond 25%,beyond 25%,beyond 25%,beyond 25%,beyond 25%,beyond 25%,beyond 25%,beyond 25%,,beyond 25%,beyond 25%
2370,37189,NC,959,ok,acceptable (VEI within +/-10),0.6575048732943469,20.34642839244145,1.0279208080797864,0.0110494198198633,-0.8471619907715756,0.9342779075319804,0.5732146253935442,0.93120060943119,-0.0687980891352436,-6.298131206378062e-08,-0.0215920094917234,-0.0261367028063177,,0.2259327991003521,0.1599312370715765,,0.0411584633262271,0.1585245821883324,,0.1683349332501573,0.1683315275413623,0.1159506434814759,0.1490795566885049,0.1884042600995052,n/a (noise doesn't move it),,,progressive,,,beyond 25%,,,,,
2371,30031,MT,0,no residential sales in 2024,,,,,,,,,,,,,,,,,,,,,,,,,,,,,,,,,,,,,
2372,54083,WV,178,ok,UNACCEPTABLE regressivity,0.7448796068796069,56.900367258142694,1.395172239109758,-0.2679595813566077,-63.16009490949953,0.5784423460652363,0.2265525821205749,0.522276036132832,-0.4777258054441477,-1.3894599852092584e-06,-0.184148516892441,-0.2049592806787363,,,,,,,,,,,,,n/a (noise doesn't move it),beyond 25%,beyond 25%,beyond 25%,beyond 25%,beyond 25%,beyond 25%,beyond 25%,beyond 25%,beyond 25%,beyond 25%,beyond 25%
2373,21089,KY,428,ok,acceptable (VEI within +/-10),1.0,9.822279753253154,1.0389815509852594,-0.0339588531565609,0.0,0.9545469114723696,0.947625431348002,0.9391371217581416,-0.0608637463284275,-3.995573573702236e-07,-0.0185670929460337,-0.018485734902069,0.0,0.1228005812224977,0.1639977800756085,0.1973925399708499,0.0,0.1516052007967747,0.1215601864852361,0.2079030623527733,0.2078948612027234,0.1683254423897972,0.1515685136284414,0.171613330184779,,,,,,,,,,,,
2374,21133,,0,no residential sales in 2024,,,,,,,,,,,,,,,,,,,,,,,,,,,,,,,,,,,,,
2375,51145,VA,338,ok,acceptable (VEI within +/-10),0.8190849673202614,11.656044062028773,1.0104929255103368,0.0249761032301962,5.812803694591541,0.9504421910228692,0.7035062737463945,0.9821741448346498,-0.0178249415060266,-6.808894889752342e-08,-0.0124211630394348,-0.0170722816743189,,0.1433637169996218,0.0985405480353928,,,0.1027791007600408,0.2401072414011317,0.0695518473121449,0.069544580644794,0.0768302824742862,0.1012634756435322,0.113773230100769,n/a (noise doesn't move it),,,progressive,progressive,,,,,,,
2376,45069,SC,36,skipped (fewer than 100 sales),,,,,,,,,,,,,,,,,,,,,,,,,,,,,,,,,,,,,
2377,06021,CA,0,no residential sales in 2024,,,,,,,,,,,,,,,,,,,,,,,,,,,,,,,,,,,,,
2378,47115,TN,627,ok,acceptable (confidence intervals overlap),0.6576,39.44853201002663,1.1449427105395016,-0.0361250694633867,-22.0506872185122,0.906872094043881,0.5162191611180925,0.8197272039279384,-0.1802692791565349,-2.483603029337342e-07,-0.0478102463514988,-0.0539060235782167,,,,0.2291302274028576,,,,,,0.2201847443758413,,,n/a (noise doesn't move it),beyond 25%,beyond 25%,,beyond 25%,beyond 25%,beyond 25%,beyond 25%,beyond 25%,,beyond 25%,beyond 25%
2379,39093,OH,4210,ok,acceptable (VEI significance <= 10),0.8421820512820513,17.93769117920714,1.0242648926287454,-0.0190841936695983,-13.939100156549262,0.9650790920885596,0.8228584829094117,0.920244255781025,-0.0797550943209913,-1.673225023107408e-07,-0.0115085788217985,-0.0090116786985501,,0.1998378702635483,0.1482599945159206,0.1415220148822102,0.2177578457031866,0.1098438135392087,,0.1707463551620714,0.1707452885757233,0.1410297912634003,0.1084572910175234,0.1137488434569007,n/a (noise doesn't move it),,,,,,beyond 25%,,,,,
2380,47027,TN,0,no residential sales in 2024,,,,,,,,,,,,,,,,,,,,,,,,,,,,,,,,,,,,,
2381,42073,PA,0,no residential sales in 2024,,,,,,,,,,,,,,,,,,,,,,,,,,,,,,,,,,,,,
2382,45065,SC,126,ok,UNACCEPTABLE progressivity,0.4539653299249081,63.562592832838675,1.117852526756592,0.0827464336772424,65.20478135866409,0.846657094779246,0.3506800077201705,0.5976993856248444,-0.4022892205970911,-4.414943659597201e-07,-0.0486049959997851,-0.0400768384838932,,,,,,,,,,0.2115254263855706,,0.1749094845710031,n/a (noise doesn't move it),beyond 25%,beyond 25%,beyond 25%,beyond 25%,beyond 25%,beyond 25%,beyond 25%,beyond 25%,,beyond 25%,
2383,08107,CO,649,ok,acceptable (VEI significance <= 10),0.814525,17.7316295746014,1.023947849408445,0.0316458240435482,20.92002980844665,0.9452455159217624,0.6888448307710364,1.0252396746707853,0.0252412836096539,-1.2778298568314618e-08,-0.0241403631377572,-0.0362220274099269,,0.2081191496587008,0.1349835788035687,,,0.2007069649573856,,,,0.0969734629506708,0.2006906110923124,0.2189951853253044,n/a (noise doesn't move it),,,progressive,progressive,,beyond 25%,progressive,progressive,,,
2384,51063,VA,205,ok,acceptable (VEI significance <= 10),0.5483173076923077,32.36345711368936,1.059831502801268,0.0205075512127441,18.5227997176461,0.8829493235659444,0.4718994072860356,0.8958341698967681,-0.1041578598667762,-3.372981433087296e-07,-0.0403893999196391,-0.0460347481364822,,,0.2213763029697396,,,0.2246524613555598,,,,0.1136584032868004,0.2166537947539248,0.228193884570679,n/a (noise doesn't move it),beyond 25%,,progressive,progressive,,beyond 25%,beyond 25%,beyond 25%,,,
2385,18153,IN,190,ok,UNACCEPTABLE regressivity,0.5589979500844944,48.04143708829792,1.2296981347296871,-0.1672135448803475,-43.24834510517132,0.6947444765412412,0.5095680075871747,0.6143249960227112,-0.3856681299588387,-3.6409118914808306e-07,-0.1268211110502823,-0.1145011246877272,,,,,,,,,,,,,n/a (noise doesn't move it),beyond 25%,beyond 25%,beyond 25%,beyond 25%,beyond 25%,beyond 25%,beyond 25%,beyond 25%,beyond 25%,beyond 25%,beyond 25%
2386,28127,MS,129,ok,acceptable (confidence intervals overlap),0.3779224707932986,42.85532867019542,1.164844938360655,0.019985736654909,23.11215952223944,0.7364208388337244,0.1364241928604851,0.6095112035591037,-0.3904514781382932,-2.63425812486593e-07,-0.0989359366335627,-0.1171573210092586,,,,,,,,,,0.098369077794091,,,n/a (noise doesn't move it),beyond 25%,beyond 25%,progressive,progressive,beyond 25%,beyond 25%,beyond 25%,beyond 25%,,beyond 25%,beyond 25%
2387,31017,NE,71,skipped (fewer than 100 sales),,,,,,,,,,,,,,,,,,,,,,,,,,,,,,,,,,,,,
2388,19065,IA,0,no residential sales in 2024,,,,,,,,,,,,,,,,,,,,,,,,,,,,,,,,,,,,,
2389,17025,IL,210,ok,UNACCEPTABLE regressivity,0.8215217391304348,49.105089194724314,1.5901954475091018,-0.2468005107899181,-41.63806208905295,0.554880351873518,0.1207826220563573,0.5502110432115428,-0.4497866260805525,-9.341529312687376e-07,-0.2349109566948721,-0.2889987924471673,,,,,,,,,,0.2208989216674858,,,n/a (noise doesn't move it),beyond 25%,beyond 25%,beyond 25%,beyond 25%,beyond 25%,beyond 25%,beyond 25%,beyond 25%,,beyond 25%,beyond 25%
2390,56003,WY,94,skipped (fewer than 100 sales),,,,,,,,,,,,,,,,,,,,,,,,,,,,,,,,,,,,,
2391,19009,IA,0,no residential sales in 2024,,,,,,,,,,,,,,,,,,,,,,,,,,,,,,,,,,,,,
2392,23015,ME,0,no residential sales in 2024,,,,,,,,,,,,,,,,,,,,,,,,,,,,,,,,,,,,,
2393,18135,IN,233,ok,acceptable (confidence intervals overlap),0.6364595699775755,31.355212477884585,1.1416017800207263,-0.1206160301138919,-26.814465265062367,0.730058820360745,0.3788609341552507,0.6792405423456298,-0.3207577507806919,-3.394829021224488e-07,-0.0953473450109061,-0.0976954997250341,,,,,,,,,,0.1572141629436382,,,n/a (noise doesn't move it),beyond 25%,beyond 25%,beyond 25%,beyond 25%,beyond 25%,beyond 25%,beyond 25%,beyond 25%,,beyond 25%,beyond 25%
2394,26083,MI,53,skipped (fewer than 100 sales),,,,,,,,,,,,,,,,,,,,,,,,,,,,,,,,,,,,,
2395,01059,AL,432,ok,UNACCEPTABLE regressivity,0.9383333333333332,48.38176997696542,3.1448922156320207,-0.16921323047467,-47.190119949755875,0.3219647955113011,0.0002068414565354,0.4437136577271932,-0.5562792215380247,-2.33539535750233e-08,-0.5089751097562283,-0.6578172805615257,,,,,,,,,,0.062047350918402,,,n/a (noise doesn't move it),beyond 25%,beyond 25%,beyond 25%,beyond 25%,beyond 25%,beyond 25%,beyond 25%,beyond 25%,,beyond 25%,beyond 25%
2396,17075,IL,389,ok,UNACCEPTABLE regressivity,0.9675555555555556,45.81916359825003,1.2367251827631067,-0.1573622035753424,-32.19252672094918,0.6930475469010637,0.6160256839169265,0.666432643523506,-0.3335641455674021,-2.7822001044932063e-06,-0.1214924489800577,-0.1238094535839877,,,,,,,,,,,,,n/a (noise doesn't move it),beyond 25%,beyond 25%,beyond 25%,beyond 25%,beyond 25%,beyond 25%,beyond 25%,beyond 25%,beyond 25%,beyond 25%,beyond 25%
2397,27083,MN,306,ok,acceptable (VEI within +/-10),0.9343404634581104,21.532796311890483,1.051493885251606,-0.0188843626811125,-1.2744153551778226,0.9045079737345072,0.7654291851675098,0.923929413249698,-0.0760489090712703,-5.822209506215987e-07,-0.0322218886523943,-0.0351072375955772,,0.2389796577810861,0.2068795317893618,0.1247670250516915,0.1695570577837178,0.2024119660422617,,0.2065586826108913,0.2065470026764099,0.2026328040199501,0.2049622794489266,0.2064927997975011,n/a (noise doesn't move it),,,,,,beyond 25%,,,,,
2398,38049,ND,62,skipped (fewer than 100 sales),,,,,,,,,,,,,,,,,,,,,,,,,,,,,,,,,,,,,
2399,51740,VA,1746,ok,acceptable (VEI within +/-10),0.9084088972431076,11.974610264687517,1.0106265587379293,-0.0046113836272931,-2.9412898017732063,0.9367350576246078,0.8413804282883376,0.9439416830942152,-0.0560570724299919,-3.001237175206623e-07,-0.011536382982674,-0.011197404331011,,0.1450544295753608,0.0988452685804404,0.0518678883108248,0.0737202216492539,0.0853821337385109,0.1500656947428797,0.1101494577535174,0.1101486505784021,0.095603354290595,0.0875184454994628,0.0821176165189381,n/a (noise doesn't move it),,,,,,,,,,,
2400,42105,PA,0,no residential sales in 2024,,,,,,,,,,,,,,,,,,,,,,,,,,,,,,,,,,,,,
2401,20027,,0,no residential sales in 2024,,,,,,,,,,,,,,,,,,,,,,,,,,,,,,,,,,,,,
2402,31101,NE,152,ok,acceptable (VEI within +/-10),0.8678686868686869,31.95721047236796,2.0092714340626463,-0.064194497001726,-7.547786236036659,0.5389820441309029,0.0241108620281488,0.6505179788525417,-0.3494789893676229,-5.37671405314942e-08,-0.3109036609022952,-0.4649284515716316,,,,0.22067409910109,0.1470437749475182,,,,,0.0783778430789799,,,n/a (noise doesn't move it),beyond 25%,beyond 25%,,,beyond 25%,beyond 25%,beyond 25%,beyond 25%,,beyond 25%,beyond 25%
2403,25017,MA,7124,ok,acceptable (VEI within +/-10),0.9272745098039216,0.2207583669457757,1.0000601542194518,-0.0002648900669001,-0.0399513898644676,0.9997762383812908,0.9270295648124997,0.9996009677563528,-0.0003989103881237,-1.8832103562309932e-10,-6.078130823738981e-05,-4.305102048673959e-05,,0.0027607945535409,0.0100549184616074,0.0047011748235752,0.0082399295738322,0.0097498659564256,0.1493980777530599,0.0111104821477616,0.0111099603339902,0.0090305108374849,0.009751675748387,0.0057982345396064,n/a (noise doesn't move it),,,,,,,,,,,
2404,05083,AR,0,no residential sales in 2024,,,,,,,,,,,,,,,,,,,,,,,,,,,,,,,,,,,,,
2405,05123,AR,0,no residential sales in 2024,,,,,,,,,,,,,,,,,,,,,,,,,,,,,,,,,,,,,
2406,39157,OH,1185,ok,acceptable (confidence intervals overlap),0.6928859060402685,25.162802337548037,1.0650516047220977,-0.0314947571404326,-12.11908451873582,0.8510616436565369,0.5342726013434883,0.8672416021169963,-0.1327490491226444,-5.625624863368991e-07,-0.0476214453563015,-0.0513785788184062,,,0.2285645630140086,0.1877264156071074,0.2371773368811878,0.2367125459406399,,,,0.1630808698321125,0.2277246688983075,0.2273811922946784,n/a (noise doesn't move it),beyond 25%,,,,,beyond 25%,beyond 25%,beyond 25%,,,
2407,31149,NE,24,skipped (fewer than 100 sales),,,,,,,,,,,,,,,,,,,,,,,,,,,,,,,,,,,,,
2408,25015,MA,785,ok,acceptable (VEI within +/-10),0.9292985074626866,0.3719279582540312,1.000166238947786,-0.0006014174600664,-0.0588583423493359,0.9991280011074526,0.9279434870513472,0.9990723286773616,-0.0009274710643925,-1.619472893829066e-09,-0.0002063631190227,-0.0002092394842589,,0.0048269710432602,0.0085717179237031,0.0132903452194126,0.0117679882735161,0.0081116026423732,0.1174644059082354,0.0091626543057531,0.0091606698723765,0.007402393485774,0.0081115096752892,0.0082990941132254,n/a (noise doesn't move it),,,,,,,,,,,
2409,56005,WY,567,ok,acceptable (VEI within +/-10),0.8815211589622463,15.373240449630837,1.0190787781444264,0.0012574198865061,-0.7489644090802124,0.8619095354818509,0.7498462504309592,0.8869109039438412,-0.1130883688174235,-2.977415969373173e-07,-0.0290836344017764,-0.0290088259751934,,0.1778475662365903,0.1491033182987758,,0.0440895307299559,0.1559048877515024,0.2188246953107165,0.1407541826483259,0.1407545343932584,0.1199248202130937,0.1528647748099101,0.1530983179800734,n/a (noise doesn't move it),,,progressive,,,,,,,,
2410,12001,FL,3419,ok,acceptable (VEI within +/-10),0.79186875,16.537125064279316,1.0305116497378382,0.0176213818571874,1.3189037157533423,0.9491854872741576,0.64673143708167,0.9223817908284648,-0.0776159204124771,-1.782813266398791e-09,-0.0204812897717781,-0.0220590317324465,,0.188564915128005,0.1530903466523703,,,0.1878974732931139,,0.1780699052438889,0.1780676848574292,0.1124321503766127,0.1948138357103032,0.1849469158885039,n/a (noise doesn't move it),,,progressive,progressive,,progressive,,,,,
2411,27031,MN,187,ok,acceptable (confidence intervals overlap),0.8646153846153846,16.891121181778978,1.011924559088316,0.0378322450053943,10.977599029114618,0.95231553284539,0.7600999418727016,0.9996639499488956,-0.000335141825173,-6.600191160885437e-08,-0.0153670578439755,-0.0228937175921071,,0.2007424161860409,0.1194703785591452,,,0.1216250336038501,,0.0375770389478956,0.0375996897105653,0.085726358528586,0.120584449498604,0.1773209233323095,n/a (noise doesn't move it),,,progressive,progressive,,beyond 25%,,,,,
2412,26085,MI,371,ok,UNACCEPTABLE regressivity,0.816,42.2954118323273,1.2057094527307637,-0.1181944897798263,-35.90252932856311,0.8285293656112338,0.650452755663942,0.786716676003927,-0.2132778744123522,-1.3786201831425204e-06,-0.0769740590823062,-0.0772256308030514,,,,,,,,,,,,,n/a (noise doesn't move it),beyond 25%,beyond 25%,beyond 25%,beyond 25%,beyond 25%,beyond 25%,beyond 25%,beyond 25%,beyond 25%,beyond 25%,beyond 25%
2413,47181,TN,0,no residential sales in 2024,,,,,,,,,,,,,,,,,,,,,,,,,,,,,,,,,,,,,
2414,48019,TX,208,ok,acceptable (VEI significance <= 10),0.7717062525219234,41.39238372238633,1.106132078097415,0.1155170705193159,37.58729836244114,0.6511647363915188,0.2117297486298005,0.8217958133805837,-0.1781916214357046,-3.437912382762358e-07,-0.1166975095789017,-0.151922480334899,,,,,,,,,,0.2160410574750194,,,n/a (noise doesn't move it),beyond 25%,beyond 25%,progressive,progressive,beyond 25%,beyond 25%,beyond 25%,beyond 25%,,beyond 25%,beyond 25%
2415,01091,AL,0,no residential sales in 2024,,,,,,,,,,,,,,,,,,,,,,,,,,,,,,,,,,,,,
2416,55085,WI,0,no residential sales in 2024,,,,,,,,,,,,,,,,,,,,,,,,,,,,,,,,,,,,,
2417,45025,SC,568,ok,acceptable (VEI within +/-10),0.512,70.25560872942701,1.46086967100089,-0.0486441029910232,5.751307354925775,0.7671206202333297,0.1073851890188293,0.6721336818986579,-0.3278275320372011,-4.1822734113189684e-07,-0.1343838011288796,-0.2041588550176756,,,,,,,,,,0.2004123458041158,,,n/a (noise doesn't move it),beyond 25%,beyond 25%,beyond 25%,progressive,beyond 25%,beyond 25%,beyond 25%,beyond 25%,,beyond 25%,beyond 25%
2418,54061,WV,1117,ok,acceptable (VEI within +/-10),0.6958333333333333,19.63133593041285,1.0586256007965362,-0.0098349224528625,-1.5390139261706448,0.9188933953343192,0.4796838222884402,0.9146566611102706,-0.0853391171229852,-5.206738024566787e-08,-0.0310162189423384,-0.041566917340279,,0.2159953781139858,0.2272070092930772,0.1112509563930266,0.0606645035539793,0.2058895696094467,,0.1911416504824823,0.1911366684387797,0.1331505945322283,0.2053567857494437,0.2418717823805587,n/a (noise doesn't move it),,,,,,beyond 25%,,,,,
2419,28085,MS,167,ok,UNACCEPTABLE progressivity,0.5073956187979779,44.36540062239323,1.21285764436211,0.072939203817271,47.392421919616254,0.6822873352208902,0.0914655092913847,0.7154352376360206,-0.284294257856027,-1.934788431907296e-07,-0.1351640944365453,-0.1754163762580378,,,,,,,,,,0.1541058639920805,,,n/a (noise doesn't move it),beyond 25%,beyond 25%,progressive,progressive,beyond 25%,beyond 25%,beyond 25%,beyond 25%,,beyond 25%,beyond 25%
2420,21231,KY,323,ok,acceptable (confidence intervals overlap),0.7058823529411765,49.23140620136728,1.2489834788688772,-0.0824430868225438,-24.289591315453382,0.8143724444641494,0.4706616464110607,0.6780579919941396,-0.3219306451390816,-9.920973962840996e-07,-0.0891609480503901,-0.0968844102874961,,,,,,,,,,,,,n/a (noise doesn't move it),beyond 25%,beyond 25%,beyond 25%,beyond 25%,beyond 25%,beyond 25%,beyond 25%,beyond 25%,beyond 25%,beyond 25%,beyond 25%
2421,05131,AR,0,no residential sales in 2024,,,,,,,,,,,,,,,,,,,,,,,,,,,,,,,,,,,,,
2422,01117,AL,3571,ok,acceptable (VEI within +/-10),0.9268041237113402,12.141584863347273,1.01117753777076,-0.0040122338542173,-1.2676824984313255,0.9692100870089884,1.0100259293051783,0.9625003850402888,-0.0374991200753763,-1.9573118750825367e-08,-0.0097195863965384,-0.0093510317831304,,0.1474995328568981,0.1043806136065617,0.0785648237218393,0.076845885979495,0.1010605411719865,0.0872764534454977,0.1154521280834391,0.1154516871864899,0.1054412378689703,0.1004863561406615,0.100921105134528,n/a (noise doesn't move it),,,,,,,,,,,
2423,12087,FL,1783,ok,acceptable (VEI within +/-10),0.8290589595375722,12.706939689704036,1.0518842950897196,-0.0191437360889198,-3.782888791452367,0.9288185457732616,0.5608754745050161,0.943876459678756,-0.0561233423175164,-6.218251463669582e-09,-0.0321158096867151,-0.0411228658927602,,0.1526744000018764,0.2282238102940941,0.1682657640832614,0.1719186251328615,0.2161635250989162,,0.171183607883278,0.1711833290313696,0.1318847859549491,0.2118168413473756,0.237383952593744,n/a (noise doesn't move it),,,,,,progressive,,,,,
2424,47091,TN,0,no residential sales in 2024,,,,,,,,,,,,,,,,,,,,,,,,,,,,,,,,,,,,,
2425,01049,,0,no residential sales in 2024,,,,,,,,,,,,,,,,,,,,,,,,,,,,,,,,,,,,,
2426,38105,ND,489,ok,acceptable (VEI within +/-10),0.8377666666666667,15.821754124637902,1.0242387806310236,-0.0088365584443468,-2.1906456426243133,0.8994436656207404,0.6953853077446688,0.9082990000740864,-0.0916984420619221,-2.762618280401792e-07,-0.0247785011952832,-0.0287066550424075,,0.1852901393735133,0.1470692572108456,0.0571164190619363,0.070992169659398,0.1409543030860056,,0.1629692980461816,0.1629685094626287,0.1277428689105904,0.1460174664567695,0.1428859588397482,n/a (noise doesn't move it),,,,,,beyond 25%,,,,,
2427,05105,AR,0,no residential sales in 2024,,,,,,,,,,,,,,,,,,,,,,,,,,,,,,,,,,,,,
2428,41047,OR,3010,ok,acceptable (VEI within +/-10),0.9728975022502252,11.343826262129364,1.0040073935952487,0.0440413504595093,6.429208056998275,0.9940578545447798,0.9393168647938952,0.9780404728992468,-0.0219594470044076,-1.1313309705964764e-08,-0.0012368476530373,-0.0019894326742926,,0.134230220434318,0.0690518640164087,,,0.0361578073968707,0.0929161568465531,0.0540279773181557,0.0540279042296068,0.0644215723030212,0.0354827278308456,0.0415958190858819,n/a (noise doesn't move it),,,progressive,progressive,,,,,,,
2429,20197,KS,74,skipped (fewer than 100 sales),,,,,,,,,,,,,,,,,,,,,,,,,,,,,,,,,,,,,
2430,32005,NV,0,no residential sales in 2024,,,,,,,,,,,,,,,,,,,,,,,,,,,,,,,,,,,,,
2431,48039,,0,no residential sales in 2024,,,,,,,,,,,,,,,,,,,,,,,,,,,,,,,,,,,,,
2432,16051,ID,186,ok,UNACCEPTABLE progressivity,0.7990003232501512,32.33979768084778,1.121970200422245,0.1095612126555374,36.22695371793851,0.6848404573112452,0.1024949880238266,0.6084300739211015,-0.3915662196528353,-1.6708071699527797e-07,-0.0976613147031395,-0.1192433742698413,,,,,,,,,,0.1553672035509582,,,n/a (noise doesn't move it),beyond 25%,beyond 25%,progressive,progressive,beyond 25%,beyond 25%,beyond 25%,beyond 25%,,beyond 25%,beyond 25%
2433,54019,WV,260,ok,UNACCEPTABLE regressivity,0.6151538106844081,53.47201853431685,2.6627266208994533,-0.189274037255997,-80.40962252879929,0.5166518949307352,0.0281973914365197,0.5305043899067886,-0.46948537559344,-8.41058807229547e-08,-0.3570757160460576,-0.5334582393281673,,,,,,,,,,0.1086848717100519,,,n/a (noise doesn't move it),beyond 25%,beyond 25%,beyond 25%,beyond 25%,beyond 25%,beyond 25%,beyond 25%,beyond 25%,,beyond 25%,beyond 25%
2434,36035,NY,752,ok,UNACCEPTABLE regressivity,0.8421328984156571,38.1289261342203,1.166301891515507,-0.1937782080250304,-64.76987939885419,0.7655655773682805,0.6048104712166513,0.659735911827741,-0.3402652099037384,-1.1618481477958407e-06,-0.086940348172481,-0.083234602919068,,,,,,,,,,,,,n/a (noise doesn't move it),beyond 25%,beyond 25%,beyond 25%,beyond 25%,beyond 25%,beyond 25%,beyond 25%,beyond 25%,beyond 25%,beyond 25%,beyond 25%
2435,29183,,0,no residential sales in 2024,,,,,,,,,,,,,,,,,,,,,,,,,,,,,,,,,,,,,
2436,29031,MO,823,ok,acceptable (VEI significance <= 10),0.5108120700523474,30.213421615461524,1.1227956527299832,0.0344639946465221,22.02844500464258,0.7788606003887114,0.1462892688757212,0.7546527306907136,-0.2453429295687313,-1.3634587508173317e-07,-0.0829993582551682,-0.1119763845635584,,,,,,,,,,0.0816493680559027,,,n/a (noise doesn't move it),beyond 25%,beyond 25%,progressive,progressive,beyond 25%,beyond 25%,beyond 25%,beyond 25%,,beyond 25%,beyond 25%
2437,19043,IA,0,no residential sales in 2024,,,,,,,,,,,,,,,,,,,,,,,,,,,,,,,,,,,,,
2438,48147,TX,436,ok,UNACCEPTABLE progressivity,0.8758047781487623,30.866133058685634,1.0892939006599374,0.0782226367578628,33.70564663439695,0.7852361696565736,0.2405744885904864,0.7551576077621146,-0.2448371905933466,-2.4126736387113273e-07,-0.0707073995955265,-0.0912140261020051,,,,,,,,,,0.1698770002798441,,,n/a (noise doesn't move it),beyond 25%,beyond 25%,progressive,progressive,beyond 25%,beyond 25%,beyond 25%,beyond 25%,,beyond 25%,beyond 25%
2439,19173,IA,0,no residential sales in 2024,,,,,,,,,,,,,,,,,,,,,,,,,,,,,,,,,,,,,
2440,05059,AR,0,no residential sales in 2024,,,,,,,,,,,,,,,,,,,,,,,,,,,,,,,,,,,,,
2441,01099,AL,214,ok,acceptable (confidence intervals overlap),0.9000763004728992,32.85039111127852,1.174718416398802,-0.0394934883512796,-12.16835125402296,0.7173661923429293,0.3079327063687394,0.75177733465713,-0.2482190652695641,-6.166558633113337e-07,-0.1142170715894266,-0.1385591657547662,,,,0.2378982855053459,0.1920958699257537,,,,,0.1976241522598877,,,n/a (noise doesn't move it),beyond 25%,beyond 25%,,,beyond 25%,beyond 25%,beyond 25%,beyond 25%,,beyond 25%,beyond 25%
2442,29510,MO,0,no residential sales in 2024,,,,,,,,,,,,,,,,,,,,,,,,,,,,,,,,,,,,,
2443,48427,TX,106,ok,acceptable (confidence intervals overlap),0.7605336603214239,34.76353369433243,1.1082651190813697,-0.0514926960033621,-29.466970652395332,0.7339656471499321,0.5042735441473043,0.7603509812242545,-0.2396479127214547,-1.4781711044693815e-06,-0.0826531105751504,-0.093008178159154,,,,0.2393388386262591,,,,,,0.2403271558968942,,,n/a (noise doesn't move it),beyond 25%,beyond 25%,,beyond 25%,beyond 25%,beyond 25%,beyond 25%,beyond 25%,,beyond 25%,beyond 25%
2444,51800,VA,0,no residential sales in 2024,,,,,,,,,,,,,,,,,,,,,,,,,,,,,,,,,,,,,
2445,05129,AR,0,no residential sales in 2024,,,,,,,,,,,,,,,,,,,,,,,,,,,,,,,,,,,,,
2446,22051,LA,4350,ok,acceptable (VEI within +/-10),0.72,28.25615872015708,2.4636057531932076,-0.0550161750290492,-7.571354749460715,0.420506975999971,5.8076656743392387e-05,0.472259108053499,-0.52773824269524,-1.701862402225636e-08,-0.4134904553299201,-0.5899664251563188,,,,0.2352572178153445,0.1479323635911487,,,,,0.050720908582593,,,n/a (noise doesn't move it),beyond 25%,beyond 25%,,,beyond 25%,beyond 25%,beyond 25%,beyond 25%,,beyond 25%,beyond 25%
2447,19029,IA,0,no residential sales in 2024,,,,,,,,,,,,,,,,,,,,,,,,,,,,,,,,,,,,,
2448,17067,IL,0,no residential sales in 2024,,,,,,,,,,,,,,,,,,,,,,,,,,,,,,,,,,,,,
2449,19139,IA,0,no residential sales in 2024,,,,,,,,,,,,,,,,,,,,,,,,,,,,,,,,,,,,,
2450,42121,PA,0,no residential sales in 2024,,,,,,,,,,,,,,,,,,,,,,,,,,,,,,,,,,,,,
2451,29225,MO,0,no residential sales in 2024,,,,,,,,,,,,,,,,,,,,,,,,,,,,,,,,,,,,,
2452,08095,CO,58,skipped (fewer than 100 sales),,,,,,,,,,,,,,,,,,,,,,,,,,,,,,,,,,,,,
2453,01001,AL,697,ok,acceptable (VEI within +/-10),0.9438886472379296,9.793325323712722,0.988914871216804,0.0023738010155723,-3.547104504453858,1.020872521209116,0.9967237048201082,0.9820662984833508,-0.0179335994170889,1.0498544031662555e-09,0.0086009107312561,0.0119031913363478,,0.1202348735192609,0.0833131931101844,,0.1488017055269077,0.1995978218372758,0.034350504443447,0.0805957347274474,0.0805962731900063,0.0705368788413218,0.208723492493517,0.0961642651357606,n/a (noise doesn't move it),,,progressive,,,,,,,,
2454,55131,WI,1652,ok,acceptable (VEI within +/-10),0.9402780988184748,9.75569130378414,1.005599345922641,-1.144711836649308e-05,-0.8661637997380539,0.976614472867658,0.9122647609581812,0.9598175216228207,-0.0401823905203148,-7.665927961391102e-08,-0.0052688169338386,-0.0048763463478878,,0.120114487270736,0.0711769618082215,0.000420217816989,0.0375613212512666,0.0631000049095365,0.1132792174585521,0.0885211741228424,0.0885211940407112,0.0693070200371187,0.0624343058052918,0.0595261498094415,n/a (noise doesn't move it),,,,,,,,,,,
2455,02130,AK,87,skipped (fewer than 100 sales),,,,,,,,,,,,,,,,,,,,,,,,,,,,,,,,,,,,,
2456,37075,NC,146,ok,acceptable (VEI significance <= 10),0.6883867243867243,41.632100649935154,1.2026259212810495,-0.1586400181991014,-25.537944024398332,0.8161380368441273,0.54582381476025,0.697238843412064,-0.3027611147020038,-4.4414567866299684e-07,-0.0788072357513656,-0.0767302495201101,,,,,,,,,,,,,n/a (noise doesn't move it),beyond 25%,beyond 25%,beyond 25%,beyond 25%,beyond 25%,beyond 25%,beyond 25%,beyond 25%,beyond 25%,beyond 25%,beyond 25%
2457,53041,WA,1065,ok,acceptable (VEI within +/-10),0.8671900204323045,19.101747017137175,1.0250356513405596,0.0156364452111759,4.1019185799319615,0.9003525004743431,0.6952059825162596,0.9352031170950303,-0.0647954786403191,-1.863760506312215e-07,-0.0253997104518604,-0.0275923877462225,,0.2083059394735976,0.1491206037742466,,,0.15075719294464,,0.1427354258567814,0.1427361631506918,0.1298012068374667,0.1425503013125004,0.142719761427832,n/a (noise doesn't move it),,,progressive,progressive,,beyond 25%,,,,,
2458,35047,,0,no residential sales in 2024,,,,,,,,,,,,,,,,,,,,,,,,,,,,,,,,,,,,,
2459,01077,AL,1669,ok,acceptable (VEI within +/-10),0.9329302325581396,23.75555469572284,1.083297481725756,0.021227884510061,-4.040154279952796,0.8954079186056161,0.5035041924649553,0.910087354254654,-0.089911828241506,-3.3792653824562284e-08,-0.0462779428486137,-0.0675159656668968,,0.2472290698981213,,,0.1289334458191695,,,0.2065112531455046,0.2065006715953205,0.1902578194971177,,,n/a (noise doesn't move it),,beyond 25%,progressive,,beyond 25%,progressive,,,,beyond 25%,beyond 25%
2460,22045,LA,475,ok,acceptable (confidence intervals overlap),0.7582167832167832,28.550126695408796,1.0699948740575322,0.017615814745225,11.2151250545256,0.8595468569952823,0.5289296754871642,0.8460627583974386,-0.1539347901623591,-2.2759013623475865e-07,-0.0489101483659502,-0.0548762780312357,,,0.2281512124216513,,,,,0.2405531400456949,0.2405553482402769,0.1382371112627939,0.2269618705467465,,n/a (noise doesn't move it),beyond 25%,,progressive,progressive,beyond 25%,beyond 25%,,,,,beyond 25%
2461,35006,NM,55,skipped (fewer than 100 sales),,,,,,,,,,,,,,,,,,,,,,,,,,,,,,,,,,,,,
2462,48015,TX,329,ok,UNACCEPTABLE progressivity,0.7773108877400682,44.611027772402664,1.8104732132061288,0.1576810026373815,101.72624264267726,0.5814535350053754,0.0060891642078887,0.7148435896648908,-0.2851528036523512,-1.6921560202711097e-08,-0.2671610389442584,-0.4380336588109337,,,,,,,,,,0.0980203064129637,,,n/a (noise doesn't move it),beyond 25%,beyond 25%,progressive,progressive,beyond 25%,beyond 25%,beyond 25%,beyond 25%,,beyond 25%,beyond 25%
2463,21187,KY,246,ok,acceptable (confidence intervals overlap),0.648063492063492,60.30856441876263,1.354429337153153,-0.0489944241403389,-14.825442812945832,0.7449263993874196,0.4473370383588111,0.7467511401072954,-0.253199921510845,-5.839537183272849e-07,-0.1323408656055524,-0.1584605594819712,,,,,,,,,,,,,n/a (noise doesn't move it),beyond 25%,beyond 25%,beyond 25%,beyond 25%,beyond 25%,beyond 25%,beyond 25%,beyond 25%,beyond 25%,beyond 25%,beyond 25%
2464,29223,MO,85,skipped (fewer than 100 sales),,,,,,,,,,,,,,,,,,,,,,,,,,,,,,,,,,,,,
2465,24005,MD,10200,ok,acceptable (VEI within +/-10),0.7812850853054485,16.446244817476636,1.0213623755412895,-0.0084127956113503,-6.216161004547225,0.9430962233580704,0.7643658794000906,0.9244996685331456,-0.0754883853603706,-6.624446919597423e-08,-0.0171626468152665,-0.0151437578782231,,0.1905629714139178,0.14286504841847,0.0849222140471714,0.1162127156154046,0.1362809451808904,,0.1495677957589383,0.1495593109405479,0.1176937472078136,0.1346363528442813,0.1318554812378654,n/a (noise doesn't move it),,,,,,beyond 25%,,,,,
2466,49033,UT,78,skipped (fewer than 100 sales),,,,,,,,,,,,,,,,,,,,,,,,,,,,,,,,,,,,,
2467,40009,OK,277,ok,acceptable (VEI significance <= 10),0.8300425531914893,35.45036085563507,1.1135111238584638,-0.1108666481977632,-27.90089365613801,0.9220367397120546,1.0240274690202005,0.7585524514836128,-0.2414475396366124,-1.81531869044157e-07,-0.0358371840670486,-0.0138667848496634,,,,,,0.2363930406536742,0.1611557637895198,,,,0.2449857772196075,0.1139138255724643,n/a (noise doesn't move it),beyond 25%,beyond 25%,beyond 25%,beyond 25%,,,beyond 25%,beyond 25%,beyond 25%,,
2468,29097,,0,no residential sales in 2024,,,,,,,,,,,,,,,,,,,,,,,,,,,,,,,,,,,,,
2469,13033,GA,227,ok,acceptable (VEI within +/-10),0.8330041666666667,40.76891957877493,1.1355656064529729,-0.0421014854223578,1.5901281005997316,0.8653367377927548,0.6089321663350566,0.8179294481142769,-0.1820680979794002,-9.914073866170483e-07,-0.0552428959830806,-0.0724440458341957,,,,0.2024602912985338,0.2340378296275534,,,,,,,0.2464592969267174,n/a (noise doesn't move it),beyond 25%,beyond 25%,,,beyond 25%,beyond 25%,beyond 25%,beyond 25%,beyond 25%,beyond 25%,
2470,21193,KY,176,ok,acceptable (confidence intervals overlap),0.7631746031746032,49.20795468796358,1.2241199311033253,-0.0362395224226577,-12.731677151271946,0.8677013089686285,0.5764776681337132,0.8468456613803994,-0.1531317826254928,-1.4969534402328764e-06,-0.0704167558678154,-0.0896422851692966,,,,,0.2069649238683827,,,,,,,,n/a (noise doesn't move it),beyond 25%,beyond 25%,beyond 25%,,beyond 25%,beyond 25%,beyond 25%,beyond 25%,beyond 25%,beyond 25%,beyond 25%
2471,19193,IA,0,no residential sales in 2024,,,,,,,,,,,,,,,,,,,,,,,,,,,,,,,,,,,,,
2472,08023,CO,77,skipped (fewer than 100 sales),,,,,,,,,,,,,,,,,,,,,,,,,,,,,,,,,,,,,
2473,13279,GA,105,ok,UNACCEPTABLE progressivity,0.7975,32.78173438231248,1.239183543939367,0.0211447938602921,36.223076145211856,0.7915963400585916,0.1526801217367898,0.9112030401589886,-0.0887895935469219,-1.6662520376895013e-07,-0.1114666889591615,-0.1906363691355157,,,,,,,,,,0.1587743183963682,,,n/a (noise doesn't move it),beyond 25%,beyond 25%,beyond 25%,progressive,beyond 25%,beyond 25%,beyond 25%,beyond 25%,,beyond 25%,beyond 25%
2474,19025,IA,0,no residential sales in 2024,,,,,,,,,,,,,,,,,,,,,,,,,,,,,,,,,,,,,
2475,31003,NE,99,skipped (fewer than 100 sales),,,,,,,,,,,,,,,,,,,,,,,,,,,,,,,,,,,,,
2476,20133,,0,no residential sales in 2024,,,,,,,,,,,,,,,,,,,,,,,,,,,,,,,,,,,,,
2477,12045,FL,294,ok,acceptable (VEI within +/-10),0.8325334634711654,14.02098731877916,1.024420507380686,-0.0039859956704353,2.4997261284564005,0.955380345035929,0.7211238957875943,0.9716631834947024,-0.0283358019875984,-4.5142669970686026e-08,-0.0170500050590938,-0.0224583320742866,,0.1713576406921676,0.1774158526329874,0.0428521160941535,0.0709631291309587,0.1426032256092468,,0.1381460916951442,0.1381439805600924,0.1171455744027078,0.1375381010498771,0.1198047716066001,n/a (noise doesn't move it),,,,,,beyond 25%,,,,,
2478,42131,PA,0,no residential sales in 2024,,,,,,,,,,,,,,,,,,,,,,,,,,,,,,,,,,,,,
2479,51051,VA,118,ok,acceptable (confidence intervals overlap),0.7987032045522611,62.442079399715915,1.4047057880951612,-0.2045978407656047,-44.43435547720071,0.6588085605303693,0.4337119657906562,0.6650773835313061,-0.3349233185728292,-4.045870437352965e-06,-0.1578172094367989,-0.1896904450550014,,,,,,,,,,,,,n/a (noise doesn't move it),beyond 25%,beyond 25%,beyond 25%,beyond 25%,beyond 25%,beyond 25%,beyond 25%,beyond 25%,beyond 25%,beyond 25%,beyond 25%
2480,32027,NV,127,ok,acceptable (confidence intervals overlap),0.6512666666666667,47.1547882689401,1.2381457737560413,-0.0765591043356513,-12.509894334528678,0.6730193568059006,0.3406053506513859,0.6597332649767342,-0.3402613797593412,-1.503088568397911e-06,-0.1398340549205645,-0.174116663470017,,,,,0.1281328054267961,,,,,,,,n/a (noise doesn't move it),beyond 25%,beyond 25%,beyond 25%,,beyond 25%,beyond 25%,beyond 25%,beyond 25%,beyond 25%,beyond 25%,beyond 25%
2481,29069,MO,198,ok,acceptable (VEI within +/-10),0.4377274358612611,43.94280397439592,1.6704584182845956,-0.1410135780002532,-9.847421007547316,0.4808791767356355,0.04998195049762,0.5320819919840882,-0.4678393661042927,-2.707990690750341e-07,-0.2872981756147263,-0.3617367752699194,,,,,0.2369428920119669,,,,,0.0878126501790856,,,n/a (noise doesn't move it),beyond 25%,beyond 25%,beyond 25%,,beyond 25%,beyond 25%,beyond 25%,beyond 25%,,beyond 25%,beyond 25%
2482,21165,KY,62,skipped (fewer than 100 sales),,,,,,,,,,,,,,,,,,,,,,,,,,,,,,,,,,,,,
2483,56031,WY,58,skipped (fewer than 100 sales),,,,,,,,,,,,,,,,,,,,,,,,,,,,,,,,,,,,,
2484,28105,MS,272,ok,UNACCEPTABLE progressivity,0.5418377723970944,27.566390096676813,1.043203710448769,0.0878179883580352,29.380022187975356,0.8875554499683721,0.3563947192868441,0.8631512808373065,-0.1368455006985981,-1.159379189688859e-07,-0.0355173636496752,-0.0470101081861227,,,0.1931081246218251,,,0.2163007451528494,,0.2367330696119873,0.2367276712150041,0.1126454270659683,0.2087179281523678,0.225363111824802,n/a (noise doesn't move it),beyond 25%,,progressive,progressive,,beyond 25%,,,,,
2485,08113,CO,0,no residential sales in 2024,,,,,,,,,,,,,,,,,,,,,,,,,,,,,,,,,,,,,
2486,54109,WV,106,ok,UNACCEPTABLE regressivity,0.8205128205128205,82.70629199514734,2.1042448274879075,-0.3277664115994804,-102.45362903225806,0.4925729587469418,0.1581858190318194,0.4163765184788668,-0.5836173776886401,-4.529339643141553e-06,-0.2899356667262109,-0.3529338170703917,,,,,,,,,,,,,n/a (noise doesn't move it),beyond 25%,beyond 25%,beyond 25%,beyond 25%,beyond 25%,beyond 25%,beyond 25%,beyond 25%,beyond 25%,beyond 25%,beyond 25%
2487,45081,SC,186,ok,acceptable (confidence intervals overlap),0.5798079937304075,46.820137277548454,1.1580820353989132,-0.0713299387128659,-48.85368584436621,0.9405957265613092,0.5118161957715313,0.8453184556527676,-0.1546738088750615,-3.217461358275158e-07,-0.030362878838432,-0.0277502950453101,,,,,,,,,,0.2413030330044941,0.2401992130249687,0.1846705932890189,n/a (noise doesn't move it),beyond 25%,beyond 25%,beyond 25%,beyond 25%,beyond 25%,beyond 25%,beyond 25%,beyond 25%,,,
2488,35001,NM,5907,ok,UNACCEPTABLE progressivity,0.5893205235310498,23.04471316203007,1.0311458493592711,0.1137465893773282,29.61847704314769,0.9197297254316408,0.2951867541925796,0.9620082868197732,-0.0379891556209664,-7.0622981654256865e-09,-0.0223031145844183,-0.0279403178338779,,0.2435351614431757,0.1757190565064229,,,0.1624772255595424,,0.0997134917077785,0.0997110299825181,0.0532903635874885,0.1469991098542557,0.1777903982371515,n/a (noise doesn't move it),,,progressive,progressive,,beyond 25%,,,,,
2489,37019,NC,6973,ok,UNACCEPTABLE progressivity,0.7607098765432099,38.221975523388,1.0696216085243175,0.1192453615418303,41.2129075416832,0.9020880143339256,0.2668923656023589,0.8539891210423289,-0.1460065058859494,-4.065772481420875e-08,-0.038444971167618,-0.0671953118171031,,,0.2347799292375966,,,,,,,0.1342456670163898,0.2482850891383319,,n/a (noise doesn't move it),beyond 25%,,progressive,progressive,beyond 25%,beyond 25%,beyond 25%,beyond 25%,,,beyond 25%
2490,20175,,0,no residential sales in 2024,,,,,,,,,,,,,,,,,,,,,,,,,,,,,,,,,,,,,
2491,37179,NC,0,no residential sales in 2024,,,,,,,,,,,,,,,,,,,,,,,,,,,,,,,,,,,,,
2492,55115,WI,804,ok,acceptable (VEI within +/-10),0.8077414353008487,27.717481376039206,1.0665083428854845,0.0173164381588697,-1.0124933010316453,0.8445978485511959,0.4991520685764829,0.8901545681659355,-0.1098412275715798,-3.6287256482313026e-07,-0.0543709170649884,-0.0691244286403665,,,0.2381712586647842,,0.0455473893970023,,,0.2458185286573647,0.2458023197538391,0.1748239011155472,,,n/a (noise doesn't move it),beyond 25%,,progressive,,beyond 25%,beyond 25%,,,,beyond 25%,beyond 25%
2493,26111,MI,1153,ok,acceptable (VEI within +/-10),0.8473469387755102,17.578936953181366,1.0018018426761726,0.0205661960108847,5.569927002789307,1.015609692673934,0.9291947360422896,0.9746937513996946,-0.0253041701634323,-1.670991350696073e-08,0.0047696214694488,0.0116068923313087,,0.203377914563317,0.0748414043655216,,,,0.1902320796642278,0.1065961330469723,0.1065940471637701,0.0764780830260361,,,n/a (noise doesn't move it),,,progressive,progressive,progressive,,,,,progressive,progressive
2494,21137,KY,370,ok,acceptable (VEI within +/-10),0.6638584345479082,43.13247907948707,1.165944945738091,-0.012725378710293,5.938995611969711,0.7085304286964056,0.3690412667809422,0.7196013925660839,-0.2803895760640711,-7.346754597804619e-07,-0.1127993347298954,-0.130195654448084,,,,0.1948339958272619,,,,,,0.2234808414680653,,,n/a (noise doesn't move it),beyond 25%,beyond 25%,,progressive,beyond 25%,beyond 25%,beyond 25%,beyond 25%,,beyond 25%,beyond 25%
2495,20031,,0,no residential sales in 2024,,,,,,,,,,,,,,,,,,,,,,,,,,,,,,,,,,,,,
2496,55065,WI,221,ok,acceptable (VEI within +/-10),0.9411299435028248,22.944860961145327,1.0402564920007025,0.0055069883145845,1.2194357773888052,0.9124551432975117,0.8642922943497271,0.976638132325083,-0.0231912217577948,-3.74762378461145e-07,-0.0282915030940793,-0.0272014977310179,,,0.1988827712807525,0.0691592927180047,0.0986201396244629,0.1707821276719935,0.1896061342983157,0.1441810610236635,0.1447224780968255,0.21295440690526,0.1741996895081181,0.1878333490670255,n/a (noise doesn't move it),beyond 25%,,,,,,,,,,
2497,42077,PA,0,no residential sales in 2024,,,,,,,,,,,,,,,,,,,,,,,,,,,,,,,,,,,,,
2498,10005,DE,5348,ok,acceptable (VEI within +/-10),0.0973589093214965,35.44878747496986,1.2503008932027309,0.0348729538063616,-8.045831026584597,0.5688533120109142,0.0113172314931212,0.5747382945502802,-0.4252300109712821,-1.681978083419643e-08,-0.1781766954653523,-0.2259952350615102,,,,,0.1979196094882846,,,,,0.0122078787235239,,,n/a (noise doesn't move it),beyond 25%,beyond 25%,progressive,,beyond 25%,beyond 25%,beyond 25%,beyond 25%,,beyond 25%,beyond 25%
2499,13185,GA,1559,ok,acceptable (VEI significance <= 10),0.8583129770992366,16.958163665132126,1.0113725432591585,0.0288453027842151,15.240856887742895,0.9736818064278946,0.7585688357926264,0.9943171778598164,-0.0056803838959486,-5.7622649091628964e-08,-0.0084505884152279,-0.0126303190386865,,0.195708781892162,0.099802521330901,,,0.0957660049053443,,0.055946668774382,0.0559333697878463,0.0929816148655273,0.0943208399902954,0.1088592766062035,n/a (noise doesn't move it),,,progressive,progressive,,beyond 25%,,,,,
2500,51163,VA,317,ok,acceptable (VEI within +/-10),0.7963829787234042,22.31005455675606,1.0675482439163977,-0.0293787042784908,0.1540727098335326,0.8952061684972258,0.5348240324929955,0.8597004424103228,-0.1402986918302617,-2.0400676627391786e-07,-0.038393538854321,-0.047792765357234,,0.2359342143850066,0.2357013377204668,0.1642061452483648,0.0447400032323136,0.249912209319348,,,,0.152803601388473,0.2193941172831998,0.2272359331479118,n/a (noise doesn't move it),,,,,,beyond 25%,beyond 25%,beyond 25%,,,
2501,12037,FL,319,ok,acceptable (VEI within +/-10),0.7891212121212121,29.70498786427691,1.0307243594505164,0.0336753917305178,7.987791611289781,0.9780174541476724,0.7186575461541661,0.9888441988169012,-0.0111515992636595,-4.0106216039242346e-08,-0.0100655747721987,-0.0146184876491357,,,0.1570361094493824,,,0.1366468133152605,,0.1033008385157101,0.1030924211584974,0.1300868848584453,0.1295880446659101,0.1528850007101917,n/a (noise doesn't move it),beyond 25%,,progressive,progressive,,beyond 25%,,,,,
2502,51195,VA,0,no residential sales in 2024,,,,,,,,,,,,,,,,,,,,,,,,,,,,,,,,,,,,,
2503,13301,GA,42,skipped (fewer than 100 sales),,,,,,,,,,,,,,,,,,,,,,,,,,,,,,,,,,,,,
2504,12069,FL,11429,ok,acceptable (VEI within +/-10),0.7517173076923077,36.78709398146564,1.2748880771823556,0.0156869709360848,4.563476607287701,0.4404524351317231,0.0412943246272708,0.3510171339263274,-0.6489806099737845,-2.1331328250962385e-08,-0.2099931324118371,-0.2301844334731162,,,,,,,,,,0.1070176323491458,,,n/a (noise doesn't move it),beyond 25%,beyond 25%,progressive,progressive,beyond 25%,beyond 25%,beyond 25%,beyond 25%,,beyond 25%,beyond 25%
2505,51119,VA,223,ok,acceptable (VEI within +/-10),0.6948761347899677,24.071903468017457,1.0720913161966192,-0.0344986548231005,0.5992361186832446,0.8872481307770174,0.4641204927431713,0.8462065542236938,-0.1537920049626954,-1.856598263666351e-07,-0.0406814150411587,-0.0537337264807233,,,0.2280313398238958,0.2046913321966102,0.1516855652580966,0.2299737855095568,,,,0.1398152850362362,0.2248638788547336,0.2298238706634679,n/a (noise doesn't move it),beyond 25%,,,,,beyond 25%,beyond 25%,beyond 25%,,,
2506,18109,IN,985,ok,acceptable (VEI within +/-10),0.835632183908046,16.196408749258996,1.0299274338662874,-0.0046337469569002,2.0264099037138954,0.8975913765402584,0.6282544197661492,0.918484623814732,-0.0815133855428469,-1.8000195497690405e-07,-0.028354298550286,-0.0327275748621886,,0.1918961535524678,0.1766218613868068,0.0601474196302349,,0.1532257849683959,,0.1589946414709613,0.1589932949168326,0.1144592275647117,0.1489586115833496,0.1701225691761411,n/a (noise doesn't move it),,,,progressive,,beyond 25%,,,,,
2507,48397,,0,no residential sales in 2024,,,,,,,,,,,,,,,,,,,,,,,,,,,,,,,,,,,,,
2508,12133,FL,281,ok,acceptable (VEI within +/-10),0.7328880597014925,25.43702993106727,1.074175043532808,-0.0815038071403,-8.754227490577817,0.8351186414036869,0.5882090358105083,0.8078838880377157,-0.1921135803413378,-8.84821002392689e-07,-0.0491060700694332,-0.0482577129040469,,,0.2394167205290267,0.2363216765605066,0.1746207204798632,0.203216730154853,,,,0.1996574671816916,0.2104149602242318,0.2169392963448839,n/a (noise doesn't move it),beyond 25%,,,,,beyond 25%,beyond 25%,beyond 25%,,,
2509,40027,OK,3644,ok,acceptable (VEI within +/-10),0.9390652616279068,9.106788420355294,1.0095431155846804,-0.0006880363867406,-1.5981206210984225,0.9637078948538456,0.8410078875573324,0.9667668954862262,-0.0332326802077384,-7.505079554542407e-08,-0.009298443394456,-0.0104716215106479,,0.109039798481004,0.1010702262257585,0.0170511770309767,0.0677454485809381,0.0806367982438525,0.2346775787448241,0.0853984033916335,0.0853979663773282,0.0821714186302101,0.0794926948289091,0.0896686441596461,n/a (noise doesn't move it),,,,,,,,,,,
2510,01025,AL,307,ok,acceptable (VEI significance <= 10),0.9666666666666668,39.52610973227354,1.3179954696379867,-0.0431092809456475,-15.369246707118538,0.6901566092073712,0.2191198158557896,0.7841755723410541,-0.2158115839838043,-1.0681510261995114e-06,-0.1558854069407897,-0.2159621414786101,,,,,,,,,,0.2455736158954597,,,n/a (noise doesn't move it),beyond 25%,beyond 25%,beyond 25%,beyond 25%,beyond 25%,beyond 25%,beyond 25%,beyond 25%,,beyond 25%,beyond 25%
2511,40127,OK,87,skipped (fewer than 100 sales),,,,,,,,,,,,,,,,,,,,,,,,,,,,,,,,,,,,,
2512,54101,WV,42,skipped (fewer than 100 sales),,,,,,,,,,,,,,,,,,,,,,,,,,,,,,,,,,,,,
2513,27141,MN,0,no residential sales in 2024,,,,,,,,,,,,,,,,,,,,,,,,,,,,,,,,,,,,,
2514,27113,MN,158,ok,acceptable (VEI within +/-10),0.9610290769931212,18.17708797114517,1.050031712298741,-0.0376054309365808,-6.514334358446555,0.849391550903766,0.7145376201587567,0.8927286883117483,-0.1072666886900324,-6.88679659403687e-07,-0.0445346174016587,-0.0472174013966426,,0.2274228140071225,0.1991367945332343,0.1487410338294115,0.1074756366907789,0.1803514166583091,,0.190182131649014,0.1901803395851285,0.2176282587447,0.1815373252730429,0.1867231082456593,n/a (noise doesn't move it),,,,,,beyond 25%,,,,,
2515,27079,MN,370,ok,acceptable (VEI within +/-10),0.9095536696526796,10.696149302208498,1.0198195203272344,-0.010026702823556,-0.5625043623562211,0.9191767923051984,0.7780098064161474,0.9552468224521464,-0.0447519912369138,-1.6639105218861777e-07,-0.022708128726395,-0.0265457000815374,,0.1291102722016883,0.1482605510203439,0.0829408035160097,0.0392674795887753,0.1314079084715783,0.210217788654643,0.1202394504144045,0.1202373137376448,0.1214169147797162,0.1310460257562367,0.1365777827468753,n/a (noise doesn't move it),,,,,,,,,,,
2516,48309,,0,no residential sales in 2024,,,,,,,,,,,,,,,,,,,,,,,,,,,,,,,,,,,,,
2517,12011,FL,28383,ok,acceptable (VEI within +/-10),0.871325,11.682821971500312,1.0312704956325505,-0.0234646834880077,-7.670735608072434,0.9571673728129976,0.8318657411404496,0.9457143484886152,-0.0542853456457912,-5.080812396904629e-09,-0.0186413337330784,-0.0203541185658915,,0.1410046226868572,0.1645154877610425,0.1671713274109309,0.1703183040471058,0.1600749548293788,,0.1604040776762877,0.1604036229495696,0.1469895870485651,0.160344081180822,0.1663860455308707,n/a (noise doesn't move it),,,,,,progressive,,,,,
2518,19169,IA,0,no residential sales in 2024,,,,,,,,,,,,,,,,,,,,,,,,,,,,,,,,,,,,,
2519,27053,MN,15913,ok,acceptable (VEI within +/-10),0.924186046511628,10.0171387279523,1.0224302423779754,-0.0176736548106504,-4.096440980843467,0.9559004250263888,0.8534167724563003,0.9506112294244632,-0.0493884324927443,-4.141093618569038e-09,-0.0175378427113253,-0.0173995093061438,,0.1216862593533396,0.1400803916687872,0.1313930880114826,0.1208715465623893,0.142627168150623,,0.1311975239217823,0.1311970436877385,0.123905226754212,0.1422077470456419,0.1447933717042361,n/a (noise doesn't move it),,,,,,beyond 25%,,,,,
2520,20189,,0,no residential sales in 2024,,,,,,,,,,,,,,,,,,,,,,,,,,,,,,,,,,,,,
2521,39067,OH,0,no residential sales in 2024,,,,,,,,,,,,,,,,,,,,,,,,,,,,,,,,,,,,,
2522,36007,NY,2066,ok,UNACCEPTABLE regressivity,0.8110739393939393,37.39843726322255,1.3466494693142868,-0.241343890934578,-86.31107876425719,0.5084763906812019,0.187309376907317,0.4661544412502901,-0.5338404977163543,-2.257050042241301e-07,-0.210670984899693,-0.2387964658418033,,,,,,,,,,0.1730213303348265,,,n/a (noise doesn't move it),beyond 25%,beyond 25%,beyond 25%,beyond 25%,beyond 25%,beyond 25%,beyond 25%,beyond 25%,,beyond 25%,beyond 25%
2523,26095,,0,no residential sales in 2024,,,,,,,,,,,,,,,,,,,,,,,,,,,,,,,,,,,,,
2524,19179,IA,0,no residential sales in 2024,,,,,,,,,,,,,,,,,,,,,,,,,,,,,,,,,,,,,
2525,31127,NE,130,ok,acceptable (VEI within +/-10),0.7978036795596117,31.68184297644363,3.3658603746679376,-0.0701432292599833,-2.304698735859706,0.5218348164352099,0.0100916702059799,0.6893811973995674,-0.3106095170148766,-3.71207145742453e-08,-0.3910673202887769,-0.6722547224561752,,,,,0.1519430007397351,,,,,0.043177128877662,,,n/a (noise doesn't move it),beyond 25%,beyond 25%,beyond 25%,,beyond 25%,beyond 25%,beyond 25%,beyond 25%,,beyond 25%,beyond 25%
2526,19109,IA,0,no residential sales in 2024,,,,,,,,,,,,,,,,,,,,,,,,,,,,,,,,,,,,,
2527,29001,,0,no residential sales in 2024,,,,,,,,,,,,,,,,,,,,,,,,,,,,,,,,,,,,,
2528,20147,,0,no residential sales in 2024,,,,,,,,,,,,,,,,,,,,,,,,,,,,,,,,,,,,,
2529,18013,IN,246,ok,acceptable (VEI within +/-10),0.7514420641239054,28.413951280904435,1.0564367667505608,0.022575530006801,0.726340603773743,0.8271988844369228,0.6132408613128384,0.859879382912027,-0.1401121998629488,-3.2445548116574317e-07,-0.0517890914925833,-0.0537087579271589,,,0.2485635489761762,,0.0361979087753716,,,0.2439682747993201,0.2439701701038633,0.1768158426003147,0.2277433058592421,0.2270211195522319,n/a (noise doesn't move it),beyond 25%,,progressive,,beyond 25%,beyond 25%,,,,,
2530,30111,MT,1492,ok,acceptable (VEI within +/-10),0.821297508623771,18.19510280158092,1.0595589636717917,-0.0223504297399544,-7.107082503330359,0.7497255111527389,0.4659605561383918,0.8229567771766416,-0.1770418396610943,-5.1915094113329384e-08,-0.0662940905194251,-0.0712294183618291,,0.2033085011031637,0.2160078766730054,0.1382543526615879,0.1297665848362533,0.2212675796630762,,0.1964006894232491,0.1964001074537634,0.1173040052731859,0.225019825874302,0.2283682639522434,n/a (noise doesn't move it),,,,,,beyond 25%,,,,,
2531,24019,MD,750,ok,acceptable (confidence intervals overlap),0.7549009009009009,29.932611432168756,1.1487661864328371,-0.0027874159091292,-12.496492498710827,0.7137536712436948,0.2615112983908942,0.7265681092451179,-0.2734094132320025,-3.136741566976957e-07,-0.1086930794581562,-0.1361793875896146,,,,0.0978822264547118,0.2205032730868341,,,,,0.1787257510364539,,,n/a (noise doesn't move it),beyond 25%,beyond 25%,,,beyond 25%,beyond 25%,beyond 25%,beyond 25%,,beyond 25%,beyond 25%
2532,19157,IA,0,no residential sales in 2024,,,,,,,,,,,,,,,,,,,,,,,,,,,,,,,,,,,,,
2533,39043,OH,835,ok,acceptable (VEI within +/-10),0.9533015873015872,3.2401481485515036,1.0034150074122232,-0.0071528257614434,-1.8760879725580024,0.9945257183655164,0.9501149683464816,0.9875988741156956,-0.0124009864355604,-2.6660931260903817e-08,-0.0018291696091199,-0.0016115751323453,,0.0409085325620511,0.0599851875896038,0.1005096240206407,0.069887651151187,0.0542369779926413,0.0891574079193731,0.0665410569505099,0.0665408034580605,0.05882663357154,0.0542323622017092,0.052786277208428,n/a (noise doesn't move it),,,,,,,,,,,
2534,46019,SD,0,no residential sales in 2024,,,,,,,,,,,,,,,,,,,,,,,,,,,,,,,,,,,,,
2535,13031,,0,no residential sales in 2024,,,,,,,,,,,,,,,,,,,,,,,,,,,,,,,,,,,,,
2536,21149,KY,84,skipped (fewer than 100 sales),,,,,,,,,,,,,,,,,,,,,,,,,,,,,,,,,,,,,
2537,47081,TN,482,ok,acceptable (confidence intervals overlap),0.5495314762756623,41.562614986334246,1.151575315629727,-0.0373130671242587,-14.983553637806196,0.9160526876939918,0.4410655348951835,0.8905495782162259,-0.1094222323166247,-2.0051184005276506e-07,-0.0436377682438391,-0.0528651497767531,,,,,,,,,,0.189764066080499,,,n/a (noise doesn't move it),beyond 25%,beyond 25%,beyond 25%,beyond 25%,beyond 25%,beyond 25%,beyond 25%,beyond 25%,,beyond 25%,beyond 25%
2538,17131,IL,65,skipped (fewer than 100 sales),,,,,,,,,,,,,,,,,,,,,,,,,,,,,,,,,,,,,
2539,48009,TX,72,skipped (fewer than 100 sales),,,,,,,,,,,,,,,,,,,,,,,,,,,,,,,,,,,,,
2540,47051,TN,0,no residential sales in 2024,,,,,,,,,,,,,,,,,,,,,,,,,,,,,,,,,,,,,
2541,34039,NJ,4765,ok,UNACCEPTABLE progressivity,0.2868085106382979,72.47508444338828,1.0357883971791708,0.5162871480558796,164.2527650391152,0.9677890512336904,0.0480049359946238,0.9703460063791284,-0.0296398834527319,-6.011457936203448e-09,-0.0100711900639796,-0.0238620593903293,,,0.1766101642535155,,,0.1625482595885997,,0.159715540360128,0.1596684632360608,0.0340207885458027,0.135930515783235,0.1733026231399564,n/a (noise doesn't move it),beyond 25%,,progressive,progressive,,beyond 25%,,,,,
2542,48107,TX,43,skipped (fewer than 100 sales),,,,,,,,,,,,,,,,,,,,,,,,,,,,,,,,,,,,,
2543,05141,AR,0,no residential sales in 2024,,,,,,,,,,,,,,,,,,,,,,,,,,,,,,,,,,,,,
2544,49021,,0,no residential sales in 2024,,,,,,,,,,,,,,,,,,,,,,,,,,,,,,,,,,,,,
2545,53059,,0,no residential sales in 2024,,,,,,,,,,,,,,,,,,,,,,,,,,,,,,,,,,,,,
2546,47189,TN,2727,ok,UNACCEPTABLE progressivity,0.6561151079136691,16.92978615266268,1.0154259620000323,0.0681219130648802,28.02682357502875,0.917867773291556,0.4942403094534583,0.9834991190258078,-0.016498692167736,-8.033456076850488e-08,-0.0198518872292878,-0.0271087670563454,,0.1980109278535064,0.122695144840306,,,0.1349299300916676,,0.0631027630355327,0.0630969585331731,0.0757344180534342,0.130360515081801,0.1484728468735555,n/a (noise doesn't move it),,,progressive,progressive,,beyond 25%,,,,,
2547,36121,NY,218,ok,UNACCEPTABLE regressivity,0.95328081232493,36.74704221161244,1.1627566630130213,-0.1997302902806141,-50.141001935836165,0.7437860172914951,0.7498158842122757,0.6597492207903578,-0.3402520011474229,-1.8318681087936092e-06,-0.0913233921639959,-0.0852076552991085,,,,,,,,,,,,,n/a (noise doesn't move it),beyond 25%,beyond 25%,beyond 25%,beyond 25%,beyond 25%,beyond 25%,beyond 25%,beyond 25%,beyond 25%,beyond 25%,beyond 25%
2548,26115,MI,1740,ok,acceptable (VEI within +/-10),0.8720361057382334,15.578182792906706,1.010612472610435,0.0185272045905468,9.144335109065466,0.967587603040229,0.7768474986943448,0.9596942173648066,-0.0403031741355106,-8.468809605213513e-08,-0.0086191361263945,-0.0075244731234025,,0.1798189310653774,0.102447471837295,,,0.094842143500296,0.2421707570534205,0.1172370096893944,0.117233428675609,0.0928084444152973,0.0932010248810273,0.0878976163867231,n/a (noise doesn't move it),,,progressive,progressive,,,,,,,
2549,27041,MN,745,ok,acceptable (VEI within +/-10),0.8918,16.736476929758364,1.0006268767131703,0.0305034875548336,9.336448448963896,0.9927063650358472,0.8643718865175392,1.0233951013468137,0.0233980618174203,-2.182265404815561e-09,-0.0028442989621022,-0.0057976367669247,,0.1984876147158259,0.0329667647203408,,,0.0601553736513254,0.2369335255871523,,,0.0320995891973575,0.0584328026856755,0.0651565000456827,n/a (noise doesn't move it),,,progressive,progressive,,,progressive,progressive,,,
2550,39097,OH,0,no residential sales in 2024,,,,,,,,,,,,,,,,,,,,,,,,,,,,,,,,,,,,,
2551,38103,ND,48,skipped (fewer than 100 sales),,,,,,,,,,,,,,,,,,,,,,,,,,,,,,,,,,,,,
2552,18059,,0,no residential sales in 2024,,,,,,,,,,,,,,,,,,,,,,,,,,,,,,,,,,,,,
2553,48143,TX,343,ok,acceptable (confidence intervals overlap),0.8340135690294264,28.21923502648703,1.0804095057999126,0.0255435078862768,14.6059533245581,0.8003541951380044,0.5635965587581117,0.777915619411171,-0.2220833621037778,-2.2254791910597577e-07,-0.069057581936381,-0.0788387013174558,,,0.2203125708512795,,,,,,,0.1828460558064188,,,n/a (noise doesn't move it),beyond 25%,,progressive,progressive,beyond 25%,beyond 25%,beyond 25%,beyond 25%,,beyond 25%,beyond 25%
2554,42023,PA,0,no residential sales in 2024,,,,,,,,,,,,,,,,,,,,,,,,,,,,,,,,,,,,,
2555,26139,MI,3425,ok,acceptable (VEI within +/-10),0.8437687537507501,12.347569209761389,1.006066977967336,0.0213834820221754,7.640668284512655,0.980169036513742,0.801975985446236,0.9745902569484984,-0.0254089880833833,-3.6622844866481174e-08,-0.0050225723902612,-0.0057509585439281,,0.150567323428818,0.0743751882541089,,,0.0678763927876445,,0.0757676116753081,0.0757670082141511,0.0678853699166051,0.0660100730940736,0.0704598962845943,n/a (noise doesn't move it),,,progressive,progressive,,beyond 25%,,,,,
2556,21217,KY,411,ok,acceptable (VEI within +/-10),1.0,24.808718510638656,1.1342481620194866,-0.0149999612362947,0.0,0.7720326013633888,0.4146923164774586,0.8472755051797876,-0.1527116893113813,-5.129510111061818e-07,-0.0930013946828118,-0.1197930706741599,0.0,,,0.1920956405002166,0.0,,,,,0.22510603223664,,,,beyond 25%,beyond 25%,,,beyond 25%,beyond 25%,beyond 25%,beyond 25%,,beyond 25%,beyond 25%
2557,19051,IA,0,no residential sales in 2024,,,,,,,,,,,,,,,,,,,,,,,,,,,,,,,,,,,,,
2558,39035,OH,18440,ok,acceptable (VEI significance <= 10),0.8667911437353663,22.05837193008984,1.0478378292943027,-0.0243053813664255,-13.166212827787623,0.9397812892240432,0.9749210406103695,0.9158948614280732,-0.0841016631339125,-1.1877397455111009e-07,-0.0243343515994276,-0.0239496084233683,,0.2387724858566498,0.2016569220752417,0.1924287303361351,0.2343341207027839,0.1915770302925368,0.0826904440154967,0.2210965610326127,0.2210935679877573,0.2177624733147612,0.1901964628709103,0.1771794735033324,n/a (noise doesn't move it),,,,,,,,,,,
2559,36003,NY,378,ok,UNACCEPTABLE regressivity,0.7866566709677419,43.727652618867346,1.2206631259701644,-0.2054825332611262,-60.891174112688255,0.7400913223373247,0.5581027091020061,0.6790248751450372,-0.3209758914392779,-1.9268166816349496e-06,-0.1050582497407939,-0.1053462263434197,,,,,,,,,,,,,n/a (noise doesn't move it),beyond 25%,beyond 25%,beyond 25%,beyond 25%,beyond 25%,beyond 25%,beyond 25%,beyond 25%,beyond 25%,beyond 25%,beyond 25%
2560,38081,ND,53,skipped (fewer than 100 sales),,,,,,,,,,,,,,,,,,,,,,,,,,,,,,,,,,,,,
2561,19007,IA,0,no residential sales in 2024,,,,,,,,,,,,,,,,,,,,,,,,,,,,,,,,,,,,,
2562,41053,OR,798,ok,acceptable (VEI significance <= 10),0.9529093703148426,8.95935258570483,0.9962706929310394,0.0780615780815314,11.708020363968178,1.061772935680624,1.009784717589013,1.0448911064577358,0.0448912420990837,7.943720142263868e-08,0.0094892262211463,0.0091821474682305,,0.1120246625966371,,,,,,,,,,,n/a (noise doesn't move it),,progressive,progressive,progressive,progressive,progressive,progressive,progressive,progressive,progressive,progressive
2563,28111,MS,42,skipped (fewer than 100 sales),,,,,,,,,,,,,,,,,,,,,,,,,,,,,,,,,,,,,
2564,51037,,0,no residential sales in 2024,,,,,,,,,,,,,,,,,,,,,,,,,,,,,,,,,,,,,
2565,35005,NM,520,ok,acceptable (confidence intervals overlap),0.5756841752872635,33.22183720418202,1.7546642148561722,0.0108184750232288,21.22523397042859,0.5662032418062047,0.0347220318543954,0.61883363473626,-0.3811579422528198,-1.7508261867769218e-08,-0.2779603575921958,-0.4068107033237123,,,,,,,,,,0.0621197569836605,,,n/a (noise doesn't move it),beyond 25%,beyond 25%,progressive,progressive,beyond 25%,beyond 25%,beyond 25%,beyond 25%,,beyond 25%,beyond 25%
2566,47057,TN,0,no residential sales in 2024,,,,,,,,,,,,,,,,,,,,,,,,,,,,,,,,,,,,,
2567,55081,WI,640,ok,acceptable (VEI significance <= 10),0.9752530894202548,18.717375607710835,1.0317100423820813,-0.009261385328124,-10.85998454298639,0.8882488619845815,0.814817647799217,0.8762338440844053,-0.1237625511893871,-5.076613856794422e-07,-0.0290973253705555,-0.0294436552997505,,0.1997443440754537,0.1699554440989753,0.069239390449384,0.1917188826028004,0.177849927178617,0.2127549683861959,0.1885055039016405,0.1884991271128962,0.1704012612836282,0.1666090932204398,0.1741488862947899,n/a (noise doesn't move it),,,,,,,,,,,
2568,12023,FL,774,ok,acceptable (VEI within +/-10),0.7930513532575156,8.543263379925587,1.0090776251119744,-0.008287943342434,-2.9800211452449283,0.97923725011173,0.7655520345613553,0.9759585434110872,-0.024039676862892,-6.954397443154902e-08,-0.0066381407854678,-0.007704944721415,,0.104182821706166,0.0967388280321427,0.0837570551854933,0.0951197680993013,0.0904493037205389,,0.1036992875873047,0.1036969702650264,0.0754803769141131,0.090376548112755,0.0903152423894636,n/a (noise doesn't move it),,,,,,beyond 25%,,,,,
2569,28087,MS,395,ok,UNACCEPTABLE progressivity,0.5411345221756635,33.20632421789676,0.9529048683414452,0.1699390210379025,55.25903858721024,1.213226176931657,0.9766106995326572,1.075908419161352,0.0759187401195001,2.01042341296074e-07,0.0620098406394844,0.0761733285156784,,,,,,,0.1027043564103039,,,,,,n/a (noise doesn't move it),beyond 25%,progressive,progressive,progressive,progressive,,progressive,progressive,progressive,progressive,progressive
2570,55005,WI,939,ok,acceptable (confidence intervals overlap),0.921,21.604840053849426,1.0396651142406557,-0.0053701900935961,-12.568808724198442,0.9134128955338404,0.7576167395243854,0.9256676599651916,-0.0743309273961123,-2.5856381477221905e-07,-0.0290106265642839,-0.0325236294370927,,0.231639542218943,0.1737238263572251,0.081446110960879,0.2189242027862016,0.198944273490898,,0.1833619416072706,0.1833606430287898,0.1672956015364634,0.189825117384129,0.1929087015032861,n/a (noise doesn't move it),,,,,,beyond 25%,,,,,
2571,13017,GA,205,ok,acceptable (confidence intervals overlap),0.8273875,39.43931506861733,1.1631457756685502,-0.0352922306906932,-10.891474108625266,0.8203661588333481,0.6262237892817485,0.7443849158610198,-0.2556097969091351,-1.0328767302646656e-06,-0.0779746294099386,-0.0814478540147582,,,,,0.2152926559175748,,,,,,,,n/a (noise doesn't move it),beyond 25%,beyond 25%,beyond 25%,,beyond 25%,progressive,beyond 25%,beyond 25%,beyond 25%,beyond 25%,beyond 25%
2572,38025,ND,32,skipped (fewer than 100 sales),,,,,,,,,,,,,,,,,,,,,,,,,,,,,,,,,,,,,
2573,40107,OK,164,ok,UNACCEPTABLE regressivity,0.7489250000000001,91.03027949717143,1.9272290818383693,-0.2182998074060156,-94.40956445586578,0.4574634619451631,0.1189843336229327,0.4491228651474808,-0.55087486679007,-1.0934993495718106e-06,-0.3084932478374311,-0.368677228568337,,,,,,,,,,,,,n/a (noise doesn't move it),beyond 25%,beyond 25%,beyond 25%,beyond 25%,beyond 25%,beyond 25%,beyond 25%,beyond 25%,beyond 25%,beyond 25%,beyond 25%
2574,47125,TN,4251,ok,acceptable (VEI within +/-10),0.9825396825396824,6.757422287969541,1.0024268236843696,0.0081273880970252,1.2530822208995862,0.9883602791493524,0.8985996182103777,0.9841143269576682,-0.0158856162068101,-7.476841789928985e-10,-0.0030537705871753,-0.0037279493019,,0.0821356877950826,0.0449651155257718,,,0.046496533747569,0.1608287850606831,0.0516826236863554,0.051682576254307,0.0378494930816271,0.0463054805330192,0.0512836829684543,n/a (noise doesn't move it),,,progressive,progressive,,,,,,,
2575,36015,NY,1055,ok,UNACCEPTABLE regressivity,0.8916666666666667,28.550771519659406,1.1326255249058277,-0.1186251904523885,-50.41560829521203,0.84459940904894,0.7195496043991513,0.7270971079423457,-0.2729028284181107,-1.450717362591001e-07,-0.0666275626885777,-0.0682711338453629,,,,,,,0.2368003668835966,,,,,0.2395405727660502,n/a (noise doesn't move it),beyond 25%,beyond 25%,beyond 25%,beyond 25%,beyond 25%,,beyond 25%,beyond 25%,beyond 25%,beyond 25%,
2576,19131,IA,0,no residential sales in 2024,,,,,,,,,,,,,,,,,,,,,,,,,,,,,,,,,,,,,
2577,47015,TN,0,no residential sales in 2024,,,,,,,,,,,,,,,,,,,,,,,,,,,,,,,,,,,,,
2578,40149,OK,155,ok,UNACCEPTABLE regressivity,0.7537484662576687,47.84467242917751,1.734532182519415,-0.0792698824892953,-37.607937149644215,0.5120689597989442,0.0099501769821381,0.6462443510783318,-0.3536566128397599,-1.351955411166039e-07,-0.2913945249915606,-0.3910796982150444,,,,,,,,,,0.1136534328831985,,,n/a (noise doesn't move it),beyond 25%,beyond 25%,beyond 25%,beyond 25%,beyond 25%,beyond 25%,beyond 25%,beyond 25%,,beyond 25%,beyond 25%
2579,13035,GA,337,ok,acceptable (confidence intervals overlap),0.9613632,21.067764036879417,1.1049430787109324,-0.028935082120378,11.103067721551062,0.7633169707789275,0.3660378948516696,0.8277503923406098,-0.1722483913938341,-2.234871264735047e-07,-0.07976532659969,-0.1024847660852721,,0.22883968857513,,0.1529474306886099,,,,0.2326071897861407,0.2326067611194624,0.1470236521359008,,,n/a (noise doesn't move it),,beyond 25%,,progressive,beyond 25%,beyond 25%,,,,beyond 25%,beyond 25%
2580,51007,VA,171,ok,acceptable (VEI within +/-10),0.696923076923077,28.021800938825702,1.0509677783489062,0.0126132955827777,8.41304881039981,0.905529937618205,0.5408680352578734,0.7863660476166914,-0.2136320461457622,-4.098799575920058e-07,-0.0262136058823743,-0.0251052719031221,,,0.2397218501740988,,,0.1925415280982089,,,,0.1864119685673511,0.176069658429647,0.1580862836136815,n/a (noise doesn't move it),beyond 25%,,progressive,progressive,,beyond 25%,beyond 25%,beyond 25%,,,
2581,27021,MN,710,ok,acceptable (VEI within +/-10),0.9040302824509956,19.064838910007825,1.0389715561857895,-0.0050149767062678,3.0650622492386392,0.9497257092811212,0.7726350365706288,0.9549423062234288,-0.0450567679493854,-7.704817260414085e-08,-0.0217679022839973,-0.0289599120207522,,0.2116246440566552,0.1864289010706721,0.1233213537525867,,0.1938514198907985,,0.1886840982946508,0.1886864633928067,0.1632831405898185,0.1977625738236277,0.1934523696433496,n/a (noise doesn't move it),,,,progressive,,beyond 25%,,,,,
2582,17201,IL,3793,ok,acceptable (VEI significance <= 10),0.8269293680297398,17.07662580923698,1.004603168358062,0.0283789264842283,11.927357742740996,1.0058801006668314,0.8236718378199809,0.9851934062540174,-0.0148048489411309,-6.644709289789831e-08,0.0016841848255124,0.0024474186396364,,0.1963928849499434,0.0712355000708912,,,,0.2270766829499637,0.0754424648030899,0.0754392907340975,0.0596451731024501,,,n/a (noise doesn't move it),,,progressive,progressive,progressive,,,,,progressive,progressive
2583,37079,NC,158,ok,acceptable (VEI within +/-10),0.5685195243790896,41.36938876211677,1.170880447496223,-0.0299326727877556,3.34376977949592,0.6030866269190718,0.339913426486134,0.3527688830167514,-0.6472290925227142,-8.087363392609205e-07,-0.1309558448482994,-0.1397236506669017,,,,0.1742681943772095,0.2162437093934931,,,,,0.2196678720137236,,,n/a (noise doesn't move it),beyond 25%,beyond 25%,,,beyond 25%,progressive,beyond 25%,beyond 25%,,beyond 25%,beyond 25%
2584,17189,IL,162,ok,UNACCEPTABLE regressivity,0.8568513333333334,40.42138855240116,4.621174788758672,-0.121384684567321,-52.6079274446704,0.4280498608820327,0.002722593628038,0.5914014747299676,-0.408573006962076,-4.0761935302621725e-08,-0.4836686589169015,-0.7543104253443536,,,,,,,,,,0.024584390680158,,,n/a (noise doesn't move it),beyond 25%,beyond 25%,beyond 25%,beyond 25%,beyond 25%,beyond 25%,beyond 25%,beyond 25%,,beyond 25%,beyond 25%
2585,56007,WY,166,ok,acceptable (VEI within +/-10),0.8945113724947822,24.828072532187676,1.0380171949555972,0.039922145660915,-4.223910306751222,0.8484064137420813,0.7185456143585507,0.9447126076512256,-0.0552831699529572,-6.036833764683487e-07,-0.0416221906901421,-0.0475910618648045,,,0.2028119161708542,,0.145018087367575,0.2202800729417565,,0.126920328708125,0.1269140596292371,0.1951837924319843,0.2043864543695659,0.2167411144973833,n/a (noise doesn't move it),beyond 25%,,progressive,,,beyond 25%,,,,,
2586,29115,MO,136,ok,acceptable (confidence intervals overlap),0.3404039884532274,55.588948316883304,1.3576777784077514,-0.0079246837959095,17.149381982501378,0.5870165656601564,0.0574333950255745,0.4176318966415872,-0.58236121429713,-2.952911795940836e-07,-0.1943591034492284,-0.2521753894340666,,,,0.0694645925298904,,,,,,0.1251533390149191,,,n/a (noise doesn't move it),beyond 25%,beyond 25%,,progressive,beyond 25%,beyond 25%,beyond 25%,beyond 25%,,beyond 25%,beyond 25%
2587,19187,IA,0,no residential sales in 2024,,,,,,,,,,,,,,,,,,,,,,,,,,,,,,,,,,,,,
2588,18033,IN,662,ok,acceptable (VEI within +/-10),0.8366962174940898,20.447332219898303,1.0220792030532049,0.0252567787976164,2.844664227578046,0.9517414227416372,0.714553816874118,0.9395699374701536,-0.0604283978583743,-2.330697379301187e-07,-0.0137538373694592,-0.0177656949986504,,0.2258352675419979,0.1514857171821501,,,0.1297452850641545,,0.1657075976977103,0.1657044899926446,0.1245552079334706,0.1159781181430678,0.1453049319467592,n/a (noise doesn't move it),,,progressive,progressive,,beyond 25%,,,,,
2589,37153,NC,515,ok,acceptable (VEI significance <= 10),0.7843875,44.720723660858305,1.2766244876287247,-0.0634619447228716,16.36694434418774,0.7688794768350099,0.3416575374951844,0.7690668887803983,-0.2309260306169233,-5.713758240147081e-07,-0.1167226311221634,-0.1559632527762267,,,,,,,,,,0.2415497966765991,,,n/a (noise doesn't move it),beyond 25%,beyond 25%,beyond 25%,progressive,beyond 25%,progressive,beyond 25%,beyond 25%,,beyond 25%,beyond 25%
2590,17017,IL,150,ok,acceptable (VEI significance <= 10),0.8412295872444386,26.71713387505738,1.1042087653441517,-0.0916612826176616,-25.249855887160777,0.839779874759875,0.6242094437492922,0.7955170745190587,-0.2044792943200984,-1.443631993988082e-06,-0.0587890899149765,-0.0583740981126224,,,,,,0.2158766958005163,,,,0.2329452381155297,0.2104764310525801,0.2279605383929042,n/a (noise doesn't move it),beyond 25%,beyond 25%,beyond 25%,beyond 25%,,beyond 25%,beyond 25%,beyond 25%,,,
2591,21055,KY,174,ok,acceptable (confidence intervals overlap),0.5998800239952009,60.791123188001606,1.7320111038533,-0.0660859082286659,-29.366983333333344,0.5707760629424662,0.0671036554458617,0.6185986916451514,-0.3813487538883799,-5.918246427565044e-07,-0.2581050573637939,-0.3864139839683871,,,,,,,,,,0.2393342059331195,,,n/a (noise doesn't move it),beyond 25%,beyond 25%,beyond 25%,beyond 25%,beyond 25%,beyond 25%,beyond 25%,beyond 25%,,beyond 25%,beyond 25%
2592,17039,IL,125,ok,acceptable (VEI within +/-10),0.899203947368421,21.767505570890332,1.0591719580377943,-0.0427721536374768,-4.819704695603952,0.9229582931306182,0.7244756743451723,0.8900117453650854,-0.1099872996640157,-6.227940938464966e-07,-0.0288301485645952,-0.0330158621282108,,0.2309988511634624,0.224684904220423,0.2012520859765205,0.1428164399845858,0.2042853313834141,,0.2296949022388867,0.2296904297176031,0.1835356569146664,0.2000258674625616,0.1777254702370921,n/a (noise doesn't move it),,,,,,beyond 25%,,,,,
2593,37003,NC,0,no residential sales in 2024,,,,,,,,,,,,,,,,,,,,,,,,,,,,,,,,,,,,,
2594,29037,MO,1472,ok,acceptable (VEI significance <= 10),0.4871752413818568,35.72824702151683,11.105842731568584,-0.0006634124402652,26.518079566619537,0.1872343368021177,-5.170906660239748e-05,0.0824368729689019,-0.9175846641215092,-8.931898016011958e-10,-0.7502972347557306,-0.9086368502379268,,,,0.0737560726999787,,,,,,0.002858158246779,,,n/a (noise doesn't move it),beyond 25%,beyond 25%,,progressive,beyond 25%,beyond 25%,beyond 25%,beyond 25%,,beyond 25%,beyond 25%
2595,13001,GA,183,ok,acceptable (confidence intervals overlap),0.7599333333333333,41.111206170199864,1.2811299057308012,-0.0659685569065832,-19.096156050488087,0.7793799673358356,0.453567386113354,0.7779284936088844,-0.2220545182571793,-2.561036959159988e-07,-0.1160667927477205,-0.1229455483971257,,,,,,,,,,,,,n/a (noise doesn't move it),beyond 25%,beyond 25%,beyond 25%,beyond 25%,beyond 25%,progressive,beyond 25%,beyond 25%,beyond 25%,beyond 25%,beyond 25%
2596,45077,SC,1680,ok,acceptable (confidence intervals overlap),0.5601923076923077,45.600850083190416,1.171840346039924,0.0078178288795104,-22.22983949600598,0.82504344562492,0.4233040848720259,0.6876114656697306,-0.3123871765254683,-5.7630301686875574e-08,-0.0859087422401896,-0.0813301090966769,,,,,,,,,,0.2044578671229656,,,n/a (noise doesn't move it),beyond 25%,beyond 25%,progressive,beyond 25%,beyond 25%,beyond 25%,beyond 25%,beyond 25%,,beyond 25%,beyond 25%
2597,16061,ID,30,skipped (fewer than 100 sales),,,,,,,,,,,,,,,,,,,,,,,,,,,,,,,,,,,,,
2598,54073,,0,no residential sales in 2024,,,,,,,,,,,,,,,,,,,,,,,,,,,,,,,,,,,,,
2599,36079,,0,no residential sales in 2024,,,,,,,,,,,,,,,,,,,,,,,,,,,,,,,,,,,,,
2600,32510,,0,no residential sales in 2024,,,,,,,,,,,,,,,,,,,,,,,,,,,,,,,,,,,,,
2601,47113,TN,1629,ok,acceptable (VEI within +/-10),0.728225806451613,29.653816540038584,1.071834426925964,-0.0215285921055369,-3.5794457814031606,0.939740743549222,0.5972660847734488,0.8958294137322719,-0.1041546245374027,-3.5420831271141277e-07,-0.0233620367588567,-0.0263122008729952,,,0.2474700589206084,0.2257624062289727,0.1471733867289493,0.1785850416807286,,,,0.1993821469875962,0.1737987993223312,0.1683336976726167,n/a (noise doesn't move it),beyond 25%,,,,,beyond 25%,beyond 25%,beyond 25%,,,
2602,36053,NY,812,ok,UNACCEPTABLE regressivity,0.8258782525510204,30.81899140711407,1.1485250801781235,-0.1140747760680257,-38.11175863006893,0.8039948418139727,0.3518234698905857,0.7584190905541742,-0.2415690517290245,-3.931685336129744e-07,-0.0767835251869892,-0.0849028112244656,,,,,,,,,,0.2225008966698162,,,n/a (noise doesn't move it),beyond 25%,beyond 25%,beyond 25%,beyond 25%,beyond 25%,beyond 25%,beyond 25%,beyond 25%,,beyond 25%,beyond 25%
2603,38069,ND,37,skipped (fewer than 100 sales),,,,,,,,,,,,,,,,,,,,,,,,,,,,,,,,,,,,,
2604,46093,,0,no residential sales in 2024,,,,,,,,,,,,,,,,,,,,,,,,,,,,,,,,,,,,,
2605,21115,KY,240,ok,acceptable (VEI significance <= 10),0.9139872304633736,55.40252850874399,1.3341162650920737,-0.1737562218165114,-41.122495841548464,0.7148442617012531,0.5471786207011291,0.6752133064334784,-0.3247877093341695,-3.063056474470973e-06,-0.1235544299750182,-0.1357657915506318,,,,,,,,,,,,,n/a (noise doesn't move it),beyond 25%,beyond 25%,beyond 25%,beyond 25%,beyond 25%,beyond 25%,beyond 25%,beyond 25%,beyond 25%,beyond 25%,beyond 25%
2606,48493,TX,565,ok,UNACCEPTABLE progressivity,0.8332137139071385,36.72717336856894,0.9966513637981858,0.2380989263121544,98.3202163080899,1.025081029343874,0.566417149689639,1.1078150164011018,0.1078225888583371,1.973330556219582e-08,0.0070069193325879,-0.0036459207783769,,,,,,,,,,,,0.0658843478516184,n/a (noise doesn't move it),beyond 25%,progressive,progressive,progressive,progressive,beyond 25%,progressive,progressive,progressive,progressive,
2607,48233,TX,233,ok,acceptable (VEI within +/-10),0.7940430744686913,36.1250858525854,1.0893480767963677,-0.0127305086022152,0.9209715089164636,0.8653266857373951,0.6491699711364091,0.832357391153803,-0.1676297735792846,-1.0245709460941434e-06,-0.0482479089971428,-0.0538483784691314,,,,0.1513243841063096,0.0264856960552775,,,,,0.2487493189724077,,0.2470757977903152,n/a (noise doesn't move it),beyond 25%,beyond 25%,,,beyond 25%,beyond 25%,beyond 25%,beyond 25%,,beyond 25%,
2608,16083,ID,1130,ok,UNACCEPTABLE progressivity,0.766766428777875,30.785563637832116,1.0571928745036252,0.1784041930869863,43.47062530168027,0.722909324299795,0.4022802950204732,0.6279025561807887,-0.3720965411953003,-2.8956837386910593e-07,-0.0696296572600558,-0.0727022163289303,,,0.2212487341127312,,,,,,,0.1890184270116068,,0.2495365206442424,n/a (noise doesn't move it),beyond 25%,,progressive,progressive,beyond 25%,beyond 25%,beyond 25%,beyond 25%,,beyond 25%,
2609,47085,TN,0,no residential sales in 2024,,,,,,,,,,,,,,,,,,,,,,,,,,,,,,,,,,,,,
2610,16025,ID,14,skipped (fewer than 100 sales),,,,,,,,,,,,,,,,,,,,,,,,,,,,,,,,,,,,,
2611,36119,NY,6876,ok,UNACCEPTABLE progressivity,0.8182914517317612,24.65028578239066,1.0480565708738652,0.083959696412499,48.22939971277237,0.9271418002768748,0.4021202886630907,1.000421443789073,0.0004225085810228,-3.1487272271417295e-09,-0.030292505405463,-0.0496021295204061,,,0.2100936740141776,,,0.2200184614633686,,,,0.1072534588157021,0.2163622482253767,0.2452499470512936,n/a (noise doesn't move it),beyond 25%,,progressive,progressive,,beyond 25%,progressive,progressive,,,
2612,31067,NE,383,ok,acceptable (VEI within +/-10),0.7376358695652174,32.77463715392432,1.097125209210042,-0.0117542778317198,-3.624873879727431,0.8847087813235853,0.422157588526093,0.8940332693981502,-0.1059134112070485,-3.658331680969318e-07,-0.0468430290648018,-0.0615866581241091,,,,0.1911859453331562,0.2039139175514169,,,,,0.1702025803616762,,,n/a (noise doesn't move it),beyond 25%,beyond 25%,,,beyond 25%,beyond 25%,beyond 25%,beyond 25%,,beyond 25%,beyond 25%
2613,29035,MO,0,no residential sales in 2024,,,,,,,,,,,,,,,,,,,,,,,,,,,,,,,,,,,,,
2614,36091,NY,2500,ok,acceptable (VEI significance <= 10),0.8662282191082803,18.63603380455732,1.05950041330496,-0.0317874352406056,-13.602613306227369,0.8105283530500363,0.5344750743133375,0.8314261026477678,-0.1685727387261206,-2.424463420598606e-07,-0.0564758343301909,-0.0671438405471254,,0.2143791108604126,0.2245272567687843,0.1504173288117943,0.1998103893330182,0.2378192281359472,,0.2247738820765646,0.224773195200221,0.1595657058479533,0.2361555736400472,,n/a (noise doesn't move it),,,,,,beyond 25%,,,,,beyond 25%
2615,28067,,0,no residential sales in 2024,,,,,,,,,,,,,,,,,,,,,,,,,,,,,,,,,,,,,
2616,18009,IN,209,ok,UNACCEPTABLE regressivity,1.0579310344827586,79.55745701733485,1.9640089021573357,-0.4085581451974903,-165.5731685178156,0.5021091899169511,0.1795440159231277,0.4780634573780548,-0.5219371399648661,-2.038848234278175e-06,-0.2853811895879219,-0.3412900544458841,,,,,,,,,,,,,n/a (noise doesn't move it),beyond 25%,beyond 25%,beyond 25%,beyond 25%,beyond 25%,beyond 25%,beyond 25%,beyond 25%,beyond 25%,beyond 25%,beyond 25%
2617,54037,WV,1081,ok,UNACCEPTABLE regressivity,0.7222222222222222,33.71169474714299,1.3606298498188698,-0.0604102654983993,-67.14514266598292,0.4552312605192759,0.0654235676841742,0.504056921702828,-0.4959398096254369,-1.1871591209698489e-07,-0.2330803477205603,-0.2743430970284584,,,,,,,,,,0.0998726722284009,,,n/a (noise doesn't move it),beyond 25%,beyond 25%,beyond 25%,beyond 25%,beyond 25%,beyond 25%,beyond 25%,beyond 25%,,beyond 25%,beyond 25%
2618,40101,OK,896,ok,acceptable (VEI within +/-10),0.7307859838274933,41.49127207594185,1.14922102239717,-0.0321526885302719,-3.7666105069491422,0.8928765902732737,0.5665397303464346,0.7901535413572479,-0.2098400157786392,-1.7263733512520736e-07,-0.0507291550365776,-0.0609523655203472,,,,,0.1078586455758933,,,,,0.239963944570299,,,n/a (noise doesn't move it),beyond 25%,beyond 25%,beyond 25%,,beyond 25%,progressive,beyond 25%,beyond 25%,,beyond 25%,beyond 25%
2619,31087,NE,30,skipped (fewer than 100 sales),,,,,,,,,,,,,,,,,,,,,,,,,,,,,,,,,,,,,
2620,39121,OH,0,no residential sales in 2024,,,,,,,,,,,,,,,,,,,,,,,,,,,,,,,,,,,,,
2621,31001,NE,453,ok,acceptable (VEI within +/-10),0.7903866666666667,23.78634784170338,1.034407986494564,0.0010220760976996,1.9694491899794593,0.9355069969568124,0.7970991435142988,0.8796222432758073,-0.1203756045957664,-1.9215253288803105e-07,-0.0218898773603757,-0.0182287194525025,,0.2474060994347828,0.160479973657774,0.0350548078315327,,0.1623073501846804,0.2313767476814624,0.2474868595208545,0.2474949080553605,0.1684622960636775,0.1478575226805573,0.1299862637016388,n/a (noise doesn't move it),,,,progressive,,,,,,,
2622,45015,SC,5619,ok,acceptable (VEI within +/-10),0.9909402532207994,2.258852828677471,1.0009445710621276,-0.0006381483015763,-0.04678822555532,0.9972634295164402,0.9802601761192916,0.99744818068445,-0.0025518114669429,-3.129669245342008e-10,-0.0009341170670802,-0.0009366891235387,,0.0282049564972545,0.0251339852148324,0.0258748273176592,0.0040455733166853,0.0226480049162504,0.1400932212624362,0.0246328180843622,0.0246326082976078,0.0246043408548345,0.0226345412015066,0.0251637219294018,n/a (noise doesn't move it),,,,,,,,,,,
2623,13077,,0,no residential sales in 2024,,,,,,,,,,,,,,,,,,,,,,,,,,,,,,,,,,,,,
2624,20037,KS,384,ok,acceptable (confidence intervals overlap),0.6611968126760586,38.57429752740845,1.1817061523797503,-0.0330204195338596,10.17247897428697,0.6676527924234222,0.2384292857526959,0.5386166868404695,-0.4613800290437223,-7.768709751048825e-07,-0.1248533579172412,-0.158430029821043,,,,0.2345541640773601,,,,,,0.2337814512006953,,,n/a (noise doesn't move it),beyond 25%,beyond 25%,,progressive,beyond 25%,beyond 25%,beyond 25%,beyond 25%,,beyond 25%,beyond 25%
2625,53049,WA,937,ok,UNACCEPTABLE regressivity,1.0324324324324323,7878.412654131562,70.21467865959076,-40.1390423441242,-10378.082007553903,0.3750726985002402,0.3631691976957993,0.0677504583790914,-0.9322710923634854,-0.0002577073295493,-0.3329721970734602,-0.2965327405766473,,,,,,,,,,,,,n/a (noise doesn't move it),beyond 25%,beyond 25%,beyond 25%,beyond 25%,beyond 25%,beyond 25%,beyond 25%,beyond 25%,beyond 25%,beyond 25%,beyond 25%
2626,01015,,0,no residential sales in 2024,,,,,,,,,,,,,,,,,,,,,,,,,,,,,,,,,,,,,
2627,20017,KS,20,skipped (fewer than 100 sales),,,,,,,,,,,,,,,,,,,,,,,,,,,,,,,,,,,,,
2628,48073,TX,294,ok,acceptable (confidence intervals overlap),0.9103583142003984,30.87116867269962,1.0205719155779076,0.0753701808307539,16.16555009594474,0.9694998256246922,0.8353679519580401,1.0606197010678549,0.060630469530142,-1.10900545996548e-07,-0.0120053739709262,-0.0157826938284721,,,0.1511475549291379,,,0.1304953214881756,,,,0.1461368616726981,0.1436572312568089,0.1306745367308499,n/a (noise doesn't move it),beyond 25%,,progressive,progressive,,beyond 25%,progressive,progressive,,,
2629,18005,IN,1100,ok,acceptable (VEI within +/-10),0.8314071038251366,15.214973490967234,1.0545762013799675,-0.0221592237786456,-6.969767769368776,0.8699852866203548,0.478694678962586,0.9035211779073284,-0.0964778842671373,-4.611728818758584e-08,-0.0426119229744534,-0.0512001126489904,,0.179677814592706,0.2240264003622705,0.1173523379052352,0.1386382477258517,0.1914599049644039,,0.1639246510543582,0.1639237675361317,0.1051069886544194,0.1907311983290297,0.2355015528490622,n/a (noise doesn't move it),,,,,,beyond 25%,,,,,
2630,51185,VA,446,ok,UNACCEPTABLE regressivity,0.9198376207659178,35.40809655216239,1.2086939842168152,-0.1183463778442039,-34.34076942373721,0.7991365661130383,0.5158148168012341,0.7508027134803426,-0.2491984831745989,-8.348316181563326e-07,-0.0920924763954522,-0.106805381906228,,,,,,,,,,,,,n/a (noise doesn't move it),beyond 25%,beyond 25%,beyond 25%,beyond 25%,beyond 25%,beyond 25%,beyond 25%,beyond 25%,beyond 25%,beyond 25%,beyond 25%
2631,38009,ND,69,skipped (fewer than 100 sales),,,,,,,,,,,,,,,,,,,,,,,,,,,,,,,,,,,,,
2632,13211,GA,266,ok,acceptable (VEI within +/-10),0.7890587237711986,22.531967767154615,1.0992665814411,-0.0425562832968673,0.6924789803755869,0.8385600973328874,0.4172918882342881,0.8708783253702173,-0.1291200354841951,-1.405923997946708e-07,-0.0643705081631029,-0.0853095986993504,,0.2359583052827659,0.2479480838949168,0.2028671900866918,0.1396918397281568,,,0.2441405969491104,0.2441399894465569,0.1962571028135613,,,n/a (noise doesn't move it),,,,,beyond 25%,beyond 25%,,,,beyond 25%,beyond 25%
2633,39047,OH,388,ok,acceptable (VEI significance <= 10),0.8055541307931855,19.89880470195605,1.045410770761915,-0.0680380159711298,-13.772606360885064,0.904708719177177,0.7485146890294436,0.8372506870866312,-0.1627480796937393,-5.828308466288432e-07,-0.0276702128777235,-0.0217618054618669,,0.2120508169174946,0.2014389160168546,0.2045573020885952,0.2433487912346141,0.1634287928819417,,0.2166612275148531,0.2166593968066908,0.1769424853810621,0.1618842871203999,0.1600698999281594,n/a (noise doesn't move it),,,,,,beyond 25%,,,,,
2634,47033,TN,0,no residential sales in 2024,,,,,,,,,,,,,,,,,,,,,,,,,,,,,,,,,,,,,
2635,31035,NE,106,ok,acceptable (VEI significance <= 10),0.7618833333333334,41.60813154961104,1.1399721081603091,-0.045374937408148,-38.48227514935445,0.8976569009547246,0.7502456291043436,0.834201324288242,-0.1657741947816606,-9.227086856690774e-07,-0.0450756484876269,-0.0382347493376709,,,,,,,0.2159288335928976,,,,0.2024598337762125,0.2144403183758417,n/a (noise doesn't move it),beyond 25%,beyond 25%,beyond 25%,progressive,beyond 25%,,beyond 25%,beyond 25%,beyond 25%,,
2636,08055,CO,157,ok,UNACCEPTABLE progressivity,0.3915018867924528,50.642944860078465,1.480434685245935,0.0793826631542465,64.88602300671818,0.6178393453971963,0.0180030481823078,0.7366529133971276,-0.2633337407220152,-2.9058699494358672e-08,-0.2162938836248402,-0.3375816409381933,,,,,,,,,,0.0876794031107696,,,n/a (noise doesn't move it),beyond 25%,beyond 25%,progressive,progressive,beyond 25%,beyond 25%,beyond 25%,beyond 25%,,beyond 25%,beyond 25%
2637,31073,NE,30,skipped (fewer than 100 sales),,,,,,,,,,,,,,,,,,,,,,,,,,,,,,,,,,,,,
2638,02150,AK,69,skipped (fewer than 100 sales),,,,,,,,,,,,,,,,,,,,,,,,,,,,,,,,,,,,,
2639,16001,ID,6783,ok,UNACCEPTABLE progressivity,0.8021978021978022,30.12592671742396,1.0503712441341422,0.1825486318304687,65.34373689263003,0.7655451524640535,0.3617288117434781,0.753256815287134,-0.2467418488262561,-1.4085166735295106e-07,-0.0578816100661812,-0.0587159751937647,,,0.2068942568956924,,,,,,,0.1514322893602825,0.2380155501309638,0.2283048370647164,n/a (noise doesn't move it),beyond 25%,,progressive,progressive,beyond 25%,beyond 25%,beyond 25%,beyond 25%,,,
2640,23027,ME,0,no residential sales in 2024,,,,,,,,,,,,,,,,,,,,,,,,,,,,,,,,,,,,,
2641,36037,NY,569,ok,acceptable (VEI significance <= 10),0.8763440860215054,22.49446234086633,1.054153908334973,-0.0544365082328837,-17.041505112474443,0.8312464732048195,0.6904897964231522,0.8104533185736723,-0.1895449508906721,-7.780981532143139e-07,-0.0469434805707156,-0.0464854195851993,,0.2469495384770123,0.223323617934458,0.2104819199987954,0.2263727861343684,0.2254161410506873,,0.2444748372478973,0.2444736766453193,0.2070210780563503,0.2171712423858489,0.2147992085790395,n/a (noise doesn't move it),,,,,,beyond 25%,,,,,
2642,08057,CO,21,skipped (fewer than 100 sales),,,,,,,,,,,,,,,,,,,,,,,,,,,,,,,,,,,,,
2643,26125,MI,12576,ok,acceptable (VEI within +/-10),0.8470456410256411,13.160557889089482,1.0064359625972583,0.020563589147986,8.78312546690248,0.9829290285048226,0.8016758086480359,0.992782421419623,-0.0072168324569264,-2.1727606991629106e-08,-0.0056346109138036,-0.0073298968365438,,0.1560850971736931,0.0817814220097133,,,0.0823228561794303,,0.0533573994584231,0.0533548342849835,0.0661891912539771,0.0814198179285219,0.0908812486841963,n/a (noise doesn't move it),,,progressive,progressive,,beyond 25%,,,,,
2644,05091,AR,2,skipped (fewer than 100 sales),,,,,,,,,,,,,,,,,,,,,,,,,,,,,,,,,,,,,
2645,13295,GA,1044,ok,UNACCEPTABLE regressivity,0.8735630057803468,23.387956460887608,1.0738912631041075,-0.0435901843062296,-32.964208624948384,0.8599185082653394,0.6351810313699016,0.8757208275109805,-0.1242765606426066,-3.102887869380288e-07,-0.0492458542280975,-0.0526806976259799,,0.2471667762916432,0.2397530764309906,0.2011981945419155,,0.233938453166199,,0.2394910498158194,0.2394885574751587,0.1893666534400316,0.2321593665294233,0.235139501083766,n/a (noise doesn't move it),,,,beyond 25%,,beyond 25%,,,,,
2646,18043,IN,1136,ok,acceptable (VEI significance <= 10),0.7318298632584347,26.68669014255177,1.0404670036614294,0.0479470812207575,13.318535664295917,0.9304317647465674,0.4573967302030651,0.919704894012878,-0.0802924834326024,-1.6878609888590368e-07,-0.022433246047836,-0.0321908096531815,,,0.1926012700048946,,,0.1721663954290765,,0.1978130957646101,0.1978019826199706,0.1311139225673891,0.1590656525718584,0.185025662279884,n/a (noise doesn't move it),beyond 25%,,progressive,progressive,,beyond 25%,,,,,
2647,08041,CO,11095,ok,acceptable (VEI within +/-10),1.000562,7.442765360953527,1.0109507619563816,-0.0337414180674374,-5.872699839179895,0.9171276198965168,1.1510857285124574,0.91795546636092,-0.0820443574870533,-9.457791862092444e-09,-0.0189925211134274,-0.0192537432629513,0.1312650938561577,0.0915455677244531,0.1174371131425486,0.1160166236354775,0.116228086591098,0.1182342828146034,0.1261557804533181,0.1068462552476615,0.106846139523794,0.1179881442458714,0.1199486684315304,0.1122503044436546,,,,,,,,,,,,
2648,48405,TX,26,skipped (fewer than 100 sales),,,,,,,,,,,,,,,,,,,,,,,,,,,,,,,,,,,,,
2649,51187,VA,655,ok,acceptable (VEI significance <= 10),0.8275555555555556,17.209201992769273,0.99810231030762,0.0493198749373049,16.245729898808634,1.0159736059529287,0.802130168361588,1.043768458033225,0.0437764644331611,1.2635799373001328e-08,0.004389020147373,0.0037113001964494,,0.2047419875757671,,,,,,,,,,,n/a (noise doesn't move it),,progressive,progressive,progressive,progressive,beyond 25%,progressive,progressive,progressive,progressive,progressive
2650,48187,TX,4069,ok,UNACCEPTABLE progressivity,0.6146440663061161,64.81622432280972,16.2334591665913,0.2457702503172935,133.24928957585306,0.198245476901054,6.546503813321896e-05,0.2510317783200391,-0.7489631209157348,-6.302422840284727e-10,-0.7578000241884999,-0.9319135305593772,,,,,,,,,,0.013752467865144,,,n/a (noise doesn't move it),beyond 25%,beyond 25%,progressive,progressive,beyond 25%,beyond 25%,beyond 25%,beyond 25%,,beyond 25%,beyond 25%
2651,02090,AK,903,ok,acceptable (VEI within +/-10),0.8442626729881128,14.777519258625444,1.0147084140576814,0.0260523236599061,3.0902325036107934,0.8731570838715529,0.6760682924170649,0.96738303543704,-0.0326145979148724,-1.992089496996864e-07,-0.0270864508558574,-0.0307720580777013,,0.1765176066723533,0.1243389310256425,,,0.1379171321452653,,0.0934089596332712,0.0934042930212532,0.095638212344836,0.135115136267979,0.1381696789099883,n/a (noise doesn't move it),,,progressive,progressive,,beyond 25%,,,,,
2652,19089,IA,0,no residential sales in 2024,,,,,,,,,,,,,,,,,,,,,,,,,,,,,,,,,,,,,
2653,17045,,0,no residential sales in 2024,,,,,,,,,,,,,,,,,,,,,,,,,,,,,,,,,,,,,
2654,48007,TX,350,ok,acceptable (VEI significance <= 10),0.8976151128557988,29.39490286153771,1.0252366493490257,0.0539238863632897,21.42331800209453,0.9408783973190002,0.9062189422956652,0.9365048742853734,-0.0634941323063306,-1.1093898059035197e-07,-0.0203213579934395,-0.021850568806718,,,0.1588497632929841,,,0.1871882344497504,0.1812415329670694,0.201690409909018,0.2016882322429258,0.1817582422854227,0.1890969060622372,0.1531888420898626,n/a (noise doesn't move it),beyond 25%,,progressive,progressive,,,,,,,
2655,51135,VA,103,ok,acceptable (confidence intervals overlap),0.6520710059171597,44.04106316421721,1.1843207971080083,-0.0187787789980381,16.48732756821031,0.6484264653574167,0.4140231852767699,0.5026630873480441,-0.4973325316608347,-7.361735552474291e-07,-0.1304984564519291,-0.1357391181663345,,,,0.1455025586670924,,,,,,,,,n/a (noise doesn't move it),beyond 25%,beyond 25%,,progressive,beyond 25%,progressive,beyond 25%,beyond 25%,beyond 25%,beyond 25%,beyond 25%
2656,51113,VA,0,no residential sales in 2024,,,,,,,,,,,,,,,,,,,,,,,,,,,,,,,,,,,,,
2657,49035,,0,no residential sales in 2024,,,,,,,,,,,,,,,,,,,,,,,,,,,,,,,,,,,,,
2658,26023,MI,616,ok,acceptable (confidence intervals overlap),0.8323332955303535,31.8900498271493,1.1297058112691765,-0.0508529277044859,-21.17386281638279,0.8082789503444784,0.578101169122486,0.7936069406933242,-0.2063845109222249,-6.246067993320488e-07,-0.0767654110592812,-0.0866532585078463,,,,0.2421333294541355,,,,,,0.2487745948099385,,,n/a (noise doesn't move it),beyond 25%,beyond 25%,,beyond 25%,beyond 25%,beyond 25%,beyond 25%,beyond 25%,,beyond 25%,beyond 25%
2659,30001,MT,0,no residential sales in 2024,,,,,,,,,,,,,,,,,,,,,,,,,,,,,,,,,,,,,
2660,01021,AL,0,no residential sales in 2024,,,,,,,,,,,,,,,,,,,,,,,,,,,,,,,,,,,,,
2661,20019,,0,no residential sales in 2024,,,,,,,,,,,,,,,,,,,,,,,,,,,,,,,,,,,,,
2662,48175,TX,30,skipped (fewer than 100 sales),,,,,,,,,,,,,,,,,,,,,,,,,,,,,,,,,,,,,
2663,41033,OR,977,ok,acceptable (VEI within +/-10),0.9408387096774192,14.79432683178885,1.0080384813560583,0.0284716134216733,6.626382053553133,0.9748592795361204,0.9077483841800458,0.9476243248048402,-0.0523755586788542,-8.41070964718329e-08,-0.0057699406652382,-0.0050621144570066,,0.174760283058301,0.0813187285574624,,,0.0678713597423991,0.1303391686391762,0.1027621246827098,0.102762015252935,0.0877168495789491,0.0655731874707342,0.061380007265322,n/a (noise doesn't move it),,,progressive,progressive,,,,,,,
2664,12029,FL,267,ok,acceptable (VEI significance <= 10),0.6944444444444444,37.71454854250619,1.13433321784413,-0.1065307538677005,-36.05958620689657,0.8721174930026024,0.5862562019239659,0.7561871923702332,-0.2438105704830381,-1.0275221238398643e-06,-0.0499941886508763,-0.0423073520631858,,,,,,,,,,0.2271057675582867,,0.2120033961824105,n/a (noise doesn't move it),beyond 25%,beyond 25%,beyond 25%,beyond 25%,beyond 25%,beyond 25%,beyond 25%,beyond 25%,,beyond 25%,
2665,48297,TX,67,skipped (fewer than 100 sales),,,,,,,,,,,,,,,,,,,,,,,,,,,,,,,,,,,,,
2666,22053,LA,258,ok,acceptable (VEI significance <= 10),0.95,21.45840550403006,1.0805199972600306,-0.0622840083945542,-16.81400153102422,0.9051779069856376,0.7938448709763747,0.8519718509217449,-0.148028138855637,-9.805623342115566e-07,-0.0355242952720373,-0.037022198300961,,0.2403180242740124,0.2329821883437292,,,0.2295301484718944,,,,0.2313969036921792,0.2191819593624986,0.2042845946358832,n/a (noise doesn't move it),,,beyond 25%,beyond 25%,,beyond 25%,beyond 25%,beyond 25%,,,
2667,19117,IA,0,no residential sales in 2024,,,,,,,,,,,,,,,,,,,,,,,,,,,,,,,,,,,,,
2668,47137,TN,0,no residential sales in 2024,,,,,,,,,,,,,,,,,,,,,,,,,,,,,,,,,,,,,
2669,12105,,0,no residential sales in 2024,,,,,,,,,,,,,,,,,,,,,,,,,,,,,,,,,,,,,
2670,29147,,0,no residential sales in 2024,,,,,,,,,,,,,,,,,,,,,,,,,,,,,,,,,,,,,
2671,48339,TX,12788,ok,UNACCEPTABLE progressivity,0.7170537138348391,50.24065567775579,10.283978072267113,0.1382164599059152,93.68395894580554,0.349672256524933,7.541052491036313e-05,0.4145128501425917,-0.5854841749858815,-7.484463930005354e-10,-0.6048320400472167,-0.8983991123217685,,,,,,,,,,0.0402321803173901,,,n/a (noise doesn't move it),beyond 25%,beyond 25%,progressive,progressive,beyond 25%,beyond 25%,beyond 25%,beyond 25%,,beyond 25%,beyond 25%
2672,19123,IA,0,no residential sales in 2024,,,,,,,,,,,,,,,,,,,,,,,,,,,,,,,,,,,,,
2673,42055,PA,0,no residential sales in 2024,,,,,,,,,,,,,,,,,,,,,,,,,,,,,,,,,,,,,
2674,42079,PA,0,no residential sales in 2024,,,,,,,,,,,,,,,,,,,,,,,,,,,,,,,,,,,,,
2675,27043,MN,248,ok,acceptable (VEI significance <= 10),0.877531857813548,31.82123530868918,1.1816802394434325,-0.0344385147025253,-17.82535950363369,0.7571460670989291,0.4520509842361265,0.7639865173575563,-0.2359619114280956,-4.981550856489753e-07,-0.108005830714422,-0.1291799209694377,,,,,,,,,,,,,n/a (noise doesn't move it),beyond 25%,beyond 25%,beyond 25%,beyond 25%,beyond 25%,beyond 25%,beyond 25%,beyond 25%,beyond 25%,beyond 25%,beyond 25%
2676,18149,IN,282,ok,acceptable (confidence intervals overlap),0.753435394978567,22.448431438440668,1.0255363385503062,0.0001023799579362,15.16607722770284,0.9469517875065028,0.702749503212906,0.923385947035381,-0.0766124284538348,-2.151402848348335e-07,-0.0155834074404392,-0.01540796461635,,0.2406699505129489,0.1640769859234357,0.0069122938122949,,0.1549342624754838,,0.1808474385956335,0.1808457646491135,0.1488634109752416,0.1512216376988256,0.1422497378534572,n/a (noise doesn't move it),,,,progressive,,beyond 25%,,,,,
2677,47025,TN,0,no residential sales in 2024,,,,,,,,,,,,,,,,,,,,,,,,,,,,,,,,,,,,,
2678,34035,NJ,3524,ok,acceptable (VEI within +/-10),0.7962043978010994,13.008179815412191,1.0067484196439782,0.0129388525654521,1.7062897958050531,0.974788591800989,0.8276462760241491,0.9565688076632916,-0.0434307067401512,-1.9962435583421074e-08,-0.0071982512445198,-0.0052078065617631,,0.1559845011517582,0.0774386353622864,,,0.0807476812449258,0.2439198093871024,0.1064844409205862,0.1064839894658179,0.0733977126279366,0.0792284749341995,0.071608289680756,n/a (noise doesn't move it),,,progressive,progressive,,,,,,,
2679,13161,GA,124,ok,acceptable (confidence intervals overlap),0.9601985294117648,39.11896885028592,1.1952717150012917,-0.0527954505890922,-18.533099146023865,0.8227924551214592,0.4689979673939409,0.835745585450987,-0.1642572426260917,-7.161306353602505e-07,-0.0859788633791784,-0.1187840132468796,,,,,,,,,,,,,n/a (noise doesn't move it),beyond 25%,beyond 25%,beyond 25%,beyond 25%,beyond 25%,beyond 25%,beyond 25%,beyond 25%,beyond 25%,beyond 25%,beyond 25%
2680,42119,PA,0,no residential sales in 2024,,,,,,,,,,,,,,,,,,,,,,,,,,,,,,,,,,,,,
2681,29019,MO,0,no residential sales in 2024,,,,,,,,,,,,,,,,,,,,,,,,,,,,,,,,,,,,,
2682,31167,NE,74,skipped (fewer than 100 sales),,,,,,,,,,,,,,,,,,,,,,,,,,,,,,,,,,,,,
2683,17177,IL,587,ok,acceptable (VEI within +/-10),0.8020570264765784,21.670511036772076,1.0542247186610707,-0.0447853378990004,-8.93759290776096,0.8715240206492166,0.6908689590604667,0.8640691133813332,-0.1359265950859192,-7.168208134001112e-07,-0.0420420437599051,-0.0419874171064176,,0.2225435612023985,0.2117761656772913,0.2121108545779885,0.2148436054264987,0.210267338139397,,0.2301802877490267,0.2301728505020191,0.1739327868628475,0.2040379779313419,0.1859411775164315,n/a (noise doesn't move it),,,,,,beyond 25%,,,,,
2684,40105,OK,129,ok,UNACCEPTABLE regressivity,0.819496855345912,43.44304594215467,1.365740406247898,-0.1659865957076979,-47.66419411597112,0.6761115955147705,0.2507379845625926,0.6144141845823834,-0.3855823388204049,-7.431924088876893e-07,-0.1545393401289536,-0.1851121912990798,,,,,,,,,,,,,n/a (noise doesn't move it),beyond 25%,beyond 25%,beyond 25%,beyond 25%,beyond 25%,beyond 25%,beyond 25%,beyond 25%,beyond 25%,beyond 25%,beyond 25%
2685,55113,,0,no residential sales in 2024,,,,,,,,,,,,,,,,,,,,,,,,,,,,,,,,,,,,,
2686,21031,KY,188,ok,acceptable (VEI significance <= 10),0.6539393939393939,52.39176843610405,1.566708713215501,-0.1025053836607445,-38.63864945031717,0.5090347409035678,0.0333804322861004,0.5811224074376551,-0.4188694214289768,-4.001829204912984e-07,-0.2578656368410839,-0.3356283785850764,,,,,,,,,,0.1742954864089024,,,n/a (noise doesn't move it),beyond 25%,beyond 25%,beyond 25%,beyond 25%,beyond 25%,beyond 25%,beyond 25%,beyond 25%,,beyond 25%,beyond 25%
2687,47035,TN,1088,ok,acceptable (VEI significance <= 10),0.6759166666666667,20.657107967660565,0.9965038339887702,0.0484647328873774,22.55224628030513,1.0247321227889996,0.6717621691828056,1.0352798170006614,0.0352849812735845,2.1838047601385817e-08,0.0075573234537689,0.0070925452211684,,0.2234642458237845,,,,,,,,,,,n/a (noise doesn't move it),,progressive,progressive,progressive,progressive,beyond 25%,progressive,progressive,progressive,progressive,progressive
2688,51131,VA,188,ok,acceptable (confidence intervals overlap),0.9025262590896848,20.832766774663213,1.091455581233126,-0.0422035784875999,-16.88382480246596,0.9259044055237808,0.5417967809448021,0.9157920557791592,-0.0842079283950177,-8.337956354849629e-08,-0.0337322472108805,-0.0489539514227654,,0.2378741035928276,,,0.21518546961144,0.2241431283657026,,,,0.1637340876520971,0.2241817581331428,,n/a (noise doesn't move it),,beyond 25%,beyond 25%,,,progressive,beyond 25%,beyond 25%,,,beyond 25%
2689,48325,TX,837,ok,acceptable (confidence intervals overlap),0.6254461816595887,61.009901077861784,11.919975724955572,0.0913912339214654,43.22181783899722,0.2075197210720152,9.709953147390674e-05,0.208971192036358,-0.7910209132910879,-5.87715787781205e-10,-0.7367398331208308,-0.9108951572623414,,,,,,,,,,0.0154440695636663,,,n/a (noise doesn't move it),beyond 25%,beyond 25%,beyond 25%,progressive,beyond 25%,beyond 25%,beyond 25%,beyond 25%,,beyond 25%,beyond 25%
2690,21121,KY,264,ok,acceptable (VEI within +/-10),0.8296678321678321,90.42094068611271,2.7768547282647544,-0.1379526775390436,6.109005073296675,0.5323650130400118,0.0207219341560028,0.5388589646812639,-0.4611263295722566,-3.026234913300685e-07,-0.3345181187686183,-0.510963099173692,,,,,,,,,,0.1483712841956514,,,n/a (noise doesn't move it),beyond 25%,beyond 25%,beyond 25%,progressive,beyond 25%,beyond 25%,beyond 25%,beyond 25%,,beyond 25%,beyond 25%
2691,06019,,0,no residential sales in 2024,,,,,,,,,,,,,,,,,,,,,,,,,,,,,,,,,,,,,
2692,40123,OK,466,ok,acceptable (VEI within +/-10),0.9985422007941008,18.069754082070425,1.0201968739521052,0.0082119216236591,-0.2631023003244849,0.965222613179054,0.9857459431021935,0.9556216337854798,-0.0443716751341534,-1.646706503898956e-07,-0.0125804620025726,-0.0096832626856051,0.0569848361304304,0.2061862809940849,0.1511098320646066,,0.0127844706576393,0.1558984373494496,0.1170446794523752,0.1549137556139888,0.154859767355675,0.1273930637094226,0.1486148405717947,0.114015534987442,,,,progressive,,,,,,,,
2693,16003,ID,64,skipped (fewer than 100 sales),,,,,,,,,,,,,,,,,,,,,,,,,,,,,,,,,,,,,
2694,51103,VA,253,ok,acceptable (VEI within +/-10),0.8407843137254902,24.208974261618746,1.071373378493647,0.0074100607006114,-9.241085729455625,0.8930445139471148,0.6442459183800675,0.9798380208934856,-0.0201559121092686,-1.1674622270240329e-07,-0.0479977171806387,-0.0641632344661184,,0.2470338963489679,0.222506640270917,,0.2381499291053253,0.2378380826770549,,0.1751489874417562,0.1750796112180576,0.1938901926661613,0.2375267870547905,,n/a (noise doesn't move it),,,progressive,,,beyond 25%,,,,,beyond 25%
2695,47163,TN,0,no residential sales in 2024,,,,,,,,,,,,,,,,,,,,,,,,,,,,,,,,,,,,,
2696,55063,WI,1445,ok,acceptable (VEI within +/-10),0.92,13.364469201564605,1.0144247283948844,-0.0015554439603259,-0.9660743769164236,0.9465408318549494,0.829685769219402,0.9422738090296324,-0.0577258403004297,-1.7475606913382649e-07,-0.0134343737711142,-0.0147663792054797,,0.160515593219926,0.1180938929169884,0.0390244391637759,0.0581023165152834,0.1141187738722038,0.2069919768943307,0.1190765990448678,0.1190764157672891,0.1137663615295032,0.1131472980283805,0.1141798006448324,n/a (noise doesn't move it),,,,,,,,,,,
2697,36051,NY,631,ok,UNACCEPTABLE regressivity,0.8344,21.23880843354244,1.0614305025588864,-0.052817850787325,-31.325839805817974,0.8610902815050613,0.6456157728089091,0.8550290285928646,-0.144969544999616,-4.262618511239413e-07,-0.0460095608334472,-0.0518453959841838,,0.2447578016613784,0.2111146060251413,0.2256276957222713,,0.2223942201112726,,0.2160690149758958,0.2160672714149075,0.1948779159168536,0.2211955314688665,0.2253374595894395,n/a (noise doesn't move it),,,,beyond 25%,,beyond 25%,,,,,
2698,13283,GA,48,skipped (fewer than 100 sales),,,,,,,,,,,,,,,,,,,,,,,,,,,,,,,,,,,,,
2699,26003,MI,164,ok,acceptable (confidence intervals overlap),0.5881674990395698,37.29343736663588,1.1088801088651226,-0.02853299665594,-10.22909353385264,0.8345401635947917,0.5075747785399463,0.7884486967594028,-0.2115436523937792,-4.066835032919906e-07,-0.0662093403696357,-0.0668728320742251,,,0.2391998830622499,0.1883385601137912,0.1410228395981079,,,,,0.2427850757030115,,0.2391479553049067,n/a (noise doesn't move it),beyond 25%,,,,beyond 25%,beyond 25%,beyond 25%,beyond 25%,,beyond 25%,
2700,31047,NE,337,ok,acceptable (VEI within +/-10),0.822984375,23.245259514525124,1.0237062577026164,0.0160036018695025,2.3226834040233086,0.9809056997017128,0.7744150248605036,0.944157811237854,-0.0558392381183497,-1.6046608804342405e-07,-0.006857442020703,-0.0037670959629136,,0.2446069957710436,0.146102205324374,,,0.1061664947799067,,0.1841125591711601,0.1841089069451038,0.1110251371738325,0.1049738098316231,0.0528233145367045,n/a (noise doesn't move it),,,progressive,progressive,,beyond 25%,,,,,
2701,47175,TN,0,no residential sales in 2024,,,,,,,,,,,,,,,,,,,,,,,,,,,,,,,,,,,,,
2702,08025,CO,0,no residential sales in 2024,,,,,,,,,,,,,,,,,,,,,,,,,,,,,,,,,,,,,
2703,33011,NH,3,skipped (fewer than 100 sales),,,,,,,,,,,,,,,,,,,,,,,,,,,,,,,,,,,,,
2704,20163,,0,no residential sales in 2024,,,,,,,,,,,,,,,,,,,,,,,,,,,,,,,,,,,,,
2705,39115,OH,213,ok,acceptable (VEI significance <= 10),0.7218791946308725,49.961068503582695,1.2798968925997527,-0.0650306210668896,-28.09171446576291,0.6520548093953911,0.3042048148738795,0.6834568193333274,-0.3165055170566171,-1.1125268234270352e-06,-0.1527518684940469,-0.18509016409713,,,,,,,,,,,,,n/a (noise doesn't move it),beyond 25%,beyond 25%,beyond 25%,beyond 25%,beyond 25%,beyond 25%,beyond 25%,beyond 25%,beyond 25%,beyond 25%,beyond 25%
2706,39013,OH,840,ok,acceptable (confidence intervals overlap),0.6073153539518326,38.37882973962862,1.1729300011076444,-0.020607047429059,12.939228185195722,0.8052176626673107,0.3184062937761344,0.7668954744004867,-0.2330894925158385,-3.9621065829744634e-07,-0.0874971252491838,-0.1077751858598192,,,,0.2466451860705034,,,,,,0.2035532405343176,,,n/a (noise doesn't move it),beyond 25%,beyond 25%,,progressive,beyond 25%,beyond 25%,beyond 25%,beyond 25%,,beyond 25%,beyond 25%
2707,08097,CO,582,ok,UNACCEPTABLE progressivity,0.8005938854116514,30.28403903813231,1.040992414382107,0.036409583972032,32.84182768175464,0.9631420483611574,0.6567087625421263,0.9961456579390334,-0.0038532261600762,-2.5374099371559384e-09,-0.0226993064406533,-0.0459024179319831,,,0.1744253953041335,,,,,0.1539483686255712,0.1538763733266329,0.168727047989364,,,n/a (noise doesn't move it),beyond 25%,,progressive,beyond 25%,beyond 25%,beyond 25%,,,,beyond 25%,beyond 25%
2708,34031,NJ,3847,ok,UNACCEPTABLE progressivity,0.4259375,29.84316852547123,1.0475499949626046,0.0752971394610768,23.58893032141952,0.7266740379837943,0.371455039513065,0.6999207047975444,-0.300076260516185,-8.5661969187696e-08,-0.0595859970116749,-0.0603161325657506,,,0.2043704069591584,,,,,,,0.1002936522843361,0.2307581979671123,0.2322109784696677,n/a (noise doesn't move it),beyond 25%,,progressive,progressive,beyond 25%,beyond 25%,beyond 25%,beyond 25%,,,
2709,21037,KY,1673,ok,acceptable (confidence intervals overlap),0.797037037037037,22.873068806846305,1.0321311196244194,-0.0053115877103194,-17.04840491884042,0.940165175080835,0.7177820117567058,0.8803070768488741,-0.1196917924219022,-1.831288338828636e-07,-0.0188708130631969,-0.0178571653571553,,0.2425367231096392,0.1723489165400817,0.0874118399438001,0.2412526443758387,0.1543840932162507,,0.2038080046828468,0.2038070981173138,0.1587129374029365,0.1544954800677504,0.1566471266417938,n/a (noise doesn't move it),,,,,,beyond 25%,,,,,
2710,31033,NE,118,ok,acceptable (VEI within +/-10),0.7238979353979353,24.582743243520124,1.062146998926026,-0.0211044531281341,-9.570172277970457,0.9370673088089844,0.608687023972475,0.9210516030048008,-0.0789366492588699,-1.866153424480158e-07,-0.0274011159974925,-0.0280950579601075,,,0.2122163871814145,0.1501748547796822,0.2275122598304393,0.1922275668869824,,,,0.1506480949669715,0.2167883842621616,0.1995802126000853,n/a (noise doesn't move it),beyond 25%,,,,,beyond 25%,beyond 25%,beyond 25%,,,
2711,45001,,0,no residential sales in 2024,,,,,,,,,,,,,,,,,,,,,,,,,,,,,,,,,,,,,
2712,51023,VA,415,ok,acceptable (VEI within +/-10),0.8794117647058823,16.183442913630245,1.0176603793444894,0.0033322438942714,3.1840683944030777,0.9649069531125196,0.8117724516877554,0.9785848754580028,-0.0214124895257816,-1.2417904278814045e-07,-0.0110412028656632,-0.0125201873249864,,0.1933250463779697,0.1318418229636227,,,0.10091197328825,0.2428799548853022,0.0951260010828507,0.0951186563072889,0.1107916022083316,0.107025142061058,0.1193237628218,n/a (noise doesn't move it),,,progressive,progressive,,,,,,,
2713,38075,ND,26,skipped (fewer than 100 sales),,,,,,,,,,,,,,,,,,,,,,,,,,,,,,,,,,,,,
2714,48077,TX,91,skipped (fewer than 100 sales),,,,,,,,,,,,,,,,,,,,,,,,,,,,,,,,,,,,,
2715,27099,MN,574,ok,acceptable (VEI within +/-10),0.908938550539699,16.886280506473902,1.0004127186286116,0.0186953553142601,7.582629826456753,1.007246689081876,0.9432834770713596,0.986842897370982,-0.0131553292959693,-7.730263317409926e-10,0.0029073440550906,0.0071348772673558,,0.2001935934584968,0.0834958962782312,,,0.0453846401332677,0.1834044088779646,0.0827406944941892,0.0827340677338367,0.0611930346675931,0.046118762096646,,n/a (noise doesn't move it),,,progressive,progressive,,,,,,,progressive
2716,23007,ME,7,skipped (fewer than 100 sales),,,,,,,,,,,,,,,,,,,,,,,,,,,,,,,,,,,,,
2717,13247,GA,1122,ok,acceptable (VEI within +/-10),0.9597253731819596,17.793954831726438,1.0126624788282157,0.0368154333159193,8.746711826345281,0.9637492586481674,0.8824284275143258,0.9223330088069698,-0.077667124210658,-1.670642525015693e-07,-0.0082917830399733,-0.0082258254995104,,0.1970393256147809,0.0961675780066299,,,0.0811884817836312,0.1587267888904198,0.1358616321915888,0.1358617231230434,0.106783146419143,0.0852474153084313,0.071081681805019,n/a (noise doesn't move it),,,progressive,progressive,,,,,,,
2718,18085,IN,1311,ok,acceptable (VEI significance <= 10),0.8424242424242424,21.226847447017505,1.0262669659783046,0.0246906384165992,20.80847410989155,0.9466270957877888,0.71885468485901,0.9953288485056978,-0.0046674583008082,-6.737377875815928e-08,-0.0207398025205123,-0.0249625923637841,,0.2331418870496165,0.1475533477477696,,,0.1650928394500094,,0.0516503231004475,0.0516171816377512,0.1118859161460933,0.1594322462066885,0.1852947162641874,n/a (noise doesn't move it),,,progressive,progressive,,beyond 25%,,,,,
2719,47107,TN,0,no residential sales in 2024,,,,,,,,,,,,,,,,,,,,,,,,,,,,,,,,,,,,,
2720,39133,OH,1633,ok,acceptable (VEI within +/-10),0.8736842105263158,13.423951821758514,1.0170258086629749,-0.0217440902988641,-6.579257552609056,0.9584247132929572,0.8715563169340761,0.928632248062546,-0.0713673351326236,-1.224963854951746e-07,-0.0125129455643615,-0.0103104667067974,,0.1607914521387037,0.1276973395821863,0.1391635069898695,0.1562641387641405,0.1216138152905443,0.2278773638695579,0.1506746071951909,0.1506742267974654,0.1250741093166191,0.1210310973477004,0.1128357557225879,n/a (noise doesn't move it),,,,,,,,,,,
2721,48419,TX,40,skipped (fewer than 100 sales),,,,,,,,,,,,,,,,,,,,,,,,,,,,,,,,,,,,,
2722,41059,OR,637,ok,acceptable (VEI within +/-10),0.9085142857142856,18.35716095394449,1.028977321066474,0.0096133011644436,1.5208217214419275,0.9319308267473166,0.5986406893524197,0.889696370723586,-0.1103030551512643,-1.821203288292214e-07,-0.0164206013303644,-0.0204787501177292,,0.1994975743845491,0.1675733466692756,,,0.1307311482612105,,0.171338147843275,0.1713379768618953,0.1316477993676837,0.1153855337594868,0.1270079669112739,n/a (noise doesn't move it),,,progressive,progressive,,beyond 25%,,,,,
2723,36089,NY,1339,ok,UNACCEPTABLE regressivity,0.9110224215246636,51.12662158033825,1.3214165055358629,-0.239747828666243,-66.25296805859715,0.6275063326114091,0.4867666729856478,0.5778655381190131,-0.4221354742453222,-2.2099661615982153e-06,-0.155395159405616,-0.1641675100662893,,,,,,,,,,,,,n/a (noise doesn't move it),beyond 25%,beyond 25%,beyond 25%,beyond 25%,beyond 25%,beyond 25%,beyond 25%,beyond 25%,beyond 25%,beyond 25%,beyond 25%
2724,53003,,0,no residential sales in 2024,,,,,,,,,,,,,,,,,,,,,,,,,,,,,,,,,,,,,
2725,29153,MO,0,no residential sales in 2024,,,,,,,,,,,,,,,,,,,,,,,,,,,,,,,,,,,,,
2726,48219,TX,202,ok,acceptable (VEI significance <= 10),0.7983381915719638,30.049213447212683,1.5669808964241516,-0.000560152051448,24.248101051462672,0.5240889727489462,0.0010688385109972,0.713590553954871,-0.2862927798943988,-4.8024968568483997e-08,-0.2612406911812752,-0.3657679388775769,,,,0.0098330584058382,,,,,,0.0460350428755367,,,n/a (noise doesn't move it),beyond 25%,beyond 25%,,progressive,beyond 25%,beyond 25%,beyond 25%,beyond 25%,,beyond 25%,beyond 25%
2727,18081,IN,2233,ok,acceptable (VEI within +/-10),0.8022219618599971,17.924785328474954,1.0455946864185333,0.0130175000276451,6.938869177387711,0.862435962592457,0.5728220570098491,0.8911951253304384,-0.1088040462298914,-1.3074796861833628e-08,-0.042410234636709,-0.0462656202710256,,0.2048714132939564,0.2312826939092283,,,0.2108207183913629,,0.1612179354849807,0.1612174470500489,0.1161113303542945,0.2048792792544211,0.2057335153037897,n/a (noise doesn't move it),,,progressive,progressive,,progressive,,,,,
2728,05047,AR,0,no residential sales in 2024,,,,,,,,,,,,,,,,,,,,,,,,,,,,,,,,,,,,,
2729,05053,AR,308,ok,acceptable (confidence intervals overlap),0.7664417989417989,51.5757046402189,2.288517428947351,-0.1702124352950796,-43.808383915040466,0.3859369059962497,0.0096684206438834,0.2341132602031559,-0.7658802718941541,-3.716469311663793e-07,-0.3827240014659159,-0.5342120126266743,,,,,,,,,,0.2416545306874223,,,n/a (noise doesn't move it),beyond 25%,beyond 25%,beyond 25%,beyond 25%,beyond 25%,beyond 25%,beyond 25%,beyond 25%,,beyond 25%,beyond 25%
2730,42015,PA,0,no residential sales in 2024,,,,,,,,,,,,,,,,,,,,,,,,,,,,,,,,,,,,,
2731,41027,OR,178,ok,acceptable (VEI within +/-10),0.9666325555555556,14.710291277719438,1.016283846176626,0.0017227236189926,-2.974778191332468,0.895565878307698,0.8822688686972832,0.871995603844962,-0.128004407652881,-1.1837697319199955e-07,-0.0227609508545931,-0.0204330588076113,,0.1708012230989665,0.1212670876382374,0.0142612163367284,0.1172097092023546,0.1308314148600874,0.1305334761146716,0.1331639653082215,0.1331640188362375,0.1364103833093987,0.1238026302619073,0.1148641386412559,n/a (noise doesn't move it),,,,,,,,,,,
2732,25011,MA,299,ok,acceptable (VEI within +/-10),0.9297087378640776,0.3312130127703442,1.0002562283688663,-0.0010331312540249,-0.0862339037248379,0.9984562276125678,0.9279714813764218,0.9984641378861852,-0.0015355977250741,-3.514345306516676e-09,-0.0003528391319218,-0.0003437288057142,,0.0042876617033214,0.0093330319460547,0.0343896570650237,0.0203952035916598,0.0070962129057376,0.1175150038837327,0.0122720744305927,0.0122707857479813,0.0080738495032353,0.0070932716606697,0.0065132051445359,n/a (noise doesn't move it),,,,,,,,,,,
2733,51115,VA,184,ok,acceptable (confidence intervals overlap),0.7971333333333332,24.70136899516937,1.0394414203402589,-0.0011594225392019,-15.920980981442742,0.9500878730754309,0.7455966916559276,0.9313252968516432,-0.0686712979349608,-1.4900081443816619e-07,-0.0188141105864905,-0.0156085627668978,,,0.181559677850872,0.0289456852868458,,0.1676606078933428,,0.1927499370147857,0.1927442764497987,0.1560274741336958,0.1536738989731704,0.1327385139685821,n/a (noise doesn't move it),beyond 25%,,,beyond 25%,,beyond 25%,,,,,
2734,26073,MI,0,no residential sales in 2024,,,,,,,,,,,,,,,,,,,,,,,,,,,,,,,,,,,,,
2735,24011,MD,455,ok,acceptable (VEI within +/-10),0.808269423141047,22.795187591425595,1.095119891379361,-0.0659489097046915,-3.638614583225318,0.7251323433100821,0.4411850050077125,0.7928191959045228,-0.2071787923126371,-2.5720381056111354e-07,-0.0850228379689761,-0.094928712552982,,0.2446599539643771,0.2440054560858398,0.2313311274198127,0.1089473495621391,,,,,0.1474240592140453,,,n/a (noise doesn't move it),,,,,beyond 25%,beyond 25%,beyond 25%,beyond 25%,,beyond 25%,beyond 25%
2736,48001,TX,251,ok,acceptable (VEI within +/-10),0.8572051282051282,22.0681755425437,1.017879778067552,0.0430713057314216,5.061725898503679,0.938275838177842,0.7771057444147368,0.9917498175502136,-0.0082402313642723,-1.553417192409657e-07,-0.0201955790477763,-0.022092491623969,,0.2360657811305058,0.1200095431334079,,,0.1780742883184732,,0.0475080711197769,0.0474804230882385,0.1299125543434826,0.1729962849043285,0.1747283145463802,n/a (noise doesn't move it),,,progressive,progressive,,beyond 25%,,,,,
2737,55075,WI,0,no residential sales in 2024,,,,,,,,,,,,,,,,,,,,,,,,,,,,,,,,,,,,,
2738,27085,MN,450,ok,acceptable (VEI within +/-10),0.8713351920693928,13.042503447576635,1.0017850977177492,0.0373772708037016,7.541526510324244,0.9908702256915752,0.8697798091271522,1.0041821893624607,0.004184079095729,-3.061175106993828e-08,-0.002065325317883,-0.0014284709243841,,0.1504092893544959,0.0498386237945845,,,0.0444125706054231,0.1660884814452683,,,0.043544387272809,0.0438039647734992,0.033393552193014,n/a (noise doesn't move it),,,progressive,progressive,,,progressive,progressive,,,
2739,45061,SC,36,skipped (fewer than 100 sales),,,,,,,,,,,,,,,,,,,,,,,,,,,,,,,,,,,,,
2740,35015,NM,313,ok,UNACCEPTABLE progressivity,0.6540513047324192,32.348773694295254,1.1553327342090276,0.1046870674493504,45.55899533162808,0.8015299854359264,0.3015504928189302,0.7927483702478407,-0.2072636583777474,-3.8519996524920825e-08,-0.0861621934510308,-0.1125222734079973,,,,,,,,,,0.1530437141849793,,,n/a (noise doesn't move it),beyond 25%,beyond 25%,progressive,progressive,beyond 25%,beyond 25%,beyond 25%,beyond 25%,,beyond 25%,beyond 25%
2741,16079,ID,203,ok,acceptable (confidence intervals overlap),0.8737712490160233,36.32976612351136,1.0857384444627471,0.0454511924233379,13.083565105318687,0.7082786521106447,0.5141330339354289,0.5300270126600928,-0.4699768568923679,-8.843856898864943e-07,-0.0767495314682058,-0.0856491609318721,,,0.2453254744676481,,,,,,,,,,n/a (noise doesn't move it),beyond 25%,,progressive,progressive,beyond 25%,beyond 25%,beyond 25%,beyond 25%,beyond 25%,beyond 25%,beyond 25%
2742,38033,ND,15,skipped (fewer than 100 sales),,,,,,,,,,,,,,,,,,,,,,,,,,,,,,,,,,,,,
2743,26089,MI,272,ok,acceptable (VEI within +/-10),0.8138461538461539,20.555421873218005,1.03212953507761,-0.0046495101158529,-0.8921029623819459,0.963091741933917,0.6878258038554064,0.9344776992736876,-0.0655216350801486,-2.976614346059409e-08,-0.0151677277689454,-0.0161642891363378,,0.2216308944768859,0.1655424427341812,0.0612189366945619,0.0719795329404179,0.1546239739600714,,0.188874984228879,0.1888736024592348,0.1002669244964985,0.1349976149038223,0.1310326010013883,n/a (noise doesn't move it),,,,,,beyond 25%,,,,,
2744,01115,AL,1691,ok,UNACCEPTABLE regressivity,0.8468571428571429,26.28956056188122,1.132919631811413,-0.0506868505817561,-31.138087023658077,0.7551721675512684,0.2993300322969908,0.7878029954265205,-0.2121940875796538,-3.790803226689085e-07,-0.0895270130505145,-0.113886697006436,,,,0.2431288619065894,,,,,,0.1758146602266503,,,n/a (noise doesn't move it),beyond 25%,beyond 25%,,beyond 25%,beyond 25%,beyond 25%,beyond 25%,beyond 25%,,beyond 25%,beyond 25%
2745,25023,MA,0,no residential sales in 2024,,,,,,,,,,,,,,,,,,,,,,,,,,,,,,,,,,,,,
2746,13265,GA,15,skipped (fewer than 100 sales),,,,,,,,,,,,,,,,,,,,,,,,,,,,,,,,,,,,,
2747,31097,NE,34,skipped (fewer than 100 sales),,,,,,,,,,,,,,,,,,,,,,,,,,,,,,,,,,,,,
2748,19101,IA,0,no residential sales in 2024,,,,,,,,,,,,,,,,,,,,,,,,,,,,,,,,,,,,,
2749,47133,TN,0,no residential sales in 2024,,,,,,,,,,,,,,,,,,,,,,,,,,,,,,,,,,,,,
2750,13147,GA,398,ok,acceptable (confidence intervals overlap),0.7821183467081558,31.232717054046574,1.0937090918009302,0.0214367465341477,16.369867372490447,0.8611390366736336,0.4095163907084439,0.939037863454436,-0.0609585178116627,-1.6652956906949929e-07,-0.0595839325390659,-0.0927918949913693,,,,,,,,0.208627648542591,0.2086215958113995,0.1503399106715408,,,n/a (noise doesn't move it),beyond 25%,beyond 25%,progressive,progressive,beyond 25%,beyond 25%,,,,beyond 25%,beyond 25%
2751,08115,CO,31,skipped (fewer than 100 sales),,,,,,,,,,,,,,,,,,,,,,,,,,,,,,,,,,,,,
2752,48367,,0,no residential sales in 2024,,,,,,,,,,,,,,,,,,,,,,,,,,,,,,,,,,,,,
2753,16045,ID,223,ok,acceptable (confidence intervals overlap),0.8098081746085541,35.24287571177242,1.092244217683963,0.09418354047455,18.48976847132556,0.5450045747251695,0.4256678379108216,0.4648877093832739,-0.5351123106880736,-4.969869764532445e-07,-0.1159361937242327,-0.1101806260560025,,,,,,,,,,0.2365313329739698,,,n/a (noise doesn't move it),beyond 25%,beyond 25%,progressive,progressive,beyond 25%,beyond 25%,beyond 25%,beyond 25%,,beyond 25%,beyond 25%
2754,49027,UT,81,skipped (fewer than 100 sales),,,,,,,,,,,,,,,,,,,,,,,,,,,,,,,,,,,,,
2755,39069,OH,0,no residential sales in 2024,,,,,,,,,,,,,,,,,,,,,,,,,,,,,,,,,,,,,
2756,18145,IN,532,ok,acceptable (confidence intervals overlap),0.6539942626601347,28.711093616392603,1.081985396813283,0.050479407388888,25.00325960079823,0.8213296380497525,0.2719925071046892,0.8087930042201129,-0.1912028880262516,-2.654675227502583e-07,-0.0584873662842779,-0.0784103261977196,,0.2450510895015698,0.2408489091533019,,,0.2478596446144851,,0.2474146274239717,0.2474132833502156,0.1486906828749379,0.2451114772532221,,n/a (noise doesn't move it),,,progressive,progressive,,beyond 25%,,,,,beyond 25%
2757,01127,AL,792,ok,acceptable (confidence intervals overlap),0.8263355607729818,32.07414873949181,1.1211732162462291,0.014453673140315,24.284860068182113,0.8425576664774925,0.3888191901631265,0.8302945572491259,-0.1696991890255133,-3.0501523904504e-07,-0.0689932477789965,-0.0947714299966997,,,,,,,,,,0.2217299742762338,,,n/a (noise doesn't move it),beyond 25%,beyond 25%,progressive,beyond 25%,beyond 25%,beyond 25%,beyond 25%,beyond 25%,,beyond 25%,beyond 25%
2758,55089,WI,1645,ok,acceptable (VEI within +/-10),0.965809768637532,13.333249492769516,1.0067380346799724,0.0126504348900781,2.322486106770858,0.9788121256192124,0.9482490382596916,0.9649203324098622,-0.0350795845133566,-3.434986157644659e-08,-0.0060363493822921,-0.0044317934683146,,0.1602667833352482,0.0908589751153061,,,0.083973957275616,0.1150705426904013,0.0965886507779599,0.0965886080108507,0.0908506070491195,0.0721693399005621,0.0778580041799566,n/a (noise doesn't move it),,,progressive,progressive,,,,,,,
2759,29113,,0,no residential sales in 2024,,,,,,,,,,,,,,,,,,,,,,,,,,,,,,,,,,,,,
2760,40007,OK,34,skipped (fewer than 100 sales),,,,,,,,,,,,,,,,,,,,,,,,,,,,,,,,,,,,,
2761,26035,MI,761,ok,acceptable (VEI significance <= 10),0.7888571428571428,34.19399026716125,1.1280272107091949,-0.0817763068373355,-20.743208982252813,0.8491727759952389,0.6423184737342926,0.8002464393029746,-0.1997497274796132,-1.04426436124973e-06,-0.0609620827732459,-0.0640786251574385,,,,,,,,,,,,,n/a (noise doesn't move it),beyond 25%,beyond 25%,beyond 25%,beyond 25%,beyond 25%,beyond 25%,beyond 25%,beyond 25%,beyond 25%,beyond 25%,beyond 25%
2762,29007,MO,0,no residential sales in 2024,,,,,,,,,,,,,,,,,,,,,,,,,,,,,,,,,,,,,
2763,42101,PA,17819,ok,UNACCEPTABLE regressivity,0.9693251533742332,23.476390326636537,1.0953999914180064,-0.0711928445832795,-27.101631788518628,0.8723794210188274,0.7601360232694389,0.8259279500730557,-0.1740724259393133,-2.1429509242571283e-08,-0.0537329460035616,-0.0552957576306412,,0.2472428084024533,,0.2387954738736483,,,,,,0.216163187708326,,,n/a (noise doesn't move it),,beyond 25%,,beyond 25%,beyond 25%,beyond 25%,beyond 25%,beyond 25%,,beyond 25%,beyond 25%
2764,54065,WV,273,ok,acceptable (confidence intervals overlap),0.5911111111111111,32.16542296702698,1.054778656006501,0.0241330215929051,13.353804247428249,0.8876794443627566,0.5022253999424054,0.8088750773240355,-0.1911213297667736,-4.199765773653015e-07,-0.0323270079453097,-0.0305547226843339,,,0.211432458913522,,,0.2109569947545938,,,,0.1680142784917451,0.18377518227552,0.163347887911922,n/a (noise doesn't move it),beyond 25%,,progressive,progressive,,beyond 25%,beyond 25%,beyond 25%,,,
2765,06099,CA,0,no residential sales in 2024,,,,,,,,,,,,,,,,,,,,,,,,,,,,,,,,,,,,,
2766,22001,LA,459,ok,acceptable (confidence intervals overlap),0.8694117647058823,28.59319428966788,1.1598747803970473,-0.0622735047223483,-11.767461226189226,0.8216437596814714,0.3420442708190687,0.8332494289040886,-0.1667488830097426,-4.118461887072452e-07,-0.0774588466282533,-0.0987265238395833,,,,,,,,,,0.2093174194306648,,,n/a (noise doesn't move it),beyond 25%,beyond 25%,beyond 25%,beyond 25%,beyond 25%,beyond 25%,beyond 25%,beyond 25%,,beyond 25%,beyond 25%
2767,37167,NC,1107,ok,UNACCEPTABLE progressivity,0.4821333333333333,38.44111104621701,1.032048827415836,0.1203263756802019,41.66419748209017,0.9247866864882168,0.4189096129486125,0.8325868011128684,-0.1674057240203075,-1.049756099488182e-07,-0.0223264862728242,-0.0236517574483148,,,0.1508044582530376,,,0.2259095661791111,,,,0.0921584560750654,0.1662863459276859,0.1556269596205064,n/a (noise doesn't move it),beyond 25%,,progressive,progressive,,beyond 25%,beyond 25%,beyond 25%,,,
2768,26099,MI,8010,ok,acceptable (VEI within +/-10),0.8629586405344991,11.329898944439144,0.999867372623971,0.0237282740848717,7.50414203703869,1.0104638741023806,0.8612687600548837,1.0014674158734995,0.0014681103621429,1.3848973280029942e-09,0.0028535402263767,0.0029243626356024,,0.1358551405721809,,,,,0.1976245777409126,,,,,,n/a (noise doesn't move it),,progressive,progressive,progressive,progressive,,progressive,progressive,progressive,progressive,progressive
2769,25021,MA,4160,ok,acceptable (VEI within +/-10),0.9278208378404456,0.2373818845342041,0.99999210719148,-8.566314250383639e-05,-0.0194040449607429,1.0000499446447175,0.9277998699731964,0.9998628460158872,-0.000137055774212,1.2935143027724479e-11,1.709666212379446e-05,4.473142528926832e-05,,0.0029585391407553,,0.0026832246576455,0.0032070308782119,,0.1839818681057962,0.0022393428829298,0.0022377357714691,,,,n/a (noise doesn't move it),,progressive,,,progressive,,,,progressive,progressive,progressive
2770,48467,TX,509,ok,acceptable (VEI significance <= 10),0.8357793522267206,35.820128100176206,1.0590647481899542,0.1020363366123023,43.74453623257306,0.8625499464002294,0.549746196077686,0.8212795334745866,-0.1787152602807596,-2.765077835193442e-07,-0.0433929406929771,-0.0470128632026114,,,0.2075027078285621,,,,,,,0.1875135386885276,0.2457888316012378,0.2089718598612596,n/a (noise doesn't move it),beyond 25%,,progressive,progressive,beyond 25%,beyond 25%,beyond 25%,beyond 25%,,,
2771,05119,,0,no residential sales in 2024,,,,,,,,,,,,,,,,,,,,,,,,,,,,,,,,,,,,,
2772,28059,MS,1101,ok,acceptable (VEI significance <= 10),0.4588033429673075,25.834441569230368,1.0000849565674106,0.0878138435117276,26.69689081841825,1.0143820139575133,0.5472499940480544,0.96924511881611,-0.0307495895665918,-1.6376705022995519e-10,0.0045483096333513,0.0075419121845017,,,0.0019382290676626,,,,,0.1011007184039277,0.1010853109234428,0.0006571512260989,,,n/a (noise doesn't move it),beyond 25%,,progressive,progressive,progressive,beyond 25%,,,,progressive,progressive
2773,06111,CA,0,no residential sales in 2024,,,,,,,,,,,,,,,,,,,,,,,,,,,,,,,,,,,,,
2774,33013,NH,0,no residential sales in 2024,,,,,,,,,,,,,,,,,,,,,,,,,,,,,,,,,,,,,
2775,54081,WV,963,ok,acceptable (confidence intervals overlap),0.5264788732394367,48.13781897198584,1.108204994843622,0.0171148423494957,20.615563298490123,0.936546774061596,0.3899425566692927,0.8429466934269203,-0.1570150448739613,-1.630325893391808e-07,-0.0281646811502136,-0.0284563698862982,,,0.230046506755201,0.1653532080009455,,,,,,0.1854480081077789,0.2025526795789448,0.2221314530123243,n/a (noise doesn't move it),beyond 25%,,,progressive,beyond 25%,beyond 25%,beyond 25%,beyond 25%,,,
2776,39131,OH,0,no residential sales in 2024,,,,,,,,,,,,,,,,,,,,,,,,,,,,,,,,,,,,,
2777,12093,FL,643,ok,acceptable (confidence intervals overlap),0.7496444444444444,19.538640704265553,1.0471939973473985,-0.0240593592481155,-12.48159127289974,0.91911017355974,0.5952596415157022,0.9050981938478772,-0.094899916005988,-1.4306409607519328e-07,-0.0285965714577336,-0.0314795594509704,,0.2228665567340501,0.2025101752670679,0.1832811407414964,0.1736978707015946,0.1953324469636346,,0.191127514998478,0.191125817772737,0.1333495335205141,0.1937546442526787,0.2021347454258717,n/a (noise doesn't move it),,,,,,beyond 25%,,,,,
2778,55051,WI,61,skipped (fewer than 100 sales),,,,,,,,,,,,,,,,,,,,,,,,,,,,,,,,,,,,,
2779,01007,AL,210,ok,UNACCEPTABLE regressivity,0.8069292434715822,67.55205229081702,2.142681207405777,-0.2608930248462112,-71.02383189663938,0.4739608306728452,0.0277873085180506,0.5204605565242074,-0.4795336085184532,-1.804174047886861e-07,-0.328216108538063,-0.4199848095813503,,,,,,,,,,0.0948849577921824,,,n/a (noise doesn't move it),beyond 25%,beyond 25%,beyond 25%,beyond 25%,beyond 25%,beyond 25%,beyond 25%,beyond 25%,,beyond 25%,beyond 25%
2780,54041,WV,193,ok,UNACCEPTABLE regressivity,0.8691666666666666,108.98482094399886,1.932338985180112,-0.4597744255318949,-100.69745922907777,0.5645536440402794,0.4067124913116504,0.4062548758354428,-0.5937504707370438,-6.809021064845727e-06,-0.2215026250954781,-0.2361984817128057,,,,,,,,,,,,,n/a (noise doesn't move it),beyond 25%,beyond 25%,beyond 25%,beyond 25%,beyond 25%,beyond 25%,beyond 25%,beyond 25%,beyond 25%,beyond 25%,beyond 25%
2781,55101,WI,2780,ok,acceptable (VEI within +/-10),0.942242860642106,15.795580581771148,1.0204733992591726,-0.0011557954214637,-2.0695489810717147,0.9467855872052434,0.8367242779654203,0.9437625996116684,-0.0562365300060901,-1.6367745983887873e-07,-0.0161060621513453,-0.0177499999062422,,0.1846172939741564,0.1406941544494926,0.0313284597563447,0.0717652572632206,0.1338853330638696,0.2221133526285424,0.1387517584687194,0.1387508354725538,0.1313899143973481,0.1316814242230037,0.1359767429596685,n/a (noise doesn't move it),,,,,,,,,,,
2782,51011,VA,145,ok,acceptable (VEI within +/-10),0.543,16.83791639264887,1.0240745872270296,-0.0272325786819378,3.880272459546205,0.9571699621316484,0.5073512877465928,0.9075442112443328,-0.0924514593454152,-1.509958234794236e-07,-0.0119041335323895,-0.0108466200786343,,0.1885051808356209,0.1583053431540567,0.129718511045791,,0.1092978568253703,,0.1853086183077835,0.1853127038142086,0.1174485293665255,0.103481926026741,0.0922170222648261,n/a (noise doesn't move it),,,,progressive,,beyond 25%,,,,,
2783,26011,MI,283,ok,acceptable (confidence intervals overlap),0.8328888888888889,41.88307441773377,1.150744035331262,-0.0666032179650863,-29.074001956103608,0.9140230678720572,0.7091364909428518,0.869076667346802,-0.130918664782814,-7.905197373480613e-07,-0.0407393871656067,-0.0457610259572893,,,,,,0.2447849254349146,,,,,0.2437591852637247,0.2095516614879848,n/a (noise doesn't move it),beyond 25%,beyond 25%,beyond 25%,beyond 25%,,beyond 25%,beyond 25%,beyond 25%,beyond 25%,,
2784,18073,IN,342,ok,acceptable (VEI within +/-10),0.7719136428026588,22.21194531874933,1.070101534216309,-0.0777997015413757,-6.634608034586008,0.7506329595786202,0.4237005535599141,0.7491975211790488,-0.250801171082635,-5.071934545099492e-07,-0.066130702914559,-0.0715571326815065,,0.2464737035889695,0.2316044332884896,0.2028527111569814,0.1539467254296688,0.2384283301106764,,0.2384953988160227,0.2384940091473432,0.1586431330449201,0.2264169167713447,0.2478084744327318,n/a (noise doesn't move it),,,,,,beyond 25%,,,,,
2785,48423,TX,2778,ok,UNACCEPTABLE progressivity,0.8267309720926537,37.42172781368576,1.5741620197770811,0.0377584354588557,36.11828480057363,0.5261596370903268,0.1600482026637671,0.6568374199471638,-0.3431338019589164,-3.7854920687228235e-08,-0.271628856777163,-0.3440197303729018,,,,,,,,,,0.2015809806761514,,,n/a (noise doesn't move it),beyond 25%,beyond 25%,progressive,progressive,beyond 25%,beyond 25%,beyond 25%,beyond 25%,,beyond 25%,beyond 25%
2786,22089,LA,417,ok,acceptable (VEI within +/-10),0.8602352941176471,11.6914742838026,1.0050503738925771,0.0230552798089472,7.522454964706832,0.9766693013152594,0.7891270339516417,1.0069187396872354,0.0069207632497922,-5.7835321539585916e-08,-0.0062868624520611,-0.0089721222780168,,0.140209773141102,0.0733349540582999,,,0.0862066599845363,0.2101266346375947,,,0.0546433498306793,0.084526161970513,0.0903979434950859,n/a (noise doesn't move it),,,progressive,progressive,,,progressive,progressive,,,
2787,36065,NY,1572,ok,UNACCEPTABLE regressivity,0.7829328320802005,27.97053198773737,1.0842995350711466,-0.0923932861204181,-28.248529674218883,0.7975406183943303,0.60176901678006,0.7500507047502826,-0.2499479244577875,-7.363060743822027e-07,-0.0631817893630106,-0.0581633815347026,,,,0.2462389423056607,,,,,,0.2111367238417332,,0.2390209171307704,n/a (noise doesn't move it),beyond 25%,beyond 25%,,beyond 25%,beyond 25%,beyond 25%,beyond 25%,beyond 25%,,beyond 25%,
2788,42107,PA,0,no residential sales in 2024,,,,,,,,,,,,,,,,,,,,,,,,,,,,,,,,,,,,,
2789,39055,OH,0,no residential sales in 2024,,,,,,,,,,,,,,,,,,,,,,,,,,,,,,,,,,,,,
2790,30021,MT,0,no residential sales in 2024,,,,,,,,,,,,,,,,,,,,,,,,,,,,,,,,,,,,,
2791,56015,WY,93,skipped (fewer than 100 sales),,,,,,,,,,,,,,,,,,,,,,,,,,,,,,,,,,,,,
2792,05139,AR,474,ok,UNACCEPTABLE regressivity,0.8707230612427604,77.76694104032315,1.697250647201008,-0.342988489225941,-47.77107959891281,0.6695145892707121,0.2265473171456626,0.5474942122891291,-0.4525145436197517,-1.814076671343478e-06,-0.1718008852361316,-0.2090136428364111,,,,,,,,,,,,,n/a (noise doesn't move it),beyond 25%,beyond 25%,beyond 25%,beyond 25%,beyond 25%,beyond 25%,beyond 25%,beyond 25%,beyond 25%,beyond 25%,beyond 25%
2793,49047,UT,264,ok,acceptable (VEI within +/-10),0.4710720356934291,21.677794116734276,1.0380490985856297,0.0101819264145726,2.343037727094728,0.7416403849710843,0.3126793226076245,0.7182115083556662,-0.2817853185173208,-2.8346051531503097e-07,-0.0529307017315263,-0.0544797283265114,,0.2328279532326995,0.1808413845994435,,,0.2094487967733053,,0.2190181744945233,0.2190176031548741,0.115770148022296,0.1878814076927014,0.1901666805902905,n/a (noise doesn't move it),,,progressive,progressive,,beyond 25%,,,,,
2794,36031,NY,555,ok,acceptable (VEI significance <= 10),0.905,26.118133836636137,1.106750200450565,-0.0472446929316274,-27.73593206466134,0.9092049864545798,0.6662527044297079,0.8874342648397129,-0.1125656247174801,-1.0178173874340596e-07,-0.0446393101988353,-0.0551724976753591,,0.239204854996173,0.2418937559050527,,,,,,,0.2285330295134101,,,n/a (noise doesn't move it),,,beyond 25%,beyond 25%,beyond 25%,beyond 25%,beyond 25%,beyond 25%,,beyond 25%,beyond 25%
2795,48361,TX,771,ok,UNACCEPTABLE progressivity,0.8766622622993888,28.8474804376193,1.056201572831105,0.0651478703799584,34.9795832776026,0.8942749592652929,0.2947371266618957,1.004223301397687,0.0042303783868262,-8.762178786771774e-08,-0.0373053173540016,-0.0532330205279423,,,0.2213989751351821,,,0.226248152602817,,,,0.1046797330350406,0.2201281069440757,0.2379263163491449,n/a (noise doesn't move it),beyond 25%,,progressive,progressive,,beyond 25%,progressive,progressive,,,
2796,19159,IA,0,no residential sales in 2024,,,,,,,,,,,,,,,,,,,,,,,,,,,,,,,,,,,,,
2797,26117,MI,924,ok,acceptable (VEI significance <= 10),0.8243962848297213,29.23836561902924,1.0915225909246724,-0.0409193724109034,-17.273686300918648,0.815506090059415,0.226028749763074,0.7750878554934,-0.2249102980251508,-3.6705118257589044e-07,-0.0574150130423689,-0.0634364508840938,,,,0.1904242761043396,0.2442313010128492,,,,,0.1646164533102053,0.2406780779707955,0.2380324245265013,n/a (noise doesn't move it),beyond 25%,beyond 25%,,,beyond 25%,beyond 25%,beyond 25%,beyond 25%,,,
2798,19003,IA,0,no residential sales in 2024,,,,,,,,,,,,,,,,,,,,,,,,,,,,,,,,,,,,,
2799,51181,VA,73,skipped (fewer than 100 sales),,,,,,,,,,,,,,,,,,,,,,,,,,,,,,,,,,,,,
2800,29185,MO,0,no residential sales in 2024,,,,,,,,,,,,,,,,,,,,,,,,,,,,,,,,,,,,,
2801,21239,KY,432,ok,acceptable (VEI significance <= 10),0.7640404040404041,31.98454445324803,1.6066837712812725,-0.1181770461029634,-35.95587871035405,0.5469615700833146,0.1341071945171322,0.5659720142192447,-0.4340237660653054,-8.914178599045225e-08,-0.2650650617918211,-0.3298304894318145,,,,,,,,,,0.1708809194381603,,,n/a (noise doesn't move it),beyond 25%,beyond 25%,beyond 25%,beyond 25%,beyond 25%,beyond 25%,beyond 25%,beyond 25%,,beyond 25%,beyond 25%
2802,54091,WV,74,skipped (fewer than 100 sales),,,,,,,,,,,,,,,,,,,,,,,,,,,,,,,,,,,,,
2803,48469,TX,682,ok,acceptable (VEI within +/-10),0.8854905768454839,17.704298178596403,1.0331449096784402,-0.001804088253848,-2.939562644397163,0.8699288170967318,0.6907566562363211,0.8947210726893645,-0.1052776845895627,-3.1691964724665017e-07,-0.0360730256458485,-0.0406598010886072,,0.1973348942120763,0.1761215305385879,0.0370345628067611,0.0784125707853207,0.1866759650150815,,0.1737338403311084,0.1737331752270079,0.1510808693829662,0.1987153415712839,0.1870037729676253,n/a (noise doesn't move it),,,,,,beyond 25%,,,,,
2804,29189,,0,no residential sales in 2024,,,,,,,,,,,,,,,,,,,,,,,,,,,,,,,,,,,,,
2805,32007,NV,921,ok,UNACCEPTABLE progressivity,0.5780758620689656,36.29373741975963,1.0143521442184025,0.0749971582219689,35.13117263415518,1.0436336027636886,0.5977118338967166,0.9516408279588482,-0.0483402143788273,-6.921464518441633e-09,0.0149216784418071,0.0153076580379222,,,0.1292630576352362,,,,,0.2190906580575548,0.2190659181846143,0.0623662374215532,,,n/a (noise doesn't move it),beyond 25%,,progressive,progressive,progressive,beyond 25%,,,,progressive,progressive
2806,12013,FL,103,ok,acceptable (confidence intervals overlap),0.7205889724310777,41.36471996855916,1.0838335061581708,-0.0087738041149452,13.375529141053578,0.9513677026123958,0.7053006077928251,0.8669455951521126,-0.1330498535104598,-7.015194253952605e-07,-0.0194626198686729,-0.0093991313412382,,,0.2251355037495508,0.1096916529790912,,0.2151414709333504,,,,0.2342557621592713,0.2051590146815652,0.0970407188228022,n/a (noise doesn't move it),beyond 25%,,,progressive,,beyond 25%,beyond 25%,beyond 25%,,,
2807,34003,NJ,7985,ok,acceptable (VEI within +/-10),0.6535897435897436,21.276897850951677,1.0291688218000083,0.0200373958115445,-1.0506422579220087,0.906996800616343,0.6581392736665801,0.8830886924985041,-0.1169103705083836,-1.2175997094257228e-08,-0.0289592489823549,-0.0279357717799906,,0.2344906875322181,0.1593058013286703,,0.0768661700234883,0.1731837292640241,,0.1838659249606208,0.1838652208433639,0.1112110264971676,0.1675258721643438,0.167361814685172,n/a (noise doesn't move it),,,progressive,,,beyond 25%,,,,,
2808,28047,MS,1772,ok,UNACCEPTABLE progressivity,0.5176197036387149,34.14602499513395,1.2848143411018302,0.0719250836582361,28.27512160922021,0.6063979109773633,0.1737618230202897,0.5023804490890537,-0.4976166208752783,-5.2008017680042705e-08,-0.1755463869327962,-0.206612792358557,,,,,,,,,,0.167330321141121,,,n/a (noise doesn't move it),beyond 25%,beyond 25%,progressive,progressive,beyond 25%,beyond 25%,beyond 25%,beyond 25%,,beyond 25%,beyond 25%
2809,35049,NM,505,ok,acceptable (confidence intervals overlap),0.7994855559952513,20.50251606223911,1.0273199873289165,0.0484725173314607,16.912285797672673,0.9439020804270948,0.6610845554864687,0.9497323463469004,-0.0502671915727529,-1.2995432484948773e-08,-0.018882945395833,-0.0219617557228037,,0.2280261247593832,0.1556971321392795,,,0.1398969388517907,,0.128396916645249,0.1283966412691125,0.1134651108256856,0.1317046663372472,0.163735491167284,n/a (noise doesn't move it),,,progressive,progressive,,progressive,,,,,
2810,27133,MN,141,ok,acceptable (confidence intervals overlap),0.8864150943396226,23.141297631785136,1.0879834748688926,0.0214668242295365,10.658075490732688,0.8103379724428367,0.3911865757351166,0.9640368501535482,-0.0359228999262295,-4.155933736515138e-07,-0.0733137285144951,-0.1008159432993298,,,,,,,,0.1510011236205991,0.150448702560323,0.1947070280098442,,,n/a (noise doesn't move it),beyond 25%,beyond 25%,progressive,progressive,beyond 25%,beyond 25%,,,,beyond 25%,beyond 25%
2811,12027,FL,237,ok,acceptable (VEI within +/-10),0.8168098471986418,21.46859580968425,1.042706497691675,-0.0139087716399883,7.080107899881184,0.9286846141922016,0.655197366965589,0.9172041705140164,-0.0827937043145558,-1.849551345356901e-07,-0.0249409909689009,-0.0259073824306192,,0.2232531702203471,0.2022891991310702,0.1306159668535315,,0.1859360848710872,,0.2031093708709573,0.203107297069327,0.1562158690828916,0.179702368115044,0.1764133643162025,n/a (noise doesn't move it),,,,progressive,,beyond 25%,,,,,
2812,51820,VA,406,ok,acceptable (VEI within +/-10),0.8131011731881903,12.476453133866965,1.0175572810802322,-0.014441231767813,4.338458488830464,0.9461829058215334,0.6043095409786455,0.9141255296782608,-0.0858736748052362,-1.709759192978031e-07,-0.0116058565661445,-0.0127653903761919,,0.1500084921870349,0.1212857275845794,0.0782224231882102,,0.0839673997398424,,0.1328671451568305,0.132866815017725,0.0814686676138709,0.0817476692905162,0.0842270953112105,n/a (noise doesn't move it),,,,progressive,,beyond 25%,,,,,
2813,08039,CO,608,ok,UNACCEPTABLE progressivity,0.7607073787996175,27.82857307827486,1.0207941129971143,0.2140211572292862,64.59575856727626,0.9601384801761004,0.1665433171719278,1.1471612332275432,0.1471683674002776,-2.6491122697498013e-08,-0.0104303447426421,-0.0273808133096491,,,0.1382411773052137,,,0.1076876979031855,,,,0.06659654589411,0.0884377463876434,0.1458250677424204,n/a (noise doesn't move it),beyond 25%,,progressive,progressive,,beyond 25%,progressive,progressive,,,
2814,31163,,0,no residential sales in 2024,,,,,,,,,,,,,,,,,,,,,,,,,,,,,,,,,,,,,
2815,31185,NE,193,ok,acceptable (confidence intervals overlap),0.6574815789473685,28.494907466467794,1.1288545348470818,-0.051799465628482,11.126599618700691,0.846230650027367,0.2625081005397454,0.8065264862286702,-0.1934715828078853,-2.665273290880231e-07,-0.0619538384739231,-0.0913746370228272,,,,0.2256322349759744,,,,,,0.1802352812065255,,,n/a (noise doesn't move it),beyond 25%,beyond 25%,,progressive,beyond 25%,beyond 25%,beyond 25%,beyond 25%,,beyond 25%,beyond 25%
2816,18071,IN,478,ok,acceptable (VEI within +/-10),0.6625194417296636,28.732769003218504,1.1577905321038295,-0.0325985451088736,4.5779173513154685,0.694268964029386,0.2665768969271543,0.726388252913334,-0.2736083805162162,-5.985248364907293e-08,-0.1091009449149784,-0.1243909195223524,,,,0.1379230739117432,,,,,,0.1151883032361507,,,n/a (noise doesn't move it),beyond 25%,beyond 25%,,progressive,beyond 25%,beyond 25%,beyond 25%,beyond 25%,,beyond 25%,beyond 25%
2817,54053,WV,142,ok,UNACCEPTABLE regressivity,0.6816230366492146,46.46202707893879,1.2977407014186106,-0.2483357358983749,-66.28761434660507,0.7281572344053358,0.4571850240034799,0.626946845834546,-0.3730532635120244,-1.6770021634259114e-06,-0.119668697401265,-0.1229125014856329,,,,,,,,,,,,,n/a (noise doesn't move it),beyond 25%,beyond 25%,beyond 25%,beyond 25%,beyond 25%,beyond 25%,beyond 25%,beyond 25%,beyond 25%,beyond 25%,beyond 25%
2818,39033,OH,713,ok,acceptable (confidence intervals overlap),0.7814444444444445,45.824042371621346,1.1910303729550291,-0.0812020450337018,-13.876245704110138,0.7168087110229914,0.5922022852916388,0.7079368335749797,-0.2920498069268683,-1.2259374046325023e-06,-0.1056033528920608,-0.1034183940812301,,,,,,,,,,,,,n/a (noise doesn't move it),beyond 25%,beyond 25%,beyond 25%,beyond 25%,beyond 25%,beyond 25%,beyond 25%,beyond 25%,beyond 25%,beyond 25%,beyond 25%
2819,53001,,0,no residential sales in 2024,,,,,,,,,,,,,,,,,,,,,,,,,,,,,,,,,,,,,
2820,28043,,0,no residential sales in 2024,,,,,,,,,,,,,,,,,,,,,,,,,,,,,,,,,,,,,
2821,19049,,0,no residential sales in 2024,,,,,,,,,,,,,,,,,,,,,,,,,,,,,,,,,,,,,
2822,55019,WI,500,ok,acceptable (VEI significance <= 10),0.8113078703703704,30.999180571471356,1.1690988577511878,-0.076554471081002,-20.036002095326385,0.6835630823758321,0.3791463739710773,0.7103097208722221,-0.2896837155161317,-7.718944878996269e-07,-0.1211336880807951,-0.1417615717711349,,,,,,,,,,0.2316517242108272,,,n/a (noise doesn't move it),beyond 25%,beyond 25%,beyond 25%,beyond 25%,beyond 25%,beyond 25%,beyond 25%,beyond 25%,,beyond 25%,beyond 25%
2823,37099,NC,0,no residential sales in 2024,,,,,,,,,,,,,,,,,,,,,,,,,,,,,,,,,,,,,
2824,17001,IL,924,ok,acceptable (VEI within +/-10),0.885417857142857,14.66089759757412,1.0218672485565017,-0.004215205768885,-5.74363527949357,0.954463516968694,0.7888843958955692,0.9625578688327244,-0.0374387010920183,-1.9876197384194365e-07,-0.016152470474589,-0.0167175516352766,,0.1747562246371738,0.1430227448123853,0.0740661704148731,0.1798369305869825,0.1326589551026792,,0.1399314038090219,0.1399194024633674,0.1139265889067905,0.1320816582332404,0.1410207317612047,n/a (noise doesn't move it),,,,,,beyond 25%,,,,,
2825,21117,KY,2380,ok,acceptable (VEI within +/-10),0.7823086240310078,23.373242207572886,1.029215013471133,0.0223893810361265,7.830172569392038,0.9347725733065206,0.6498615251491283,0.9125798530547632,-0.0874172050519059,-1.694768471122612e-07,-0.0201167806639583,-0.0192899524423575,,,0.1598852069201326,,,0.1558291673261858,,0.1869821873151953,0.186980364321218,0.1240805827938418,0.1522145233001894,0.1443106624740801,n/a (noise doesn't move it),beyond 25%,,progressive,progressive,,beyond 25%,,,,,
2826,48121,,0,no residential sales in 2024,,,,,,,,,,,,,,,,,,,,,,,,,,,,,,,,,,,,,
2827,22107,,0,no residential sales in 2024,,,,,,,,,,,,,,,,,,,,,,,,,,,,,,,,,,,,,
2828,39173,,0,no residential sales in 2024,,,,,,,,,,,,,,,,,,,,,,,,,,,,,,,,,,,,,
2829,19039,IA,0,no residential sales in 2024,,,,,,,,,,,,,,,,,,,,,,,,,,,,,,,,,,,,,
2830,20103,,0,no residential sales in 2024,,,,,,,,,,,,,,,,,,,,,,,,,,,,,,,,,,,,,
2831,05057,AR,2,skipped (fewer than 100 sales),,,,,,,,,,,,,,,,,,,,,,,,,,,,,,,,,,,,,
2832,27143,MN,193,ok,acceptable (VEI within +/-10),0.8791946308724832,33.04552650433469,1.0403828034120546,0.0301323964972223,0.5091564847289975,0.9207506107565342,1.0129165142794618,0.8506306346227105,-0.1493678216097851,-1.877744470708083e-07,-0.0291308842056496,-0.0101605742292165,,,0.1926965573016182,,0.0354109482377112,0.1680930735993057,0.1178137768742593,,,,0.1871570018375498,0.1069837020235564,n/a (noise doesn't move it),beyond 25%,,beyond 25%,,,,beyond 25%,beyond 25%,beyond 25%,,
2833,47059,TN,1081,ok,acceptable (confidence intervals overlap),0.7680451127819549,29.936315864913116,1.420037327291289,-0.0185237998333067,10.00023953862864,0.6163178480159125,0.0045440987700683,0.8351547552097065,-0.1648425571399043,-1.0415702461157172e-08,-0.1971304413734971,-0.2795530034998108,,,,0.1885539137339176,,,,,,0.0313527280465252,,,n/a (noise doesn't move it),beyond 25%,beyond 25%,,progressive,beyond 25%,beyond 25%,beyond 25%,beyond 25%,,beyond 25%,beyond 25%
2834,31019,NE,705,ok,acceptable (VEI within +/-10),0.8190787401574803,15.46146908941166,1.0018941688552672,0.0043951391911736,-1.6257581430668224,0.9893035375576796,1.0328350155097024,0.9513737491426084,-0.0486240436818883,-7.936338522739252e-10,-0.0042239966865196,0.0024439628087365,,0.1769264584515387,0.0356094462326877,,0.131639564760965,0.0934875251507277,0.0446021524527532,0.1539984390517113,0.1539906779710874,0.0466257536989583,0.0927352030199703,0.0493186665138558,n/a (noise doesn't move it),,,progressive,,,,,,,,
2835,45019,SC,0,no residential sales in 2024,,,,,,,,,,,,,,,,,,,,,,,,,,,,,,,,,,,,,
2836,06029,CA,0,no residential sales in 2024,,,,,,,,,,,,,,,,,,,,,,,,,,,,,,,,,,,,,
2837,38101,ND,1003,ok,acceptable (VEI within +/-10),0.8678571428571429,12.64723057393325,1.0109443949480237,-0.0019634512464897,-5.422415879932226,0.976939009472141,0.8473814124814002,0.9592217211913108,-0.0407775377399563,-5.517955369535975e-09,-0.0085965365035369,-0.0064811535830948,,0.1568070303469267,0.1583324876205518,0.0340837054818872,0.1938554314259713,0.0846593226050523,0.192796831895868,0.1180979430729314,0.1180971699907597,0.0724288895341701,0.0833414293161997,0.084836974973565,n/a (noise doesn't move it),,,,,,,,,,,
2838,38099,ND,139,ok,acceptable (confidence intervals overlap),0.7932773109243697,47.53365135167556,1.3832353472081078,-0.2111480850056118,-26.7491732120711,0.6615144553070323,0.1478415815325021,0.6366502459021235,-0.3633483160340562,-1.008649736750763e-06,-0.1505460891275569,-0.1879473936333704,,,,,,,,,,0.2338201805686794,,,n/a (noise doesn't move it),beyond 25%,beyond 25%,beyond 25%,beyond 25%,beyond 25%,beyond 25%,beyond 25%,beyond 25%,,beyond 25%,beyond 25%
2839,41039,,0,no residential sales in 2024,,,,,,,,,,,,,,,,,,,,,,,,,,,,,,,,,,,,,
2840,13255,GA,1228,ok,acceptable (confidence intervals overlap),0.8336653153153153,27.508119478307016,1.1997228223430885,0.0225689582867523,13.078706392822612,0.73434139646238,0.1180946607905415,0.8400537768089926,-0.1599447153300781,-2.6304797530970965e-08,-0.1125541278926258,-0.1609639441177446,,,,,,,,,,0.093500974866297,,,n/a (noise doesn't move it),beyond 25%,beyond 25%,progressive,progressive,beyond 25%,beyond 25%,beyond 25%,beyond 25%,,beyond 25%,beyond 25%
2841,48245,,0,no residential sales in 2024,,,,,,,,,,,,,,,,,,,,,,,,,,,,,,,,,,,,,
2842,51520,VA,314,ok,acceptable (VEI within +/-10),0.5361716364581304,24.52775995967701,1.0432311402175851,-0.028944971404726,4.512276805038721,0.9339592358944172,0.4828489469227394,0.8485853377970553,-0.1514085931152636,-3.653326430697697e-07,-0.0195238472982293,-0.0168289043446945,,,0.1943432901886879,0.12326616583817,,0.1286197518657274,,0.2267716519062932,0.2267647907812143,0.1475684079851661,0.1414056456163063,0.1275895971846516,n/a (noise doesn't move it),beyond 25%,,,progressive,,beyond 25%,,,,,
2843,17149,IL,289,ok,UNACCEPTABLE regressivity,0.830620895522388,46.27504159577462,2.0273051445295054,-0.1487540220334948,-49.81595890374973,0.4781655250272567,0.0370043276258553,0.5677645236381309,-0.432225873867701,-2.5134962657691584e-07,-0.3352590560976278,-0.4553906776468839,,,,,,,,,,0.1095877700784596,,,n/a (noise doesn't move it),beyond 25%,beyond 25%,beyond 25%,beyond 25%,beyond 25%,beyond 25%,beyond 25%,beyond 25%,,beyond 25%,beyond 25%
2844,48323,TX,252,ok,acceptable (confidence intervals overlap),0.8582353630774602,24.21106647067258,1.0399332923343965,0.0601962194425313,15.723372190709537,0.794263657779949,0.4303682669509035,0.8430431754609486,-0.1569536790429609,-4.648040889996573e-07,-0.0462677379505129,-0.0510622297758132,,,0.1966338157424842,,,0.222851675491635,,0.2151901646983426,0.2151880355493831,0.1771171876638096,0.1973062506277917,0.1946651303662197,n/a (noise doesn't move it),beyond 25%,,progressive,progressive,,beyond 25%,,,,,
2845,53033,WA,19847,ok,acceptable (VEI within +/-10),0.8917674067185866,9.373935107639792,1.0228569383353532,-0.0245322177749096,-6.070831869807132,0.9520057780852136,0.7900255922624669,0.9456117321287332,-0.0543881398955678,-2.3001999771431e-09,-0.018557652205364,-0.0182802717352648,,0.1142855372913507,0.1423900122487891,0.1542253956692454,0.1531054401130002,0.1397832927242195,,0.137589800660872,0.1375895870145827,0.1163304307279806,0.1402541407822657,0.1646880876635058,n/a (noise doesn't move it),,,,,,beyond 25%,,,,,
2846,12043,FL,258,ok,acceptable (VEI within +/-10),0.7206136707784151,34.87519644797579,1.0874475266654724,0.0058395665816214,5.072921525099586,0.8550979627752332,0.6803531824001534,0.6796369699393775,-0.3203621624850194,-2.705330528974469e-07,-0.0549975383338574,-0.0431238568806116,,,0.2408991809959726,,,,,,,0.2305738145663853,,0.1745428777978723,n/a (noise doesn't move it),beyond 25%,,progressive,progressive,beyond 25%,beyond 25%,beyond 25%,beyond 25%,,beyond 25%,
2847,40031,OK,1830,ok,acceptable (VEI within +/-10),0.9055101416171768,21.226002799047055,1.037356558138497,-0.0200925624234634,-8.643486523413536,0.9700128073210968,0.9095758473321072,0.9228668286957566,-0.0771294615475213,-1.104437037477291e-07,-0.0118962753140055,-0.0081020835235612,,0.2322323444283076,0.1974050261258791,0.1923039227151854,0.218297383695591,0.1279682273199611,0.1770194016503409,0.2045548060915898,0.204551960752845,0.1813436458834841,0.1228808830958448,0.1072707839912863,n/a (noise doesn't move it),,,,,,,,,,,
2848,01067,AL,279,ok,UNACCEPTABLE regressivity,0.891527868852459,39.42488176262126,4.076533582248418,-0.1428898730059066,-52.528375435239134,0.389801423308671,0.0002726119280631,0.5935088452743912,-0.4064884567802899,-7.591611857673171e-09,-0.5034385558681029,-0.7347625949224315,,,,,,,,,,0.0184469153965745,,,n/a (noise doesn't move it),beyond 25%,beyond 25%,beyond 25%,beyond 25%,beyond 25%,beyond 25%,beyond 25%,beyond 25%,,beyond 25%,beyond 25%
2849,47045,TN,0,no residential sales in 2024,,,,,,,,,,,,,,,,,,,,,,,,,,,,,,,,,,,,,
2850,37195,NC,1017,ok,acceptable (VEI within +/-10),0.8901044546850998,29.945711598829675,1.1198004060691276,-0.0300904115798678,-9.49412031977686,0.8072358880009558,0.4194486164195737,0.7234318176431731,-0.2765680750551831,-1.712142683390209e-07,-0.068730174013708,-0.0785635732293186,,,,0.2483452149977484,0.2379487563540944,,,,,0.174732450651081,,,n/a (noise doesn't move it),beyond 25%,beyond 25%,,,beyond 25%,beyond 25%,beyond 25%,beyond 25%,,beyond 25%,beyond 25%
2851,17085,IL,363,ok,acceptable (VEI within +/-10),0.8674444444444445,19.881216402320547,1.0204449765570975,0.0149022135951664,7.964658862958791,0.9549587787262164,0.8044353417315692,0.951758382866814,-0.0482405184606407,-1.487395933537589e-07,-0.0150654922526214,-0.0184595692533204,,0.2364918332337219,0.1441514313235677,,,0.1375461048941207,,0.1420337309681806,0.1420309347151439,0.1205703608247376,0.1330787600900257,0.1397285541839327,n/a (noise doesn't move it),,,progressive,progressive,,beyond 25%,,,,,
