order,fips,state,n_sales,status,VEI_outcome,median_ratio_real,COD_real,PRD_real,PRB_real,VEI_real,MKI_real,paglin72_real,cheng74_real,LC_real,IAAO78_real,gini_diff_real,suits_real,median_ratio_implied_noise,COD_implied_noise,PRD_implied_noise,PRB_implied_noise,VEI_implied_noise,MKI_implied_noise,paglin72_implied_noise,cheng74_implied_noise,LC_implied_noise,IAAO78_implied_noise,gini_diff_implied_noise,suits_implied_noise
1,20121,KS,372,ok,acceptable (VEI within +/-10),0.8779493044421508,20.941081622605726,1.0492646335829594,-0.0037218795187002854,0.4792332962509014,0.8756733554852006,0.6846592284473898,0.8847088830037613,-0.11529044885783453,-1.6998189225847695e-07,-0.04145855168763357,-0.048912717623379676,,0.2215658855873445,0.19823191856193878,0.052615477442607944,,0.22387371983168955,,0.21471915806329084,0.21471684109686312,0.16605273335924697,0.2077460523363131,0.2286623963935754
2,02170,,0,no residential sales in 2024,,,,,,,,,,,,,,,,,,,,,,,,,
3,19099,IA,0,no residential sales in 2024,,,,,,,,,,,,,,,,,,,,,,,,,
4,17105,,0,no residential sales in 2024,,,,,,,,,,,,,,,,,,,,,,,,,
5,26067,MI,622,ok,acceptable (VEI within +/-10),0.8117073170731708,18.606345669653535,1.0194724957033146,0.012265791048695374,-8.091804971452715,0.9338448040454005,0.7517722177525654,0.9143621258342081,-0.08563650136796773,-2.906780413556956e-07,-0.01604443059449312,-0.014781067650554647,,0.21858444322786252,0.13865369802197544,,0.13121823690120593,0.11519699743585335,,0.151006665939688,0.1509926439070436,0.11079035375580501,0.11327916202402825,0.10412545455367986
6,01111,AL,553,ok,UNACCEPTABLE regressivity,0.821045507942183,49.593908215980335,1.424174494874767,-0.1436425829613503,-49.06584429974605,0.7115871333705015,0.3148181822084288,0.652211526132946,-0.34778693647883185,-6.110493692939566e-07,-0.1546658712528155,-0.2006898155434098,,,,,,,,,,,,
7,48457,TX,97,skipped (fewer than 100 sales),,,,,,,,,,,,,,,,,,,,,,,,,
8,55057,WI,655,ok,acceptable (VEI within +/-10),0.92,26.540377789845298,1.044238376053471,0.006139871346071579,1.1749070911114932,0.9419822454174647,0.8246918673402482,0.9336597907161261,-0.06631971967693696,-2.323339546154723e-07,-0.022786199309758448,-0.024839328306930142,,,0.20691681850469387,,0.09337454504710402,0.2019596174867059,,0.2156113842099367,0.2156400171775544,0.20380055112393666,0.19389723348884585,0.19224564428364707
9,01133,AL,613,ok,UNACCEPTABLE regressivity,0.942984496124031,49.26154829252633,1.3376102937940528,-0.10658808634251322,-24.706410669272707,0.8375351418950268,0.6297337327981607,0.7552077982485333,-0.24479462688766848,-6.587553420540972e-07,-0.09094997248417824,-0.10479624327328518,,,,,,,,,,,,
10,51109,VA,0,no residential sales in 2024,,,,,,,,,,,,,,,,,,,,,,,,,
11,37145,NC,579,ok,acceptable (confidence intervals overlap),0.6335703971119133,32.520439806414146,1.3054590926391507,-0.037147075128010146,-23.250337293610556,0.6867276030346628,0.05868869596787941,0.6912179959516894,-0.30877745167506215,-9.806293177182908e-08,-0.15295082192469978,-0.222910490319584,,,,0.2381467057753478,,,,,,0.1172868724126049,,
12,51173,VA,347,ok,UNACCEPTABLE regressivity,0.8679245283018868,41.36450503962549,1.2064249879162985,-0.14054624983814895,-35.438819275082,0.7558190697370685,0.5442939685667049,0.7215968295966003,-0.2784015539944593,-1.822955950113602e-06,-0.0970981669588824,-0.10368534236905003,,,,,,,,,,,,
13,04007,AZ,762,ok,UNACCEPTABLE progressivity,0.6809964295722215,31.345562745612945,0.9725950541059528,0.13282350001353785,55.70234374626425,1.0939545993130664,0.7024139330703464,1.0747966861602338,0.07479805073348528,6.168272477782418e-08,0.03259414728900234,0.03268049098668013,,,,,,,,,,,,
14,40109,OK,10999,ok,acceptable (VEI within +/-10),0.9781818181818182,13.784617504160618,1.0207430559238577,0.00670477126307194,-2.6814209357579886,0.9708318966557313,0.8024789706630016,0.9787979969159912,-0.02120140859469273,-1.3076801054556613e-08,-0.011418591807228262,-0.015959719953807072,,0.1636842919806258,0.14773967170554908,,0.10241764168569235,0.12692917748233026,,0.09781966214151622,0.09781868064534863,0.11699891987945478,0.12582641097800032,0.16206572084995677
15,48471,,0,no residential sales in 2024,,,,,,,,,,,,,,,,,,,,,,,,,
16,27153,MN,443,ok,acceptable (VEI significance <= 10),0.8993548387096775,33.674353785950345,1.0470961974667516,0.06199763525908057,13.81682621069219,0.9329966550564328,0.7587837516083309,0.9413235783005409,-0.058638409625645684,-3.4841073029184174e-07,-0.024592900669224482,-0.027199301814364363,,,0.1921267726055715,,,0.1936910010928716,,,,0.20746468013778957,0.17545308825448538,0.19167329009460188
17,40003,OK,45,skipped (fewer than 100 sales),,,,,,,,,,,,,,,,,,,,,,,,,
18,31125,NE,65,skipped (fewer than 100 sales),,,,,,,,,,,,,,,,,,,,,,,,,
19,47049,TN,0,no residential sales in 2024,,,,,,,,,,,,,,,,,,,,,,,,,
20,48189,TX,191,ok,acceptable (VEI within +/-10),0.9417114214106695,24.85959541274521,1.1748665290085192,-0.00818208304644427,8.766647830276472,0.7620609803098978,0.3265922177225496,0.8704230990503626,-0.12957303634054065,-2.2919191860139313e-07,-0.10584034773578455,-0.14580319245432327,,,,0.16119260448956813,,,,,,0.18661424204326446,,
21,02180,AK,22,skipped (fewer than 100 sales),,,,,,,,,,,,,,,,,,,,,,,,,
22,08093,CO,543,ok,acceptable (VEI within +/-10),1.0005626666666667,14.027148598858709,1.0067353469571492,0.026623628322486485,7.995994337857703,0.9689961777335798,0.9815319860848378,0.9697656827825462,-0.030234190177749743,-5.76897434919671e-08,-0.007044660919542034,-0.006503723602674816,0.14566098386498733,0.17043217671388075,0.07733376813629236,,,0.06751294360497942,0.04638986828093622,0.0830035009908213,0.08300329488030024,0.08135015884679175,0.06471801784809869,0.05803890603389251
23,05101,AR,0,no residential sales in 2024,,,,,,,,,,,,,,,,,,,,,,,,,
24,13061,GA,55,skipped (fewer than 100 sales),,,,,,,,,,,,,,,,,,,,,,,,,
25,56023,,0,no residential sales in 2024,,,,,,,,,,,,,,,,,,,,,,,,,
26,27147,MN,457,ok,acceptable (VEI within +/-10),0.8987783595113438,9.80075075234156,1.0110916846093991,0.0067279903009358055,2.059991706433149,0.9631594803881061,0.7428263662015137,0.9739220101431789,-0.026077235356561583,-4.612492380683174e-08,-0.00912662428054456,-0.010414149958353658,,0.12301204928665815,0.10273753077234968,,,0.08929892688025777,,0.08580579884429643,0.08580533982584376,0.078814744753524,0.08740198293864582,0.1003964503351466
27,48399,TX,86,skipped (fewer than 100 sales),,,,,,,,,,,,,,,,,,,,,,,,,
28,30097,MT,0,no residential sales in 2024,,,,,,,,,,,,,,,,,,,,,,,,,
29,24023,MD,554,ok,acceptable (VEI significance <= 10),0.7417651775486827,24.760941039349614,0.9770251195776459,0.04716167724774338,30.99114786656982,1.0323575641300058,0.7620666091612512,1.0268757240121327,0.026878165239103257,2.733942904370251e-08,0.015771079310074043,0.012884837826672269,,0.2368488068479498,,,,,,,,,,
30,55015,WI,436,ok,UNACCEPTABLE progressivity,0.8672145593869731,18.00114122063463,0.9818231408958722,0.08286143460668946,24.070149092737843,1.041282132392116,0.9066617860101892,1.083451436122671,0.0834542710721862,1.6782425594790224e-07,0.012034989337613045,0.01145249158881323,,0.21158443214819272,,,,,0.13821886849839327,,,,,
31,37151,NC,1807,ok,acceptable (confidence intervals overlap),0.7602553191489362,22.4256685019519,1.032698488332842,0.00977519371969828,11.03019232427046,0.9313720309242003,0.6106136694743906,0.9280294157487543,-0.07196411405094855,-1.7402134781893727e-07,-0.020826664766084413,-0.01974673726178433,,0.2444515702828992,0.17269307288148886,,,0.156087871133724,,0.1948902452086205,0.19488652770443535,0.12765094399599244,0.15190274419481098,0.14052280676064585
32,06085,CA,0,no residential sales in 2024,,,,,,,,,,,,,,,,,,,,,,,,,
33,21059,KY,1482,ok,acceptable (VEI significance <= 10),0.713125,22.999388267520082,1.028601664470917,0.055671483170554086,22.87928409982011,0.9171771096637368,0.545631061563598,0.9447409303032402,-0.05525111639971367,-2.0301074611608716e-07,-0.02584353330120437,-0.03458967442837024,,0.24369812775913147,0.15668126605760102,,,0.17728931468107076,,0.16446974397808106,0.16444606936276823,0.10808106725857163,0.17960357593426002,0.19360956789873124
34,13123,GA,847,ok,acceptable (VEI significance <= 10),0.8529729729729729,23.02654730878834,0.9849572731370664,0.07380964889118766,25.666774412149167,0.9951541350011034,0.788105400115185,1.0770233380557523,0.07702570356683171,8.139914931433142e-08,-0.0015255092856605312,-0.006539828676885406,,0.24942230150436412,,,,0.0357546307545592,,,,,0.034320918512558,0.0712774030169702
35,51117,VA,529,ok,UNACCEPTABLE progressivity,0.736140350877193,34.64230299929011,1.0385740537670525,0.06943775678609583,43.482395581376366,0.9317756297328522,0.33858881055401874,1.0796172817495537,0.07962982313720203,-5.675534156492644e-08,-0.03381850046017498,-0.06595435048411424,,0.24979236883826933,0.19825700967133478,,,0.24177320984862752,,,,0.11428440184321882,0.22030282769024478,
36,45059,SC,635,ok,acceptable (confidence intervals overlap),0.5969696969696969,49.67199061157871,1.1385756885016927,0.041083542396274826,32.81728584794353,0.8264794636493323,0.31280870326260907,0.7353669589318372,-0.26462624301541127,-3.53773620168225e-07,-0.07394077259789555,-0.10385423530005267,,,,,,,,,,0.2057878463429146,,
37,38011,ND,45,skipped (fewer than 100 sales),,,,,,,,,,,,,,,,,,,,,,,,,
38,13127,GA,1497,ok,acceptable (VEI within +/-10),0.8086206896551724,20.59004994965442,1.0848217740062347,0.011973074059172946,7.918372423940146,0.9085822775237679,0.5157279527874877,0.9900251625987816,-0.009970903978333485,-3.609115221172685e-08,-0.04869416520216352,-0.07206495352587616,,0.22289429383002102,0.2440163303678114,,,,,0.11651978686836391,0.11649726669630404,0.1792154255345135,,
39,45013,SC,4844,ok,acceptable (VEI within +/-10),0.8597948664001683,12.819316673706362,1.0243811833806846,-0.0003200611757524028,0.9443418776235951,0.9572201399748271,0.6972520545815806,0.9730895444647898,-0.02690958829442387,-1.653700100521626e-08,-0.017642581025264947,-0.02195868593309469,,0.1532682005654897,0.14277276658008803,0.018583260582740783,,0.1562196623456671,,0.11872416059588944,0.11872233987656859,0.11362169741879659,0.15618795872643432,0.17769655689034303
40,17089,IL,6103,ok,acceptable (VEI significance <= 10),0.8576326530612245,11.234034553475142,1.0032806780668313,0.032553967616616906,10.55807189398919,0.9804624074429584,0.8237012449759717,0.9889858314343256,-0.0110134798093011,-2.7628767324633242e-08,-0.004673541639103496,-0.005475462167409129,,0.13488803807919014,0.055793023442580955,,,0.06398193738413967,0.2141355111958266,0.04344762215912602,0.043444030230808284,0.04773705298163508,0.06193053807379571,0.06926320349031481
41,18183,IN,449,ok,acceptable (VEI within +/-10),0.8011647184562432,20.889598207759537,1.0539238607090997,-0.008688816385413693,5.679913523635474,0.8319730439588162,0.45262745356975953,0.8343257866753883,-0.1656725613036962,-3.402047620588136e-07,-0.0482744070005372,-0.05709098767116627,,0.23191716179057084,0.2098298557216843,0.073158601559629,,0.22820947895375113,,0.2253884592783184,0.22538334346871344,0.13904032617196024,0.2188636458482965,0.2330407806427481
42,32001,NV,413,ok,UNACCEPTABLE progressivity,0.5928323529411764,33.70748936293453,1.0278747748263883,0.057508854528944844,36.825002593226465,1.0596464235482537,0.5219254432100459,0.8748913418401583,-0.12510344796106085,-4.2814568179684095e-08,0.017496559908217302,0.018876258023787007,,,0.16555555521132248,,,,,,,0.08299118945941979,,
43,54079,WV,0,no residential sales in 2024,,,,,,,,,,,,,,,,,,,,,,,,,
44,48183,TX,1029,ok,acceptable (VEI significance <= 10),0.8572086671821787,23.523919550822416,1.00900578650351,0.052753700263344555,10.230300320763897,0.9665337957197777,1.0374281518631874,0.9237873439502331,-0.07621155169627136,-1.0307469062074331e-08,-0.010767223447549101,-0.00737093023371771,,0.24543121303908716,0.08426611125815152,,,0.08476259138495833,0.23760106160603905,0.17851091281223389,0.17850969046982307,0.08915845181931223,0.10078787909950175,0.09798128215014974
45,37181,NC,478,ok,acceptable (VEI significance <= 10),0.8574334558592522,41.80384483460009,1.2677885375882856,-0.0884101762612,-30.516201979155216,0.7023317671116573,0.24155827474979435,0.6777016103910094,-0.32229578685057114,-5.65657210394427e-07,-0.13305873311125183,-0.15972976829637076,,,,,,,,,,0.24834847245023087,,
46,39077,OH,702,ok,UNACCEPTABLE regressivity,0.814787545277236,32.42787762647221,1.192361764298002,-0.07672796238170286,-29.135987383756703,0.633612960861049,0.31469740210304753,0.6918316592441949,-0.3081637264817452,-4.80019805680712e-07,-0.1390184818716047,-0.1539288828723926,,,,,,,,,,0.19666969351102112,,
47,40015,OK,400,ok,UNACCEPTABLE regressivity,1.541289746917586,130.72191448506373,2.796470010815603,-0.351199628292535,-102.38701539274791,0.33167981112448397,0.11237703242418873,0.27394230065572245,-0.7260595598166854,-4.593912406401715e-06,-0.41671365739570976,-0.4460267534897493,,,,,,,,,,,,
48,26145,MI,2493,ok,acceptable (VEI significance <= 10),0.8497991967871485,24.59595883120889,1.0700499229223204,-0.05792077166098897,-18.18002315067763,0.9233677797284895,0.7028462856101549,0.861729284498438,-0.13826991426535523,-5.207405697985966e-07,-0.029089150232946892,-0.030973306347037655,,,0.22940540368314247,,,0.19472917526315855,,,,0.2032723496861332,0.18101446580784997,0.2087720702592296
49,39143,OH,791,ok,UNACCEPTABLE regressivity,0.8232258064516129,28.3258952526633,1.116000418408609,-0.13541680018724014,-37.06100841951017,0.7281743299562505,0.44505501571623496,0.6439198544324591,-0.3560804178594781,-1.223970795586644e-06,-0.08411651648127516,-0.08898298421513262,,,,,,,,,,0.2344527261881801,,
50,46013,,0,no residential sales in 2024,,,,,,,,,,,,,,,,,,,,,,,,,
51,41063,OR,90,skipped (fewer than 100 sales),,,,,,,,,,,,,,,,,,,,,,,,,
52,42075,PA,0,no residential sales in 2024,,,,,,,,,,,,,,,,,,,,,,,,,
53,20053,,0,no residential sales in 2024,,,,,,,,,,,,,,,,,,,,,,,,,
54,29159,MO,465,ok,UNACCEPTABLE progressivity,0.44264,30.143209589817694,1.0462446524868965,0.09977062051236335,42.95313179295856,0.9268859531528281,0.28896989040750953,0.8822647950624762,-0.11772713115687404,-7.525068546217565e-08,-0.025777327884059842,-0.03924356515800698,,,0.19121514280085675,,,0.19812233624579006,,0.23882813272986217,0.23881853351091914,0.11922240779928611,0.22952406315862928,0.2110263259169797
55,28163,,0,no residential sales in 2024,,,,,,,,,,,,,,,,,,,,,,,,,
56,19015,IA,0,no residential sales in 2024,,,,,,,,,,,,,,,,,,,,,,,,,
57,40147,OK,860,ok,acceptable (confidence intervals overlap),0.7936007783145465,26.056391890986777,1.0659902289814454,-0.024376589327149263,-14.51349722501427,0.8948011780548007,0.5705359418084482,0.8665891692434138,-0.13340737494688837,-4.6805491193435637e-07,-0.03733943080275881,-0.046831420505770716,,,0.23593925964341822,0.1711052979415642,,0.22624148120529272,,,,0.17598436541987472,0.21695385623895055,0.22354692191352016
58,29213,,0,no residential sales in 2024,,,,,,,,,,,,,,,,,,,,,,,,,
59,19091,IA,0,no residential sales in 2024,,,,,,,,,,,,,,,,,,,,,,,,,
60,29123,MO,0,no residential sales in 2024,,,,,,,,,,,,,,,,,,,,,,,,,
61,21083,KY,264,ok,acceptable (VEI within +/-10),1.0,0.0,1.0,0.0,0.0,1.0,1.0,0.9999999999999999,0.0,0.0,0.0,0.0,0.0,0.0,0.0,0.0,0.0,0.0,0.0,0.0,0.0,0.0,0.0,0.0
62,21017,KY,320,ok,UNACCEPTABLE regressivity,0.7941738754325259,32.60605718124834,1.5200395089208225,-0.16457461720108382,-60.77768292733675,0.5734542778583084,0.17539521095771027,0.6261038846671324,-0.37389109950665955,-2.0199340502627048e-07,-0.2357021802519934,-0.29167666513027535,,,,,,,,,,0.18060675143788277,,
63,13169,GA,344,ok,acceptable (confidence intervals overlap),0.7382668292682927,30.532514636134547,1.160245342087647,-0.003412090448596542,11.185919497457142,0.8106198418109274,0.1805752624710424,0.8625932210299735,-0.13740355577280913,-8.366785798123052e-08,-0.08042002745888976,-0.11907759306238597,,,,0.11828041660437981,,,,,,0.14782114342965627,,
64,21205,KY,285,ok,acceptable (confidence intervals overlap),0.7738095238095238,42.92166635622871,1.1633661371240833,-0.10304871324757002,-22.366863905325452,0.9152463664969923,0.5290133280116424,0.7638612197397507,-0.23613811094602596,-1.0136643650040822e-06,-0.034493438168704316,-0.031900058756263006,,,,,,0.2404948251645241,,,,,0.2135373889380612,0.1869573150357468
65,34011,NJ,1631,ok,acceptable (VEI within +/-10),0.5297142857142857,27.294969203002463,1.053046213459152,-0.009961159045157743,-0.2782035996139174,0.7909733619649634,0.45411001986105415,0.7516131344260398,-0.24838153809005536,-4.809021433089157e-07,-0.05205377411899903,-0.05172025463443286,,,0.20714565671079,0.08952932184175032,0.027791063722834946,0.23359198536183848,,,,0.14351030833377595,0.21312169071163542,0.2103322913288537
66,18175,IN,300,ok,acceptable (confidence intervals overlap),0.5922097141634097,32.55322587363437,1.0834020149275598,-0.03395531778500042,18.53875913332318,0.7975667436538898,0.42408224680025614,0.7537093348838952,-0.24628601072642392,-6.109191743520954e-07,-0.06026549305286277,-0.06262309978014935,,,,0.17249960881276472,,,,,,0.1724474664818917,0.23375201489516625,0.22180472429163547
67,18173,IN,869,ok,acceptable (VEI within +/-10),0.7928571428571428,19.109882513631405,1.0277933118531162,0.016421389528721953,3.6894401032332116,0.937857833924545,0.6263001602671467,0.9466254292924431,-0.053372767969618304,-1.2014716108275168e-07,-0.019977297244632153,-0.02474692659998734,,0.21603667138655622,0.16620903259479156,,,0.15094985634717067,,0.1505933915240636,0.15059194369668927,0.13641220161998638,0.14853332603289576,0.16764354482909963
68,06059,CA,0,no residential sales in 2024,,,,,,,,,,,,,,,,,,,,,,,,,
69,22081,LA,18,skipped (fewer than 100 sales),,,,,,,,,,,,,,,,,,,,,,,,,
70,51630,VA,297,ok,acceptable (VEI significance <= 10),0.6856666666666666,15.179515457070897,1.0042905835966616,0.07382767190030132,14.390104751476356,0.9719881462390547,0.6359656111103664,1.0025749820236243,0.002576354907004211,-2.0975563457709478e-08,-0.006918779549206278,-0.011662520341884974,,0.17481869170623082,0.062224726460171215,,,0.08150979073198135,,,,0.034168396716574435,0.08050354854532568,0.08710129576960456
71,20209,KS,1690,ok,UNACCEPTABLE regressivity,0.7752632051380802,33.26219588244741,13.235757405333862,-0.11286474232976546,-103.20839799151238,0.22151495517262923,-6.269802069879183e-05,0.21566148417282205,-0.7843262091321748,-2.3863952721808627e-09,-0.715114439462573,-0.9093909457793521,,,,,,,,,,0.006672246836281819,,
72,22109,LA,868,ok,UNACCEPTABLE regressivity,0.8074844720496894,30.63989050747213,1.1896608248017113,-0.14789490455706258,-37.6271425457995,0.7783528630681671,0.3078315836448058,0.7402995771327678,-0.25970002444747187,-3.361487297007861e-07,-0.09135097828403582,-0.10708313707333517,,,,,,,,,,0.18668083130131985,,
73,08005,CO,8055,ok,acceptable (VEI within +/-10),1.0266666666666666,7.937380501621277,1.0332969703224755,-0.03479905841234839,-6.08710196123248,0.918111917579927,0.9360180968652375,0.9287092012686837,-0.0712907971288313,-3.2002471824079e-09,-0.030553094193355168,-0.03089541029317311,,0.09723679110642416,0.18284628817463167,0.1426545672693987,0.13263608050328354,0.16211732494804015,0.14679505847228314,0.13256225653808826,0.13256221320422149,0.1617755594254397,0.16289516767999251,0.18720969387731298
74,42031,PA,0,no residential sales in 2024,,,,,,,,,,,,,,,,,,,,,,,,,
75,16041,ID,101,ok,acceptable (VEI within +/-10),0.7502379136246413,34.3096010656742,1.1185201624706982,-0.029709771402246066,-3.6468789924627143,0.42915851396229443,0.25154803560126354,0.28139446221173725,-0.7186061874780261,-7.272389994511658e-07,-0.1382577760078041,-0.13634026840040625,,,,0.12058086679934549,0.17971766916507934,,,,,0.24400046257555652,,
76,46067,,0,no residential sales in 2024,,,,,,,,,,,,,,,,,,,,,,,,,
77,51047,VA,671,ok,acceptable (VEI within +/-10),0.8671875,17.23205912730807,1.0208707531205097,0.051381712418091245,3.148488613853144,0.9208060594096753,0.6553264033177031,0.9204333965618583,-0.07956582434452997,-1.7584162036960218e-07,-0.018135555932842218,-0.02227785068260446,,0.18988200064857347,0.14234177808338286,,,0.12279955108546906,,0.15515038873656103,0.15514957438585533,0.1370144288061991,0.13818962323781886,0.12230400625582177
78,51043,VA,180,ok,acceptable (VEI significance <= 10),0.8795694444444444,24.77198872392073,1.075278426445117,0.056424021574028385,32.25628194239878,0.8190776574836521,0.2599677802627236,1.0549469046922788,0.05498254670166243,-8.698572346580959e-08,-0.0673876147999164,-0.09609905308262667,,,0.24622770904519717,,,,,,,0.16628878018775547,,
79,13167,GA,73,skipped (fewer than 100 sales),,,,,,,,,,,,,,,,,,,,,,,,,
80,26123,MI,698,ok,acceptable (VEI within +/-10),0.8153333333333332,27.079486905939746,1.0466870225476088,-0.0034369536635750985,-4.410203511083891,0.9290884920863567,0.745139325324727,0.9128029243089657,-0.08719356041181284,-3.753462591554909e-07,-0.024235862981092593,-0.024127558328297605,,,0.20018506783621892,0.0695784751770271,0.11558725654024157,0.16519994890932096,,0.2312489928169202,0.2312453223490241,0.16967658679512418,0.17729151118368888,0.1729392796071669
81,48503,TX,127,ok,acceptable (confidence intervals overlap),0.7716010347801092,35.77165310765102,1.0322989878152053,0.05606324893300902,40.12934273224654,0.985789900245479,0.5902475233173324,1.047955216808172,0.04797656061942684,-1.6468236477410427e-07,-0.005103440946984561,-0.013476162708541572,,,0.12438085037636416,,,0.09648732456707251,,,,0.11269450013026569,0.09023808367282489,0.08086753420524874
82,19061,IA,0,no residential sales in 2024,,,,,,,,,,,,,,,,,,,,,,,,,
83,29175,MO,0,no residential sales in 2024,,,,,,,,,,,,,,,,,,,,,,,,,
84,46005,SD,0,no residential sales in 2024,,,,,,,,,,,,,,,,,,,,,,,,,
85,54009,,0,no residential sales in 2024,,,,,,,,,,,,,,,,,,,,,,,,,
86,13307,GA,19,skipped (fewer than 100 sales),,,,,,,,,,,,,,,,,,,,,,,,,
87,48211,TX,19,skipped (fewer than 100 sales),,,,,,,,,,,,,,,,,,,,,,,,,
88,42049,PA,0,no residential sales in 2024,,,,,,,,,,,,,,,,,,,,,,,,,
89,38019,ND,46,skipped (fewer than 100 sales),,,,,,,,,,,,,,,,,,,,,,,,,
90,47123,TN,0,no residential sales in 2024,,,,,,,,,,,,,,,,,,,,,,,,,
91,13271,GA,108,ok,acceptable (VEI significance <= 10),0.9141666666666667,43.52918292576818,1.3984071883636393,-0.09554374938672978,-44.17042973369702,0.7712457430008641,0.5430034191952137,0.716963382535114,-0.28303454678791634,-4.465214054765013e-07,-0.13561614870653504,-0.1519075902016258,,,,,,,,,,,,
92,08121,CO,77,skipped (fewer than 100 sales),,,,,,,,,,,,,,,,,,,,,,,,,
93,13293,GA,409,ok,acceptable (VEI within +/-10),0.7889121951219512,32.98518785648846,1.0874168157451343,-0.017495624685465283,-4.980242120358316,0.8605721630004962,0.5874015501988787,0.8511102024241564,-0.14887628429039898,-5.449042000634545e-07,-0.051269946039477876,-0.05391112084463878,,,0.2484408618622316,0.1463542642789505,0.1436934607690352,,,,,0.23462459819377038,0.24758661713798452,0.2433386059602109
94,19167,IA,0,no residential sales in 2024,,,,,,,,,,,,,,,,,,,,,,,,,
95,13097,GA,1916,ok,acceptable (VEI within +/-10),0.8514970183581,23.44086006541303,1.105390516428263,-0.004019826185366041,3.504235185424046,0.6701363266056249,0.2519933057657379,0.7515362336826008,-0.24845280574477888,-4.023808099735762e-07,-0.09836147244340787,-0.11994427468474345,,0.24845556942155383,,0.06252061564085745,,,,,,0.1681279581774658,,
96,37173,NC,230,ok,acceptable (confidence intervals overlap),0.5254861244019138,29.73948198938697,0.9947257873225482,0.04552615642634307,20.684785191223256,1.0834569953106998,0.6288283959080524,0.9268263858648178,-0.07316930085610578,1.483152859575877e-08,0.029328735490534052,0.044339622751157215,,,,,,,,0.23269636158551243,0.23269850251701818,,,
97,36113,NY,905,ok,acceptable (VEI within +/-10),0.855445301972314,20.805421997468898,1.066724467443704,-0.048039502378282375,-7.333906261036009,0.8931372411793964,0.6747902719032184,0.866673568314872,-0.1333262643466965,-9.602046261345753e-08,-0.04242929847848531,-0.043599747312510484,,0.2362427754825429,0.23056880472306437,0.23877261044046183,0.18527469913919148,0.2497288157691166,,0.24012399588655564,0.24012365888838882,0.22137548585760583,0.2463496880750725,0.2337559632790196
98,55035,WI,889,ok,acceptable (VEI within +/-10),0.9246252676659529,12.66597529254971,1.0034967083621054,0.022949284075667303,0.5852266110737107,0.9963593238385037,0.9073611355572022,0.9909773598798655,-0.00902182746182761,-4.3646394278384584e-08,-0.0009222340991046352,-0.0010145920271078523,,0.1487448580803437,0.06929125967106009,,,0.03903940680307637,0.13523696273002375,0.04054698906734413,0.04054424666924093,0.04996927265957227,0.03779792830023948,0.03582368777847201
99,27049,MN,678,ok,acceptable (VEI within +/-10),0.9376250880902044,15.38876415535622,1.0275438904356775,0.00887170157155712,-0.4212446738608159,0.9176925554699069,0.7114871996940306,0.9434253707768168,-0.05657340043139178,-8.286704903286628e-08,-0.023919680704937774,-0.027765484126944795,,0.18402988827403036,0.16361012168452135,,0.021657592517390353,0.15370990593362796,,0.13991085986948162,0.13990768808359375,0.126148024363403,0.15622781421256846,0.15675568173720597
100,48223,TX,191,ok,acceptable (confidence intervals overlap),0.8055272103827876,29.3443945760856,1.0245898301248473,0.061837344684364255,10.616283715421474,0.9523614200563368,0.7797703502274246,0.9521551395917671,-0.047838186157491164,-9.543439318842138e-08,-0.015783374317946963,-0.010884094501789843,,,0.17261791101678997,,,0.14658331962434254,,0.15416638581966866,0.1541536679520595,0.14337180533038274,0.1317620354260674,0.10805654886493314
101,26129,MI,405,ok,acceptable (VEI significance <= 10),0.4052941176470588,29.387965329987125,1.0929832426730606,-0.07699095002603967,-24.826506477449875,0.8794237496829514,0.3092720753006101,0.8273344328738051,-0.17265270223468326,-3.1950943811385304e-07,-0.044978225102921376,-0.047349089022308055,,,0.2400464417943815,,,0.22136273708319068,,,,0.11514118858825366,0.222986327556946,0.23384892776455268
102,44005,RI,0,no residential sales in 2024,,,,,,,,,,,,,,,,,,,,,,,,,
103,21075,KY,114,ok,acceptable (VEI within +/-10),0.8890547263681592,43.818868227996056,1.3286185341916625,-0.010733863544522474,1.1247901510912153,0.7689750007383155,0.22920029881017967,0.8367043324768615,-0.16325135546850453,-8.461439106990392e-07,-0.1309739533418386,-0.20107326807333492,,,,0.21507972158099764,0.02937320418517342,,,,,0.2431064072009207,,
104,47127,TN,102,ok,acceptable (VEI within +/-10),0.8630606670500287,38.837203861643076,1.123522986985561,-0.015198205553631265,0.21605322739151306,0.8266979974667142,0.5939081394487936,0.8344630976150292,-0.16553730347555504,-3.686983945591583e-07,-0.06946624339321827,-0.0861154922071814,,,,0.21189643459947813,0.07389554260807521,,,,,,,
105,55099,WI,429,ok,acceptable (VEI within +/-10),0.8614285714285714,29.06531816459536,1.067882914972974,0.0077850542609208635,3.886886215803,0.8702806783995117,0.6531877254337203,0.8659346530314554,-0.13406113509756132,-5.283759002718558e-07,-0.04844224032169664,-0.06166204600108727,,,0.22916444509733394,,,0.24308528277520855,,,,0.21432073127860315,0.2463316894792385,0.2443026381211128
106,31181,NE,73,skipped (fewer than 100 sales),,,,,,,,,,,,,,,,,,,,,,,,,
107,19153,,0,no residential sales in 2024,,,,,,,,,,,,,,,,,,,,,,,,,
108,29015,,0,no residential sales in 2024,,,,,,,,,,,,,,,,,,,,,,,,,
109,05035,AR,0,no residential sales in 2024,,,,,,,,,,,,,,,,,,,,,,,,,
110,06063,,0,no residential sales in 2024,,,,,,,,,,,,,,,,,,,,,,,,,
111,42097,PA,0,no residential sales in 2024,,,,,,,,,,,,,,,,,,,,,,,,,
112,02220,,0,no residential sales in 2024,,,,,,,,,,,,,,,,,,,,,,,,,
113,21213,KY,272,ok,acceptable (VEI within +/-10),0.6315276962223527,42.854061317843694,1.8413218829990963,-0.12420815785804826,9.661933582051672,0.4020831673472922,0.007341143116201972,0.4740225332651729,-0.5259411525244412,-2.482841274993827e-07,-0.33964829723663326,-0.4569502598585151,,,,,,,,,,0.138524527889815,,
114,17125,IL,228,ok,UNACCEPTABLE regressivity,0.97530625,40.099619413698164,1.4044764105051437,-0.16307387087222983,-43.953253386981125,0.61513216618141,0.049230898766086516,0.6345569178566133,-0.36544550148695526,-9.677376870046677e-07,-0.1835830468050752,-0.23996865404825085,,,,,,,,,,0.205739689590443,,
115,45047,SC,1187,ok,UNACCEPTABLE regressivity,0.6631229235880398,274.42696197517347,4.44007861848352,-0.8630535400920171,-86.63947937082558,0.7144745816473659,0.30635018967765393,0.38619145391979187,-0.6138047827543077,-5.0929596138937164e-06,-0.172561054873142,-0.1959928710751122,,,,,,,,,,,,
116,48409,,0,no residential sales in 2024,,,,,,,,,,,,,,,,,,,,,,,,,
117,13183,GA,406,ok,UNACCEPTABLE progressivity,0.6654304786939679,21.68251079085033,0.9823533007653059,0.1581704928010854,54.643023185159976,1.2249877208925328,0.6750304991771229,1.1414322721989827,0.14144424200925876,3.797600994613936e-07,0.03806677803227965,0.03717778834518981,,0.2360978705752797,,,,,,,,,,
118,37081,,0,no residential sales in 2024,,,,,,,,,,,,,,,,,,,,,,,,,
119,23021,ME,0,no residential sales in 2024,,,,,,,,,,,,,,,,,,,,,,,,,
120,51169,VA,231,ok,UNACCEPTABLE regressivity,0.6676923076923077,45.67868302085414,1.192847754968825,-0.1476954393098476,-47.92785408128862,0.6852785614816793,0.47569647123858555,0.7010044437891203,-0.29897772865776295,-1.6474558163846793e-06,-0.11209030964228028,-0.11031101112630148,,,,,,,,,,,,
121,13223,GA,2566,ok,acceptable (VEI within +/-10),0.9552911787665885,12.24778995257321,1.0168665351734045,0.02496944446327432,4.584415885059245,0.8497934664936082,0.7285437577348683,0.9690575294296114,-0.030939653114173588,-1.6459243936521964e-07,-0.030640640373313488,-0.033099648598694964,,0.144098927249768,0.12135056659128313,,,0.13530521102492765,,0.08353914447840521,0.08352410037751558,0.10409001671155849,0.13277492065278784,0.1363372471755135
122,20045,KS,785,ok,acceptable (VEI within +/-10),0.8738828202581926,16.627727257323443,1.0299760085031446,-0.030355957811142777,-9.058280178969829,0.8726960231642462,0.8726148485988768,0.8490037396620536,-0.15099588544989961,-3.1541160710843915e-08,-0.03635236227967864,-0.035019696806879,,0.19208477245854708,0.15603726421127515,0.14970651239680027,0.14282042613975782,0.16928405760910725,0.15905256086166253,0.186269429953566,0.18626708131490474,0.14480029793275417,0.16543085070989522,0.16755984353805498
123,48097,TX,429,ok,acceptable (VEI significance <= 10),0.8948704597117052,25.017669393549497,1.0289190062103206,0.05392384752439431,13.52234753253747,0.9222760208224322,0.783293407697258,0.8913195783314803,-0.10867991012066552,-1.4828046254856218e-07,-0.02522568816531834,-0.026452091076051287,,,0.19437762567674188,,,0.18217866664408677,,0.22110370708533172,0.22110311461865062,0.140696498033258,0.1508302053332104,0.14475701853912648
124,48381,TX,7,skipped (fewer than 100 sales),,,,,,,,,,,,,,,,,,,,,,,,,
125,37115,NC,267,ok,acceptable (VEI within +/-10),0.840672340425532,32.096202460226,1.1085032984490402,-0.027932112109668873,-8.485109904867844,0.8215474581322976,0.4323133123680916,0.8401891220622666,-0.15981016767332115,-2.9041513738956127e-07,-0.06664409041218611,-0.0891127641760161,,,0.2491707764972136,0.21674631691423613,0.19459722580263755,,,,,0.21727781511081573,,
126,39135,,0,no residential sales in 2024,,,,,,,,,,,,,,,,,,,,,,,,,
127,42059,PA,0,no residential sales in 2024,,,,,,,,,,,,,,,,,,,,,,,,,
128,48489,TX,49,skipped (fewer than 100 sales),,,,,,,,,,,,,,,,,,,,,,,,,
129,01009,AL,637,ok,acceptable (confidence intervals overlap),0.8555,30.842387001827046,1.0791438934816469,-0.042884298548899545,-15.6968933167664,0.866249609279124,0.7306223913290522,0.7998850438363766,-0.2001126953402665,-6.235780056017092e-07,-0.04361707237575052,-0.04457826519541186,,,0.23779575297131006,0.21056079969874966,0.2337337908545061,0.23694450915450246,,,,0.23092319292280988,0.21104623891416854,0.21314439265887028
130,18095,IN,2072,ok,UNACCEPTABLE progressivity,0.6086084777160292,33.88777602115653,12.20307720211088,0.009829552891816041,32.50866460775826,0.3463509548846762,0.0001049633142940601,0.5856331214541384,-0.4143622180139681,-8.269597308168907e-10,-0.6150388479024953,-0.9119465376815878,,,,,,,,,,0.003052548425121174,,
131,47093,TN,7892,ok,UNACCEPTABLE progressivity,0.6173906882591094,20.759690388311682,1.010545564362854,0.07666069682381521,30.267046133179917,0.9981201566933023,0.41029862691514335,1.0464457334856658,0.046453183177796065,-3.769964254363028e-09,-0.0006501649304762047,-0.008452294798926507,,0.22883785320687922,0.10896126724997691,,,0.03012651554024859,,,,0.05192731713586032,0.02872991304507545,0.1110052051960607
132,13215,GA,2590,ok,acceptable (VEI within +/-10),0.8806398348813209,20.89474197333752,1.0334127391152654,-0.01890792651764966,-8.412886815660466,0.9677618046990726,0.8025954858229152,0.9141401467240303,-0.08585825380717411,-2.134855757446812e-07,-0.011381794687548075,-0.008802517863786496,,0.2333942781706424,0.16682700141289275,0.14313938581038518,0.15551267136639899,0.11072021279469027,,0.2039566486104976,0.20395494816121584,0.15816620916340834,0.11366516809236042,0.10306076107344908
133,08035,CO,7787,ok,UNACCEPTABLE progressivity,0.9797186206896552,25.182953515011235,1.0666574872150276,0.17042969082095658,72.214708797465,0.7342918800063837,0.6760742728757879,0.640879988799271,-0.3591196917779916,-9.455266798851698e-09,-0.07501268958542306,-0.07374729070228425,,,0.23771421516730698,,,,,,,0.2109972063674078,,
134,13209,GA,66,skipped (fewer than 100 sales),,,,,,,,,,,,,,,,,,,,,,,,,
135,18179,IN,362,ok,acceptable (confidence intervals overlap),0.8565216365190715,24.026749674858326,1.0980128691840119,-0.06980973285339889,-10.727226776047248,0.7097471175804811,0.40417451109703206,0.7499112171532449,-0.25008631988980895,-6.094927273767628e-07,-0.08931694715086858,-0.10142052225375586,,,,0.20213571466576225,0.19776359786118985,,,,,0.18353360666562374,,
136,13313,GA,826,ok,acceptable (VEI within +/-10),0.9027633333333334,23.388043262458325,1.0372193165195254,0.0015876792563567536,-7.150919679716631,0.8919765035331115,0.9716924404857056,0.8930012817390313,-0.10699716319264374,-2.250117808582311e-07,-0.031092816141935042,-0.030788995839390987,,,0.18634686880707646,,0.20807402562871044,0.1951488690159097,0.09919526083742256,0.22147945988293027,0.22147897241147035,0.1932237176455927,0.17917893513721275,0.17390596655440718
137,31161,NE,38,skipped (fewer than 100 sales),,,,,,,,,,,,,,,,,,,,,,,,,
138,23005,ME,0,no residential sales in 2024,,,,,,,,,,,,,,,,,,,,,,,,,
139,17115,IL,1750,ok,acceptable (VEI within +/-10),0.8725543900543901,26.936470529557408,1.094965226121929,-0.03328492187512816,-3.0409317844506893,0.9158906262923581,0.6733413913303918,0.8835917433669515,-0.11640682652992179,-1.573744597028832e-07,-0.04042748958397713,-0.04886591664757023,,,,0.23800124086668836,0.11468845526053734,,,,,0.22313035141653095,,
140,39113,OH,8784,ok,acceptable (VEI within +/-10),0.7586498630136986,23.47694203972891,1.0305279001774468,0.01180601237611806,-4.373404154905082,0.9672739038581174,0.676130543943021,0.9457340934570166,-0.05425929200943596,-1.5334778244088444e-07,-0.011940709291059282,-0.018110015872184082,,0.24716497137218416,0.16141054293074844,,0.12181975023157404,0.12989131353792097,,0.18148066205154995,0.18147283065188982,0.13573550195747486,0.12444115103024593,0.14198024978274612
141,26103,MI,861,ok,acceptable (VEI within +/-10),0.7476923076923077,27.30871888130941,1.0462110836595235,0.00791367345799433,5.410963399129167,0.942881342711808,0.6194704997055175,0.8959952566076159,-0.10400188494495158,-2.1161325833938137e-07,-0.02117059393344034,-0.025623657222629603,,,0.2037582456463649,,,0.1896691407218111,,0.24438036875371066,0.24437934312461962,0.1555839816680145,0.17884508155088266,0.1864179779411704
142,36123,NY,264,ok,acceptable (confidence intervals overlap),0.815025641025641,25.058996961798222,1.0869015000937825,-0.044175192631268706,-11.29325538709477,0.890792159161694,0.6712383777063898,0.8572860740590259,-0.14271345546092473,-1.6555058407925594e-07,-0.04887947836383133,-0.05066492326262795,,0.24797344337594324,0.23528788909819986,0.20021155799455412,0.19538035139463694,,,,,0.2068952535053546,0.248491403421587,0.2437949331299513
143,48377,TX,33,skipped (fewer than 100 sales),,,,,,,,,,,,,,,,,,,,,,,,,
144,13145,GA,527,ok,acceptable (confidence intervals overlap),0.8585813333333333,18.185933398726682,1.025844014562243,0.00656653933388451,-14.518321696566115,0.9337526703872507,0.6273154738193916,0.9555972183293678,-0.04440036201178969,-1.515595614187188e-07,-0.020233298353803386,-0.030517302388015644,,0.20148162622545662,0.1433512595719651,,0.20179400803707204,0.13741091182220266,,0.1628154293668982,0.1628057917329612,0.12557623153807618,0.13936025682451,0.17500935779709165
145,18063,IN,2351,ok,UNACCEPTABLE progressivity,0.8414,15.539992096793425,1.009247717004274,0.05180017921146644,14.557378805272434,0.9321629430189737,0.9147302905637418,0.9198449171090632,-0.08015428795000333,-2.4000144714461014e-08,-0.015288528765297071,-0.01582446378453639,,0.1786791214983405,0.09140188322492114,,,0.10721176929127871,0.11541489208983116,0.11050078585452251,0.11049981562992513,0.09044557831306999,0.09777808826195393,0.09998289669028715
146,06081,,0,no residential sales in 2024,,,,,,,,,,,,,,,,,,,,,,,,,
147,31089,NE,75,skipped (fewer than 100 sales),,,,,,,,,,,,,,,,,,,,,,,,,
148,37159,NC,2352,ok,UNACCEPTABLE progressivity,0.7337335563380282,33.156300560033614,1.1681511321697802,0.02280098184689061,21.253677178765706,0.6893212284059277,0.13803200276651406,0.586800842444314,-0.41319504946196167,-2.3796865907737142e-07,-0.11552394929722798,-0.14663787301725617,,,,,,,,,,0.15942908308099166,,
149,24029,MD,374,ok,acceptable (VEI within +/-10),0.7210416827434305,23.5911867365663,1.135563851679435,-0.06313567068380359,-2.9471486461604206,0.7879993215704898,0.30838893378347754,0.7909963087409299,-0.20900245524463673,-1.1151294202429363e-07,-0.08714396135482039,-0.10657259796442631,,,,0.19154071531687814,0.14349772312387696,,,,,0.16329188238568734,,
150,36071,,0,no residential sales in 2024,,,,,,,,,,,,,,,,,,,,,,,,,
151,39009,OH,687,ok,acceptable (VEI within +/-10),0.7289082969432314,40.59962464964488,1.225304324914241,-0.05121186026955201,0.8641789226393654,0.7554026876539542,0.3157027237491692,0.7696121274502912,-0.2303753393374277,-6.351242206298579e-07,-0.11101614136915505,-0.14792125515603338,,,,,0.08048317377540755,,,,,0.2487393866097363,,
152,35051,,0,no residential sales in 2024,,,,,,,,,,,,,,,,,,,,,,,,,
153,42035,PA,0,no residential sales in 2024,,,,,,,,,,,,,,,,,,,,,,,,,
154,48123,TX,85,skipped (fewer than 100 sales),,,,,,,,,,,,,,,,,,,,,,,,,
155,38073,ND,50,skipped (fewer than 100 sales),,,,,,,,,,,,,,,,,,,,,,,,,
156,18117,IN,281,ok,acceptable (VEI within +/-10),0.7166353383458647,40.282327163098095,1.1722353285072222,-0.035116413706162516,1.4060203794697808,0.7335449716004088,0.4283306270535438,0.7456554083726911,-0.25433545922921513,-7.013189097373093e-07,-0.10789875237325797,-0.12259234687265397,,,,,0.15883076933265433,,,,,,,
157,55117,WI,1347,ok,acceptable (VEI within +/-10),0.8742547425474255,14.93606801496139,1.0274606078412694,-0.0029706757301079015,1.4387350351211938,0.9198908694390429,0.6559487252384238,0.922773523141307,-0.07722588660768336,-1.358886862559192e-07,-0.023043816084539648,-0.02622098654971472,,0.1778393914452061,0.1715090836039553,0.040186127157699016,,0.14881002420515366,,0.13653938175135966,0.13653890025027915,0.12089568199961005,0.14723976966740707,0.17002231078775404
158,13179,GA,1066,ok,UNACCEPTABLE progressivity,0.8749912868993751,16.60218463075814,0.998811711886841,0.10028572658033569,28.340323553128076,1.0283020052079817,0.6778265697745564,1.076167672427611,0.07617382293266727,1.5433064559371787e-08,0.005617039713356364,0.003436759951599422,,0.19691234213234637,,,,,,,,,,
159,18077,IN,443,ok,acceptable (VEI within +/-10),0.5832,34.48791101842599,1.5357566375673215,-0.026628148695840424,3.935844676585408,0.5131787084921386,0.014384589110880641,0.6661274191762907,-0.3338659313221536,-2.26785899652463e-08,-0.25937387494001674,-0.34115329771741565,,,,0.15412167002930086,,,,,,0.037328670737297856,,
160,42003,PA,16736,ok,acceptable (VEI within +/-10),0.48526152522010435,32.439929002303586,1.275606128170452,-0.04615367908975141,-3.4185131960432282,0.7076184732407769,0.3329204030369567,0.4322935598185823,-0.5677385973056626,-4.6307630302233957e-08,-0.1435610638164324,-0.18944865286998347,,,,,0.14449473827817053,,,,,0.2306125191003197,,
161,38095,ND,18,skipped (fewer than 100 sales),,,,,,,,,,,,,,,,,,,,,,,,,
162,39155,OH,0,no residential sales in 2024,,,,,,,,,,,,,,,,,,,,,,,,,
163,54023,WV,75,skipped (fewer than 100 sales),,,,,,,,,,,,,,,,,,,,,,,,,
164,36019,NY,425,ok,acceptable (VEI significance <= 10),0.8904761904761904,21.969340027568602,1.1094702976141162,-0.09147424086382457,-14.544629577208202,0.7921608993927182,0.567025759987373,0.8063775903680623,-0.19362206202601845,-4.5486934864409377e-07,-0.07623690132389482,-0.0860803905688261,,0.24367634535835245,,,0.23113033257975565,,,,,0.22410500550538953,,
165,48029,,0,no residential sales in 2024,,,,,,,,,,,,,,,,,,,,,,,,,
166,01131,AL,65,skipped (fewer than 100 sales),,,,,,,,,,,,,,,,,,,,,,,,,
167,13049,GA,100,ok,acceptable (confidence intervals overlap),0.8191878927167808,39.965328945074255,1.0602700364461102,0.04497998730511694,34.687393710749845,0.9540522809647165,0.5444058903351482,0.9732589126022236,-0.02673289064386052,-1.7444310762634734e-07,-0.021553829760395216,-0.04449069204466749,,,0.17254089615069484,,,0.19006126406240975,,0.16498874970984823,0.16498073874494257,0.13143842865421718,0.2254868588102083,0.22304572990653246
168,19005,IA,0,no residential sales in 2024,,,,,,,,,,,,,,,,,,,,,,,,,
169,17147,IL,206,ok,acceptable (VEI within +/-10),0.8708511721958926,17.220196810384294,1.0157901256111812,0.0062117281581585485,3.8849226040254976,0.9744662225059288,0.8198023513351761,0.9602947153240131,-0.03970483202981961,-1.5614965933486374e-07,-0.00816088576768359,-0.008958303791155364,,0.21486681452373685,0.15366590090027066,,,0.13563746935417642,0.24319389545053463,0.16851122277190822,0.16850662291675741,0.1368067971864417,0.13070570239117504,0.10793708659166573
170,50013,VT,0,no residential sales in 2024,,,,,,,,,,,,,,,,,,,,,,,,,
171,48061,TX,1875,ok,acceptable (confidence intervals overlap),0.837160227842871,32.92810499348376,1.1064153667149192,0.07238256099875287,10.881018732203604,0.7381981484622022,0.23955054912323864,0.6917498652996568,-0.3082494881934828,-1.3963058353442438e-07,-0.08428952203013673,-0.09382055527287414,,,,,,,,,,0.1397321019063159,,
172,26069,MI,636,ok,acceptable (confidence intervals overlap),0.7846713286713287,31.784045266128032,1.084692054098609,-0.04225094583470582,-27.59239272554789,0.8967233820463049,0.7104481499639396,0.8553015474007121,-0.14469188562175342,-6.76854864639411e-07,-0.03878426578444749,-0.03520415694163859,,,,0.2351557621343857,,0.24689190090683077,,,,0.24957686038333154,0.240678470683001,0.22552592734180177
173,17099,IL,1378,ok,acceptable (confidence intervals overlap),0.8632188988095237,23.96063289843064,1.0608687855959722,-0.029384236023439664,-13.895198482676772,0.8845947453959421,0.6796129923936877,0.8648030596517999,-0.13519544786350066,-4.647039941274058e-07,-0.0405227662831511,-0.044061715732671036,,0.24356705182031907,0.22731461366383166,0.2039263482610284,0.2241793375759801,0.2271353718408329,,0.24090205863071074,0.2409015359570888,0.19059388047481518,0.22394751235816973,0.2234397399937627
174,47031,TN,1162,ok,UNACCEPTABLE progressivity,0.5781253594019551,33.58537686749627,0.9950674829618421,0.06810258585177095,61.3531923898131,1.0156573004265623,0.41037095998662443,1.0103853247153343,0.01042554829633178,1.811160820098371e-08,0.005814539046957945,-0.0024038585893557674,,,,,,,,,,,,0.042587989538377724
175,39037,OH,601,ok,acceptable (confidence intervals overlap),0.7657674418604651,21.713817452494037,1.0558779846882635,-0.0393514265948497,-11.41214295299014,0.8450686680005921,0.6118961288915525,0.8379764254618486,-0.1620207347615412,-5.236151836315565e-07,-0.04823839844355815,-0.05082806057416844,,0.22044839399470914,0.22785144571960758,0.18078059137579058,0.18924107341297383,0.22373487905354592,,0.22221186206502394,0.22220857284245465,0.17381137597369353,0.22556986568390866,0.224506396807114
176,39171,OH,473,ok,acceptable (VEI within +/-10),0.8575757575757575,22.5474294101443,1.088844862138694,-0.04826526924915741,-7.097688958769894,0.8047987042989984,0.5422513292357696,0.8416044469900889,-0.15838709106518478,-4.647729661782227e-07,-0.06850758106567234,-0.07502529335364083,,0.2398719766205928,,0.2386954584718302,0.19830685580069815,,,,,0.19067818887395505,,
177,29215,MO,0,no residential sales in 2024,,,,,,,,,,,,,,,,,,,,,,,,,
178,51157,VA,134,ok,acceptable (VEI within +/-10),0.6906091954022988,38.638127889396216,1.0846578099925308,0.0384772060458755,2.662143855095549,0.908351026716831,0.473074293784414,1.002695363560064,0.0027102332273518043,-7.632342496492852e-08,-0.046439000349452586,-0.07540233360504489,,,0.24770803774196187,,0.04718711143702038,,,0.0443685811586817,0.04451167308310294,0.1543787575593718,0.2416088090876619,0.24191041105462208
179,13273,GA,100,ok,acceptable (VEI significance <= 10),0.6095658119658119,48.031896574873024,2.110374911415843,-0.1613092355534304,-48.65288966633491,0.5863962324098809,0.06509477237185542,0.6334214026485608,-0.36657155487103027,-1.523607252684409e-07,-0.28803296057677996,-0.4395635661925261,,,,,,,,,,0.1657468135559886,,
180,20167,,0,no residential sales in 2024,,,,,,,,,,,,,,,,,,,,,,,,,
181,37091,NC,0,no residential sales in 2024,,,,,,,,,,,,,,,,,,,,,,,,,
182,39127,OH,0,no residential sales in 2024,,,,,,,,,,,,,,,,,,,,,,,,,
183,42017,,0,no residential sales in 2024,,,,,,,,,,,,,,,,,,,,,,,,,
184,40047,OK,1040,ok,UNACCEPTABLE regressivity,0.8931534591194968,31.79831022324215,1.1549106000764522,-0.1481289126986372,-43.97156319408655,0.8527633608627465,0.7216821453811602,0.7560647492909951,-0.24393159409403017,-1.1422838418715346e-06,-0.061190534896254034,-0.05875540973975002,,,,,,,,,,,,
185,41035,OR,1047,ok,acceptable (confidence intervals overlap),0.971375,32.14306784640693,1.0510381358588814,0.05264692281872086,14.853815710106705,0.8733107921147436,0.669046237194923,0.8372847360547118,-0.16271405109299325,-4.585401778960207e-07,-0.03769733123608643,-0.044384296988508876,,,0.2060272563625696,,,0.23575948452600815,,,,0.2209746980183135,0.21062738372442696,0.21059794998909256
186,21163,KY,549,ok,acceptable (confidence intervals overlap),0.6486187845303868,44.50004563182182,1.1474980279510698,-0.040360164905915576,-20.47950932684147,0.781632453800134,0.417668794494378,0.7735873106198659,-0.226401833485444,-8.831055543464557e-07,-0.08236702333882495,-0.10328437011143698,,,,,,,,,,0.24756861256665663,,
187,45011,SC,172,ok,acceptable (confidence intervals overlap),0.6228271728271728,52.577158418798085,1.1746691768353092,-0.050698618319323825,-17.400205140326957,0.8509619405163833,0.5071492447184417,0.8163329299397036,-0.18365431968619966,-1.1857696179655622e-06,-0.06040004011598765,-0.05726735001826788,,,,,,,,,,,,
188,17137,IL,469,ok,acceptable (VEI within +/-10),0.912,29.14109849187128,1.071498913781631,-0.009054043916632174,0.13739816371395622,0.8740560277645314,0.7398620697732002,0.8565736196323526,-0.14342233709156438,-9.699438635852106e-07,-0.04420464568048921,-0.044336718318274126,,,0.23190113373890428,0.13605295445205431,0.04121217994910161,0.24627914676757215,,,,0.23546984267337612,0.23919746114649465,0.21322855250265615
189,31061,NE,38,skipped (fewer than 100 sales),,,,,,,,,,,,,,,,,,,,,,,,,
190,51017,VA,0,no residential sales in 2024,,,,,,,,,,,,,,,,,,,,,,,,,
191,19067,IA,234,ok,acceptable (confidence intervals overlap),0.9198388644812436,24.68402789683722,1.1725357360192221,-0.09883792918456814,-16.580474421320748,0.7722592557392689,0.34586738365543984,0.7921026821058244,-0.20789639626260503,-6.22298819723783e-07,-0.09747849873363634,-0.1264968814370908,,,,,,,,,,0.19023144813354825,,
192,18141,IN,3451,ok,acceptable (VEI within +/-10),0.7816326530612245,28.87915221685092,1.102504109731365,-0.007480930679111635,4.298262925261668,0.8136074084558316,0.1825358460312705,0.7925870819512454,-0.20740551867115428,-1.3290202125310721e-07,-0.0682372232411621,-0.08431799338720203,,,,0.10100975880744921,,,,,,0.12146563206200041,,
193,19165,IA,0,no residential sales in 2024,,,,,,,,,,,,,,,,,,,,,,,,,
194,13013,GA,1318,ok,UNACCEPTABLE progressivity,0.8388708606557377,16.485388233288536,0.9955712393543342,0.1373999258397981,32.35801571877282,1.0762625881893313,0.7714294870130513,1.084364857434788,0.08436651531725418,5.40388216716984e-08,0.014499111802070086,0.011616571021223154,,0.18584139815399928,,,,,0.23165749679032016,,,,,
195,40039,OK,275,ok,acceptable (VEI significance <= 10),0.7789101123595505,21.928060743561392,0.9871321065306224,0.08094157118349654,24.26814595374973,1.0696721356678294,0.7991767750742975,1.026560750645161,0.0265623962476531,1.1211540730027134e-07,0.0219181397558339,0.026592371329145825,,0.23119945280368723,,,,,,,,,,
196,01105,,0,no residential sales in 2024,,,,,,,,,,,,,,,,,,,,,,,,,
197,42085,PA,0,no residential sales in 2024,,,,,,,,,,,,,,,,,,,,,,,,,
198,13109,GA,103,ok,acceptable (confidence intervals overlap),0.786,50.47257530725811,1.7456150824904908,-0.19974180423653579,-76.67739441932692,0.5813058739656874,0.044054835474661186,0.6277098256689495,-0.372287079335329,-3.7243090165814983e-07,-0.2441936244726437,-0.3485350254248132,,,,,,,,,,0.17625868650411675,,
199,08059,CO,8170,ok,acceptable (VEI significance <= 10),0.929972009569378,10.386333422798257,1.0252545602376946,-0.04413527963733282,-11.068664576275516,0.9005055828801823,0.879094467234132,0.8935335316384041,-0.10646632799880477,-4.409882177657341e-09,-0.03006263081470162,-0.029361375864705552,,0.12622798971228003,0.15130477097967207,0.1457331940399119,0.18171070549523735,0.15073085269931052,0.19177995855347058,0.1438808542683965,0.14388072095203105,0.13740105036842543,0.1511612731345889,0.16625413029203492
200,18171,IN,109,ok,UNACCEPTABLE regressivity,0.6509090909090909,69.98098165668998,1.4675803301475545,-0.3859217655873949,-109.83699726716488,0.6415446693200603,0.39920571547890826,0.5404751131484915,-0.45952333283124264,-2.942869479406569e-06,-0.14962443344411835,-0.15039612612786213,,,,,,,,,,,,
201,06011,CA,0,no residential sales in 2024,,,,,,,,,,,,,,,,,,,,,,,,,
202,42071,PA,5390,ok,UNACCEPTABLE progressivity,0.5159193826784445,17.419779579138478,1.0056427021969232,0.07974716178018121,30.034869043152376,0.9895210152606702,0.43062987663498087,1.0095359594892588,0.009540082140660358,-1.4136220808184857e-08,-0.0026162920100427645,-0.005141535165948952,,0.1995766977048669,0.06922377144976288,,,0.044063802580960605,,,,0.033781567062592194,0.042534487381419336,0.06334787658707838
203,27167,MN,86,skipped (fewer than 100 sales),,,,,,,,,,,,,,,,,,,,,,,,,
204,20137,,0,no residential sales in 2024,,,,,,,,,,,,,,,,,,,,,,,,,
205,12129,FL,530,ok,acceptable (VEI within +/-10),0.7374142244575556,18.332621816650626,1.0034763560807867,0.028979076708489485,8.274620846886659,1.0113400211215011,0.7324593259649838,0.9901148071531471,-0.009882483470964458,-3.011206025394614e-08,0.0033789919737428065,0.00339206430429162,,0.20663342492558365,0.05533301640983058,,,,,0.06909025740491646,0.06907513859381163,0.044498517754853965,,
206,17107,IL,417,ok,acceptable (VEI within +/-10),0.86225,25.855012420544263,1.1239389941731597,-0.11564372020215843,-9.529521444315554,0.7141633056333064,0.30591931361430275,0.6457409714701541,-0.35425783625302426,-1.1219886425911721e-06,-0.09238579326244989,-0.10635243533909167,,,,,0.22955779456607286,,,,,0.21207545678468753,,
207,08083,CO,359,ok,UNACCEPTABLE progressivity,0.5729448669201521,32.379065040001485,1.0269285796495418,0.18544380713296213,31.064489779488955,0.9126768593765636,0.3431614259112224,0.9453861056729159,-0.05460722624062233,-8.760711499227485e-08,-0.024774360324897104,-0.03141124271580975,,,0.15391880091205856,,,0.18519743133053207,,0.16574759338923914,0.16573828268718344,0.09969362318314588,0.1528026169733462,0.1691465688713233
208,17037,IL,1167,ok,acceptable (VEI within +/-10),0.8543692307692308,13.906016936608838,1.011991918649304,0.01264077103959001,8.083659833280839,0.9163367646324373,0.790293198814993,0.8837488328197596,-0.11625055942456841,-2.803424620381497e-07,-0.016097759973798587,-0.014457357967171625,,0.16878725575893105,0.11091834315090869,,,0.11327443992975103,0.1826003415034127,0.1322347781015658,0.13223454602329174,0.10534907260426221,0.10905053261275865,0.1036980340965216
209,05115,AR,0,no residential sales in 2024,,,,,,,,,,,,,,,,,,,,,,,,,
210,38029,ND,39,skipped (fewer than 100 sales),,,,,,,,,,,,,,,,,,,,,,,,,
211,31151,NE,165,ok,UNACCEPTABLE progressivity,0.7797941176470589,31.09498431164318,0.9931860109013092,0.10715452289923968,48.32955592943863,1.0279150804786692,0.761942678863385,0.9734798302463555,-0.026516264735853976,3.125562673524204e-08,0.0104528011741718,0.008668744882473933,,,,,,,,0.1697595338112942,0.16982380829078417,0.04759208465160747,,
212,16049,ID,113,ok,acceptable (confidence intervals overlap),0.75921947726459,32.97002027971785,1.0676079327501933,0.015950797263933773,11.365721062892282,0.8554563708340441,0.5616876232584884,0.8343403060104647,-0.1656566734504107,-3.2992094617740266e-07,-0.04504810842495033,-0.05029937867304968,,,0.2107240586977469,,,0.2452062691065458,,,,0.19749441190995803,0.20977762862047897,0.22705504299352972
213,13227,GA,669,ok,acceptable (VEI within +/-10),0.9616419849311509,15.750570875677191,1.0146503826412963,0.013408528024826585,6.106765690157749,0.9614538637400213,0.8185062362768083,0.9440910769698974,-0.05590820737469999,-8.762788987338171e-08,-0.011125377212783949,-0.011469489009212408,,0.17812182276705785,0.11634513817831647,,,0.1089314730376698,0.23496576669954913,0.1580710568804503,0.1580692620043752,0.10884920897666282,0.1050277809616003,0.10526872575765962
214,17121,IL,499,ok,acceptable (VEI significance <= 10),0.8642071197411003,39.9126553882951,3.632437343332285,-0.13310317933819363,-30.274024692220603,0.40659770451555677,0.0003531444541845931,0.6050727434302117,-0.3949238586232977,-8.760732111109167e-09,-0.47864037528153935,-0.6993554173781955,,,,,,,,,,0.020833346025789626,,
215,18051,IN,493,ok,acceptable (VEI significance <= 10),0.790131271459958,30.819115059206677,1.1487719726396288,-0.1397577097145597,-27.1732024022254,0.7234282374079516,0.3720057727082199,0.7270507667753631,-0.27294802414902514,-7.138345753542886e-07,-0.09547353145486448,-0.10375098346335365,,,,,,,,,,0.18728700164945972,,
216,16021,ID,100,ok,acceptable (confidence intervals overlap),0.8046104391935445,25.710191503406463,1.0344459603130565,0.08401348325702551,15.222923332379612,0.8660932033899273,0.6224887225099277,0.9111224819495701,-0.08887630065248549,-2.0835740661491943e-07,-0.03515166078206455,-0.04324342427617256,,,0.17775606143731187,,,0.19775031810842092,,0.15597834130288735,0.15597660398652485,0.12948807464303638,0.17768838492092182,0.23142604784826956
217,28007,,0,no residential sales in 2024,,,,,,,,,,,,,,,,,,,,,,,,,
218,01031,AL,859,ok,acceptable (VEI within +/-10),0.9396923076923077,14.322717526185077,1.0017584129969488,0.015878129216718242,0.9298907940487504,1.0105970257239043,0.9298463871497209,0.9946977782700306,-0.005301141210033078,-2.323296376137459e-08,0.0032914498134029024,0.005221362329616341,,0.16911985361618473,0.03199636281250032,,,,0.1319823199914028,0.041300795662520096,0.041249909054251424,0.03222766592899306,,
219,56037,WY,355,ok,acceptable (VEI within +/-10),0.8738027960921196,16.761801003987827,1.0191828425858362,0.01647430846572728,1.6425586385544777,0.8877966973903478,0.7563373804060753,0.9149328357631967,-0.08506582203460021,-2.801139535335515e-07,-0.025339608817035897,-0.026424027061771715,,0.19029977613112642,0.1401228039523135,,,0.14344098104532246,0.244267803345903,0.12876199751648706,0.1287564463650826,0.12998861266197104,0.14075920629727254,0.1413023351837349
220,20041,,0,no residential sales in 2024,,,,,,,,,,,,,,,,,,,,,,,,,
221,29063,MO,0,no residential sales in 2024,,,,,,,,,,,,,,,,,,,,,,,,,
222,37155,NC,867,ok,acceptable (confidence intervals overlap),0.8261,37.22162064771454,1.1625718551038393,-0.04421831817431481,10.560631801276458,0.7708179282273101,0.4312316472972029,0.7312172338871754,-0.2687362418206682,-9.486930027886586e-07,-0.089042646412691,-0.09239377919280134,,,,,,,,,,,,
223,21077,KY,175,ok,acceptable (confidence intervals overlap),0.8290155440414507,35.405166788526834,1.1743844253592155,-0.05426199629864166,-10.19207485573092,0.7877982474123622,0.3936355786811456,0.783621986310411,-0.21636610209253324,-9.941262291104776e-07,-0.08944640128752157,-0.11854455334579206,,,,,,,,,,0.2390566410042179,,
224,30007,MT,0,no residential sales in 2024,,,,,,,,,,,,,,,,,,,,,,,,,
225,08051,CO,0,no residential sales in 2024,,,,,,,,,,,,,,,,,,,,,,,,,
226,37107,NC,740,ok,acceptable (VEI within +/-10),0.5001296534017972,39.512762741058665,1.1434727676019831,-0.034181196280452186,-2.9216083725253097,0.8193609351137713,0.3170767172977803,0.6793823694870633,-0.3206074632501526,-6.048056815647961e-07,-0.071333878760518,-0.08543843715155663,,,,,0.24093606532020087,,,,,0.19746075858187334,,
227,26039,MI,456,ok,UNACCEPTABLE regressivity,1.0855384615384616,1260.044424625968,13.739514449928754,-6.655182357473729,-2666.543936578746,0.4836583193862307,0.5381907347004459,0.20869135846700843,-0.7913389028698623,-9.106548063121618e-05,-0.2977519812802374,-0.2781207080831223,,,,,,,,,,,,
228,28107,,0,no residential sales in 2024,,,,,,,,,,,,,,,,,,,,,,,,,
229,55017,WI,1001,ok,acceptable (VEI within +/-10),0.9642967066789782,15.536892061451598,1.022884648813256,-0.015251895989796956,-6.91143867678643,0.9419592111385331,0.8818661514036616,0.9325911186113688,-0.06740864749284312,-1.9740006970768408e-07,-0.01779528256564622,-0.01833523790791003,,0.18334492039685296,0.15340949771082124,0.11197968321443838,0.10807478041114037,0.12957806909438246,0.1958990085433496,0.14260504324814746,0.14260391597329344,0.1475845706763648,0.1200961758388642,0.12268211540318191
230,17049,IL,350,ok,acceptable (VEI within +/-10),0.2687532051282051,25.64696452625722,1.0699467945156824,-0.027348360225869017,5.044600603389419,0.8327976546425193,0.1751697090041756,0.842892243981885,-0.15709605797380385,-6.074389187759887e-08,-0.05355103706415543,-0.05976617734555911,,,0.21477147416185682,0.19511540713696665,,0.2480016937412527,,,,0.05330818678530114,0.2135044723055662,0.21190538187657398
231,16043,ID,138,ok,acceptable (confidence intervals overlap),0.6806634952257103,33.701350778473845,1.0475160129524175,0.14558610468127728,21.413510182630375,0.840234531375692,0.5182795816471565,0.8838266570625294,-0.11612546140403256,-1.9097148612909247e-07,-0.047837916143414594,-0.054704278570752995,,,0.19318449057821047,,,0.23180772435290492,,,,0.15347567405281798,0.1959153363340227,0.1978917432320306
232,48013,TX,339,ok,acceptable (confidence intervals overlap),0.86289654257964,27.28287806828295,1.0179598164026966,0.07735124251953812,24.941630558136115,0.9696135810171793,0.8177124111247343,0.9427204291048639,-0.05727803778641403,-2.2152187550371052e-07,-0.008556273265446057,-0.008825612326715415,,,0.1502777989689606,,,0.10863944672852768,0.21122410054543508,0.17742274286710058,0.17741846346642526,0.1496473912777971,0.10819002369369894,0.1134711298776252
233,29003,,0,no residential sales in 2024,,,,,,,,,,,,,,,,,,,,,,,,,
234,04013,AZ,53680,ok,acceptable (VEI within +/-10),0.8377675082169156,9.337411412514193,1.0229866646345946,-0.029024098224892745,-7.914150429077018,0.9375616990451933,0.9393703646977742,0.9314913340667136,-0.06850821719031913,-3.804052287979852e-09,-0.0227125247601061,-0.02187404853178787,,0.11376410993375591,0.13760330684721683,0.14714275057182738,0.1558235946920097,0.14174143606161427,0.1581219661323557,0.1392685130549472,0.1392680254825775,0.13943240830229547,0.1427883441171279,0.14754391922480775
235,54071,,0,no residential sales in 2024,,,,,,,,,,,,,,,,,,,,,,,,,
236,13165,GA,90,skipped (fewer than 100 sales),,,,,,,,,,,,,,,,,,,,,,,,,
237,46065,SD,0,no residential sales in 2024,,,,,,,,,,,,,,,,,,,,,,,,,
238,27119,MN,335,ok,acceptable (VEI within +/-10),0.9318367346938775,15.896737431351442,1.0325598449750677,-0.02914117545435022,-4.121530932040026,0.9415685689917574,0.8585332781334429,0.9185145274193623,-0.08148486780249994,-2.404890597780413e-07,-0.019740205952835543,-0.02035373422860709,,0.18185019576406564,0.16697706633112794,0.1692205497645501,0.1657273795800552,0.16484028730530362,0.21386861647283184,0.181527671172959,0.1815274448883945,0.17887901651158078,0.16127219443313448,0.14435061580843478
239,53053,WA,9771,ok,acceptable (VEI within +/-10),0.9017021276595745,8.485413090471917,1.0066567076658006,-0.005447922851086983,-2.0174729375028604,0.9625988332868607,1.0372779658436808,0.9542705145597677,-0.04572907199184425,-6.154124892780755e-09,-0.009240086494213706,-0.008961714461378945,,0.10396594357209554,0.07176447665189319,0.052206235798698875,0.07211127295097791,0.07647931857082141,0.13870771387368014,0.08970088102681316,0.08970053550385707,0.08246460425313475,0.07569910270663475,0.07604134298972563
240,45023,SC,538,ok,UNACCEPTABLE progressivity,0.3890840925890217,72.50185023071684,1.4651593467898005,-0.052308128175447645,91.40864891981352,0.5559921906719992,0.0742434143286762,0.6735503038972945,-0.32642752129354896,-2.469168001273504e-08,-0.20419724780776383,-0.24361305690335677,,,,0.23472218835409778,,,,,,0.08027105206933628,,
241,35061,NM,746,ok,UNACCEPTABLE progressivity,0.6335630324160011,32.480126566766636,1.0208592011582303,0.12046766307728608,42.74416336937596,0.9675755593658383,0.4360513405497934,0.9053022420488277,-0.09469515072630777,-1.3050480897772328e-07,-0.008193487360283802,-0.013849132692535848,,,0.14106483698313504,,,0.12106829881578457,,,,0.10590658559325915,0.10156283467721208,0.12109732235343502
242,51720,VA,30,skipped (fewer than 100 sales),,,,,,,,,,,,,,,,,,,,,,,,,
243,04001,AZ,299,ok,UNACCEPTABLE progressivity,0.5327257142857142,45.37671842190634,0.998794386106448,0.08289150409010028,63.44236772251682,1.0717483466298967,0.545056541571973,0.9802907630345785,-0.019693590734986496,3.731732274007326e-09,0.027266459883488192,0.03393393931047595,,,,,,,,0.15660872051452113,0.15637838767807102,,,
244,21197,KY,226,ok,acceptable (VEI within +/-10),0.6155669934640523,57.20775442201477,1.209143163999208,-0.022532055788093294,6.090882787801248,0.8687695925267527,0.48957360945686274,0.7721388865724341,-0.22782779831247615,-9.527015478949388e-07,-0.065085073842307,-0.07220780469800236,,,,0.2435708132730887,,,,,,,,
245,56033,WY,332,ok,acceptable (VEI within +/-10),0.8570674532352384,26.581141915321066,1.049355003301144,0.06291086519704539,4.171652270949012,0.7755773224071978,0.5969279060946757,0.9321252494123786,-0.06786515422640599,-3.1899577674902627e-07,-0.06047233337806568,-0.06459934110651422,,,0.2076068983876046,,,0.22381905048095777,,0.18054592432880173,0.1805325958505035,0.17736288472967116,0.22592444384597202,0.22543482189421513
246,09140,CT,0,no residential sales in 2024,,,,,,,,,,,,,,,,,,,,,,,,,
247,40045,OK,29,skipped (fewer than 100 sales),,,,,,,,,,,,,,,,,,,,,,,,,
248,26005,MI,1420,ok,acceptable (VEI within +/-10),0.8306619970317048,18.18283004096333,1.019697494580358,0.025858523231153206,8.129415907370232,0.9497718103885139,0.6979169056503473,0.9735766807148619,-0.02642171507443072,-9.727656322301755e-08,-0.015631883614270814,-0.020163629081055845,,0.20735596003234305,0.14884148030850766,,,0.1455698790412396,,0.1098106170813993,0.10980697688506681,0.10785044993738374,0.14358879060681817,0.15330259802765653
249,49057,UT,3085,ok,acceptable (VEI within +/-10),0.8822732506943033,16.021709247172787,1.0266807904801363,-0.004539332752904132,-6.542067560439048,0.8215538664968396,0.6402770520037794,0.8072663123377024,-0.19273348232646478,-1.3955275259250535e-07,-0.03810068897188179,-0.03759669509779573,,0.1866858023995181,0.1512432662752408,0.04393910316488338,0.12120186586746048,0.17081345347966592,,0.17506454616659503,0.17506434871766044,0.12279262538369053,0.16060025108682235,0.16274257042550533
250,13073,GA,2630,ok,acceptable (VEI significance <= 10),0.9444962951509154,11.940658472182973,1.0066679250169037,0.03868124725920862,10.098540605191213,0.9499590159567067,0.8314513914253558,1.0141001164138557,0.0141016348537593,-6.118292467726878e-08,-0.013051420893893662,-0.016088275765076654,,0.14011495224643758,0.0805133600737991,,,0.10239421751017384,0.21850111191269414,,,0.07453186892841539,0.10094073383834751,0.10918117484233109
251,30093,MT,0,no residential sales in 2024,,,,,,,,,,,,,,,,,,,,,,,,,
252,30035,MT,0,no residential sales in 2024,,,,,,,,,,,,,,,,,,,,,,,,,
253,46117,,0,no residential sales in 2024,,,,,,,,,,,,,,,,,,,,,,,,,
254,47173,TN,0,no residential sales in 2024,,,,,,,,,,,,,,,,,,,,,,,,,
255,54057,WV,223,ok,acceptable (confidence intervals overlap),0.538,42.56139400130712,1.2746930358865283,-0.0986402108190316,-21.67592834486401,0.6962640808609264,0.047650998439515306,0.6170151432460027,-0.3829801659102671,-1.880028019335203e-07,-0.1302597847947875,-0.1638504152725353,,,,,,,,,,0.11329947339801055,,
256,08031,CO,9349,ok,acceptable (VEI within +/-10),0.9995918367346939,10.238031768733057,1.0198303352048181,-0.02020564058761596,-2.6335893761328832,0.948599367421729,1.0863771513420761,0.9442966216146625,-0.05570336665267052,-7.918313437480896e-09,-0.018082074073693777,-0.0184705224265016,0.09927356862413762,0.12334381403383847,0.14028979459853988,0.13340519490635097,0.10165250266002654,0.14287152403576484,0.07092086993433243,0.13497757987261896,0.13497747755373882,0.15328775013965146,0.14304044569039023,0.15143928437744764
257,34019,NJ,1587,ok,acceptable (VEI significance <= 10),0.639269406392694,16.44752710936352,1.0086527845321476,0.04139979141632245,16.90990068754775,0.9636405078538313,0.6186263037938906,0.9697714060012144,-0.03022736893797121,-4.178301870514097e-08,-0.009189248157264407,-0.009843494019964094,,0.19093405977224287,0.09992359897714599,,,0.09610468438962978,,0.08809625670354398,0.08809486596019693,0.06334126729114897,0.0990819411458915,0.0982736619501177
258,08007,CO,457,ok,acceptable (VEI within +/-10),0.887,59.76107559160714,1.806848872317753,-0.38509561726324,-3.573916859195963,0.6058759030498885,0.08868139390961235,0.6270546967104205,-0.3729461558448024,-7.857336600864752e-08,-0.2133615134473359,-0.2913156898707898,,,,,0.16583728157953237,,,,,0.1315607593282079,,
259,13229,GA,256,ok,acceptable (confidence intervals overlap),0.7609247360482654,37.52725223714788,1.0690811334172257,0.0016961150019963018,17.560764391895916,0.9938060178154912,0.5931334898406737,0.8916843498525112,-0.10831133202438291,-2.9105276797144915e-07,-0.0025156391529452815,-0.0033131027255499657,,,0.22253130753475683,,,0.09495363642041368,,,,0.1810078498278838,0.07851400935067489,0.09443800726123261
260,28109,MS,353,ok,UNACCEPTABLE progressivity,0.45579247725035354,44.992211393686446,1.0531765777318114,0.1799477680590986,67.81109828626722,0.8728966987469474,0.24149132317109312,0.9060499160259523,-0.09389874815090081,-1.847166747645163e-07,-0.04027435675478852,-0.05157465962775154,,,0.20770544091961904,,,,,,,0.1175069931022781,0.23113986929722288,0.23480844327976821
261,37097,NC,3505,ok,acceptable (VEI within +/-10),0.8144222222222223,20.778927622391436,1.0554229249599552,0.02483048900617688,6.399792996462722,0.9295796083068275,0.48125931207022044,0.9864976206455125,-0.013500534276566277,-7.124301131396463e-09,-0.032270423348501165,-0.050683695736826184,,0.2294088537138015,0.19918036622098179,,,0.20291850189101293,,0.10036522913816831,0.10036183036552207,0.12359010179299972,0.22676919089367978,
262,17091,IL,1316,ok,acceptable (VEI within +/-10),0.880299951923077,18.066378624593376,1.0447753471938719,-0.02483120630786835,-8.32369645536825,0.887179079259827,0.6090275011996689,0.894899755336736,-0.10509827587951955,-3.977906746097361e-07,-0.03417390468289705,-0.038920989989284616,,0.20409965603917973,0.19292859875037405,0.15264224801091272,0.174911649364631,0.18555335950620166,,0.1917906548872678,0.1917899839624591,0.15676840900820938,0.1842278348954377,0.18571998860822236
263,48005,TX,656,ok,UNACCEPTABLE regressivity,0.8429460273566738,34.45742847113663,2.393938791566602,-0.06220756625068921,-86.25915907274174,0.3613136037686724,-0.004336469715136192,0.3483297484574903,-0.6516657895027951,-8.992221830255462e-08,-0.43352295447754496,-0.5879968020367838,,,,,,,,,,0.10373902187412089,,
264,51149,,0,no residential sales in 2024,,,,,,,,,,,,,,,,,,,,,,,,,
265,31029,NE,20,skipped (fewer than 100 sales),,,,,,,,,,,,,,,,,,,,,,,,,
266,37029,NC,125,ok,acceptable (VEI significance <= 10),0.8072807017543859,25.492265261705064,1.1337028397285667,-0.007054288102720811,16.461649885735252,0.5909814735949172,0.15720339765638025,0.6317804376856326,-0.3682178181132663,-3.2614223466033634e-07,-0.11704973814241515,-0.13331437811094116,,0.23638599434262458,,0.09522721665692382,,,,,,0.13869343485950228,,
267,01061,AL,625,ok,acceptable (VEI significance <= 10),1.0,55.13338127536075,1.3430274626496383,-0.13617676516810168,-28.737003058103983,0.6585175197485105,0.49783959000476574,0.6324590837489333,-0.3675411010876348,-2.3059380190347874e-06,-0.15448876068972361,-0.17399041708157093,0.0,,,,,,,,,,,
268,16071,ID,45,skipped (fewer than 100 sales),,,,,,,,,,,,,,,,,,,,,,,,,
269,40001,OK,171,ok,UNACCEPTABLE regressivity,0.8113012552301255,43.70862468052026,1.8758344800307345,-0.1361703834050792,-42.29255135352578,0.6108885372698518,0.10284949488378822,0.6374509802009364,-0.3625469628588391,-5.8448145386994145e-08,-0.2642329756261328,-0.3931794808474143,,,,,,,,,,0.20226436588781185,,
270,21221,KY,542,ok,UNACCEPTABLE progressivity,0.6001200480192077,57.85513336187607,1.0352778450050577,0.05578575661805402,55.54444222177769,0.9805467277892255,0.5748411421339391,0.8902996338179715,-0.10965920019832819,-1.1208664648805712e-07,-0.010379727939149763,-0.015591045180721297,,,0.17742377112794666,,,0.19433775586208865,,,,0.12273109655912902,0.15902788070793533,0.1940158656551634
271,38003,ND,169,ok,acceptable (VEI within +/-10),0.7748837209302326,31.636257129950305,1.2724183749488314,-0.019569146501407644,6.146531559034398,0.6789675303137745,0.12689902423746507,0.6827647650585007,-0.31722507146901185,-4.1505961118241196e-07,-0.1524578069043756,-0.21923110179583483,,,,0.19841452865549333,,,,,,0.18632660645058224,,
272,13125,GA,29,skipped (fewer than 100 sales),,,,,,,,,,,,,,,,,,,,,,,,,
273,31083,,0,no residential sales in 2024,,,,,,,,,,,,,,,,,,,,,,,,,
274,51067,VA,899,ok,acceptable (VEI significance <= 10),0.8726315789473684,19.853486962973275,1.05149242616,-0.02490926191071497,-14.824870093718108,0.9459976158424315,0.771462239775141,0.9376132375155938,-0.062385441122332796,-8.74231596776345e-08,-0.02438292597133196,-0.024832773143104614,,0.22311811146506794,0.21058451194800318,0.23956191213775338,,0.21558519451991567,,0.22001517764277106,0.22001223478922238,0.19036233616814927,0.20415566052950307,0.20313754973187922
275,17031,IL,56942,ok,acceptable (VEI within +/-10),0.8060109289617486,19.10553560493318,1.0461864298199004,0.01272911334666152,7.178718059020905,0.9370953636656615,0.5032563514305325,0.9559188680723123,-0.04408006200483687,-7.428384020013166e-09,-0.026751230424352013,-0.038304176426749326,,0.2146806735434429,0.2045187745660864,,,0.20449733562059294,,0.15293428754036015,0.15293185422116792,0.12027764238606545,0.20273992082772138,0.24340639936677477
276,09170,CT,0,no residential sales in 2024,,,,,,,,,,,,,,,,,,,,,,,,,
277,42011,PA,4836,ok,UNACCEPTABLE progressivity,0.33857966101694914,21.324158933432894,1.000408899856122,0.09056166443864402,30.344286784607014,1.0282014495423553,0.2548683720227512,1.025429359742595,0.02544125875277708,-8.846823961669831e-10,0.008122491520545783,0.005246925718158102,,0.2323654606422374,0.020240400835738172,,,,,,,0.0012674638755795174,,
278,28139,MS,102,ok,acceptable (VEI within +/-10),0.41730264972054154,36.58973190699139,1.1731520087487255,-0.07463877757944147,-8.291909582709296,0.6112936157702107,0.08564945052383371,0.5989664420780063,-0.4010210986838379,-5.613949815835955e-07,-0.12944460924760848,-0.14925366051575217,,,,,0.13225485232841716,,,,,0.11984281129019037,,
279,55069,WI,695,ok,acceptable (VEI significance <= 10),0.9848634419216847,17.386320608514605,1.0416555470292401,-0.02185337718963301,-11.428558308764712,0.9011266843273129,0.77761055964133,0.9077554406998659,-0.09224354192875431,-3.389925700992212e-07,-0.03295375107456322,-0.03903353075488325,0.1962868486228589,0.19269446321733008,0.19261199267415754,0.14393452885454416,0.19659553259331636,0.19527156370642532,,0.1918885139503658,0.1918878498423806,0.17463724325772884,0.1934189291623984,0.20009647401071712
280,47167,TN,0,no residential sales in 2024,,,,,,,,,,,,,,,,,,,,,,,,,
281,13069,GA,327,ok,acceptable (confidence intervals overlap),0.49305679012345677,39.6974602931137,1.0838445534694008,-0.002702931156550916,13.208273653619315,0.9469865990966728,0.3876797038271694,0.8522267107334309,-0.14776564022892202,-3.093050636572367e-07,-0.022336904659251422,-0.03471565746911032,,,0.23376428405691035,0.08030992169780049,,0.20875873867378994,,,,0.1656549148436723,0.18749322402537938,0.20297081931235403
282,51031,VA,692,ok,acceptable (confidence intervals overlap),0.7526272189349112,19.8002030314007,1.0109900050941252,0.039796541033022395,14.193003460803917,0.9802844271550036,0.6728931405812022,0.9782539562718278,-0.021741935559439422,-1.1133285865540036e-07,-0.005171975879299184,-0.007251093980936707,,0.23002089221845187,0.10501244394010857,,,0.06518876532831597,,0.09752149587561083,0.0975044337012007,0.07561019128080061,0.0551297886134452,0.07441855718675192
283,27105,MN,199,ok,acceptable (VEI significance <= 10),0.8763636363636363,16.81418451763532,0.9984349649356489,0.03737473857183767,15.623269360228601,1.038872501821001,0.9161042442207717,0.9869791221458716,-0.013020179284682883,1.9835405759859263e-08,0.010749106955428411,0.01166285908058795,,0.1902542081038635,,,,,0.1385471588469827,0.05452879046823311,0.05452986404165106,,,
284,51700,VA,2185,ok,acceptable (VEI within +/-10),0.949811320754717,7.731708188951451,0.9983334262418636,0.003109446659855062,-0.114688527598395,1.0013383174768717,1.0007106087063895,0.9822663385954455,-0.01773346911747862,3.9533238677997526e-10,0.0004177541399770224,0.0022048361093246482,,0.09545452988388703,,,0.01049049633074282,,0.2307814757520973,0.06231147947162997,0.06231131107958262,0.0889090431186612,,
285,48407,TX,591,ok,acceptable (confidence intervals overlap),0.7045115028383627,61.89488001111733,1.0652725518623827,0.04324886801350221,16.13901353497071,0.9808675825532727,0.685787517514149,0.8967511543563236,-0.10324040272977703,-2.629032325172174e-07,-0.009142899793603831,-0.007637287780571489,,,0.2195831714421667,,,0.15246241233250837,,,,0.21574144861354555,0.13069500197005085,0.08674240173645015
286,37169,NC,584,ok,acceptable (confidence intervals overlap),0.5757698412698413,30.953253709953625,1.0646018345540431,0.0034404197719152124,11.777192716445882,0.8641297435070973,0.48213832078019747,0.7967140613128505,-0.20328053320664966,-3.893762957931468e-07,-0.04251229743292351,-0.042285495747863555,,,0.21847908834466367,,,0.24561800604129735,,,,0.1602314341117397,0.23723970373189865,0.21482968545520895
287,55009,WI,2844,ok,acceptable (VEI significance <= 10),0.8876643356643357,13.878589721457395,0.9980121054943448,0.034571595302943,11.205054978548734,1.0281635299776626,0.9195094555044597,1.0005711732042952,0.0005716103399854653,2.3996660004973394e-08,0.007228112962465172,0.008269298003262149,,0.1647575048659178,,,,,0.14612362835453133,,,,,
288,53077,,0,no residential sales in 2024,,,,,,,,,,,,,,,,,,,,,,,,,
289,53031,,0,no residential sales in 2024,,,,,,,,,,,,,,,,,,,,,,,,,
290,01027,AL,120,ok,acceptable (VEI significance <= 10),0.6670966972477064,92.12089357254436,2.0128904162149666,-0.35044311308888715,-54.98728460473836,0.45858943713697914,0.09468351188840077,0.3508991077081203,-0.649099138121242,-1.494152784478186e-06,-0.2877875952921485,-0.3291353977700606,,,,,,,,,,,,
291,29043,,0,no residential sales in 2024,,,,,,,,,,,,,,,,,,,,,,,,,
292,41015,OR,349,ok,acceptable (VEI within +/-10),0.9684,14.55848916583129,1.020438242474183,-0.013086517965929903,-3.4267727751054635,0.9239563761973415,0.8577587118346425,0.9000964726452555,-0.09990350840659473,-1.2630605014560167e-07,-0.01962743135860623,-0.01874590540800014,0.24784266590512102,0.17308069128147285,0.14764765611890038,0.09898112188053859,0.08388361198754563,0.1327453518481505,0.18384577089584747,0.14795826329502035,0.14795824388840018,0.14072740789787866,0.1279361680278253,0.12147024170183916
293,30023,MT,0,no residential sales in 2024,,,,,,,,,,,,,,,,,,,,,,,,,
294,48331,TX,125,ok,acceptable (confidence intervals overlap),0.893701479990385,30.195952975843074,1.0263956248880828,0.07987234219564879,32.76260679886385,0.9475450299740283,0.72252435521028,0.9606620320530219,-0.03933579577609516,-1.604023487830191e-07,-0.018681940747839576,-0.03279616690161058,,,0.17201065100498925,,,0.21931744379709586,,0.16434532380806244,0.1643270650703605,0.16388056170250917,0.2110083109527116,0.24911910497925668
295,13005,GA,206,ok,acceptable (confidence intervals overlap),0.03428632478632479,1294.6382268920518,8.149086740743837,-0.5812096273765408,178.1652176014791,-0.15162689466429943,-0.02315343479889325,-0.08342447000709682,-1.0834236714833438,-2.71929449144757e-07,-0.5186960021493587,-0.6300632961807315,,,,,,,,,,0.18465937940420082,,
296,21181,,0,no residential sales in 2024,,,,,,,,,,,,,,,,,,,,,,,,,
297,13075,GA,208,ok,acceptable (confidence intervals overlap),0.652232970505618,48.38611056064378,1.5568828335514455,-0.10347301754852549,-11.48675276703886,0.6468404222138519,0.11747610788215908,0.5569781776603389,-0.44301611899079063,-4.505281552270917e-07,-0.20184679909930625,-0.30634322008504755,,,,,0.20098805338608908,,,,,0.2010104025184925,,
298,45063,SC,5752,ok,acceptable (VEI significance <= 10),0.5956189759665622,42.74669664581871,1.1133849378008085,0.06200008378359022,16.611872862113007,0.8002269126498803,0.497985660073827,0.5155651260990277,-0.48443973093313514,-7.138685807601769e-08,-0.07554894826275693,-0.07794082076339426,,,,,,,,,,0.24261970761413784,,
299,49041,UT,214,ok,acceptable (VEI within +/-10),0.825749808995423,21.11216776890288,1.0364952584579927,0.011888453166730201,-2.1219578282715115,0.8348735289986088,0.6553751645186406,0.8429225679937578,-0.15707559384883363,-3.169914390689262e-07,-0.04082775232971003,-0.04375686688539604,,0.22938679212565696,0.14536362586136942,,0.11416575806415054,0.16789332633525025,,0.2114269708881548,0.21142360689359438,0.159194104566969,0.19907128167134286,0.18056731749353955
300,30027,MT,0,no residential sales in 2024,,,,,,,,,,,,,,,,,,,,,,,,,
301,36081,NY,7296,ok,UNACCEPTABLE progressivity,0.9380398671096346,19.61038735445551,1.0531662521942196,0.06270903480071684,46.591658697833665,0.7777358102004495,0.5154729624745221,0.9328799381686181,-0.06711911926863913,-3.0167874026208896e-08,-0.05972320597617897,-0.06832174856770146,,0.21667638446676668,0.2108424240399515,,,0.21536491321090867,,0.14242601568925206,0.14242501052000134,0.13275558587608124,0.21171616432782456,0.22210155250182914
302,01029,AL,287,ok,UNACCEPTABLE regressivity,0.8941923076923077,58.57618503853243,1.7960536170452164,-0.1261348508018663,-40.00068646376014,0.5107951402815147,0.018622688094783013,0.5655197581724031,-0.4344756513523675,-2.3208674677410083e-07,-0.28895186468214784,-0.3766754683835025,,,,,,,,,,0.17883551609310178,,
303,50015,VT,0,no residential sales in 2024,,,,,,,,,,,,,,,,,,,,,,,,,
304,28129,MS,52,skipped (fewer than 100 sales),,,,,,,,,,,,,,,,,,,,,,,,,
305,48375,TX,1114,ok,acceptable (VEI significance <= 10),0.855985891630501,25.866305331679108,1.0570220671646045,0.03933471602141252,13.151149255874168,0.8957936555252894,0.7020054509576272,0.8752778182368752,-0.12471971551010422,-7.997911194762836e-08,-0.04015434031340792,-0.053273921055705165,,,0.21482511844745095,,,0.2316179424277218,,0.2424855835363544,0.24247934837083654,0.18108409720343574,0.23534543426443325,
306,13235,GA,116,ok,acceptable (VEI within +/-10),0.972215503875969,26.38382667380843,1.304812386480346,-0.056848889855681685,-3.0236101653752736,0.757711987970072,0.3822494033550034,0.8484038681390661,-0.1515950249736319,-2.3481656906479458e-07,-0.13448368942084343,-0.19279475716747085,,,,,0.05243293724732143,,,,,0.21431052756567573,,
307,13171,GA,269,ok,acceptable (VEI within +/-10),0.7768442477876106,23.069904344614837,1.0543226393270293,-0.013689101821181602,8.042821920256625,0.9240425259886115,0.4576313149893662,0.875923514698706,-0.1240756957577046,-2.2482211078522032e-07,-0.023854054545128234,-0.03172008064442133,,0.24631582443934188,0.22193803703102286,0.11234679945277916,,0.17371743194792336,,0.2245732429088547,0.22457202672166462,0.13447802924268049,0.16057056220589863,0.18692761314328563
308,48145,TX,81,skipped (fewer than 100 sales),,,,,,,,,,,,,,,,,,,,,,,,,
309,31065,NE,40,skipped (fewer than 100 sales),,,,,,,,,,,,,,,,,,,,,,,,,
310,08109,CO,122,ok,UNACCEPTABLE progressivity,0.4265940488227647,72.91599106714527,1.7114454072042025,0.030604154797280674,97.72768775150165,0.6903560960776399,0.06040944758286996,0.8313305454582959,-0.1686489822522329,-5.30035967131333e-08,-0.211965541085267,-0.3822826619758557,,,,,,,,,,0.13344625386971684,,
311,38059,ND,363,ok,acceptable (VEI within +/-10),0.8847552447552448,11.633894411049516,1.007294949171573,0.010141792580675756,4.5573438464059715,0.9657954099904428,0.8379485173153419,0.9764482329424959,-0.023550793874580058,-1.0283134087632278e-07,-0.008001905893484595,-0.008169073935699211,,0.1390322092545823,0.09488517904471325,,,0.07213062289901082,0.17168785224458333,0.07661846777177947,0.07662302478754578,0.07785204933798409,0.07014018566876858,0.06994762215622942
312,47159,TN,303,ok,acceptable (confidence intervals overlap),0.7091286307053942,24.707996997300242,1.0207010823513645,0.046035811884163766,17.2440674313368,0.9196363210639686,0.6309781232109883,0.9610463232466901,-0.03894924521922823,-1.9621393821837237e-07,-0.02257740602266245,-0.02527197364335354,,0.24120998614932335,0.15552290320331041,,,0.1658489053615173,,0.1549717754992836,0.15496352144666445,0.13331713163668288,0.14825306082657003,0.14278828927883144
313,27047,MN,409,ok,acceptable (VEI within +/-10),0.8499166203446359,17.808787288721565,1.0258574700172969,-0.005528149027891788,-3.324644359747307,0.9616284365285497,0.7470523675996976,0.9571500835084004,-0.04283761174438685,-2.378542194857296e-07,-0.012796643872825308,-0.012410661391716982,,0.2059214509846768,0.17393704939096877,0.18397217608925787,0.11936207012213014,0.12335119627950834,,0.20465621498013198,0.20458612591355532,0.12178561326127996,0.13507288726264322,0.09803509195272733
314,40063,OK,98,skipped (fewer than 100 sales),,,,,,,,,,,,,,,,,,,,,,,,,
315,13195,GA,328,ok,UNACCEPTABLE progressivity,0.7832735064935065,30.29060854646437,1.0170529577412437,0.13216463335063647,55.39015515467673,1.0335438009913622,0.42321943385524974,1.017783798675967,0.017786219223915198,-4.9335925019817155e-08,0.009992514972030131,0.0006580829886406736,,,0.12677308589896907,,,,,,,0.06549678123746029,,
316,26149,MI,856,ok,acceptable (VEI significance <= 10),0.8386165475820648,30.126149580944418,1.1442487346733643,-0.054901315555693206,-24.790807929220623,0.7596534703615149,0.196541544787768,0.7558367025084114,-0.2441591236675056,-3.2820918417444114e-07,-0.09002132332102009,-0.1047540818973709,,,,,,,,,,0.17663235166468944,,
317,26093,MI,2365,ok,UNACCEPTABLE progressivity,0.88,13.867022663484668,0.9942962376237156,0.06361860203875226,16.160379094589622,0.9852260678867866,0.8521440227471698,1.0806107780760674,0.08061618029226338,3.6813865768681944e-08,-0.004073303327766675,-0.004630981350507879,,0.15802736440195445,,,,0.06537421027309534,0.20844740264892928,,,,0.06362260575197058,0.06878109921042541
318,26079,,0,no residential sales in 2024,,,,,,,,,,,,,,,,,,,,,,,,,
319,19001,IA,0,no residential sales in 2024,,,,,,,,,,,,,,,,,,,,,,,,,
320,04019,AZ,16324,ok,UNACCEPTABLE progressivity,0.7463113197522618,25.676143246567236,1.0327682534107119,0.11158858128826722,28.106059807853686,0.9150994007457268,0.6187344285021789,0.8712887658882398,-0.12870942324368678,-1.5115939598085085e-08,-0.02703059717287859,-0.030234235802100384,,,0.16960518673743802,,,0.20457182965493,,,,0.1279799878113405,0.1768669534275674,0.174617846000158
321,31175,NE,37,skipped (fewer than 100 sales),,,,,,,,,,,,,,,,,,,,,,,,,
322,40023,OK,132,ok,acceptable (VEI significance <= 10),0.7756789915966387,58.338761326814634,1.6146510759456112,-0.24132056277353878,-34.7238300203336,0.5002984018086706,0.06953760207444168,0.5146954465908627,-0.4853033694260201,-6.28612604908688e-07,-0.2611247944719337,-0.3145539325296094,,,,,0.22482123018474356,,,,,0.14513598961058524,,
323,37071,NC,0,no residential sales in 2024,,,,,,,,,,,,,,,,,,,,,,,,,
324,21057,KY,125,ok,acceptable (VEI within +/-10),0.8121827411167513,30.7219146004714,1.04967088380141,-0.00919701566517488,-3.910219766260174,0.9897417414415585,0.7323448294716148,0.9026743981354611,-0.09732062129934929,-2.66272900904892e-07,-0.005185585614750465,0.013393195800122881,,,0.18411632371947748,0.1132823721039977,0.11754028375004104,0.16896678943435198,,,,0.12111526573437066,0.18724688993925054,
325,13275,GA,598,ok,acceptable (VEI within +/-10),0.8682176352468698,24.62494523313766,1.012787252882064,0.030024101947390244,9.185368129396297,0.9865240315114835,0.7628936721808914,0.9906111273476496,-0.00938757274481644,-5.093267407446408e-08,-0.005241371956135499,-0.014913359025888973,,0.2480532141852305,0.12433591718869971,,,0.09315745114694256,,0.09610603005826113,0.09609461819402412,0.11341546442414922,0.0849511107496836,0.12482776981290358
326,12103,FL,16902,ok,acceptable (VEI within +/-10),0.8331114366067018,12.669723274901264,1.0210635166460662,-0.016998860219410012,-7.474138446775131,0.9675341668028878,0.8112778484716663,0.9464402397899441,-0.05355941847112069,-7.258137624077731e-09,-0.013080837564062309,-0.012013192009717732,,0.15084714234532587,0.14305391273456794,0.14085420247341496,0.15817961399585634,0.13398709897625044,0.2300008486580547,0.14585633658020453,0.1458559478828679,0.11662805394356973,0.12992629652436732,0.13895492337555432
327,48051,TX,127,ok,acceptable (confidence intervals overlap),0.9452540747842761,24.63269403683222,1.0171718693461473,0.08873442393978466,18.624447439240004,0.94423130779982,0.8578141410998993,0.9969724093442859,-0.0030241536291207875,-1.7538195388625797e-07,-0.01575275491723027,-0.016079271813182583,,0.2362461260596897,0.12292778119214036,,,0.13964703300780146,0.16826998543749874,0.0228703468072966,0.022842240803089133,0.14933534402480175,0.12817015145922808,0.1193457312080354
328,31077,NE,20,skipped (fewer than 100 sales),,,,,,,,,,,,,,,,,,,,,,,,,
329,48429,TX,71,skipped (fewer than 100 sales),,,,,,,,,,,,,,,,,,,,,,,,,
330,51710,VA,3208,ok,acceptable (VEI within +/-10),0.9247299903567985,10.059901773669456,1.0098682617705297,-0.004734387059725905,-2.0770883833937432,0.9688207637079784,0.9402230711328035,0.955482974640027,-0.04451680261440199,-1.0513805835751548e-08,-0.008707456804150526,-0.008277423611188661,,0.11948789276053864,0.08106498647387296,0.05186144691992985,0.09374394184836236,0.0708322182697885,0.043532421534533156,0.09459441270023819,0.09459394304856777,0.08333490692393054,0.06834593769077284,0.06014984540008461
331,35013,NM,962,ok,UNACCEPTABLE progressivity,0.6562987826709632,30.746424870256565,1.0943960275059323,0.1507567373832372,48.53142505930904,0.7465941330715898,0.07121143501862005,0.7492935701993159,-0.2507024655673801,-1.0630825522034628e-07,-0.07384669100239316,-0.09177592127755885,,,0.2455081525236242,,,,,,,0.08573422875946009,,
332,46099,SD,0,no residential sales in 2024,,,,,,,,,,,,,,,,,,,,,,,,,
333,17021,IL,431,ok,UNACCEPTABLE regressivity,0.9644018691588785,21.693101033071194,1.0997321885708817,-0.09948692853109577,-20.998031548182695,0.8339277023635401,0.72741873151707,0.8334191207697,-0.16657865057237345,-1.5425207825734803e-06,-0.060716973054569134,-0.06382109141492265,,0.23708839268603876,,,,,,,,0.24493020485955483,,
334,29045,MO,0,no residential sales in 2024,,,,,,,,,,,,,,,,,,,,,,,,,
335,51091,VA,65,skipped (fewer than 100 sales),,,,,,,,,,,,,,,,,,,,,,,,,
336,47019,TN,922,ok,acceptable (confidence intervals overlap),0.5642401960784313,37.45517210324293,2.012039209955837,-0.06162638041225297,-13.024670629537896,0.5404944638252049,0.0014789537738118825,0.7368085113969832,-0.26318418176423386,-4.658080690166997e-09,-0.30790911894450446,-0.4693782759217031,,,,,0.2190810590995059,,,,,0.03191940807018332,,
337,37073,NC,127,ok,UNACCEPTABLE regressivity,0.6548204334365325,43.40012817986986,1.2086343801739907,-0.21387238634818168,-53.26645001570349,0.6508848301610594,0.37251586839559636,0.5872662943342539,-0.4127321746456351,-1.4079626897674137e-06,-0.1201148776423051,-0.1256423048664419,,,,,,,,,,0.23367219112642645,,
338,19057,IA,0,no residential sales in 2024,,,,,,,,,,,,,,,,,,,,,,,,,
339,16067,ID,171,ok,UNACCEPTABLE progressivity,0.805198755402438,36.73986057410943,1.4193531922531433,0.0951351396421161,51.143218779219424,0.3127286455992997,0.007390132899806328,0.24565568427724657,-0.7543444751775823,-4.865883068088131e-08,-0.28632637732562727,-0.3201778105161137,,,,,,,,,,0.06922952787886832,,
340,27171,MN,2588,ok,acceptable (VEI significance <= 10),0.8886909581646424,21.90781603048613,1.0294017830618634,0.09789391033818913,11.469372090583281,0.8071047875598649,0.8369141657378052,0.7815513982169426,-0.2184473181080557,-6.500853214944879e-08,-0.04655790651245484,-0.04235154310890277,,0.23896442613656718,0.1595184902466799,,,,0.20262998804624094,,,0.16090924164945442,0.21450547809061432,0.20806191516612563
341,16007,ID,67,skipped (fewer than 100 sales),,,,,,,,,,,,,,,,,,,,,,,,,
342,37175,NC,620,ok,acceptable (VEI within +/-10),0.5052139705882353,21.05274605735627,1.0553182860846997,-0.006018247193641214,-5.282357576385849,0.8786082450821268,0.35345945360675857,0.9277048883831738,-0.07228936883651789,-6.672580860793504e-08,-0.04331314382330964,-0.05389200792648907,,0.22946962683331323,0.2248600323806275,0.06294880616100645,0.10811437179962552,0.2103114223745083,,0.22026530617946938,0.22026214506589892,0.10418356391845104,0.22874124312659758,0.24681137529447766
343,39083,OH,0,no residential sales in 2024,,,,,,,,,,,,,,,,,,,,,,,,,
344,44001,RI,0,no residential sales in 2024,,,,,,,,,,,,,,,,,,,,,,,,,
345,54063,WV,121,ok,acceptable (confidence intervals overlap),0.595,39.379541583019986,1.5815325703305898,-0.12188053954604433,-35.71520111312501,0.5287878177541478,0.04002202864681078,0.5175308380029014,-0.4824711641510379,-8.643586490632503e-08,-0.26114279807025387,-0.32183460397298025,,,,,,,,,,0.12285519852670893,,
346,21225,KY,165,ok,acceptable (VEI significance <= 10),0.8147887323943662,53.27074596250509,1.5213617907242984,-0.09609106456596556,-33.460401219123874,0.6686497319672484,0.1285116875147778,0.7124059715264878,-0.2875869375670422,-6.938528809521927e-07,-0.1872942693405102,-0.2706488129881166,,,,,,,,,,0.2156295038244158,,
347,42093,PA,0,no residential sales in 2024,,,,,,,,,,,,,,,,,,,,,,,,,
348,49045,UT,1588,ok,UNACCEPTABLE progressivity,0.7934864769159647,36.81157202713951,1.0625193734301348,0.32439053458114625,66.80641115486841,0.4767273324907401,0.3981881619248417,0.3831619242389286,-0.6168359469463631,-4.816895352646189e-07,-0.09965596638651952,-0.09961051268917087,,,0.22129857234296174,,,,,,,0.23274889308079066,,
349,42013,PA,0,no residential sales in 2024,,,,,,,,,,,,,,,,,,,,,,,,,
350,26041,MI,488,ok,acceptable (VEI within +/-10),0.7651,25.164590589109434,1.0434084406144923,-0.0054477540295300815,-7.62731704038352,0.9064402484408468,0.6935681647775549,0.8965334379098412,-0.10346169781809018,-4.962775562607815e-07,-0.03047852413542107,-0.030007311155153538,,,0.19952542546675417,0.09756360904563213,0.21152417437365975,0.19722465316149007,,0.20859434559112405,0.2085920520811123,0.18331513371416885,0.1905047328768115,0.18305145033732975
351,48315,TX,83,skipped (fewer than 100 sales),,,,,,,,,,,,,,,,,,,,,,,,,
352,13137,GA,667,ok,acceptable (VEI significance <= 10),0.85453125,25.6572801855341,1.026676590466772,0.08425554023830217,23.11858759472582,0.9735380003755353,0.5293031224219146,1.0144970448940827,0.014500883721428276,-4.2797111910647155e-08,-0.008938868897016228,-0.020639600450451656,,,0.1458992683019523,,,0.09400726546350252,,,,0.0956194175236302,0.12202811915634817,0.14478451908697024
353,38097,ND,79,skipped (fewer than 100 sales),,,,,,,,,,,,,,,,,,,,,,,,,
354,12073,FL,3287,ok,acceptable (VEI within +/-10),0.7736234375,12.43617830244202,1.0060476540310963,0.018150110322695538,5.338699184457764,0.9859936747545549,0.7925731214582268,0.9998685478821708,-0.0001296756603466837,-2.5596929089690093e-09,-0.005139308985949942,-0.00791664828531613,,0.14819941660360023,0.0665911290718354,,,0.06959193974207149,,0.005488396316625942,0.005414608648290398,0.056265821997600954,0.06911499385970835,0.07635719670869287
355,37161,NC,981,ok,acceptable (VEI within +/-10),0.8108374384236453,32.39957211562256,1.3257246915263798,-0.033670539883897316,-5.915578743922286,0.7373748330696761,0.06634626042008551,0.7715482062445823,-0.2284474218716595,-9.031583228630872e-08,-0.13975782688960714,-0.21342791507041303,,,,0.23541338425683817,0.18826573074691003,,,,,0.1343337365630613,,
356,12049,FL,205,ok,acceptable (VEI within +/-10),0.8074129032258065,22.75446385668459,1.0710758291771603,-0.05956616604477444,-7.179824486220858,0.8745247191722282,0.5663319456129254,0.8433871961952937,-0.15661249629163115,-3.612202554688368e-07,-0.04363993292135282,-0.04801992348751405,,0.2440836106568812,0.23773362038219123,0.18875819409818467,0.14053493989536162,0.2209244635489594,,0.23907538354985414,0.23907494606699498,0.14566041736081398,0.21573788693266654,0.2268015887700823
357,06015,CA,0,no residential sales in 2024,,,,,,,,,,,,,,,,,,,,,,,,,
358,21201,KY,22,skipped (fewer than 100 sales),,,,,,,,,,,,,,,,,,,,,,,,,
359,41013,OR,430,ok,acceptable (VEI significance <= 10),0.9443250602076974,16.615896220844164,1.011954021181936,0.037008169913625454,14.287051167610056,0.9773890966456408,0.8557330193554084,0.9706671477228667,-0.029332227308282062,-5.4536131250450727e-08,-0.0065062366518822135,-0.010752219498324944,,0.19999644132278854,0.10507236060795574,,,0.07374804088018991,0.24669114904031925,0.10030245211798257,0.10029997006316166,0.11512458402122772,0.07553763122588966,0.0901425759905067
360,22113,LA,248,ok,acceptable (confidence intervals overlap),0.6938,32.28298360692154,1.1793253642245358,-0.020640422999893337,19.790520652952587,0.755673452862877,0.39443712212234083,0.7308343249913627,-0.2691617963061365,-1.5054548807040355e-07,-0.10835115202328804,-0.13472949949801172,,,,0.14470174078829445,,,,,,0.18850900712213028,,
361,32017,NV,75,skipped (fewer than 100 sales),,,,,,,,,,,,,,,,,,,,,,,,,
362,12019,FL,1156,ok,acceptable (VEI within +/-10),0.8497025234575142,13.20473560061462,1.0099797995835098,0.0027146630155123943,-1.6619842023462692,0.9600436073677342,0.8687219626010125,0.955173550701237,-0.04482597082313403,-6.983096765851539e-08,-0.009791097249038705,-0.010219794006390615,,0.16131300973095702,0.10583126270408566,,0.06462182890518813,0.09176396949425843,0.170512169484559,0.10843350965997467,0.10843332264511504,0.09619949800625772,0.08975730169364682,0.09145411383201192
363,42123,PA,0,no residential sales in 2024,,,,,,,,,,,,,,,,,,,,,,,,,
364,48231,,0,no residential sales in 2024,,,,,,,,,,,,,,,,,,,,,,,,,
365,37135,NC,1483,ok,UNACCEPTABLE progressivity,0.5923734385272846,14.965556930040412,1.000316769770918,0.03954419044954945,18.44421038027923,0.9903219434506129,0.6549688616243617,1.0212456497913616,0.02124826635254249,-2.246993121761323e-10,-0.0034994676151345327,-0.006571894191132133,,0.18037138728518554,0.049201668955467015,,,0.0722928672082589,,,,0.05776498294283878,0.07099694689181393,0.09507521583006402
366,21175,KY,157,ok,acceptable (confidence intervals overlap),0.7692307692307693,68.54837097628045,1.5817575856032122,-0.08309541872967255,-54.16666666666666,0.6562787825106172,0.2437063115960574,0.7241834216536359,-0.2757956100014989,-1.6516436895374337e-06,-0.1942374703066776,-0.2598779755102616,,,,,,,,,,,,
367,12005,FL,4376,ok,acceptable (VEI within +/-10),0.8048382226446288,16.374788147097465,1.026959238898451,0.023132023723542783,8.986643245336586,0.9432388462259633,0.6576611547331569,0.9811665297855598,-0.018831633210760066,-5.778668325887584e-09,-0.02000455163715631,-0.026962887993678075,,0.18682870313677585,0.14485593420705875,,,0.14057527931337963,,0.08575530742973733,0.08575169296789906,0.11839454440491692,0.141471231275571,0.18568880287879871
368,39021,OH,0,no residential sales in 2024,,,,,,,,,,,,,,,,,,,,,,,,,
369,35028,NM,263,ok,UNACCEPTABLE progressivity,0.5512856214610601,30.51835834830114,1.2593779129778269,0.0746667768150275,51.70242387983314,0.5273222727894294,-0.016204995847532662,0.15119241230891284,-0.8488078517243381,-5.8915017735788183e-08,-0.1639088580121355,-0.2079794680519398,,,,,,,,,,0.06889372685650277,,
370,31045,NE,117,ok,acceptable (confidence intervals overlap),0.8174705882352942,32.27437703550811,2.386792062743309,-0.18005322501554674,-12.51797480217106,0.3988241535800471,0.028901366108960408,0.3894282047517456,-0.6105691443186564,-1.9599302922772756e-07,-0.40583859550558565,-0.5408921218174121,,,,,0.22566901150516475,,,,,0.11261266059848847,,
371,16055,ID,1997,ok,acceptable (VEI within +/-10),0.9045143375441477,17.458929732687295,1.0271521439679798,0.005769543948066959,1.3250817642014385,0.8588607057601392,0.7655621056466845,0.862408397991254,-0.13759143910356184,-9.189712541631717e-08,-0.035346813194530036,-0.033357397729620875,,0.19343892718155598,0.15493408637746808,,,0.1682282298588354,,0.16012239361942449,0.1601220807101261,0.14001916928909577,0.16069836554752373,0.16338141047909685
372,29179,MO,0,no residential sales in 2024,,,,,,,,,,,,,,,,,,,,,,,,,
373,39119,OH,1349,ok,acceptable (VEI within +/-10),0.7962162162162162,34.53343943203166,1.1021104126373698,-0.00466738935641057,0.8147470461784264,0.8524889762915778,0.48537960541898995,0.7513319490142946,-0.2486630917580559,-5.854803781811106e-07,-0.05357449474953402,-0.059565746952805254,,,,0.12611552273360546,,,,,,0.23238675374276258,,
374,48157,,0,no residential sales in 2024,,,,,,,,,,,,,,,,,,,,,,,,,
375,13029,GA,876,ok,acceptable (VEI significance <= 10),0.860365003417635,13.857619532551217,1.009142004314263,0.056118063216862225,17.389757964439585,0.9360121498361936,0.7134515898873146,1.0087524162938963,0.008754559978797295,-4.395472121920176e-08,-0.015412870135708134,-0.019355914663146567,,0.16413968425503653,0.07844340877358733,,,0.09728145053295481,,,,0.09670746558325302,0.09523016204558273,0.11302484565776309
376,51177,VA,2110,ok,acceptable (VEI within +/-10),0.8298314474304573,11.143051933506515,0.9999463811809,0.0018673453800994396,9.169157940690893,1.020212050441567,0.8352265685650697,0.9929370624175529,-0.0070526975795578185,1.0772472387845868e-11,0.005558801745732422,0.00413819633800705,,0.13377496622552482,0.0003998226845919286,,,,0.20852265479229065,0.06755862817826293,0.06749504613747113,0.00023808737573849297,,
377,31099,NE,81,skipped (fewer than 100 sales),,,,,,,,,,,,,,,,,,,,,,,,,
378,27089,MN,56,skipped (fewer than 100 sales),,,,,,,,,,,,,,,,,,,,,,,,,
379,12086,FL,27808,ok,acceptable (VEI within +/-10),0.7866874169566593,11.111310076033963,1.0312652959966824,-0.017425785639257712,-5.904488032535645,0.9623637823836945,0.7003426575513039,0.9535412212171581,-0.0464583927910301,-5.3730067458991306e-09,-0.01816925041059747,-0.01929620379657493,,0.13256587264078137,0.17065884456709227,0.15629838012907935,0.15626859950486274,0.16975918070573842,,0.15423025933448067,0.154229466231954,0.11603517175824483,0.1706293163312597,0.18280625177735682
380,29095,MO,8586,ok,UNACCEPTABLE progressivity,0.6332187371728581,35.69230200615705,5.069140141813301,0.0043628904557575406,42.373529276423625,0.37110725855762045,0.0021060537312433884,0.3391177413051909,-0.6608805429621125,-3.073517481621846e-09,-0.543317102611961,-0.7943660001589763,,,,,,,,,,0.09049486862667376,,
381,06031,,0,no residential sales in 2024,,,,,,,,,,,,,,,,,,,,,,,,,
382,51175,VA,199,ok,acceptable (VEI significance <= 10),0.9342,26.982715017967738,1.0759957940076492,-0.03807699538359963,-24.423037135505968,0.8685547463247865,0.7599573876524365,0.85479514029085,-0.14520227690600934,-5.867749603540756e-07,-0.04310798919300751,-0.043758745981391955,,,0.2462276495743995,0.22944823460063052,,0.22327948831346348,,,,,0.2265628936875786,0.21954988643404327
383,41003,OR,816,ok,acceptable (VEI within +/-10),0.9599846464646464,9.334085730370564,1.0156669361818693,-0.016164648160967333,-7.808946256616088,0.9082863402874434,0.7991087803534406,0.9332744908489317,-0.06672524342532865,-3.534975288328183e-08,-0.019824502570883418,-0.020972599199958974,,0.11357933501561872,0.14232483361015394,0.091731374587463,0.12451131343483642,0.12274570140292909,0.22395426475759156,0.11156448574842034,0.11156451775901856,0.10773041741281998,0.12274951301320254,0.13298320568622327
384,48391,TX,33,skipped (fewer than 100 sales),,,,,,,,,,,,,,,,,,,,,,,,,
385,18019,IN,1027,ok,acceptable (VEI within +/-10),0.9227777777777778,13.42620155358372,1.0089627277281263,0.016590264298367245,5.783910316368111,0.9671456523222495,0.8574401691643276,0.9534260159336236,-0.04657367601976301,-1.4705001537889132e-07,-0.0076255686018513735,-0.008476303227431314,,0.1598990661291801,0.08464084053346643,,,0.0763742661044468,0.17645012085601472,0.08949468310286049,0.0894945076890067,0.08215523446110638,0.07451730580193561,0.07609048609236399
386,12017,FL,3823,ok,acceptable (VEI within +/-10),0.7730425531914894,14.56618757908511,1.0159929457166337,0.0018622111071682928,2.438942041576014,0.9639652660979697,0.7031464034489542,0.9547604166581194,-0.045238293613133904,-1.0989648275222506e-07,-0.010735615910714147,-0.012702922923769844,,0.16882356872033813,0.12294595346627504,,,0.10353695946675145,,0.12032196338036127,0.12032022068664151,0.0889435611167099,0.10230136055105817,0.10589401428189094
387,54085,WV,88,skipped (fewer than 100 sales),,,,,,,,,,,,,,,,,,,,,,,,,
388,50001,VT,0,no residential sales in 2024,,,,,,,,,,,,,,,,,,,,,,,,,
389,51760,VA,0,no residential sales in 2024,,,,,,,,,,,,,,,,,,,,,,,,,
390,18151,IN,251,ok,UNACCEPTABLE progressivity,0.7147169811320755,39.00641178042043,1.0249748228912925,0.07623543855393727,35.28793102717099,0.973208488172077,0.6246441581599647,0.9228544284578929,-0.07713806191092734,-5.30963100959657e-08,-0.012056536195692136,-0.013275147358416728,,,0.17851725024341206,,,0.15446792161314307,,,,0.11986069136304081,0.18746372673849682,0.1675651927179391
391,28133,MS,77,skipped (fewer than 100 sales),,,,,,,,,,,,,,,,,,,,,,,,,
392,18015,IN,248,ok,UNACCEPTABLE progressivity,0.625464371154817,34.85914355833304,1.2169416876966959,0.006632264324690114,31.859509649592503,0.6476744954919237,0.04819181256523929,0.7214222001797082,-0.27857077266145097,-1.446598683085697e-07,-0.13353833201283272,-0.17464560010659413,,,,,,,,,,0.08216444074740753,,
393,48239,TX,133,ok,UNACCEPTABLE progressivity,0.7110997833566969,38.975995932535746,1.0199700536014344,0.1029899840054252,56.683082274642636,0.9307676514867388,0.5887448847111406,0.974574855449963,-0.025417863557436974,-1.471224088640057e-07,-0.02442481096140736,-0.03802748243982701,,,0.14485059347968593,,,0.23490329946481042,,0.12134465699561987,0.12144592545492809,0.08921090988208932,0.19538348416932738,0.19632647460303382
394,41037,OR,95,skipped (fewer than 100 sales),,,,,,,,,,,,,,,,,,,,,,,,,
395,20013,KS,55,skipped (fewer than 100 sales),,,,,,,,,,,,,,,,,,,,,,,,,
396,50019,VT,0,no residential sales in 2024,,,,,,,,,,,,,,,,,,,,,,,,,
397,17167,IL,2996,ok,acceptable (VEI within +/-10),0.9073963609022556,15.3055292346022,1.0150351214197475,-0.011698671356919436,-2.5407421433656414,0.9867646185497202,0.9086776973195457,0.9537626144271197,-0.046236856636738294,-1.487086374383091e-07,-0.004613446217570427,-0.0013988068428540945,,0.18166824179489802,0.12576134391606947,0.1239151931647229,0.10142032733686329,0.07009617614735746,0.1845457192122026,0.1516140016604374,0.15161335589725555,0.12158109787488956,0.07432847022898291,0.03339757281433843
398,13043,GA,109,ok,acceptable (confidence intervals overlap),0.6310463320463321,42.20065862772286,1.200483663714286,-0.04653896142725481,19.890143221475597,0.7893942165213205,0.24878072075047816,0.7106184643312673,-0.2893711977387364,-5.265457921626365e-07,-0.09141262477637713,-0.11925271387976566,,,,,,,,,,0.15048640572177197,,
399,48069,TX,33,skipped (fewer than 100 sales),,,,,,,,,,,,,,,,,,,,,,,,,
400,33001,NH,0,no residential sales in 2024,,,,,,,,,,,,,,,,,,,,,,,,,
401,48451,TX,1342,ok,acceptable (VEI within +/-10),0.8454510094399291,22.999697271308765,1.0893459106164736,0.007095160781284926,-1.0746511229678573,0.8210304861359522,0.46847225983170954,0.8358789969726407,-0.16411838828582254,-3.996562895033302e-08,-0.0676506640675818,-0.08223535336124477,,0.24225464735947647,,,0.04697581172385263,,,,,0.14861458824896248,,
402,48193,,0,no residential sales in 2024,,,,,,,,,,,,,,,,,,,,,,,,,
403,53023,,0,no residential sales in 2024,,,,,,,,,,,,,,,,,,,,,,,,,
404,13007,GA,15,skipped (fewer than 100 sales),,,,,,,,,,,,,,,,,,,,,,,,,
405,20185,,0,no residential sales in 2024,,,,,,,,,,,,,,,,,,,,,,,,,
406,13151,GA,3940,ok,acceptable (VEI significance <= 10),0.9439831851513605,26.18766715305661,1.118268743952424,0.029463806369090923,23.5287797796994,0.6629902157027578,0.9064653606798558,0.42723499913991314,-0.5727644091674052,-1.7981879911216895e-08,-0.11960408676663081,-0.1026279774141714,,,,,,,0.2051959852149562,,,,,
407,44003,RI,806,ok,acceptable (VEI within +/-10),0.9317501298701298,0.5474694430895441,1.0006670078783406,-0.0026595127616307825,-0.27117427577057074,0.9962137910301794,0.9231393718699078,0.9956306109877238,-0.004369240065939089,-6.049879035162466e-09,-0.0007333734511563161,-0.0007851138720644801,,0.007035484936293658,0.01635255224605235,0.01672761195372938,0.009608253433561509,0.013117992742720396,0.1140746446459833,0.015438237680204978,0.015438002099488956,0.01516897885557062,0.013106463413941885,0.013429451442130938
408,13079,GA,129,ok,acceptable (VEI significance <= 10),0.77064,47.49586647199187,1.3377387241432217,-0.18120969638785672,-43.62855913292135,0.7414123855874218,0.46425651419930325,0.6441243252952265,-0.3558754860388587,-1.2770915856465029e-06,-0.1283807455159569,-0.13820994024887034,,,,,,,,,,,,
409,30057,MT,0,no residential sales in 2024,,,,,,,,,,,,,,,,,,,,,,,,,
410,18129,IN,289,ok,acceptable (VEI significance <= 10),0.7580990085849847,24.20338441938816,1.0306231903644045,0.028685056512562448,11.521441452757465,0.9380844574807279,0.6646040897699712,0.9440650132066679,-0.05593082456273624,-2.6579732148374754e-07,-0.02000362646931464,-0.02118323130786015,,0.24245191562327845,0.1637752497169648,,,0.14969386476714522,,0.15771910807950615,0.15771546993134306,0.1260251021968793,0.16416725558934747,0.1723676185506733
411,20191,,0,no residential sales in 2024,,,,,,,,,,,,,,,,,,,,,,,,,
412,18035,IN,1454,ok,acceptable (VEI within +/-10),0.6751016275567951,33.51050387684597,1.3530356016455534,-0.011022325975262747,3.9678427237028235,0.6307915979253692,0.10103712174027678,0.6174089947310323,-0.3825858601756831,-8.374204188439087e-08,-0.1842803496398817,-0.2561879754181027,,,,0.11702204490298056,,,,,,0.11955679845575594,,
413,21051,KY,141,ok,acceptable (VEI within +/-10),1.0,78.29068662872074,1.6122925673054105,-0.11173910452044172,-1.9000000000000017,0.6539145945493747,0.42167217223377434,0.6865469942342345,-0.3134519980350982,-5.757191321346863e-06,-0.18014879309001386,-0.22051073121141007,0.0,,,,0.0844565629269883,,,,,,,
414,17145,IL,237,ok,acceptable (VEI within +/-10),0.8972553191489362,26.605995927897165,1.0822466173923333,-0.02217207929418985,2.074188727643477,0.8860575841596187,0.6198708094914993,0.8870644576998936,-0.11293167463064714,-8.101190587713309e-07,-0.04665381526721735,-0.0582883689470568,,,0.23934938821259194,0.238174748346475,0.06603978096370719,0.23497221370294719,,0.24757966530732306,0.24757826922325613,0.20491603268495193,0.23211930168188435,0.23927910165634708
415,40005,OK,89,skipped (fewer than 100 sales),,,,,,,,,,,,,,,,,,,,,,,,,
416,48303,TX,4399,ok,acceptable (VEI within +/-10),0.8923923331755798,28.267411431881225,1.0671918781128518,0.06592614936779369,5.403203358242969,0.8198077208640233,0.5853525220822139,0.7647523843985127,-0.2352463285199974,-2.3601280830994836e-07,-0.05763274363282633,-0.06171748083445783,,,0.23056796193688617,,,,,,,0.1868216893345426,,
417,05019,AR,2,skipped (fewer than 100 sales),,,,,,,,,,,,,,,,,,,,,,,,,
418,09180,CT,0,no residential sales in 2024,,,,,,,,,,,,,,,,,,,,,,,,,
419,21049,KY,615,ok,UNACCEPTABLE regressivity,0.7147058823529412,39.79777254667241,2.260102162568802,-0.10794623310706476,-75.28108858274551,0.2997914511643302,-0.0113940819271797,0.10702255278555159,-0.8929732287850984,-1.79610734076824e-07,-0.44130453633680955,-0.5712969006790252,,,,,,,,,,0.12161040374255568,,
420,48133,TX,126,ok,acceptable (confidence intervals overlap),0.8744508495824845,37.879252025193956,1.1116966535673205,-0.009087480747038086,-10.615135810684178,0.8437117238189751,0.6756180881736646,0.9224674045038393,-0.07746265672420366,-1.2138080192435045e-06,-0.06005561818001248,-0.06981465067014714,,,0.2403720394125104,0.13055584450280966,0.1441402724904023,,,,,0.24309788023335097,,0.23278561144632984
421,29005,MO,33,skipped (fewer than 100 sales),,,,,,,,,,,,,,,,,,,,,,,,,
422,26049,MI,5470,ok,acceptable (VEI significance <= 10),0.8745430375540046,23.633841540065692,1.0432571813400051,-0.03437513896059775,-16.51801416899651,0.972420150394858,0.8439369858490138,0.9137954631629679,-0.08620516170728822,-3.2973812403632184e-07,-0.010201783189343061,-0.008497126961331869,,,0.2000950825922321,0.2310173915412709,,0.11621212583777604,,0.24122957256313093,0.24122816723349752,0.18423458450479313,0.11391948055814251,0.08629989346014766
423,12039,FL,351,ok,acceptable (VEI within +/-10),0.8220538461538461,26.20858209614832,1.0645445188064946,-0.024765515695264192,-3.013225041683665,0.9179965618412089,0.7253018281214463,0.8399058590052674,-0.16009101985680588,-3.9017982372474226e-07,-0.03127718084908415,-0.02740956848890308,,,0.2389285150591064,0.24816506706516142,0.12327517909372554,0.22451121021253434,,,,0.1934851818875163,0.19662724810852023,0.16443254263418303
424,19021,IA,0,no residential sales in 2024,,,,,,,,,,,,,,,,,,,,,,,,,
425,13199,GA,337,ok,acceptable (VEI within +/-10),0.8678854777509486,25.912242625911936,1.129442803962991,-0.03677770004519697,-5.5841069120432225,0.8228085800833013,0.27131172771015255,0.8563001577120848,-0.14369798677568024,-2.2355745160554432e-07,-0.0713964383770791,-0.09623762302323202,,,,0.2112673292062973,0.14216143282389557,,,,,0.14089578008441342,,
426,48037,TX,816,ok,acceptable (VEI significance <= 10),0.892140462090659,25.154104913865023,1.1127342961172704,0.031086293395997427,19.09354940747916,0.8255486797651853,0.40931953245177716,0.9328367714673623,-0.06715685941366932,-5.4500259514498564e-08,-0.07464901415726888,-0.10051310379805511,,,,,,,,0.19812581285890618,0.19811823632688494,0.1523101599699515,,
427,05003,AR,3,skipped (fewer than 100 sales),,,,,,,,,,,,,,,,,,,,,,,,,
428,29091,,0,no residential sales in 2024,,,,,,,,,,,,,,,,,,,,,,,,,
429,22071,,0,no residential sales in 2024,,,,,,,,,,,,,,,,,,,,,,,,,
430,22101,LA,325,ok,acceptable (VEI within +/-10),0.98,6.8275344338534305,1.0118513647019625,-0.007417210415896923,-0.0010095554422598749,0.9770512414286581,0.9502432698604695,0.9778577411237336,-0.02214173173082272,-1.5098473105163653e-07,-0.008357064061150776,-0.008488716425060883,0.21000818237207722,0.08434548566227588,0.0990677754239046,0.15520511586497895,0.00044762013503587617,0.08822013215662937,0.14561711223892687,0.10475698270154432,0.10475051239160868,0.09733221732230894,0.08805752909771106,0.08185345974892703
431,36099,NY,248,ok,acceptable (confidence intervals overlap),0.8972227573364155,31.004205430786286,1.2087770813502283,-0.12417591558601528,-22.17620479567782,0.6562510049119114,0.3634209088066834,0.5166016884402767,-0.48340095627068563,-7.379876515537453e-07,-0.138913183566721,-0.1651343646224004,,,,,,,,,,,,
432,19037,IA,0,no residential sales in 2024,,,,,,,,,,,,,,,,,,,,,,,,,
433,41067,OR,5813,ok,acceptable (VEI within +/-10),0.9412655233589592,8.272545433351175,1.0084692844666003,-0.013186769262497558,-3.2871661449195444,0.9418015413594616,0.9474404091289002,0.9356282136991262,-0.06437155158854778,-4.131942370509653e-08,-0.01245163361910584,-0.012498275025861316,,0.101455191459383,0.08848031182207355,0.07780721405537233,0.070040568242431,0.08809248514131983,0.13120773865873206,0.09710890983644571,0.09710870747132186,0.08906859961438467,0.08763581309855162,0.08820648319994585
434,13103,GA,1015,ok,acceptable (VEI significance <= 10),0.8707201257861635,17.042049878888808,1.0103219437923643,0.06795717580799124,20.834249844738107,0.953340823428564,0.6550493392063179,0.9951741349581625,-0.00482442969776747,-1.0136467469944905e-07,-0.010424996081329407,-0.01568455489274556,,0.19709149039181179,0.09590927716185109,,,0.08674261504051126,,0.03290926536585516,0.032897518536355135,0.07241138765980384,0.07874625267484182,0.09800550578471429
435,26161,MI,3557,ok,acceptable (VEI within +/-10),0.8555844155844156,13.57225924613357,1.012554824924804,0.011122519630139266,3.101742540416998,0.9607108526938407,0.7878738403209029,0.9576805681176925,-0.042318925416929824,-6.661052650861881e-08,-0.011638029599206234,-0.014369131513787048,,0.1612020867181282,0.11170409786704588,,,0.11332568105375503,,0.11267242800872515,0.11267186777887632,0.08971151040764772,0.11200889414983115,0.11913824365866063
436,37063,NC,4614,ok,UNACCEPTABLE progressivity,0.5311121212121213,24.604734489675653,1.0293710793450284,0.11619993684706585,26.599295359559093,0.9314258297842047,0.4857666120113913,0.837653292837529,-0.16234500390267873,-1.4814597374720393e-09,-0.02536328887596717,-0.022344086399102014,,0.2441052119731278,0.17126329818429467,,,0.2004198166201609,,0.24598196166216907,0.24598094875082854,0.08871761263136682,0.18419939325507492,0.18366210363062035
437,55077,WI,453,ok,acceptable (VEI within +/-10),0.9509090909090909,22.85248480762231,1.0593670113089462,-0.0390475410840757,-4.1242819615779664,0.8561328345087279,0.7306226219533073,0.8555988873478888,-0.14440073168162074,-5.420320179903095e-07,-0.046225612202582145,-0.05294489565332139,,0.2441621069913031,0.2287214545806232,0.22273128177809393,0.08211547935836813,0.22536779948949598,,,,0.19300592338661027,0.23483936067879924,0.2267094283917772
438,48257,TX,4721,ok,UNACCEPTABLE progressivity,0.6229704122471124,56.48860539530267,24.688349406175824,0.0338654219461201,92.60830948016702,0.1533628326775665,6.242196179343043e-05,0.12091186230702312,-0.8790871094104787,-9.411775020760847e-10,-0.8094056397277325,-0.9477924011360552,,,,,,,,,,0.010824762735852148,,
439,48401,TX,275,ok,acceptable (confidence intervals overlap),0.8491501658630006,25.52510909261605,1.060718349612946,0.016387706298857135,14.349800616142103,0.8390119775273998,0.47166984115501015,0.8655204044525587,-0.13447857671884378,-2.8989313253138616e-07,-0.049428343525046436,-0.058404372642192115,,,0.23069938594963216,,,0.2399416110245572,,0.23083380903219305,0.23083278855364822,0.1330915729620186,0.23340617504928163,0.2324602430638688
440,26075,,0,no residential sales in 2024,,,,,,,,,,,,,,,,,,,,,,,,,
441,13045,GA,2280,ok,acceptable (VEI within +/-10),0.8439314209726444,38.236053912526636,1.3563158821289103,-0.0021640352160612847,2.057656684575948,0.5544051842400524,0.15339412927740323,0.4216716659973955,-0.5783354892599172,-2.0667512421881314e-07,-0.21259109843359902,-0.2798584114135947,,,,0.11665587599004615,,,,,,0.22435128419239955,,
442,48075,TX,35,skipped (fewer than 100 sales),,,,,,,,,,,,,,,,,,,,,,,,,
443,38063,ND,22,skipped (fewer than 100 sales),,,,,,,,,,,,,,,,,,,,,,,,,
444,48403,TX,84,skipped (fewer than 100 sales),,,,,,,,,,,,,,,,,,,,,,,,,
445,41017,OR,3739,ok,acceptable (VEI within +/-10),0.9711090909090909,12.208173875912022,1.0106434394421713,0.013454336385929693,5.316088906067408,0.9664230866346963,0.9349345922792391,0.9688992650166545,-0.031100646429599213,-7.309103230172348e-09,-0.010142203076492384,-0.011702941152041957,,0.14767456154922287,0.10584839622881381,,,0.10430079427761497,0.18846324196715664,0.08949327374373583,0.08949308734340913,0.09939652412759477,0.10313508162229046,0.11642404873506627
446,41071,OR,1061,ok,acceptable (VEI significance <= 10),0.9736792244987883,13.004395813552057,0.9931826451699898,0.05509786024375304,15.845697063103296,1.0437155352105791,1.1997512592921828,0.9894525758255974,-0.010547491099001464,1.4591491802980975e-08,0.00998079668224161,0.012406722357472977,,0.15613080554876563,,,,,0.16986668802693083,0.03878538944011165,0.038785522415236445,,,
447,51033,VA,4,skipped (fewer than 100 sales),,,,,,,,,,,,,,,,,,,,,,,,,
448,20099,,0,no residential sales in 2024,,,,,,,,,,,,,,,,,,,,,,,,,
449,35031,NM,82,skipped (fewer than 100 sales),,,,,,,,,,,,,,,,,,,,,,,,,
450,51021,VA,102,ok,UNACCEPTABLE regressivity,0.7722488584474886,54.90287646371918,1.6100660808718956,-0.21618768113983752,-63.924369216612746,0.6489048136443136,0.2206461604439858,0.6045335860458414,-0.3954642631469146,-8.930437328689884e-07,-0.2003419287255368,-0.26809941872129506,,,,,,,,,,,,
451,19113,,0,no residential sales in 2024,,,,,,,,,,,,,,,,,,,,,,,,,
452,29059,MO,0,no residential sales in 2024,,,,,,,,,,,,,,,,,,,,,,,,,
453,55093,WI,671,ok,acceptable (VEI within +/-10),0.9654901960784313,17.443091499085256,1.0242061222434842,-0.009540530295266294,0.09097745186291854,0.9402832269371503,0.8477198272024449,0.9509859209472613,-0.04902729047357199,-2.2738790494947824e-07,-0.017623709733580073,-0.020734874957623273,,0.19326049998545403,0.1482029199824158,0.13144559022977026,0.014156168594751745,0.140418165577691,0.20673108271052001,0.1806492782194675,0.18066403191822075,0.1477009838890739,0.13334024944774506,0.1416244128838985
454,37129,NC,4056,ok,acceptable (VEI within +/-10),0.6138119783996072,14.345138744574827,1.0234664690094155,-0.007379828059470299,-5.222595336869716,0.956332211359542,0.7050583893378963,0.937187871177883,-0.06281071456897129,-2.26351011441653e-09,-0.018362008089519044,-0.015734825929627494,,0.16849198228721546,0.12291397537407144,0.07817935601903624,0.13235857074160315,0.16979387932747192,0.23528116757550216,0.15653332102447193,0.15651971823952068,0.09355959668057556,0.17541342482401262,0.12349010498705687
455,27081,MN,54,skipped (fewer than 100 sales),,,,,,,,,,,,,,,,,,,,,,,,,
456,48335,TX,74,skipped (fewer than 100 sales),,,,,,,,,,,,,,,,,,,,,,,,,
457,31133,NE,59,skipped (fewer than 100 sales),,,,,,,,,,,,,,,,,,,,,,,,,
458,29047,MO,2671,ok,UNACCEPTABLE progressivity,0.6136917636557147,21.014146255101945,1.014024760118302,0.09675131897985176,22.67812546169491,0.9644753365925375,0.5454021350975562,0.9484963034731345,-0.05150148231359884,-3.289221099456098e-08,-0.009052159258776893,-0.012180798056868225,,0.2325411340842546,0.11478032940885984,,,0.0912365417655233,,0.11337053730817748,0.11336945641826998,0.07266701381073813,0.09613349126544635,0.10425697747633465
459,28057,,0,no residential sales in 2024,,,,,,,,,,,,,,,,,,,,,,,,,
460,36115,NY,711,ok,UNACCEPTABLE regressivity,0.8367763636363637,28.80897249014783,1.155722705377341,-0.10444308870030079,-38.25845816814405,0.7714655059471374,0.4531377471487561,0.7385182117217147,-0.26148010765596663,-1.498755197180669e-07,-0.0938586687949341,-0.10025055557219864,,,,,,,,,,0.1995223815505745,,
461,26137,MI,491,ok,acceptable (VEI within +/-10),0.7944,32.88816421622071,1.1287103583968747,-0.06857263369955668,9.9029916568476,0.8189031637128187,0.5096424544976328,0.7838396815037216,-0.21615247600586288,-6.708838381507344e-07,-0.06471397211159968,-0.07142056244521644,,,,,,,,,,0.2406747805007277,,
462,48217,TX,319,ok,acceptable (confidence intervals overlap),0.8512319931693753,31.198752685747927,1.286801512997148,-0.020794492265872665,15.098296377570083,0.6604172831402544,0.020497333895709673,0.7574703132858007,-0.24252778926232882,-6.226621556861459e-08,-0.15038667145288964,-0.21025330448259294,,,,0.19051830798605776,,,,,,0.08420231461627752,,
463,51009,VA,433,ok,acceptable (VEI within +/-10),0.5578666666666666,32.85454764751083,1.5422805720265493,-0.04355200134283526,2.27710159004135,0.5062919851965703,0.0002785834536935277,0.5772375960511902,-0.4227555219492795,-1.4127692145739162e-08,-0.25221714419114294,-0.3299767479018243,,,,0.21638833293269372,,,,,,0.03673573713989773,,
464,37041,NC,237,ok,acceptable (confidence intervals overlap),0.5929184397163121,43.889213214563014,1.3000299028160662,0.02728704466400855,33.46096707852953,0.7070328787626705,0.15532375731413156,0.8597483086513741,-0.14022247036310764,-1.8231110672544217e-07,-0.15465066215233092,-0.23318897590115495,,,,,,,,,,0.15606209389831116,,
465,39087,,0,no residential sales in 2024,,,,,,,,,,,,,,,,,,,,,,,,,
466,10001,DE,0,no residential sales in 2024,,,,,,,,,,,,,,,,,,,,,,,,,
467,51099,VA,366,ok,acceptable (VEI within +/-10),0.7973069557238422,11.617650940529987,1.0050541690506174,0.04002044927437594,8.69932349415861,0.9735853918588055,0.7123241330755291,0.9858028199553206,-0.014196243630884915,-5.6355381545024154e-08,-0.005216207362210179,-0.007758486266294273,,0.1448094984806434,0.06925729467956918,,,0.06262159446877173,0.22203178783234764,0.06030599198344326,0.0603053584364861,0.06309924901471449,0.06178413096646885,0.06696569900541438
468,36045,NY,1721,ok,UNACCEPTABLE regressivity,0.7625291262135923,40.36664447780117,1.3528054087154455,-0.2056155768789654,-66.55323061803834,0.5024940000180035,0.23650174797178883,0.44587599004977535,-0.5541207510289957,-7.023432371183771e-07,-0.2064371168055863,-0.23846452328270362,,,,,,,,,,,,
469,21185,KY,965,ok,acceptable (VEI within +/-10),0.7714285714285715,22.19607034056172,1.0507638935205876,-0.01605604109316641,5.079863661459962,0.8603278638350883,0.6447683914572345,0.8236592969114909,-0.1763398110385453,-1.4970496787301768e-07,-0.044973874502069355,-0.049126908459991236,,0.24168367964503537,0.20989406200935343,0.12214251587498484,,0.2196035722471289,,0.23735764841164916,0.23736234621512806,0.18349720470942157,0.21619052179612852,0.23272958862577836
470,26043,MI,380,ok,acceptable (confidence intervals overlap),0.7917202227934876,26.794987183241627,1.0522965099488095,-0.024096024371000342,-10.71687333351546,0.9245324220735188,0.7666953248977687,0.8756774852309337,-0.1243198005834981,-3.9242410338362416e-07,-0.02797405312964396,-0.018994296315562487,,,0.2046451953257686,0.17488473722390965,0.21246713768491818,0.2024894884904146,,0.23394874118224887,0.23394527472593696,0.2030655478734698,0.2052707329117841,0.16517056342245293
471,01071,,0,no residential sales in 2024,,,,,,,,,,,,,,,,,,,,,,,,,
472,20015,KS,873,ok,acceptable (confidence intervals overlap),0.854020532793859,21.97187595041442,1.0276909566021541,0.04073695798649524,12.867480387343171,0.9340877924439052,0.668169053695641,0.9376265910094692,-0.062371963548140064,-1.5648225518981588e-07,-0.021392094911780957,-0.02898859130067577,,0.2368228344985614,0.15794494875244658,,,0.16989094269690316,,0.1559969355643041,0.15599195263093393,0.14523379141482465,0.15889690779376953,0.1811830385686492
473,27069,MN,37,skipped (fewer than 100 sales),,,,,,,,,,,,,,,,,,,,,,,,,
474,19069,IA,0,no residential sales in 2024,,,,,,,,,,,,,,,,,,,,,,,,,
475,48477,TX,211,ok,acceptable (VEI within +/-10),0.8637856038271972,25.951372490010648,1.0370142196844498,0.06177574755440032,9.159240847348181,0.9276924540509771,0.7373229374798633,0.9345591883153173,-0.06544030864645368,-2.632499240022672e-08,-0.02758940378823893,-0.027132605835874735,,,0.2471855384090844,,,0.23041918567272088,,0.15899158328853882,0.1589903031988162,0.1591765668748449,0.21774978331069553,0.23511335564905583
476,19175,IA,0,no residential sales in 2024,,,,,,,,,,,,,,,,,,,,,,,,,
477,17007,IL,334,ok,acceptable (confidence intervals overlap),0.765993951569699,28.189807576465856,1.0954774491896389,-0.01362917138006718,-23.710939540909493,0.7373128807313727,0.29030973904068946,0.6882010570875521,-0.3117953736789711,-2.4723846383830816e-07,-0.08527647816438577,-0.08917933952894486,,,0.24891693613795957,0.13895181353409217,,,,,,0.17925072261982997,,
478,48479,TX,1821,ok,UNACCEPTABLE progressivity,0.8398347466840618,33.87544561403466,1.100557367807146,0.09324018412618744,24.04111584395607,0.6826307929839665,0.4885895035433752,0.5900212744151103,-0.4099759761229953,-2.9127042550099346e-07,-0.0934356149161959,-0.10451082454042471,,,,,,,,,,0.23288029111148723,,
479,47141,TN,0,no residential sales in 2024,,,,,,,,,,,,,,,,,,,,,,,,,
480,56001,WY,292,ok,acceptable (VEI within +/-10),0.8211976175555031,17.118877176376056,1.0228434165129645,0.02033861098237336,6.163929121595897,0.8718984834272757,0.7202737501615734,0.8585061939601594,-0.14149329424282037,-1.1657941498870284e-07,-0.0291701577857002,-0.029623100983209305,,0.20011349886415386,0.15995290416990293,,,0.1515866436718349,,0.17237933283162432,0.17237874178237836,0.1123188281531067,0.14661723368005553,0.14892734602570223
481,51690,VA,302,ok,acceptable (confidence intervals overlap),0.647266500622665,46.647923280511854,1.701994068352662,-0.15223707271529674,-33.030543485236464,0.4840706967481947,0.005754986488539314,0.4281144923025397,-0.5718795815620464,-1.1729652117681406e-07,-0.2905452971485478,-0.3800765961937216,,,,,,,,,,0.09453198809509634,,
482,36033,NY,622,ok,UNACCEPTABLE regressivity,0.8859024151811385,48.504724086737745,1.4414533321032037,-0.16033596634718109,-40.97560162902203,0.7161998194188939,0.3399500973083741,0.6764896688941165,-0.3235095256901819,-2.803622996476659e-07,-0.16019183427755257,-0.19378074036089776,,,,,,,,,,,,
483,05117,AR,0,no residential sales in 2024,,,,,,,,,,,,,,,,,,,,,,,,,
484,17027,IL,254,ok,acceptable (VEI within +/-10),0.8930705882352941,19.873263617633196,1.0289276740814985,-0.0023297240143883144,-5.3951695607344465,0.9513729494082961,0.8037045502781449,0.9651898803536499,-0.03479594371382617,-3.0490211101174196e-07,-0.016587554627198076,-0.018488087969876776,,0.2253103798685698,0.16155198979043395,0.05721392633382909,0.1522563024687916,0.14205028322095284,0.23652100389145636,0.1266934431500143,0.12664490878538331,0.13086583364621196,0.14548200404304534,0.15044354730194076
485,29039,MO,189,ok,acceptable (confidence intervals overlap),0.32899432153163494,46.29786657412435,1.2313315904067708,0.0686540732049036,29.80750899795898,0.6661339382514361,0.09947124530064155,0.5276292113766531,-0.47237668888526657,-1.3122441514340996e-07,-0.14373727358214117,-0.17234996257708324,,,,,,,,,,0.08784433320827152,,
486,27061,MN,712,ok,acceptable (VEI within +/-10),0.868065934065934,21.03383553028117,1.0559506724328471,0.006610116495748821,2.7006644980542127,0.9149735283255047,0.41578196454661787,0.9466201872487084,-0.053377665386747916,-8.971828053865e-08,-0.03302954227753219,-0.0445437076725852,,0.23317693302872916,0.20821039474727765,,,0.19838353248964588,,0.1812224114779428,0.18121841641402103,0.11512863035280227,0.19627561959213696,0.24253208853119929
487,17161,IL,1928,ok,acceptable (VEI significance <= 10),0.9027884912959381,19.327047267249856,1.0436428252494963,-0.0574802242413698,-11.830901968749437,0.8883024050098349,0.808469941018409,0.8477760639937103,-0.15222375538331087,-6.540443627005702e-07,-0.033759228913198935,-0.03165734594652725,,0.2170547243331409,0.19301619206630635,0.19065883634944253,0.21828373520949987,0.18509238235912484,0.2350464108940986,0.21057728607772053,0.2105765413700942,0.1857786801436512,0.18303435518068745,0.17741763459991194
488,27127,MN,149,ok,acceptable (confidence intervals overlap),0.8933701657458564,19.872153142378455,0.9578145267123755,0.05708170137297044,13.030806890794569,1.0693446080752878,1.231376375915962,1.0401323093080483,0.04013382022831391,2.0083853332514116e-07,0.027937078679690197,0.045298727049727705,,0.2186559131833811,,,,,,,,,,
489,21101,KY,588,ok,acceptable (VEI significance <= 10),0.8221336960746211,28.515778122049305,1.195805402419333,-0.040873529736304995,-31.44931685915353,0.7615902932676818,0.27148901926361885,0.7915469343521764,-0.2084476324387312,-2.3027779109343785e-07,-0.1103676943274301,-0.14777337288273862,,,,0.23721635562341428,,,,,,0.18312892251675655,,
490,48495,TX,49,skipped (fewer than 100 sales),,,,,,,,,,,,,,,,,,,,,,,,,
491,29105,MO,0,no residential sales in 2024,,,,,,,,,,,,,,,,,,,,,,,,,
492,27025,MN,839,ok,acceptable (VEI within +/-10),0.8845901639344262,10.886493690519053,1.0040304275642171,0.01710199642047743,3.465979205673658,0.9709599377184099,0.9227984774742035,0.9931588135892189,-0.00684019509328627,-1.6414431746911935e-08,-0.007648249737399748,-0.008557071928796622,,0.1345360826349134,0.06865849733337889,,,0.0836609697994018,0.17562294082974375,0.03915840797572859,0.03915621832741052,0.0633397359110362,0.08256980506159413,0.08717528367466414
493,37027,NC,0,no residential sales in 2024,,,,,,,,,,,,,,,,,,,,,,,,,
494,45053,SC,1430,ok,UNACCEPTABLE progressivity,0.9998576102518926,32.99898690810199,1.1651202658531972,0.10963057519973957,41.238230704593725,0.6693054432055902,0.14633689912480322,0.44811692073546294,-0.5518852591370867,-3.176487314768601e-08,-0.10840109363804462,-0.13315684632371738,0.04738620666447286,,,,,,,,,0.09746978364637493,,
495,01119,AL,39,skipped (fewer than 100 sales),,,,,,,,,,,,,,,,,,,,,,,,,
496,13201,GA,76,skipped (fewer than 100 sales),,,,,,,,,,,,,,,,,,,,,,,,,
497,39041,OH,2743,ok,acceptable (VEI within +/-10),0.8129333333333333,12.75393869415793,1.0037543689586952,0.04592763821997013,9.8239154798682,0.983958164248997,0.7419877921871186,0.9870762974850232,-0.012923003416811563,-1.891732374487121e-08,-0.0038702554486926832,-0.005044266864312474,,0.14805413376412047,0.055933775880084774,,,0.05427356128286803,,0.051077740522604,0.05107677874844646,0.058273592747001564,0.05256787985717324,0.05796335762329147
498,12071,FL,25059,ok,UNACCEPTABLE progressivity,0.7738818897637795,33.44298821967164,1.2108657619306664,0.08054770238985191,30.824463733709806,0.7475125250977604,0.07901719497634743,0.7135083920895039,-0.2864883567333125,-1.412997988750744e-08,-0.11507522891934796,-0.15566761007772145,,,,,,,,,,0.12376825406648216,,
499,28113,MS,237,ok,acceptable (VEI within +/-10),0.440880439135739,55.17603773345779,1.5034175377695063,-0.02710675134505509,4.783057862794281,0.48122467033095634,0.01836719059319143,0.4435047942527009,-0.5564773614544566,-1.634746597386655e-07,-0.25790955637883295,-0.3230547607162222,,,,0.21371378362432022,,,,,,0.0763848051350885,,
500,13065,GA,70,skipped (fewer than 100 sales),,,,,,,,,,,,,,,,,,,,,,,,,
501,50007,VT,0,no residential sales in 2024,,,,,,,,,,,,,,,,,,,,,,,,,
502,47071,TN,0,no residential sales in 2024,,,,,,,,,,,,,,,,,,,,,,,,,
503,05023,AR,3,skipped (fewer than 100 sales),,,,,,,,,,,,,,,,,,,,,,,,,
504,37141,NC,1452,ok,acceptable (VEI within +/-10),0.5038093841642228,25.633936027333405,1.0645340261235845,0.02596086760377408,6.951170167273475,0.8506253098992853,0.27001873202934445,0.8882613139304054,-0.11173070007706133,-7.801606139327571e-08,-0.05151694122831674,-0.06568935739002857,,,0.225270577483327,,,,,,,0.0942776144638647,0.23422396879367832,
505,31081,NE,153,ok,acceptable (VEI within +/-10),0.7538,21.13114803012639,1.0402477139727382,-0.0010398051626334208,-1.0601627147967843,0.8978459147356076,0.6436289450147054,0.8980608690258115,-0.10193590824780904,-2.680224449607202e-07,-0.03326264926375555,-0.03257865266557913,,0.2432090402235692,0.18863782074205004,0.02513657215789431,0.03587942626615884,0.19449844560888335,,0.18274647269477012,0.1827366037098464,0.14494796789946357,0.18238213373529408,0.14632261571965022
506,39123,OH,829,ok,acceptable (VEI within +/-10),0.8443333333333334,15.567586873778307,1.0406812823637563,-0.02747234103681774,0.31555169870911626,0.9384316171067952,0.7142836639683949,0.935122198465711,-0.06487752485446292,-1.3513743805404258e-07,-0.024625683196296322,-0.028560437881403944,,0.18768662856569918,0.18669838212630097,0.21576105912213805,0.04366256208146904,0.18299565770870496,,0.19732170567726584,0.19732147289304855,0.1419143144456751,0.18263076901657882,0.1797826697132176
507,31053,NE,390,ok,acceptable (VEI within +/-10),0.8813793851717903,16.31785355469996,1.0391684214805934,-0.012699401968461114,4.962331821324004,0.9025307734086412,0.5771215825593919,0.9472580215126822,-0.052735769532071625,-2.0892792451316196e-07,-0.029916197097042962,-0.03433651245688418,,0.1768254342386588,0.20205381639017497,0.1753040958415196,,0.15508359433761723,,0.18278501492923208,0.18277592875918156,0.13063073759423316,0.1513276972791504,0.20195514311503632
508,22077,LA,162,ok,acceptable (VEI within +/-10),0.8662058371735791,23.30247093532191,1.0526442429993244,-0.04103767109087091,-4.637081042738076,0.9761088703355975,0.7904004651203486,0.8847057989367395,-0.11529365328068152,-2.592279884805908e-07,-0.010013468676630222,-0.005400163400226532,,,0.20922482150569938,0.22155619069346835,0.18411727009091666,0.14110224733566215,,,,0.22020513980356987,0.08864066068204268,0.07312706462790743
509,32003,NV,0,no residential sales in 2024,,,,,,,,,,,,,,,,,,,,,,,,,
510,29081,,0,no residential sales in 2024,,,,,,,,,,,,,,,,,,,,,,,,,
511,39015,OH,633,ok,acceptable (VEI within +/-10),0.7364848484848485,35.52605135861724,1.1747107152130334,-0.024907835829444894,0.45077976515921264,0.8473328967368539,0.1473839081493402,0.8684235369532455,-0.131572446251834,-9.020463241403604e-08,-0.0729458236839986,-0.10584545085369945,,,,0.23143007932873744,0.027593536136036614,,,,,0.11571974835980017,,
512,47119,TN,2554,ok,acceptable (VEI significance <= 10),0.7806508771929824,15.468908220458282,1.0103987398976584,0.03760490550482343,11.14024051536733,0.9435916365381994,0.6496020030437925,0.9905018884719782,-0.009495376398010055,-8.87334218596687e-08,-0.012958576554878753,-0.018092993804198487,,0.18250553270516232,0.10261553636600787,,,0.10321444426361318,,0.04888496774911223,0.04887976036398035,0.07158498992143945,0.1015595307119296,0.1080545559052284
513,01081,,0,no residential sales in 2024,,,,,,,,,,,,,,,,,,,,,,,,,
514,29201,MO,0,no residential sales in 2024,,,,,,,,,,,,,,,,,,,,,,,,,
515,13233,GA,614,ok,acceptable (VEI within +/-10),0.8664815,28.765440879533987,1.1013684759665299,0.009137173632725263,-7.016083211641523,0.8085222233400602,0.26692690177945855,0.8421407728602875,-0.15785405015367615,-3.792460325763441e-07,-0.06704313036434617,-0.0876287416693935,,,0.24239108869861573,,0.15649505651529644,,,,,0.18284428802932245,,
516,55103,WI,199,ok,acceptable (confidence intervals overlap),0.8262158956109134,27.758979973660736,1.3552821282316314,-0.10504238310420223,-20.79988279456742,0.5515757405549052,0.0999340309398469,0.6049978699163934,-0.39499862782595474,-3.240779406721113e-07,-0.20995294803924391,-0.27108033017110666,,,,,0.2286994062200665,,,,,0.16758491518454885,,
517,01103,,0,no residential sales in 2024,,,,,,,,,,,,,,,,,,,,,,,,,
518,05075,AR,0,no residential sales in 2024,,,,,,,,,,,,,,,,,,,,,,,,,
519,32021,NV,95,skipped (fewer than 100 sales),,,,,,,,,,,,,,,,,,,,,,,,,
520,04011,AZ,56,skipped (fewer than 100 sales),,,,,,,,,,,,,,,,,,,,,,,,,
521,37031,NC,1726,ok,acceptable (VEI within +/-10),0.5093433275085073,21.95682091160883,1.0343338770315422,0.018729750208201335,5.69736857231766,0.9302552700496525,0.43950665077802037,0.9617948770658387,-0.038200395758142866,-4.160794560619914e-08,-0.026972375972375007,-0.033199353458354786,,0.22963598773727678,0.17393229869012145,,,0.1834698115310136,,0.1553489416739908,0.15531565221303945,0.09557880945409214,0.1796640613115609,0.18535689235068348
522,28151,,0,no residential sales in 2024,,,,,,,,,,,,,,,,,,,,,,,,,
523,55033,WI,567,ok,acceptable (VEI within +/-10),0.976,16.70116140072117,1.0243664833608621,0.008438463162730378,6.935653546068199,0.9036467075839868,0.7900606841081257,0.9397832404348243,-0.06021527051588578,-2.871913225384936e-07,-0.026417477627092234,-0.029418599802809586,,0.20062055340042365,0.13050480599148373,,,0.15442442338446816,0.22695715253471457,0.13682406028994223,0.13682059292346926,0.13351419252524913,0.141799754263227,0.1467155704951386
524,18003,IN,5137,ok,acceptable (VEI significance <= 10),0.8446979517759917,19.72139876882114,1.028527269245697,0.033008503067911366,12.51548782337101,0.9297538637063373,0.5152811485076605,0.9459911289803269,-0.05400741969293319,-2.3446764768485258e-08,-0.020769133015053454,-0.025894877106725556,,0.21871023022686426,0.16040068678020442,,,0.15076845133314196,,0.13498680389976253,0.13498610065695507,0.08789930200291741,0.13917562768418376,0.15821839983798408
525,36027,NY,1759,ok,UNACCEPTABLE progressivity,0.873921568627451,16.520851691122616,1.0315108950272034,0.01735532705041156,20.905946188848098,0.9030234224005809,0.6647029718065482,0.9426068193659765,-0.05739251719850707,-4.242060415979437e-08,-0.03002017273649571,-0.033656486155045906,,0.18959064800245704,0.16001529611633475,,,0.16954760386568601,,0.12780347610950626,0.12780247232025016,0.12472068853067526,0.1667379847664405,0.1800773268918641
526,39165,OH,3093,ok,acceptable (VEI within +/-10),0.8247125,10.837644426848186,0.9989708656533351,0.029452052851506087,8.848134730449823,1.0070956396215973,0.8174440459906511,1.0092787500947318,0.009279468324952262,6.120773144578178e-09,0.001973854072706782,0.0007023218733038794,,0.12970004782959957,,,,,0.23457071035911584,,,,,
527,55111,WI,851,ok,acceptable (VEI within +/-10),0.9095835034708044,15.899820900271598,1.0245783341575176,-0.007752520645305996,-7.879878998759996,0.933169051076266,0.7538765739945171,0.9177184596123621,-0.08228122582664352,-1.8962375770782027e-07,-0.018632015437066052,-0.021836792879836642,,0.19011805982970212,0.15132484821995285,0.06859530880036775,0.15507303953266058,0.13663538150379959,,0.1497333114063853,0.14973286427726837,0.13449397156367526,0.12838844073061756,0.142496535522541
528,17179,IL,1968,ok,acceptable (VEI within +/-10),0.8769374620626549,16.030444604090548,1.0269974906890562,-0.016266864358564323,-6.996044111596557,0.9484305599781189,0.7205995347605947,0.9333524150687961,-0.06664701039451026,-1.724280260859724e-07,-0.017085595997493375,-0.018159452913071972,,0.18312369347189866,0.1492802462545511,0.11908377092217995,0.1652938690495549,0.12884116062536044,,0.15585782079090826,0.15585717932710286,0.12338540650319955,0.12613900630046124,0.12684047289492478
529,28049,,0,no residential sales in 2024,,,,,,,,,,,,,,,,,,,,,,,,,
530,51111,VA,0,no residential sales in 2024,,,,,,,,,,,,,,,,,,,,,,,,,
531,40089,OK,445,ok,acceptable (confidence intervals overlap),0.6757349246231156,45.84325558590536,1.045528363843432,0.017250320105449524,29.414080932317855,1.0158930475343253,0.5961679318969043,0.8725682857649206,-0.12742825562624174,-7.580307403269562e-08,0.007674284520974739,-0.0014033036244776032,,,0.19213242556178134,,,,,,,0.15833312588022033,,0.02923439727806919
532,40049,OK,405,ok,UNACCEPTABLE regressivity,0.8734575342465754,51.94383528573864,1.35580342930905,-0.26028893714327495,-50.357088868920215,0.6646356016659818,0.3144748944658267,0.6060947404518029,-0.3939069237525111,-1.0365138576745844e-06,-0.14699386173145412,-0.1675821347888813,,,,,,,,,,0.24724447379194642,,
533,22073,LA,1635,ok,acceptable (confidence intervals overlap),0.7894736842105263,34.51942599661862,1.3235362712538878,-0.009085336335273898,12.641195557090239,0.7179710701142444,0.005066760513935795,0.8300006907724378,-0.1699947846352807,-1.8734283244471703e-08,-0.14434931886136515,-0.22827240826637074,,,,0.16947804590798465,,,,,,0.041367536812741586,,
534,29009,MO,0,no residential sales in 2024,,,,,,,,,,,,,,,,,,,,,,,,,
535,12047,FL,97,skipped (fewer than 100 sales),,,,,,,,,,,,,,,,,,,,,,,,,
536,39029,OH,0,no residential sales in 2024,,,,,,,,,,,,,,,,,,,,,,,,,
537,08063,CO,78,skipped (fewer than 100 sales),,,,,,,,,,,,,,,,,,,,,,,,,
538,41005,,0,no residential sales in 2024,,,,,,,,,,,,,,,,,,,,,,,,,
539,30013,MT,0,no residential sales in 2024,,,,,,,,,,,,,,,,,,,,,,,,,
540,13221,GA,173,ok,UNACCEPTABLE progressivity,0.8159322033898305,28.549252167549167,0.9831392909307851,0.07979571815139368,34.06698883464998,1.187793653000787,0.8812873688702298,1.014899543999585,0.014901527171951368,1.7925549853466883e-07,0.05162790885113777,0.05760859499995841,,,,,,,0.1959064965814961,,,,,
541,48497,TX,1189,ok,UNACCEPTABLE progressivity,0.8348967310294068,39.669142001609515,1.5048701974368295,0.19083496521502455,93.37347941765192,0.42105085883748306,8.129242478061543e-06,0.45659211647299985,-0.5434048872240722,-1.7692370241066337e-08,-0.2732799393588736,-0.3356822712479639,,,,,,,,,,0.05345705501560353,,
542,21209,KY,910,ok,acceptable (VEI within +/-10),0.81377769289534,14.501740098361836,1.0126038787736893,0.0005687814592476949,-7.4123437551338345,0.9605543148730441,0.8533392352828238,0.9500749033477799,-0.0499236722960964,-2.291629933082031e-08,-0.011483331392591944,-0.01253104839905328,,0.17492762529365527,0.08784234376467008,0.01523664444615494,0.14041533430412656,0.09490386096303645,0.19422195382844895,0.1154507324310786,0.11545291163623979,0.08542960813902437,0.09245641846490216,0.10137940960910798
543,16077,ID,0,no residential sales in 2024,,,,,,,,,,,,,,,,,,,,,,,,,
544,51069,VA,1985,ok,UNACCEPTABLE progressivity,0.7437142857142857,31.06045878886656,1.0549086538559702,0.20288421148010183,95.0927171092321,0.7512486636402236,0.30277759269230853,0.5499556793272844,-0.45003880129981755,-2.562711260885416e-07,-0.05745575602600539,-0.0632988914619832,,,0.21553547185728872,,,,,,,0.17292056924044177,,0.2402029299986222
545,37191,NC,1793,ok,acceptable (VEI significance <= 10),0.584,31.142797988863816,1.061565254319591,0.033878389582617845,13.38169754490806,0.8988388787950454,0.3873791159118188,0.7990528034997512,-0.2008995984258286,-2.240560533875502e-07,-0.03256848909801735,-0.03861844111047974,,,0.23125943705192198,,,0.24723059685269946,,,,0.13426534627371922,0.2097253975821307,0.1968877684853115
546,05149,AR,0,no residential sales in 2024,,,,,,,,,,,,,,,,,,,,,,,,,
547,17173,IL,283,ok,acceptable (VEI within +/-10),0.80036,31.57740105290417,1.1590446429976364,-0.08016844400714322,-8.325534180404338,0.6388445466102753,0.26625313032059317,0.6187293752226404,-0.38126741200069686,-1.0381663790259181e-06,-0.12608924988253967,-0.14369564230471243,,,,0.23468397468429816,0.193793310443744,,,,,0.1924246665064821,,
548,55041,WI,371,ok,acceptable (VEI within +/-10),0.935,30.632731180726886,1.067342844618211,-0.012782973326028539,0.6195293433624206,0.9094875249806775,0.6578455200193927,0.9053936027851194,-0.09460512827232183,-4.0280772250886774e-07,-0.0340222682467064,-0.042433427692355696,,,0.24383960194856788,0.15148976852287088,0.05382835628485185,0.2457970597766287,,,,0.2135837910886369,0.2418644459006601,0.24693510447882186
549,08067,CO,876,ok,UNACCEPTABLE progressivity,0.6750268125854992,18.79367654959283,1.0050203892782898,0.04753513849605439,23.606467659935436,0.9741965673621263,0.6368758769546847,1.0194780583840377,0.019469593927469626,-4.868919700369246e-09,-0.009109696107611809,-0.017631547386787405,,0.21496530563440766,0.07824762925276865,,,0.13614835863178237,,,,0.04479564143140615,0.13719126207833893,0.12494080157846427
550,17055,,0,no residential sales in 2024,,,,,,,,,,,,,,,,,,,,,,,,,
551,27131,MN,750,ok,acceptable (VEI within +/-10),0.8817303448978207,10.934157901025245,1.0095720280416096,0.0007608508062465146,1.5266189889285948,0.9595712266641218,0.8540048142125848,0.9652193341183394,-0.034779941478167375,-7.818181153389926e-08,-0.010770929516510597,-0.011566437743977698,,0.12923211640608107,0.09280895382398288,0.022539533496248872,,0.09293428211454839,0.22831180779451785,0.09656378459633654,0.09656225498317028,0.09499384305711481,0.09425534309353208,0.09229221350083669
552,21233,KY,139,ok,acceptable (confidence intervals overlap),0.5648248594661957,62.21392458413503,1.5342295493012232,-0.05483873378531212,-50.18450245310246,0.6048852395163177,0.1358971697110122,0.6445002860067799,-0.3554630183386387,-8.323669105859024e-07,-0.2212941132404347,-0.3084515040865594,,,,,,,,,,0.24349201822924565,,
553,51121,VA,956,ok,acceptable (VEI within +/-10),0.8108778462998103,13.747145641488126,1.005378379528431,0.02211306484019514,2.443459258994732,0.9935714241601351,0.7606597684173879,0.9908844144445108,-0.009113927557842813,-3.173416185012341e-08,-0.0018679658861524562,-0.0029010303360030854,,0.16616874301159243,0.07319593017793115,,,0.03808836632688838,,0.04736781877201732,0.04736316324120895,0.05329194058048096,0.03713714749968498,0.056822851039052484
554,45051,SC,9333,ok,acceptable (VEI within +/-10),0.9814159292035398,10.53854609015047,1.0232067563697969,-0.02528382005502894,-7.5274336227485215,0.9352268407062027,0.9250698350499849,0.9370523351736973,-0.06294746016200817,-1.1076354106967726e-08,-0.02153516974394787,-0.022165535709898654,,0.1264583346631962,0.139078585439298,0.1410400834436256,0.15415946936554994,0.13992875884342984,0.1419247653376556,0.13838894072538885,0.1383886914125712,0.1353501431374442,0.14034894454687988,0.14706063357412266
555,17191,IL,153,ok,acceptable (VEI within +/-10),0.7907857142857143,32.535277906104504,1.2109964841518985,-0.07602546634832802,-6.167968088939004,0.5839481119290256,0.22296514822674998,0.6653129212743795,-0.3346804038193872,-1.1394145293111075e-06,-0.1607067951559944,-0.18510780919627967,,,,,0.09044844163842901,,,,,0.1799566230150253,,
556,48203,TX,604,ok,acceptable (confidence intervals overlap),0.7469034089865603,36.27541672681807,1.2296073820291535,0.007962666487423916,-44.524475414758214,0.6613964282363725,0.15893320041853215,0.6820591035844393,-0.3179207103433048,-4.2237366669684966e-07,-0.15001713801941374,-0.2255954091445227,,,,,,,,,,0.21544964102467437,,
557,54067,WV,121,ok,acceptable (confidence intervals overlap),0.554,72.30053397435746,1.5644668908234618,-0.36435849472337056,-41.06321228852551,0.6291282078823707,0.26626258222558924,0.5533442994982425,-0.4466572974641738,-1.5601139123544324e-06,-0.17987651302312813,-0.20182768978553978,,,,,,,,,,0.24185255897647084,,
558,28039,,0,no residential sales in 2024,,,,,,,,,,,,,,,,,,,,,,,,,
559,54099,WV,329,ok,UNACCEPTABLE regressivity,0.6502857142857142,51.435409050041415,6.22665177191909,-0.17243447410241536,-40.97640810028684,0.2791622990590984,4.192202699679595e-05,0.38093661999908485,-0.6190541135091037,-1.3801279163210228e-08,-0.6266147295730704,-0.822699942223214,,,,,,,,,,0.026559710394536796,,
560,31023,NE,124,ok,acceptable (confidence intervals overlap),0.7587005249343832,33.18534211018006,1.470130936710907,0.003143104761027432,14.909996567091566,0.6818859642644014,0.1761600125705964,0.8409988767221491,-0.15896674032771504,-1.5114972206745537e-07,-0.19241971888916454,-0.3155470428288347,,,,0.07989995007428106,,,,,,0.20523162003654827,,
561,35041,NM,126,ok,acceptable (confidence intervals overlap),0.7003664647014218,30.495734777479672,1.2800098681550165,-0.010640270008726437,24.416690016012115,0.552346629608252,0.052096741120337305,0.5712282053903461,-0.42876764318535765,-2.3573541701523848e-07,-0.18361661640986093,-0.23212574976007838,,,,0.06285994393258644,,,,,,0.0856508455353625,,
562,49051,UT,753,ok,UNACCEPTABLE regressivity,0.7930370951074368,39.166363616079124,2.0524825642278306,-0.11662210314291437,-89.38827593219777,0.4252636122980525,0.03335000610906844,0.2652249733667963,-0.7347747488854172,-3.6520922465761185e-08,-0.3656201344429417,-0.4943236729492859,,,,,,,,,,0.15081477002432592,,
563,21215,KY,260,ok,acceptable (confidence intervals overlap),0.8235294117647058,27.85823645276698,1.0366619541906583,0.03891324595647089,25.436827380237215,0.8796981964646027,0.6359488699546958,0.8881788589593868,-0.1118166412083117,-2.7715498171867255e-07,-0.03759263603731866,-0.047854812323200324,,,0.18145931207878468,,,0.2234110390941767,,,,0.16390726549765616,0.2084946043625539,0.2011879592754333
564,36029,NY,9876,ok,UNACCEPTABLE progressivity,0.8708607300884956,21.11426945375554,1.0211235001065397,0.03202163828281457,16.14322085226151,0.9566265817631022,0.6852771347017204,0.9607461836899691,-0.03925256370464784,-3.244708654615242e-08,-0.01410493914866362,-0.016123262647599335,,0.23160845027871893,0.14379640427788773,,,0.1327225169964402,,0.13023878260131877,0.13023659245382604,0.10460995642359176,0.12715513973061157,0.13500608010485626
565,05109,,0,no residential sales in 2024,,,,,,,,,,,,,,,,,,,,,,,,,
566,27063,MN,147,ok,acceptable (VEI within +/-10),0.890543259557344,27.416623060959143,1.0279914177939575,-0.0180425020293938,-7.6538407552104175,0.9848877967828326,0.9687363603376141,0.9364698567778982,-0.06353018965139821,-7.391773946052594e-08,-0.0068826364149561226,0.0028161811075844145,,,0.16943558473016762,0.1737717422930896,0.2219093980832217,0.15382777871325237,0.13877718667242245,0.2215621761832569,0.22156183711630048,0.1852849048882825,0.13935338271179118,0.0810474156608276
567,39107,OH,0,no residential sales in 2024,,,,,,,,,,,,,,,,,,,,,,,,,
568,05089,,0,no residential sales in 2024,,,,,,,,,,,,,,,,,,,,,,,,,
569,27023,MN,176,ok,acceptable (VEI within +/-10),0.9169252370645589,24.387685945286588,1.0378794039109052,0.004313159431369724,2.113532218491726,0.9267396747326738,0.8383632942041531,0.9423388529728421,-0.05765840806126714,-5.296259912795519e-07,-0.02541962832838629,-0.024882531595111113,,0.24757163026313705,0.19246091329578685,,,0.16961218349043128,0.2208477636166243,0.20545420039199097,0.2054515344627823,0.19169587708823702,0.20628648384950218,0.20161319245217693
570,28031,,0,no residential sales in 2024,,,,,,,,,,,,,,,,,,,,,,,,,
571,28025,MS,75,skipped (fewer than 100 sales),,,,,,,,,,,,,,,,,,,,,,,,,
572,18123,IN,265,ok,acceptable (VEI significance <= 10),0.6525714285714286,37.75570274792836,1.1540384721167496,-0.06713478661492218,-24.729648864565355,0.6282180332717203,0.3027063991440441,0.6230591691772392,-0.37693520836557964,-1.078660668047851e-06,-0.1223835283439414,-0.13108855256712038,,,,0.23165793430021508,,,,,,0.19485719652900427,,
573,26013,MI,151,ok,acceptable (VEI within +/-10),0.7614647058823529,46.586526536884094,1.1427290771093654,-0.00033585274778231413,8.909882196455944,0.8142713428021553,0.5969342767595166,0.8189713325001502,-0.18102238258739622,-1.284107328744733e-06,-0.0769551951095262,-0.08114194561044119,,,,0.0223333313201404,,,,,,,,
574,47129,TN,0,no residential sales in 2024,,,,,,,,,,,,,,,,,,,,,,,,,
575,48491,,0,no residential sales in 2024,,,,,,,,,,,,,,,,,,,,,,,,,
576,30039,,0,no residential sales in 2024,,,,,,,,,,,,,,,,,,,,,,,,,
577,18101,IN,123,ok,acceptable (confidence intervals overlap),0.7292592192233363,35.42567927840734,1.2496762279559586,-0.08289648513418135,-24.663218315748622,0.6487249875032679,0.15157952604998678,0.6360099156010668,-0.36398807657082705,-5.012147032064063e-07,-0.1489413333541667,-0.18989116648558202,,,,,,,,,,0.16630368767262504,,
578,13153,GA,2656,ok,acceptable (VEI significance <= 10),0.8883771929824562,13.692976295821126,0.998103189942639,0.03533257458597062,10.202280128998567,1.0287391960136294,0.8648665101397617,1.0045757079583915,0.0045765545901181185,2.3139892405715093e-08,0.0075680375728099936,0.007734659710976977,,0.15977544771106736,,,,,0.19345139574359024,,,,,
579,31069,NE,44,skipped (fewer than 100 sales),,,,,,,,,,,,,,,,,,,,,,,,,
580,40125,OK,1028,ok,acceptable (VEI significance <= 10),0.7463400742852906,38.372263746566894,1.203214730330797,-0.04294004597928777,-25.93411602168748,0.7128423641378262,0.22792657790261334,0.6677025633287255,-0.3322866439318165,-6.006873831105094e-07,-0.11714635816017638,-0.1562921216707358,,,,,,,,,,0.21606425356487552,,
581,45029,SC,0,no residential sales in 2024,,,,,,,,,,,,,,,,,,,,,,,,,
582,21177,KY,476,ok,acceptable (VEI significance <= 10),0.7269067796610169,61.85658568160419,1.4409624737397448,-0.10783683033917482,-38.15908176153003,0.6560058867412953,0.24835023123364475,0.6334386088840884,-0.3665386744350238,-1.7322745754256484e-06,-0.1690035130452774,-0.20939800368794148,,,,,,,,,,,,
583,42043,PA,3825,ok,acceptable (VEI significance <= 10),0.40703703703703703,22.324206790112076,1.0093087802330272,0.03760243630863119,10.92843023438236,1.0174801333291987,0.34125576270334584,0.9769102962596788,-0.02307240019921416,-2.4847653240851126e-08,0.005662977699700145,0.007013246976025456,,0.24119666434712408,0.08778091994411179,,,,,0.1021044984136907,0.10207800818177011,0.04598422593194278,,
584,17185,,0,no residential sales in 2024,,,,,,,,,,,,,,,,,,,,,,,,,
585,19183,IA,0,no residential sales in 2024,,,,,,,,,,,,,,,,,,,,,,,,,
586,46015,SD,0,no residential sales in 2024,,,,,,,,,,,,,,,,,,,,,,,,,
587,19087,IA,0,no residential sales in 2024,,,,,,,,,,,,,,,,,,,,,,,,,
588,21015,KY,2050,ok,acceptable (VEI within +/-10),1.0,8.121390227540832,1.003814017432672,0.01161643354593926,0.0,1.0006645962168912,0.8932303429269716,0.9841236426629197,-0.015876428425210944,-2.0493447891164794e-08,0.0001824620124024623,0.0003132407167271145,0.0,0.09917741168479015,0.06473894617928058,,0.0,,0.18437702588585306,0.0750524527299699,0.07505063500299287,0.0601755765329708,,
589,37061,NC,0,no residential sales in 2024,,,,,,,,,,,,,,,,,,,,,,,,,
590,47147,TN,0,no residential sales in 2024,,,,,,,,,,,,,,,,,,,,,,,,,
591,04027,AZ,3371,ok,UNACCEPTABLE progressivity,0.6979883333333333,33.780080804855395,1.0643957476880743,0.16722275387504276,28.248892407951203,0.874293148745168,0.019695314735595517,0.6545608318932573,-0.34545889722587214,-1.8580965565875982e-08,-0.03811485469792064,-0.04463253892689445,,,0.23383245252623908,,,,,,,0.044970319494564315,0.23534450804515505,0.21980454615428865
592,47135,TN,0,no residential sales in 2024,,,,,,,,,,,,,,,,,,,,,,,,,
593,22097,LA,770,ok,UNACCEPTABLE regressivity,0.9,62.96833288122001,1.4828655417731818,-0.42312464195304034,-119.55938697318008,0.7020505264242096,0.5414576680667478,0.561681741835258,-0.43832531646137574,-3.213730309306266e-06,-0.13829661020827766,-0.14709004693497318,,,,,,,,,,,,
594,13091,GA,187,ok,acceptable (VEI within +/-10),0.6824090909090909,45.34096698116113,1.564966631723322,-0.08223116611919598,-8.425108495713959,0.5946807595101291,0.16514428236635284,0.61317950855977,-0.38680997652054516,-4.7475649977386556e-07,-0.23043623310704975,-0.3038533755121138,,,,,0.1236002347557612,,,,,0.23012638328841667,,
595,33007,NH,0,no residential sales in 2024,,,,,,,,,,,,,,,,,,,,,,,,,
596,17197,IL,7934,ok,acceptable (VEI within +/-10),0.8900310344827587,11.275120853323836,1.0054071118980699,0.015676874669967485,4.88973604209761,0.9828816732289968,0.8540279969372583,0.9772329481239664,-0.022766695353578868,-4.991310978476331e-08,-0.004343829062291471,-0.005051224911094554,,0.13539080099411668,0.07440352046590332,,,0.06188745853507349,0.18712432537851661,0.07233378300150312,0.07233314948765351,0.06747837692868003,0.06055085814761525,0.06613756881649055
597,19195,IA,0,no residential sales in 2024,,,,,,,,,,,,,,,,,,,,,,,,,
598,30029,MT,0,no residential sales in 2024,,,,,,,,,,,,,,,,,,,,,,,,,
599,31153,NE,4115,ok,UNACCEPTABLE progressivity,0.823328,32.93746904702638,1.1783940807517879,0.07362657445851428,35.11875582999728,0.4076972084922963,0.06573178588810064,0.2579463589585276,-0.7420464993293462,-4.3476223148439623e-07,-0.18585725044405432,-0.21289682569493973,,,,,,,,,,0.222778349470102,,
600,13143,GA,440,ok,UNACCEPTABLE progressivity,0.6250312411949066,34.46706937264275,1.0522937917652078,0.042153147107876814,48.88462207768417,0.9640690697821048,0.3629824454236661,0.8602197676475393,-0.13977614093657748,-1.7053610012397794e-07,-0.012119024567773584,-0.027925494945830298,,,0.20343660030587782,,,0.18674756361554537,,,,0.13974659652368118,0.15639624063789798,0.1582152429013073
601,29061,MO,0,no residential sales in 2024,,,,,,,,,,,,,,,,,,,,,,,,,
602,06035,CA,0,no residential sales in 2024,,,,,,,,,,,,,,,,,,,,,,,,,
603,32029,NV,0,no residential sales in 2024,,,,,,,,,,,,,,,,,,,,,,,,,
604,51678,,0,no residential sales in 2024,,,,,,,,,,,,,,,,,,,,,,,,,
605,22061,LA,383,ok,acceptable (VEI significance <= 10),0.8295487012987013,20.528892746559038,1.0112025500097015,0.021012293540257507,11.686022879745451,1.0044613962263143,0.7736181447171191,0.9783191273615421,-0.021678923237800633,-5.286880221706761e-08,0.0015619616394557667,-0.00044771047446778844,,0.2364306767440494,0.10607262805309214,,,,,0.13719881218379468,0.13719159875551867,0.07597434287882841,,0.04247066134939842
606,12131,FL,2712,ok,acceptable (VEI significance <= 10),0.8002762618083671,13.909044020848512,1.0172378932723534,0.016218885206932862,14.383548983501345,0.9745790434095405,0.705075357924215,1.0106036012911053,0.010604782603495459,-6.709089607649927e-09,-0.013087273804137656,-0.023884642200658,,0.16483457523707554,0.12647392574509422,,,0.1812886585369112,,,,0.0933672896871388,0.18155826048152054,0.2120689353250328
607,12111,FL,10646,ok,UNACCEPTABLE progressivity,0.7553199353199354,40.84208226636072,1.2858256800277459,0.0918689807584032,14.71875523515366,0.35296002165346263,0.3275209202348432,0.001956146851991959,-0.9980458559551734,-5.217427183583898e-08,-0.23505688692265658,-0.2379610792654614,,,,,,,,,,0.24823348721330393,,
608,20141,,0,no residential sales in 2024,,,,,,,,,,,,,,,,,,,,,,,,,
609,21065,KY,188,ok,acceptable (confidence intervals overlap),0.8936450839328538,36.96877884930216,1.1270836871321843,0.0002815390439973463,11.620514196658027,0.8992802153183076,0.604016958857904,0.8859234546906974,-0.1140370487949876,-8.147667715674196e-07,-0.04986617279145,-0.05991100767336999,,,,0.043396717092200394,,,,,,0.23329432567530037,,
610,06073,CA,0,no residential sales in 2024,,,,,,,,,,,,,,,,,,,,,,,,,
611,05147,AR,0,no residential sales in 2024,,,,,,,,,,,,,,,,,,,,,,,,,
612,21085,KY,632,ok,acceptable (VEI within +/-10),0.7468239795918368,43.88641973806342,1.1019542571499752,0.0038248653700550302,4.563436977158586,0.9286446751884643,0.6101017906512954,0.8910029609852443,-0.108976251968105,-3.808042113688551e-07,-0.035368532390970264,-0.04177579264544007,,,,,,,,,,0.21692530855698425,,0.22294476658763296
613,38055,,0,no residential sales in 2024,,,,,,,,,,,,,,,,,,,,,,,,,
614,08049,CO,0,no residential sales in 2024,,,,,,,,,,,,,,,,,,,,,,,,,
615,49053,,0,no residential sales in 2024,,,,,,,,,,,,,,,,,,,,,,,,,
616,37101,NC,5332,ok,acceptable (VEI significance <= 10),0.5354483855040979,37.494000231300255,1.1822198881655095,0.04367720233667254,17.822401113446574,0.5229996275435215,0.07378098750813551,0.3802979125865028,-0.6196990092156456,-1.8693159601096816e-07,-0.14690419079838657,-0.17207024550577077,,,,,,,,,,0.1406548384479644,,
617,24035,MD,917,ok,acceptable (VEI significance <= 10),0.83425,14.473838594955897,1.0340199501169265,-0.011446198084641047,-11.10770975297453,0.8968207211608676,0.6132592728556758,0.9286314811882396,-0.07136748026699695,-1.092699015728797e-07,-0.030242086822349412,-0.036644344157842346,,0.16843992304003805,0.17850864373889755,0.12565569866927345,0.20486791003318594,0.17110125323414563,,0.16247737499790965,0.16247445012886805,0.12142428139570849,0.17080187543749226,0.18552950281615302
618,26051,MI,532,ok,acceptable (VEI significance <= 10),0.7898357487922705,23.046000854934366,1.0226550956789817,0.016222285415215282,20.15302451345719,0.9595640711567247,0.7811198265439986,0.9652129869693519,-0.03478330761452068,-2.1285336694297577e-07,-0.014286358848298653,-0.013088261011168667,,0.2398103409809748,0.14845634399602667,,,0.14629358913638654,,0.1361414849373392,0.13613067512454563,0.12223358249840352,0.14396838977186888,0.12776809739437572
619,41011,OR,826,ok,acceptable (VEI significance <= 10),0.9685402930402931,13.946412912877799,1.0217439740791452,-0.026084873250371385,-12.73853580094494,0.9169852500485394,0.8712566014537751,0.900814303120303,-0.09918577388584278,-2.2432192102706113e-07,-0.0210636731315883,-0.021649850968107787,,0.15972052381869192,0.13229973987773888,0.14842864349953827,0.19109463707283839,0.1278275160069562,0.16859721295796254,0.14878955436492436,0.1487895887995847,0.13888555215467951,0.12049316069048854,0.12547569087641275
620,21091,KY,91,skipped (fewer than 100 sales),,,,,,,,,,,,,,,,,,,,,,,,,
621,13149,GA,113,ok,acceptable (VEI within +/-10),0.9267285714285715,19.893657373097184,1.0585866940810182,-0.026409187144191243,-8.098589431464099,0.9192593060069172,0.8059347501870786,0.9237446322999822,-0.07625402326208702,-1.406958965908193e-07,-0.03438334678991506,-0.0390016668925659,,0.23228179822525952,0.1775365651188154,0.19901730282434946,0.22897679710296392,0.17553410454681698,0.1464069194341421,,,0.20298353800660618,0.20065285959638174,0.19842758316414982
622,53039,,0,no residential sales in 2024,,,,,,,,,,,,,,,,,,,,,,,,,
623,24510,MD,11237,ok,UNACCEPTABLE progressivity,0.748,39.40881046215579,1.2990172176614903,-0.025891864365583033,18.964368883170767,0.7917538870363545,0.30795184586207675,0.7429677342879504,-0.25702603444269867,-1.062002657050255e-08,-0.11929869211516841,-0.1603198943798949,,,,0.2364271835903511,,,,,,,,
624,17023,IL,205,ok,UNACCEPTABLE regressivity,0.7871739130434783,43.24872277786649,1.3248545484734802,-0.2067886859861676,-56.23232669306014,0.6825112589470118,0.3791248913012918,0.6564950399326879,-0.3435021372827695,-1.8829639609130851e-06,-0.14427003429248253,-0.16069059893058113,,,,,,,,,,,,
625,19041,IA,0,no residential sales in 2024,,,,,,,,,,,,,,,,,,,,,,,,,
626,01097,AL,7461,ok,UNACCEPTABLE regressivity,0.8084210526315789,31.8247783178647,1.5963191829935388,-0.08549008965619864,-32.44185251150479,0.6038100441647242,0.0030305686201835937,0.7072347381497971,-0.29276103513106333,-5.428074228969615e-09,-0.23440860490510773,-0.3435882229284659,,,,,,,,,,0.039777101633934685,,
627,23031,ME,277,ok,acceptable (VEI within +/-10),0.9230659340659341,6.541935052720965,1.0041049997024818,-0.008526045745052441,-1.5706047254512814,0.9840190437980173,0.9829296140640665,0.9748254622115352,-0.025174510468075992,-5.996158606808439e-09,-0.005776922644547877,-0.0020138371657638654,,0.08234016002068673,0.05292574069802058,0.06332940839327833,0.04136955053787864,0.05882619906592349,0.039590299863702993,0.07239344687644661,0.07239337403813198,0.052499499424240884,0.058538901031118966,0.03948248487070978
628,39007,OH,1534,ok,acceptable (VEI within +/-10),0.7169830003703788,34.18887749446199,3.000961819295607,-0.053688622218210774,-9.988048027781595,0.4576302338554452,0.003591220483084807,0.6712902083784664,-0.3287012738508662,-1.0420169090149999e-08,-0.42275078308529657,-0.6434347289268401,,,,,0.21988032411645583,,,,,0.02579071893786113,,
629,08075,CO,4,skipped (fewer than 100 sales),,,,,,,,,,,,,,,,,,,,,,,,,
630,39011,OH,771,ok,UNACCEPTABLE progressivity,0.7050314465408805,36.113693148267785,1.0387088259146098,0.1553957091909197,65.19707258460923,0.8787567408063882,0.48934145227345477,0.814433492708397,-0.18554529679036283,-2.6995280532882943e-07,-0.03875387674189956,-0.04478485731713944,,,0.17788903870746237,,,,,,,0.14631968254617167,0.24084359483948173,0.22355923946567857
631,53051,,0,no residential sales in 2024,,,,,,,,,,,,,,,,,,,,,,,,,
632,13259,GA,24,skipped (fewer than 100 sales),,,,,,,,,,,,,,,,,,,,,,,,,
633,22115,LA,359,ok,acceptable (VEI significance <= 10),0.9407383512544802,14.283199099183676,0.9821700143080052,0.060301025777212025,19.360395266576266,1.0480126517761343,0.9148858917021847,1.074595578430531,0.0746008464976469,3.076755000132373e-07,0.01433439940584691,0.015019220553974644,,0.17071077602450027,,,,,0.16051036312181405,,,,,
634,06047,CA,0,no residential sales in 2024,,,,,,,,,,,,,,,,,,,,,,,,,
635,21159,KY,66,skipped (fewer than 100 sales),,,,,,,,,,,,,,,,,,,,,,,,,
636,05007,AR,6334,ok,UNACCEPTABLE progressivity,0.8544812443195902,35.624074825637514,1.0889180668401404,0.15293900801560437,70.53713605690112,0.7615090921108665,0.2783482301429054,0.6860353235804825,-0.31396855548652775,-1.5120263850939552e-07,-0.07508046307292204,-0.08253589253510651,,,,,,,,,,0.17179664265503333,,
637,19047,IA,0,no residential sales in 2024,,,,,,,,,,,,,,,,,,,,,,,,,
638,38053,ND,120,ok,acceptable (VEI within +/-10),0.8862899094033114,16.360885334444976,1.026969569827744,0.007427608110979585,9.430602515194776,0.8396494167727215,0.6183851110135528,0.8759078207028383,-0.12409102335952372,-3.5534750719281283e-07,-0.033648704542576846,-0.03798228691912975,,0.19382718587122258,0.17141121279093974,,,0.14869042035041966,,0.1492038930982367,0.14920341305250606,0.13012548450856468,0.14020389055704036,0.14040141969988917
639,39053,OH,397,ok,acceptable (confidence intervals overlap),0.732,50.19985624175384,1.23091723248839,-0.07908384234192266,-17.611159901118924,0.76943091955104,0.522831534405124,0.7462477786060397,-0.2537464285143064,-1.4954279959346101e-06,-0.10068764196520008,-0.10790772610270793,,,,,,,,,,,,
640,40033,OK,62,skipped (fewer than 100 sales),,,,,,,,,,,,,,,,,,,,,,,,,
641,48043,TX,61,skipped (fewer than 100 sales),,,,,,,,,,,,,,,,,,,,,,,,,
642,06079,CA,0,no residential sales in 2024,,,,,,,,,,,,,,,,,,,,,,,,,
643,29051,MO,0,no residential sales in 2024,,,,,,,,,,,,,,,,,,,,,,,,,
644,36095,,0,no residential sales in 2024,,,,,,,,,,,,,,,,,,,,,,,,,
645,37025,NC,3216,ok,acceptable (VEI within +/-10),0.9345248015873016,9.151084924454356,0.9989428846832233,0.005454170891747611,4.236429343060308,0.990096194044673,1.1094811276773078,0.9752334988772707,-0.024766119037409565,3.4737371109181104e-10,-0.0028570425843332803,-0.0011804090032454528,,0.11040233953442069,,,,0.05598923649601779,,0.07188854053069982,0.07188780228360173,,0.05628826819693058,0.05924938855828736
646,28121,MS,1092,ok,UNACCEPTABLE progressivity,0.5882853544928992,21.415646602983806,0.9984329669871895,0.1270218392420987,29.056736119468507,1.0295995606104515,0.5795258104676276,1.0396493053147726,0.03965506336459664,3.545031662048876e-09,0.007480520566160553,0.005993852425099977,,0.23639447562059415,,,,,,,,,,
647,21161,KY,163,ok,acceptable (VEI within +/-10),1.0,3.949984675997283,1.001185285227079,0.00533471150785173,0.0,0.9925737542491121,0.9697513745164268,1.0018454553873843,0.001845928595833403,-5.2838074317109095e-09,-0.0031162863060225643,-0.0034329650291142766,0.0,0.05453740221954173,0.01950415178200974,,0.0,0.11099663563076971,0.09160521597117093,,,0.01853982221661548,0.11103811327428642,0.0697987523344599
648,55097,WI,528,ok,acceptable (VEI within +/-10),0.8993163387157415,20.82842910147999,1.0098111137328771,0.03933887070754147,8.599076667556584,0.9690875817108822,0.8388543227668668,1.0260261800025725,0.026031091611615802,-7.933291810801055e-08,-0.010155378929453063,-0.013253315546989608,,0.23337289609179673,0.10460523686404592,,,0.10239669742924294,0.23383732530704235,,,0.09851200075867314,0.10415794078059133,0.10238821534143326
649,05045,AR,701,ok,acceptable (VEI within +/-10),0.9159498207885305,12.547280209070133,1.0036311248050391,0.019203301205857434,6.6297638195359,1.0022464106183062,0.8812091585151134,1.0030795698562858,0.00308066496197052,-2.4839287138537422e-09,0.0007385003284514635,0.0008097023357175326,,0.14557477328410237,0.10241366473319205,,,0.03167449729169563,0.13768327232022204,,,0.02384454543936262,0.030773817127885943,0.08163586326775085
650,18093,IN,695,ok,acceptable (VEI within +/-10),0.8,29.017681370826065,1.126969978036686,-0.04639431687288641,-7.283820346320344,0.8063399030064243,0.5096956017801346,0.8088838682492815,-0.1911083445498037,-3.89147810894969e-07,-0.07539874398373114,-0.08953626572128726,,,,,0.16919665661568828,,,,,0.22611155832696916,,
651,21123,,0,no residential sales in 2024,,,,,,,,,,,,,,,,,,,,,,,,,
652,04021,AZ,5574,ok,acceptable (VEI within +/-10),0.8823346153846154,13.223431204818564,1.012153509154193,0.04380679343735592,9.010282619155904,0.9133181610230338,0.7077037911485443,0.9640900043243242,-0.03590908517559687,-1.28434704795968e-07,-0.01754823651525461,-0.021365749814098223,,0.15584161913661138,0.10566037977205471,,,0.10829920991773051,0.24374007024341215,0.07508745308022688,0.07508677256074554,0.09141610934993569,0.10349927179279976,0.11626672063010518
653,47077,TN,0,no residential sales in 2024,,,,,,,,,,,,,,,,,,,,,,,,,
654,05133,AR,0,no residential sales in 2024,,,,,,,,,,,,,,,,,,,,,,,,,
655,19125,IA,0,no residential sales in 2024,,,,,,,,,,,,,,,,,,,,,,,,,
656,55045,,0,no residential sales in 2024,,,,,,,,,,,,,,,,,,,,,,,,,
657,19149,IA,0,no residential sales in 2024,,,,,,,,,,,,,,,,,,,,,,,,,
658,17069,IL,33,skipped (fewer than 100 sales),,,,,,,,,,,,,,,,,,,,,,,,,
659,08019,CO,200,ok,acceptable (VEI significance <= 10),0.7123237920387215,18.144093829531595,1.0066111624118141,0.05647939533052456,17.340868583219002,0.969455984180792,0.6722945790840719,1.010743385864396,0.010744646542131307,-1.3608482128102666e-08,-0.009514112086784987,-0.011690974758530093,,0.22260281155714823,0.10027714556773876,,,0.1092365945627687,,,,0.06399881954508048,0.12212686511823619,0.08333031558828906
660,22031,LA,0,no residential sales in 2024,,,,,,,,,,,,,,,,,,,,,,,,,
661,48185,,0,no residential sales in 2024,,,,,,,,,,,,,,,,,,,,,,,,,
662,40067,OK,64,skipped (fewer than 100 sales),,,,,,,,,,,,,,,,,,,,,,,,,
663,51057,VA,140,ok,acceptable (confidence intervals overlap),0.627946238489753,19.460819709590822,1.017503873391792,0.030007042280285834,10.097683008326817,0.9542058654304216,0.6388596083941237,0.972387459631892,-0.027609153350178262,-3.136335348243266e-08,-0.016916808113826454,-0.01461304824856624,,0.22173818542081658,0.16187967133045056,,,0.1671563212389885,,0.11059214165834846,0.1105609278078906,0.11917666419492064,0.1725243651452492,0.16385867172393945
664,33005,NH,0,no residential sales in 2024,,,,,,,,,,,,,,,,,,,,,,,,,
665,27157,MN,340,ok,acceptable (VEI within +/-10),0.8620448798988622,19.180987157294275,1.0361781568160864,-0.0018304363503343594,-1.9325966432338415,0.8707498723061264,0.7245988132175588,0.9596687651544995,-0.04032118730416138,-3.2202252932449153e-07,-0.04100946539240824,-0.047652938676084444,,0.2186199960352071,0.16928159193428038,0.07489106460510096,0.07070930048546334,0.1934182546496774,,0.16894708815533904,0.16893005868141064,0.1645387624842009,0.18696653968406463,0.18886948782824498
666,47117,TN,0,no residential sales in 2024,,,,,,,,,,,,,,,,,,,,,,,,,
667,01045,AL,764,ok,acceptable (VEI within +/-10),0.9969905583975935,20.07921390724226,1.0554590294121389,-0.03842346795079747,-4.224140876717385,0.8870179802371869,0.777015627443782,0.8725992098440915,-0.12739877162210791,-5.42221840678899e-07,-0.0386315498860792,-0.03811393625524939,0.17243024121401154,0.21935431135606154,0.23205099484538658,0.19465973284490867,0.19848918968705886,0.23260732129863224,,0.2463569776581134,0.24635739475471147,0.20055312881515536,0.23030283223871378,0.17168263690477656
668,17143,IL,2831,ok,acceptable (VEI within +/-10),0.8772,18.06209273879798,1.0253393179471484,-0.007751316126959677,-8.388871001542412,0.9739602854859635,0.8402279433486246,0.9691762138753661,-0.03081815025282892,-1.8443901006321183e-07,-0.010791469602340786,-0.010778494214594758,,0.20730410447612777,0.15290366273208106,0.1283889412392263,0.20405849855687377,0.12418620569711908,,0.15701899734099942,0.1570277140490207,0.1337248535254653,0.12164293797451199,0.1012447683777747
669,06023,CA,0,no residential sales in 2024,,,,,,,,,,,,,,,,,,,,,,,,,
670,37055,NC,1148,ok,acceptable (VEI within +/-10),0.57722015082575,12.178149026263535,1.0063029903993843,0.021086813433852162,4.156602001945697,0.9800035336572784,0.5420778637227753,0.9924964548515857,-0.007501880701490388,-1.042162832423021e-08,-0.006123075645658949,-0.0073096519845015084,,0.14593536097098878,0.08118133516271459,,,0.07527682278666403,,0.0523323108489607,0.05232967359859588,0.04658126715408851,0.07375307811791389,0.088710839619127
671,36023,NY,473,ok,UNACCEPTABLE regressivity,0.83845,32.9752462510319,1.2491675797862591,-0.17495976927827508,-33.405096170832124,0.5115707678199176,0.1497904376100562,0.5569835313853881,-0.4430135027985191,-6.9955458295624e-07,-0.17883934773194632,-0.20115248354909077,,,,,,,,,,0.16346447312812895,,
672,29141,,0,no residential sales in 2024,,,,,,,,,,,,,,,,,,,,,,,,,
673,19083,IA,0,no residential sales in 2024,,,,,,,,,,,,,,,,,,,,,,,,,
674,37001,NC,2922,ok,acceptable (VEI within +/-10),0.8537403838072559,34.79852687570609,1.280209004204805,0.04458696571154954,3.522652800152244,0.5751199840190618,0.09396187733094731,0.43285553364803087,-0.5671424251145345,-1.94659390311721e-08,-0.17775215621387996,-0.208088816922956,,,,,,,,,,0.1473238886976427,,
675,31063,NE,45,skipped (fewer than 100 sales),,,,,,,,,,,,,,,,,,,,,,,,,
676,42037,PA,0,no residential sales in 2024,,,,,,,,,,,,,,,,,,,,,,,,,
677,27029,,0,no residential sales in 2024,,,,,,,,,,,,,,,,,,,,,,,,,
678,53005,WA,2694,ok,acceptable (VEI within +/-10),0.9455796203022084,9.828653787137076,1.0008406491106143,0.030054347441075772,7.1436480404173395,0.9981934988004837,0.9592591300745521,0.9984620591714066,-0.0015376214036366164,-2.2747462148609096e-09,-0.00041209764834437834,-0.0008822201614751002,,0.11790958783394265,0.031138909626124766,,,0.021010797125754807,0.18766337610534398,0.013546378890049638,0.013544336927001997,0.030963867668030897,0.020811557852572143,0.025946478063324317
679,47067,TN,0,no residential sales in 2024,,,,,,,,,,,,,,,,,,,,,,,,,
680,48289,TX,90,skipped (fewer than 100 sales),,,,,,,,,,,,,,,,,,,,,,,,,
681,22005,LA,1349,ok,acceptable (VEI within +/-10),0.8991304347826087,12.407851867762465,1.0003913173143044,0.021733580693269246,0.06086692755794841,1.0052527833603901,0.83667968475494,0.9926777256837028,-0.007320883605826962,-9.849816815304387e-11,0.0017189087935316483,0.0017692759809758707,,0.15067203982587912,0.006999043822850642,,,0.06593465474199214,0.08698290337658299,0.045207926470292155,0.04520265085166284,0.0049830393612893065,0.06448065267866752,0.03449565384095329
682,19063,IA,0,no residential sales in 2024,,,,,,,,,,,,,,,,,,,,,,,,,
683,51750,VA,87,skipped (fewer than 100 sales),,,,,,,,,,,,,,,,,,,,,,,,,
684,37077,NC,649,ok,acceptable (VEI within +/-10),0.8604122448979592,20.41183798750544,1.0688941934282234,0.02482216011583677,8.57063245224769,0.8887418529207184,0.47566703413840894,0.9527002916779568,-0.047298058328192415,-4.632125047369454e-08,-0.04320018074145704,-0.06535146721152496,,0.23063181346806064,0.23454651789289432,,,,,0.16091157139257303,0.16090950936536155,0.1400475369446487,0.2408952015948029,
685,22055,LA,2742,ok,acceptable (VEI within +/-10),0.8577839688224141,13.682805210806116,1.0111504140851864,0.018192587470453842,3.294061636818597,0.9741156936168958,0.7663175381326659,0.9889933976011464,-0.011004420542394193,-5.3113716661985746e-08,-0.008574386163868297,-0.010854232177408107,,0.16356969231138524,0.0999926441315322,,,0.09491611804818592,,0.06507095796068278,0.06506509676484372,0.08420618843978271,0.09223403447253374,0.1126920849678314
686,36083,NY,1771,ok,acceptable (VEI within +/-10),0.8409716312056738,21.636084829139076,1.041669089816002,-0.020412352465551908,-6.138972094566391,0.8697493571850571,0.6632134694530158,0.8415786297457156,-0.15842060344620487,-3.362389856870436e-07,-0.03554820281287174,-0.035586694873833924,,0.23142054213018645,0.18894703865602624,0.12376990016157188,0.12893582806229942,0.18910506169374106,,0.20571734388869145,0.20571671836210684,0.1607376990329768,0.1851622142107881,0.1840201156070844
687,27101,MN,62,skipped (fewer than 100 sales),,,,,,,,,,,,,,,,,,,,,,,,,
688,47099,TN,0,no residential sales in 2024,,,,,,,,,,,,,,,,,,,,,,,,,
689,39117,OH,0,no residential sales in 2024,,,,,,,,,,,,,,,,,,,,,,,,,
690,19059,IA,0,no residential sales in 2024,,,,,,,,,,,,,,,,,,,,,,,,,
691,29167,MO,5,skipped (fewer than 100 sales),,,,,,,,,,,,,,,,,,,,,,,,,
692,13319,GA,116,ok,acceptable (confidence intervals overlap),0.9040883333333334,52.86353311564842,1.3127977007278433,-0.04360725020428669,-14.555992404084435,0.7872604444011351,0.5068582734358948,0.777623590352098,-0.22237218849099588,-8.48434373195299e-07,-0.11854626732990892,-0.15441415605403241,,,,,0.2212692029830591,,,,,,,
693,48241,TX,169,ok,acceptable (VEI within +/-10),0.9011777956796754,38.62033191439857,3.108219690310399,-0.06577516230146836,2.8811520328893425,0.5009052167468824,0.05134088646713512,0.6702378308088904,-0.32975905381002674,-2.3164795601291067e-08,-0.39830937406914413,-0.6136262565733419,,,,,0.0913195724679192,,,,,0.11006666376651854,,
694,19097,IA,0,no residential sales in 2024,,,,,,,,,,,,,,,,,,,,,,,,,
695,37037,NC,48,skipped (fewer than 100 sales),,,,,,,,,,,,,,,,,,,,,,,,,
696,01113,,0,no residential sales in 2024,,,,,,,,,,,,,,,,,,,,,,,,,
697,05087,AR,219,ok,acceptable (VEI within +/-10),0.8453333333333334,51.202632883754234,1.3072255867974192,-0.12689639758152302,-1.5154974114379725,0.5452460661272255,0.22885123919532602,0.5330715783572965,-0.4669207186488679,-1.0322056985302657e-06,-0.1768867313764073,-0.20116452783237015,,,,,0.056426248116672115,,,,,,,
698,38057,ND,130,ok,acceptable (VEI within +/-10),0.7909714497589915,27.99014070484359,1.078291856673361,-0.008175135200856666,0.6830712476880021,0.7711911922641872,0.5261866372697945,0.817812929557899,-0.1821834670728079,-6.81058421604035e-07,-0.07188039636789134,-0.0808506634605739,,,0.2278241324499539,0.12537352238851815,0.09480372913877014,,,,,0.2048602187153702,0.24223661719572084,0.22645365635080675
699,29157,MO,0,no residential sales in 2024,,,,,,,,,,,,,,,,,,,,,,,,,
700,28003,,0,no residential sales in 2024,,,,,,,,,,,,,,,,,,,,,,,,,
701,26081,MI,7656,ok,acceptable (VEI significance <= 10),0.8473809523809523,13.04262978153078,1.0043914822254545,0.030084762202804916,11.578315097921,0.9908630645196018,0.8002687061404343,0.9861178663749838,-0.013881406117833547,-2.9564451718604635e-08,-0.002398341406952831,-0.002990854019990552,,0.15332032562599934,0.06556652995043027,,,0.0470796102739536,,0.05880859567002559,0.05880674818747842,0.05582001648745091,0.045873456470275936,0.05401376859871921
702,12097,FL,6670,ok,acceptable (VEI within +/-10),0.8306563189765568,8.486886217961082,1.0062460002242755,0.011608012618947137,3.687529852224002,0.9818931304928391,0.7737748475633303,0.9810626704623849,-0.01893676769832832,-2.4814009035461084e-09,-0.004630156543286468,-0.005941797986694919,,0.10391339316810665,0.06849603712661222,,,0.05680591607530176,0.21991803260497217,0.06213006835719148,0.06212948272712328,0.06745312556358182,0.05643690002046125,0.06098049085843221
703,47145,TN,0,no residential sales in 2024,,,,,,,,,,,,,,,,,,,,,,,,,
704,35039,NM,117,ok,acceptable (confidence intervals overlap),0.5203523424779786,42.95809375721986,1.0331775940079693,0.01017656529248105,22.522748145574532,0.9494291682791525,0.8995329525567083,0.7325583527220735,-0.26743979032214593,-6.662433383473587e-08,-0.017800980046841497,0.009670523286457344,,,0.185899293430341,0.11460826766167563,,0.2158458191146712,0.15062867237844424,,,0.1711988495843867,0.22124675482362455,0.18825880436094705
705,47095,TN,63,skipped (fewer than 100 sales),,,,,,,,,,,,,,,,,,,,,,,,,
706,51155,VA,488,ok,acceptable (VEI within +/-10),0.6379569474161966,27.882128726052386,1.094023821645501,-0.027686502469327235,6.846273848327026,0.865150003665498,0.32955393234549674,0.8185504253488547,-0.18144473480744608,-2.5483648962689257e-07,-0.052078746694812494,-0.06419060802339893,,,,0.19654448186524018,,,,,,0.1445792038268058,,
707,39163,,0,no residential sales in 2024,,,,,,,,,,,,,,,,,,,,,,,,,
708,17095,IL,594,ok,acceptable (confidence intervals overlap),0.8932134715025907,21.545511209269065,1.0351185784938937,0.0024618617487622324,16.62626970440291,0.9197742117691562,0.8078465482801097,0.9282432381250596,-0.07175060814120164,-4.2543666392800156e-07,-0.0273628253250624,-0.025668040223234767,,0.2204391660231818,0.17873882077738307,,,0.18095529980505787,0.23318840116487238,0.17527758547879715,0.1752672051881786,0.16121586988101275,0.1748437994175991,0.16462321598284507
709,29053,MO,0,no residential sales in 2024,,,,,,,,,,,,,,,,,,,,,,,,,
710,48119,TX,38,skipped (fewer than 100 sales),,,,,,,,,,,,,,,,,,,,,,,,,
711,51840,VA,372,ok,acceptable (VEI within +/-10),0.8442534013605443,14.76183848102075,1.0149016167937737,0.022174314112110446,5.107358471942161,0.9495469556260697,0.6916064476401834,0.9399218950145312,-0.06007769457361486,-6.891979126452907e-08,-0.01211650924095009,-0.01281132669981222,,0.16857909505983085,0.13830497594341018,,,0.08645307589174339,,0.11276673283117067,0.11276619373984292,0.08323333984007325,0.07972363641323492,0.07864143621431029
712,37163,NC,615,ok,acceptable (VEI within +/-10),0.8475168316831683,40.410908116265766,1.1896982754307113,-0.044962754056637654,-2.5777917572052047,0.7583185075335213,0.2781742220084679,0.7297758533468863,-0.2702213290355815,-4.808994248925143e-07,-0.09841835895228535,-0.11496622728531669,,,,,0.15482729556700775,,,,,0.22664811482663194,,
713,45009,SC,105,ok,UNACCEPTABLE regressivity,0.7533333333333333,62.697517939597574,1.459435040191256,-0.22249448113295023,-64.75482400691996,0.7347704673590464,0.4816655462606166,0.7000765991958364,-0.2999320591629543,-2.939083964780176e-06,-0.12582525357374186,-0.13253776572041032,,,,,,,,,,,,
714,19019,IA,0,no residential sales in 2024,,,,,,,,,,,,,,,,,,,,,,,,,
715,26113,MI,249,ok,acceptable (VEI within +/-10),0.7527272727272727,28.176001459878986,1.0440370448155933,0.0036140917386953304,1.322470982748374,0.9418936428921959,0.6803269144308106,0.884200333926658,-0.11579612674783246,-3.4925180030384845e-07,-0.019897887356312927,-0.019391031652916002,,,0.17168017632235968,0.14122311389348308,0.10136718333903197,0.17103368356037493,,0.24720944788634677,0.24720165744865577,0.1787738349201786,0.1832613701680319,0.12363189676205763
716,16023,ID,25,skipped (fewer than 100 sales),,,,,,,,,,,,,,,,,,,,,,,,,
717,31135,NE,43,skipped (fewer than 100 sales),,,,,,,,,,,,,,,,,,,,,,,,,
718,32023,NV,1693,ok,UNACCEPTABLE progressivity,0.5516651685393258,37.44693524539878,1.0689331620614213,0.056828142968581526,44.68311864531273,0.9444029344530362,0.1377313347076807,0.872796893116579,-0.12718892939975476,-3.916557247882931e-08,-0.021093510952573835,-0.04029021286123524,,,0.24039238973105903,,,0.19473786932917111,,,,0.08611144252680496,0.17644163420791123,0.19974242616141055
719,17051,IL,231,ok,acceptable (VEI within +/-10),0.655650229889906,45.06560562335877,1.965038902125287,-0.12353942951532734,-9.806852373319444,0.28486496197728517,-0.0008577516106753423,0.19339790156736036,-0.8066044726414422,-1.4704627938996763e-07,-0.42079183643062246,-0.5006958427117465,,,,,0.22742709315570883,,,,,0.09961682281495851,,
720,48387,TX,67,skipped (fewer than 100 sales),,,,,,,,,,,,,,,,,,,,,,,,,
721,54007,WV,65,skipped (fewer than 100 sales),,,,,,,,,,,,,,,,,,,,,,,,,
722,26021,MI,0,no residential sales in 2024,,,,,,,,,,,,,,,,,,,,,,,,,
723,51141,VA,255,ok,acceptable (confidence intervals overlap),0.5098214285714285,48.31499640886719,1.2336919265860722,-0.13200791081107144,-31.993487470016444,0.6951007752434091,0.26929454685493015,0.6347512098051088,-0.3652423841863736,-8.391421475834335e-07,-0.12088501239252758,-0.13005318861211146,,,,,,,,,,0.21391894781676002,,
724,49029,UT,153,ok,UNACCEPTABLE progressivity,0.846848275862069,38.475872726023255,1.0535190764445752,0.2801167613414522,44.70806504887272,0.667697083148423,0.43903217653220183,0.6636791885648403,-0.33631903055494566,-2.402520118738468e-07,-0.07495975004102462,-0.07264821857322379,,,0.19467332903050177,,,,,,,0.2086222645693016,,
725,13321,,0,no residential sales in 2024,,,,,,,,,,,,,,,,,,,,,,,,,
726,17019,IL,2498,ok,acceptable (VEI within +/-10),0.8531046798029557,16.28910659837481,1.0087835009468111,0.018273707373099385,9.02820809056855,0.9847796325614356,0.8392883669146766,0.965766189327976,-0.034233158821489425,-7.840193646558485e-08,-0.004713438541213089,-0.0028068496489139783,,0.18770478060454426,0.09237857450129233,,,0.08359877000983283,0.23719491591928396,0.10869863512527825,0.10869805455693624,0.07949790601679631,0.0891381519406145,0.04584029614731776
727,40099,OK,218,ok,acceptable (confidence intervals overlap),0.7132812653562653,48.120407447039355,1.2130906143691615,-0.07755895562127113,-21.486576775125318,0.7722035768741703,0.4456405476016434,0.7247423220736716,-0.275250229641748,-7.1834231155977e-07,-0.09596297520845964,-0.10935524393464813,,,,,0.19026856862551347,,,,,,,
728,40075,OK,145,ok,UNACCEPTABLE regressivity,0.8252222222222222,61.71365584441447,1.6358861148707553,-0.3047251749798687,-101.72459930943955,0.7071567075564895,0.28801364312572675,0.58691656673341,-0.4130750924065406,-1.442253433456494e-06,-0.15972554882833978,-0.1951495963219303,,,,,,,,,,,,
729,39049,OH,16457,ok,acceptable (VEI within +/-10),0.8202272727272727,13.317970105910739,1.0151591392101378,-0.002651429524392745,-2.3030477929814555,0.9606247044033746,0.8355327777495369,0.9500953747510622,-0.04990374802470309,-1.552065063372634e-08,-0.012094568893150415,-0.012933060591921564,,0.1578146030677169,0.11465986515573447,0.04608026844027588,0.08694332282534857,0.1091722014650912,,0.11887469509587903,0.11887362138460997,0.10145072911772841,0.10831033925467569,0.10993325376699457
730,48481,TX,198,ok,acceptable (VEI significance <= 10),0.8385701431254287,29.260606421337002,1.0357540403160117,0.05237260293135712,33.21584342627692,0.9383168629952207,0.6228027184142912,0.9759620876785028,-0.024033080810393813,-2.3454543097773107e-07,-0.02009381154330936,-0.025926363644814376,,,0.19132817181328649,,,0.18686176600293317,,0.10599274683559083,0.10597566538108591,0.13904901049607868,0.20029718258223875,0.17368914753820555
731,55091,WI,133,ok,acceptable (confidence intervals overlap),0.918235294117647,28.56991753136926,1.0294790388602502,0.022723237768144746,27.564672527135777,0.9762948867865331,0.8296466646391893,0.9094990579239449,-0.09050250195718106,-2.571461655686805e-07,-0.007468134212408772,-0.012298056713974548,,,0.13564429283778864,,,0.09447698850136164,0.22893995351948673,0.1892629425281775,0.18926364087925118,0.14118753250464278,0.09694181011210337,0.1343791115986113
732,51810,VA,5908,ok,acceptable (VEI within +/-10),0.8614047231599997,8.496459959621843,1.009938190525231,-0.0018879998045617068,1.4071448408996778,0.9695236605453719,0.7861881941618196,0.9713968470003113,-0.02860280485699484,-2.7163096526995462e-08,-0.009035670008177954,-0.01042635221613919,,0.10429536398695705,0.09680110212810004,0.04091511909339143,,0.08983954234957282,,0.07910072398200005,0.07910011543228804,0.07373585009560404,0.08927652581393879,0.10454659625267926
733,47179,TN,2151,ok,acceptable (confidence intervals overlap),0.8832432432432432,18.865556562511017,1.0166887049193007,0.008300533550995111,10.485524374914323,0.9744013050385937,0.8205981566810409,0.9766337642298578,-0.023364833030334497,-8.641997225144041e-08,-0.00878888899624708,-0.008444402364979897,,0.2147697071506462,0.12323450138397966,,,0.10372163261592708,,0.11562934213324526,0.11562731958789639,0.11236433804925584,0.10031728364551308,0.09552842713250705
734,31145,NE,174,ok,acceptable (VEI within +/-10),0.8113486530347289,24.967107117144078,1.1192847159160417,-0.0206998599614343,-3.3171609359904144,0.8666411570893713,0.34624562493185296,0.9240505283927001,-0.07593997425702269,-2.722869230648656e-07,-0.058056571500150866,-0.08353245425716738,,,,0.23109293366219902,0.10373944373885666,0.24487261950794334,,0.24732884781156472,0.2473142532245731,0.168425372643279,0.24328552354086522,
735,21005,KY,393,ok,acceptable (VEI within +/-10),1.0,17.57104521777106,1.0449788426985718,-0.012524581322616706,0.0,0.91183773371538,0.668821597667342,0.9277681633303302,-0.0722291617121223,-3.354446320548814e-07,-0.03089690978106918,-0.03860551189753969,0.0,0.20754413174336822,0.18520665361455318,0.13686522919310556,0.0,0.17940902142710555,,0.22206214402315078,0.22206089702372986,0.1637057493981996,0.17234076574110266,0.1700782870693266
736,31111,NE,521,ok,acceptable (confidence intervals overlap),0.8475806451612903,20.542044944644168,1.0395195358709173,-0.017736698301582036,-10.30598228094243,0.9363814648245476,0.737859298397546,0.9226861678658717,-0.07731211362924893,-3.0187242222817483e-07,-0.02243708111957532,-0.02600398883384103,,0.22499030197473527,0.19356058766986442,0.21205865834620716,0.18846149354027533,0.18723151568689472,,0.21573321065737397,0.21573519900437657,0.17726486753967663,0.18410619021829303,0.17177287894345064
737,05025,AR,97,skipped (fewer than 100 sales),,,,,,,,,,,,,,,,,,,,,,,,,
738,22015,LA,862,ok,acceptable (VEI within +/-10),0.8996790223027593,11.942031328287605,0.9971809051513584,0.04226367540415366,8.19309958295214,0.9987649991094182,0.8316148325942957,1.0371514168017735,0.03715329389933629,3.018529803433956e-08,-0.0003400959504102907,-0.003882976759744805,,0.1465953774899163,,,,0.021680393374253645,0.2080902602599016,,,,0.02153697141705877,0.07683285096946121
739,20193,,0,no residential sales in 2024,,,,,,,,,,,,,,,,,,,,,,,,,
740,40011,OK,112,ok,UNACCEPTABLE regressivity,0.953377840909091,60.770351058238326,1.5511902986179416,-0.20612752743372004,-71.24664254135126,0.5832582762687347,0.2886674517424816,0.6488146523684764,-0.3511447819785112,-2.0638906707217403e-06,-0.2096630951831382,-0.2365618816486339,,,,,,,,,,,,
741,13311,GA,621,ok,acceptable (VEI significance <= 10),0.7689940767711992,34.842951254677246,1.1015757804451278,0.08933608354262645,37.324456979678004,0.8444822619860793,0.1463311958735207,0.8851545628355195,-0.11483719637565157,-1.132694752502523e-07,-0.05794970159474033,-0.09264166007198726,,,0.2392974054153203,,,,,,,0.1290464349880294,,
742,29137,MO,68,skipped (fewer than 100 sales),,,,,,,,,,,,,,,,,,,,,,,,,
743,05033,AR,1,skipped (fewer than 100 sales),,,,,,,,,,,,,,,,,,,,,,,,,
744,26071,MI,92,skipped (fewer than 100 sales),,,,,,,,,,,,,,,,,,,,,,,,,
745,28011,,0,no residential sales in 2024,,,,,,,,,,,,,,,,,,,,,,,,,
746,16087,ID,92,skipped (fewer than 100 sales),,,,,,,,,,,,,,,,,,,,,,,,,
747,13105,GA,224,ok,acceptable (VEI within +/-10),0.8712863338460509,33.06133573421594,1.1607650452424305,-0.01847818743774138,1.9198968771606877,0.8255749187002464,0.30834113442032357,0.8124828842280313,-0.18751503379688828,-3.039787358058607e-07,-0.07997761499142508,-0.10940832137207135,,,,0.15225366943216198,0.09392138186737421,,,,,0.2161216937274386,,
748,20021,,0,no residential sales in 2024,,,,,,,,,,,,,,,,,,,,,,,,,
749,23013,ME,0,no residential sales in 2024,,,,,,,,,,,,,,,,,,,,,,,,,
750,54089,WV,63,skipped (fewer than 100 sales),,,,,,,,,,,,,,,,,,,,,,,,,
751,27087,MN,60,skipped (fewer than 100 sales),,,,,,,,,,,,,,,,,,,,,,,,,
752,37193,NC,720,ok,UNACCEPTABLE regressivity,0.522782015503876,49.98287712339048,1.3120611360608152,-0.20275102965379074,-68.0656578934231,0.7886054247754312,0.36458861944979826,0.6470053629324874,-0.35299351822472247,-2.585883019250768e-07,-0.10292295149567021,-0.11416400759020351,,,,,,,,,,,,
753,53009,,0,no residential sales in 2024,,,,,,,,,,,,,,,,,,,,,,,,,
754,42067,PA,0,no residential sales in 2024,,,,,,,,,,,,,,,,,,,,,,,,,
755,48149,TX,91,skipped (fewer than 100 sales),,,,,,,,,,,,,,,,,,,,,,,,,
756,08065,CO,0,no residential sales in 2024,,,,,,,,,,,,,,,,,,,,,,,,,
757,21011,KY,212,ok,acceptable (confidence intervals overlap),0.5420723525986684,79.77660648848156,2.419768746448128,-0.16745945296102163,-29.14205340586885,0.6042820683650338,0.21401666442848077,0.4759259770938315,-0.52406523366852,-5.105337562431868e-08,-0.29725943647945363,-0.3010935660419738,,,,,,,,,,0.2316325507256936,,
758,20007,,0,no residential sales in 2024,,,,,,,,,,,,,,,,,,,,,,,,,
759,17181,IL,158,ok,UNACCEPTABLE regressivity,0.9139928732183046,27.0083302874464,1.1172562469838305,-0.09503229580444192,-28.503589517114815,0.7683539700649615,0.6027880914386988,0.7794668881723392,-0.22053218808895783,-1.6512035758777435e-06,-0.08306794159741937,-0.09170151401583615,,,,,,,,,,0.2429247289671405,,
760,16035,ID,59,skipped (fewer than 100 sales),,,,,,,,,,,,,,,,,,,,,,,,,
761,37147,NC,2116,ok,acceptable (VEI within +/-10),0.9378633395991429,13.348647343081765,1.0099468702773002,0.022866458813995495,4.976041047673633,0.958456511166792,0.83247114008237,0.9917776643914109,-0.008220454670051629,-1.0001447041917503e-07,-0.011656828466558578,-0.01475866122302949,,0.15641842283943158,0.1071456407435206,,,0.11197247667498407,0.21702438579794886,0.05406756435140241,0.05405929673531813,0.09599549825706358,0.11107974882960574,0.10930860088960502
762,51183,VA,91,skipped (fewer than 100 sales),,,,,,,,,,,,,,,,,,,,,,,,,
763,26163,MI,23816,ok,UNACCEPTABLE regressivity,0.8483490727045171,27.119029557650006,1.0725398474094947,-0.028140629421478634,-13.697345141503687,0.9293984485898531,0.5736243107881942,0.8698518586201859,-0.1301453031928543,-1.7987676759736434e-07,-0.029465169902742616,-0.033589366576033175,,,0.23532109786730437,0.21773565239117926,0.2417381633718202,0.21934970755358554,,,,0.17374208424980034,0.2139385181026507,0.2102833183465942
764,42063,PA,1,skipped (fewer than 100 sales),,,,,,,,,,,,,,,,,,,,,,,,,
765,05127,AR,0,no residential sales in 2024,,,,,,,,,,,,,,,,,,,,,,,,,
766,06107,CA,0,no residential sales in 2024,,,,,,,,,,,,,,,,,,,,,,,,,
767,19023,IA,0,no residential sales in 2024,,,,,,,,,,,,,,,,,,,,,,,,,
768,12065,FL,133,ok,acceptable (confidence intervals overlap),0.7062608695652174,35.689267543017536,1.154258902512782,-0.09189998737034326,-19.054102027415247,0.7461701354868236,0.4118263747034639,0.6380461233909382,-0.36195034902097095,-7.57234109078866e-07,-0.08761657771008102,-0.09108876853234782,,,,,0.21727613397245757,,,,,0.23479828154469984,,
769,55037,WI,114,ok,acceptable (confidence intervals overlap),0.8645227272727273,39.79580227154597,1.1030479915800988,-0.03300887364298373,-15.60246753183413,0.8961786919500637,0.78231364644085,0.8524060842942304,-0.14759833446715906,-6.7773466818273e-07,-0.044132030459353766,-0.04535656501587204,,,,0.17767081135398494,0.20668114375169383,,,,,,,0.21749302426858905
770,05001,AR,0,no residential sales in 2024,,,,,,,,,,,,,,,,,,,,,,,,,
771,12099,FL,25610,ok,acceptable (VEI within +/-10),0.8082464226921615,11.787083643834219,1.0293843404141036,-0.01938666003439323,-9.964624592614648,0.9744591780991717,0.8006651697804898,0.95602759078472,-0.04397195487437195,-2.7416162319321755e-09,-0.013734603590436434,-0.011690348355704039,,0.13948716674831377,0.1650154442627144,0.18225594094030437,0.2400692122754915,0.16423231404911767,,0.1682526697650353,0.16825168759016143,0.1325000382308806,0.16460254019056644,0.16176835013332436
772,40119,OK,1015,ok,acceptable (VEI within +/-10),0.9541176470588235,19.82710415201258,1.105357208406675,-0.030110150556214823,-5.438363781983359,0.8250446923518522,0.4999147948987335,0.8788984572317776,-0.12109986036654889,-8.314996640210054e-08,-0.0706579267673988,-0.08809228811614966,,0.21370040967064363,,0.17776638193235703,0.14625209124921817,,,0.23669906850946024,0.23670094955890725,0.16796739405200498,,
773,21035,KY,698,ok,UNACCEPTABLE progressivity,0.6666666666666666,41.57470602433306,4.008187679341441,0.021797617344028332,63.375000000000014,0.4969645906056603,0.00012061300757392737,0.8756737502231604,-0.12424711499934171,-3.3583041605585378e-09,-0.4306098400458569,-0.7474423405274748,,,,,,,,,,0.011828818634866414,,
774,40103,OK,174,ok,acceptable (VEI within +/-10),0.6972583333333333,47.31987160310489,1.1904458593602953,-0.007233278940210301,9.374925509212984,0.7493691711804941,0.33388256711677455,0.7005758777906611,-0.2994268443286825,-1.0630144746054374e-06,-0.1057446402421649,-0.13178051206083374,,,,0.1291911872157518,,,,,,,,
775,16069,ID,347,ok,acceptable (VEI within +/-10),0.8849353826433911,21.938525799020432,1.0384744686071299,0.01707836582846003,3.5459012069583826,0.7377632126062362,0.6723256609902998,0.8086992401386811,-0.1912996456706952,-4.2358393722453507e-07,-0.05672597297135118,-0.057582257504144474,,0.24867050649645744,0.18381305029995154,,,0.2177672396246452,,0.1954480074046473,0.1954476781368128,0.1746942505011019,0.1977863774068041,0.1981869383884673
776,12127,FL,10126,ok,acceptable (VEI within +/-10),0.8365978838782782,12.861408714814257,1.028008468708973,-0.013282304167486452,-4.6603717484712375,0.9129920499531501,0.7102045871266222,0.9251068007424899,-0.07489209909841814,-9.919036617691018e-08,-0.02580409839320197,-0.02950167166151263,,0.15144621653721896,0.1557111441096648,0.098287564421113,0.12978547292536735,0.14985926610868294,,0.14547476166234757,0.1454740561413075,0.1261892671077423,0.149222869880379,0.16104455110943053
777,34013,NJ,6330,ok,UNACCEPTABLE progressivity,0.557759430184323,30.52774666181763,1.007767652609515,0.12487050884473518,34.33196950366511,1.0067617623786196,0.4845025394733113,0.9732440581749375,-0.026754027762643087,-8.355099010070017e-09,0.0022246831328120997,-0.0005416795066726099,,,0.08407119118875521,,,,,0.11772315028270566,0.11772010700716905,0.047165450462751765,,0.028792630919839152
778,28081,,0,no residential sales in 2024,,,,,,,,,,,,,,,,,,,,,,,,,
779,47029,TN,0,no residential sales in 2024,,,,,,,,,,,,,,,,,,,,,,,,,
780,38051,ND,45,skipped (fewer than 100 sales),,,,,,,,,,,,,,,,,,,,,,,,,
781,37007,,0,no residential sales in 2024,,,,,,,,,,,,,,,,,,,,,,,,,
782,36047,NY,7344,ok,UNACCEPTABLE progressivity,0.8023542445644647,47.3150877664889,1.2182290529343223,0.10212413163155011,57.62062420627373,0.7060051983985289,0.33311038399272097,0.7432843842179767,-0.25671493222686737,-8.939199894624045e-09,-0.13620547196067911,-0.1586732641390023,,,,,,,,,,0.1806166426151101,,
783,55023,,0,no residential sales in 2024,,,,,,,,,,,,,,,,,,,,,,,,,
784,44009,RI,0,no residential sales in 2024,,,,,,,,,,,,,,,,,,,,,,,,,
785,41001,OR,234,ok,acceptable (confidence intervals overlap),0.9500499750124938,18.68521904384748,1.0043447112651602,0.03260647139982415,10.580921714047399,0.9988455177225226,1.062238265778855,0.9668874009903589,-0.03311252925352111,-1.4203203977761539e-08,-0.0003366598563065981,-0.00026333415137291816,,0.2251051451182724,0.07821467762104661,,,0.023603081956367337,0.08802042887833912,0.09219081540113978,0.09219051310121473,0.08420067250429278,0.02326608436483187,0.02297353301915615
786,09120,CT,0,no residential sales in 2024,,,,,,,,,,,,,,,,,,,,,,,,,
787,01005,,0,no residential sales in 2024,,,,,,,,,,,,,,,,,,,,,,,,,
788,41051,,0,no residential sales in 2024,,,,,,,,,,,,,,,,,,,,,,,,,
789,17199,IL,1053,ok,UNACCEPTABLE regressivity,0.873457627118644,34.87698396693623,1.2235745102656055,-0.10198482661465932,-37.66512924211487,0.7764953414756139,0.33310996701833295,0.7327928997924804,-0.2672031792512382,-7.063376986041745e-07,-0.10022121101128323,-0.12567366081719045,,,,,,,,,,0.24757987311333737,,
790,05097,AR,1,skipped (fewer than 100 sales),,,,,,,,,,,,,,,,,,,,,,,,,
791,48027,TX,5943,ok,UNACCEPTABLE progressivity,0.924707744571648,33.40453303035803,1.3720854890793723,0.13616171854512962,68.14653520280821,0.3872595147154561,0.0006114053044381772,0.23721414956068274,-0.7627860992212383,-1.182900420234953e-08,-0.25045269843174767,-0.2880750945752313,,,,,,,,,,0.04218535133644441,,
792,48209,TX,5586,ok,UNACCEPTABLE progressivity,0.6751209706278636,57.76419062620528,2.2579462090651923,0.35173674672954447,103.18800453150965,0.4473970993537348,0.006458723038149577,0.6857907014661807,-0.3142068104315164,-1.161992183174175e-09,-0.38215912268649355,-0.5486071265224175,,,,,,,,,,0.08141228027446647,,
793,29219,MO,0,no residential sales in 2024,,,,,,,,,,,,,,,,,,,,,,,,,
794,24043,MD,1915,ok,acceptable (VEI within +/-10),0.7547244094488189,18.667770599570296,1.0335649922325427,-0.0037742581395725137,-4.832651956090219,0.9015262634601925,0.5050475302173698,0.8801762744320821,-0.11982255475858006,-2.0002579160883733e-07,-0.026013462214891314,-0.029585956091316534,,0.21058400275707762,0.17245441230756647,0.04134405692369642,0.1306481997857812,0.15560394655307858,,0.17421509235281965,0.17421428541393771,0.1184699133267025,0.14839031558878962,0.15750231244081556
795,21129,,0,no residential sales in 2024,,,,,,,,,,,,,,,,,,,,,,,,,
796,27139,MN,1991,ok,acceptable (VEI within +/-10),0.9243835616438356,9.893622391995391,1.0240737843337384,-0.02015768627370772,-0.275457908053819,0.9190746733614603,0.7367488410816472,0.9293800566752428,-0.07061975764630936,-1.7252079187468326e-08,-0.023390002271305832,-0.02600009760517974,,0.1197656545573514,0.14550189108930256,0.10857667132929187,0.031214484501975174,0.12985023307242338,0.2019729734323165,0.1279915979469201,0.1279898741992932,0.11347104402305568,0.12964344961366578,0.15968654381089792
797,54003,,0,no residential sales in 2024,,,,,,,,,,,,,,,,,,,,,,,,,
798,13253,GA,141,ok,acceptable (confidence intervals overlap),0.7132432432432433,39.552501647351946,1.1272684281036576,-0.04539838330572722,-18.35959936728424,0.9249985972132766,0.5221092075221242,0.7972790604804445,-0.2027177536910484,-3.8308945526407195e-07,-0.03430543893988647,-0.04434526089176383,,,,,,0.24989463292888273,,,,,0.242586914317877,0.22737222049273462
799,22079,LA,1371,ok,acceptable (VEI within +/-10),1.0,24.26291695495176,1.3845029328812908,-0.041091007648171564,-6.998264893001737,0.686045937073233,0.009666661394508098,0.8164624200414384,-0.1835324653001469,-1.933537508467926e-08,-0.16667492730123157,-0.25272464437105135,0.0,0.243743083663245,,,0.22329752623599947,,,,,0.06078342919443732,,
800,38067,ND,0,no residential sales in 2024,,,,,,,,,,,,,,,,,,,,,,,,,
801,13015,GA,1422,ok,acceptable (VEI within +/-10),0.9188657850007727,16.18573970364958,1.026303021757615,0.012501523566873061,5.063275468714281,0.9024709034621093,0.676659026101844,0.9258722673301225,-0.07412699205950964,-1.512610645975804e-07,-0.02565435821975348,-0.029960507595181873,,0.19143663407942751,0.14878096207213307,,,0.14077221249757615,,0.13482687525924528,0.13482650667059864,0.12630835709329943,0.13831136935841687,0.1526662721649328
802,37033,NC,0,no residential sales in 2024,,,,,,,,,,,,,,,,,,,,,,,,,
803,42087,PA,0,no residential sales in 2024,,,,,,,,,,,,,,,,,,,,,,,,,
804,48279,TX,62,skipped (fewer than 100 sales),,,,,,,,,,,,,,,,,,,,,,,,,
805,01083,AL,1618,ok,acceptable (VEI within +/-10),0.9482010997643362,14.539411840015568,1.0268447114119017,0.031157853425847953,-1.2059562932945507,0.9584286434316924,0.5278344502726388,0.9947854000343672,-0.005214185762001755,-1.1172360836917769e-08,-0.01371794569639695,-0.022205035101030113,,0.16985334508340377,0.15659380296155279,,0.04534555748619129,0.12224918472238754,,0.04030302718842731,0.04030217273083229,0.08508321262060144,0.11841555387506598,0.16365563370720387
806,18047,IN,218,ok,acceptable (VEI within +/-10),0.7638484509145204,28.720080267792156,1.1163054756198056,-0.03077989243458654,-0.8651605777675396,0.7878357347687358,0.4042980370710916,0.8504248154910361,-0.1495698203257903,-4.652656587350412e-07,-0.07918861683808642,-0.10018676430237305,,,,0.17188507586882748,0.19786750575009157,,,,,0.17464654160805387,,
807,16029,ID,75,skipped (fewer than 100 sales),,,,,,,,,,,,,,,,,,,,,,,,,
808,40051,OK,803,ok,acceptable (VEI within +/-10),0.6995688185140073,35.13107202090863,1.1120259231407743,-0.003167955775102599,-7.21607840848017,0.880624903549984,0.4384770722058656,0.8199388859369201,-0.18004029351267797,-2.1225046995793242e-07,-0.04969519888075702,-0.0731541082874767,,,,0.08205896804282808,0.1833547149210115,,,,,0.20402739877846907,,
809,36105,NY,1338,ok,UNACCEPTABLE regressivity,0.7859909258201663,37.40070485158526,1.268630958397782,-0.11864112930961727,-33.706673171565896,0.6221480323172156,0.1140161048727859,0.6231811001625457,-0.3768173873894619,-1.4715462091953904e-07,-0.1562232614786554,-0.1851660686024057,,,,,,,,,,0.1409984779100554,,
810,20203,,0,no residential sales in 2024,,,,,,,,,,,,,,,,,,,,,,,,,
811,29203,MO,0,no residential sales in 2024,,,,,,,,,,,,,,,,,,,,,,,,,
812,27149,MN,119,ok,acceptable (confidence intervals overlap),0.7328888888888889,25.761825735461283,1.0450301678792415,-0.010351816507398828,13.465548718677924,0.9640389686685943,0.6509857691622385,0.929416028551539,-0.0705803843355331,-1.3960472795703317e-07,-0.014615558601101863,-0.015565693273124959,,0.24741127725561493,0.1989724087615483,0.11481025335067624,,0.15507956264040634,,0.2118890073404161,0.2118795871738935,0.15119013291669323,0.16425707356792255,0.19390750591701272
813,47139,TN,388,ok,acceptable (VEI significance <= 10),0.6565192307692308,49.346285624634056,1.521388171728423,-0.08375366888773034,-15.963425099098627,0.7110773767380769,0.01852479460867565,0.6702105016002492,-0.3297830074870366,-7.747370779490958e-08,-0.16856272064999134,-0.2639555359729271,,,,,,,,,,0.09620538789167889,,
814,42103,PA,1387,ok,acceptable (VEI significance <= 10),0.3560888888888889,22.71018200403063,1.0596963628854819,-0.04630838843568711,-11.886747405024863,0.7445259167728411,0.24180025207744724,0.8101365919723336,-0.1898471197176905,-2.3369751440922543e-07,-0.06612323424323696,-0.07045593642456183,,0.2409664796331388,0.2223003386776357,0.1735390091236441,0.18050871598937884,0.23387315878482468,,0.2290548841890399,0.22904478671059592,0.0747230751654303,0.23766374884464087,0.23371128406501776
815,45037,SC,417,ok,UNACCEPTABLE progressivity,0.4211875,67.2242953478888,1.3460925270020807,0.0652804467015794,40.17912615336712,0.6694322511775989,0.00936875236793339,0.4434769957327065,-0.5565230432664275,-4.2293356467500705e-08,-0.14917612014645787,-0.19994916397020157,,,,,,,,,,0.07486489157118768,,
816,49039,UT,97,skipped (fewer than 100 sales),,,,,,,,,,,,,,,,,,,,,,,,,
817,48437,TX,53,skipped (fewer than 100 sales),,,,,,,,,,,,,,,,,,,,,,,,,
818,31071,NE,37,skipped (fewer than 100 sales),,,,,,,,,,,,,,,,,,,,,,,,,
819,17175,IL,74,skipped (fewer than 100 sales),,,,,,,,,,,,,,,,,,,,,,,,,
820,55109,WI,1295,ok,UNACCEPTABLE progressivity,0.7588235294117647,18.694189076761916,1.0003062385691162,0.1033349682598729,26.17935876075411,1.008078233325895,0.6974066148921374,1.0258865466996157,0.0258882054439683,-2.019961719023617e-09,0.001946202617059356,0.000348350397125996,,0.21671020468791788,0.010995558756500561,,,,,,,0.018283956223395535,,0.01686491863076492
821,13281,GA,271,ok,acceptable (VEI within +/-10),0.8378235294117647,23.136554519387957,1.0498569699353597,0.0017788341149008507,4.9373135621775495,0.9125093780303563,0.6629750345922689,0.954199799545942,-0.045799122268338634,-8.449997123186865e-08,-0.03479699810983794,-0.047477583708203985,,,0.21878969095075387,0.0906431430139922,,0.23749566276782033,,0.15288560654571323,0.15286398133904866,0.14915880055286257,0.23652571009356824,0.2145734954746613
822,50017,VT,0,no residential sales in 2024,,,,,,,,,,,,,,,,,,,,,,,,,
823,39005,OH,0,no residential sales in 2024,,,,,,,,,,,,,,,,,,,,,,,,,
824,49025,,0,no residential sales in 2024,,,,,,,,,,,,,,,,,,,,,,,,,
825,56013,WY,246,ok,acceptable (VEI significance <= 10),0.8504030301635466,24.172917499518242,1.031218495758072,0.05130430576432623,17.724335335590986,0.8692730388182112,0.6910379923798515,0.8749251449202136,-0.12507410618000486,-3.0453420618376877e-07,-0.03302245700260942,-0.03599286534167456,,,0.16197742270193838,,,0.17947413667776532,,0.17045422976418909,0.17045469618529785,0.13348357083235834,0.18827459328177912,0.1883431508476611
826,30101,MT,0,no residential sales in 2024,,,,,,,,,,,,,,,,,,,,,,,,,
827,19085,IA,0,no residential sales in 2024,,,,,,,,,,,,,,,,,,,,,,,,,
828,18111,IN,162,ok,acceptable (VEI significance <= 10),0.7854285714285714,41.54911527478249,1.1154780611401154,-0.09094855264022038,-52.211776069040766,0.8652125275601622,0.885530001391986,0.7079666761556508,-0.292033365641175,-7.469429362224954e-07,-0.04841686488499941,-0.03118186441593518,,,,,,,0.21885641322142502,,,,,0.2154138495352468
829,05041,AR,0,no residential sales in 2024,,,,,,,,,,,,,,,,,,,,,,,,,
830,38023,ND,24,skipped (fewer than 100 sales),,,,,,,,,,,,,,,,,,,,,,,,,
831,48365,TX,120,ok,acceptable (confidence intervals overlap),0.8501485194467651,30.021403502358645,1.0949036770368727,0.13422928816349858,30.99028751901301,0.7823443728337388,0.11958147895431784,0.906335766319042,-0.09365567840918887,-2.288889922037673e-07,-0.07043123235541282,-0.09596868416946469,,0.24993469756040257,0.24094771864634423,,,,,0.19053289613259886,0.1905191836243384,0.09141942436405166,,
832,48379,,0,no residential sales in 2024,,,,,,,,,,,,,,,,,,,,,,,,,
833,42125,PA,0,no residential sales in 2024,,,,,,,,,,,,,,,,,,,,,,,,,
834,48171,TX,244,ok,UNACCEPTABLE progressivity,0.7493795104680383,57.725794065273426,1.1927803245489004,0.17728960818117567,88.24727933393298,0.8172675890453491,0.4219784024963761,0.7461082449529399,-0.25387564896963777,-5.5695111249524904e-08,-0.08769514685021496,-0.11932092406801886,,,,,,,,,,0.24010130243574887,,
835,01125,AL,3382,ok,UNACCEPTABLE regressivity,0.8332960990532333,25.989664514612755,1.1151951127146493,-0.024957010268262046,-28.149364919330804,0.8335546679508751,0.6184947860716138,0.8287834562457516,-0.17121371706008948,-6.127631445318019e-08,-0.0719089148209302,-0.08814620822373209,,,,0.19600727554620404,,,,,,0.20240403357960793,,
836,40017,OK,3566,ok,UNACCEPTABLE progressivity,0.9265644777986242,34.303270464563845,1.7909121809472972,0.037306617728535635,86.1477020183678,0.2943490896411316,0.011368903783836991,0.32743078746867,-0.6725628079685818,-8.676968203749632e-08,-0.3841576349543916,-0.4515271578995639,,,,,,,,,,0.08759211472619371,,
837,42115,PA,0,no residential sales in 2024,,,,,,,,,,,,,,,,,,,,,,,,,
838,42099,PA,0,no residential sales in 2024,,,,,,,,,,,,,,,,,,,,,,,,,
839,21157,KY,432,ok,acceptable (VEI within +/-10),0.7720779220779221,31.482898845389652,1.1011018630149287,-0.038860783097164384,-6.092152458564597,0.8838523199935446,0.6503589703277063,0.8271379050105092,-0.17285868238502022,-4.011060806628698e-07,-0.049745306453728544,-0.04979483734142698,,,0.24893206805333806,0.1817550394365091,0.20537637276778398,,,,,0.23769316825666567,0.2496300825689978,0.24526465389529667
840,47165,TN,2950,ok,acceptable (VEI within +/-10),0.9505255991285403,12.285818116362748,1.0287933991455653,-0.010751665968521817,-0.6666212394240811,0.9077853154653307,0.6145632003834274,0.9336497756946786,-0.0663497455329372,-4.780210214155097e-08,-0.026366307105600173,-0.03235571918821267,,0.1500892392618471,0.15748456402351974,0.08208632780079096,0.048616368785077295,0.15305691308139469,,0.1284052478476797,0.12840491052791123,0.11026795511832328,0.15312249113882648,0.16160510370810374
841,20035,,0,no residential sales in 2024,,,,,,,,,,,,,,,,,,,,,,,,,
842,04017,AZ,2073,ok,UNACCEPTABLE progressivity,0.6923076923076923,30.024956746297345,0.9887533540053014,0.09295415589824457,45.90599144353081,1.0204182429662259,0.49808377115759817,1.019655895476226,0.019670604768982445,2.6658486916001522e-08,0.007941066167404864,-0.0019481308572213418,,,,,,,,,,,,0.05156835219792861
843,13267,GA,167,ok,acceptable (VEI within +/-10),0.6917355371900826,40.33502721278749,1.1434206429724314,-0.032765918508534705,-3.4960868261605595,0.8526688917515719,0.41151092297346153,0.8545615483792067,-0.14543039531149093,-6.226556185509912e-07,-0.06408261827772632,-0.08840170956817639,,,,,0.1255723796363175,,,,,0.19229749433833546,,
844,39061,OH,11029,ok,acceptable (VEI within +/-10),0.7648519163763067,18.455747334324315,1.0128886996905966,0.013283185982555337,3.490739307156369,0.982770668566429,0.7459737695883147,0.9555006422941235,-0.04449798020334858,-3.966074011189978e-08,-0.006074267112850862,-0.0033801162223594527,,0.2092931318509626,0.11066118028103271,,,0.08934213602202114,,0.13422556440236136,0.1342219500481506,0.09460714993677612,0.08716448477890343,0.06716362677424577
845,47055,TN,0,no residential sales in 2024,,,,,,,,,,,,,,,,,,,,,,,,,
846,15007,HI,652,ok,acceptable (VEI significance <= 10),0.872003360716953,17.465254335747954,1.0745728903756187,-0.03822887459056804,-24.81746243916759,0.885528530932215,0.6422332251764238,0.8825523115402012,-0.11744756326759206,-2.935110277225778e-08,-0.048433326550973765,-0.057998476370112906,,0.20772688953090734,0.23701685695431185,0.17020290608079092,,,,0.2195077145961611,0.21950752155244352,0.1886090837602621,,
847,39051,OH,438,ok,acceptable (VEI within +/-10),0.7948105134474328,14.912326804565971,1.0057801168398863,0.031091607627493117,2.751875437660501,0.9730301307833585,0.7976524677475599,0.9983328722469299,-0.0016624480165854801,-8.875523799266171e-08,-0.007088125821103741,-0.004916339520930846,,0.17763768013095788,0.0956289991909375,,,0.09318928096033582,0.24868270683592905,0.027187000101267664,0.02710749994074686,0.05934047684869027,0.07775177276253699,0.0612388810555627
848,42019,PA,0,no residential sales in 2024,,,,,,,,,,,,,,,,,,,,,,,,,
849,20063,,0,no residential sales in 2024,,,,,,,,,,,,,,,,,,,,,,,,,
850,50009,VT,0,no residential sales in 2024,,,,,,,,,,,,,,,,,,,,,,,,,
851,37015,NC,1,skipped (fewer than 100 sales),,,,,,,,,,,,,,,,,,,,,,,,,
852,42083,PA,0,no residential sales in 2024,,,,,,,,,,,,,,,,,,,,,,,,,
853,13085,GA,534,ok,acceptable (confidence intervals overlap),0.9168378009995457,13.76867227692334,1.0276543250022385,-0.006787869364572067,-12.35081158998051,0.8839981461757146,0.7462341316648249,0.9477063640280915,-0.05229282974854403,-1.2207067424863947e-07,-0.03359997065281295,-0.03694100580113435,,0.16692086062858238,0.14700627200162347,0.07775015534643114,0.1882088906493458,0.17375897222460707,,0.14217349021226236,0.1421724603499467,0.14047713916748014,0.17377159475727041,0.20077911239661256
854,48021,,0,no residential sales in 2024,,,,,,,,,,,,,,,,,,,,,,,,,
855,19147,IA,0,no residential sales in 2024,,,,,,,,,,,,,,,,,,,,,,,,,
856,45045,SC,8534,ok,UNACCEPTABLE progressivity,0.655757016840417,31.708837991490707,1.174757994248913,0.050228000390752,22.199409961714643,0.7386574300085085,0.09272087089723471,0.81270397757177,-0.18728892400876976,-1.1082383384594766e-08,-0.11257916931839462,-0.15277194087710533,,,,,,,,,,0.12905308918880984,,
857,28009,MS,46,skipped (fewer than 100 sales),,,,,,,,,,,,,,,,,,,,,,,,,
858,55049,,0,no residential sales in 2024,,,,,,,,,,,,,,,,,,,,,,,,,
859,45083,SC,6313,ok,acceptable (VEI significance <= 10),0.6775,53.76936137281738,1.3971441112535903,0.06803189246084616,16.647331761975668,0.47859163780057906,0.01609364129116104,0.15611720233835266,-0.843894650913109,-9.887865773550496e-08,-0.22608166139778363,-0.27303869600259545,,,,,,,,,,0.1260121692959694,,
860,06057,CA,0,no residential sales in 2024,,,,,,,,,,,,,,,,,,,,,,,,,
861,28073,,0,no residential sales in 2024,,,,,,,,,,,,,,,,,,,,,,,,,
862,40073,OK,166,ok,acceptable (VEI within +/-10),0.900193052912067,18.887744009539702,1.043573304071082,-0.03453076105052709,5.350815210947441,0.89335486267427,0.7550930556120349,0.8653446407296671,-0.13465487824133687,-3.9002288886235793e-07,-0.03395270721598931,-0.03613456522618774,,0.20599271704827074,0.2080488813598542,0.1777312473194218,,0.20934618059000573,,0.22463087883872537,0.22463002288077089,0.18554548334862914,0.2066096074806594,0.19617482526886226
863,51059,,0,no residential sales in 2024,,,,,,,,,,,,,,,,,,,,,,,,,
864,21125,KY,1067,ok,acceptable (VEI within +/-10),0.7777777777777778,48.72322490782943,1.710195053262007,-0.051825078534077126,-4.990567655633672,0.551088297677624,0.003679331979177985,0.6839182635924824,-0.3160723113758947,-3.096378549009282e-08,-0.2682790342631347,-0.38080862530115733,,,,,0.19370534147735333,,,,,0.059837741190520675,,
865,19073,IA,0,no residential sales in 2024,,,,,,,,,,,,,,,,,,,,,,,,,
866,40077,OK,94,skipped (fewer than 100 sales),,,,,,,,,,,,,,,,,,,,,,,,,
867,30059,MT,0,no residential sales in 2024,,,,,,,,,,,,,,,,,,,,,,,,,
868,18113,IN,467,ok,acceptable (VEI within +/-10),0.8361702127659575,23.172654962024293,1.072515857936578,-0.050444928475086616,-7.714549669066201,0.8683842557222535,0.5969021817019189,0.8334923077639789,-0.16650656850782428,-3.131511013947459e-07,-0.04648524152036426,-0.05018736673126889,,0.24328725254669817,0.23508934781170132,0.20021314907021145,0.1572347783053108,0.22316233683561232,,0.24654425213374254,0.24654319359315433,0.19729485708162936,0.21861691182733017,0.22501494327042063
869,51015,VA,786,ok,acceptable (VEI within +/-10),0.8877343504133393,17.08492732052685,1.0126391792854534,0.009633744162486031,-6.677472130679401,0.9780488642911865,0.9194321990751332,0.9335280750676511,-0.06647178502242593,-4.551474573186061e-08,-0.006181849694583352,-0.005082029057572379,,0.20328701594438503,0.12463279716058955,,0.18911446725774314,0.07859231690050657,0.16174316994713991,0.1493046281269798,0.14930457191885663,0.12303049069261077,0.07672108373624492,0.07553592721178655
870,45075,SC,0,no residential sales in 2024,,,,,,,,,,,,,,,,,,,,,,,,,
871,51685,VA,121,ok,acceptable (VEI within +/-10),0.9104,8.076846584739425,1.0099195603361046,-0.06144614197540701,-8.58129533222993,0.8907793212105486,0.829308840091544,0.8630379424679037,-0.1369620176557561,-2.412549194626231e-07,-0.017508567430563504,-0.01558854508410712,,0.09782348969054902,0.09632686878487666,0.13233103538774177,0.1723102350681403,0.09483708217860837,0.1195442304838139,0.09992164621902495,0.09992164350960163,0.09483751517424363,0.09477712199516755,0.0928488698015062
872,39073,OH,436,ok,acceptable (confidence intervals overlap),0.528254512635379,38.807760107906894,1.3781838013349486,-0.08249841954981746,-11.99593255369947,0.6778959864312627,0.02523395040848891,0.7662620528433389,-0.23372308296838656,-4.5739741057851455e-08,-0.1683643571747122,-0.22644804629972026,,,,,,,,,,0.10598222506253709,,
873,37049,NC,1847,ok,acceptable (VEI significance <= 10),0.80656,12.941695190190249,0.9972104057007602,0.02923798057392036,10.550522750483081,1.0224291404044348,0.7976096047273395,1.0175300139454502,0.01753387829157824,1.9908962743190365e-08,0.006268601657289041,0.005769919032231008,,0.1517085245989902,,,,,,,,,,
874,39139,OH,0,no residential sales in 2024,,,,,,,,,,,,,,,,,,,,,,,,,
875,38015,ND,1211,ok,acceptable (VEI within +/-10),0.8537037037037037,10.14753147037321,1.0072945874885144,0.00634880666045715,2.925666799058998,0.9595379489935445,0.8236065998910566,0.9675656203105668,-0.03243360971108084,-6.395086605781884e-08,-0.009957629558941417,-0.009701039031001057,,0.1266815042539406,0.08096344587643535,,,0.08710343821503783,0.20997887841919854,0.07593380299533278,0.07593247475320959,0.06868776552365324,0.08580699103657446,0.0898593522860047
876,41041,OR,935,ok,acceptable (VEI within +/-10),0.9984615384615385,14.466194587662866,1.005303575069533,0.030856478036094294,7.791936194406841,0.9896710418895621,0.9660471675238639,0.9781943144232865,-0.021805711879535877,-3.971847422872355e-08,-0.002703820449524219,-0.0032609618546011188,0.08479722572339256,0.1744810972939175,0.07359165955789278,,,0.042780476338647164,0.08927639277350898,0.08055954467548467,0.08055960897125758,0.07904007691049775,0.04575420713691043,0.04024483482093325
877,34001,NJ,4259,ok,acceptable (VEI within +/-10),0.49221238938053097,23.5604866503224,1.0957092827814505,-0.011063753706758512,-2.170202659482168,0.8451109615613497,0.306651207472473,0.8375543831303285,-0.16244254678273565,-5.6600902325774086e-08,-0.06429545439433637,-0.07931741291055294,,0.2492963302656116,,0.11784330562545461,0.07280537182269248,,,,,0.11346611862034216,,
878,51770,VA,1528,ok,acceptable (VEI within +/-10),0.8042517527531046,18.278188206736804,1.0382835484022856,-0.004195176211275746,-5.2649869714364215,0.9336204427524163,0.5651877624668359,0.9298925456503752,-0.07010615643054705,-5.814379818843252e-08,-0.023164900968803748,-0.02692631929838396,,0.2057117545200983,0.18007990111465402,0.07535851425528846,0.160064386278187,0.1713442585657159,,0.166971669145776,0.16696746156293735,0.11101203837840795,0.1671008343468684,0.1965959724261883
879,21171,KY,117,ok,acceptable (VEI within +/-10),0.6,45.976288263811746,1.2178098858899347,0.02646583680939965,5.08234126984127,0.5184709511562022,0.1490666494476943,0.46284571178215395,-0.537123191611297,-1.1766018732026293e-06,-0.18134712373858597,-0.2228425401419274,,,,,0.12993633456903217,,,,,0.23020135216592538,,
880,21135,KY,165,ok,acceptable (VEI significance <= 10),0.6666666666666666,59.07311276233059,1.5692759929365698,-0.13487138350096406,-43.088235294117645,0.591942812987014,0.14621802910936707,0.5610095350467503,-0.4389594822575732,-1.766499290503673e-06,-0.2116399698278575,-0.2858176897589093,,,,,,,,,,,,
881,47039,TN,0,no residential sales in 2024,,,,,,,,,,,,,,,,,,,,,,,,,
882,42069,PA,0,no residential sales in 2024,,,,,,,,,,,,,,,,,,,,,,,,,
883,27103,MN,362,ok,acceptable (VEI within +/-10),0.9227276716483488,10.32779094879189,1.012210564760821,0.009221003299669997,2.5335852811899264,0.952566111227727,0.8595255543073778,0.985021280556349,-0.014977541349788683,-3.068526694250857e-08,-0.013404653976479164,-0.01489708708017301,,0.13025818164078146,0.11899145607749481,,,0.11902899574911208,0.17903405363614489,0.05388614093051476,0.0538719761314784,0.11319732442157439,0.11884110189175529,0.12037470085749898
884,20105,,0,no residential sales in 2024,,,,,,,,,,,,,,,,,,,,,,,,,
885,32031,NV,0,no residential sales in 2024,,,,,,,,,,,,,,,,,,,,,,,,,
886,48355,,0,no residential sales in 2024,,,,,,,,,,,,,,,,,,,,,,,,,
887,29135,MO,0,no residential sales in 2024,,,,,,,,,,,,,,,,,,,,,,,,,
888,01003,AL,6903,ok,acceptable (VEI within +/-10),0.9712820512820513,13.533575303276828,1.0184469318708402,-0.000937245943209645,-1.836409010662462,0.9688299232623822,0.8772986892744805,0.9686205896366138,-0.031379104300764495,-4.885317646978895e-08,-0.01166197067868957,-0.014742319810378435,,0.16019575295532892,0.14091460254284116,0.03528550169519907,0.09347728463368789,0.12523226732205237,0.22989125855679415,0.12866290471266265,0.12866188696917463,0.12523340148493164,0.12419803909209534,0.139745257872782
889,26165,,0,no residential sales in 2024,,,,,,,,,,,,,,,,,,,,,,,,,
890,39145,OH,2,skipped (fewer than 100 sales),,,,,,,,,,,,,,,,,,,,,,,,,
891,21009,KY,619,ok,UNACCEPTABLE progressivity,0.744,39.70636635856704,1.0362325749303258,0.1145898962905342,65.94824905143996,0.898979716374601,0.6910273392732229,0.7881704258015411,-0.21182460677566442,-1.263637778010036e-07,-0.03641747974429399,-0.032433834307169285,,,0.16390736303784845,,,,,,,0.16032969742524636,0.2473265563720824,0.1753368856919253
892,13111,GA,788,ok,acceptable (VEI within +/-10),0.7943529044117648,29.223591881187385,1.0895061207585166,0.012061868588687267,0.18370748142054144,0.7965815763330747,0.4901220827980386,0.9000572485373487,-0.09993929431211582,-1.741718759546259e-07,-0.0757457585104031,-0.09633846337970442,,,,,0.03446303296827673,,,,,0.19539697512546636,,
893,13131,GA,245,ok,acceptable (confidence intervals overlap),0.80152,49.92754586794114,1.3002533595135528,-0.07524040035333637,-28.51243539044835,0.796981024505454,0.41831533623284717,0.7710714822698345,-0.22892924491188157,-1.766418531571453e-07,-0.10823724914545685,-0.13648848777380107,,,,,,,,,,0.237943327255546,,
894,29111,MO,0,no residential sales in 2024,,,,,,,,,,,,,,,,,,,,,,,,,
895,55031,WI,825,ok,acceptable (VEI within +/-10),1.0259522812892423,16.320852971871822,1.0251874452214709,-0.011697336925338553,-2.3797344880881166,0.9304891123190481,0.9079804354639864,0.9251193021384393,-0.07488107763771563,-2.2004178560049093e-07,-0.02131798731331913,-0.021958470460365698,,0.188241504634443,0.13471688637333615,0.09450608927661447,0.09988124371289721,0.14191184715377522,0.16812013981451918,0.18567256449058245,0.18567423722889032,0.15369163215025086,0.12890967126800673,0.13970087206021564
896,35045,NM,615,ok,acceptable (VEI within +/-10),0.6676173191599689,22.436574667821237,1.03722009311703,0.03147821144849353,-4.501469656338958,0.8639278148545244,0.46783248045477344,0.8883010776411743,-0.1116958225773484,-1.4686243269880397e-07,-0.03585495654978588,-0.03884048910123239,,0.24598952593413806,0.17873260140549996,,0.07469445566897313,0.19235958528117622,,0.17592141930107136,0.17591879949442144,0.10305002342347988,0.17937404733088666,0.19220537320728273
897,49043,,0,no residential sales in 2024,,,,,,,,,,,,,,,,,,,,,,,,,
898,06041,CA,0,no residential sales in 2024,,,,,,,,,,,,,,,,,,,,,,,,,
899,13135,,0,no residential sales in 2024,,,,,,,,,,,,,,,,,,,,,,,,,
900,13141,GA,140,ok,UNACCEPTABLE regressivity,0.49510290541264235,105.9038870259253,1.7715458409240643,-0.5462613940548471,-172.63750003836677,0.8386676316397423,0.5392731799805716,0.6152543433494104,-0.3847511576754188,-1.1127387652683947e-06,-0.08515317066009342,-0.05446614184189902,,,,,,,,,,,,
901,01057,AL,318,ok,acceptable (VEI significance <= 10),0.9935717051761972,55.38241046274768,1.4513206093283362,-0.1046350934123323,-11.309771511180955,0.6647737521214532,0.3146382958941588,0.7003060127413104,-0.29969107433571035,-1.28139729734237e-06,-0.17510149122643992,-0.22120825119177723,0.10491983320280004,,,,0.2275118499083461,,,,,,,
902,30049,MT,0,no residential sales in 2024,,,,,,,,,,,,,,,,,,,,,,,,,
903,47065,TN,6252,ok,UNACCEPTABLE progressivity,0.5954569918778745,24.088551524323037,1.0274347070996843,0.05030512090872456,19.281345719031997,0.9417887685516697,0.5004813542255527,0.9235943973268637,-0.0764022337153383,-2.922745208556034e-08,-0.01972910411340978,-0.02436624867725601,,0.24729871136592993,0.16145863439030791,,,0.16530335314988723,,0.19496568787564694,0.19496026418496845,0.09813077743900286,0.16017171187953735,0.16458466253829515
904,28145,,0,no residential sales in 2024,,,,,,,,,,,,,,,,,,,,,,,,,
905,55059,WI,3110,ok,acceptable (VEI within +/-10),0.8373039071390638,27.985714754323663,1.0213010541929517,0.062061626757924676,4.506232140837802,0.9954099823302541,0.5786343313514153,0.9287648442928361,-0.07123465661844643,-8.747943199768842e-08,-0.0014863940377725093,-0.005280674959270426,,,0.14603818102230198,,,0.04637119782991573,,0.18355706231171304,0.1835570333854745,0.11597824920933333,0.04332390436891892,0.07900522991709202
906,24003,MD,7302,ok,acceptable (VEI within +/-10),0.8002739726027397,11.840388152464458,1.0271573561186418,-0.011987886311964645,-2.2698376129289497,0.9125594528034752,0.5466155689967238,0.9429596966449633,-0.05703847103320937,-2.8637164666881665e-08,-0.025624516094175043,-0.02969963375096163,,0.14239765800003498,0.1569412348842805,0.09702162837852431,0.07644351418949927,0.1503659608803353,,0.12631978968384247,0.12631773910015645,0.09390614799172747,0.15059700300964712,0.16576199760004406
907,37131,NC,186,ok,UNACCEPTABLE regressivity,0.7010658805031447,41.761944853174306,1.1814092924164616,-0.08390544053510895,-46.90409704540636,0.9374658250736446,0.6259876729967213,0.8049154615058279,-0.19508582933392857,-3.1088022984499813e-07,-0.03568818855209832,-0.02895751435922489,,,,,,,,,,,,0.17541844927177383
908,21039,KY,40,skipped (fewer than 100 sales),,,,,,,,,,,,,,,,,,,,,,,,,
909,22105,LA,1224,ok,acceptable (confidence intervals overlap),0.6899130434782609,25.702455303338475,1.0373805890829417,0.0345951509907275,14.49574791599142,0.898973563960313,0.48607350182577735,0.9144855936107545,-0.08550923093664313,-3.1333017300061315e-07,-0.028636489340403637,-0.0370606154279034,,,0.19006463624278244,,,0.1852759414234761,,0.1993895410685598,0.19938511448176163,0.131396470570391,0.17770136006428205,0.18393888770047423
910,26045,MI,1203,ok,acceptable (VEI significance <= 10),0.8514285714285714,14.98075948497242,1.003836477242642,0.032449036882372564,16.009507829977636,0.9959333882444724,0.8530339272209645,0.9838572757906413,-0.01614019072628177,-6.37024742308171e-08,-0.0009868142877860198,0.0009332968220548965,,0.17456812376696657,0.06406298327237817,,,0.04435250398415045,0.18695340315792083,0.07318323265301777,0.07318163277631104,0.05758102774037988,0.04275652721307989,
911,42039,PA,0,no residential sales in 2024,,,,,,,,,,,,,,,,,,,,,,,,,
912,34033,NJ,896,ok,UNACCEPTABLE progressivity,0.561760018111989,29.79301885135979,1.0876518566805737,0.01961750636957493,23.600676877254656,0.7886054321045742,0.3781780420347374,0.7893056304226624,-0.210683790377738,-1.441294909929008e-07,-0.06988830620924569,-0.07977656799894173,,,,,,,,,,0.14187957097976034,,
913,20085,,0,no residential sales in 2024,,,,,,,,,,,,,,,,,,,,,,,,,
914,12095,FL,16972,ok,acceptable (VEI within +/-10),0.8190645833333334,10.79573047427592,1.0267143326309955,-0.009769383418425703,-6.217894399504871,0.9540926855054105,0.7780804995470206,0.9580084339090787,-0.04199093566684318,-2.7568463621462665e-09,-0.01922488934874167,-0.022125564038399048,,0.1302430618814797,0.15162598447318473,0.09936715208807081,0.15637115836986687,0.15097123246206692,,0.12689098330706408,0.1268893433118587,0.11379164760570361,0.15169633230513377,0.19881526594381732
915,08087,CO,370,ok,UNACCEPTABLE progressivity,0.809618501182747,20.937691817769455,1.026725203230123,0.09718116187507521,34.20798391613737,0.9386504144499295,0.33906436558511177,1.0481233296402368,0.048128212132208394,-6.777496760282723e-08,-0.016478687957505844,-0.030110344059804728,,0.2205686036780249,0.16527892676778919,,,0.14314692735322002,,,,0.07954878980088625,0.11483058902023191,0.16521889102247098
916,48293,TX,162,ok,acceptable (VEI within +/-10),0.8772121105172935,41.042984931301056,1.1164226051574042,0.06024839529444302,8.64618676410609,0.8094900200029317,0.3944472976339012,0.924547211113409,-0.0754234908985129,-4.7489743982259194e-07,-0.07737438781200678,-0.10221537695234284,,,,,,,,,,0.23801965537205913,,
917,31013,NE,120,ok,acceptable (VEI within +/-10),0.8108828982839109,22.912861377149504,1.0445047645265946,-0.006857320152349347,-7.701554999646971,0.886658283615847,0.6870168109186764,0.9331518140533451,-0.06684148675360467,-6.710510775442765e-07,-0.03490508350579913,-0.03668051711627207,,0.24153168813115586,0.20104785795925417,0.04776137961791272,0.1920702709171495,0.18613559822104342,,0.1657293174621767,0.1657074200892996,0.15736657679160262,0.18067674863341038,0.1683528049914962
918,53047,WA,505,ok,acceptable (VEI significance <= 10),0.7811249705813132,25.12918224037791,1.0401006882836332,0.02858081742087813,16.68059544932096,0.9528372198416757,0.5056487461568498,0.9659285094103032,-0.03406924201617667,-8.093446036401188e-08,-0.018442028493371954,-0.03015214743442174,,,0.17265981433829514,,,0.1611996247376108,,0.1433324020210972,0.14331795513924483,0.14499330779628558,0.14969265915963065,0.17864260662079073
919,26001,MI,258,ok,acceptable (VEI within +/-10),0.7750547970941883,27.624925647323657,1.0654716220118963,-0.027840750295205587,-8.558608803768534,0.9122045482326185,0.6830578100216217,0.867642171569816,-0.132355274755418,-3.5946895886632757e-07,-0.03410046385499088,-0.028484261195781624,,,0.2360195363214466,0.19862457541400022,0.2054769723709837,0.22272290690177832,,,,0.18698175500639388,0.21509187429368054,0.15493910977506795
920,27077,MN,126,ok,acceptable (VEI within +/-10),0.7809864457831326,28.60302419773629,1.0683312881418914,0.016799101579168554,2.825456971580648,0.8956667509098029,0.48250718466425935,0.9485772563266082,-0.05141446248061567,-3.716913317565039e-07,-0.044105361210808214,-0.058578931756924524,,,0.21585267209439918,,0.07642903283866255,0.2227416608482986,,0.18849981921531578,0.1884608637264559,0.18142639686630163,0.21196156295260446,0.20576250837613455
921,55079,WI,3328,ok,acceptable (VEI within +/-10),0.9231053312519362,12.565401692380643,1.0101594900266226,0.0103555012878784,1.636598640277458,0.9381748318519354,0.8835004679445077,0.942103133002113,-0.05789631548151426,-1.3386316954644456e-07,-0.013213341348287111,-0.013282341038930223,,0.1490744147638708,0.09491224328661844,,,0.09440707221511216,0.15001822065746429,0.09839863257928476,0.09839833638857745,0.0943889819214417,0.0929980551942681,0.09260366738167854
922,06083,,0,no residential sales in 2024,,,,,,,,,,,,,,,,,,,,,,,,,
923,51510,VA,2001,ok,acceptable (VEI within +/-10),0.9141827160493827,7.4430491454327266,1.0434248384847693,-0.018336389435123963,-6.334214519710695,0.9527530242205355,0.7954812736484912,0.9623087661408054,-0.03769107744841284,-7.116907828759293e-10,-0.02400456340435464,-0.031503187996134496,,0.09224855733952465,0.21533882598453624,0.1450761993414206,0.1445375691879511,0.2249492564364941,,0.12188281224648641,0.12188237543759786,0.17030578032611912,0.22136930286157358,0.20558733542356367
924,40115,OK,462,ok,UNACCEPTABLE regressivity,0.782359550837879,49.252255356388815,1.4752430484279764,-0.2356817734288894,-53.98986961886507,0.5965312474214276,0.09824962885487692,0.5603983259381575,-0.4396001717695975,-4.3013369216867957e-07,-0.19972744129778497,-0.24123430411117153,,,,,,,,,,0.18484134211812248,,
925,29011,MO,122,ok,acceptable (confidence intervals overlap),0.37037179136241793,39.51631184965885,1.1527628103612588,-0.000608216903620967,26.141259263282105,0.7053022342647193,0.1514593188731277,0.6533044831760474,-0.3466820427871379,-3.381185548589177e-07,-0.1062748344823683,-0.1251629712062896,,,,0.018881306869235868,,,,,,0.11992247660786494,,
926,36009,NY,967,ok,UNACCEPTABLE regressivity,0.9209686746987952,36.07168566862905,1.2433411391428937,-0.1250259785471287,-41.57692728427576,0.8012984592816297,0.3332363416257258,0.7532109266932584,-0.24678896051123336,-3.8154323279409713e-07,-0.09790438791603417,-0.11805299683567183,,,,,,,,,,0.22880402192923777,,
927,46029,SD,0,no residential sales in 2024,,,,,,,,,,,,,,,,,,,,,,,,,
928,28001,,0,no residential sales in 2024,,,,,,,,,,,,,,,,,,,,,,,,,
929,24017,MD,2365,ok,UNACCEPTABLE progressivity,0.8660714285714286,11.681173673405713,1.000927897269902,0.043155747986152765,15.6543324790177,1.0262762186814118,0.7887474277788883,1.0032196971329488,0.003220835698585265,-9.079911494864991e-09,0.004924815868271981,0.005021649802165462,,0.13825356972692238,0.027730567513294623,,,,0.18216801921629933,,,0.024119047175267385,,
930,22059,LA,135,ok,acceptable (VEI significance <= 10),0.806566265060241,80.09172938514757,1.6114105231914233,-0.23541898905430442,-65.60450034150897,0.6087345009502424,0.3686496565805241,0.5926260737778114,-0.4072594842747771,-3.8016249428839723e-06,-0.17959059492801077,-0.19354590104426084,,,,,,,,,,,,
931,05121,AR,4,skipped (fewer than 100 sales),,,,,,,,,,,,,,,,,,,,,,,,,
932,48273,TX,201,ok,acceptable (confidence intervals overlap),0.7424812030075187,29.544922176895994,1.005184360944944,0.04805900609003944,18.289198133691073,1.0257486210848705,0.7511040173364385,0.957801231246475,-0.042198882449893275,-1.0622689292519424e-09,0.012211173663908337,0.012214368935856146,,,0.0992317820101006,,,0.236358820400836,0.17984557525834893,0.2045816936153443,0.2045812686127208,0.008466016647908532,0.23900045865739517,0.090898578280017
933,51085,VA,1565,ok,acceptable (VEI significance <= 10),0.8649180327868853,14.193687665747296,1.005699470133143,0.04619991720563485,14.304682239670875,0.9685094846489327,0.7997313110176497,0.9962896285812376,-0.0037054882711112774,-5.519993036173714e-08,-0.007415325869319922,-0.008327436751022654,,0.17035097028560692,0.07544128741131366,,,0.07769796975755867,0.20612796272786874,0.04107094488061914,0.04105472660132707,0.07318141784122469,0.07603373022086063,0.07638745586780651
934,23019,ME,0,no residential sales in 2024,,,,,,,,,,,,,,,,,,,,,,,,,
935,17113,IL,2257,ok,acceptable (VEI within +/-10),0.8747407407407407,12.290118487876576,1.0035270529198892,0.02099242163260056,8.605944441021798,0.9991862769784429,0.8479764816022706,0.9879004724066817,-0.012098652324163068,-4.354382000077125e-08,-0.00022099072148562549,-0.00015942356171461114,,0.14496394041382965,0.05478973326277621,,,0.015848584236326405,0.1973685763610266,0.05330606816812413,0.05330483151047051,0.0509233357651411,0.015527184105534296,0.012270194431191313
936,12083,,0,no residential sales in 2024,,,,,,,,,,,,,,,,,,,,,,,,,
937,20181,,0,no residential sales in 2024,,,,,,,,,,,,,,,,,,,,,,,,,
938,17011,IL,425,ok,acceptable (VEI within +/-10),0.9574162162162162,20.424164971505654,1.077944813665658,-0.04725211247131733,-7.739461758599689,0.8467610996972498,0.6073399998915882,0.8679205096827737,-0.13207831642288448,-8.413323626634166e-07,-0.05561414453713609,-0.06490870009902339,,0.22787195336254826,,0.2264009568283665,0.1860920517948129,,,,,0.19003507617762513,,
939,31157,NE,556,ok,acceptable (VEI within +/-10),0.8400082720588236,25.653188001753414,1.112632237515411,-0.05122269581961841,-7.698751104699412,0.8259614377330123,0.37934251534997243,0.8233776220362216,-0.1766196423594261,-3.920325754911236e-07,-0.06767864786523692,-0.08395637320667793,,,,0.21098939983759837,0.1669114328573194,,,,,0.19371806589112983,,
940,22017,LA,3541,ok,UNACCEPTABLE regressivity,0.7924599303135889,128.00774900951123,5.8098830528446666,-0.9803673737429252,-296.99195459295345,0.4779493659810326,0.004753029206069536,0.45530053898419953,-0.544733614388609,-3.2610885098790194e-08,-0.42104229649322655,-0.6580856416454222,,,,,,,,,,0.0853499939604778,,
941,39081,OH,806,ok,acceptable (VEI significance <= 10),0.7804953703703703,49.98495955790093,1.2573318329201972,-0.12701436384582385,-32.47769030890555,0.7599013232222518,0.48510707716133805,0.6824287028042548,-0.31755988014182335,-1.7241368867866354e-06,-0.1025213697628704,-0.10702802827256575,,,,,,,,,,,,
942,27165,MN,188,ok,acceptable (confidence intervals overlap),0.9763562753036437,24.407370741173928,1.0984395866115946,-0.05893936829922629,-20.25196157503365,0.8896751999655071,0.7744609841227653,0.8635075444085591,-0.13649260190169019,-2.990165241764239e-07,-0.0488448878128378,-0.059005576522395575,0.17797381814061994,,,0.224130681653095,0.20139528851582025,,0.20404860362133445,,,,0.22897056973627644,
943,06017,CA,0,no residential sales in 2024,,,,,,,,,,,,,,,,,,,,,,,,,
944,18025,IN,80,skipped (fewer than 100 sales),,,,,,,,,,,,,,,,,,,,,,,,,
945,38079,ND,29,skipped (fewer than 100 sales),,,,,,,,,,,,,,,,,,,,,,,,,
946,21043,KY,274,ok,acceptable (confidence intervals overlap),0.9463999999999999,39.99899507087565,1.2630587572987975,-0.07803563381125037,-22.790181161221888,0.7429500820721434,0.4366577282304736,0.7221824134661987,-0.27780990307856707,-1.5895045361260208e-06,-0.11627130849285994,-0.13791108989266143,,,,,,,,,,,,
947,29165,,0,no residential sales in 2024,,,,,,,,,,,,,,,,,,,,,,,,,
948,25007,MA,0,no residential sales in 2024,,,,,,,,,,,,,,,,,,,,,,,,,
949,56011,WY,66,skipped (fewer than 100 sales),,,,,,,,,,,,,,,,,,,,,,,,,
950,13315,GA,54,skipped (fewer than 100 sales),,,,,,,,,,,,,,,,,,,,,,,,,
951,42129,PA,0,no residential sales in 2024,,,,,,,,,,,,,,,,,,,,,,,,,
952,45003,,0,no residential sales in 2024,,,,,,,,,,,,,,,,,,,,,,,,,
953,39027,OH,452,ok,UNACCEPTABLE regressivity,0.6367339637107079,43.51936743686591,1.9234453591646963,-0.22754153566654253,-34.13855768364364,0.46417792980556705,0.03463375423627308,0.41153709089196655,-0.5884548948984785,-2.473378938579351e-07,-0.31364993963463683,-0.4376795345707183,,,,,,,,,,0.18453768617123842,,
954,08009,CO,0,no residential sales in 2024,,,,,,,,,,,,,,,,,,,,,,,,,
955,05061,AR,145,ok,UNACCEPTABLE regressivity,0.7869565217391304,52.40355739030676,1.5812951563245319,-0.1962886137376586,-57.410181508612666,0.6733811253515541,0.2849304532846475,0.5368799652746387,-0.4631325392861653,-6.134690856125269e-07,-0.18529306158007275,-0.23669835109472404,,,,,,,,,,,,
956,27163,MN,4800,ok,acceptable (VEI within +/-10),0.9034993790362642,22.20746154974816,1.1161282159539117,0.011727126179270705,-5.060670393254775,0.7205107500155774,0.6235383183794224,0.7290472141197112,-0.270927218987193,-2.801822512744522e-08,-0.10272245777970213,-0.10573419518709914,,0.23568319757622191,,,0.10670399199988256,,,,,0.22964916396531304,,
957,51093,VA,616,ok,acceptable (VEI significance <= 10),0.9022963816086336,10.557850463222687,1.0004293690717947,0.018854914304964183,13.331911417395897,1.0120391784137157,0.9072089178727968,0.991248793144604,-0.008751292600894783,-6.298537449623431e-09,0.0025675216442482274,0.0026510771287221457,,0.1255687875775296,0.02269454938809863,,,,0.1000052947191501,0.04049776643627989,0.04049830576745158,0.02070599007499736,,
958,48351,TX,63,skipped (fewer than 100 sales),,,,,,,,,,,,,,,,,,,,,,,,,
959,22063,LA,5599,ok,UNACCEPTABLE regressivity,0.6615353205389956,74.81148189326406,1.453335409112601,-0.1922301115151309,-45.66113417532039,0.4147232161671269,0.1880257233964846,0.4434681889442629,-0.5565270026598085,-1.907922966133163e-06,-0.22103686575641301,-0.24724465645992377,,,,,,,,,,,,
960,48291,,0,no residential sales in 2024,,,,,,,,,,,,,,,,,,,,,,,,,
961,47153,TN,0,no residential sales in 2024,,,,,,,,,,,,,,,,,,,,,,,,,
962,45033,SC,286,ok,acceptable (confidence intervals overlap),0.5818452380952381,60.26498226895349,1.1877186219574118,-0.0247931101512897,19.795344068640794,0.9076205849315455,0.5010589422975689,0.7860208996697803,-0.21396870320122488,-1.1692194756431206e-06,-0.04520714603495968,-0.05077614977991152,,,,,,,,,,0.2476154499020244,,0.2473489294210293
963,12003,FL,248,ok,acceptable (confidence intervals overlap),0.7830881654162201,26.75326430226573,1.1200498685605094,-0.1656458609104125,-12.745429106728869,0.7116760889805207,0.3987294434436695,0.6658880200129449,-0.3341118035660459,-6.258346457565995e-07,-0.08803531862858138,-0.0931899763578996,,,,,0.21114270372836708,,,,,0.20395304739766965,,
964,51550,VA,3291,ok,acceptable (VEI within +/-10),0.9158571428571428,6.1524810958330765,1.0094090935703048,0.0002993842465897865,0.45467271581020313,0.965147437254873,0.7184532001510366,0.98087008481516,-0.019129669489387935,-7.1458959561908785e-09,-0.008445450238194763,-0.010322111244784882,,0.07602728760115593,0.0963416485147689,,,0.0789391535471508,,0.0543338790115932,0.05433332764215613,0.07369693984232276,0.07895282095261755,0.0847441261122629
965,49003,UT,732,ok,UNACCEPTABLE progressivity,0.8388244849267954,25.167852328876318,1.0277299891691334,0.20512675337718014,65.8650792563174,0.8100208759756404,0.5643184193436309,0.7724715806129425,-0.2275277726316357,-2.3326259176853802e-07,-0.03781594299283242,-0.03843879062036448,,,0.16123007756483212,,,0.23313392512830416,,,,0.1523125604391432,0.1860179003001969,0.18962474914278427
966,51097,VA,33,skipped (fewer than 100 sales),,,,,,,,,,,,,,,,,,,,,,,,,
967,36049,NY,368,ok,acceptable (VEI significance <= 10),0.8340735183795949,31.49115122661014,1.125950906476225,-0.06402722090730682,-25.507343814646255,0.7400155125106757,0.5277680265260398,0.7702586877855198,-0.22973651021812114,-1.0343465622923842e-06,-0.09432138088271413,-0.10588586720737125,,,,0.21410937237453692,,,,,,0.24086582668022516,,
968,05055,AR,794,ok,acceptable (confidence intervals overlap),0.9070117502495969,39.60907988499901,1.4001796903818904,-0.10075920981636909,-31.243948463681168,0.5785259670121663,0.11473555042253462,0.6046030120722184,-0.39538950887456686,-7.020592892729104e-07,-0.19969787385862392,-0.26294124566065213,,,,,,,,,,0.2487067279170364,,
969,33019,NH,0,no residential sales in 2024,,,,,,,,,,,,,,,,,,,,,,,,,
970,26055,MI,978,ok,acceptable (VEI within +/-10),0.8309930179728031,14.274083206551229,1.014230956722455,0.008507164232216676,7.652834913947912,0.9636705929077359,0.7723669653184422,0.9734978401974932,-0.02650124152579986,-3.798004280876242e-08,-0.01213259611544526,-0.014755262878647146,,0.16866962482913692,0.11192464376417541,,,0.13983737855629383,,0.09835374686158832,0.09835269902555885,0.0938021433026356,0.13338545343171251,0.12848073145612174
971,12119,FL,6415,ok,UNACCEPTABLE progressivity,0.718390243902439,39.1765833032227,1.0246669771260626,0.24469400418679144,88.12346221275693,0.946761082103844,0.3346376765345665,0.9297317190819888,-0.07026208938050965,-7.007055943376892e-09,-0.01504566974746524,-0.021317389553733745,,,0.14854363508868318,,,0.16760980349501453,,,,0.08967344113345227,0.13163356025587852,0.13583024449710918
972,01089,AL,9106,ok,acceptable (VEI within +/-10),0.7819230769230769,35.65528220032681,1.728338753204769,-0.00487363822509748,0.30392639101878083,0.4395232685876005,0.002027848208246206,0.42988464255410436,-0.5701136248520093,-3.117206971370888e-09,-0.32134162534631217,-0.4205145305466824,,,,0.09456193768753336,,,,,,0.023116859156443726,,
973,48065,TX,70,skipped (fewer than 100 sales),,,,,,,,,,,,,,,,,,,,,,,,,
974,51670,VA,451,ok,acceptable (VEI within +/-10),0.7691131498470948,22.948305480816053,1.1243108969434779,-0.014996078726889949,-7.975337561501406,0.8120092117078216,0.37176665946484566,0.9200282916051936,-0.07992305155493117,-8.2227654690374e-08,-0.07207068217840229,-0.09042699521254005,,0.24686063642045536,,0.13597104071225793,0.15914357833911086,,,0.22723154374481105,0.22718823091182636,0.15066997311098398,,
975,13175,GA,515,ok,acceptable (VEI significance <= 10),0.7492769230769231,33.802769629032035,1.1976472107093914,-0.05108087516569824,-21.263839553575306,0.8137487285271807,0.25515633364412826,0.7840875677776843,-0.21590856089584512,-3.6482672250788565e-07,-0.08734576273845263,-0.13000047759059807,,0.24993402559083489,,,,,,,,0.18746798476048968,,
976,01121,AL,1141,ok,UNACCEPTABLE regressivity,0.88,38.75322542281932,1.404088161447671,-0.14014794973280403,-44.81700091256737,0.6639076677142987,0.20507952348536243,0.6203030699688205,-0.37969345717734054,-6.088871655521191e-07,-0.17161043906018758,-0.23789576338725227,,,,,,,,,,0.24910582517490068,,
977,37143,NC,0,no residential sales in 2024,,,,,,,,,,,,,,,,,,,,,,,,,
978,48475,TX,94,skipped (fewer than 100 sales),,,,,,,,,,,,,,,,,,,,,,,,,
979,17005,,0,no residential sales in 2024,,,,,,,,,,,,,,,,,,,,,,,,,
980,31155,NE,344,ok,acceptable (VEI within +/-10),0.7992598040803109,29.49251473188928,1.100618929048484,-0.049565195869750854,-2.8026822077017726,0.8633623773411288,0.647279511339318,0.8174949579778824,-0.18250357485543428,-3.058743564432369e-07,-0.054349901676056245,-0.058941540418445904,,,,0.23943867027450189,0.09828162820284923,,,,,0.2238246656319097,,
981,31105,NE,21,skipped (fewer than 100 sales),,,,,,,,,,,,,,,,,,,,,,,,,
982,33009,NH,0,no residential sales in 2024,,,,,,,,,,,,,,,,,,,,,,,,,
983,15003,HI,7496,ok,acceptable (VEI within +/-10),0.9497673959827834,14.167722389287372,1.0364880736622062,-0.01071914626387839,-4.946417259172482,0.9058297685596743,0.739540301830795,0.9270556203420249,-0.07294386181645109,-4.795422213459224e-08,-0.03242197661859514,-0.03912423831189171,,0.16584745282398192,0.17635203022584825,0.10298408313614581,0.11662671072792334,0.18652873305973974,,0.15767887630810237,0.15767837219982517,0.14908342326618654,0.18616506924317083,0.20422236426641593
984,32033,NV,272,ok,UNACCEPTABLE regressivity,0.542188617556538,56.920259544620635,1.7269687578139576,-0.2643990430789269,-94.92659309507347,0.5470897813055526,0.017637795493997473,0.4185825160042578,-0.5814146837323426,-2.0001127025100072e-07,-0.2562179225668304,-0.32493410748319285,,,,,,,,,,0.12400759910217814,,
985,42001,PA,0,no residential sales in 2024,,,,,,,,,,,,,,,,,,,,,,,,,
986,51191,VA,755,ok,acceptable (confidence intervals overlap),0.5636176772867421,31.922316240198878,1.0937188441292098,-0.03378572028902136,-14.462426636602542,0.8807145915731472,0.4061247363368487,0.7900434971084793,-0.20995075664602378,-1.7867055182850242e-07,-0.04606436094246136,-0.0495996508186316,,,,0.2128577702397684,,,,,,0.15505045116768695,0.2319666878337774,0.23301973118241467
987,54013,WV,41,skipped (fewer than 100 sales),,,,,,,,,,,,,,,,,,,,,,,,,
988,34009,NJ,2660,ok,acceptable (VEI significance <= 10),0.46681048387096774,20.606414188773137,1.039315692433546,0.001781390470004619,12.589396637737737,0.9545598816806654,0.4302850249554557,0.9522411476855632,-0.047748886771120394,-1.3350057033696988e-08,-0.021558871527745493,-0.02432580854736832,,0.22802500829937178,0.18536045360775225,,,0.1960517003854517,,0.1927745542904264,0.19275838369171558,0.07616091360921262,0.19454253518680711,0.2074700759433265
989,35043,NM,1847,ok,UNACCEPTABLE progressivity,0.5595615354174911,41.317329483688454,1.019885461331837,0.4107437716189102,82.81977710761244,0.8799573027811994,0.5160066354066362,0.7679444177138263,-0.23204825994579606,-1.666383546965238e-07,-0.02487039501005084,-0.02188719009258855,,,0.13217200377544522,,,0.23321869671309126,,,,0.12672454910258496,0.1789464793653146,0.14355362604997865
990,29161,MO,0,no residential sales in 2024,,,,,,,,,,,,,,,,,,,,,,,,,
991,51590,VA,776,ok,acceptable (confidence intervals overlap),0.6074581756349076,36.89212950345116,4.710743986704752,-0.013262404323841504,31.468785260644548,0.49598180563341565,0.0013274004966525642,0.6557838281621028,-0.34420324305077327,-7.386513855867062e-09,-0.44026409921373877,-0.7784424628979276,,,,0.1363828610850617,,,,,,0.059041223810132194,,
992,39149,OH,0,no residential sales in 2024,,,,,,,,,,,,,,,,,,,,,,,,,
993,45041,SC,1413,ok,acceptable (confidence intervals overlap),0.866187265917603,22.42461692475093,1.0495679325033735,0.007926880252297833,14.248476004674334,0.9573478969011213,0.6615859336413835,0.9638302678630426,-0.036165204318933226,-4.4297742595688667e-08,-0.01804637878610138,-0.027201711274767337,,0.23470058267994695,0.18154095524258282,,,0.1536819967617734,,0.1726651089852947,0.17265672190723805,0.15800061821048322,0.14922661670229773,0.1690055951578067
994,54021,WV,36,skipped (fewer than 100 sales),,,,,,,,,,,,,,,,,,,,,,,,,
995,47121,TN,0,no residential sales in 2024,,,,,,,,,,,,,,,,,,,,,,,,,
996,37045,NC,1345,ok,UNACCEPTABLE progressivity,0.4728316831683168,42.84929049107661,1.2202186606838847,0.04180782972421708,41.96573937227502,0.7440197195446056,0.07901117480675966,0.6464137599909232,-0.35357167681476,-1.2809318215401656e-07,-0.1114589407179416,-0.16200526383113534,,,,,,,,,,0.1310711676128079,,
997,37121,NC,0,no residential sales in 2024,,,,,,,,,,,,,,,,,,,,,,,,,
998,48215,TX,4515,ok,acceptable (VEI within +/-10),0.78966726517787,33.2679184797218,1.088521858587331,0.043441318221868544,7.410345545768177,0.8094373955124771,0.6501404961422758,0.7056067558397869,-0.294391612680696,-1.401043989298697e-07,-0.06525946717720288,-0.07189581548054647,,,,,,,,,,0.2266952211094926,,
999,39175,OH,0,no residential sales in 2024,,,,,,,,,,,,,,,,,,,,,,,,,
1000,38037,ND,13,skipped (fewer than 100 sales),,,,,,,,,,,,,,,,,,,,,,,,,
1001,51730,VA,434,ok,acceptable (VEI within +/-10),0.8285825214722662,21.572415498648073,1.0742316113931194,0.02520638995275098,5.570084562072102,0.8844601909158168,0.6917047066729243,0.9921081652084011,-0.007879768767001487,-1.654693243235157e-08,-0.054176946628980316,-0.056760594338689296,,0.2323467517785065,0.22184581659729716,,,0.22543898883935912,,0.0652883529003648,0.06526024531754988,0.17316658115232172,0.22463636105839585,0.22573349342466598
1002,08085,CO,0,no residential sales in 2024,,,,,,,,,,,,,,,,,,,,,,,,,
1003,47023,TN,192,ok,acceptable (VEI within +/-10),0.6560594582895306,43.92972383259315,1.182523568008475,-0.10602754523960303,-8.420591233461868,0.7346559130412942,0.4392246864941203,0.6863095052527062,-0.3136893082366497,-8.7654102670715e-07,-0.10022553783704491,-0.10321788491969408,,,,,0.23102716524543263,,,,,0.23208269655628883,,
1004,13155,GA,102,ok,acceptable (VEI within +/-10),0.5035154761904762,44.41779004893389,1.2197844101778872,-0.003838564224871799,9.079190746697938,0.8206161271918891,0.21444389162728444,0.8826342802314613,-0.11734442091243331,-3.29463821338206e-07,-0.09129233779959467,-0.13137335185808663,,,,0.11289056162225249,,,,,,0.19101026399296947,,
1005,27033,MN,158,ok,acceptable (VEI within +/-10),0.9998559450136304,23.550757847066674,1.0136290556057246,0.03440549272465202,6.610930164505745,0.9740144199500975,1.01165179008759,0.9865224733403192,-0.01347664965496263,-1.667928629953979e-07,-0.008664363926191632,-0.009758627641008655,0.0012822675545681398,,0.104819821518103,,,0.09140026424424053,0.05351782437118951,0.07708241798276505,0.07715041792669984,0.11359805808428972,0.08730717978112637,0.08511552843837099
1006,48055,TX,769,ok,UNACCEPTABLE progressivity,0.4982788172089473,75.38605953442318,0.9885925010466073,0.7817646080431833,167.97540094099517,1.1824277520276187,0.6693204794650336,0.9967730983062505,-0.0032230466821242102,7.309024226270898e-08,0.03691534984112921,0.04695208311252064,,,,,,,,0.05197997905374601,0.05184969324893924,,,
1007,48169,TX,24,skipped (fewer than 100 sales),,,,,,,,,,,,,,,,,,,,,,,,,
1008,29143,MO,0,no residential sales in 2024,,,,,,,,,,,,,,,,,,,,,,,,,
1009,51167,VA,294,ok,UNACCEPTABLE regressivity,0.6014798850574713,59.99857729436544,1.4253402355249296,-0.24462472276996647,-76.9041785589565,0.7215678463599602,0.3300518832820762,0.627354879115579,-0.372636239949704,-1.1025000164557822e-06,-0.13472451747332026,-0.1439144432208126,,,,,,,,,,,,
1010,17183,IL,1040,ok,UNACCEPTABLE regressivity,0.8681442687747035,39.32214716967522,1.9668268109871443,-0.14836752748237228,-32.73196317868066,0.44382342228969346,0.0012233316650507703,0.5300748354857612,-0.4699188422195777,-2.6191207528199286e-08,-0.35013488404851834,-0.4705733319636176,,,,,,,,,,0.030697578425877264,,
1011,08123,CO,5927,ok,acceptable (VEI within +/-10),0.9730181818181818,4.719982368027161,1.0039224438396062,-0.006462721366946803,-1.4480862554395493,0.9687465324638337,0.8984174427543918,0.9732085342001994,-0.026791259953173663,-3.519116726007231e-08,-0.005798871981337328,-0.006271966107145532,,0.057964264342379224,0.06174391701163957,0.04340241005668792,0.046519965675114565,0.05492911394403547,0.13765495029984287,0.05199275455768972,0.0519925918748234,0.055129842344252604,0.05486574004408479,0.058547828019846045
1012,17187,IL,168,ok,UNACCEPTABLE regressivity,0.9653738920225625,34.06596251908221,1.171838283432238,-0.14983727920569703,-36.94595191753362,0.7719773815139723,0.6763070918922158,0.7184598727809878,-0.28153671173973027,-2.4950511146966363e-06,-0.08847232377102743,-0.09106972356728127,,,,,,,,,,,,
1013,54043,WV,82,skipped (fewer than 100 sales),,,,,,,,,,,,,,,,,,,,,,,,,
1014,13303,GA,172,ok,acceptable (confidence intervals overlap),0.8907993730407524,47.517785281384455,1.3058728394480965,-0.06605698977919224,-24.044198349200354,0.740439174553108,0.28839798530208055,0.7811238036725452,-0.21887027442250842,-5.52692443084368e-07,-0.12894979907876225,-0.16731770924173217,,,,,,,,,,0.2455978135976909,,
1015,38089,ND,446,ok,acceptable (VEI within +/-10),1.5262956794356812,17.955509421391703,1.0218968910132857,0.013453086083212598,3.426443598500545,0.9197646842113587,1.4154385384868127,0.935845012306121,-0.06415658593149587,-2.5311200404354415e-07,-0.022615798755840633,-0.025658551289143627,,0.2072845781775144,0.1333434873863905,,,0.14959714715342035,,0.13991665032653916,0.13991869570934462,0.24048075775685473,0.14481398847337307,0.15130669378760342
1016,26143,MI,780,ok,acceptable (confidence intervals overlap),0.6636700336700336,28.92813361100715,1.0499883684000522,-0.009248111957069132,-27.291300468236614,0.9562568824000837,0.6114796205029913,0.8930856895459577,-0.10690630308278909,-1.6147511275380873e-07,-0.017879039770491545,-0.018735691404136556,,,0.197194656275631,0.1272143706918915,,0.16060169183531015,,,,0.14914088327250516,0.1545258426911196,0.14575405580089498
1017,21167,KY,454,ok,acceptable (VEI within +/-10),0.6830171990171989,41.340520101801495,1.1614218202777993,0.0019536794054488306,5.079625533446621,0.7203778106628085,0.3503386823445131,0.8270006396028278,-0.17298261871955423,-5.133822901550468e-07,-0.1123994480446402,-0.13439023848320986,,,,0.15620349109464352,,,,,,0.22712233020581593,,
1018,55013,WI,455,ok,acceptable (VEI significance <= 10),0.8621052631578947,29.719285687694384,1.4370903404417685,0.0008861846972600064,18.026202530398773,0.6161966473902045,0.005781926110513246,0.8167240049833469,-0.18327163530281212,-1.995014186854031e-08,-0.20411618081896,-0.2990295208426226,,,,0.04218341065361105,,,,,,0.08712938821943822,,
1019,17009,IL,44,skipped (fewer than 100 sales),,,,,,,,,,,,,,,,,,,,,,,,,
1020,10003,DE,2333,ok,acceptable (VEI within +/-10),0.8795853658536585,7.674185484805667,1.013057214474946,-0.01737983906052415,-0.6608504479239513,0.9500066369047316,0.8815482264698506,0.9596420939042898,-0.04035743796597654,-9.472395694707124e-08,-0.014399557904088756,-0.01461765234995771,,0.09464482064323568,0.11396020283800522,0.11213060415136582,0.043799136052185945,0.11425898716762985,0.17254596977450196,0.11278070483053831,0.1127804243265697,0.11016678816522768,0.11433274729399465,0.11372523234960814
1021,12125,FL,34,skipped (fewer than 100 sales),,,,,,,,,,,,,,,,,,,,,,,,,
1022,17041,IL,92,skipped (fewer than 100 sales),,,,,,,,,,,,,,,,,,,,,,,,,
1023,55067,WI,488,ok,acceptable (VEI significance <= 10),0.967363973141931,25.67167438271187,1.0901543270771745,-0.03833938446043201,-14.902990671417031,0.8334630878833347,0.6572179421772643,0.8388166369320367,-0.16118082570480807,-7.302768295958576e-07,-0.06153372871573537,-0.07084110384628906,,,,0.20750006884976124,,,,,,0.24915798016190233,,
1024,01095,,0,no residential sales in 2024,,,,,,,,,,,,,,,,,,,,,,,,,
1025,37093,NC,283,ok,UNACCEPTABLE progressivity,0.1696909090909091,59.95289754652238,1.0529857159213332,0.6697159578759788,145.18010652387002,0.7550024978932095,0.2349660028268287,0.6154858066296863,-0.38450334157939825,-7.65674624529124e-08,-0.04970117783993966,-0.04500887409480092,,,0.2082714868752859,,,,,,,0.07321561461821838,0.2013833399005838,0.21272544770483895
1026,56043,WY,69,skipped (fewer than 100 sales),,,,,,,,,,,,,,,,,,,,,,,,,
1027,55073,WI,1633,ok,acceptable (VEI within +/-10),0.9125636363636364,15.774690347850614,1.0157742022519305,0.0028810094695447294,-1.314825063316769,0.9578474900460283,0.8573982549057086,0.9742300352634068,-0.025767195667886825,-1.5543982235461472e-07,-0.01304003988380642,-0.012550786504763822,,0.18343215051642067,0.12432709133684312,,0.03728346016444988,0.11856118150532809,0.19944464789672847,0.12068592708273465,0.12068219908849727,0.11956563388313537,0.11713529158738163,0.11272200790492215
1028,48177,TX,74,skipped (fewer than 100 sales),,,,,,,,,,,,,,,,,,,,,,,,,
1029,13011,GA,296,ok,UNACCEPTABLE progressivity,0.8532980531813865,34.82752891739881,1.1406423621314896,0.04325144189531096,50.61558082155778,0.8273340640539264,0.4109865250943254,0.7001619968499565,-0.29983660208704654,-7.972687767498348e-08,-0.07011939231053366,-0.08860930090037034,,,,,,,,,,0.20556772537604157,,
1030,21021,KY,385,ok,acceptable (VEI within +/-10),0.7667731629392971,26.058099763717017,1.0687326996610338,-0.013319784631113918,0.46373118407016467,0.7943315986220699,0.5298674872064678,0.7831000404223817,-0.21689687400582314,-4.997051455983661e-07,-0.0635438091707945,-0.0727067117876854,,,0.21322665762724077,0.11466657136749084,0.05013192647768409,,,,,0.17612142974715972,0.24202259864765746,0.24683294934052627
1031,51161,VA,1393,ok,acceptable (VEI within +/-10),0.8709897610921502,11.878804557636293,1.0086918528588735,0.0008528031485071408,3.2067698845769557,0.96836979828182,0.8338241203525315,0.9493477177157085,-0.05065179240422967,-9.47743486169838e-08,-0.007437590147746809,-0.007033125367568616,,0.14285740011526796,0.09527466579463868,,,0.07724583286714927,0.18996673334040287,0.10290502595854498,0.10290396396404283,0.09039178970913427,0.07445764449847264,0.08000451533990373
1032,16065,ID,198,ok,acceptable (confidence intervals overlap),0.8310059613449484,18.992609638982685,1.0706326667279196,-0.06869555549624153,-10.315479206592519,0.7378068039478884,0.46955229479265087,0.7454342144226914,-0.2545655083464554,-1.714655628162096e-07,-0.07057303375170898,-0.07376810061604355,,0.21415194934840734,0.2383914639654213,0.14996735573286712,0.1766231415580602,0.2417223409177248,,0.24327699318718696,0.24327695724364998,0.14107499410466906,0.23569932534833557,0.24289972199984394
1033,40117,OK,111,ok,acceptable (confidence intervals overlap),0.6222787878787879,34.73263483919906,1.1261196809627256,0.0040041618350175525,16.257000296757667,0.7252970632934256,0.32813202619986903,0.7416504152347316,-0.25834387296118283,-5.694332441281364e-07,-0.10126243861662654,-0.12038296866300757,,,,0.043232258070060474,,,,,,0.1612616381105705,,
1034,42081,PA,0,no residential sales in 2024,,,,,,,,,,,,,,,,,,,,,,,,,
1035,08015,CO,460,ok,acceptable (VEI within +/-10),0.9479632959652577,15.351194326044721,1.001422418973975,0.07635476300725505,8.28054165964106,0.9191340093998828,0.7815268364396185,1.077002661103626,0.07700388301232895,-7.1952991208473605e-09,-0.02090009558291528,-0.027460648137382693,,0.176565680459493,0.0463137679107109,,,0.12363504414709767,0.22210450075555668,,,0.0419113880774916,0.11775372302312674,0.143488396726984
1036,50025,VT,0,no residential sales in 2024,,,,,,,,,,,,,,,,,,,,,,,,,
1037,35037,NM,34,skipped (fewer than 100 sales),,,,,,,,,,,,,,,,,,,,,,,,,
1038,54033,WV,763,ok,acceptable (VEI significance <= 10),0.7571929824561403,52.44383249165171,2.790708175676271,-0.16408851858107076,-38.54151769711805,0.5087703360030355,0.0004341233526153377,0.6266281672556714,-0.3733697180290609,-6.3561524587510785e-09,-0.37060067448067846,-0.5763028983781626,,,,,,,,,,0.02825986488070292,,
1039,27001,MN,416,ok,acceptable (VEI within +/-10),0.845476923076923,22.910413868410515,1.0220935782815919,0.02067110775457239,7.843448716318676,0.9491755870653221,0.7527628438766142,1.0059812969760382,0.005985539976450804,-1.1983775150729834e-07,-0.020815392985463088,-0.03206690985326888,,,0.1341860765846669,,,0.17338516037741356,,,,0.11226823849701015,0.16076902677087979,0.1775149038685165
1040,06113,,0,no residential sales in 2024,,,,,,,,,,,,,,,,,,,,,,,,,
1041,55141,WI,1361,ok,acceptable (VEI within +/-10),0.9480851063829787,16.379322529792365,1.0247324122908328,-0.013146855094673428,-2.3203208006150935,0.9185834018265128,0.7935128835824031,0.9171404601690002,-0.08285889260688077,-3.1921156655745724e-07,-0.022357863313013704,-0.023349381359567545,,0.18770046187185596,0.15351453992914468,0.09483556786181681,0.06110723587417528,0.15149823981532504,0.24504097944818332,0.1594616361528195,0.15946198882244123,0.14150687676478663,0.14856043894303023,0.1524743652333679
1042,34021,NJ,4096,ok,UNACCEPTABLE progressivity,0.5161207821136871,21.981143911820485,0.9459624124544787,0.11439797864103275,44.42540912707957,1.0883648191175888,0.6022554976582537,1.1373077412972932,0.1373129178977126,6.84632437812444e-08,0.035048872135638565,0.03421760566443954,,0.238426069101253,,,,,,,,,,
1043,29149,MO,0,no residential sales in 2024,,,,,,,,,,,,,,,,,,,,,,,,,
1044,26061,MI,427,ok,acceptable (VEI within +/-10),0.7144672897196261,30.91504514067754,1.0512786843640598,0.013293682575942661,6.1736375232747775,0.9217042749622879,0.6518395320187224,0.8561279952440797,-0.14386614764144548,-4.2667469363700697e-07,-0.027072830372488532,-0.024708491018268885,,,0.17836039970505974,,,0.1978133971099314,,,,0.16708095680464316,0.18713657449489987,0.14241084016158373
1045,37039,NC,748,ok,acceptable (VEI within +/-10),0.5027142857142857,24.40165866425642,1.0358513694734472,-0.010250400474940172,5.251258278228599,0.963710115534558,0.44918635611076096,0.9165018936297726,-0.08348998420813226,-1.6280210157823194e-07,-0.011687827091487302,-0.011238784073816399,,,0.16691752115514968,0.14926435790878387,,0.12605289582429707,,0.22637707922997122,0.22638519908058216,0.09812225737645829,0.10771781371412802,0.10083603960103137
1046,37165,NC,431,ok,UNACCEPTABLE regressivity,0.5778666666666666,45.545268824346294,1.2243617574600594,-0.09978738532679453,-27.5875140088338,0.8634994107774048,0.5018208607345659,0.7201536106480956,-0.2798382912132111,-4.80393019587919e-07,-0.0688265044711085,-0.07259726497480234,,,,,,,,,,,,
1047,35035,NM,671,ok,UNACCEPTABLE progressivity,0.687596826049053,30.27069196224735,1.014480993252314,0.18294805276489315,47.63622562297267,0.9358247193809607,0.5992222855430646,0.8518841024245828,-0.1481145952283081,-1.8722477352626404e-07,-0.01542749347329897,-0.017565569871363707,,,0.11105198651736721,,,0.1513754786458209,,,,0.09784619595900519,0.12122702082915418,0.11107264308625299
1048,05125,AR,2,skipped (fewer than 100 sales),,,,,,,,,,,,,,,,,,,,,,,,,
1049,29187,MO,0,no residential sales in 2024,,,,,,,,,,,,,,,,,,,,,,,,,
1050,56041,WY,153,ok,acceptable (VEI significance <= 10),0.8111029745774659,22.38046090036687,1.0211569252328148,0.06277965964168775,22.230338889302114,0.875249489508676,0.6866045359148071,0.8734647880118013,-0.12653458192972442,-3.0367293764766816e-07,-0.027815456906570057,-0.03107624463697589,,0.24649212524291436,0.1475904494344275,,,0.13315909499758352,,0.1740524485398631,0.17404906792578723,0.1329584124081587,0.13884921587796062,0.15205510725657434
1051,15009,HI,1704,ok,acceptable (VEI within +/-10),0.8334666666666667,21.378920133854685,1.081471750037895,-0.008695543868027043,3.4145212406868333,0.8765718513370352,0.5507292926890527,0.901540791446974,-0.09845874690880453,-1.790098769985046e-08,-0.053433392705989124,-0.06370445132232128,,0.2297947750947334,0.24980898038956934,0.10631157183609224,,,,0.22885517143318493,0.2288542591590708,0.17362959206339793,,
1052,38013,ND,19,skipped (fewer than 100 sales),,,,,,,,,,,,,,,,,,,,,,,,,
1053,47103,TN,576,ok,acceptable (confidence intervals overlap),0.8932511618508789,30.25972992795988,1.0707965901252348,-0.05936379520772206,-14.57182026225108,0.9098815072746347,0.9100203432897513,0.8122797969835167,-0.1877213254411381,-2.762395050646333e-07,-0.03293239153987315,-0.027064706649197356,,,0.21520669230126638,0.21658318653136518,0.21660322338206017,0.22457331830529517,0.10340350605349186,,,,0.23694187122912164,0.1782520483033677
1054,06051,,0,no residential sales in 2024,,,,,,,,,,,,,,,,,,,,,,,,,
1055,51610,VA,132,ok,acceptable (VEI significance <= 10),0.88009375,9.701614157329393,1.0340612568649588,-0.07020185193500514,-15.513507919612115,0.8700107945748556,0.752243400127595,0.8887665752222862,-0.11123328188152824,-1.1640240501813875e-07,-0.03566003930054129,-0.03957977003509883,,0.11317641486104016,0.19096546483859372,0.2181172230696562,0.22445291026515898,0.16630127669546155,0.21611001996246862,0.198844560131102,0.19884468142209408,0.1291624562066045,0.17400049558493136,0.17784463532891018
1056,55027,WI,1012,ok,acceptable (confidence intervals overlap),0.8932209232613909,16.179466025095525,1.0272905418082483,-0.017904225205061877,-10.677077140897778,0.8873625280283679,0.7362639478157076,0.8868729711703864,-0.11312652716452058,-3.1541236908155006e-07,-0.028729477639369616,-0.030723017240282813,,0.187627585170094,0.15653332575352968,0.10157473046242997,0.17011380599483447,0.15736735103721738,,0.16227691523511956,0.16227641960822592,0.1429921915829457,0.15173027900641364,0.16105942598437564
1057,39167,OH,0,no residential sales in 2024,,,,,,,,,,,,,,,,,,,,,,,,,
1058,21147,KY,186,ok,acceptable (VEI within +/-10),0.8908730158730158,48.58336525941279,2.515086633892287,-0.05307619564297119,0.9533415209911138,0.5452036878988165,0.001693540452094726,0.6765254898521951,-0.3234492318476649,-9.128628054174839e-08,-0.3370591677919865,-0.5557039062747011,,,,,0.06387586235678175,,,,,0.11150891478542808,,
1059,29133,MO,0,no residential sales in 2024,,,,,,,,,,,,,,,,,,,,,,,,,
1060,13039,GA,894,ok,acceptable (VEI within +/-10),0.923280079659831,11.360879679136051,1.0203833544634697,0.005184110602700629,1.8438941247037521,0.9225102751914321,0.6110378386668228,0.9483268414485956,-0.051672142127422126,-7.910845451123672e-08,-0.01907551498754234,-0.023368570675725175,,0.13582652909476847,0.13956413434503476,,,0.12630501321208937,,0.09871532395004387,0.09871452575368049,0.0930218299003188,0.11891098418850071,0.1372336185397653
1061,55047,WI,499,ok,acceptable (confidence intervals overlap),0.8785465465465465,41.22156974286108,1.34310147879388,-0.06206417732345363,-17.5863421566004,0.7124195211913746,0.302907994445197,0.7316528278450091,-0.2683458781994924,-1.9832626119911396e-07,-0.15843415792497395,-0.2153827648507296,,,,,,,,,,0.22687379299744026,,
1062,48083,TX,48,skipped (fewer than 100 sales),,,,,,,,,,,,,,,,,,,,,,,,,
1063,36109,NY,279,ok,acceptable (VEI within +/-10),0.9417304296645085,10.8485533951162,1.0214942490894707,-0.01404421625951546,-3.347427079499441,0.9440022536817498,0.7928566990552972,0.9584193910741057,-0.041579488343954786,-6.479154100405131e-08,-0.018604450855722376,-0.018143435276455344,,0.13473812215460532,0.1243131937955828,0.11876059341486037,0.13662738667493404,0.13953252052643553,,0.14354947033257975,0.1435421935469196,0.09540655027102529,0.14350762626562194,0.13315932891261612
1064,29041,MO,0,no residential sales in 2024,,,,,,,,,,,,,,,,,,,,,,,,,
1065,23023,ME,0,no residential sales in 2024,,,,,,,,,,,,,,,,,,,,,,,,,
1066,48453,,0,no residential sales in 2024,,,,,,,,,,,,,,,,,,,,,,,,,
1067,08077,CO,2457,ok,UNACCEPTABLE progressivity,0.7586571428571428,14.848505637733684,0.9953374059464447,0.09576216262872428,35.176221617820325,1.0342262430288214,0.6367694042449081,1.0845849268010412,0.0845867863218984,8.052228519127971e-09,0.009539660340481815,0.004115859220668039,,0.17086513296481157,,,,,,,,,,
1068,27071,MN,214,ok,acceptable (confidence intervals overlap),0.8275115207373271,24.147124087706423,1.062446953754751,-0.02828053113836902,-14.029041219434644,0.9266567915972697,0.6944341875053271,0.863035186160674,-0.1369635337187535,-3.188367910001251e-07,-0.030861091171679345,-0.035617484398719146,,,0.22426326273915811,0.17912236453384564,0.18611300482635534,0.20286315672594793,,,,0.2093014411811183,0.18606452155788117,0.19465893065660986
1069,53065,WA,577,ok,acceptable (VEI within +/-10),0.8081527175725242,21.752607760903413,1.0406505189284434,-0.005582152692798162,6.6217472370997115,0.9145079098326685,0.6356514277206957,0.914248310738713,-0.08575007478199799,-1.955162115939713e-07,-0.028168380386440983,-0.033733938896670645,,0.22441895862598651,0.199464219216416,0.062057369723796225,,0.19526107901551693,,0.19330428945624123,0.19330726140963722,0.13614218019731322,0.17857726667833726,0.19267291550377116
1070,46115,SD,0,no residential sales in 2024,,,,,,,,,,,,,,,,,,,,,,,,,
1071,37005,NC,421,ok,acceptable (VEI within +/-10),0.5505766062602966,45.12918176824111,1.1799991504913108,-0.0700898207764684,-9.189636146378811,0.9082041119532915,0.41385174536653285,0.745544699993782,-0.254451334776385,-2.7000275060168015e-07,-0.04454914942140542,-0.045278745628305694,,,,,0.21648220794840853,,,,,0.22750599587275325,,0.23372520746709732
1072,48255,TX,42,skipped (fewer than 100 sales),,,,,,,,,,,,,,,,,,,,,,,,,
1073,20123,,0,no residential sales in 2024,,,,,,,,,,,,,,,,,,,,,,,,,
1074,21169,KY,0,no residential sales in 2024,,,,,,,,,,,,,,,,,,,,,,,,,
1075,13119,GA,316,ok,UNACCEPTABLE progressivity,0.7319435164835165,33.25001230485095,1.0321115142339823,0.08090010876963745,33.07835011980737,0.9657929691467895,0.5201659992712042,0.9772626660751514,-0.022729392249095384,-1.0432265640321345e-07,-0.013455148035963038,-0.03187239705701206,,,0.16701392028254983,,,0.15539227303288064,,0.12514557563069945,0.12510351298359937,0.13285738319070806,0.15060088710048172,0.21320959688297297
1076,19127,IA,0,no residential sales in 2024,,,,,,,,,,,,,,,,,,,,,,,,,
1077,23017,ME,0,no residential sales in 2024,,,,,,,,,,,,,,,,,,,,,,,,,
1078,27007,MN,504,ok,acceptable (VEI within +/-10),0.9023395721925134,18.214552391035255,1.0280110006544843,0.03842989460329482,8.071610242734039,0.9372283880949536,0.6728724323968551,1.029542056586565,0.029546090266311227,-3.162979330407913e-08,-0.02449876074100077,-0.03533075135412855,,0.20223773418672933,0.1517755352320621,,,0.18991936686290134,,,,0.11043325915978945,0.1865996821757226,0.21145048917841885
1079,27173,MN,87,skipped (fewer than 100 sales),,,,,,,,,,,,,,,,,,,,,,,,,
1080,48251,,0,no residential sales in 2024,,,,,,,,,,,,,,,,,,,,,,,,,
1081,37199,NC,0,no residential sales in 2024,,,,,,,,,,,,,,,,,,,,,,,,,
1082,56035,WY,68,skipped (fewer than 100 sales),,,,,,,,,,,,,,,,,,,,,,,,,
1083,05071,AR,0,no residential sales in 2024,,,,,,,,,,,,,,,,,,,,,,,,,
1084,53017,WA,542,ok,acceptable (VEI significance <= 10),0.8935715045444346,18.005885071978827,1.0394014487559744,0.0017288973050587151,-14.039569565599567,0.9298997478200131,0.5461526143574127,0.9568262378315288,-0.043172247490400856,-1.0475718470639519e-07,-0.022877035304672555,-0.033431786829034804,,0.21713249669697904,0.18292571269246855,0.05118937918736644,0.1968244095800744,0.1465550194207258,,0.14151209521540534,0.14150657120579388,0.1189905889603605,0.1369445275908656,0.18099679858155543
1085,16073,ID,186,ok,UNACCEPTABLE regressivity,1.0673418890666642,58236.092511275994,3859.4154367772608,-185.95713939470977,-125286.45619069164,0.04650775032378444,-0.0028792813164799165,-0.02800762042275858,-1.0279828812130682,-3.5004041186969056e-05,-0.8224323886869371,-0.8714655783090601,,,,,,,,,,,,
1086,48227,TX,285,ok,acceptable (confidence intervals overlap),0.7934275378195187,34.891025012115215,1.7882059646775712,-0.013023593515110926,19.072889076525485,0.4320840284001947,0.010852906663001089,0.46987997706830786,-0.5301219761352683,-3.731657818946529e-08,-0.3389853529448552,-0.4455472215814089,,,,0.1414481542022161,,,,,,0.09671521481686826,,
1087,40071,OK,715,ok,acceptable (VEI significance <= 10),0.894810606060606,31.784590776645825,1.11349912266347,-0.06785753086069,-26.150242989788893,0.8821946842736446,0.7005602623167149,0.8029398299245617,-0.19706102058263986,-6.596407284921732e-07,-0.04958455503833159,-0.05427760707187912,,,,,,,,,,,,
1088,19027,IA,290,ok,acceptable (VEI significance <= 10),0.8377054093567251,18.513500076182392,1.0670503475127069,-0.050174344434133517,-10.859140723987059,0.8841832262122632,0.5757814557494296,0.8795946825823744,-0.12040260465404228,-4.3287697589626074e-07,-0.04157465225835533,-0.05332955656445093,,0.21144186538577067,0.2340367938171371,0.21975431526291875,0.20530193404335667,0.22296405017925855,,0.22598301031705215,0.22597872531818133,0.17237552253308983,0.22416234119796236,0.23871276361017593
1089,28023,,0,no residential sales in 2024,,,,,,,,,,,,,,,,,,,,,,,,,
1090,37133,NC,4415,ok,UNACCEPTABLE progressivity,0.747272972972973,12.221271659211668,1.0247204190101828,0.044456377640557605,16.023476985161466,0.9573194091784419,0.3695674573022221,1.0195740368954145,0.019576535915259083,-6.762164932979812e-09,-0.01230763254992473,-0.02257349537883413,,0.14578822909111258,0.1617196302550649,,,0.11512008052373826,,,,0.06521086446229923,0.11367322565908768,0.13637825777791843
1091,56045,WY,74,skipped (fewer than 100 sales),,,,,,,,,,,,,,,,,,,,,,,,,
1092,53037,,0,no residential sales in 2024,,,,,,,,,,,,,,,,,,,,,,,,,
1093,37111,NC,555,ok,acceptable (confidence intervals overlap),0.5993373493975903,44.12767049261195,1.1723348400623963,-0.05137126162863654,-25.805429061283913,0.9164969947810178,0.3975920642935569,0.7952373529805418,-0.20476089879043327,-1.0160996876923498e-07,-0.044111041843125864,-0.06562608305595186,,,,,,,,,,0.18719071826641678,0.2406384950012902,
1094,21013,KY,220,ok,acceptable (VEI within +/-10),1.0,0.0,1.0,-0.0,0.0,1.0,1.0,0.9999999999999998,-0.0,-4.595311354987401e-22,0.0,0.0,0.0,0.0,0.0,0.0,0.0,0.0,0.0,0.0,0.0,0.0,0.0,0.0
1095,27059,MN,0,no residential sales in 2024,,,,,,,,,,,,,,,,,,,,,,,,,
1096,51073,VA,491,ok,acceptable (VEI within +/-10),0.8204782608695652,12.495246328630008,1.025231160448724,-0.01649164454846943,0.3894306926396721,0.9074793147470627,0.6553218565562559,0.9292485765639572,-0.07075027366929086,-1.2420152195995088e-07,-0.024475765355806534,-0.0272081958824133,,0.14449164484809762,0.14864337381062395,0.08308597846764824,,0.12530693857538655,,0.1278994559713121,0.12789784126118345,0.10137277448530954,0.1286693441463014,0.14334757411645527
1097,48411,TX,19,skipped (fewer than 100 sales),,,,,,,,,,,,,,,,,,,,,,,,,
1098,39079,OH,0,no residential sales in 2024,,,,,,,,,,,,,,,,,,,,,,,,,
1099,26159,MI,1127,ok,acceptable (VEI significance <= 10),0.83,32.399375327909205,1.0855720110447338,-0.041972610889028726,-11.34025791560038,0.9017670014696066,0.7720643377928436,0.821001852758215,-0.1789957435419185,-4.233930867860072e-07,-0.0353517882762866,-0.03159864585781369,,,,0.2394747487010085,0.23983932201808442,0.23355087917205922,,,,0.233429565486714,0.2167701486080998,0.1981494396226726
1100,20075,,0,no residential sales in 2024,,,,,,,,,,,,,,,,,,,,,,,,,
1101,18039,IN,1985,ok,acceptable (confidence intervals overlap),0.7952727272727272,25.02918191383818,1.035485689133386,0.04162999414858529,14.325787130270099,0.9285185212772327,0.5778570734101791,0.9166376758546364,-0.08335764088240656,-2.0443728726551394e-07,-0.022013756765994597,-0.027192738702391805,,,0.17633091895510386,,,0.16080700166646597,,0.1999038041051068,0.19990730303991824,0.14592795465461728,0.15151815516300568,0.16761705466369972
1102,13059,GA,1448,ok,acceptable (VEI within +/-10),0.9237624242424243,11.273936169416677,1.0482774254169402,0.005193974174669203,4.071497893061942,0.9041228357543957,0.610460734792325,0.9652418811365101,-0.03475739819762175,-7.888956260754419e-09,-0.03529522113293049,-0.044971940007715316,,0.1368919867562426,0.20354705742685,,,0.18913809155238714,,0.09635568386241913,0.09635491980442297,0.11285471070761528,0.1875944803101157,0.22125724522836282
1103,54045,WV,281,ok,UNACCEPTABLE regressivity,0.681,68.94466866777694,1.5305738508701912,-0.2896580838650628,-110.15373006011771,0.534665435558588,0.3039095044185466,0.5079833620293782,-0.49200012438763147,-3.137689182180014e-06,-0.21686175285523746,-0.22955355832808144,,,,,,,,,,,,
1104,51053,VA,303,ok,acceptable (VEI within +/-10),0.5575,21.85869338012794,1.0354790966224643,-0.01475849196794983,0.8460638420646064,0.934180119998386,0.44968441847385937,0.8908090551169255,-0.10918496201850192,-3.1305336318779137e-07,-0.01651133407012817,-0.015597606037406786,,0.23112122175398842,0.16768617081181747,0.10289026833588606,,0.11091230670942516,,0.18986886453870394,0.18985964974875996,0.10849127441828947,0.10362661723072003,0.10758437404554669
1105,17157,IL,312,ok,acceptable (VEI significance <= 10),0.8813986915146709,33.70082628577702,1.23814435556903,-0.11168028693687373,-18.881413546437415,0.6940028543744632,0.32947768900593255,0.7512605314185408,-0.24873111361200217,-1.1289999651812861e-06,-0.1344442584087897,-0.16631809304435174,,,,,0.2481517349146372,,,,,0.22528691897974482,,
1106,19185,IA,0,no residential sales in 2024,,,,,,,,,,,,,,,,,,,,,,,,,
1107,22067,,0,no residential sales in 2024,,,,,,,,,,,,,,,,,,,,,,,,,
1108,06103,,0,no residential sales in 2024,,,,,,,,,,,,,,,,,,,,,,,,,
1109,23029,ME,0,no residential sales in 2024,,,,,,,,,,,,,,,,,,,,,,,,,
1110,21237,KY,85,skipped (fewer than 100 sales),,,,,,,,,,,,,,,,,,,,,,,,,
1111,20087,KS,194,ok,acceptable (VEI within +/-10),0.8358310476864872,19.229213298854187,1.0281090956926955,-0.003774944179801636,-6.167671609740251,0.8862993210240733,0.8152747467744242,0.8712734799350823,-0.12872530787284484,-2.725714473545013e-07,-0.03155958208052545,-0.030931748160373918,,0.2364834417449486,0.1746346377845351,0.11032016644435362,0.17476293834153148,0.17117346853402277,0.18852433316328976,0.20033341715704703,0.20033305707213206,0.16203230288211348,0.1733157243077646,0.1763015354542027
1112,05009,AR,0,no residential sales in 2024,,,,,,,,,,,,,,,,,,,,,,,,,
1113,13089,,0,no residential sales in 2024,,,,,,,,,,,,,,,,,,,,,,,,,
1114,12059,FL,125,ok,acceptable (confidence intervals overlap),0.5705633333333333,49.52189669305384,1.1724671365372161,-0.1305158980766035,-17.627248664010715,0.8098681684976748,0.5088942335045404,0.714582282062216,-0.28541152943829323,-1.5454527686211217e-06,-0.06806332055752962,-0.05626899345139069,,,,,,,,,,0.24497854003688155,0.24327036005291758,0.2226676246042124
1115,26017,MI,1377,ok,acceptable (VEI significance <= 10),0.8414285714285714,23.024854030865203,1.0481704055222074,-0.03661148992691075,-23.537500089240112,0.907435227978347,0.7592306934244627,0.8797644295652726,-0.12023128169670455,-5.793066351599399e-07,-0.02975116889699292,-0.028018631517272574,,0.2412067934671365,0.20539308193342978,0.1874740952564351,0.23048444099975307,0.1977924005982152,,0.2253783206229717,0.22537260957362285,0.19079103934056588,0.19258963116033648,0.17848538024197644
1116,13099,GA,84,skipped (fewer than 100 sales),,,,,,,,,,,,,,,,,,,,,,,,,
1117,47041,TN,0,no residential sales in 2024,,,,,,,,,,,,,,,,,,,,,,,,,
1118,27145,MN,1855,ok,acceptable (VEI within +/-10),0.8844444444444445,11.47688932186314,1.0079465210383947,0.016855032517012706,3.4078253332131574,0.9747807222999364,0.8097115164010885,0.986028461417804,-0.013970648615786925,-4.3531738671494645e-08,-0.00720944499966536,-0.009717295780546698,,0.14011693715932327,0.10053425653099013,,,0.0808030271597565,0.19525008054319243,0.05995255513139693,0.059951577536775935,0.06608816268797313,0.0696372377458568,0.0931329694289918
1119,35025,NM,542,ok,UNACCEPTABLE progressivity,0.609541298948602,36.21418722863285,1.9884171718037025,0.1526701430396363,75.59019240882404,0.4856281047088683,0.021113941685476763,0.8556450430819679,-0.14434190853657214,-5.8236171184118635e-09,-0.33680718414704036,-0.48578953814035297,,,,,,,,,,0.04278916988689085,,
1120,17193,IL,0,no residential sales in 2024,,,,,,,,,,,,,,,,,,,,,,,,,
1121,23001,ME,0,no residential sales in 2024,,,,,,,,,,,,,,,,,,,,,,,,,
1122,55087,WI,2469,ok,UNACCEPTABLE progressivity,0.7684615384615384,31.300280695036452,1.0237546796688568,0.14263877900701888,57.974024141858955,0.8528718440490689,0.5769264840111654,1.0086433582287992,0.008724813453232018,-1.8855736440765992e-07,-0.0404060916316602,-0.04424923105760192,,,0.14982226904644627,,,,,,,0.1369132831963491,0.21753516712620866,0.20694468261940124
1123,47009,TN,0,no residential sales in 2024,,,,,,,,,,,,,,,,,,,,,,,,,
1124,28095,,0,no residential sales in 2024,,,,,,,,,,,,,,,,,,,,,,,,,
1125,48277,TX,357,ok,UNACCEPTABLE progressivity,0.8587957210474303,31.70034012587358,1.0443766589724255,0.08515872679173753,26.77561544444254,0.9016290635052816,0.5839074304434397,0.8660828114441724,-0.1339164946026734,-2.664575044480896e-07,-0.03139546390770809,-0.03505392656515216,,,0.19760780188723187,,,0.22202928764130261,,,,0.17005670721103844,0.21119915454690427,0.20997012869112022
1126,27051,MN,118,ok,acceptable (confidence intervals overlap),0.8610321744763549,30.86070719859616,1.2019516147108724,-0.09010552274099826,-14.524204188791668,0.7986704626165373,0.2822106560957929,0.7632202485673191,-0.2367735888657236,-4.620633356226919e-07,-0.09072650759383527,-0.12426724564356628,,,,,,,,,,0.23494137780292979,,
1127,38061,ND,84,skipped (fewer than 100 sales),,,,,,,,,,,,,,,,,,,,,,,,,
1128,51179,VA,2162,ok,acceptable (VEI within +/-10),0.843641891891892,8.328355272937218,0.9943054608862847,0.04187418364123228,9.905789929656846,1.039475175191307,0.9294075625216418,1.023031875226684,0.02303225986245741,3.5332227144940563e-09,0.00831471926706806,0.008757653399204313,,0.10282890032771395,,,,,0.1357365376710722,,,,,
1129,28117,MS,145,ok,acceptable (confidence intervals overlap),0.4263861554813086,40.45308621912295,1.119605542490085,-0.058219631797568436,-26.82553496966634,0.7640625633440257,0.3427485327648005,0.5042015693100637,-0.4958078394696607,-6.322321731683248e-07,-0.07579126706527717,-0.062390479759551365,,,,,,,,,,0.14108878620069468,,
1130,12007,FL,285,ok,acceptable (confidence intervals overlap),0.7128089171974522,31.964630326134152,1.0959768578944784,-0.11802399456209715,-20.460754633056517,0.8326049260075914,0.5911701678350706,0.7456539017471329,-0.25434561902135844,-8.94388004132706e-07,-0.05221681116620913,-0.04865422279403009,,,0.24966968978128068,,,0.23434416362228166,,,,0.2207525417696537,0.22888644272886063,0.21771850352921523
1131,17101,IL,58,skipped (fewer than 100 sales),,,,,,,,,,,,,,,,,,,,,,,,,
1132,53071,WA,651,ok,acceptable (VEI within +/-10),0.9159102902374671,11.399438035109911,1.0196939194690966,-0.015298257365798004,-0.36448136797474506,0.9053740585865503,0.7776075162365247,0.935838598813924,-0.06416077170422027,-1.4931201023561877e-07,-0.02443909259665178,-0.026699213113865694,,0.13900049433415923,0.13394534120157248,0.09179252730843993,0.008291529745892942,0.1347323451617139,0.22948848902570432,0.1305959270970374,0.13059539210550813,0.11677642655031316,0.13427867016347786,0.1381748819993381
1133,12079,FL,127,ok,acceptable (confidence intervals overlap),0.808301754385965,37.651886538414445,1.1868559994266874,-0.06489212496153854,-12.276281909186865,0.8396259586296193,0.4890707324623405,0.8047277191878446,-0.19527004321459004,-3.28376954597102e-07,-0.0756758523120884,-0.08753396571547101,,,,,0.18555879647897766,,,,,0.2166738567120631,,
1134,21127,,0,no residential sales in 2024,,,,,,,,,,,,,,,,,,,,,,,,,
1135,37105,NC,1367,ok,acceptable (confidence intervals overlap),0.6466830466830467,49.97770770525216,1.4595551542778695,0.016992772906824473,25.87317621472653,0.47694378528670894,0.04358957715713971,0.5446175625837875,-0.4553595241906077,-1.073877678418328e-07,-0.2492590246742692,-0.3085657846666927,,,,,,,,,,0.14673432625914634,,
1136,05145,AR,0,no residential sales in 2024,,,,,,,,,,,,,,,,,,,,,,,,,
1137,41007,OR,581,ok,acceptable (VEI within +/-10),0.99767711327038,12.846632875769458,1.013268341063514,0.003519729363599332,1.9044508422575086,0.9538694936131118,0.9912030405381235,0.9696216645706576,-0.03037536245521641,-3.342295505919114e-08,-0.014537638144321852,-0.012308083184709329,0.12904893805911402,0.15282287520677632,0.148139748246671,,,0.147422125242754,0.11275153070234858,0.12082741743817159,0.12081436731367919,0.14732263867752446,0.1496942203027156,0.1427207493377136
1138,47017,TN,0,no residential sales in 2024,,,,,,,,,,,,,,,,,,,,,,,,,
1139,51660,VA,249,ok,acceptable (VEI within +/-10),0.896734693877551,9.64772330746255,1.0145125175935759,-0.01481731270716497,1.554119253527541,0.9288888362167335,0.7730450268202989,0.9350600174681685,-0.06493955347840571,-1.4569918099477265e-07,-0.016723997504668464,-0.01912590758966881,,0.12567207713842993,0.10053145412079179,0.10196685071791774,0.06570655892424362,0.10193928506340338,0.21397728207060632,0.10471732377282737,0.10471757426684956,0.10934839566889526,0.10236649829084837,0.10230168215606078
1140,27135,MN,149,ok,acceptable (VEI within +/-10),0.9069664902998237,19.784742995039355,1.053244974726704,-0.013077327280108329,3.589510896526168,0.8792691063445456,0.6394224137633444,0.9244018090817936,-0.07559410283596688,-3.2206412809397556e-07,-0.04044160557429266,-0.05005999029693187,,0.21831667764916765,0.2009429086451094,0.2447874269932245,0.1130516587995287,0.20879120323530984,,0.23558493278248507,0.23559652615007076,0.16094775972739297,0.21879626268591332,0.21844442674796352
1141,19135,IA,0,no residential sales in 2024,,,,,,,,,,,,,,,,,,,,,,,,,
1142,21029,KY,1355,ok,acceptable (VEI within +/-10),0.7098884186225471,26.25934484195085,1.063498076088908,0.017383524482380373,5.2525966770346955,0.8260482098374322,0.20620723862270463,0.8860999368779386,-0.11389070032341081,-2.0915995951411029e-07,-0.05018183275304011,-0.060099481380186726,,,0.22659517344729796,,,0.24137279062984665,,0.23475406085107542,0.23473593073131113,0.11444638008073683,0.20905954677718946,0.2336222557727723
1143,21195,KY,524,ok,UNACCEPTABLE regressivity,0.7937266580195824,74.69411109219223,1.5726993279008727,-0.1749289063272664,-37.43806892576467,0.6958822047529509,0.3134581896871325,0.6141704128251282,-0.3858224667115092,-1.9619676554217243e-06,-0.16173279812617203,-0.18052265623835817,,,,,,,,,,,,
1144,30061,MT,0,no residential sales in 2024,,,,,,,,,,,,,,,,,,,,,,,,,
1145,12021,,0,no residential sales in 2024,,,,,,,,,,,,,,,,,,,,,,,,,
1146,05079,AR,1,skipped (fewer than 100 sales),,,,,,,,,,,,,,,,,,,,,,,,,
1147,21219,KY,46,skipped (fewer than 100 sales),,,,,,,,,,,,,,,,,,,,,,,,,
1148,20169,KS,634,ok,acceptable (VEI within +/-10),0.8034817291909919,19.780811196231248,1.0334535972069296,-0.01105974047417973,5.137973480885459,0.9016893492118617,0.6893446994129313,0.8921338986104976,-0.10786448667117811,-3.519630741219462e-07,-0.029471521099686537,-0.03220438566443673,,0.21439311637734138,0.17089806647670194,0.0951591180443817,,0.17850504898057798,,0.17908458425457302,0.1790829338047848,0.14279506854048804,0.17495682837967155,0.17790422885846943
1149,06069,,0,no residential sales in 2024,,,,,,,,,,,,,,,,,,,,,,,,,
1150,37125,NC,1736,ok,acceptable (VEI within +/-10),0.8208619047619048,15.331055763107027,1.0077637143427751,0.013734930748932549,5.480428478932098,0.9765300608898214,0.8654038945274235,0.9714263033732553,-0.028573032088052838,-2.102101663295095e-08,-0.007207863649310919,-0.008373254035322963,,0.1778911149071301,0.08560507689413262,,,0.08347570021213402,,0.11144126870659778,0.11144081008703191,0.08235999048000822,0.08012023985809862,0.08312980920099876
1151,21003,KY,331,ok,acceptable (VEI within +/-10),0.5992,54.41122898194438,1.6245843963560038,-0.012813831393575326,-4.324159570370208,0.3504682217635284,-0.022218978412544645,0.12514722191820848,-0.8748428461115587,-4.7338486107971985e-07,-0.3229764541087563,-0.4366331738093998,,,,0.2265322648319834,0.21395362572226762,,,,,0.21057085533883665,,
1152,19181,,0,no residential sales in 2024,,,,,,,,,,,,,,,,,,,,,,,,,
1153,13083,GA,220,ok,acceptable (VEI within +/-10),0.8605172276583819,26.731437556170185,1.1056395434021733,-0.03178104344023711,0.01259728714418251,0.8746332420929427,0.4643985753318365,0.8985408611858021,-0.10145699637685797,-2.029379142680923e-07,-0.05093549128804464,-0.07211633708576382,,,,0.23973622232528324,0.006939293437118166,,,,,0.20159834380444183,0.241273108744744,
1154,16013,ID,219,ok,acceptable (confidence intervals overlap),0.9590594132389798,28.00485359967304,1.2536626377511109,-0.0694749347752451,-11.566033247156074,0.7655556748290131,0.4610520163947649,0.6563805972092066,-0.3436193209238273,-6.40533040090975e-08,-0.12538726762103858,-0.16152508648171726,,,,,0.18344965113289358,,,,,,,
1155,08047,CO,125,ok,UNACCEPTABLE progressivity,0.7951965811965812,21.02239959882376,0.9853373146647035,0.13556034608862635,31.67604996778121,1.1266521768593776,0.8474117090963587,1.0892700966168178,0.08927065553578986,1.2289252095254895e-07,0.02803212219745821,0.025899630450171962,,0.23079499193614297,,,,,0.1921415881189841,,,,,
1156,39129,OH,679,ok,acceptable (VEI within +/-10),0.77865625,20.54894545006985,1.074722519227256,-0.00824099496148618,-8.180365873799548,0.8618795685093744,0.3066898112480514,0.8840792526087559,-0.1159192310314836,-8.510104548513e-08,-0.04593431060789244,-0.05969769208209663,,0.227856695545525,0.24392480898021532,0.09217640376820285,0.12439868484363388,0.21674915146721072,,0.2072225799711756,0.20722203484428586,0.11418221969386279,0.21124559174717084,0.2440853322767568
1157,40139,OK,186,ok,acceptable (VEI within +/-10),0.9049558823529411,22.21325251961661,1.0421707142484067,0.005215926804750705,6.511923133017174,0.8665613470627649,0.6972689330389015,0.8612666075131364,-0.13873182012776286,-5.497758271734871e-07,-0.037845778465037005,-0.04172635658506452,,0.23711089759220505,0.21449011330915788,,,0.21240746608879468,,0.21989353560952646,0.21989298489790965,0.19522547649121882,0.19404760726563527,0.1956651077697988
1158,26151,MI,575,ok,acceptable (VEI significance <= 10),0.8220689655172414,32.15766223837708,1.1050529984620947,-0.014341986887108879,20.966308681019612,0.8296757993988592,0.43277700378159534,0.8448503913556893,-0.1551511259644369,-3.53941913693747e-07,-0.06591344469189142,-0.07738301223734201,,,,0.15619238094847934,,,,,,0.17693240973330776,,
1159,39159,OH,0,no residential sales in 2024,,,,,,,,,,,,,,,,,,,,,,,,,
1160,12117,FL,5265,ok,acceptable (VEI within +/-10),0.828511475409836,7.411255462317325,1.0046276636637865,-0.0070195875101759725,-3.2778634398565085,0.980584069764789,0.8576904834956205,0.9695190122538748,-0.030480495388698188,-1.1254432802697493e-09,-0.005654347494702838,-0.005192553567949343,,0.09082818771546529,0.07206656132004506,0.0638569814542074,0.09506597217113602,0.058615505199405164,0.24097197559549025,0.08033926112942777,0.08033867186287627,0.04909635150977363,0.058314455715241444,0.0722263351886472
1161,18139,IN,204,ok,acceptable (confidence intervals overlap),0.7322972533185592,39.573993420655114,1.2259945679679027,-0.14999138941011114,-31.859555658507826,0.6761037173475049,0.25736994483568676,0.608015013423725,-0.3919833340686457,-6.07892257989541e-07,-0.1269183168078849,-0.1446828778378637,,,,,,,,,,0.21442467197402434,,
1162,53029,WA,1290,ok,acceptable (VEI significance <= 10),0.910393166700262,10.09956680793137,1.0270179633799035,-0.023270630860493382,-13.45411950523918,0.8807100621511575,0.7242530863185405,0.932601490909786,-0.06739230159957887,-1.0009557850915083e-07,-0.032358141153834064,-0.036449604025544646,,0.12468725716870104,0.14989045684942207,0.12201429911332357,0.18751921379321443,0.1555399904758758,,0.13099767989981298,0.1309948343227795,0.12801591528624742,0.15873246644295105,0.18018078324526088
1163,48313,TX,44,skipped (fewer than 100 sales),,,,,,,,,,,,,,,,,,,,,,,,,
1164,53055,,0,no residential sales in 2024,,,,,,,,,,,,,,,,,,,,,,,,,
1165,13261,GA,336,ok,UNACCEPTABLE regressivity,0.6571168831168831,42.24170415586837,1.3054231262658782,-0.18020879245798718,-63.99903244156411,0.7500281893684784,0.33008885453821085,0.6890834052801227,-0.31091298697623165,-1.0479700431565986e-06,-0.11859378264052167,-0.1452306925292508,,,,,,,,,,0.2404483252646786,,
1166,39019,OH,0,no residential sales in 2024,,,,,,,,,,,,,,,,,,,,,,,,,
1167,39031,OH,545,ok,acceptable (confidence intervals overlap),0.6814876033057852,40.90183740043269,1.1951539507245978,-0.04572238097164969,-16.306483951815007,0.771310819375199,0.30080229698550637,0.7409728622818862,-0.2590190242783543,-4.7305215453182774e-07,-0.10005182655840938,-0.1216225854335391,,,,0.23396465714260462,,,,,,0.21026690223890743,,
1168,36039,NY,711,ok,acceptable (confidence intervals overlap),0.8594866666666666,27.90078647286886,1.1317543738463667,-0.07802762854575547,-10.097070336018257,0.7771736651235102,0.5695004163872217,0.7360774099698704,-0.2639219936338499,-2.168451818733173e-07,-0.0881715764215727,-0.09611163634725117,,,,,0.19671528527905102,,,,,,,
1169,18159,IN,210,ok,acceptable (VEI within +/-10),0.7105627530364372,28.12179171402904,1.1474668288250183,-0.053068987752164946,2.670586150920493,0.7047618503571227,0.24973017091236704,0.7941640374283145,-0.2058285178837206,-3.3396267670364083e-07,-0.1061126499447782,-0.12613765467747773,,,,0.21011894251934016,0.13616765510321616,,,,,0.15547197922123748,,
1170,34007,NJ,5920,ok,UNACCEPTABLE progressivity,0.4952315789473684,18.682789943563353,1.0167959511277118,0.048299543187632146,18.959766719644442,0.9579711922241083,0.24170996732376795,1.0036030153801971,0.0036088034340552005,-9.166501587743046e-09,-0.012687048211076357,-0.01657291441216291,,0.20973944017150709,0.11603922342879737,,,0.10838148421921034,,,,0.04103267827225513,0.10650911369169526,0.11346393846347079
1171,18041,IN,337,ok,acceptable (VEI within +/-10),0.8153553299492385,31.234148630901412,1.1517842742020623,-0.07395518667787951,-8.17473915258064,0.7217839254898658,0.31678698274407535,0.7415530691238769,-0.2584419876658596,-9.248375504033591e-07,-0.10089177983615416,-0.11758840442669061,,,,,0.17632052857120084,,,,,0.19709674037846128,,
1172,21183,KY,182,ok,acceptable (confidence intervals overlap),0.5609708709314245,40.128369658044065,1.0512340285208268,0.10185156995685543,29.081420502542134,0.8530545881002743,0.4769728671747642,0.7512766640741566,-0.24872393479315472,-5.191712107645614e-07,-0.04558245627445845,-0.04988527241840135,,,0.208086985185207,,,,,,,0.15723756182001605,0.2497766976578697,0.19620168328819446
1173,54001,WV,127,ok,UNACCEPTABLE regressivity,0.7766666666666666,66.79838496752008,1.5541731876698375,-0.22682292307571889,-59.57757338804263,0.7165886297338846,0.4188215299596151,0.6470817165735256,-0.3529219946406657,-2.810895255700085e-06,-0.14945577681325184,-0.1721498658961811,,,,,,,,,,,,
1174,47005,TN,0,no residential sales in 2024,,,,,,,,,,,,,,,,,,,,,,,,,
1175,29163,MO,0,no residential sales in 2024,,,,,,,,,,,,,,,,,,,,,,,,,
1176,38041,ND,49,skipped (fewer than 100 sales),,,,,,,,,,,,,,,,,,,,,,,,,
1177,48199,TX,471,ok,acceptable (confidence intervals overlap),0.9006807237887212,23.225022466459208,1.0228803688543524,0.03741360690469698,17.041989699554772,0.9388399005270377,0.7304035935963471,0.9550035326283688,-0.04499562484205368,-2.434301500341106e-07,-0.0177116760475875,-0.023464674279085607,,,0.1445045134782042,,,0.14467051696493283,,0.15284777145060144,0.15284709818645564,0.13444963842188754,0.14052821497966614,0.14400958248867454
1178,20029,,0,no residential sales in 2024,,,,,,,,,,,,,,,,,,,,,,,,,
1179,13163,GA,150,ok,acceptable (VEI within +/-10),0.867577705882353,34.52961168305651,1.0703647220325991,-0.033606052286857556,-7.326627870412839,0.9895846192569812,0.851993735599394,0.8813960015703693,-0.1186039154022132,-1.0475503341792468e-07,-0.005474555822821969,0.008373656516023176,,,0.22631130595951107,0.2436107133702437,0.19411221935726264,0.12614094821232139,,,,0.2116718511131272,0.08472874163183881,0.08686986235604804
1180,31141,NE,395,ok,acceptable (VEI significance <= 10),0.8476244343891403,16.48660053306163,1.046324385214839,0.01658734588998849,16.84638539830158,0.9254994899898674,0.5704009848637102,0.9563499460053736,-0.043649171736832276,-3.418516144976685e-08,-0.024894998098416554,-0.03560916253804747,,0.18045626392744996,0.1741350689917096,,,0.1536978366627958,,0.14000730702516087,0.14000493842858452,0.1477228598653077,0.15198453521654723,0.18205320620668336
1181,48415,TX,137,ok,acceptable (VEI within +/-10),0.7896759442465814,28.15203298979704,1.1073588120242608,0.015167486863187729,3.072791016670436,0.6974453849647728,0.30358825518390253,0.8049629549479393,-0.19502904679136682,-6.489286638181832e-07,-0.10226579770310962,-0.12639577391827173,,,,,,,,,,0.1831946549703643,,
1182,21103,KY,278,ok,acceptable (confidence intervals overlap),0.759831560283688,36.986890565815855,1.2318605811573278,-0.018920421231977038,-15.544866888512255,0.5969696784297698,0.15278820452987543,0.7343004884913249,-0.26563178739440446,-5.720303234329175e-07,-0.16442193864020327,-0.21417748143418747,,,,0.22541429536369847,,,,,,0.1877131007487892,,
1183,51620,VA,166,ok,acceptable (VEI within +/-10),0.8871127531472359,31.827066675096557,1.1432151573838334,-0.003948378819242632,9.854753263139711,0.7503990062912937,0.5982931061214697,0.6218429254607464,-0.3781569769987956,-8.916445294430222e-08,-0.098833104450337,-0.10005603982780631,,,,0.05095221393734162,,,,,,0.2348025210038314,,
1184,08013,CO,4118,ok,acceptable (VEI within +/-10),0.9754651807246963,11.498695585311655,1.0212255112783557,0.003880625698729463,1.8291878009667704,0.952774136914661,0.8877227539498532,0.9677692559208462,-0.03223061410892198,-5.0251786919699864e-09,-0.0174428643425526,-0.021689248741604494,,0.13973290073624042,0.13776415247162324,,,0.14003118277917376,0.20905074756442193,0.10701000418802041,0.10700972587256483,0.1402743910675623,0.13982210102357953,0.16416333746045658
1185,17111,IL,4450,ok,acceptable (VEI within +/-10),0.8544350649350649,11.458784284523771,1.0088177443894721,0.01627351626537901,5.2924195741222775,0.9472484738582428,0.7670571669593058,0.9498626957111508,-0.05013656211551759,-1.0456272817611604e-07,-0.011441205136125232,-0.012913448165725594,,0.13828122230100479,0.09627293533720042,,,0.09565562642872585,0.22877852143348956,0.09508516928660275,0.0950845589070109,0.07827592524272538,0.09399475509379958,0.09789375396024186
1186,31131,NE,254,ok,acceptable (VEI within +/-10),0.7272254137115839,29.99630397072431,1.0944309090899,-0.004780991725110497,8.474387368762248,0.8165390857144124,0.4245495845148419,0.7866082603677581,-0.21338078383368916,-4.6509267350672036e-07,-0.06642982761657534,-0.08811514270001708,,,0.2438781657222173,0.08224279400832298,,,,,,0.1909155883621128,,
1187,06053,CA,0,no residential sales in 2024,,,,,,,,,,,,,,,,,,,,,,,,,
1188,48287,TX,79,skipped (fewer than 100 sales),,,,,,,,,,,,,,,,,,,,,,,,,
1189,41023,OR,80,skipped (fewer than 100 sales),,,,,,,,,,,,,,,,,,,,,,,,,
1190,13025,GA,220,ok,acceptable (confidence intervals overlap),0.5822926573426573,61.884690024317244,1.5717144830007603,-0.1611785566382571,-31.06246355052467,0.6862128218629024,0.11690481144974885,0.5592451867581535,-0.44075104834618795,-7.480163541578538e-07,-0.17311314812697454,-0.27279238206956147,,,,,,,,,,0.2458638672815284,,
1191,18001,IN,304,ok,acceptable (VEI within +/-10),0.731131131131131,24.012376018305304,1.1077002086046908,-0.05041850356353725,3.7685370141194126,0.7427657217636903,0.339278523343445,0.7526103768599378,-0.2473863663568874,-4.642551636438421e-07,-0.08767567429257817,-0.105086939177097,,0.24554782179431014,,0.1785545655602803,,,,,,0.18522875047025364,,
1192,54087,WV,184,ok,acceptable (confidence intervals overlap),0.77858228980322,54.436705606205514,1.3461491195388269,-0.23205944276909007,-44.921037898327555,0.6090401481171759,0.3540311425730891,0.5761540698465939,-0.4238437626632295,-2.5683786585470238e-06,-0.16590779097918773,-0.1811769601003137,,,,,,,,,,,,
1193,48337,TX,187,ok,acceptable (VEI significance <= 10),0.8347163342562676,33.674507112650154,1.1149750010833481,0.03599573872897483,23.20637275883042,0.7415109589415438,0.16869940347917864,0.7527328254075979,-0.24726603929904095,-2.739927471917981e-07,-0.08767401310282574,-0.10758688473196298,,,,,,,,,,0.1665288692331884,,
1194,29071,MO,0,no residential sales in 2024,,,,,,,,,,,,,,,,,,,,,,,,,
1195,56009,WY,150,ok,acceptable (VEI within +/-10),0.8118865788351681,20.440043106483508,1.040930550617363,-0.014154946633853272,0.18791356652529664,0.8211134719461335,0.7020032932702353,0.8654940651489822,-0.1345043620222028,-2.2650786107082294e-07,-0.04820732501845604,-0.047567315794738274,,0.24170596333455677,0.17570046182354776,0.10375834380608906,0.011242162688050943,0.19513717271537764,,0.17635144672446856,0.17635094069388232,0.16176434925200722,0.18501055403965774,0.19091810066813425
1196,13245,GA,2335,ok,acceptable (VEI within +/-10),0.9169657066184043,23.09454254810963,1.0402723905804245,0.016066825128171768,8.739231532968658,0.9177887614413066,0.701596945823565,0.9402079654417536,-0.05978571240549251,-3.1819769629121076e-07,-0.026737386143105724,-0.02827651967062894,,0.24128423143300848,0.18249238830620465,,,0.18877197910796678,,0.18620475991158264,0.18622212246364028,0.16267687427581992,0.17370941760277667,0.16795485058191786
1197,24041,MD,651,ok,acceptable (VEI significance <= 10),0.69325,17.09875812885263,1.0666296016791765,-0.029514199509432452,-12.611140785883256,0.9174916753341035,0.5947549953135334,0.9183267456500291,-0.08167217982751615,-3.570672346134928e-08,-0.03915573221752644,-0.04321286476883612,,0.19873332766820342,0.2422073706306785,0.21227838328418033,0.23125751274105713,0.23942490850104384,,0.20360925392863768,0.20360986563492134,0.15729329311967521,0.23317113130591333,
1198,48259,TX,618,ok,UNACCEPTABLE progressivity,0.7733310662439009,49.25951892255541,1.112192934635215,0.2940498831980184,100.23437231151574,0.794926222480319,0.29423633866214743,0.7564490288729968,-0.243553989525082,-1.0833884677513273e-08,-0.07399903148184839,-0.08122418708020152,,,,,,,,,,0.11667445771986262,,
1199,54055,WV,481,ok,acceptable (VEI within +/-10),0.7116827438370846,32.48908202578112,1.2427769558968644,-0.05069541528103657,-3.0068276161922407,0.6361145210756037,0.054354488209158454,0.5847649067907539,-0.415227612069393,-3.317211974703567e-07,-0.15134464902935152,-0.19520141135729285,,,,,0.11058327648566733,,,,,0.12717441589198555,,
1200,26025,MI,1794,ok,acceptable (VEI within +/-10),0.9231853812480912,19.482492922361793,1.0221871737294108,-0.004161376791226249,-9.826436383356468,0.9837334107352277,0.8136656019091325,0.923453259474763,-0.07654694834720066,-2.7184065506807786e-07,-0.004818670549669557,-0.002937312714237139,,0.21281107904048793,0.14475643005065744,0.05745791470577529,0.1646471209070146,0.07678065893746255,,0.16841337701505088,0.16841402205226225,0.13465530916776416,0.07241153006043365,0.05064700315553375
1201,18017,IN,524,ok,UNACCEPTABLE regressivity,0.6690423317140874,33.36654074208321,6.023945588154628,-0.12308547150901575,-95.14571506024586,0.2703116996807245,-0.0022549946777504462,0.16791880953361887,-0.8320734821779611,-4.129989779644108e-08,-0.6112703024634989,-0.8156859595118064,,0.2489539111867062,,,,,,,,0.04249820990706551,,
1202,22111,LA,174,ok,acceptable (confidence intervals overlap),0.7598683333333334,39.65891993025552,1.0842762881880417,-0.01481959655309432,30.074557285205923,0.9324219703514528,0.7233979449429355,0.8560254458025175,-0.1439730354491489,-6.069954507676349e-07,-0.02620816120620484,-0.022370113249634116,,,,0.175383319989257,,0.18746988468436157,,,,,0.20148235201753145,0.15631289189117503
1203,39023,OH,2263,ok,UNACCEPTABLE regressivity,0.64675,29.951904857455364,1.154419844236648,-0.07146156577974393,-26.91903165199881,0.7548855215483249,0.22529881035154714,0.7084808848772226,-0.29151386687684117,-4.59776584487549e-07,-0.09251434939471315,-0.11432337129362025,,0.24679785820911676,0.2474059915864617,0.24195091734622773,,,,,,0.15731566068288352,,
1204,13251,GA,107,ok,acceptable (confidence intervals overlap),0.6372618783756985,39.56603343724363,1.1889554554702246,-0.006344334130538248,16.045362803245336,0.7697353650548422,0.2827237186214194,0.8286837603360111,-0.1713069526469482,-3.3643075604822407e-07,-0.10640997887639325,-0.13927202119084314,,,,0.08220242115786314,,,,,,0.1873455528955327,,
1205,12031,FL,13851,ok,acceptable (VEI within +/-10),0.803989393939394,14.933707231963249,1.0319262943769778,0.0017565258578165486,-0.7826901233928774,0.9560647598934424,0.7290975787341113,0.9656190509411793,-0.03437898186256892,-4.529906095851082e-09,-0.019278356264214258,-0.021900678447303035,,0.17544920948275522,0.16941083047207117,,0.06053056143959199,0.1663725339527661,,0.13545228882204696,0.13544835866923116,0.1362903540231816,0.16603517684049598,0.19945085813668123
1206,27123,,0,no residential sales in 2024,,,,,,,,,,,,,,,,,,,,,,,,,
1207,29186,MO,0,no residential sales in 2024,,,,,,,,,,,,,,,,,,,,,,,,,
1208,26127,MI,431,ok,UNACCEPTABLE regressivity,0.8317557251908397,36.60852232443836,1.1561976056340926,-0.12496733539333969,-43.08293739189884,0.8287914836544845,0.6562477221798778,0.7356090414500845,-0.2643890823144146,-8.513473635369983e-07,-0.06815678776810175,-0.06907500809700351,,,,,,,,,,,,
1209,21045,,0,no residential sales in 2024,,,,,,,,,,,,,,,,,,,,,,,,,
1210,21143,KY,231,ok,acceptable (VEI within +/-10),0.813953488372093,34.272917724310716,1.0523991160571853,0.013938935352286458,1.053709387837704,0.9591123433260712,0.6255840036341247,0.9467506554734555,-0.05319022697681536,-1.7542078405027665e-07,-0.02026668396095177,-0.03445104261364218,,,0.248756560473883,,0.04529361148841817,0.2249559878040665,,,,0.20634249715660283,0.23063003834467802,0.2489183095866957
1211,45017,SC,116,ok,acceptable (confidence intervals overlap),0.6346210715522005,52.3094051082151,1.2081011957524226,-0.05300395558196185,44.00621722024806,0.8285678545168174,0.3837896967278663,0.8263646935866273,-0.173630077863338,-6.447717596141858e-07,-0.07854873093305215,-0.10546581267213462,,,,,,,,,,0.1960812195662414,,
1212,18065,IN,656,ok,UNACCEPTABLE regressivity,0.7789655172413793,32.92931766980444,1.153022376410097,-0.11764489709479771,-52.41171524624349,0.7821913763918185,0.45705427544242205,0.7169261372072261,-0.28307278537464886,-8.320040482315682e-07,-0.08326944122614655,-0.09131936097656213,,,,,,,,,,0.2259891667514593,,
1213,48103,TX,53,skipped (fewer than 100 sales),,,,,,,,,,,,,,,,,,,,,,,,,
1214,41049,OR,143,ok,UNACCEPTABLE regressivity,0.8651692307692308,51.50335699326563,2.3636438301400076,-0.26060467943729265,-77.68824634722125,0.02474392361307853,-0.09686506984884342,-0.42648447026078806,-1.4264889731287074,-5.039458875459963e-07,-0.5100388846859638,-0.627544699871387,,,,,,,,,,,,
1215,55129,WI,592,ok,acceptable (VEI within +/-10),0.9548735335270692,26.858872835706084,1.0745716269936807,-0.0063515020093911434,-6.206137057385993,0.9065758979905266,0.4719571481686878,0.891605115860744,-0.10839513393237636,-1.687342269606318e-07,-0.03829739745676708,-0.05178047783600492,,,0.24839514951389605,0.10319349069622141,0.17591507758553288,,,,,0.18024081266358574,,
1216,31143,NE,45,skipped (fewer than 100 sales),,,,,,,,,,,,,,,,,,,,,,,,,
1217,22035,,0,no residential sales in 2024,,,,,,,,,,,,,,,,,,,,,,,,,
1218,56039,WY,133,ok,acceptable (VEI within +/-10),1.0638768638768639,33.236009309556216,1.0720654102102047,0.013080202595171493,4.693552568521087,0.9147623124389346,1.020503860119696,0.9148845416572835,-0.08511524303894784,-3.0091579896960746e-08,-0.04005972808423963,-0.03593180259056772,,,0.22250422944369097,0.1576437027354586,0.15810893527668093,,0.21186147723463436,0.2469185864780107,0.2469183817188838,,0.22638775356646276,0.20265195127305713
1219,47187,TN,4622,ok,acceptable (VEI significance <= 10),0.599777030661646,16.369314468535908,1.0484797073818093,-0.023448293065411952,-10.644279794830826,0.8747294813106072,0.4460384242692107,0.8886624837864407,-0.11133635115668104,-4.3442820203864766e-08,-0.04282108883025981,-0.04793077529195333,,0.18867545439871097,0.20350375157011655,0.15185530133192596,0.2186499771499465,0.21809535432859703,,0.2007845756467784,0.20078364554155068,0.10803192687473377,0.2167149054573861,0.22984138980377747
1220,27037,,0,no residential sales in 2024,,,,,,,,,,,,,,,,,,,,,,,,,
1221,27109,MN,2275,ok,acceptable (VEI within +/-10),0.906829268292683,8.812789143515056,1.0215531157387925,-0.012406600511902448,-1.9016632996741094,0.9409492262191449,0.7829657046835988,0.9547521564752026,-0.045247524559645015,-8.061475004100122e-09,-0.018989486760655483,-0.02142749745802308,,0.10861307881115738,0.14349920146367298,0.10454641413488538,0.07876237530363359,0.1381446765818019,,0.10471662993785306,0.10471597178064891,0.13110358933549976,0.13845146397452268,0.14520611963824098
1222,18089,IN,6287,ok,acceptable (VEI within +/-10),0.8396221180256915,20.79217103354955,1.009837304167167,0.022727158063844368,7.113939305585927,1.0033563623998554,0.790094023237013,0.9768757842011795,-0.023122728733708214,-8.385015914857947e-08,0.001020907013493444,-0.0003045909425265503,,0.22598020925517687,0.10180879398126629,,,,,0.11145222738021356,0.11145022547667818,0.0813484797332998,,0.012644391583884447
1223,19137,IA,0,no residential sales in 2024,,,,,,,,,,,,,,,,,,,,,,,,,
1224,27137,MN,3288,ok,acceptable (VEI within +/-10),0.850754763443839,25.09507530113251,1.0659320191256298,-0.007880572476779635,-7.377291388740842,0.8925430573920153,0.6828686650261293,0.9204672228000605,-0.07951806641294001,-3.2854478060500247e-07,-0.04106697373330892,-0.047217888312897305,,,0.22540858338113,0.12956264082552052,0.17298272239829257,0.241301548233836,,0.24488059244949364,0.24486659770517172,0.1984830387051224,0.2309098397308052,0.22902198438547045
1225,06077,CA,0,no residential sales in 2024,,,,,,,,,,,,,,,,,,,,,,,,,
1226,27035,MN,1514,ok,acceptable (VEI within +/-10),0.8755723225460397,21.023404676585475,1.0594618523713295,0.008638447879865776,0.8414002733087245,0.897486436580494,0.6486091202065105,0.9651122741767453,-0.0348844739210782,-1.1284543774290732e-07,-0.043051412957423096,-0.05753594373860538,,0.2252913450112426,0.20927236840736183,,0.048757774802785946,0.23560039628546073,,0.15799813336352592,0.15798956851789003,0.17661059994761483,0.229362344795354,
1227,05063,AR,3,skipped (fewer than 100 sales),,,,,,,,,,,,,,,,,,,,,,,,,
1228,31041,NE,124,ok,acceptable (confidence intervals overlap),0.7313087428726581,30.216591679374343,1.1544732899717507,-0.0013383341953717837,15.243482887819702,0.8264195725930311,0.3875536562376475,0.8733194942684059,-0.1266726313717029,-3.0945673224364275e-07,-0.08418110412097102,-0.12578475664689304,,,,0.10958426989249394,,,,,,0.13162736953476864,,
1229,17109,IL,253,ok,acceptable (VEI within +/-10),0.9209076923076923,20.54363950567796,1.0592573615504752,-0.04328704828922032,-7.916501997460681,0.8846355425784478,0.7351563530285105,0.8841604573439285,-0.1158373579020958,-9.773677832805304e-07,-0.04054132185529613,-0.04609751527062045,,0.23056962574743628,0.21052538443374857,0.23499275353331153,0.21287632884548038,0.21328789495379993,,0.22921983159843992,0.22921568376640308,0.1948079177877184,0.20309815952529145,0.19640113602297485
1230,36025,NY,702,ok,UNACCEPTABLE regressivity,0.8444370641595578,41.226265520215165,1.2001132546507354,-0.13826483012081173,-38.59015314518482,0.7072317185327233,0.5282600181751542,0.6710107558180252,-0.32898796342329756,-9.237773004719134e-07,-0.11695403060180931,-0.12537671987601362,,,,,,,,,,,,
1231,42007,PA,2163,ok,UNACCEPTABLE regressivity,0.8333333333333334,29.81411421962935,1.1031190627314964,-0.09617320551580483,-36.9832258064516,0.8374682759101255,0.6518959100795407,0.7809350860183899,-0.21906374151109784,-7.707695924056974e-07,-0.056625623236952194,-0.055936345276728305,,,,,,,,,,0.23628235082698273,,0.24886492075621708
1232,21019,KY,759,ok,acceptable (confidence intervals overlap),0.7445956765412329,44.86098053072615,1.2319260683280768,-0.06493272276473916,-17.79528379326767,0.7708383696225946,0.3890281160901474,0.7686623346421239,-0.23132032105223047,-8.998944525578221e-07,-0.1050685861308609,-0.12414662413907362,,,,,,,,,,0.24699380248034983,,
1233,31027,NE,110,ok,acceptable (confidence intervals overlap),0.7479316390858943,42.807731837044805,1.31614432613347,-0.06969038915446596,-10.014637964210063,0.7717204505503733,0.32287955047358124,0.6956596674721657,-0.3043365016865423,-4.6353267689577703e-07,-0.12508562363726483,-0.18234692672013408,,,,,0.2470687666800679,,,,,,,
1234,26141,MI,269,ok,acceptable (VEI within +/-10),0.7078260869565217,28.99579000310868,1.059219633935091,-0.0017039216138639655,4.468762672646176,0.9183618064640151,0.5995055447111475,0.8680118418824403,-0.1319822029874877,-3.209024751614225e-07,-0.031052946357157385,-0.03408769120135413,,,0.24627814960390793,0.041718624582464746,,0.2354118014435695,,,,0.19313562157641664,0.22039034372974065,0.22805703969221688
1235,26019,MI,0,no residential sales in 2024,,,,,,,,,,,,,,,,,,,,,,,,,
1236,39125,OH,0,no residential sales in 2024,,,,,,,,,,,,,,,,,,,,,,,,,
1237,31015,NE,35,skipped (fewer than 100 sales),,,,,,,,,,,,,,,,,,,,,,,,,
1238,08079,CO,60,skipped (fewer than 100 sales),,,,,,,,,,,,,,,,,,,,,,,,,
1239,38039,ND,19,skipped (fewer than 100 sales),,,,,,,,,,,,,,,,,,,,,,,,,
1240,51081,VA,81,skipped (fewer than 100 sales),,,,,,,,,,,,,,,,,,,,,,,,,
1241,18087,IN,400,ok,acceptable (confidence intervals overlap),0.7499952729404201,32.258603387500976,1.0443025050912842,0.06509602079632625,14.966309005252617,0.8699838831082958,0.5524288384406278,0.9409294056696791,-0.05905605772424027,-2.6196136540970547e-07,-0.04215150733659656,-0.049208620477932064,,,0.2034992306034891,,,0.24114444033194388,,,,0.1569334121110967,0.22448142014401076,0.2415994051365877
1242,40111,OK,496,ok,UNACCEPTABLE regressivity,0.6423405128205129,62.651026218982295,1.8866659398338765,-0.26344699233730084,-79.45007802952047,0.5450757210003744,0.035610191272583365,0.48814550445452565,-0.5118495765892015,-3.475807173839257e-07,-0.2687811899124206,-0.36458176106124407,,,,,,,,,,0.17656512212005704,,
1243,48501,TX,40,skipped (fewer than 100 sales),,,,,,,,,,,,,,,,,,,,,,,,,
1244,48221,TX,1166,ok,UNACCEPTABLE progressivity,0.8307041406999904,37.34969648449389,7.098985949492597,0.02555952493159801,67.32504392721627,0.30005418341879037,-0.00019567515610721594,0.18504058879899968,-0.8149574036913682,-1.2247348713319735e-09,-0.6241988202689481,-0.8610690208632099,,,,,,,,,,0.0037790572991811093,,
1245,18157,IN,1759,ok,acceptable (VEI significance <= 10),0.7303974221267454,19.61191473769749,1.049041298204645,0.045043769248784574,15.16313301755496,0.9128639854885914,0.6138683920714396,0.9441183019727444,-0.0558802212712807,-1.0054017568602134e-08,-0.03239807422017149,-0.03810299507148707,,0.21392109231512366,0.20950962825605726,,,0.19426765716393676,,0.14093455172448863,0.14093369359990768,0.15179799373833638,0.19157357512579326,0.22995123879224527
1246,08103,CO,134,ok,acceptable (VEI significance <= 10),0.5730227272727273,42.36791238177896,1.5511145986808201,-0.020041167654871208,-25.975225300891292,0.5884392613986952,0.19940534690759043,0.5489414641414071,-0.4510422784054415,-7.827191816483181e-08,-0.24313979034678712,-0.28635112528173257,,,,0.1711762422701984,,,,,,0.19362943259243906,,
1247,56025,WY,946,ok,acceptable (VEI within +/-10),0.8444926981301886,21.090729520356707,1.0270527644744438,0.04113406855913208,4.805036228809486,0.8909797680262403,0.7176880879709995,0.9009308384458632,-0.09906789525041672,-2.109823718463322e-07,-0.0290769626951195,-0.03155043493812304,,0.2330483803410405,0.15024983855607466,,,0.1734783562992587,,0.161230141309876,0.1612289412996318,0.15534697538452333,0.16466904914345895,0.16860329263117715
1248,05017,AR,111,ok,UNACCEPTABLE regressivity,1.059076923076923,97.67440241247155,6.984982593246522,-0.40749091013634786,-86.31034730374815,0.48667279899262517,0.01792396806746503,0.42294413934011676,-0.5770646969606285,-2.2278249940383947e-07,-0.431414792475286,-0.70518778633919,,,,,,,,,,0.22163282094950965,,
1249,48507,TX,22,skipped (fewer than 100 sales),,,,,,,,,,,,,,,,,,,,,,,,,
1250,17093,IL,1706,ok,acceptable (VEI within +/-10),0.8667396401985112,10.076316090664031,1.009176434897848,0.009688184650510717,5.110841513510208,0.9138074518559143,0.7646650419318373,0.9317165957820904,-0.06828259624088044,-1.6709091986363868e-07,-0.01646464486480337,-0.01787268846368617,,0.12393366917427509,0.09430548631141854,,,0.1050275874638362,0.18519156945718385,0.09669644272598564,0.09669602741588479,0.0857783239871688,0.10048399601301629,0.10512469428495272
1251,29109,MO,0,no residential sales in 2024,,,,,,,,,,,,,,,,,,,,,,,,,
1252,19121,IA,0,no residential sales in 2024,,,,,,,,,,,,,,,,,,,,,,,,,
1253,29127,MO,0,no residential sales in 2024,,,,,,,,,,,,,,,,,,,,,,,,,
1254,48213,TX,1001,ok,UNACCEPTABLE progressivity,0.8812608413334633,50.00892198906816,2.4304180342002097,0.1381936623999891,58.01998266862985,0.5888046933792819,0.0007594993546087463,0.9751089558141269,-0.024879496842312106,-1.7305978377792112e-09,-0.3189312926025858,-0.5887969474255048,,,,,,,,0.21792611518224175,0.21799865283214934,0.023022766544236413,,
1255,26091,,0,no residential sales in 2024,,,,,,,,,,,,,,,,,,,,,,,,,
1256,12085,FL,3341,ok,acceptable (VEI within +/-10),0.808,13.512119512465699,1.0730077550525667,-0.022558602271484145,-7.925808031458552,0.9198298223820425,0.5719807362350354,0.9407513221997701,-0.059248116050729514,-1.068366751454739e-08,-0.04001523446527577,-0.053395560612655046,,0.1631498051144723,0.21958898631299292,0.16883445862572083,0.1836709654290135,0.22677619977452787,,0.17229793110760216,0.17229691517213505,0.1548028551851821,0.2362558916761177,
1257,24039,MD,370,ok,UNACCEPTABLE regressivity,0.8309381663113007,31.527327674422853,1.2906321871457482,-0.15160993926195115,-34.4991574931787,0.7144520119551702,0.29398169516509265,0.6816443280467217,-0.31835372053815875,-3.467316795858272e-07,-0.13623213664437084,-0.16705298203401298,,,,,,,,,,0.19334370902768583,,
1258,22003,LA,184,ok,acceptable (confidence intervals overlap),1.0,40.81489581512521,1.9665602159884201,-0.19102629208738223,-44.31610889110891,0.6036578047576195,0.13616406393825098,0.5143403687528899,-0.4856554815134454,-7.38167764195351e-07,-0.25341851272641125,-0.34594799311616087,0.0,,,,,,,,,,,
1259,22013,,0,no residential sales in 2024,,,,,,,,,,,,,,,,,,,,,,,,,
1260,21097,KY,257,ok,UNACCEPTABLE regressivity,0.7704402515723271,36.31961367589991,1.1542388853497187,-0.07218585242935849,-37.02733194502291,0.7641020864811817,0.5033567330506252,0.7219248773710165,-0.27807117103699436,-9.677982525293798e-07,-0.0930566573923357,-0.101219824293727,,,,,,,,,,0.2423306033754927,,
1261,18163,IN,2606,ok,acceptable (VEI within +/-10),0.7212294478527608,31.287439852325257,1.7161290091483572,0.01656892922297563,-4.0965402388126355,0.6213984089112526,0.01507418200305177,0.8666049873030804,-0.1333864398525626,-3.2688408562246875e-09,-0.24230210555425868,-0.3971702368753327,,,,,0.12296587256189057,,,,,0.0645070844476065,,
1262,48347,TX,326,ok,UNACCEPTABLE progressivity,0.9268717328746365,26.69233798784463,1.0244289335600996,0.06672457527699484,23.733300301214324,0.9192653545449292,0.6898158542446364,0.9953133073218391,-0.004681823785349116,-2.4547137914957184e-07,-0.025282473585954923,-0.03478448074039031,,,0.14465004770277234,,,0.17154972561500834,,0.06766071039990826,0.06783371741419729,0.14253388075464976,0.16000687321277876,0.17197113215494633
1263,06087,,0,no residential sales in 2024,,,,,,,,,,,,,,,,,,,,,,,,,
1264,40055,OK,68,skipped (fewer than 100 sales),,,,,,,,,,,,,,,,,,,,,,,,,
1265,01109,AL,449,ok,acceptable (VEI significance <= 10),0.9746898263027295,33.49994522954361,1.220486488452792,-0.06299962713599627,-11.231989929282825,0.731256469084108,0.3323300027371779,0.7410989346901075,-0.25889470076355015,-7.698753938046516e-07,-0.11767015828066674,-0.14676865001200246,,,,,0.23061197824602345,,,,,,,
1266,08027,CO,132,ok,UNACCEPTABLE progressivity,0.7991046972269383,34.60274593372928,1.1135468712571042,0.07562225214815323,49.72588534403753,0.8242203268552134,0.34220362526562165,0.910266694952252,-0.08972869042691425,-9.309022585715518e-08,-0.07619634709989564,-0.11266836087171583,,,,,,,,,,0.1672689822648563,,
1267,13317,GA,109,ok,acceptable (confidence intervals overlap),0.5259325842696629,50.267786719476256,1.2646755091863489,-0.1712654866008288,-24.29926253159722,0.7817854916701069,0.33640803654800616,0.6905866255428416,-0.3094125284231119,-3.8388632311056266e-07,-0.1031522128259792,-0.10914972615136409,,,,,,,,,,0.18368120803919996,,
1268,26031,MI,607,ok,UNACCEPTABLE regressivity,1.1266666666666667,1774.1014157411253,18.721089420392392,-4.564522142120819,-67.20983158852982,0.38359321754303083,0.383003293888735,0.19580814573474323,-0.8042211049706166,-6.310174829271842e-05,-0.40002779820000334,-0.3899905445518641,,,,,,,,,,,,
1269,55137,WI,686,ok,acceptable (VEI significance <= 10),0.9295516569200779,23.42753354065116,1.0594110582976979,-0.03591904174862833,-19.422232341328083,0.9115505011702543,0.7594602484928099,0.8942020303315842,-0.1057977433663193,-2.998715983632712e-07,-0.03348636866091037,-0.038540744216187806,,0.24855725322684394,0.23692170607517793,0.2090937659605598,,0.23640643200384986,,0.24037223936006044,0.24037164793594495,0.1945249359463298,0.23774505354030281,0.23739965163375043
1270,40095,OK,329,ok,acceptable (VEI within +/-10),0.83778,37.520252489157215,1.2058695360368858,-0.06710725911599881,-0.51787782093942,0.7623927578855162,0.35144077998421797,0.6783050820139914,-0.3216926631473213,-4.570435151863116e-07,-0.10327312742345063,-0.12766167693929065,,,,,0.03704645559127196,,,,,0.22642645586352894,,
1271,45055,SC,1379,ok,acceptable (VEI within +/-10),0.9888483173788611,35.6373588825591,1.1180090329238228,0.05755754330459783,0.0,0.7763328153449905,0.35658789927837625,0.5808610842519637,-0.41913587251609713,-3.38079101139864e-07,-0.07341865823708216,-0.08209698979311275,0.18983215964956093,,,,0.0,,,,,0.21244999681868154,,
1272,36059,NY,9757,ok,acceptable (VEI within +/-10),0.6751269035532995,13.540163233157859,1.030827109043322,-0.03370625543622352,-6.765201408732923,0.8660312294492659,0.5473265249730259,0.8689501727218154,-0.1310494366532201,-4.175593646407525e-08,-0.03611920609428276,-0.03595636404856495,,0.15813521367336808,0.16349512722363133,0.12329766034282325,0.1285581595006932,0.1632245742291521,,0.15519439338080457,0.15519411369565933,0.10450709751476359,0.1623325083891032,0.18037684378110003
1273,31021,NE,116,ok,UNACCEPTABLE regressivity,0.8483533333333333,33.13019858584771,1.2868177790845758,-0.12206033331150555,-32.977611529787126,0.6734695664634008,0.23094321871731524,0.6631342391700169,-0.33686172555696803,-9.72708337381422e-07,-0.14737020763800035,-0.1936310569680546,,,,,,,,,,0.2272968878254192,,
1274,48163,TX,46,skipped (fewer than 100 sales),,,,,,,,,,,,,,,,,,,,,,,,,
1275,24021,MD,3725,ok,acceptable (VEI within +/-10),0.7897526501766784,11.9620796535807,1.0099436494376193,0.015249121526385166,3.7063292319164836,0.945748355071036,0.6984630540398794,0.9706085970124652,-0.029388427282893526,-5.3947819741155125e-08,-0.012608718153315657,-0.014790069165810715,,0.1450995169591414,0.10040720444602985,,,0.09955989908202222,,0.08469034570724157,0.08468373294311196,0.07735155581079767,0.09841309859098636,0.10143759035892472
1276,48455,,0,no residential sales in 2024,,,,,,,,,,,,,,,,,,,,,,,,,
1277,21071,KY,407,ok,acceptable (confidence intervals overlap),0.8,55.50731567736174,1.2018375468663456,-0.03206001723062545,15.400070824930376,0.9181830221069734,0.699426392443119,0.7918736991714491,-0.2081176276510755,-7.893711690061087e-07,-0.04427883970327673,-0.03461301101765346,,,,,,,,,,,,0.2046067674845917
1278,48321,TX,180,ok,acceptable (VEI within +/-10),0.931830257556254,23.72778658065169,1.0259539312956534,0.02678574715058835,9.628673454616804,0.8862141864521541,0.8159688863927769,0.9598546314928524,-0.04014434139802605,-4.325031510178034e-07,-0.029429824884864786,-0.030644028866390727,,,0.11585269912358682,,,0.20262977101652913,0.22612951179446492,0.09924456898308849,0.09925787193771175,0.15442747840028098,0.17153261358444347,0.1613136183161932
1279,36063,NY,1492,ok,acceptable (confidence intervals overlap),0.8539668147610844,24.53575769735383,1.067730733527261,-0.05999947121691276,-13.336208209061681,0.8727045311583389,0.6995994741355676,0.8243519675927266,-0.17564643115282472,-5.567531645524106e-07,-0.0426722836455411,-0.04314264236531806,,,0.22699034110091879,0.23638760687322305,0.23541036876194452,0.22790812074180675,,,,0.21626988135481523,0.22338240490578132,0.21832763531018673
1280,20113,,0,no residential sales in 2024,,,,,,,,,,,,,,,,,,,,,,,,,
1281,13277,GA,383,ok,acceptable (VEI significance <= 10),0.9214551724137932,26.721119523184083,1.0301810172546335,0.027581082484522568,20.072507989465485,0.9737730676854198,0.821779962563346,1.0012538616126256,0.0012539322154811908,-1.1022539997544383e-08,-0.012250456805343868,-0.017464450820746658,,,0.09499141783257757,,,0.11702988824198744,0.10016321969868344,0.014538478158949616,0.0145385796490652,0.12653175052811463,0.12111254623859712,0.14638834986425564
1282,21179,KY,831,ok,acceptable (VEI within +/-10),0.7496571428571429,27.800062162006267,1.0369316343115635,0.04646530275590095,7.5388065009371905,0.892592958785259,0.563649442261054,0.9370035134155309,-0.0629744966973323,-2.57092735374927e-07,-0.031627085492760054,-0.033991758786029,,,0.17349455302983505,,,0.20684096879390917,,0.21298914408022762,0.21302741385435978,0.14353233202136684,0.18160149909759152,0.16408980324645128
1283,20107,,0,no residential sales in 2024,,,,,,,,,,,,,,,,,,,,,,,,,
1284,47101,TN,0,no residential sales in 2024,,,,,,,,,,,,,,,,,,,,,,,,,
1285,29207,MO,0,no residential sales in 2024,,,,,,,,,,,,,,,,,,,,,,,,,
1286,40091,OK,424,ok,acceptable (VEI significance <= 10),0.7184288484848484,54.11196127296783,1.3355007317591365,-0.1446601412265433,-32.94161418310225,0.7326413539394767,0.3822375275677484,0.6828879984648354,-0.3171076001841484,-8.886657518281847e-07,-0.12933360454950682,-0.15464384579492974,,,,,,,,,,,,
1287,28093,MS,353,ok,acceptable (VEI significance <= 10),0.40599335292663496,53.803066259941424,1.2102837685564776,0.04404628233979801,25.927278663108364,0.6171060049837738,0.11483017473578182,0.5169865678707891,-0.4830035778063868,-2.713510679775465e-07,-0.13625300903466853,-0.1601147911488756,,,,,,,,,,0.18960429174665294,,
1288,48225,TX,100,ok,acceptable (confidence intervals overlap),0.8482246265405523,29.91085483006827,1.0950263127987316,0.032245839317086085,15.284379415042087,0.8087459474001654,0.5330560905737153,0.9395524988782573,-0.060402552914917015,-2.8654218863121644e-07,-0.07678351532425576,-0.09306037458060401,,,,,,,,,,0.23703925179793495,,
1289,30053,MT,0,no residential sales in 2024,,,,,,,,,,,,,,,,,,,,,,,,,
1290,05069,AR,0,no residential sales in 2024,,,,,,,,,,,,,,,,,,,,,,,,,
1291,31049,,0,no residential sales in 2024,,,,,,,,,,,,,,,,,,,,,,,,,
1292,26109,MI,315,ok,UNACCEPTABLE regressivity,0.6888888888888889,33.65384148867492,1.111933742432301,-0.09277495532577973,-31.600496277915624,0.7492875542483882,0.508546432137426,0.6613710666303495,-0.3386270084557221,-1.1341482509295073e-06,-0.08111957790031821,-0.07871220678146851,,,,,,,,,,0.22270460027657768,,
1293,16009,ID,82,skipped (fewer than 100 sales),,,,,,,,,,,,,,,,,,,,,,,,,
1294,18121,IN,184,ok,acceptable (VEI significance <= 10),0.8143039814007555,53.13081425180837,1.5987555539299756,-0.1408728746704563,-36.60169459374769,0.5512531658144373,0.06305426362999048,0.644990610515848,-0.35500281443757714,-2.7880424408679083e-07,-0.24525646167611792,-0.31913264999003177,,,,,,,,,,0.12021659380213222,,
1295,48299,TX,259,ok,acceptable (confidence intervals overlap),0.8832211247071928,32.72453510054617,1.0794686793791461,0.03140467489516351,16.0566961033697,0.9011967022097518,0.6535093680863368,0.9271932335999158,-0.0728016818470026,-8.241760953638894e-08,-0.046871062684183284,-0.06446368794636892,,,,,,,,,,0.2080285147125437,,
1296,29155,MO,0,no residential sales in 2024,,,,,,,,,,,,,,,,,,,,,,,,,
1297,21223,KY,124,ok,acceptable (confidence intervals overlap),0.800437636761488,32.66690585878334,1.1562784471922114,-0.07663544292001662,-15.953292197141296,0.7083443286129849,0.38397294660400033,0.6849342942171356,-0.3150595789178477,-9.27164968527173e-07,-0.10448777681177313,-0.11873081437380972,,,,,0.23708979502276675,,,,,0.24922628144696335,,
1298,31177,NE,248,ok,acceptable (VEI within +/-10),0.7888322510822511,16.14200434305783,0.9988792983108357,0.05231939921776004,9.988982439044987,1.001350617318356,0.7826904337685677,1.03798457101918,0.037987448870304245,7.269886898522686e-09,0.00041299750147971714,-0.0018608755618265693,,0.19274368289350624,,,,0.015295761400665308,,,,,0.014550482070181113,0.027967067494021832
1299,24037,MD,1440,ok,acceptable (VEI within +/-10),0.846952642415923,12.60226011406476,1.014812445619788,-0.010983753032016189,-0.30797777698828743,0.9473167854871293,0.8168243472041122,0.9267843203538287,-0.0732151172061703,-1.0462986987139247e-08,-0.01367862523759622,-0.013803076933906366,,0.1484764055641406,0.10919221241699324,0.07210207117881684,0.025819475912951105,0.10318754661186502,0.1752674728137694,0.12200890679507465,0.12200867563638007,0.10473411470526978,0.11586031436654777,0.11888230895232384
1300,31139,NE,104,ok,acceptable (confidence intervals overlap),0.7965661111111111,39.74518558254293,1.3058128964929872,-0.10390707155314033,-24.615906238504063,0.7376303629680654,0.36427265071351905,0.5991067635472263,-0.40089278425484326,-2.9929562728932444e-07,-0.1353558863347497,-0.16885852981966698,,,,,,,,,,,,
1301,42053,PA,0,no residential sales in 2024,,,,,,,,,,,,,,,,,,,,,,,,,
1302,51036,VA,90,skipped (fewer than 100 sales),,,,,,,,,,,,,,,,,,,,,,,,,
1303,29217,,0,no residential sales in 2024,,,,,,,,,,,,,,,,,,,,,,,,,
1304,42005,PA,0,no residential sales in 2024,,,,,,,,,,,,,,,,,,,,,,,,,
1305,47053,TN,789,ok,UNACCEPTABLE regressivity,0.8843400447427293,34.35415118201899,1.1649733682895438,-0.11772693614441015,-51.364991960570485,0.8490307110706307,0.5763595496023545,0.761314419083608,-0.23868539680497494,-5.469190097260152e-07,-0.06348005115015787,-0.07239691471122445,,,,,,,,,,,,
1306,49011,UT,3220,ok,acceptable (VEI within +/-10),0.8572560255673148,16.025073082090955,1.0237098340445263,0.00496231309417679,1.0156705814656137,0.7980137131640117,0.6691529342374785,0.7979951670078298,-0.2020045566346048,-1.518202087744328e-07,-0.03892070059046038,-0.03865020721999146,,0.1860301502425904,0.14715803719369103,,,0.17014714413953397,0.24835694982935128,0.17044933770491807,0.1704491973870444,0.12143660587919548,0.1563478432942344,0.15690395297385096
1307,28029,MS,92,skipped (fewer than 100 sales),,,,,,,,,,,,,,,,,,,,,,,,,
1308,29117,MO,0,no residential sales in 2024,,,,,,,,,,,,,,,,,,,,,,,,,
1309,33017,NH,0,no residential sales in 2024,,,,,,,,,,,,,,,,,,,,,,,,,
1310,45005,SC,76,skipped (fewer than 100 sales),,,,,,,,,,,,,,,,,,,,,,,,,
1311,13207,GA,351,ok,UNACCEPTABLE progressivity,0.7217670682730923,28.38152682450561,0.9425326876659735,0.12987231844758199,51.04881278924736,1.1909007011430683,0.8879956282438288,1.1179757783485824,0.11797747010179674,2.845175992308436e-07,0.06352817242486153,0.06689166812899694,,,,,,,0.19062270026364683,,,,,
1312,51580,VA,75,skipped (fewer than 100 sales),,,,,,,,,,,,,,,,,,,,,,,,,
1313,13117,GA,3540,ok,acceptable (VEI within +/-10),0.9176803498257462,13.647085273931207,1.0495408722968564,0.036265827881318824,8.476480702858273,0.8819815833836134,0.6205982348744674,0.9615860166889248,-0.03841556850103717,-4.239090574555275e-09,-0.03949623855768358,-0.04770894183858476,,0.16165625649996768,0.18626884560993218,,,0.18217498863196246,,0.11645347283664116,0.11645777275026589,0.1412425898182819,0.18103797419923787,0.22344732576849805
1314,48425,TX,72,skipped (fewer than 100 sales),,,,,,,,,,,,,,,,,,,,,,,,,
1315,13009,GA,529,ok,acceptable (VEI significance <= 10),0.797859649122807,37.757491715110774,1.4515852826849458,-0.08112915777138889,-55.17624384078685,0.6927374621724899,0.2398864049523602,0.7190702940115226,-0.2809253792569963,-1.7111000381539387e-07,-0.1802335106209183,-0.25295642748481395,,,,0.24378776124905446,,,,,,0.2076392940883134,,
1316,38031,ND,22,skipped (fewer than 100 sales),,,,,,,,,,,,,,,,,,,,,,,,,
1317,06009,,0,no residential sales in 2024,,,,,,,,,,,,,,,,,,,,,,,,,
1318,31031,NE,38,skipped (fewer than 100 sales),,,,,,,,,,,,,,,,,,,,,,,,,
1319,02195,,0,no residential sales in 2024,,,,,,,,,,,,,,,,,,,,,,,,,
1320,20205,,0,no residential sales in 2024,,,,,,,,,,,,,,,,,,,,,,,,,
1321,51105,VA,252,ok,UNACCEPTABLE regressivity,0.5371255060728745,52.29397537172506,1.3057892855439304,-0.18614044813430033,-33.39615223491975,0.6487862631891723,0.3065013864077587,0.6187700095267551,-0.3812214987851982,-1.7909933862463498e-06,-0.14752178976227825,-0.15569702114149986,,,,,,,,,,0.23176655165014032,,
1322,22037,LA,106,ok,acceptable (confidence intervals overlap),0.8982135597460674,15.791536601077203,1.0610883084361529,-0.026533196804525875,-10.223283993049863,0.8821181546031793,0.6224557847750128,0.9046539609121625,-0.09534363986879277,-3.546645423853274e-07,-0.04518205307420775,-0.06039456164839052,,0.1816434595190489,0.22234062733962565,0.20508641040093603,0.191448164184431,0.22227562814912633,,0.22129851349830804,0.2212909890960894,0.19604069504653135,0.2218189581561206,0.22888532203467057
1323,06065,,0,no residential sales in 2024,,,,,,,,,,,,,,,,,,,,,,,,,
1324,06089,CA,0,no residential sales in 2024,,,,,,,,,,,,,,,,,,,,,,,,,
1325,36097,NY,229,ok,UNACCEPTABLE regressivity,1.005952380952381,37.845796178099164,1.2275522293793715,-0.20117804873985073,-46.3141355868737,0.6276695412489489,0.5026604754851265,0.5843618326320419,-0.415639147124765,-1.4096642123249005e-06,-0.14265842721290634,-0.15845214273031227,0.11900339382391882,,,,,,,,,,,
1326,20011,KS,104,ok,acceptable (VEI within +/-10),0.5698968504858917,34.39133867424416,1.2082105742128035,-0.00937985326332124,0.0471184344223797,0.7102361037934914,0.269134139537459,0.7590188431832532,-0.2409722830902333,-1.8346733964081388e-07,-0.13227625667697107,-0.16021587210515031,,,,0.07953146236718824,0.004615777576318011,,,,,0.13539427198736148,,
1327,18075,IN,225,ok,UNACCEPTABLE regressivity,0.7706666666666667,40.75861957710669,1.269279392402609,-0.18117728255730114,-39.51311762027326,0.6967114127535695,0.3730747148020978,0.6280346895650882,-0.37196189305478145,-1.1065078887484766e-06,-0.13111654854345134,-0.14020327126388255,,,,,,,,,,,,
1328,22057,LA,807,ok,acceptable (VEI within +/-10),0.74,32.44515309671655,1.0556364891266943,-0.0033653393945636237,6.833698366721082,0.9413415149340808,0.6382321633175128,0.8779109073219103,-0.12208547473077554,-3.603380782303767e-07,-0.020477407090239375,-0.02243936262545332,,,0.21018163087423128,0.09394554219278685,,0.16166406770096026,,,,0.2166431716401451,0.17298740862690223,0.17859525747341476
1329,48053,,0,no residential sales in 2024,,,,,,,,,,,,,,,,,,,,,,,,,
1330,05029,AR,1,skipped (fewer than 100 sales),,,,,,,,,,,,,,,,,,,,,,,,,
1331,08089,CO,228,ok,acceptable (VEI within +/-10),0.7020034594594595,37.07661242461708,1.6053935497301883,-0.04573358075501717,9.612651984880474,0.5139671810846028,0.0006784413127972433,0.6098310437465874,-0.3901591549649998,-4.873926620969084e-08,-0.26838868435864827,-0.3672893715103125,,,,,,,,,,0.055705847081518135,,
1332,20177,,0,no residential sales in 2024,,,,,,,,,,,,,,,,,,,,,,,,,
1333,30043,MT,0,no residential sales in 2024,,,,,,,,,,,,,,,,,,,,,,,,,
1334,27039,MN,298,ok,acceptable (VEI within +/-10),0.909811261148743,12.12116582157148,1.0040448810310862,0.015779769996849116,8.326604121963172,0.9794088969666627,0.9244069178252482,0.9930629081229587,-0.006936283643029644,-5.243882012092647e-08,-0.005182697348699472,-0.006093151122327889,,0.15036416941943026,0.05046296482405475,,,0.06372101052544918,0.13693237887475232,0.03682800239369269,0.0368269292112866,0.05110173211200016,0.06307033175346859,0.05378852328350149
1335,27097,MN,627,ok,UNACCEPTABLE progressivity,0.833,32.425471370774794,1.0007906008477747,0.0701134383637255,48.962442119705024,0.9805617718479985,0.9412714135012213,1.010649770648599,0.010679810892042774,-3.10294408212853e-09,-0.007344131694484224,-0.006967927314824207,,,0.022408142808025982,,,0.10118629264504334,0.13622535444349668,,,0.02781470724568845,0.09246849798150095,0.07489921275266431
1336,29209,,0,no residential sales in 2024,,,,,,,,,,,,,,,,,,,,,,,,,
1337,47171,TN,321,ok,acceptable (VEI significance <= 10),0.5827997489014438,39.93845240844848,2.4298706229431852,-0.09309237188874252,-27.478890693388493,0.4804020628143682,0.000647189315991238,0.5652962430243048,-0.4346963698182561,-1.7569802968447928e-08,-0.3704635815532935,-0.5544607816531211,,,,,,,,,,0.024806959117585074,,
1338,35053,NM,62,skipped (fewer than 100 sales),,,,,,,,,,,,,,,,,,,,,,,,,
1339,06101,,0,no residential sales in 2024,,,,,,,,,,,,,,,,,,,,,,,,,
1340,21141,KY,381,ok,acceptable (VEI within +/-10),0.975316074653823,25.898843551003658,1.0501787609296311,0.021024009339643,7.211337448559673,0.9080069527565624,0.7744533606008299,0.9057592080032315,-0.09423157304996035,-9.243008862355805e-08,-0.03873041070137284,-0.045993338732343014,0.2290879808950991,,0.1978742019914772,,,0.24990287057001476,,,,0.20058593125889462,0.2040800437503204,0.21858472717106694
1341,09150,CT,0,no residential sales in 2024,,,,,,,,,,,,,,,,,,,,,,,,,
1342,41009,OR,575,ok,acceptable (VEI within +/-10),1.0198666666666667,15.079986822031755,1.0110187677421278,0.03351672349224768,4.6355315374543355,0.9684914954844359,0.8772386578497984,0.9421794695761483,-0.05782067759077635,-1.464952329158262e-07,-0.006319879637504577,-0.008448491149760873,,0.1779645616926324,0.11993703004947713,,,0.0641668677124326,0.1505149252712895,0.11537658241746944,0.115376063238764,0.11107187699304581,0.0626229860153632,0.0664288789842442
1343,48141,,0,no residential sales in 2024,,,,,,,,,,,,,,,,,,,,,,,,,
1344,35007,NM,165,ok,acceptable (VEI within +/-10),0.48469884223556436,27.647915966954752,1.0328028181833724,0.027214272607923487,9.741515014467787,0.9468823796008767,0.45976926445991023,0.9502493913532363,-0.04974508713100681,-7.119796371870191e-08,-0.021353887451889042,-0.025437780205300742,,,0.1498344700412214,,,0.1600202613448384,,0.15571248958758735,0.15572195259344584,0.14914660725514006,0.14057077257207615,0.1453680015888683
1345,51035,VA,0,no residential sales in 2024,,,,,,,,,,,,,,,,,,,,,,,,,
1346,42061,PA,0,no residential sales in 2024,,,,,,,,,,,,,,,,,,,,,,,,,
1347,12107,FL,1479,ok,acceptable (VEI within +/-10),0.8363111111111111,34.90289456892187,1.1434594259415587,-0.051055068729903834,-6.332452827153244,0.8806754517084434,0.547470641730281,0.8682339254977521,-0.13176374777124955,-3.1879676479118667e-07,-0.05559534100460195,-0.06480899707386989,,,,,0.18459091054300575,,,,,0.23249266902197002,,
1348,13243,GA,66,skipped (fewer than 100 sales),,,,,,,,,,,,,,,,,,,,,,,,,
1349,05103,AR,0,no residential sales in 2024,,,,,,,,,,,,,,,,,,,,,,,,,
1350,42117,PA,0,no residential sales in 2024,,,,,,,,,,,,,,,,,,,,,,,,,
1351,08125,CO,104,ok,acceptable (confidence intervals overlap),0.8254985581000849,35.62277339012278,1.382760366475599,-0.06350628017730593,25.023418258295056,0.6417702884711761,0.21851753307136468,0.7225980198007186,-0.2773988004436991,-1.859314565795795e-07,-0.18541618551982797,-0.24418553484322403,,,,,,,,,,0.12098272111069995,,
1352,20165,,0,no residential sales in 2024,,,,,,,,,,,,,,,,,,,,,,,,,
1353,37117,NC,0,no residential sales in 2024,,,,,,,,,,,,,,,,,,,,,,,,,
1354,53075,,0,no residential sales in 2024,,,,,,,,,,,,,,,,,,,,,,,,,
1355,31137,NE,119,ok,acceptable (confidence intervals overlap),0.8559642857142857,29.997398725013408,1.216810189274545,-0.010053027328966778,11.32365747406837,0.6821943932792938,0.1033358929471213,0.785922804838363,-0.2140503379802223,-5.18818632657771e-07,-0.1290694425850114,-0.17699907276041538,,,,0.11765875160415806,,,,,,0.19371476666781082,,
1356,55001,WI,926,ok,acceptable (confidence intervals overlap),0.8716860383699762,26.020831426809018,1.0206351435840235,0.021726264715992583,10.757445509574247,0.9766980306453021,0.7781544616454013,0.9840165179463928,-0.015982426805486935,-1.105456827726075e-07,-0.009582707137560265,-0.017654986784048088,,,0.15102414800932248,,,0.12612655872936898,,0.10560341215828957,0.10559178988512602,0.1494855445947182,0.1229345216023969,0.13486372959151727
1357,06003,CA,0,no residential sales in 2024,,,,,,,,,,,,,,,,,,,,,,,,,
1358,21107,KY,518,ok,acceptable (confidence intervals overlap),0.7752597402597403,38.1594527752742,1.168193096965217,-0.04714042016352453,-14.07273289158354,0.8578324665250647,0.4401924228009409,0.8195741403378067,-0.1804091912208609,-8.740711015693322e-07,-0.06427781488031936,-0.08095066694394237,,,0.2481030699599506,0.24195796885994306,0.2416940510258547,,,,,0.23986134898355688,,
1359,19197,IA,0,no residential sales in 2024,,,,,,,,,,,,,,,,,,,,,,,,,
1360,40135,OK,530,ok,UNACCEPTABLE regressivity,0.7006041806020067,49.29603359883408,1.5220480656156794,-0.20309904098945517,-141.57190277947822,0.5576865008306003,0.17017094549397938,0.46584052312675805,-0.534157067578618,-6.657000011206813e-07,-0.2249905914186925,-0.2793541165677085,,,,,,,,,,0.22210738836830965,,
1361,42027,PA,0,no residential sales in 2024,,,,,,,,,,,,,,,,,,,,,,,,,
1362,51570,VA,280,ok,acceptable (VEI within +/-10),0.7891144678492239,12.929960384335654,1.0062899538928567,0.008549276351266243,2.067538928514761,0.9914662080347499,0.7809538855599413,0.9568922776021018,-0.04310755335087451,-1.083485648865132e-09,-0.0033029808807170102,-0.0018604833802360332,,0.1524805302145721,0.10355916845765095,,,0.031384046049489765,,0.08018477800894117,0.08018505349137287,0.03051274562130619,0.030257294469286468,0.0839373772905144
1363,12063,FL,353,ok,acceptable (VEI significance <= 10),0.7829,26.732904756604803,1.0499556764780618,-0.06719132113735506,-13.838666271425938,0.9611331512715704,0.9262064613912045,0.8360329499244744,-0.1639673666352939,-8.476054208734481e-08,-0.01584746679477944,-0.0011270621067849262,,,0.23236908991262273,,0.2145380612199692,0.1818167287024285,0.12841915965083267,,,0.2168964814386586,0.1854279700170275,0.11454192818511087
1364,21119,KY,171,ok,acceptable (VEI within +/-10),0.8,90.29186006827281,1.613032438302931,-0.09095168618750155,-8.020603384841797,0.691128305862121,0.5276289825410561,0.5994059527077564,-0.4005845084161187,-3.6891967172947755e-06,-0.1698021093842348,-0.1684035316854524,,,,,0.20325844318856306,,,,,,,
1365,37103,NC,92,skipped (fewer than 100 sales),,,,,,,,,,,,,,,,,,,,,,,,,
1366,05095,AR,0,no residential sales in 2024,,,,,,,,,,,,,,,,,,,,,,,,,
1367,37053,NC,0,no residential sales in 2024,,,,,,,,,,,,,,,,,,,,,,,,,
1368,39091,OH,0,no residential sales in 2024,,,,,,,,,,,,,,,,,,,,,,,,,
1369,51683,VA,453,ok,acceptable (VEI within +/-10),0.8729787234042553,7.599528621411118,0.9906230149519362,0.023725647397334213,6.2568556891938485,1.0172869253098271,0.9020889420741002,1.0109900637276243,0.010990319081527127,1.0027089238197812e-09,0.006417935240314643,0.006753819172080733,,0.09052673488997894,0.06363702265743655,,,,0.15003541330870443,,,0.11831159339478682,,0.06328318588215358
1370,06105,CA,0,no residential sales in 2024,,,,,,,,,,,,,,,,,,,,,,,,,
1371,37095,NC,56,skipped (fewer than 100 sales),,,,,,,,,,,,,,,,,,,,,,,,,
1372,45031,SC,518,ok,acceptable (VEI within +/-10),1.0,1.170955561417703,1.00165085206618,-0.0012974541060715647,0.0,0.9958529797001624,0.9889948667718943,0.9972922291980298,-0.0027076338322097443,-2.05690212779369e-08,-0.0013665269656715218,-0.0014328653374351408,0.0,0.014954303381311292,0.05030121840878278,0.027822336304630383,0.0,0.05805355701523461,0.047470108410259976,0.05720285552028703,0.05719779777001269,0.050720831420294876,0.05825650259312613,0.056067255702216434
1373,39105,OH,0,no residential sales in 2024,,,,,,,,,,,,,,,,,,,,,,,,,
1374,27009,MN,555,ok,UNACCEPTABLE progressivity,0.8673846153846154,22.80164547513089,1.054930864022033,0.06718541331696136,53.47208648151231,0.8797532107033583,0.5940297534618241,1.0290517724813013,0.029055033465093725,-4.8617426858495495e-08,-0.04803014075835588,-0.0671409962522751,,0.23257477117978514,0.21983212906828087,,,0.22471500539571979,,,,0.15929919145451313,0.22264421654379263,0.23062931829596775
1375,34029,NJ,10041,ok,UNACCEPTABLE progressivity,0.5147540983606558,21.778098650874163,1.0208480607792598,0.05989320346715641,18.87832959319072,0.9476000554757781,0.47193434776024623,0.9573137609711327,-0.04268389876959202,-2.0663573787531426e-08,-0.018675406265502792,-0.02438534690120564,,0.23647074608891708,0.1401069738764469,,,0.16491448372218884,,0.13620719724293706,0.1362044605639397,0.07691512014654396,0.1633716755279589,0.173734329773032
1376,01101,AL,3676,ok,acceptable (VEI within +/-10),0.9769850097992478,20.41466557848563,1.0527473099713418,-0.0012219492556648733,0.16761011863573913,0.9343708009612188,0.7513573439735902,0.9630693900766393,-0.03692641342720559,-1.3599521202233766e-07,-0.02904674936640017,-0.03896737451301924,,0.2234208334375201,0.1973728070569831,0.08675821775008848,,0.21244370309808785,,0.17910996544438598,0.17910337693181194,0.18383854950188153,0.2108205834071405,0.2248306055241883
1377,42047,PA,0,no residential sales in 2024,,,,,,,,,,,,,,,,,,,,,,,,,
1378,25027,MA,3815,ok,acceptable (VEI within +/-10),0.928328125,0.30583881814484626,1.0001428793303322,-0.0006659780460050214,-0.1011637577505578,0.9993260225960012,0.9272704594290166,0.9989988355252849,-0.0010009895911487735,-1.1776136485802859e-09,-0.0001589564221537998,-0.0001367868527972771,,0.0038036902471625953,0.011177401543191077,0.006884553381007778,0.015072888338408289,0.010979250431142385,0.12090433193193588,0.0122447703717279,0.012244307888579059,0.010854932297853222,0.010978092884230822,0.01047715404159592
1379,48307,TX,82,skipped (fewer than 100 sales),,,,,,,,,,,,,,,,,,,,,,,,,
1380,40041,OK,788,ok,acceptable (VEI within +/-10),0.8219078799249531,28.43771205735548,1.0861526100186445,0.006011955060173676,-1.2557165572224118,0.8805984621492193,0.488323799939605,0.9250743729154579,-0.07491937767665695,-1.6685462199067128e-07,-0.053018846195868274,-0.06885318947895103,,,,,0.07593682681908002,,,,,0.1925845859205131,,
1381,21041,KY,185,ok,acceptable (confidence intervals overlap),1.0,27.518726490660168,1.3314524260179994,-0.1089926506823557,-19.529931972789115,0.543059968815517,0.1363951198014659,0.5318311091733624,-0.46816287417606395,-1.24158120697832e-06,-0.20139595696594692,-0.27406714924437425,0.0,,,,,,,,,,,
1382,12123,FL,252,ok,acceptable (confidence intervals overlap),0.7794263375056343,32.74080235924082,1.1293266000975575,-0.033590595161250264,-18.30505538518662,0.8426282358212596,0.3218968865020656,0.8223649403837568,-0.17763170766478972,-3.934802588312868e-07,-0.06580846944663521,-0.08938729806869006,,,,0.20120042285992207,,,,,,0.1879192290653807,,
1383,13237,GA,526,ok,acceptable (confidence intervals overlap),0.893784064516129,20.450267319770305,1.0362058553178737,-0.0065503696005722685,-15.54325947992144,0.9568421421913881,0.8181300087734952,0.9638879208013407,-0.03611116618121164,-6.54980160203479e-08,-0.019498460257764583,-0.024367367928738837,,0.2315809226912362,0.1554694715614467,0.10630835798350595,0.23649052746189503,0.16820161765354613,,0.1850822687749276,0.18507791221883502,0.15502431053690638,0.15168891712495408,0.18163629772008638
1384,13139,GA,2666,ok,acceptable (VEI within +/-10),0.9277880434782608,14.717116410187307,1.022211011187758,0.006087755730485345,-1.4501058301067447,0.9342973112597023,0.9473015379758004,0.9490845547391369,-0.05091400319806219,-3.3748523250108916e-09,-0.023912502643250955,-0.024475922597309463,,0.17438340283309042,0.13468254287670528,,0.05792138496231488,0.1951796099372945,0.09368089847878455,0.12691233262166352,0.1269112013577206,0.1220027894083331,0.1952089786153369,0.17915887648298107
1385,47063,TN,1154,ok,UNACCEPTABLE regressivity,0.5003092783505154,36.39400813714287,4.317148253276138,-0.10312175790478632,-34.0612128645033,0.3615625727368997,0.0002695954720306956,0.41990352338377046,-0.5800872102691516,-1.0602992361352813e-08,-0.5241624283747663,-0.7497279247792539,,,,,,,,,,0.02068372615641842,,
1386,29079,MO,31,skipped (fewer than 100 sales),,,,,,,,,,,,,,,,,,,,,,,,,
1387,26157,MI,344,ok,UNACCEPTABLE regressivity,0.9306391953277093,39.546288129222795,1.3042622218886166,-0.0860726000346381,-48.94571295288653,0.6159471987473354,0.10723293444675697,0.7651319036709897,-0.2348443383475158,-4.7524522251504093e-07,-0.16434519201776787,-0.19803529420430488,,,,,,,,,,0.15917384710090537,,
1388,18115,IN,56,skipped (fewer than 100 sales),,,,,,,,,,,,,,,,,,,,,,,,,
1389,51089,VA,641,ok,UNACCEPTABLE regressivity,0.5430303030303031,44.63120125549741,1.2230618080090097,-0.15972412033986647,-55.507811491779584,0.7869899526531291,0.3476992250858741,0.6741910199864714,-0.32580239401789707,-6.659740351856199e-07,-0.09047614824922734,-0.09068373402109375,,,,,,,,,,0.21465280835340209,,
1390,17015,IL,216,ok,acceptable (VEI within +/-10),0.8968986607929516,21.109028743418786,1.0091034624163926,0.00390182322239551,7.9167932422512655,1.005400909246209,0.9174112691084055,0.9506081197024673,-0.04939037232069627,-3.696498562707815e-08,0.0024594760731957432,0.014888967897201288,,0.24390864074359495,0.11082121517837534,0.0904556676840025,,,0.14900776115301367,0.18210196343909996,0.18210088055597662,0.13244166146096772,,
1391,26135,MI,215,ok,acceptable (confidence intervals overlap),0.7938931297709924,30.15498367213293,1.2964315135849178,-0.019399318612524304,10.298444800442411,0.716361686702161,0.13697523623491878,0.82657039577535,-0.17342816377541917,-8.549058163316718e-08,-0.13949482132954216,-0.20306107676707752,,,,0.16509845510497156,,,,,,0.06706817837694064,,
1392,27027,MN,588,ok,acceptable (VEI within +/-10),0.8823203802068773,9.854778679769298,1.0123177727520543,0.004833119186271335,-3.095193585250818,0.9716619685352548,0.6539910992310849,0.9772064424648242,-0.022792603615867043,-5.2219839401232796e-08,-0.007229934146339767,-0.009663757466887635,,0.1147343859325998,0.10850208318499857,,0.04963710774892464,0.0698758524999609,,0.079266825157829,0.07926196275645836,0.07240977826827079,0.06876604737889756,0.10062882210611022
1393,47169,TN,0,no residential sales in 2024,,,,,,,,,,,,,,,,,,,,,,,,,
1394,47047,TN,888,ok,acceptable (VEI significance <= 10),0.6713710227462428,25.39080235244393,0.9997326964672184,0.04499114123239745,17.291479369242413,1.0578628593596484,0.5422311037266117,0.9734353482391722,-0.02655628784994625,9.48889488297133e-10,0.018550025735527553,0.020088573842151902,,,0.007159192820229894,,,,,0.17906429859837694,0.17907205339682675,0.003234405216248497,,
1395,39095,OH,6083,ok,acceptable (VEI within +/-10),0.8077844311377246,22.99943910293031,1.0113805621281167,0.015751914063599486,2.5266795514077605,1.0130432805313525,0.7826890747150467,0.9709093633807558,-0.029088367419113345,-4.689721684382481e-08,0.005177142658132627,0.007464144316162158,,0.2396432330251559,0.09968135848178813,,,,,0.14165989900054762,0.14165666963776471,0.08354442471790767,,
1396,19129,IA,0,no residential sales in 2024,,,,,,,,,,,,,,,,,,,,,,,,,
1397,04009,AZ,506,ok,acceptable (VEI within +/-10),0.5735229824561403,42.95127822065529,1.1582858517971226,0.0191777619633812,4.147714818845457,0.7391607369010217,0.19600963671069876,0.6548244521436486,-0.34517146924206676,-2.5199511322781876e-07,-0.09256871258876864,-0.11125409354482119,,,,,,,,,,0.15699335479980728,,
1398,01017,AL,743,ok,acceptable (confidence intervals overlap),0.7741935483870968,58.31212530840566,3.2775940539369692,-0.09910321049678235,21.47638888888889,0.4315800807704989,0.0008042831526236314,0.6471506188235806,-0.35283862256242826,-6.74453387892403e-09,-0.4459614743486984,-0.6533533676296073,,,,,,,,,,0.021627672750998743,,
1399,28077,,0,no residential sales in 2024,,,,,,,,,,,,,,,,,,,,,,,,,
1400,29083,,0,no residential sales in 2024,,,,,,,,,,,,,,,,,,,,,,,,,
1401,53057,WA,1529,ok,acceptable (VEI within +/-10),0.9096666666666666,12.17858711785634,1.0123510328711807,0.002863007199145533,2.8036758985319143,0.9732415170639266,0.7473385798328213,0.9854052879024748,-0.014594050275913779,-4.167962442253836e-08,-0.00767624011229695,-0.010229931687131932,,0.1481346123015789,0.10774468945344001,,,0.08290134677083612,,0.08566842901744821,0.08566659445268604,0.09195365005476946,0.08143552755033513,0.09321101773757344
1402,36103,NY,14834,ok,UNACCEPTABLE progressivity,0.00955474339517453,2379.391498312439,0.8194449479847127,14.239590537571273,9671.11008552494,1.2966512380500164,0.15907017666611778,1.1715363910646028,0.17168102936643212,8.506516038387532e-09,0.11902883463278568,0.14086972682142063,,,,,,,,,,,,
1403,21199,KY,896,ok,acceptable (confidence intervals overlap),0.7207419077568571,36.92987438940731,1.1160920251086455,0.053252166403847064,27.74903837438685,0.7800900520027569,0.2843070145909299,0.778706849209811,-0.22128669394745004,-3.4964204680495035e-07,-0.0835244555040795,-0.1101550960208586,,,,,,,,,,0.18373162144625416,,
1404,51735,VA,0,no residential sales in 2024,,,,,,,,,,,,,,,,,,,,,,,,,
1405,51001,VA,631,ok,acceptable (VEI within +/-10),0.76,32.343963975107755,1.0407071269135715,0.030677205434836544,6.705034131184699,0.9786921250903999,0.607573238316705,0.9163585776841817,-0.08363990915917245,-1.7125635676693368e-07,-0.00854447129783531,-0.01665883692390846,,,0.18369128992410252,,,0.1150870605279634,,,,0.1603471835249414,0.12332310414759538,0.12312232463152216
1406,13193,GA,111,ok,acceptable (confidence intervals overlap),0.9723333333333334,67.47151965662293,2.067224749051096,-0.1997862686977413,-37.09291439168578,0.7425034933457539,0.27459740026660856,0.709721608464326,-0.29031003076696865,-5.073764280146043e-07,-0.1833266727488394,-0.29326868900317704,0.11274479159644991,,,,,,,,,,,
1407,21079,KY,278,ok,UNACCEPTABLE regressivity,0.5738183749336165,48.01013966533739,1.198124087416315,-0.11998785588457687,-40.509594894910336,0.7260356264888692,0.3803367507846861,0.5955056333829405,-0.4044767005056087,-8.207309181321132e-07,-0.10172005161117137,-0.10509586927346293,,,,,,,,,,0.2326674230518564,,
1408,06037,CA,0,no residential sales in 2024,,,,,,,,,,,,,,,,,,,,,,,,,
1409,35057,NM,116,ok,acceptable (confidence intervals overlap),0.570754790182419,46.1532375804563,1.0383998849381766,0.07742098926794824,50.13186900945402,0.9909277085179956,0.6383205932985844,0.7648277651661373,-0.23520081189584374,-4.033250592701603e-07,-0.0024319982083569336,0.006717303147439679,,,0.14056383888046278,,,0.07230924445770415,,,,0.1735203836004763,0.0508167694740249,
1410,13095,GA,936,ok,UNACCEPTABLE regressivity,0.6320394736842105,35.20828928077997,1.2460010477294028,-0.1588916272677542,-57.0075589723763,0.7208436026539576,0.2843407162804166,0.6301161318350473,-0.3698811791215697,-2.9306152303239903e-07,-0.1242549497660661,-0.14337767710689087,,,,,,,,,,0.20233137728767503,,
1411,54031,WV,189,ok,acceptable (VEI within +/-10),0.5401162790697674,49.89510704027432,1.1806660336013248,-0.07326068124956889,8.452902488141287,0.7829200935933174,0.3913326547848017,0.6756227849118015,-0.3243736889824714,-6.580881866549961e-07,-0.08561210721526757,-0.09179932148319492,,,,,,,,,,0.23159995006005,,
1412,26059,MI,774,ok,acceptable (VEI significance <= 10),0.8519557533820556,32.48920858745943,1.1713918611161913,-0.08346713520376822,-19.878167117031477,0.7645628409325907,0.3398656213325186,0.7227656601829501,-0.27723182725449197,-5.526238733796881e-07,-0.0974366571163996,-0.11742183971123321,,,,,,,,,,0.22941139109558872,,
1413,02020,AK,2820,ok,acceptable (VEI within +/-10),0.8368356695741983,14.58019168428229,1.0234289196591997,-0.0013315052548563881,0.3124166620378355,0.8809965596054927,0.6785398982415359,0.9214050706243229,-0.07859419910973515,-1.3095624214074858e-07,-0.030750205979110712,-0.03497970762329117,,0.16937820494826222,0.14519956587307667,0.02401640089910053,,0.15677141883004883,,0.13530580480641413,0.13530545252253848,0.11505110829592963,0.15481742711690075,0.1626020709797129
1414,13113,GA,1487,ok,acceptable (VEI within +/-10),0.9083235294117648,10.94774356417518,1.0185521932214459,-0.022742086968350034,0.7059648062400383,0.9062344979821487,0.7801556630801466,0.9143725190405834,-0.08562718058415995,-1.232780738831943e-07,-0.02319398365331149,-0.024939975526125258,,0.13288822212333443,0.12881126668112902,0.1047956876307113,,0.13240555469963353,0.21043747810129734,0.125058327534176,0.12505814794544612,0.12032639596324225,0.13219864737699583,0.13552572542915287
1415,37113,NC,859,ok,acceptable (VEI within +/-10),0.8034893617021277,19.335104460486555,1.0391095460407436,0.0059984102292454195,-2.117436523635681,0.9665099536054794,0.6786934797581183,0.9799216592199718,-0.02007717201926508,-2.6723055886280852e-08,-0.017772103223792746,-0.033514480267474056,,0.22103659289036393,0.2089547660558144,,0.10545335018976748,0.17046307781162257,,0.1435691801190672,0.14356718706672575,0.14104774372945364,0.17368445037521577,0.24888904887998523
1416,48285,TX,99,skipped (fewer than 100 sales),,,,,,,,,,,,,,,,,,,,,,,,,
1417,40097,OK,524,ok,UNACCEPTABLE regressivity,0.9860665595481546,31.911797257529624,1.2095301065362958,-0.13842577694753497,-45.69950691381793,0.7830839355653431,0.9079306577396009,0.6983729793722294,-0.3016275864284379,-1.1234399422684145e-07,-0.10349163264145655,-0.10533906184740549,0.16352185859464033,0.24771404464037444,,,,,0.21570694886818306,,,0.2472122032118262,,
1418,55135,WI,0,no residential sales in 2024,,,,,,,,,,,,,,,,,,,,,,,,,
1419,37157,NC,1582,ok,acceptable (VEI significance <= 10),0.824947619047619,42.02951817649935,1.1598385775366657,-0.007929785904743919,19.02646055449409,0.8116988187525964,0.36922817298910915,0.808256157813849,-0.19172279068337508,-5.06111565417266e-07,-0.07994133994454522,-0.09948876142867435,,,,0.14277843697217493,,,,,,0.22019504930648906,,
1420,27115,MN,771,ok,UNACCEPTABLE progressivity,0.8789473684210526,36.16880543261717,1.0552428482141225,0.05343575067610671,32.57577663237239,0.9174030120522702,0.6208703463635745,0.932452529730133,-0.06751506095395773,-2.7177104690864346e-07,-0.03360036523927423,-0.04607963923491254,,,0.2246998023168084,,,0.24071717584442132,,,,0.2041827049114727,0.2302919986697168,0.22666543002324507
1421,21093,KY,1841,ok,UNACCEPTABLE progressivity,0.6673170731707317,36.384417362602875,2.662465032845485,0.016345317835245805,39.28997492929617,0.35920972733764744,-0.0004715655742176173,0.6000700140280881,-0.3999136038326956,-4.335037118652391e-09,-0.4670211049681803,-0.6320254279938469,,,,,,,,,,0.017767192866276146,,
1422,05031,AR,0,no residential sales in 2024,,,,,,,,,,,,,,,,,,,,,,,,,
1423,42051,PA,0,no residential sales in 2024,,,,,,,,,,,,,,,,,,,,,,,,,
1424,27117,MN,157,ok,acceptable (VEI within +/-10),0.9096,19.36900965835508,1.0100815737485282,0.0007520349282605809,8.98289888911909,1.015337571543066,0.8876993594731105,0.9715320306996734,-0.028468740661148174,-1.2007882025653352e-07,0.005312457665760828,0.007338168903301079,,0.20782752211958425,0.08550930913976763,0.01761994658086693,,,0.19556803807624334,0.12582672928284477,0.12580024623007674,0.08215230515198083,,
1425,17151,,0,no residential sales in 2024,,,,,,,,,,,,,,,,,,,,,,,,,
1426,36085,NY,3633,ok,acceptable (VEI within +/-10),0.9323076923076923,12.84158602487755,1.0187678160031228,-0.01492251791956701,-2.0419115082239903,0.8500413852153369,0.7171097430421814,0.8670064320281194,-0.1329933851681422,-1.3379408713357697e-07,-0.029084274471029126,-0.03040731253898965,,0.15524565598961296,0.13531509431200212,0.07688958960100609,0.06217181606195192,0.13821476687728643,0.22012977655006086,0.13236766591515328,0.1323675514363319,0.11769042019001637,0.1344828076727787,0.14025700903032765
1427,13187,GA,554,ok,acceptable (confidence intervals overlap),0.8412972340718315,22.60218096394421,1.007359670598411,0.06232622211729931,25.861168106172553,0.9760674403582257,0.7985378157507702,1.03092916879823,0.03093096363641749,-2.3165316814337685e-08,-0.007798251123096511,-0.014264384254619733,,0.23241946801381047,0.08204267617265164,,,0.09209041403304957,0.22270042911596794,,,0.08123870153427326,0.0885993351399839,0.11629050143718994
1428,47021,TN,650,ok,acceptable (confidence intervals overlap),0.9245804195804196,16.980848680149187,1.0444126311278947,-0.031066736847662115,-11.68487842617947,0.8450518271523911,0.508436163251046,0.858775088490883,-0.1412245870172598,-1.7404546471273189e-07,-0.04128521015746567,-0.046914229039817235,,0.19599395487083918,0.20504606932503977,0.1193040084393277,0.17508488638600894,0.1898155823882417,,0.18634246780416663,0.18634224111075032,0.1289447831777486,0.18834520518679754,0.20425911443088166
1429,36087,,0,no residential sales in 2024,,,,,,,,,,,,,,,,,,,,,,,,,
1430,51790,VA,0,no residential sales in 2024,,,,,,,,,,,,,,,,,,,,,,,,,
1431,48201,TX,42414,ok,UNACCEPTABLE progressivity,0.8360583553104328,28.820324434651216,1.0255399316686684,0.11252512567697705,52.579248019510835,0.9374290923413516,0.7331619937958154,0.8702276449962238,-0.12977139728421735,-5.463490215495003e-09,-0.0228282319371369,-0.015639509322413536,,,0.1573397553455654,,,0.19378703655711096,,,,0.14277168382226565,0.17543587155051288,0.15164392110425126
1432,36111,NY,1827,ok,acceptable (VEI within +/-10),0.8372631578947368,25.610384513795424,1.080780946783998,-0.02952953752872319,0.9995577112293856,0.8253043629214293,0.4779196434994456,0.8068872991053703,-0.19311211204266163,-1.4697455521100896e-07,-0.059178771539820874,-0.06653103350047895,,,,0.15999335551196872,,,,,,0.16839243876236445,,
1433,48025,TX,128,ok,acceptable (confidence intervals overlap),0.8331775470427902,29.78674364795182,1.0436163643640164,0.07456028675477658,23.165281953845223,0.9106547685495875,0.6068118961234007,0.9540231863229555,-0.045969411032911675,-1.4198318202305553e-07,-0.030369686804796903,-0.03543285196736834,,,0.20615416016285548,,,0.16726854431334637,,0.14843869908434268,0.14842431971218673,0.14942669520491333,0.1622761268378219,0.2270371840756226
1434,27073,MN,118,ok,acceptable (VEI significance <= 10),0.9392294916328594,37.06189341647786,1.7347616261283665,-0.0513038058539268,-26.130998213197277,0.6707947567690274,0.02656551546357201,0.7870291001944041,-0.21293742210595573,-1.4465521132525445e-07,-0.21930549114513687,-0.3818225128693107,,,,,,,,,,0.16386551107349107,,
1435,53025,,0,no residential sales in 2024,,,,,,,,,,,,,,,,,,,,,,,,,
1436,36005,NY,2303,ok,UNACCEPTABLE progressivity,0.9196850393700787,26.77806719639955,1.1163865410191378,0.12126248875365325,45.485608737406686,0.6996311477456942,0.35719074176068955,1.1194119445052588,0.11941593926780017,-3.101577344622814e-08,-0.11796861251718505,-0.14528248332951188,,0.24396866029252673,0.24428000020986382,,,,,,,0.14708591704697346,,
1437,47013,TN,586,ok,acceptable (VEI significance <= 10),0.9615350378787879,35.066170006366924,1.1459573037137085,-0.09963639459273514,-29.486948582599254,0.8962290200274629,0.8920232297812873,0.8006240090839114,-0.19937660093885162,-3.640744402362221e-07,-0.048542366095005285,-0.042163455883624135,,,,,,,0.20003893110132434,,,,,0.23513457463006585
1438,22033,LA,7283,ok,UNACCEPTABLE regressivity,0.8045188284518828,33.875873228910656,1.5137599341149608,-0.07683764174047207,-63.045844091745295,0.48541184004755883,0.14648977159181986,0.4349874460675465,-0.5650081001972025,-7.021047054048883e-08,-0.2672919245084411,-0.3477564316070876,,,,,,,,,,0.17548444622184858,,
1439,22117,LA,2,skipped (fewer than 100 sales),,,,,,,,,,,,,,,,,,,,,,,,,
1440,38093,ND,166,ok,acceptable (VEI within +/-10),0.8529663119492279,16.11716304189925,1.010148845440976,-0.002329980278775827,5.7195869362281675,0.9973124186977782,0.8461382791603262,0.9722250079252093,-0.02776869553752188,-1.371793888359032e-07,-0.0007953736229246999,0.0010908377502073519,,0.2031400529759829,0.11247658077732124,0.041028030527678803,,0.027968527391112132,0.18941817998563412,0.1325814101749901,0.13258681557140573,0.09961506346378798,0.02676604855199132,0.04514191403645342
1441,46039,,0,no residential sales in 2024,,,,,,,,,,,,,,,,,,,,,,,,,
1442,19071,IA,0,no residential sales in 2024,,,,,,,,,,,,,,,,,,,,,,,,,
1443,28137,MS,189,ok,UNACCEPTABLE progressivity,0.4028624413530052,37.80068983133951,1.248393301771866,0.0407820340770292,50.29298402083032,0.5714407630377376,0.055552344923351586,0.49969511733143934,-0.5002992370113412,-2.2334844830185788e-07,-0.1647176151668921,-0.21559076504628005,,,,,,,,,,0.09374379816805016,,
1444,41065,OR,269,ok,UNACCEPTABLE progressivity,0.9799,22.053707240362126,1.0141861361995723,0.11684398024790903,36.73312753002006,0.9684785120148688,0.6827581120722008,0.9508160067461291,-0.049183589929329564,-1.328879367082673e-07,-0.007198125413550915,-0.011351560034221775,0.17948866066112282,0.24114359749992534,0.0991594309338154,,,0.08821305881157633,,0.10120382520394781,0.10120221869778977,0.1042653416157394,0.08042200905011515,0.08520745765806104
1445,18007,IN,144,ok,acceptable (VEI within +/-10),0.7806841137270951,32.561367101557515,1.0651163201808436,-0.011845289028910234,9.231600931189298,0.7969173014547811,0.6735605656827628,0.5987605193798914,-0.4012480076725472,-1.0716999155129742e-06,-0.050326962861361624,-0.04666640220933749,,,0.22901739868264318,0.10136758897762732,,0.21902782696470252,,,,0.24354016219671168,0.21179838946024446,0.1888827563767097
1446,06095,CA,0,no residential sales in 2024,,,,,,,,,,,,,,,,,,,,,,,,,
1447,29075,MO,59,skipped (fewer than 100 sales),,,,,,,,,,,,,,,,,,,,,,,,,
1448,37043,NC,263,ok,acceptable (VEI within +/-10),0.4605614973262032,37.573993790880294,1.1095729301584356,-0.02655616790666028,-1.203503807810368,0.8585528190082157,0.3405841492537316,0.7437630390985425,-0.25623383699343494,-1.761612006576542e-07,-0.05318074094766123,-0.058414105699348795,,,,0.19702790204085385,0.06142933475837159,,,,,0.15834118198294891,,
1449,26065,MI,3496,ok,acceptable (VEI within +/-10),0.8285714285714286,17.64821344238216,1.0123801044662393,0.001891952311726131,-0.30679687851103976,0.9958191407253342,0.8350503192997715,0.9473323242098696,-0.052667245739677654,-9.069086593772536e-08,-0.0013885162152866837,0.001743192710270569,,0.19954609291957545,0.11743756255247785,,0.02297013852201995,0.03516594978571214,0.24937713385929133,0.14101250341528396,0.14101144163586687,0.09020599401831829,0.032060364470424436,
1450,48151,TX,19,skipped (fewer than 100 sales),,,,,,,,,,,,,,,,,,,,,,,,,
1451,09130,CT,0,no residential sales in 2024,,,,,,,,,,,,,,,,,,,,,,,,,
1452,31169,NE,93,skipped (fewer than 100 sales),,,,,,,,,,,,,,,,,,,,,,,,,
1453,48035,TX,170,ok,acceptable (VEI within +/-10),0.9244862199497872,29.5791596782915,1.112773521241144,-0.04024901120430712,1.1668221917045043,0.7766982919630504,0.5520474595837168,0.7437912128658849,-0.2562081937858162,-4.3204234646729377e-07,-0.08087029461068895,-0.09143957008964576,,,,0.20767445123394307,0.0764096251959488,,,,,0.2368534951895001,,
1454,29121,MO,138,ok,acceptable (confidence intervals overlap),0.43373701104736617,34.61913917413825,1.0876533544632732,0.05558563344002428,18.285443315663123,0.8013475479113947,0.20517634077801825,0.7530515803055208,-0.24693832381461023,-3.44204645674073e-07,-0.06715822177820074,-0.09315028645493229,,,,,,,,,,0.12293788896767154,,
1455,22025,,0,no residential sales in 2024,,,,,,,,,,,,,,,,,,,,,,,,,
1456,39141,OH,953,ok,acceptable (confidence intervals overlap),0.635375,37.78845074582174,1.0863776058038332,5.4369464392701906e-05,14.44514960841612,0.9006431870241595,0.4474706970120452,0.808898291718115,-0.1910954921003235,-3.485447803636582e-07,-0.03563096846577074,-0.03834535868674904,,,0.24920761229895103,0.007759133852017915,,0.2410344552759678,,,,0.18112072653498457,0.2190391812455613,0.21578509792501002
1457,45089,SC,192,ok,acceptable (confidence intervals overlap),0.4792834332389171,60.69444176989572,2.297390496588056,-0.17239919024463557,-29.445624491186887,0.4590253433477568,0.018433452958709698,0.4370439610188562,-0.5629447144480499,-1.7048388842979891e-07,-0.3594874080409405,-0.49115650325947047,,,,,,,,,,0.1000257775865,,
1458,21047,KY,1051,ok,acceptable (VEI within +/-10),0.6857142857142857,33.77339479602026,1.1181080414475386,0.002810603081847121,-2.0254629629629557,0.8438706625882791,0.3273831045454298,0.8540783161891392,-0.14590199777429452,-2.3454992095404722e-07,-0.06143014514276279,-0.08235066859940487,,,,,0.11847247573813445,,,,,0.21267767074774724,,
1459,31147,NE,110,ok,acceptable (VEI significance <= 10),0.7545480237154151,36.71698449177463,1.2156098911529416,-0.13864239260009759,-32.50552284426712,0.8730800958265336,0.5420879113986576,0.7691332474055967,-0.23086873527065221,-6.295506577592671e-07,-0.06571262529010036,-0.06997947906964908,,,,,,,,,,,,
1460,17139,IL,158,ok,acceptable (VEI within +/-10),0.8158618867924529,25.832492156284516,1.0265473058458616,0.0019525945137990799,-6.024764813376917,0.9639978625449311,0.9506279274392211,0.8852886482863377,-0.11470575589782683,-1.0561076932001039e-07,-0.013736879248611666,-0.005847871171473562,,,0.1693327899809521,0.07178054581166952,0.11472892253747581,0.21001237249018367,0.22797279068275197,,,0.17163600686582864,0.1965103770306199,0.216268574380975
1461,13019,GA,231,ok,acceptable (VEI within +/-10),0.49938636363636363,41.171516697884115,1.3616114018164025,-0.07090055469275283,0.4132432307230325,0.7421252291670257,0.13509895376855158,0.7592993959292083,-0.24068875817263014,-8.33552453541407e-08,-0.14227143671668485,-0.20656424575496235,,,,,0.013156294536340561,,,,,0.12728243607170808,,
1462,41029,OR,2297,ok,acceptable (VEI within +/-10),0.9703896103896104,11.9106005464453,1.004649415552414,0.03206173644032072,6.793154615832979,0.9781975483548713,0.9409921765164168,0.9683830842950255,-0.03161672564230475,-5.27718811101754e-08,-0.004665775720489984,-0.00516579272989981,,0.13969900160727663,0.07077517287792383,,,0.06442097923125545,0.11046829337109702,0.07934926214599405,0.0793490444042895,0.07365043158560595,0.06273356820000346,0.06558797239863716
1463,13287,GA,62,skipped (fewer than 100 sales),,,,,,,,,,,,,,,,,,,,,,,,,
1464,48373,TX,488,ok,UNACCEPTABLE progressivity,0.7622348381002392,47.40106246910654,1.0383876247983534,0.06934185480083396,52.29728867873767,0.9853806453815672,0.7557832312646927,0.9167848603262095,-0.0831934855736255,-1.7757767977094613e-07,-0.005944267140102877,-0.0028861737626755257,,,0.17239297872896775,,,0.1283209294572248,,,,0.17885452178593508,0.08831347896012719,0.04176506760659602
1465,40037,OK,937,ok,acceptable (confidence intervals overlap),0.8397776542523624,32.384245616109574,1.099450503413464,-0.026120079016821052,-10.038270800062513,0.8570735008942214,0.7205142824992998,0.8004671246455478,-0.19952918831863634,-3.009390073249434e-07,-0.05692392994081463,-0.0611505988553791,,,,0.23421351737090984,0.21424716541929748,,,,,,,
1466,34027,NJ,5342,ok,UNACCEPTABLE progressivity,0.6319247757073844,20.15674340021854,1.0097690661996106,0.046950483707569955,16.239158856343227,0.971524086005316,0.6380199310784204,0.9456339237758334,-0.054364936614619115,-2.105658611309515e-08,-0.008149436343875216,-0.005702356384666318,,0.21728330217009886,0.10104901584803551,,,0.09658877449889698,,0.13154395711989528,0.13154288061879654,0.06881473926095152,0.08826952768482307,0.0744237189704594
1467,37023,NC,1174,ok,acceptable (VEI within +/-10),0.7181155388471179,29.943716027234267,1.0652458739147361,-0.012812145034369414,-4.38842975102006,0.9603416225323644,0.6802528244575856,0.9021137750366895,-0.09788294219292834,-7.208613860153761e-08,-0.018193491184550714,-0.02098604568841589,,,0.21087151762762715,0.1750187684890161,0.10858969542717932,0.18541700289194485,,,,0.20116840830296465,0.16132119521671423,0.19072660312491876
1468,21191,KY,228,ok,acceptable (confidence intervals overlap),0.7036240786240786,42.978812329420805,1.2441887238412264,-0.06495174463702706,-32.25061276567169,0.7239248659178524,0.3416156801169153,0.7168307665053776,-0.2831606593753059,-1.0034483823306615e-06,-0.12511867540024846,-0.1488516220287328,,,,,,,,,,0.22163360284917752,,
1469,13101,GA,25,skipped (fewer than 100 sales),,,,,,,,,,,,,,,,,,,,,,,,,
1470,48459,TX,314,ok,acceptable (confidence intervals overlap),0.8988223169537224,26.300286049374275,1.049579162379925,-0.006684275665148375,10.368567325146277,0.8979298146073832,0.744152729468957,0.8662718175748778,-0.1337281120976791,-4.491844367214984e-07,-0.03121446537509831,-0.037144273719774246,,,0.20513559509070925,0.09435327230890982,,0.2006934747287768,,0.2358750051943375,0.23587358488908503,0.20018430351148098,0.23442060704976467,0.20361463204845373
1471,17141,IL,588,ok,acceptable (confidence intervals overlap),0.8933066666666667,12.805278342950677,1.018113883597097,-0.027497642433279974,-10.289157856439948,0.9398447272294175,0.8107516155379886,0.9168797830207754,-0.08312001595561556,-3.1905623414673496e-07,-0.01567029669117015,-0.015688675485861836,,0.15578652844994778,0.1254502328823229,0.1276718531287509,0.15426922373238156,0.11341917570533795,0.2287998893838058,0.14927095927675557,0.149271161404724,0.11312235358533416,0.1118507746724531,0.10756033403050348
1472,51830,VA,149,ok,acceptable (VEI within +/-10),0.9477873540497087,6.17193596486234,1.0092155700557797,0.0027047657695394188,2.8122836097204345,0.980787619898443,0.8120648593181453,0.9930058138718291,-0.006993973507315314,-2.8626070213406864e-08,-0.0058762085560488675,-0.008260627038268575,,0.07436743531807848,0.1057189982191366,0.08767851602025543,,0.0917021512427539,0.17885361224852386,0.07713553500109036,0.07713496775458999,0.09510830882297831,0.09195152867800555,0.10228469555097354
1473,18127,IN,2113,ok,acceptable (VEI within +/-10),0.8501831501831502,17.561652244172283,1.0335651753555664,0.03301004283162868,7.82033196833331,0.9198978803348385,0.513219494485127,0.9622365513654024,-0.03776080760711909,-1.2867083474800046e-08,-0.024635486630339543,-0.030432661962236596,,0.20426644442186032,0.17201300804317596,,,0.15793199690357454,,0.10891670089802938,0.10891125622413153,0.09420216070692454,0.14814928455002702,0.194546954780159
1474,42041,PA,0,no residential sales in 2024,,,,,,,,,,,,,,,,,,,,,,,,,
1475,24031,MD,9981,ok,acceptable (VEI within +/-10),0.825625,11.175693439574642,1.0295403173524484,-0.01979420625656827,-5.0501760188839455,0.9410368081234579,0.5872570062052167,0.9456602160069207,-0.054339407328819894,-6.029406454550766e-09,-0.021766032701776794,-0.024927297943638127,,0.13451984422847385,0.1717698424615331,0.13766077594509146,0.15605526294241995,0.1704342511087361,,0.1409988605429533,0.14099819233609642,0.10047806723797453,0.17096671434722477,0.1776134736537313
1476,51193,VA,1010,ok,UNACCEPTABLE regressivity,0.514628389154705,57.83796622604424,1.319140399835568,0.0024950020452664512,-90.50326947408493,0.7291739284476727,0.1250058805053508,0.6954695629686743,-0.30450191944098565,-2.9118449586651e-07,-0.14274286413530812,-0.2432570175289921,,,,,,,,,,0.20005022899067945,,
1477,01069,AL,1428,ok,acceptable (VEI within +/-10),0.877691172854684,19.134818071700664,1.0253101126840387,0.01539865324757594,-2.548186625194064,0.9613695066766947,0.7545231208582271,0.9609269925534598,-0.0390708446457988,-7.979395660327797e-08,-0.013866142964378048,-0.01835663791421327,,0.210559094200281,0.15429590046554353,,0.1014617903229607,0.13303142020820943,,0.14286117441743712,0.14285808555965868,0.13702655671770478,0.13508818290984137,0.13188337294061714
1478,38071,ND,119,ok,acceptable (VEI significance <= 10),0.8258823529411765,21.607190326205945,1.0482157460247516,0.00788483546664421,13.887692789635675,0.8977769318945266,0.537337541740923,0.9222820245486342,-0.0777152531372797,-2.83368711388184e-07,-0.03348228130362507,-0.045442443606499294,,0.240951267215083,0.19401625359544594,,,0.1848590674038735,,0.1851170548801766,0.18512097699432922,0.11074584699463258,0.16719705199638835,0.21092938237433415
1479,21033,KY,211,ok,acceptable (confidence intervals overlap),0.7258181818181818,42.248072242901166,1.4846060981042464,-0.0680994513622871,-18.350100581701604,0.6796396234098,0.12069080919044085,0.713176155032617,-0.28680106945776135,-6.300216400560304e-07,-0.18614140394010792,-0.299261149176572,,,,,,,,,,0.19417551078671288,,
1480,40069,OK,110,ok,acceptable (confidence intervals overlap),0.7777128401360545,57.14984767852007,1.3579217039883358,-0.11846029637271972,-39.22393640925991,0.6616181927408579,0.3675244152707195,0.6878008170536982,-0.3121916377242874,-1.49813045582311e-06,-0.15749601556357873,-0.1883653929840201,,,,,,,,,,,,
1481,35055,NM,168,ok,UNACCEPTABLE progressivity,0.561300213664264,42.73292340650164,2.1280305101737147,0.06061627645307729,55.020761428429104,0.3736913609751081,0.01955968942854851,0.6530484645736687,-0.3469489065240308,-7.097183309932558e-09,-0.40637926637190724,-0.5125453324303153,,,,,,,,,,0.022581577396778466,,
1482,04015,AZ,5881,ok,UNACCEPTABLE progressivity,0.720286014300715,33.415035361613526,1.173988710152898,0.05893009483796037,16.647231554133704,0.7912504073576813,0.012636234433685932,0.7184914165153056,-0.2815089472911363,-7.745951386063168e-09,-0.09715824992536093,-0.16440921919172213,,,,,,,,,,0.036183836480099,,
1483,40053,OK,69,skipped (fewer than 100 sales),,,,,,,,,,,,,,,,,,,,,,,,,
1484,55053,WI,293,ok,acceptable (VEI within +/-10),0.8267857142857142,28.74209174208813,1.093186251046825,-0.0358797404920411,0.6390269792663349,0.8437182058745111,0.618399823089114,0.8617998967559737,-0.13819599471107288,-5.558092127809061e-07,-0.05905710048220447,-0.06584544936218939,,,,0.2389432689618463,0.03342383971367681,,,,,0.22310948319439983,,
1485,19191,IA,0,no residential sales in 2024,,,,,,,,,,,,,,,,,,,,,,,,,
1486,51027,VA,0,no residential sales in 2024,,,,,,,,,,,,,,,,,,,,,,,,,
1487,13219,GA,542,ok,acceptable (VEI within +/-10),0.8514965769514733,14.266804860468861,1.0105670962092974,0.01859621287640336,8.425974830312304,0.9628033765623546,0.7731125048395407,0.9649614647469898,-0.03503791594226301,-4.715405848183749e-08,-0.009925328106444864,-0.010312532584654477,,0.17178280713434854,0.10284493327591965,,,0.10666691092452867,,0.10878493747761267,0.10878221639601804,0.08216060562747875,0.11292706657663168,0.09750651529351377
1488,01079,,0,no residential sales in 2024,,,,,,,,,,,,,,,,,,,,,,,,,
1489,40113,OK,611,ok,acceptable (confidence intervals overlap),0.73372,34.70898513113969,1.2334031949384712,-0.01973792582305954,-25.058413969423235,0.7487937260283204,0.07410795788041075,0.8372173978085112,-0.16277797083475495,-5.862809516707421e-08,-0.11682823769531225,-0.15853741838514512,,,,0.2428082338723163,,,,,,0.09880858062208434,,
1490,27015,MN,361,ok,acceptable (VEI within +/-10),0.8807658833768495,16.72373509659748,1.0368926940361674,-0.014582339821891293,-3.7189743408297353,0.8897209780197283,0.7078024653937958,0.9282930493573305,-0.07170418479022111,-4.0553744008599734e-07,-0.03427960784522677,-0.03981055979334425,,0.1909149758441175,0.17692020487324303,0.09826179511904576,0.11497893814940564,0.17187185288934168,,0.17868596723235064,0.17868991444393206,0.15951657098527042,0.17549197383083692,0.1876284467145336
1491,13051,GA,5361,ok,UNACCEPTABLE progressivity,0.8025149700598803,29.871613108270306,1.0547744001847745,0.11417847502241434,28.87650530913399,0.9407681254665348,0.5424408965333727,0.9373987186348809,-0.06259954276199739,-4.550873342351001e-09,-0.025680604283704334,-0.037684922060587045,,,0.22122045566299348,,,0.22133619171515362,,0.21816136828381588,0.2181587214109345,0.12023612980897794,0.2011328321817753,
1492,20115,,0,no residential sales in 2024,,,,,,,,,,,,,,,,,,,,,,,,,
1493,47069,TN,0,no residential sales in 2024,,,,,,,,,,,,,,,,,,,,,,,,,
1494,45043,SC,1317,ok,acceptable (VEI within +/-10),0.5849142857142857,24.28302206199448,1.0251753506231418,0.025892883498220862,4.328287204580589,0.9561719521396854,0.5639062273593429,0.9906267372544053,-0.009364949906461131,-3.127608175573294e-08,-0.01807429399198357,-0.019849476226937224,,,0.16228116576669255,,,0.1536388288672268,,0.08822843223595837,0.0882012767046981,0.0978020174312924,0.15102682674042298,0.14958077788853155
1495,48135,TX,2162,ok,UNACCEPTABLE progressivity,0.7143132976093383,46.383125627561725,1.0837716695085078,0.22227346467481998,63.61592322866296,0.6835053641533324,0.3432175722120506,0.4369826408026117,-0.5630147486345465,-4.204875539184192e-07,-0.08175666214596622,-0.08651405000168899,,,,,,,,,,0.23925738110380443,,
1496,48071,TX,644,ok,acceptable (VEI within +/-10),0.9248281375589712,16.193359699396023,1.0219916270757428,0.015298470201204313,3.4087507342479704,0.8344334095305137,0.7444164436668127,0.915293555472906,-0.08470518973596157,-2.9861579855328283e-07,-0.03630355198019464,-0.03893196926488196,,0.19177222224502563,0.13961255852087312,,,0.16099301055698115,0.2316882908974184,0.1376001285920944,0.13759912687670445,0.13198111941900323,0.14995916508030505,0.1712037213419722
1497,37197,NC,469,ok,acceptable (VEI within +/-10),0.6935540983606557,40.12455481312301,1.1346563681427697,-0.03965153907824765,0.2522539118127123,0.8128906770417742,0.48649269232372383,0.771701658861916,-0.2282917595098178,-5.419226289605763e-07,-0.0704236258326616,-0.06997091631622077,,,,0.23490930322169648,,,,,,0.22921711581886936,,
1498,37059,NC,644,ok,acceptable (VEI within +/-10),0.5805986175115208,28.16239690084035,1.0330657684430418,0.02617585657520634,7.35157053353988,0.9677165738770996,0.4978959740219193,0.8599381081882121,-0.14005885560303358,-8.207728263485723e-08,-0.010827924775024034,-0.0070706101941544475,,,0.1699472599497991,,,0.12785101638994947,,,,0.09865953359615115,0.114850646021576,0.08730003994462339
1499,48369,TX,42,skipped (fewer than 100 sales),,,,,,,,,,,,,,,,,,,,,,,,,
1500,06043,,0,no residential sales in 2024,,,,,,,,,,,,,,,,,,,,,,,,,
1501,53011,WA,6521,ok,acceptable (VEI within +/-10),0.8968906525573193,7.683641599950576,1.0057643132135878,-0.005216527925660247,-2.823805691412533,0.9672405979929904,0.9037613062924412,0.9627804633723615,-0.03721850907191019,-2.4695478450323757e-09,-0.00862511414356626,-0.008505191989029992,,0.09475037545614481,0.08334160124815927,0.05007990656930963,0.0871995721853434,0.08518899603729377,,0.08558514830101954,0.08558362994067882,0.07231349864696254,0.08492408865736266,0.08828093661724631
1502,39109,OH,0,no residential sales in 2024,,,,,,,,,,,,,,,,,,,,,,,,,
1503,41061,OR,262,ok,acceptable (VEI within +/-10),0.9903049694901231,18.04910549379151,1.0368053994928388,-0.0626543290468248,-3.349082112520322,0.9216763586423754,0.8655825912626215,0.8552792243568726,-0.14472151283516466,-3.8605185276260503e-07,-0.021310489254925624,-0.02061318675706425,0.13175991467904402,0.2204662093725331,0.18123217576478773,0.23162250974469575,0.18727379977229686,0.15714131435224904,0.17139368642218858,0.20013773916877292,0.20013828075314716,0.19931783136440845,0.14960416076201927,0.13151034143355028
1504,31129,NE,81,skipped (fewer than 100 sales),,,,,,,,,,,,,,,,,,,,,,,,,
1505,27005,MN,753,ok,UNACCEPTABLE progressivity,0.8404938271604938,33.26709812248054,1.0329101735605266,0.07310355854784602,43.14330166049842,0.9459125157284862,0.6871377822097371,1.0530161694978533,0.05305199507747908,-1.0402313898095042e-07,-0.021772888945781554,-0.029765866193563584,,,0.19228458455370173,,,0.20666559955340089,,,,0.13650546051539178,0.19925685742202967,0.1932497592453037
1506,39017,OH,4726,ok,acceptable (VEI significance <= 10),0.7985378999689344,14.597934388672225,0.9975134426080055,0.039894262536304445,10.83755909520255,1.0211593118834574,0.6466025935892191,1.0225545410952164,0.02255605974678269,8.34145374314954e-09,0.006534336941048435,0.004400713384304034,,0.1706613475479623,,,,,,,,,,
1507,18037,IN,309,ok,acceptable (VEI within +/-10),0.8377777777777777,17.330218155773657,1.020848990361227,0.006838792292401883,8.247625566869162,0.9210770169320716,0.7676061215396871,0.9380388331883477,-0.061958269411166216,-2.7808594818822283e-07,-0.021025614416324112,-0.02063630782920134,,0.19768949369869007,0.15094622132231073,,,0.1548976764166892,0.2164355422609123,0.1491270981017839,0.1491241484139052,0.13444001441144812,0.14791797218539052,0.1404747171904548
1508,55119,WI,307,ok,acceptable (confidence intervals overlap),0.8512820512820513,29.74817344720463,1.1199283353472664,-0.06069907618741479,-20.298834849740885,0.7842857076252241,0.5191790345226113,0.796105707074978,-0.20388871813842174,-9.167996124997273e-07,-0.07830293292999557,-0.09426176992262492,,,,0.24205714758003974,,,,,,0.22748065502623074,,
1509,30047,MT,0,no residential sales in 2024,,,,,,,,,,,,,,,,,,,,,,,,,
1510,37187,NC,140,ok,UNACCEPTABLE regressivity,0.6150553191489362,48.616100556162884,1.2649242982862603,-0.19347399111453903,-54.80230930690848,0.740841232277621,0.4140730184049841,0.6364696192200661,-0.3635272628028003,-1.5935012033732441e-06,-0.10985421537474682,-0.11039776659742562,,,,,,,,,,,,
1511,53027,,0,no residential sales in 2024,,,,,,,,,,,,,,,,,,,,,,,,,
1512,42065,PA,0,no residential sales in 2024,,,,,,,,,,,,,,,,,,,,,,,,,
1513,53015,WA,1359,ok,acceptable (VEI within +/-10),0.8647037037037038,13.042944104485139,1.008517758417871,0.024903094962569296,7.35156987432817,0.959594476098897,0.8024115723388047,0.9437484279483147,-0.056250965944508735,-1.131104438178406e-07,-0.008202149052938479,-0.008831637394399294,,0.1546772810988168,0.09393798545647146,,,0.0825640882573654,0.18380718892009135,0.10365518738538569,0.10365463059556487,0.0903695349148306,0.07391602341580901,0.07939222764757607
1514,17171,IL,40,skipped (fewer than 100 sales),,,,,,,,,,,,,,,,,,,,,,,,,
1515,19055,IA,0,no residential sales in 2024,,,,,,,,,,,,,,,,,,,,,,,,,
1516,47001,TN,1040,ok,acceptable (VEI within +/-10),0.4799152542372881,23.316294377191582,1.018325915720286,0.04372259851254099,5.1215255063567575,0.9985458389316162,0.39840468108857857,0.9399872585251007,-0.06000797830955794,-5.180456149598002e-08,-0.00040346385544354213,0.0011758330321448573,,0.24328243122092436,0.12396176946767583,,,0.025411120499570516,,0.13710526901867703,0.1371010984042786,0.07499449243097761,0.024609970547245365,
1517,51087,VA,3713,ok,acceptable (VEI within +/-10),0.8142857142857143,11.442270911646775,1.0086057518578238,0.021308207435041904,6.715017387633644,0.9841714958970041,0.7418402188602745,0.9943929496268736,-0.005606377498669052,-9.662110757851333e-09,-0.004801428289376908,-0.008320648358423943,,0.14057874739337137,0.09187455298270197,,,0.06620407857255092,,0.04406555144366027,0.04406341025095401,0.0655048727794407,0.06561462781663092,0.09229702302500477
1518,49001,UT,9,skipped (fewer than 100 sales),,,,,,,,,,,,,,,,,,,,,,,,,
1519,38045,ND,55,skipped (fewer than 100 sales),,,,,,,,,,,,,,,,,,,,,,,,,
1520,39089,OH,0,no residential sales in 2024,,,,,,,,,,,,,,,,,,,,,,,,,
1521,55133,WI,4608,ok,acceptable (VEI within +/-10),0.9265947106690777,11.083724305246216,1.0171432431771064,-0.007465291334600609,-4.325656120362061,0.9468428751944267,0.7890000565981459,0.9504658602142724,-0.04953445188563327,-6.438900361289367e-08,-0.015384764235950588,-0.017955756878425877,,0.1341662363633189,0.12489629466790209,0.08120114355296543,0.09953989964208783,0.11810716825398465,,0.1168624012763012,0.11686298294414961,0.10936940477981359,0.11750278987366687,0.12990657949658685
1522,31057,NE,12,skipped (fewer than 100 sales),,,,,,,,,,,,,,,,,,,,,,,,,
1523,19171,IA,0,no residential sales in 2024,,,,,,,,,,,,,,,,,,,,,,,,,
1524,36093,NY,1771,ok,acceptable (VEI within +/-10),0.8431578947368421,21.04176723675334,1.0195268130891812,0.0009550894520315289,-1.2363399535684267,0.9352666010424171,1.1555156760549103,0.8502908203785162,-0.14970867308499425,-2.7852372236422436e-08,-0.017716763323941453,-0.012302251361540062,,0.2271876748198392,0.14777933401996537,,0.06189284029532236,0.14337827684599325,0.1641595346642096,0.1939188520521747,0.19391805777709256,0.17339056213657644,0.12555087221219952,0.10771130677137424
1525,54039,,0,no residential sales in 2024,,,,,,,,,,,,,,,,,,,,,,,,,
1526,45085,SC,1190,ok,acceptable (VEI significance <= 10),0.7058640276855979,24.23372850597223,1.0352717669592995,0.0438147318815959,19.816346671648546,0.9704910620575604,0.37563652397777997,0.9986461657981804,-0.001346954353261637,-8.026437784064105e-08,-0.00987030612628037,-0.01917608961191175,,,0.18564715502211215,,,0.10658633650809313,,0.023011929024951153,0.022969947744203294,0.09039199739458373,0.1033133147471095,0.14579858225460737
1527,29099,,0,no residential sales in 2024,,,,,,,,,,,,,,,,,,,,,,,,,
1528,48113,TX,18483,ok,acceptable (VEI within +/-10),0.8892692850377872,17.471911393259013,1.0266739085352217,-0.01508242483870966,-4.1951348505003985,0.9634361899020104,0.8995456343757405,0.913045078948481,-0.08695475210544933,-2.031820223535321e-09,-0.018333038616680897,-0.009230842747884216,,0.19704673161188893,0.1684239224961619,0.12909901563763296,0.12396836884605113,0.16941263331198705,,0.18914002014863326,0.18913963246451063,0.15050091580494085,0.17070295174025646,0.1680456382776633
1529,46127,SD,0,no residential sales in 2024,,,,,,,,,,,,,,,,,,,,,,,,,
1530,53007,WA,1255,ok,acceptable (VEI within +/-10),0.8158911174785101,20.23879373753853,1.0333464845673428,0.014356080191645363,-2.9748856721375985,0.9489368485282647,0.5742291799565473,0.9904653023426515,-0.009523466156798988,-3.048719270087303e-08,-0.020517761395234535,-0.031536397253313586,,0.222008082759485,0.1705627407967893,,0.13062063705578042,0.17223428625735043,,0.11732207922978684,0.11711355961518644,0.12446943726675079,0.17358832530015286,0.19453102151141186
1531,19011,IA,0,no residential sales in 2024,,,,,,,,,,,,,,,,,,,,,,,,,
1532,27125,MN,27,skipped (fewer than 100 sales),,,,,,,,,,,,,,,,,,,,,,,,,
1533,26155,MI,960,ok,acceptable (confidence intervals overlap),0.8308888888888889,21.58560643367711,1.0276195287924366,0.011985198212888655,10.212307286916333,0.9252140484882441,0.7348142987266588,0.9618578639194675,-0.03813482157225224,-3.2170369286866927e-07,-0.02259116005207451,-0.02235523962419439,,0.23533662386729987,0.15977869842289275,,,0.15595049810744038,,0.15146955589911007,0.15146113671340697,0.13301851825334193,0.15292604263648416,0.14323836294983078
1534,45007,SC,3535,ok,UNACCEPTABLE regressivity,0.6677674084709261,40.030278957959695,3.3296754610766004,-0.05732774082169819,-83.79056716504309,0.392712146589454,0.0011172373543697257,0.3973144044437072,-0.6026772930846482,-5.862217645054077e-09,-0.47331750177037746,-0.7005738337574228,,,,,,,,,,0.04131221790645657,,
1535,40035,OK,103,ok,acceptable (confidence intervals overlap),0.6607438596491229,38.37656105261687,1.4660572130974436,-0.16996585457484653,-49.641502791482715,0.5110953523536447,0.12613240553077637,0.37627908422599077,-0.6237197327034085,-3.4446870381010964e-07,-0.246825434910928,-0.2913446976836769,,,,,,,,,,0.18041761163041797,,
1536,01123,,0,no residential sales in 2024,,,,,,,,,,,,,,,,,,,,,,,,,
1537,16059,ID,58,skipped (fewer than 100 sales),,,,,,,,,,,,,,,,,,,,,,,,,
1538,39071,OH,695,ok,UNACCEPTABLE progressivity,0.7331210191082802,43.2195686540055,1.1588661844347308,-0.01420604791650626,38.01309828751503,0.82061707704652,0.23549348987887672,0.7927427097133197,-0.2072508838667439,-3.8144807364162297e-07,-0.07462580585081602,-0.08568899297522137,,,,0.21323993952512926,,,,,,0.1906726983832913,,
1539,20109,,0,no residential sales in 2024,,,,,,,,,,,,,,,,,,,,,,,,,
1540,08043,CO,0,no residential sales in 2024,,,,,,,,,,,,,,,,,,,,,,,,,
1541,37013,NC,0,no residential sales in 2024,,,,,,,,,,,,,,,,,,,,,,,,,
1542,37139,NC,0,no residential sales in 2024,,,,,,,,,,,,,,,,,,,,,,,,,
1543,29027,MO,410,ok,acceptable (VEI within +/-10),0.5094104025084201,28.361540864945034,1.1636405779828547,-0.07861433298543517,-7.902797717592585,0.6202430337238153,0.16316974074070137,0.6728960676469316,-0.3270975828623461,-2.1236297254295316e-07,-0.13243072153318902,-0.15190526025222217,,,,0.23773611459624638,0.14618305470694948,,,,,0.11398783162363785,,
1544,26033,MI,551,ok,acceptable (VEI within +/-10),0.7475982532751092,28.22983836081058,1.060058256767899,0.0002233868100633768,0.22792123377991405,0.9189937627614324,0.5300516618263504,0.9091498712195417,-0.09084606268620761,-2.8606995740479204e-07,-0.030254850192696026,-0.035317256937564157,,,0.21958173525275962,,0.007669355021215911,0.2007246346773855,,0.22979888912086055,0.22978319871194158,0.16595070184852773,0.20519140420384008,0.2149861807171439
1545,17065,IL,102,ok,acceptable (confidence intervals overlap),0.7507222905982907,38.30757536005883,1.2849317867694452,-0.13062710882981526,-29.78470360685623,0.7102522756989842,0.3515631315347553,0.67264851414375,-0.3273395655945548,-1.3110446283352124e-06,-0.13219733253932242,-0.16389751343303605,,,,,,,,,,,,
1546,49013,UT,171,ok,acceptable (VEI within +/-10),0.8154907827872045,25.212176611079556,1.0322330673396543,0.06572297788141546,6.662943940970271,0.8765905583908156,0.6703351218385267,0.8475570700050624,-0.1524418865990998,-1.969043150803109e-07,-0.03314928383563531,-0.03661693016013334,,,0.16370254102075166,,,0.1958159823269902,,0.2385208861777336,0.2385191000232491,0.1687415322612523,0.16687985434880243,0.18928327701150116
1547,18165,IN,232,ok,acceptable (VEI significance <= 10),0.776284268467821,40.5568645871283,1.2854445592962684,-0.18579646925266585,-33.2171356798765,0.6172260916162786,0.19400218208415584,0.5509969925108984,-0.4490014680787519,-9.603654617127879e-07,-0.1577315814047242,-0.17696951805478411,,,,,,,,,,0.21635987687151267,,
1548,06005,,0,no residential sales in 2024,,,,,,,,,,,,,,,,,,,,,,,,,
1549,21087,KY,170,ok,UNACCEPTABLE regressivity,0.5528052805280528,69.77227806861403,1.619464401844927,-0.2461662915000424,-64.39880597014925,0.527503946028167,0.15367083370022325,0.48793359715859663,-0.5120604333122585,-1.0176387032759094e-06,-0.23856152128121644,-0.2717053711244206,,,,,,,,,,0.22598531985367876,,
1550,20091,KS,5300,ok,acceptable (VEI within +/-10),0.8319862855757887,20.37802625149099,1.0474556359761684,-0.009117704427452218,2.835578093422234,0.8777384818613213,0.8121316255489656,0.8046518258611234,-0.1953478513937997,-6.055082305571561e-09,-0.04380294798442286,-0.04199881573323849,,0.21787195331862977,0.2096159714731061,0.0931002660850547,,0.21772306510965236,0.23943764566968104,0.23658669168327973,0.23658465266179857,0.18318225680201675,0.19423375205482868,0.1892686165058112
1551,51065,VA,372,ok,acceptable (VEI significance <= 10),0.7087411598302686,14.688599874762087,1.0051757702619675,0.03480248460003218,17.375066699667936,1.020749813721637,0.7145915441515084,0.9517099406078398,-0.04828929799729464,-5.008587863772967e-08,0.004505128294238991,0.004957275751840462,,0.16818431476899606,0.062215653234871764,,,,,0.09864896246405473,0.09864819373052038,0.04806341479514743,,
1552,19077,IA,0,no residential sales in 2024,,,,,,,,,,,,,,,,,,,,,,,,,
1553,55095,WI,1046,ok,acceptable (VEI within +/-10),0.9709489872468117,18.687986769284233,1.0321845226362858,0.001425749155623549,0.09784840238654242,0.9259252769177767,0.8344692334620353,0.9433700303502547,-0.0566297466455125,-1.540783208467982e-07,-0.025798034049067775,-0.031965655714772945,,0.20825944702907986,0.1605825339176284,,0.009480958691027608,0.18914606302560502,,0.16552894827066425,0.1655291451101151,0.1662815902583343,0.1822360990582018,0.18407589034720429
1554,20125,,0,no residential sales in 2024,,,,,,,,,,,,,,,,,,,,,,,,,
1555,28033,MS,1684,ok,UNACCEPTABLE progressivity,0.3966516258590753,41.65373383007399,3.81040716549044,0.1873850015609922,40.83879994170429,0.20312426463663483,0.0006844720778203512,0.28293482782955426,-0.7170648067679614,-6.033611857350967e-10,-0.6257079173451803,-0.7372557886949427,,,,,,,,,,0.010122610863877961,,
1556,08021,CO,0,no residential sales in 2024,,,,,,,,,,,,,,,,,,,,,,,,,
1557,39101,OH,926,ok,UNACCEPTABLE regressivity,0.6923151260504201,34.64349315734604,1.195611225088542,-0.14994344056718784,-50.3176328737807,0.7443461007290384,0.2526675040952926,0.6709315789014118,-0.3290650748086639,-3.6349796188011224e-07,-0.09915315301047056,-0.10711402856492547,,,,,,,,,,0.15364395823464833,,
1558,21027,KY,509,ok,acceptable (VEI within +/-10),0.6724137931034483,45.98199717281864,1.1245391619437282,0.031499785465826984,8.015261442326477,0.892775020727106,0.40408322256539925,0.8930758717017191,-0.10689853397417656,-2.9374018365959267e-07,-0.05543595784419364,-0.0869019821099617,,,,,,,,,,0.19533002365786786,,
1559,37069,NC,1639,ok,acceptable (VEI within +/-10),0.8692563081009296,32.49521702853881,1.0955210100328423,0.04596938796863327,1.7783019057359548,0.7208679527537647,0.32443438870048974,0.6159177118946455,-0.3840804349738946,-3.9976875816014876e-07,-0.07719511646883337,-0.08349947285539039,,,,,,,,,,0.21996791813678213,,
1560,01013,,0,no residential sales in 2024,,,,,,,,,,,,,,,,,,,,,,,,,
1561,01033,AL,911,ok,acceptable (VEI within +/-10),0.8988059701492538,21.657184601997866,1.0326104678613517,0.010573436932843157,-9.683936087647412,0.9528980088746224,0.745668505258362,0.9327645841652504,-0.06723382555256537,-1.8590553681502946e-07,-0.017467480661436108,-0.02191778337256811,,0.24109889461561604,0.16523970489823558,,0.21506107911544195,0.16248628373029864,,0.1800207513915227,0.18001718486521703,0.152713079243803,0.1548920772136679,0.17252096418863908
1562,51049,VA,117,ok,acceptable (confidence intervals overlap),0.773854961832061,28.22116132551099,1.0625572679658277,0.07834755119431945,10.71219699914951,0.7874332627729114,0.5194910724782282,0.6870559633413211,-0.31294270661210377,-3.248496708896508e-07,-0.06350970943862322,-0.0629844726457931,,,0.21172499880206735,,,,,,,0.1858358903500399,0.2395762848374857,0.22374366597285203
1563,37183,NC,20972,ok,UNACCEPTABLE progressivity,0.9022704081632653,29.599716584179784,1.1253125594305953,0.10422044293398751,71.11290898586411,0.7616890193870807,0.5718424590035035,0.5214238109080753,-0.4785757418145996,-2.009009489488906e-08,-0.0908058247440251,-0.10589350498620287,,,,,,,,,,0.23330456290355533,,
1564,12121,FL,416,ok,acceptable (VEI within +/-10),0.6605964035087719,33.42445518578006,1.1312433576744003,-0.102353937566488,-8.114989005156554,0.8068333278940213,0.30859230306125185,0.7480011354604663,-0.2519974862104511,-4.104645903314742e-07,-0.06832317024097634,-0.07617068306898434,,,,,0.1847169604961167,,,,,0.1619417308583873,,
1565,08119,CO,583,ok,acceptable (VEI within +/-10),0.9414512195121951,12.522505209321462,1.0341942934703052,-0.017743865316362437,-5.560958589307793,0.8576569171390908,0.6280886838045862,0.902686148557647,-0.09731312956160403,-1.599088283601141e-07,-0.036751475509820386,-0.0425811332936572,,0.15190209343044958,0.19039975087377697,0.12254478228626665,0.14796034679156175,0.18037845233152236,,0.14866214613397527,0.14866115982104025,0.13175269488997995,0.16241136479233897,0.18764454624461557
1566,20073,KS,37,skipped (fewer than 100 sales),,,,,,,,,,,,,,,,,,,,,,,,,
1567,48207,TX,28,skipped (fewer than 100 sales),,,,,,,,,,,,,,,,,,,,,,,,,
1568,19119,IA,0,no residential sales in 2024,,,,,,,,,,,,,,,,,,,,,,,,,
1569,31051,NE,62,skipped (fewer than 100 sales),,,,,,,,,,,,,,,,,,,,,,,,,
1570,17063,IL,716,ok,acceptable (VEI within +/-10),0.8865487737843551,15.826345656921948,1.033070884160916,-0.0066780006466600535,4.311965951170665,0.9004376802549989,0.7647605518931061,0.9001886149742444,-0.09981068860103649,-9.938979409711706e-08,-0.029730780654082745,-0.032527419565064664,,0.18782494053946888,0.18122391712355407,0.05938988390998208,,0.18829767922915883,0.2407993304552308,0.17231143640390711,0.17230912740287102,0.14276254233105168,0.18596489366318847,0.1927928521146018
1571,40133,OK,270,ok,UNACCEPTABLE regressivity,0.8195472150445019,67.50366545101001,1.7156450090923399,-0.2336545660280362,-82.18769392921543,0.5948593113771982,0.09107556179576314,0.4948390532587663,-0.5051565482635036,-6.061758867804862e-07,-0.2273740882997699,-0.2871601799766854,,,,,,,,,,,,
1572,51165,VA,1153,ok,acceptable (VEI significance <= 10),0.6848275862068965,35.664330096414666,1.7394879823251903,0.08974646384585269,27.9115908953089,0.3941448691292843,0.00045945766486024566,0.5869415115509219,-0.41305055957856335,-2.771133726246446e-09,-0.3380835928305139,-0.42641837070088573,,,,,,,,,,0.023288036654020225,,
1573,56021,WY,1299,ok,acceptable (VEI within +/-10),0.8909248120300752,18.097832584301614,1.0235383515888503,0.030702224726729267,7.090355168084419,0.8538776756643346,0.710668760457341,0.8454511825637031,-0.15454844109350727,-2.954396176169056e-07,-0.03177256017850416,-0.03365922431114887,,0.21203359532316995,0.14668481072425527,,,0.1648641827411615,0.2378710634833628,0.16374917425793295,0.16374890047698215,0.1430959656227864,0.15049171083705826,0.1622800365824889
1574,18027,IN,192,ok,acceptable (VEI within +/-10),0.8463006396588486,28.383090446206147,1.067691696242358,-0.021680013496050133,0.5569717475441183,0.9029901926555067,0.7570941835427795,0.8822050237537341,-0.1177889575083884,-4.154104465979349e-07,-0.03653677320889637,-0.03393644978718391,,,0.220999450035678,0.20717644260662874,0.024596294121332005,0.224858627015466,,0.24732298413709378,0.24731652795733503,0.21168647575211813,0.22187596767835857,0.2058291542708831
1575,21053,KY,105,ok,UNACCEPTABLE regressivity,0.72,56.46070904418328,1.2724904712434075,-0.19225657980800828,-47.57792416452442,0.8304742549417596,0.726258638533027,0.6186208934308024,-0.3813794189845355,-6.881278193555864e-07,-0.08150778391845481,-0.052739346064204495,,,,,,,,,,,,0.20896686842500617
1576,48085,,0,no residential sales in 2024,,,,,,,,,,,,,,,,,,,,,,,,,
1577,29173,MO,0,no residential sales in 2024,,,,,,,,,,,,,,,,,,,,,,,,,
1578,48159,TX,68,skipped (fewer than 100 sales),,,,,,,,,,,,,,,,,,,,,,,,,
1579,08033,CO,0,no residential sales in 2024,,,,,,,,,,,,,,,,,,,,,,,,,
1580,13231,GA,228,ok,acceptable (confidence intervals overlap),0.8293416708354178,21.746961865043055,1.0178817471754071,0.030258197322705137,16.39061784065935,1.0073138078617832,0.663872644661316,0.9734687599513414,-0.026529951854004523,-8.12951461928979e-08,0.002228192599560419,-0.0011241872396094976,,0.22791056005742003,0.12442842017580977,,,,,0.10530182926373192,0.10529987941138612,0.0934969162557983,,0.01737474905604299
1581,28091,MS,102,ok,acceptable (confidence intervals overlap),0.42610760551764104,43.7010371029339,1.134735435064449,-0.041079056667456634,22.423371874574162,0.7820284776693894,0.32859681271098495,0.672406700041887,-0.3275861866260829,-6.927794482584941e-07,-0.08040965808287681,-0.08696361632682192,,,,0.19503810715432485,,,,,,0.16934730076450896,,
1582,13291,GA,649,ok,UNACCEPTABLE progressivity,0.8731297709923664,20.99951615472252,0.9662078350905937,0.10606341538095963,60.31317020600861,1.0193844497768987,0.750495788087917,1.165520534363291,0.16552660059533764,1.1935673535040042e-07,0.0073622185698747344,-0.004061654329862385,,0.22265244196124698,,,,,,,,,,0.08193954427279104
1583,40087,OK,675,ok,acceptable (VEI significance <= 10),0.9325135135135135,14.707572439107656,1.00753370440115,0.022108306838306477,12.902407461165534,0.9799676482535257,0.8675652170526951,0.989071644869259,-0.010928128773966178,-6.086053247318331e-08,-0.00605976918492912,-0.009471855672364082,,0.17956390684637946,0.08480019418607448,,,0.07715232628875177,0.2218784374617953,0.06573702580815532,0.06573654053340564,0.08017993887651055,0.07623817656500766,0.08935509497354613
1584,42091,PA,7159,ok,acceptable (VEI within +/-10),0.31128301886792453,15.468880579445521,1.01654981527597,0.003331350038828137,3.780577755788486,0.9571742505282259,0.2919393350902105,0.940302777668431,-0.059691391641033334,-1.6778148099279667e-08,-0.013526788758632113,-0.012660012797798936,,0.17969706783095138,0.13309636172551428,,,0.12596679854839046,,0.1342309873873057,0.13422425561916795,0.04469875921840487,0.12378164005096798,0.12260119733591827
1585,47011,TN,1858,ok,acceptable (VEI significance <= 10),0.5871362372567192,30.158034618860206,1.0429311546181137,0.05861496320527387,18.600772000872976,0.9160977289918846,0.35735384890303806,0.8881553964733596,-0.11183329254547685,-1.57093973998948e-07,-0.026871183271524268,-0.036094665754649924,,,0.1843349249880492,,,0.20680392932557046,,,,0.12446643055705933,0.18356046017976416,0.1863607792402082
1586,05013,AR,0,no residential sales in 2024,,,,,,,,,,,,,,,,,,,,,,,,,
1587,33015,NH,0,no residential sales in 2024,,,,,,,,,,,,,,,,,,,,,,,,,
1588,44007,RI,0,no residential sales in 2024,,,,,,,,,,,,,,,,,,,,,,,,,
1589,51003,VA,1755,ok,acceptable (VEI within +/-10),0.8763157894736842,25.441614550973537,1.043844991162444,0.05975149600189588,-6.3485711477581495,0.9273336642594023,0.8049366306289433,0.8496804872840257,-0.1503191418377841,-1.3882155675435065e-08,-0.029402845195766414,-0.025263964500558567,,,0.20333641155077264,,0.15822307998352686,0.22073328267702733,,,,0.16937230234105297,0.23748034659776543,0.22591208067735097
1590,54051,WV,229,ok,UNACCEPTABLE regressivity,0.7425,99.93917862369392,6.779489571089699,-0.39774749425469946,-169.11976911976913,0.29364520813707,0.002038393828548548,0.2319968301643126,-0.7680000665980461,-1.568303945724949e-07,-0.584721413121154,-0.7668191417448957,,,,,,,,,,0.12140636383785888,,
1591,08011,CO,62,skipped (fewer than 100 sales),,,,,,,,,,,,,,,,,,,,,,,,,
1592,40019,OK,657,ok,UNACCEPTABLE regressivity,0.9402363636363636,28.91501006469263,1.1612039366731348,-0.06650761079684105,-33.980448627099385,0.8031938801021026,0.28174015114435863,0.7786882666531997,-0.2213055026614648,-2.6855100176304395e-07,-0.08290006760026492,-0.10468610025745995,,,,,,,,,,0.21009568040752957,,
1593,08091,CO,114,ok,acceptable (confidence intervals overlap),0.7733084065934066,21.638954048655854,1.0085291754771217,0.07167847758183704,21.203750452835692,0.9728998455911401,0.7006067928301907,1.0483125781909222,0.0483133665695739,-8.075385834562915e-09,-0.010010894863002218,-0.019205746773814703,,0.24372617045820116,0.10619449270960722,,,0.10197045051460021,,,,0.09997280140317083,0.09350794301942672,0.14372183355988905
1594,31121,NE,143,ok,acceptable (VEI within +/-10),0.7420576923076924,36.64212742732266,1.207894733181744,-0.08882442117794526,-8.012703100180659,0.7603217514989341,0.22618946835826173,0.6239613224664773,-0.3760388703315093,-3.9565538353861493e-07,-0.10330769769059467,-0.12448180358702876,,,,,0.1994861041817603,,,,,0.22629018158526826,,
1595,25013,MA,1884,ok,acceptable (VEI within +/-10),0.9289963144963145,0.35601504159852565,1.0001622441459672,-0.0010454750670601943,-0.23885757861084103,0.999029733374034,0.9283404954606289,0.99843175850583,-0.0015680021627458092,-1.2367685173465587e-09,-0.00021375577117344058,-0.00016192881508692025,,0.004446346331780553,0.020701094335737073,0.02242205225657508,0.024507145101872182,0.017592666536593957,0.17359472727288222,0.017769623656811572,0.017767626426103793,0.020509771305721906,0.017609926492658152,0.02012591658248065
1596,50021,VT,0,no residential sales in 2024,,,,,,,,,,,,,,,,,,,,,,,,,
1597,29181,MO,0,no residential sales in 2024,,,,,,,,,,,,,,,,,,,,,,,,,
1598,27155,MN,59,skipped (fewer than 100 sales),,,,,,,,,,,,,,,,,,,,,,,,,
1599,51775,VA,349,ok,acceptable (VEI within +/-10),0.7740350877192983,13.3123157000415,1.0066871276656184,0.019359443362736747,2.6223934723481346,0.9813437703793063,0.7647721703685245,0.9506258031286587,-0.04937331350269688,-8.539286587026194e-08,-0.004365922798099886,-0.0016058907653466736,,0.160852482747018,0.0916782073232323,,,0.0747748085082644,0.22353917791811956,0.11303356074591267,0.11303186062431371,0.0607748366183085,0.08531109699220878,0.06704492791677873
1600,55029,WI,1160,ok,acceptable (confidence intervals overlap),0.9599258081611023,21.90414652446011,1.0346870605696417,0.014715448954384643,10.51947835772377,0.9475401303172807,0.7530402850632575,0.9762376732847651,-0.023762132835717906,-6.891399389495337e-08,-0.021581174983972717,-0.03181124346703701,,0.232030764257786,0.17875134532376652,,,0.18252637379856973,,0.12820288724304155,0.12819930143919397,0.16072150855487646,0.18119378079183937,0.1915625463590857
1601,55105,WI,1344,ok,acceptable (VEI within +/-10),0.9483486913724107,15.233501045290033,1.0166940160889686,-0.006786191866060315,-6.466773443722545,0.9603488154394073,0.8982584569053981,0.9320120769218708,-0.06798663650929446,-1.9179166028899553e-07,-0.011270773479191476,-0.009023578453650094,,0.1802779300759491,0.12845524002266798,0.08188711775236537,0.13161218702122288,0.10511084755625301,0.1806367878788172,0.14682188137603752,0.14682047286430094,0.12815381077581792,0.10322047357271306,0.08798393346353794
1602,01035,,0,no residential sales in 2024,,,,,,,,,,,,,,,,,,,,,,,,,
1603,47161,TN,0,no residential sales in 2024,,,,,,,,,,,,,,,,,,,,,,,,,
1604,21203,KY,244,ok,acceptable (VEI within +/-10),0.7527777777777778,59.07182166850181,1.3982342805262955,-0.027611062584975917,4.731504657703924,0.8202292648106376,0.630403724197569,0.7408601451736578,-0.25910113027768245,-2.762342974712446e-07,-0.11319598033303135,-0.09039391616181991,,,,,,,,,,,,
1605,21173,KY,321,ok,UNACCEPTABLE progressivity,0.5795454545454546,39.63099243782772,1.0111128706303907,0.19273093672093342,57.97493873568442,0.9645685327639127,0.5437204271757952,0.9719300535915056,-0.02805456198323514,-8.874925690611335e-08,-0.010508225639891178,-0.010688154592492616,,,0.13794956791710297,,,0.15248567199902405,,0.13436647606604266,0.13440807003915403,0.07350712105817735,0.10547648166338881,0.12323897044819981
1606,05043,AR,0,no residential sales in 2024,,,,,,,,,,,,,,,,,,,,,,,,,
1607,47075,TN,201,ok,acceptable (confidence intervals overlap),0.8538461538461538,50.75984166706235,1.8533365408377587,-0.15982436712031778,-34.3135538135538,0.4768911648311739,0.07210667927542107,0.31607677054848027,-0.6839182569163798,-2.378043803073793e-07,-0.31593387305958176,-0.3859524973378605,,,,,,,,,,,,
1608,22027,LA,117,ok,UNACCEPTABLE regressivity,0.9529527559055118,33.40105883303718,1.1956231973709066,-0.12003959993197283,-21.092336294154084,0.9064286842217744,0.8211606323469998,0.8035754338818433,-0.19642643843975863,-1.1731105015405397e-06,-0.04628380692328138,-0.03500299385396821,,,,,,,,,,,,0.21095970108277495
1609,21025,KY,143,ok,acceptable (confidence intervals overlap),1.0,79.13084830777103,1.8626175145678534,-0.21258856875612667,-12.142857142857144,0.7098755914247754,0.3841533366281833,0.55737499034107,-0.44262667706073877,-4.5902383414403646e-06,-0.1681854995497689,-0.21622671390418757,0.0,,,,0.19613725986864697,,,,,,,
1610,17029,IL,730,ok,UNACCEPTABLE regressivity,0.8519861833688699,28.56991326745851,1.18381782623475,-0.10343660619517685,-27.623645132674646,0.7415929834491981,0.4427744627101182,0.6764402709989026,-0.3235571265973961,-4.6351373301577026e-07,-0.10943055241138966,-0.1285366195973512,,,,,,,,,,0.2372517668694538,,
1611,32019,NV,1392,ok,UNACCEPTABLE progressivity,0.8028534836726358,17.99678062846662,0.9882729962401821,0.10595784714587324,25.009935513786463,1.1172214981270328,0.7739867920916598,1.0857852849557827,0.08578798182772975,1.7832254488777678e-07,0.022045573395902407,0.020007275428190363,,0.19993730523381173,,,,,0.22201428118811484,,,,,
1612,20069,KS,36,skipped (fewer than 100 sales),,,,,,,,,,,,,,,,,,,,,,,,,
1613,22043,,0,no residential sales in 2024,,,,,,,,,,,,,,,,,,,,,,,,,
1614,19053,IA,0,no residential sales in 2024,,,,,,,,,,,,,,,,,,,,,,,,,
1615,08014,CO,986,ok,acceptable (VEI within +/-10),0.8944784263959391,9.475447868509997,1.0125136937846713,0.04181717358291468,4.1585720637785135,0.958281512732105,0.7241584273730143,1.0127630867144537,0.01276542931984861,-8.568733236172082e-09,-0.009877869763943004,-0.012655180126919463,,0.11927634180306257,0.12787957555812585,,,0.0794588024553738,,,,0.07473214621971765,0.09610867181764732,0.10020960241803056
1616,08045,CO,824,ok,acceptable (VEI significance <= 10),0.7521413843888071,13.349100451263196,1.0153276308903953,0.032353265503655665,17.173628160554596,0.9739637828679413,0.6125616460353382,1.0136247343574243,0.013625752313470714,-5.121497496716586e-09,-0.011212398988764027,-0.02147607625264869,,0.15524188884645035,0.09602946671424621,,,0.11035405841791705,,,,0.06972501509015501,0.10518687108984981,0.1675430186336614
1617,46103,SD,0,no residential sales in 2024,,,,,,,,,,,,,,,,,,,,,,,,,
1618,54059,WV,63,skipped (fewer than 100 sales),,,,,,,,,,,,,,,,,,,,,,,,,
1619,26009,MI,450,ok,acceptable (confidence intervals overlap),0.7578101700162534,25.060762542335542,1.0105346620370066,0.019874938477856808,16.143568489403933,1.0006000098699934,0.7738298320735023,0.9788846180058365,-0.02111341782096249,-1.7654323862698402e-08,0.0002751567761412055,0.001801233278066916,,,0.1022880687646055,,,0.009281405465774602,,0.146364390703831,0.14633308009873433,0.06206249429223575,0.008854162777352936,0.04863216822458011
1620,39151,OH,4967,ok,acceptable (VEI within +/-10),0.87625,20.00882434538309,1.0253908870426505,-0.0038782431741998065,-8.594424191190713,0.9725854916373924,0.8269646563259675,0.9413740083592086,-0.05862483543411526,-1.4906758240666437e-07,-0.009744923783740811,-0.00992227589110084,,0.2228663550238297,0.154765889183553,0.08042934207611367,0.20365385301566633,0.11399325269208199,,0.17860825795622476,0.17860613676747858,0.14889011320271198,0.11200216455387198,0.10664639570245814
1621,18069,IN,590,ok,acceptable (confidence intervals overlap),0.7810212346429097,23.502951750944664,1.0325154381130455,-0.0032444438557011034,-10.10864214018889,0.970087591486974,0.7146387092514637,0.9164654402747185,-0.08353235540041982,-2.611482945952681e-07,-0.010039352921790368,-0.011384106664737326,,,0.18836257150595642,0.17903924346429645,0.21117630463937373,0.11926937013503838,,0.19018430692813612,0.1901808875987246,0.15042325345742574,0.11430933928227104,0.11760397038793902
1622,30089,MT,0,no residential sales in 2024,,,,,,,,,,,,,,,,,,,,,,,,,
1623,37083,NC,0,no residential sales in 2024,,,,,,,,,,,,,,,,,,,,,,,,,
1624,17103,IL,535,ok,UNACCEPTABLE progressivity,0.8934186046511627,26.893503067859545,1.5028238714110138,0.04436612502958009,38.81657305680043,0.7309626588482404,0.2568374705422036,1.0099204251875373,0.009929323305549602,-1.968122354319167e-08,-0.17996197676349657,-0.24320113271882215,,,,,,,,,,0.13878105465461443,,
1625,39025,OH,2559,ok,acceptable (VEI within +/-10),0.7581818181818182,18.04832470383627,1.0293514521542497,0.01938453884851362,7.63040759975959,0.9291601645471987,0.47448820343954295,0.9327158437984913,-0.06728190686722774,-2.4739890167373608e-08,-0.021039157040393608,-0.024821885600316174,,0.21052454555733804,0.15417096047578568,,,0.14128960971122617,,0.15411551201091694,0.1541127157883126,0.0891122503192732,0.15852238134431312,0.14315733771293518
1626,55025,WI,4,skipped (fewer than 100 sales),,,,,,,,,,,,,,,,,,,,,,,,,
1627,47007,TN,0,no residential sales in 2024,,,,,,,,,,,,,,,,,,,,,,,,,
1628,20009,,0,no residential sales in 2024,,,,,,,,,,,,,,,,,,,,,,,,,
1629,12113,FL,4750,ok,acceptable (VEI within +/-10),0.7041688451390298,36.4924004766709,1.3324920677336587,0.022476041471255724,7.201982457016468,0.5510324539200117,0.07731720070117468,0.2697074562482491,-0.730290311082386,-1.3784218449605728e-07,-0.18868753291970108,-0.24093063283179617,,,,,,,,,,0.16941580039787799,,
1630,29205,MO,0,no residential sales in 2024,,,,,,,,,,,,,,,,,,,,,,,,,
1631,17073,IL,651,ok,acceptable (confidence intervals overlap),0.915,22.43677685961025,1.0698756463711574,-0.039591253329070784,-12.345194019979566,0.880173866020544,0.6108808608016623,0.8686998250466637,-0.13129921621848736,-5.566900459572662e-07,-0.04394104808077426,-0.05183488944784176,,0.24191246110669373,0.22854841707629178,0.23360290016535684,0.20322309444429698,0.22587338503592203,,,,0.1982847891920059,0.2228838479054225,0.22580384929835215
1632,13121,,0,no residential sales in 2024,,,,,,,,,,,,,,,,,,,,,,,,,
1633,37087,NC,0,no residential sales in 2024,,,,,,,,,,,,,,,,,,,,,,,,,
1634,31109,NE,4698,ok,acceptable (VEI within +/-10),0.8704880952380953,10.568761501845099,1.008070917913021,0.012194682158229346,4.173644795354016,0.9687436441047742,0.7885870262911437,0.9890450726480263,-0.010953771019233309,-6.304595697939321e-08,-0.008778478483763896,-0.010004734587311104,,0.12847668516763713,0.09320280597350479,,,0.0937528171878589,,0.05664037894502852,0.056635391248077795,0.07605740914559939,0.09319550470267456,0.09695606855307601
1635,54069,WV,478,ok,UNACCEPTABLE regressivity,0.7049281000488838,37.12741798210691,1.3872567949184367,-0.10717826556713213,-28.181614785208573,0.7036390429170047,0.17105422961054648,0.7480255889558497,-0.25197095899660016,-7.796792032224915e-08,-0.1595968026764063,-0.21711564810833583,,,,,,,,,,0.12445723549788719,,
1636,36001,NY,3144,ok,UNACCEPTABLE regressivity,0.7513943137254901,38.70629814258984,1.4801888900844178,-0.3059862207234244,-77.50023827025417,0.35353579750008973,0.2509343035734545,0.27682301704373385,-0.7231757304862868,-1.640463966907557e-07,-0.28259140938280747,-0.31658053877615,,,,,,,,,,0.2239775101997024,,
1637,40131,OK,1253,ok,acceptable (VEI significance <= 10),0.8653418181818182,20.07812352224635,1.0467948356602632,0.01349243558938608,19.30195339189266,0.8938053649461587,0.5326082066362862,0.8967909476684159,-0.10320805557806176,-1.2636443169289247e-07,-0.035786351084995394,-0.0467737702986184,,0.2221259444865199,0.19598889999106864,,,0.21191897248418345,,0.21968061968947133,0.21968228788354158,0.1401301147431397,0.2076654779241769,0.21365430903553004
1638,22029,,0,no residential sales in 2024,,,,,,,,,,,,,,,,,,,,,,,,,
1639,28035,,0,no residential sales in 2024,,,,,,,,,,,,,,,,,,,,,,,,,
1640,54035,WV,131,ok,UNACCEPTABLE regressivity,0.6196078431372549,34.883649738001644,1.159530676178196,-0.14179004265730832,-51.346973597203856,0.7413926125992192,0.4369286985487191,0.7332184618289547,-0.26677165328914004,-9.111729946345924e-07,-0.09700444340630665,-0.0983647197264299,,,,,,,,,,0.23056477901639202,,
1641,46021,SD,0,no residential sales in 2024,,,,,,,,,,,,,,,,,,,,,,,,,
1642,51127,VA,0,no residential sales in 2024,,,,,,,,,,,,,,,,,,,,,,,,,
1643,28017,MS,56,skipped (fewer than 100 sales),,,,,,,,,,,,,,,,,,,,,,,,,
1644,08001,CO,7734,ok,acceptable (VEI within +/-10),0.9658445170295727,5.148687956791141,1.004552635539617,-0.0027122424877693133,-0.6661062342079234,0.9695185475891889,0.9389986677372608,0.9725641729703002,-0.02743574906545099,-8.259628344733781e-10,-0.006315611350590222,-0.006424470563012541,,0.06455530030925265,0.06793592655182636,0.02821274597361197,0.03434205034908913,0.05629122830459826,0.12309697620817024,0.04944725985184803,0.049447160711673786,0.06509378093607486,0.05613114463229349,0.05951960174750361
1645,42089,PA,0,no residential sales in 2024,,,,,,,,,,,,,,,,,,,,,,,,,
1646,27107,MN,75,skipped (fewer than 100 sales),,,,,,,,,,,,,,,,,,,,,,,,,
1647,31055,,0,no residential sales in 2024,,,,,,,,,,,,,,,,,,,,,,,,,
1648,27121,MN,158,ok,acceptable (VEI within +/-10),0.8606201923076923,18.929441020400322,1.014997181616023,0.009459132617913101,5.038224676489373,0.9868089621461227,0.8131561824034503,0.9493057618991959,-0.05069394449536507,-8.568663279052732e-08,-0.004738944541960777,-0.007016616035249612,,0.21667632402587408,0.12854520825593255,0.08565760177461257,0.17026880958954024,0.13827376408716235,0.21588180293362721,0.15137531996324452,0.1513691774675734,0.11930001081725367,0.1362907757845153,0.12925811870185197
1649,40093,OK,101,ok,acceptable (confidence intervals overlap),0.942168776371308,27.26327513956788,1.1999106913081183,-0.15706334747013181,-28.220149571557553,0.7118000154195412,0.3583322399458135,0.6885773010629351,-0.3114229629888099,-1.0284838774257684e-06,-0.11452516681472114,-0.13754001932568727,,,,,,,,,,0.2123498674204732,,
1650,20001,KS,113,ok,acceptable (VEI within +/-10),0.7048732657661786,36.516542159096076,1.2404164432164453,-0.04002837192691384,8.329035375408623,0.6425960321418841,0.23501822879587433,0.6949074580816883,-0.3050848708917337,-3.741023299750921e-07,-0.15669659078962583,-0.19389202749430678,,,,0.1837490323893427,,,,,,0.18040301781043613,,
1651,22075,LA,162,ok,acceptable (VEI within +/-10),0.8043176548089592,28.272929560515312,1.1053306867308534,-0.048561068312983256,-2.6990459007974477,0.7941286539546848,0.5378525489112056,0.8787946328775942,-0.12118341864445777,-5.960284082087456e-07,-0.07165789642703846,-0.08743233719276478,,,,,0.16517988329168481,,,,,0.23430070946739606,,
1652,34025,NJ,7455,ok,acceptable (VEI within +/-10),0.8492777777777778,16.863375220646617,1.038236029853955,-0.015940385539490426,-7.571869177872545,0.8970422163605605,0.7220440385563865,0.8873794482124587,-0.11261981308609972,-4.7823225447623726e-08,-0.03470175148273613,-0.034149926964584854,,0.19269548098516756,0.19045131819769323,0.13020649882750138,0.15707259276855612,0.20059445237209378,,0.19624718454865428,0.19624659340960063,0.1481855507773414,0.19830300770707576,0.2009883837914105
1653,17071,,0,no residential sales in 2024,,,,,,,,,,,,,,,,,,,,,,,,,
1654,48253,TX,113,ok,acceptable (VEI within +/-10),0.8705754559874542,29.213047710486343,1.1289485477283017,0.0009913545553892908,1.5648209114301719,0.7438857906540267,0.22802132079601367,0.8278360420659306,-0.1721575157895834,-5.391450990583297e-07,-0.0970632672041487,-0.12774919819598152,,,,0.02861775926208461,0.0658125719444679,,,,,0.14028026766097998,,
1655,01073,AL,13551,ok,UNACCEPTABLE regressivity,0.9530909090909091,35.6742700933489,1.7816094025831708,-0.10797564901946359,-26.84090041968713,0.6228722604197324,0.20023568619783164,0.6327336846929621,-0.3672561949663196,-7.98462047473647e-08,-0.2472368407264387,-0.3700423009283025,,,,,,,,,,,,
1656,17079,IL,82,skipped (fewer than 100 sales),,,,,,,,,,,,,,,,,,,,,,,,,
1657,53021,,0,no residential sales in 2024,,,,,,,,,,,,,,,,,,,,,,,,,
1658,01047,AL,493,ok,UNACCEPTABLE regressivity,0.9948275862068966,50.44466110941249,1.5163428653302429,-0.13969864079538372,-24.811881622534717,0.6229279809021256,0.31363387253474195,0.6865679602014693,-0.31341580268941016,-1.7591401724840934e-06,-0.2035638579751713,-0.2538815537176513,0.11061012728355177,,,,,,,,,,,
1659,19081,IA,0,no residential sales in 2024,,,,,,,,,,,,,,,,,,,,,,,,,
1660,17057,IL,338,ok,acceptable (VEI significance <= 10),0.8335739134633957,32.222739558195755,1.1489523569836333,-0.06406031227775123,-23.037575054257807,0.6942416754847248,0.40959960128259054,0.7007254607597168,-0.2992559643808929,-1.5704449818139991e-06,-0.10972096142016663,-0.12204652836716923,,,,0.24468186636374992,,,,,,0.21707211863167716,,
1661,37123,NC,531,ok,acceptable (VEI within +/-10),0.4937857142857143,41.67575433932089,1.089293946304998,-0.02125092594576578,-6.759129902938142,0.9751753058043323,0.48025880494158124,0.7945927754501056,-0.205400138719212,-1.02629207282734e-07,-0.012948326526630582,0.004315944853554687,,,0.23004491368589233,,0.19666270069568587,0.2046284484991036,,,,0.15378929561240054,0.15815812573717122,
1662,29151,MO,77,skipped (fewer than 100 sales),,,,,,,,,,,,,,,,,,,,,,,,,
1663,05135,AR,0,no residential sales in 2024,,,,,,,,,,,,,,,,,,,,,,,,,
1664,08029,CO,470,ok,UNACCEPTABLE progressivity,0.7348166666666667,21.96509519506867,0.9807068891224461,0.16288060561114825,30.383824532679185,1.0616033668933025,0.671532285133421,1.2210695698378293,0.22107819298922118,1.3660645517303245e-07,0.015668668999968993,0.011016518529389008,,0.23906137093346053,,,,,,,,,,
1665,39057,OH,0,no residential sales in 2024,,,,,,,,,,,,,,,,,,,,,,,,,
1666,22009,LA,375,ok,acceptable (confidence intervals overlap),0.7192857142857143,30.682166462382625,1.216907644209067,-0.05590920090334771,-10.306910341866628,0.77345482084439,0.10784690729198937,0.7494251470184675,-0.25056792040149195,-3.657585703628249e-07,-0.10506854827728729,-0.14239594031724523,,,,,0.182502933002688,,,,,0.10774072827590135,,
1667,54015,,0,no residential sales in 2024,,,,,,,,,,,,,,,,,,,,,,,,,
1668,16063,ID,43,skipped (fewer than 100 sales),,,,,,,,,,,,,,,,,,,,,,,,,
1669,01055,,0,no residential sales in 2024,,,,,,,,,,,,,,,,,,,,,,,,,
1670,34005,NJ,5380,ok,UNACCEPTABLE progressivity,0.5205779867256637,15.264579784509532,1.0004458370336138,0.0580286080702339,15.79529813346955,1.0106850876912135,0.4834732232510007,1.0135085185750927,0.013511720010091153,-8.372866304300282e-11,0.0029895612347987655,0.004024142849394563,,0.1785628113013897,0.008401814023188169,,,,,,,0.002034928910123385,,
1671,31095,NE,131,ok,UNACCEPTABLE regressivity,0.9340406779661017,49.499960347038794,1.3748555999838261,-0.2344234652484882,-98.75980117124924,0.8025187041177567,0.5954014906699174,0.6605465413073035,-0.33946036544720565,-1.5410777514163927e-06,-0.09922474141053272,-0.10111512568280467,,,,,,,,,,,,
1672,47149,TN,4706,ok,acceptable (VEI within +/-10),0.7948572464424908,11.666477210908761,1.0132609236567849,0.019844265984145484,2.5083822414292416,0.9232651968901218,0.8356655239588563,0.959577070630299,-0.04042153051478606,-2.468118067388414e-08,-0.017858878033257142,-0.0205059824231979,,0.13987050002181406,0.11767654603935905,,,0.11763354794942701,0.17285263462112568,0.08929386707075077,0.0892917851702322,0.09988491706441335,0.11608005656183475,0.12635780068479407
1673,01107,,0,no residential sales in 2024,,,,,,,,,,,,,,,,,,,,,,,,,
1674,48205,TX,36,skipped (fewer than 100 sales),,,,,,,,,,,,,,,,,,,,,,,,,
1675,49049,UT,9370,ok,UNACCEPTABLE progressivity,0.7339149244293882,35.60188837372192,1.124350484430971,0.20738917619372874,78.19030028044064,0.6227521265870001,0.054937336092856316,0.62921718365662,-0.37078145323394524,-1.1853441954454334e-08,-0.11007027509792056,-0.12159899045188727,,,,,,,,,,0.07975125302862825,,
1676,36067,NY,5275,ok,acceptable (VEI within +/-10),0.7932708333333334,20.76189880016551,1.016741040829843,0.024989207401866005,7.51558949112396,0.9867628557288662,0.6747028825595263,0.9502747709920552,-0.04972454161086193,-3.732345202681487e-09,-0.004711826916040884,-0.00367677808984479,,0.21932240267936925,0.11671045380163628,,,0.08585346991027239,,0.13925853190652834,0.13925367584049447,0.08204061903785465,0.08707581513104176,0.09313663116506694
1677,04025,AZ,3366,ok,acceptable (VEI within +/-10),0.8338201310635454,12.788764220928933,1.00621866033599,0.02190166614056985,7.280613229394446,0.9786331805805759,0.8067175654627355,0.9719708913938984,-0.028028549438115658,-1.8970913005401132e-08,-0.005992068834941078,-0.00604853094138047,,0.15388703679102253,0.08217211217976211,,,0.08045453202520816,,0.08399839159320134,0.08399797572701216,0.06607974433354535,0.06998785581739969,0.08140827386496696
1678,37009,NC,528,ok,acceptable (confidence intervals overlap),0.7559892616106154,29.685238241483425,1.0987035732791801,-0.03648919336726504,-20.416308256864323,0.8553739394482065,0.512066620622644,0.819538995500293,-0.18045791864454028,-3.318878138959278e-07,-0.053808394952092886,-0.0660232113046848,,0.24572468517500506,0.2285450969332588,0.2207703590483613,,,,,,0.21445102532226146,,
1679,17077,,0,no residential sales in 2024,,,,,,,,,,,,,,,,,,,,,,,,,
1680,27075,MN,264,ok,acceptable (VEI significance <= 10),0.8990266152485455,19.541585816674505,1.0053525374643622,0.023152948769722043,12.988408333143402,0.9912611652954881,0.9097123710551901,0.9890132701401106,-0.010986269932920215,-2.833497051293212e-08,-0.0033142694374181936,-0.0012408720954433239,,0.22278135856141837,0.0763026500806869,,,0.09023887108964565,0.1514999374607074,0.09833039498364154,0.09832594032558385,0.0703630247127938,0.10722067885980388,0.02161883794104604
1681,24025,MD,3132,ok,acceptable (VEI within +/-10),0.7798009495808713,13.945528723097198,1.013027360946464,0.016842542237697815,6.202677184770641,0.9325333601441741,0.6979251172131099,0.9545858942427659,-0.04541256826369615,-1.0878757034092078e-07,-0.016640758511609954,-0.01833506055968992,,0.16756480785741673,0.11179224510338127,,,0.11815827766147102,,0.10098942097352401,0.10098730173659881,0.08143750562463883,0.11619153246487668,0.11889571929682202
1682,06075,CA,0,no residential sales in 2024,,,,,,,,,,,,,,,,,,,,,,,,,
1683,51029,VA,86,skipped (fewer than 100 sales),,,,,,,,,,,,,,,,,,,,,,,,,
1684,22099,LA,0,no residential sales in 2024,,,,,,,,,,,,,,,,,,,,,,,,,
1685,48439,TX,20095,ok,UNACCEPTABLE progressivity,0.8672420815996122,21.845128251130404,1.0214687187649503,0.07347657714641817,28.69189996195832,0.9434987724555499,0.8396343411968595,0.9394862861000782,-0.06051268915632676,-3.481395985551837e-09,-0.0203521487942675,-0.0180111268208063,,0.23743376185558,0.1399613253074174,,,0.15394059153755876,,0.14955461335375456,0.14955306034544424,0.13040245841654338,0.14794181561287653,0.147396017731763
1686,39003,OH,1512,ok,acceptable (VEI significance <= 10),0.8026532104724294,27.91538615571567,1.1154152708629885,-0.028040086746448045,-14.932877533154722,0.8418528807859281,0.3324913473040676,0.8319560888103265,-0.16804131258578667,-1.2492770881325898e-07,-0.06303227097036612,-0.08107037118434768,,,,0.22773323834756454,0.24528044633972415,,,,,0.12760685889412993,,
1687,21111,KY,11399,ok,acceptable (VEI within +/-10),0.793939393939394,19.436483136751942,1.0329113147078077,0.007598393062529902,0.6605698725255087,0.9561408805673004,0.6486521011622882,0.949387166909516,-0.05061136240891716,-1.402899260805329e-08,-0.016843151735495887,-0.0225839890594568,,0.2162332183446314,0.18058296938352789,,,0.1534848497262432,,0.15257319300462316,0.15257134772817796,0.11794903540728105,0.14817970802930863,0.15633827951266774
1688,45027,SC,439,ok,UNACCEPTABLE regressivity,0.6271544715447155,41.477100103923476,1.7974920369084308,-0.11332957482844778,-38.75076503668935,0.44666524850212685,0.013584774063710921,0.33534562546603425,-0.6646334697753319,-4.029210092587706e-07,-0.3114527776069267,-0.4823936518634109,,,,,,,,,,0.23030261216988426,,
1689,01043,AL,1888,ok,UNACCEPTABLE regressivity,0.8017301943198805,35.87196556229002,1.1490788586261094,-0.03261306876721191,-36.193538483740404,0.8005033254290991,0.49443722738085827,0.7485444134742517,-0.2514520447180319,-3.3053382442382303e-07,-0.08490988698412028,-0.09486294696075492,,,,,,,,,,0.2307539166158318,,
1690,22065,LA,66,skipped (fewer than 100 sales),,,,,,,,,,,,,,,,,,,,,,,,,
1691,41069,OR,14,skipped (fewer than 100 sales),,,,,,,,,,,,,,,,,,,,,,,,,
1692,22069,LA,277,ok,acceptable (VEI within +/-10),0.7810810810810811,18.817502767643735,1.0025790656563587,0.04052663901242492,6.986797654970885,1.0052798836888808,0.7564166794810986,1.010935343887977,0.010941028669408836,-2.3875668038911037e-08,0.001677564088993,0.002839321185220789,,0.21370359229077215,0.04236624618796752,,,,,,,0.031034792681061872,,
1693,19115,IA,0,no residential sales in 2024,,,,,,,,,,,,,,,,,,,,,,,,,
1694,21227,KY,1618,ok,acceptable (VEI within +/-10),0.6925824175824176,28.488152971143908,1.110689773475993,-0.018328508533041483,-3.01365198995106,0.8144110649761926,0.6835516221171645,0.7212462741807258,-0.2787514317054784,-6.61658275394082e-08,-0.07424346754202249,-0.08225848747646247,,,,0.1318465678796719,0.12018667696000367,,,,,0.22062781116959473,,
1695,18137,IN,280,ok,acceptable (VEI within +/-10),0.6087954545454546,23.112629199936002,1.051497664016654,0.0014574826135396958,6.911791691141609,0.8272687129948209,0.4056283542082011,0.870703280923783,-0.12928981625143435,-3.2774937600116527e-07,-0.04991356242660672,-0.05470763555605629,,0.23641748616276032,0.2183724842093224,0.06701620424180335,,0.23073730631327977,,0.21861136362759825,0.2186019559191725,0.10430070678655465,0.22659071832308975,0.23196174013746151
1696,16075,ID,235,ok,acceptable (VEI within +/-10),0.8586992481203007,20.758984647298234,1.0441209870561976,0.02870789523993967,1.9447166571463022,0.7505881748160836,0.5070129595466165,0.7609797194060128,-0.239019495706578,-4.275495956510587e-07,-0.05630377625641714,-0.06079735971376432,,0.22863307960187385,0.20698869526633726,,,0.21697062942067166,,0.2273769665971081,0.22737654102946056,0.16845019382235066,0.22586621368885662,0.22352552425688424
1697,17169,IL,94,skipped (fewer than 100 sales),,,,,,,,,,,,,,,,,,,,,,,,,
1698,29021,MO,0,no residential sales in 2024,,,,,,,,,,,,,,,,,,,,,,,,,
1699,17129,,0,no residential sales in 2024,,,,,,,,,,,,,,,,,,,,,,,,,
1700,51540,VA,406,ok,acceptable (VEI within +/-10),0.9070175721333419,11.503909741874194,1.0167271821499426,-0.028391999024757458,-4.4331163441271455,0.8776689269162786,0.771853148416128,0.8838485127323992,-0.11615119327303092,-2.139252419925763e-07,-0.025343709526293834,-0.026426368464381067,,0.13896297231218638,0.13220948654151365,0.11985357464861104,0.0896570116952955,0.13565212973828764,0.18637811891094724,0.13261370372360992,0.13261363735872284,0.1193083838956178,0.13498507872740564,0.13574122929898727
1701,05005,AR,0,no residential sales in 2024,,,,,,,,,,,,,,,,,,,,,,,,,
1702,17035,IL,77,skipped (fewer than 100 sales),,,,,,,,,,,,,,,,,,,,,,,,,
1703,12089,FL,2599,ok,UNACCEPTABLE progressivity,0.7685714285714286,29.66715904242088,1.00466967027097,0.13604320356703842,21.346230335111258,1.015894398319223,0.6878257290746174,0.9085165947302671,-0.0914821698134118,-9.023936917787098e-09,0.005219299095961194,0.014277048125144076,,,0.06687744600414879,,,,,,,0.06014117593715176,,
1704,54011,WV,998,ok,UNACCEPTABLE regressivity,0.6856261799874135,43.24616465865579,1.4191526532043126,-0.20434288959468336,-78.81221520896104,0.6832827360973139,0.06896067867991021,0.6351166553194814,-0.3648793163735531,-1.1531793119926719e-07,-0.1612381346899303,-0.20574746198786564,,,,,,,,,,0.10521082642206399,,
1705,40021,OK,515,ok,acceptable (confidence intervals overlap),0.7333250697242021,37.36740326133724,4.423031648316245,-0.018347602633672445,-21.751663294583,0.5333533905976303,0.002760355555551577,0.6836207198130748,-0.3163721275887759,-1.7095027085636904e-09,-0.41029432902852037,-0.756655610928483,,,,0.19669193989648096,,,,,,0.02924674651111643,,
1706,48099,,0,no residential sales in 2024,,,,,,,,,,,,,,,,,,,,,,,,,
1707,47043,TN,939,ok,acceptable (VEI within +/-10),0.8594342373869933,19.298738816267168,1.0149957063369135,0.04011818217402954,8.5789794374445,0.97176734753616,0.7476874879037109,0.9661994780081589,-0.0337996685659721,-5.961943022040555e-08,-0.008265613118960236,-0.011080330546186401,,0.21857194407273403,0.13000993368393868,,,0.10035092266524513,,0.11269683191153188,0.11269570845231267,0.10795742243431522,0.09655967742282061,0.11039582644508959
1708,17119,IL,3573,ok,acceptable (VEI within +/-10),0.8726865671641791,22.432549925141963,1.041395527478957,-0.017171658860128905,-9.10119047156109,0.9528234544454861,0.7177830894162761,0.9152666672207302,-0.08473148839580667,-1.7758771906282557e-07,-0.01754412506879155,-0.017488767798805593,,0.23690731204192747,0.19834929841785442,0.1639854755490936,0.19287584993786014,0.15716092299872672,,0.21776769938753668,0.2177640140203933,0.15640296151853847,0.15529153934654563,0.15096490517809472
1709,39063,OH,0,no residential sales in 2024,,,,,,,,,,,,,,,,,,,,,,,,,
1710,13093,GA,76,skipped (fewer than 100 sales),,,,,,,,,,,,,,,,,,,,,,,,,
1711,38077,,0,no residential sales in 2024,,,,,,,,,,,,,,,,,,,,,,,,,
1712,04003,AZ,2034,ok,UNACCEPTABLE progressivity,0.6399839672131147,29.468748656803985,1.0022477931627556,0.08071837015174203,26.043608548152346,1.034149441038932,0.7209628718260059,0.9069128195714926,-0.09307749007040518,-1.6873199868128556e-09,0.011424350075396772,0.013779853845550472,,,0.05255697018563024,,,,,,,0.02938864347097,,
1713,04005,AZ,1792,ok,UNACCEPTABLE progressivity,0.7785349803343167,20.932765504406635,0.9666352700119354,0.07868670965579333,34.613502296990184,1.0469845813950744,1.0827615296200026,1.0562356970505948,0.05623688678041557,2.1721828564167398e-09,0.019504779479717405,0.02374889999283769,,0.2258690071271465,,,,,0.09099229914043533,,,,,
1714,13263,GA,52,skipped (fewer than 100 sales),,,,,,,,,,,,,,,,,,,,,,,,,
1715,41057,OR,522,ok,acceptable (VEI within +/-10),0.9706843509276744,19.201154026791137,1.0200197980705927,0.03553893342414683,9.400716834277452,0.9478088249935201,0.8332084665693529,0.9796949495028136,-0.020305015310683426,-7.987205896505926e-08,-0.016188369265031533,-0.02493382746358752,,0.2274150374561545,0.12998992940962278,,,0.1353852548945505,0.24305786787763475,0.08452120125642949,0.0845212187560425,0.12058361942832074,0.13124541893433908,0.18493789630956614
1716,13309,GA,47,skipped (fewer than 100 sales),,,,,,,,,,,,,,,,,,,,,,,,,
1717,40079,OK,621,ok,UNACCEPTABLE regressivity,0.7387125,43.59351089743006,1.2074032934377905,-0.09670621548787482,-33.23477150304814,0.7914708415358099,0.4544923785949835,0.6538319476621942,-0.34617624792506185,-6.519334649504019e-07,-0.09170820048631567,-0.10231322151562616,,,,,,,,,,0.24555032518154163,,
1718,27095,MN,465,ok,acceptable (VEI within +/-10),0.8968627450980392,23.156733887530947,1.0703206085157912,-0.021600011011103773,2.229368853540593,0.8353127360576386,0.544826984992447,0.8838085872710482,-0.11618989680695976,-2.4509618316172126e-07,-0.05438009101364272,-0.06544706693090863,,0.24508880007829822,0.2342238340968989,0.15554681449603125,,0.23522775977473268,,0.23777515668601162,0.23777341808602642,0.1743650771685609,0.22919255973948685,0.2387630294805473
1719,31037,NE,107,ok,acceptable (confidence intervals overlap),0.72421875,38.69657281190569,1.047922317861088,0.07965239217271776,29.815014583083627,0.9658533608444979,0.5549855906407393,0.8571853582320574,-0.14280981659159717,-2.1892192080512518e-07,-0.013298606065663243,-0.020197632517455988,,,0.17067207942518223,,,0.15404799867067523,,,,0.1969183428762877,0.1989342319854315,0.14214077642929082
1720,48465,TX,318,ok,acceptable (confidence intervals overlap),0.8938994113549739,18.352752977491704,1.0098040758831786,0.025175334917981046,13.055995680044346,0.9770138646565547,0.858203603142063,0.9610706690268171,-0.038928704897347684,-1.7027182110472397e-07,-0.005591262858614332,-0.00523724469105602,,0.2021566374849952,0.09045575984446612,,,0.06926608690934763,0.1931187994757485,0.12676951615066562,0.12676895556880166,0.09026336268936776,0.06638625116094271,0.06148053057450626
1721,41025,,0,no residential sales in 2024,,,,,,,,,,,,,,,,,,,,,,,,,
1722,28159,,0,no residential sales in 2024,,,,,,,,,,,,,,,,,,,,,,,,,
1723,29169,MO,0,no residential sales in 2024,,,,,,,,,,,,,,,,,,,,,,,,,
1724,06055,,0,no residential sales in 2024,,,,,,,,,,,,,,,,,,,,,,,,,
1725,21189,KY,10,skipped (fewer than 100 sales),,,,,,,,,,,,,,,,,,,,,,,,,
1726,48127,TX,30,skipped (fewer than 100 sales),,,,,,,,,,,,,,,,,,,,,,,,,
1727,24027,MD,3363,ok,acceptable (VEI within +/-10),0.8193406593406594,9.960791225286359,1.0150086438483608,-0.012814777521863285,-2.8713299843932867,0.9361160535954872,0.751778580285304,0.9469000397535043,-0.05309941667184591,-1.84473792458218e-08,-0.017360466573565825,-0.019469507967726063,,0.11886211914754545,0.12405908296734068,0.0865076757313679,0.07769822458076804,0.1349938821915604,0.2190266763315394,0.1024013920485991,0.10240058637307602,0.0899131255251678,0.13609896745033126,0.14188426590759892
1728,17087,IL,190,ok,acceptable (VEI within +/-10),0.7568040298507462,44.44917643675167,1.165762439662801,-0.0568439008637958,-7.96522292560824,0.8630724312555529,0.6057690047828401,0.8014098724401244,-0.19858036748285723,-8.530669967810373e-07,-0.06130648179027842,-0.06523106462071238,,,,,0.23447778959022428,,,,,,,
1729,41019,OR,1179,ok,acceptable (VEI within +/-10),0.954225974025974,17.24958492302129,1.0263665458833773,0.02674285055492799,1.775371055409025,0.9431795945651015,0.5152977814960735,0.9407834109565504,-0.0592162306770335,-6.370660679341988e-08,-0.01570286881638383,-0.019407966727660986,,0.19724387041427446,0.16029422053385434,,,0.12762968302337294,,0.1331185667204485,0.13311820049733525,0.09990106358928749,0.12297667790288791,0.14833188263102567
1730,18097,IN,13145,ok,UNACCEPTABLE progressivity,0.8051094890510949,22.8286287875833,1.0869377129033269,0.04733781610826718,17.26793034258586,0.8415351159171701,0.33958781620218775,0.9319858740318335,-0.06801172515479584,-2.1593219415147527e-08,-0.05821929867998299,-0.07735018257688386,,0.24542419595256437,,,,,,0.15963536812060714,0.15963287746176896,0.1079364890073045,,
1731,55007,WI,551,ok,acceptable (VEI within +/-10),0.9864636209813875,29.488066819521098,1.0486985305423784,0.0069558789138489206,-2.12136692789905,0.9278878286024953,0.8939834456036793,0.8977174009046592,-0.10228226652770092,-2.0220381753654524e-07,-0.028234906957819383,-0.02883109476632084,0.16711780243689742,,0.238524953716068,,0.07194819282826018,0.21458596224502025,0.23505131993700953,0.23320439308288207,0.23320415288687593,0.24971725730571284,0.21929892861013725,0.2198057717613405
1732,31159,NE,216,ok,acceptable (VEI within +/-10),0.8271125,18.14514812558038,1.0542975678936226,-0.009723538033853181,1.856695307728911,0.8758517594360512,0.5428632314812413,0.9193079134150164,-0.08068891332775763,-2.3513914381765193e-07,-0.04180821337956364,-0.054994533181647265,,0.22091311753351198,0.18043787426662863,0.11382819788264656,0.22660838982103398,0.19536873691500856,,0.1850210125454307,0.1850155821979143,0.14803524342292476,0.19024718948436853,0.24877560728556247
1733,06033,CA,0,no residential sales in 2024,,,,,,,,,,,,,,,,,,,,,,,,,
1734,36101,NY,1213,ok,UNACCEPTABLE regressivity,0.8830645161290323,28.70557143739799,1.2255828966744342,-0.1094381682112707,-36.918894238938336,0.760684338382947,0.3445819810628986,0.7424986349138288,-0.257499490597049,-2.604803100600618e-07,-0.11222370951089733,-0.1364166207183526,,,,,,,,,,0.20767620719830573,,
1735,21105,,0,no residential sales in 2024,,,,,,,,,,,,,,,,,,,,,,,,,
1736,54005,WV,185,ok,UNACCEPTABLE regressivity,0.9685714285714285,81.09458919128534,1.7418652160962804,-0.32610749214589585,-64.61563596613257,0.6540171360839361,0.47144148341735803,0.5335040891758223,-0.4664981197344781,-4.5934339278785534e-06,-0.18780243149619258,-0.18808193294118136,,,,,,,,,,,,
1737,47003,TN,0,no residential sales in 2024,,,,,,,,,,,,,,,,,,,,,,,,,
1738,12101,FL,18392,ok,acceptable (VEI within +/-10),0.7227846592342366,47.17380943946665,1.3400051391399723,0.013447256151348778,8.053234957951613,0.43488220338229705,0.26655178139848706,0.193052424359941,-0.8069468082273886,-9.818296223349549e-08,-0.22508362465122245,-0.24975859369397302,,,,,,,,,,,,
1739,30077,MT,0,no residential sales in 2024,,,,,,,,,,,,,,,,,,,,,,,,,
1740,35009,NM,549,ok,UNACCEPTABLE progressivity,0.7807161024569457,26.877067561398498,1.5267067978283912,0.047054268543606316,42.49768887080402,0.5070834007505823,0.017975056017648774,0.7173785900638132,-0.2826120219448031,-4.347827477826314e-08,-0.2591733470243478,-0.35567386299219117,,,,,,,,,,0.062418761856668545,,
1741,40121,OK,716,ok,acceptable (VEI within +/-10),0.837630303030303,38.547420985616135,1.1116818918676548,-0.03694611452077828,-6.947165135736323,0.9436408281513837,0.6884766051610516,0.8538294711853,-0.14616343079578586,-2.3724089529138668e-07,-0.027826110103098323,-0.03198560577065801,,,,,0.13102021628319088,0.2024381913228264,,,,0.2462658932758027,0.21273322322181676,0.23094025148729233
1742,19141,IA,0,no residential sales in 2024,,,,,,,,,,,,,,,,,,,,,,,,,
1743,55043,WI,557,ok,acceptable (confidence intervals overlap),0.9036918138041734,20.19778248996542,1.0454396068112624,-0.019689045479011315,-12.66022720456399,0.8682802446003075,0.6664947433238271,0.8913111773161284,-0.1086868585075098,-5.271137582823187e-07,-0.038549407679028036,-0.043897665040450784,,0.23539027822331848,0.20756865400655655,0.13532245198359857,0.17648512147535794,0.19949142530319494,,0.193580124837859,0.193576144383145,0.16453358068208343,0.19202047103474287,0.1982042362830688
1744,37177,NC,80,skipped (fewer than 100 sales),,,,,,,,,,,,,,,,,,,,,,,,,
1745,05021,AR,0,no residential sales in 2024,,,,,,,,,,,,,,,,,,,,,,,,,
1746,55078,WI,0,no residential sales in 2024,,,,,,,,,,,,,,,,,,,,,,,,,
1747,06027,CA,0,no residential sales in 2024,,,,,,,,,,,,,,,,,,,,,,,,,
1748,06025,,0,no residential sales in 2024,,,,,,,,,,,,,,,,,,,,,,,,,
1749,21155,KY,265,ok,acceptable (confidence intervals overlap),0.8,36.265387726750966,1.3202689034380537,-0.08417214711721462,-11.126373626373628,0.5121207037027408,0.10536714609651533,0.525478059903547,-0.47451395812067954,-8.04190461424947e-07,-0.2065505859179093,-0.2576147388127483,,,,,0.21726643923762104,,,,,0.1971744715295335,,
1750,25005,MA,2020,ok,acceptable (VEI within +/-10),0.9282857142857143,0.31752340294358494,1.0001718701284192,-0.0009141100798267873,-0.1938298922188481,0.9988834324221312,0.9273328519105912,0.998632099441497,-0.0013677389306028874,-1.1543823946602359e-09,-0.00024606871372978567,-0.00020926339763671642,,0.003942077748510108,0.011313134580216924,0.014703567306631313,0.013367880571617837,0.011833542929065069,0.12137634571932349,0.01233525057760235,0.012334823526445982,0.01097192309165144,0.011824271648966708,0.011484952019906276
1751,20079,,0,no residential sales in 2024,,,,,,,,,,,,,,,,,,,,,,,,,
1752,26121,MI,2478,ok,acceptable (VEI significance <= 10),0.816991634252492,22.358756081366817,1.0071662647644897,0.031032764097780635,12.402903694852245,1.0198756577816763,0.8150126833614055,0.9805365192350334,-0.019461676099394108,-5.753557666153949e-08,0.006309110712364729,0.006850967261120111,,0.24450044251677003,0.08702400062338471,,,,,0.10304103262904445,0.10303772462963444,0.075190067662764,,
1753,13217,GA,1348,ok,acceptable (VEI within +/-10),0.9551441114138661,13.612687347634788,1.0234102468144568,-0.015238879495564076,-2.3009673304345877,0.8656187879504823,0.7813317140052627,0.8787275121133646,-0.12127212032809076,-2.783200401680073e-07,-0.02931124123451867,-0.031927605426810945,,0.15846036682715472,0.15032915443517936,0.07815104965472852,0.08550297332181664,0.14445185988689924,0.20426009365132602,0.15224924701908477,0.15224919477452173,0.13709388080334217,0.14089842847066605,0.14652556919405596
1754,18011,IN,967,ok,acceptable (VEI within +/-10),0.912507204610951,13.202851862744147,1.038574883947887,-0.0016867282182342024,2.4503963328290634,0.9180517505874427,0.5718962431693245,0.9512385818844645,-0.04876075536958298,-6.0329623449299e-08,-0.02903392830558249,-0.03855552414296537,,0.16234148916383936,0.17692556363172407,0.04201645261966392,,0.17946675300062903,,0.13238396565735563,0.1323831809932941,0.1566948921641215,0.17938644677799878,0.2247275010707631
1755,19107,IA,0,no residential sales in 2024,,,,,,,,,,,,,,,,,,,,,,,,,
1756,19145,IA,0,no residential sales in 2024,,,,,,,,,,,,,,,,,,,,,,,,,
1757,54093,,0,no residential sales in 2024,,,,,,,,,,,,,,,,,,,,,,,,,
1758,20161,,0,no residential sales in 2024,,,,,,,,,,,,,,,,,,,,,,,,,
1759,55083,WI,1024,ok,acceptable (VEI significance <= 10),0.9751842105263158,30.54473378897929,1.0821343466484261,-0.028280312667366286,-23.815559188209246,0.849270265118011,0.7377473635609068,0.8378903218386572,-0.16210954467815336,-6.213954529549424e-07,-0.054051389502098646,-0.06153226621054264,,,0.22817739025157568,0.19225889696790535,,,,,,0.23929124833140342,,
1760,37017,NC,308,ok,acceptable (VEI significance <= 10),0.654302271062271,55.805215752640535,1.6308417166143687,-0.1559185012027851,-29.702936478621947,0.73556890837401,0.17304957074280997,0.6703035184986244,-0.3296936777112223,-3.327157429596336e-07,-0.1645690046600885,-0.25940366267575965,,,,,,,,,,0.23988451318680232,,
1761,05099,,0,no residential sales in 2024,,,,,,,,,,,,,,,,,,,,,,,,,
1762,22093,,0,no residential sales in 2024,,,,,,,,,,,,,,,,,,,,,,,,,
1763,28099,,0,no residential sales in 2024,,,,,,,,,,,,,,,,,,,,,,,,,
1764,34023,NJ,7587,ok,UNACCEPTABLE progressivity,0.2786802030456853,58.84181150948768,1.2082931750188763,0.5433008422339188,150.56425401083885,0.5342893905839722,0.0008136604896608319,0.6364346894762204,-0.36356049763485926,-7.538214424134588e-10,-0.15808329178849734,-0.1877309085439447,,,,,,,,,,0.010044277315390777,,
1765,55021,WI,510,ok,acceptable (VEI within +/-10),0.9581760839160839,15.147412331682201,1.0104374022010594,0.017010651940892605,1.5970640845030997,0.9785873250597,0.90872337682729,0.9594552320474369,-0.040544628074512847,-6.606667644983366e-08,-0.006369191511033767,-0.00617537075597685,,0.18274541185752313,0.12100961947039884,,0.1053901386556962,0.06541913618378219,0.2110020630419492,0.12134269728972104,0.12134240664054873,0.11050471252001708,0.06208803692402705,0.08294386918696978
1766,17047,IL,78,skipped (fewer than 100 sales),,,,,,,,,,,,,,,,,,,,,,,,,
1767,45049,SC,224,ok,UNACCEPTABLE regressivity,0.5086641058472045,212.74479474018904,3.1206340969837543,-0.560117704608826,-193.24413477298447,0.7561666162289085,0.24823114713365,0.5225957881365925,-0.47741240731823564,-8.099207131878656e-07,-0.16368130703487305,-0.18687457326107415,,,,,,,,,,,,
1768,18061,IN,404,ok,acceptable (VEI significance <= 10),0.8241158505548203,23.592736090001626,1.0217482506854774,0.037196143177599374,16.679851530225303,0.9482237461359946,0.6895016991948391,0.9884093180902407,-0.011587290371116915,-2.0628632816074612e-07,-0.015785841013048918,-0.020461034330278238,,0.2448333005799463,0.1333168694097819,,,0.13205543224375857,,0.11273122744753175,0.11271656587274585,0.11031107634883001,0.12678004581151342,0.1323660102048349
1769,45091,SC,4966,ok,UNACCEPTABLE progressivity,0.5718334629532318,37.68644100620155,1.133045460500838,0.11883042591537953,32.90942989355559,0.7577798008942341,0.07329400240040197,0.6863336643380187,-0.31366205393034535,-7.615859208859064e-08,-0.08841012665694192,-0.12287553608845059,,,,,,,,,,0.10843115976261261,,
1770,46033,SD,0,no residential sales in 2024,,,,,,,,,,,,,,,,,,,,,,,,,
1771,05039,AR,85,skipped (fewer than 100 sales),,,,,,,,,,,,,,,,,,,,,,,,,
1772,48115,TX,76,skipped (fewer than 100 sales),,,,,,,,,,,,,,,,,,,,,,,,,
1773,40153,OK,275,ok,acceptable (confidence intervals overlap),0.8782058823529412,35.66994525370317,1.1836972594616624,-0.13312416233637742,-19.83629844931947,0.7153956833308905,0.509868088418148,0.6101144199137727,-0.3898854096283698,-1.4062707104245243e-06,-0.10966895209864957,-0.12752392387752542,,,,,,,,,,,,
1774,19103,IA,0,no residential sales in 2024,,,,,,,,,,,,,,,,,,,,,,,,,
1775,18049,IN,120,ok,acceptable (confidence intervals overlap),0.7150666666666667,37.52415415690985,1.1439308190537836,-0.12078791570292356,-36.14781605012284,0.8284644851123274,0.5753132259580486,0.7457875021112097,-0.2542083091482833,-1.0165161042800135e-06,-0.06253980495705891,-0.05980568062240188,,,,,,0.24358900852773632,,,,0.24139875523838913,0.23800389646773545,0.22241237331745622
1776,47109,TN,0,no residential sales in 2024,,,,,,,,,,,,,,,,,,,,,,,,,
1777,13205,GA,172,ok,UNACCEPTABLE regressivity,0.8106344583735134,53.65759154660252,1.9690804597812028,-0.1569029786096993,-77.12774644323989,0.7417858433256038,0.30182904135295513,0.7463464326734749,-0.2536556002421435,-9.250251592120841e-08,-0.19339480476398085,-0.26125244326510044,,,,,,,,,,,,
1778,41043,OR,1161,ok,acceptable (VEI within +/-10),0.960986301369863,8.791727802065807,1.0080834781559578,0.0066722122965474405,-0.9780261271201373,0.9495945738209732,0.8598387366222068,0.9586575087519221,-0.04134220106664252,-8.360071809682363e-08,-0.009888853063544367,-0.011356447950205517,,0.10587794613877415,0.09500147385598434,,0.03131932312095764,0.08014026469273314,0.12891172534786727,0.07703155972999927,0.0770310972877241,0.0856623625335971,0.0791128831053126,0.08536011995166057
1779,31119,NE,471,ok,acceptable (VEI within +/-10),0.8199823529411765,16.27511230413789,1.0245707055751554,0.012058396171257839,2.4717829652838703,0.9416089757157471,0.7536126240187723,0.9816054598727105,-0.018389989140212608,-6.785217331312474e-08,-0.02025299367282063,-0.023240397030305893,,0.19027700631595326,0.14972481678205546,,,0.1427738300722851,,0.09544013634470042,0.09542916854357254,0.11417643984076363,0.14175799007241638,0.15384066754217451
1780,05093,AR,0,no residential sales in 2024,,,,,,,,,,,,,,,,,,,,,,,,,
1781,40029,OK,40,skipped (fewer than 100 sales),,,,,,,,,,,,,,,,,,,,,,,,,
1782,53067,WA,3654,ok,acceptable (VEI within +/-10),0.9162606029637199,8.417553321578074,0.9967220956991545,0.04453235925035899,8.967836887366595,1.028747159495948,0.9979528950656603,1.0144323350869906,0.014432510193363002,3.7181674645508082e-09,0.005544631935743505,0.005393546659419712,,0.10086582278084336,,,,,0.001280301871077732,,,,,
1783,13053,GA,20,skipped (fewer than 100 sales),,,,,,,,,,,,,,,,,,,,,,,,,
1784,40085,OK,131,ok,acceptable (confidence intervals overlap),0.6301880597014925,65.40074902842808,1.4324694543257237,-0.1689339787389212,-23.36779791270987,0.6386985437014833,0.248178125419738,0.5252384676723432,-0.47475966297658073,-1.106891977470261e-06,-0.17271942988754807,-0.20706648666724403,,,,,,,,,,,,
1785,22007,LA,147,ok,acceptable (VEI significance <= 10),0.8998738721257398,35.2841886144367,1.176464053092862,-0.14021891312691928,-25.509747828691232,0.8082269190944673,0.710948607301628,0.7275132554553353,-0.27248678878086846,-1.2993496105814735e-06,-0.07851526763062044,-0.07568467675136548,,,,,,,,,,,,
1786,29119,MO,171,ok,acceptable (confidence intervals overlap),0.34789646512231365,54.52554032281989,1.0467839966574715,-0.013602456151792876,-20.37734559954547,0.9885998007256476,0.5481580043886872,0.6329246511580509,-0.3670731385062935,-1.833542640303503e-08,-0.005860157492690421,0.0671520910364467,,,0.13391658205308188,0.13310985178196924,0.2009534702996418,0.1352556964814149,,,,0.07772760355305094,0.07366266914324875,
1787,27159,MN,218,ok,UNACCEPTABLE progressivity,0.8905188367481824,23.691394086449517,0.9963863891805457,0.06356410869095493,28.286419707933504,1.0094853778074888,0.8411845813609249,1.0487396580121453,0.048744417247844715,3.843529955612136e-08,0.0030309353044830623,0.003767391643918372,,,,,,,0.16224390226070295,,,,,
1788,45073,SC,1609,ok,acceptable (VEI within +/-10),0.48165517241379313,48.26325142163827,1.1136129517472482,0.046404223666235624,2.200090342867647,0.9055779965452918,0.2837616607234154,0.939482226169855,-0.060276237340668525,-6.13235873390597e-08,-0.047871914068744914,-0.06493456282677279,,,,,,,,,,0.15109572533575188,,
1789,16081,ID,111,ok,UNACCEPTABLE progressivity,0.7924104905119943,45.99392010852901,1.1532161981001763,0.11859306677237849,70.33985530818332,0.5731305048545301,0.27236488575849316,0.4693589937097306,-0.5306450371760035,-2.806856510349978e-07,-0.13340482455788005,-0.14580203641176648,,,,,,,,,,,,
1790,48499,TX,373,ok,acceptable (VEI significance <= 10),0.8806922967796851,24.164056381079703,1.0045836275799247,0.06912455936712465,21.922391393185304,0.9588179981672178,0.807326933406206,1.0631126983803678,0.06311584629103194,-3.9724382846195756e-08,-0.012530916636054767,-0.015646296192248776,,,0.06884664055206699,,,0.1280018469404543,0.24631388465372359,,,0.05622748094042258,0.12178611229413215,0.14207264978033382
1791,17163,IL,3627,ok,acceptable (VEI within +/-10),0.8207005649717514,22.41145147759793,1.0414955437090587,-0.009103875952041792,2.8245018627774865,0.9413779578355629,0.6957779457896474,0.9464608885747038,-0.053517002823064694,-2.70406879159023e-07,-0.021502401188480347,-0.024483235495787126,,0.23587384878155015,0.19496920457509775,0.13032221117362033,,0.16688833657754276,,0.21073671371286246,0.2107282034498735,0.1631894111697017,0.16451597462967232,0.16175506078681182
1792,27057,MN,602,ok,acceptable (confidence intervals overlap),0.8421383647798742,40.38646729739183,1.1887985481578145,-0.046533241410954294,-22.094935684181394,0.8074799907256525,0.48278183828328003,0.6891594166775346,-0.3108448128048777,-4.1444406513016723e-07,-0.08399314801182944,-0.10620929652596245,,,,,0.2445651177304436,,,,,0.24579733400763365,,
1793,19177,IA,87,skipped (fewer than 100 sales),,,,,,,,,,,,,,,,,,,,,,,,,
1794,18057,IN,5043,ok,acceptable (VEI within +/-10),0.8246024898311353,14.17038617320496,1.0212257727977845,-0.0018164835993136489,3.3132755967222485,0.9005139045222723,0.7022263695400247,0.9088169441526094,-0.09118245166421779,-1.0059604252626119e-07,-0.02600897923329537,-0.02707267656359935,,0.16526748516021356,0.13762546602471198,0.02756389113156132,,0.15155891988717643,,0.13705592869912064,0.13705543366904688,0.10934579128315018,0.14952354873282098,0.1528152393633229
1795,45021,SC,779,ok,UNACCEPTABLE progressivity,0.5211640211640212,55.85654569862257,1.1920097390432367,-0.023319932268769723,28.9192756163564,0.7743896252409125,0.34187124986525486,0.6439305565612705,-0.35605330552345177,-9.053134646297712e-07,-0.08730092493020569,-0.09755244547556985,,,,0.23112281555107175,,,,,,,,
1796,47073,TN,926,ok,acceptable (confidence intervals overlap),0.5526915148550895,35.18551217316564,1.1025581923877144,-0.03343096171440952,-10.440884435881237,0.927430489553314,0.3609094477203967,0.7906661919034431,-0.20932634484451648,-3.3481614911997484e-07,-0.029374605922164898,-0.033853704128438133,,,,,0.1960777080066098,0.21250778941180098,,,,0.16390353476909986,0.1994033860422546,0.17877982300871084
1797,37085,NC,3746,ok,UNACCEPTABLE progressivity,0.62431,47.21490643547216,1.2280159124886494,0.0924392726836867,30.020524773170727,0.43217578311861166,0.2139274727126941,0.2663753523256088,-0.7336196628263095,-1.7042142368070258e-07,-0.18580921491196523,-0.20809208020469305,,,,,,,,,,0.18229971338893547,,
1798,31173,NE,45,skipped (fewer than 100 sales),,,,,,,,,,,,,,,,,,,,,,,,,
1799,21067,KY,4876,ok,acceptable (VEI within +/-10),0.788852424749164,22.316568559468266,1.0577382231226153,-0.0043401380919708115,-4.733496507451515,0.8826159459576881,0.6058433744976661,0.8513124088772767,-0.14868683744682087,-2.563112886134157e-08,-0.04208200310662802,-0.046279204767835536,,0.23686453590208356,0.21958247255649907,0.061817435651630566,0.12679971385156236,0.23509049726092987,,0.23057410782471707,0.23057297639674873,0.14708430827138685,0.22562381290001254,0.22006589380614958
1800,48449,TX,150,ok,acceptable (confidence intervals overlap),0.8940056700401489,24.724189033899947,1.091243078881307,-0.049943995181275166,-11.573692268748664,0.7822555936998538,0.5639660193876468,0.8462249723716233,-0.1537731998927039,-4.762643403263925e-07,-0.07378646692281654,-0.08546972935139308,,,,0.22264726135315102,0.19095875710245613,,,,,0.20913068591174203,,
1801,06067,CA,0,no residential sales in 2024,,,,,,,,,,,,,,,,,,,,,,,,,
1802,34041,NJ,1342,ok,UNACCEPTABLE progressivity,0.5188192267502613,21.19662432237224,0.9997731810909528,0.10286411260155238,37.04702779185622,1.035652117089665,0.45599461654960843,1.036637421937678,0.036642044343586554,1.1558377426977948e-09,0.008806417277723355,0.01084000345304681,,0.2321248361391965,,,,,,,,,,
1803,01039,AL,532,ok,UNACCEPTABLE regressivity,0.9320525765022991,44.32834474642391,1.2678935489493675,-0.1567984855451837,-62.23823322916709,0.7389296593530559,0.4616313164790546,0.6907988045211827,-0.30920119416497216,-8.55215035062908e-07,-0.117781824568711,-0.13165531622413273,,,,0.24655974600540215,,,,,,0.24306802371916228,,
1804,16005,ID,917,ok,acceptable (confidence intervals overlap),0.7609143378941048,19.5979989769568,1.0175374935794346,0.06602418449921132,10.27693865057271,0.8973927226797669,0.6595139696689478,0.9112261245789766,-0.08877254506355263,-1.7856928672871234e-07,-0.02303562528728187,-0.02350599801710529,,0.2165634513308441,0.12703228092101684,,,0.14237364136008943,,0.14758721433694547,0.147586210470655,0.11019533416007153,0.13321616167410932,0.1341816730782275
1805,20149,KS,332,ok,acceptable (VEI significance <= 10),0.7804798431178419,27.76005763479183,1.1174692026568032,0.04638206510496952,15.743737809570277,0.6520415242946334,0.2091921577806112,0.7771167679579547,-0.22287633708392152,-2.4385166495928583e-07,-0.11166723888180052,-0.1325325977577123,,,,,,,,,,0.15249503556358956,,
1806,20173,,0,no residential sales in 2024,,,,,,,,,,,,,,,,,,,,,,,,,
1807,06061,,0,no residential sales in 2024,,,,,,,,,,,,,,,,,,,,,,,,,
1808,20023,,0,no residential sales in 2024,,,,,,,,,,,,,,,,,,,,,,,,,
1809,28123,MS,47,skipped (fewer than 100 sales),,,,,,,,,,,,,,,,,,,,,,,,,
1810,25001,MA,0,no residential sales in 2024,,,,,,,,,,,,,,,,,,,,,,,,,
1811,05067,AR,233,ok,UNACCEPTABLE regressivity,0.8449589245705751,81.86778707682562,3.195455652083428,-0.2907916866104545,-64.95384774026279,0.3495304328400137,0.01797874488190872,0.43480850676024557,-0.5651781061863005,-2.64583636133884e-07,-0.47089793813602454,-0.5940657146549513,,,,,,,,,,0.20087528487027612,,
1812,21151,KY,1393,ok,acceptable (confidence intervals overlap),0.6941176470588235,34.13029638215177,3.544015176721872,-0.04873264176822113,-15.644975883093787,0.3160289634320012,-3.160365787590913e-05,0.5501994879573787,-0.44978704758493393,-2.5120924207335816e-09,-0.5428695156335714,-0.7221291691892642,,,,0.23652937739641716,,,,,,0.010975839804523243,,
1813,13213,GA,454,ok,UNACCEPTABLE progressivity,0.7337445913256788,43.39288854522479,1.0462828343303312,0.10736669457713433,70.17997072902996,0.9649052060800499,0.351584746044138,1.0047882363781961,0.004793663414362784,-8.06719827995112e-08,-0.013851340785021815,-0.034973966120235955,,,0.19808163903374543,,,0.17935703610620674,,,,0.09915280879802517,0.13585113956514525,0.18827334540713966
1814,49007,UT,254,ok,acceptable (VEI significance <= 10),0.7525828238671232,25.223441362591362,1.0220737138343798,0.036098482482899374,15.309540627308436,0.9504549132277478,0.7589143374088723,0.8785609236692336,-0.12143848898706815,-1.2000154824733105e-07,-0.014151167136711829,-0.0096708815450397,,,0.1311341895479438,,,0.15928344897332739,,0.19157822901209906,0.1915762920417145,0.12696204673952755,0.12614357888465097,0.10997353494683552
1815,08069,CO,4647,ok,acceptable (VEI significance <= 10),0.978421052631579,8.81243395881888,1.025672201490272,-0.04318438257857259,-10.714016040453357,0.8749794780658148,0.8509953994990123,0.8975476316685377,-0.10245000240747748,-2.7937947018311467e-08,-0.03176756515028156,-0.03404123970984929,,0.10939875282027713,0.14659146905884007,0.13305688056415652,0.16833526352909742,0.14697559841690092,0.2376956440282296,0.13059156803414193,0.13059052072247535,0.14036192642588424,0.15067089824755572,0.15693111208062513
1816,18053,IN,995,ok,UNACCEPTABLE regressivity,0.8078195488721804,29.894153578409664,1.1587066206160903,-0.11164023520058039,-40.82038085715119,0.7869588662812537,0.23535839225267605,0.7551436262807382,-0.24485538004239815,-5.056862132913691e-07,-0.08273616868519507,-0.09869934774818967,,,,,,,,,,0.18227338858504472,,
1817,08101,CO,2159,ok,acceptable (VEI within +/-10),0.9563181818181818,13.502092286997874,1.0140702115946736,-0.0034412340206118287,0.7897483556952691,0.9458471458422122,0.8619052294185853,0.9246218799380479,-0.07537779665405263,-2.0805489733211923e-07,-0.012427550725223613,-0.012431505907094742,,0.15723028142757844,0.11658252769719264,0.031424348700762716,,0.09766819149347529,0.15884585677497615,0.12992402779327894,0.12992361887219978,0.11441841570991813,0.09588548514244309,0.09383489914964836
1818,33003,NH,0,no residential sales in 2024,,,,,,,,,,,,,,,,,,,,,,,,,
1819,45039,SC,250,ok,UNACCEPTABLE regressivity,0.6337375335201422,66.51833442770477,1.491662690258162,-0.3018767362325928,-67.28646172282133,0.8702637451266622,0.42409201084198067,0.6982477714383785,-0.3017582174481306,-5.090678773021869e-07,-0.07316917488494812,-0.07651438796241528,,,,,,,,,,,,
1820,19111,IA,0,no residential sales in 2024,,,,,,,,,,,,,,,,,,,,,,,,,
1821,06001,CA,0,no residential sales in 2024,,,,,,,,,,,,,,,,,,,,,,,,,
1822,19033,IA,0,no residential sales in 2024,,,,,,,,,,,,,,,,,,,,,,,,,
1823,05049,AR,187,ok,acceptable (confidence intervals overlap),0.5871959614502065,50.91889772458893,1.2496952451283914,-0.0011554103078540421,22.223627062968095,0.6397005339527756,0.1307573068107956,0.5876058532929644,-0.412381802890687,-6.438100802233896e-07,-0.15286439482245706,-0.19593261408366414,,,,0.05095130757333759,,,,,,0.1885673173188616,,
1824,05137,AR,0,no residential sales in 2024,,,,,,,,,,,,,,,,,,,,,,,,,
1825,13003,GA,45,skipped (fewer than 100 sales),,,,,,,,,,,,,,,,,,,,,,,,,
1826,45087,SC,0,no residential sales in 2024,,,,,,,,,,,,,,,,,,,,,,,,,
1827,51125,VA,474,ok,acceptable (VEI within +/-10),0.7004313195376144,24.967785861653628,1.0699166371143682,0.0046657639902823065,2.7102609426500717,0.9273093466229364,0.41871918132346425,0.9678932554370658,-0.032101547368787176,-9.055068622014017e-08,-0.03385076841317103,-0.060210065938257396,,,0.2245337503754194,,,0.22335998210318378,,0.1935489641048429,0.19356160403281636,0.13323844506873286,0.22537683995690513,
1828,18133,IN,549,ok,acceptable (confidence intervals overlap),0.5722222222222222,27.72566511963921,1.115758291599213,-0.04960472871692002,-25.613775960516598,0.7617273629523833,0.20593806863134792,0.8215161237109625,-0.1784760903143197,-1.9161565298392363e-07,-0.08255142399553939,-0.09883345546185196,,,,0.21888921093254693,,,,,,0.09013066503375196,,
1829,42133,PA,0,no residential sales in 2024,,,,,,,,,,,,,,,,,,,,,,,,,
1830,12035,FL,3967,ok,UNACCEPTABLE progressivity,0.7615025641025641,33.00972321783434,1.0303877191791546,0.21442403202864335,84.81335120873686,0.9724503581968679,0.23408087182386372,0.9444572772680014,-0.05552978117289323,-2.998833706854998e-08,-0.008195451585687463,-0.012808686720541695,,,0.16531044344922385,,,0.11079492377170064,,0.21580297644504104,0.21577897424414988,0.08226563920464315,0.08982795963641362,0.11799680907105993
1831,22085,LA,211,ok,acceptable (confidence intervals overlap),0.7206836363636364,55.644006745046354,7.379187220812188,-0.11018797451776974,-24.59754639327388,0.45048136117990534,0.00019346212965917815,0.6468097291938542,-0.353188311336559,-3.743460660407368e-09,-0.4999873602542835,-0.8424449512463263,,,,,,,,,,0.009842016743088147,,
1832,26047,MI,576,ok,UNACCEPTABLE regressivity,0.9126626657321417,1869.2228242880133,17.054229242426352,-11.243289127820221,-4370.03152763153,0.41749020850459684,0.44427960582186576,0.17699173041387573,-0.8230220465193572,-8.409446013905225e-05,-0.2835352614871536,-0.2690058837620879,,,,,,,,,,,,
1833,34037,NJ,2418,ok,acceptable (VEI within +/-10),0.6556882255389718,29.14531139912962,1.0537874427244998,-0.0005885202389515996,-4.73369422342704,0.8380315303276417,0.4675364844012048,0.925490415331546,-0.07449878920213863,-1.9787513581065924e-07,-0.047340388852677995,-0.05154352869687284,,,0.21136975525169163,0.032529334229419705,0.13919972910873238,0.23118261614326216,,0.24208319879718823,0.24207217179005314,0.13329537594001944,0.2107407188024728,0.20960867901086888
1834,17083,IL,284,ok,acceptable (VEI significance <= 10),0.8660805084745763,22.31267442972447,1.0781805963228324,-0.0885341769917752,-21.815346228174324,0.856310683300245,0.65827230419411,0.8265276556016949,-0.17347084265569768,-8.236353875276306e-07,-0.04824954938834991,-0.05359123547325462,,0.23644610579196973,0.2338153403591024,,0.2154584676546616,0.2208129648879859,,0.2408154249820882,0.24081491151844167,0.1996956629977492,0.22038258181610798,0.22017246495056475
1835,48463,TX,157,ok,acceptable (VEI within +/-10),0.875140977443609,22.212695499735844,1.0187787452673007,0.04487117355826889,7.630294143623001,0.9606591152714499,0.7536603383839549,0.9411022797743692,-0.05889682902187193,-1.9148691962348184e-07,-0.011390373966767786,-0.015432912080303618,,0.24904447382246758,0.12880172951230834,,,0.08186607488172191,,0.15927573096754952,0.15927021048869855,0.10213794239265224,0.10784639107313317,0.09850668329600434
1836,40013,OK,640,ok,UNACCEPTABLE regressivity,0.7429005177292156,38.64514671803995,4.3201047930711525,-0.1002944977552246,-74.28654655677319,0.3819794710196904,0.007474387177501196,0.4669338214356827,-0.5330613832807245,-3.018591137116579e-08,-0.5061546410944799,-0.7219992860126603,,,,,,,,,,0.06762298318212968,,
1837,04012,,0,no residential sales in 2024,,,,,,,,,,,,,,,,,,,,,,,,,
1838,06013,CA,0,no residential sales in 2024,,,,,,,,,,,,,,,,,,,,,,,,,
1839,39161,OH,0,no residential sales in 2024,,,,,,,,,,,,,,,,,,,,,,,,,
1840,55107,WI,331,ok,UNACCEPTABLE regressivity,0.8094117647058824,38.305564098441316,1.0969342244777665,-0.02690555952220041,-38.27844127389462,0.8750866799416558,0.7176731532339925,0.8471434139697867,-0.15285231950788883,-5.728111262042066e-07,-0.05076967480931627,-0.048713289588167896,,,,0.1834651637097608,,,,,,0.2238741796661582,,
1841,50023,VT,0,no residential sales in 2024,,,,,,,,,,,,,,,,,,,,,,,,,
1842,01085,AL,26,skipped (fewer than 100 sales),,,,,,,,,,,,,,,,,,,,,,,,,
1843,54103,WV,299,ok,UNACCEPTABLE regressivity,1.028,225.05375596538713,8.280290919283155,-0.7083134390128999,-175.71155829389534,0.22422965922622148,0.021431022695541153,0.24453951015710249,-0.7554606859536283,-3.809764333515369e-07,-0.6306614165554116,-0.7271452456153151,,,,,,,,,,0.14835719285610283,,
1844,13177,GA,398,ok,acceptable (VEI within +/-10),0.6872003051844133,12.450407626421525,1.0145692014573942,-0.00788781641921975,4.07088251925492,0.9667955822957702,0.6434141125384005,0.9380384472499833,-0.061959652868722036,-2.452195833469332e-08,-0.009012102945192835,-0.011192218241601104,,0.15126885420769332,0.1326820201545951,0.07418042320710162,,0.09491981015711669,,0.13348396128838563,0.1334891981009422,0.06434478904114005,0.09110115001424016,0.1241843186762606
1845,06045,,0,no residential sales in 2024,,,,,,,,,,,,,,,,,,,,,,,,,
1846,51079,VA,365,ok,UNACCEPTABLE progressivity,0.7454838709677419,31.514342707313553,1.1211328998323897,0.08881619587740985,36.897167922188885,0.748734763935692,0.31193820052102195,0.7510978612652359,-0.24889621932264364,-2.2350347288682903e-08,-0.08911458835824959,-0.10091950892934576,,,,,,,,,,0.12646768122354457,,
1847,54097,WV,140,ok,acceptable (VEI within +/-10),0.6798987854251013,62.033286664099826,1.4243958485717594,-0.06864218332806571,-8.263141026202364,0.5051893958243664,0.05972088295361574,0.6502075542495132,-0.34977420136622667,-1.0405325925086931e-06,-0.2273690719757957,-0.2893528232512319,,,,,0.15050855999981017,,,,,0.19126975880559166,,
1848,05051,AR,5,skipped (fewer than 100 sales),,,,,,,,,,,,,,,,,,,,,,,,,
1849,06007,,0,no residential sales in 2024,,,,,,,,,,,,,,,,,,,,,,,,,
1850,06091,,0,no residential sales in 2024,,,,,,,,,,,,,,,,,,,,,,,,,
1851,35027,NM,228,ok,acceptable (VEI within +/-10),0.8871871615482598,17.2274314412703,1.0242873931705019,0.025135700654251282,4.830244575469946,0.9438919242413031,0.6805217887587429,0.9752550881946502,-0.024743045803261015,-5.343870123233174e-08,-0.019435332550421736,-0.022425099021286865,,0.20185033880410388,0.1491385044193751,,,0.1386899087531596,,0.10407338297871652,0.10407055177311667,0.11765812021890974,0.14465052374925808,0.18550831763679293
1852,37127,NC,1356,ok,UNACCEPTABLE progressivity,0.4320567111605488,49.464334295184095,1.3487592035334275,0.038321557710395374,30.610735117059914,0.5555875413866179,0.022272840081263724,0.5287849595087272,-0.4712026792558239,-1.1357519607033722e-07,-0.19692136400904858,-0.24940822624407621,,,,,,,,,,0.10722758412766362,,
1853,22019,LA,2218,ok,acceptable (VEI within +/-10),0.6517837004982954,35.46789405003973,5.0244967175988675,-0.0015416815202053196,-6.519449227606128,0.43896102476389004,4.1071792282207505e-05,0.7654905386841766,-0.23450454917438196,-3.686855620925238e-10,-0.49014140089131675,-0.7931564662684509,,,,0.04311937223143447,0.14438127224930886,,,,,0.014018002508494158,,
1854,21131,,0,no residential sales in 2024,,,,,,,,,,,,,,,,,,,,,,,,,
1855,48139,,0,no residential sales in 2024,,,,,,,,,,,,,,,,,,,,,,,,,
1856,48179,TX,201,ok,acceptable (confidence intervals overlap),0.7951127819548872,32.8419610652446,1.2914422529278151,-0.016091890256962133,15.834121355397963,0.621918165585882,0.05563278600277584,0.7459256327685313,-0.2540421299983685,-2.2546197355315454e-07,-0.17353870417680817,-0.24575614169696136,,,,0.16346098190769476,,,,,,0.10675401596896661,,
1857,40083,OK,916,ok,acceptable (VEI significance <= 10),0.8040810283687942,43.908604479946796,1.1949845320673076,0.03396131744253975,16.125619736419615,0.6614851067148948,0.20909286524312215,-0.036313889266418306,-1.0368027631819323,-4.045962413520763e-07,-0.12833919502927427,-0.15525999378626465,,,,,,,,,,,,
1858,54017,WV,78,skipped (fewer than 100 sales),,,,,,,,,,,,,,,,,,,,,,,,,
1859,46059,,0,no residential sales in 2024,,,,,,,,,,,,,,,,,,,,,,,,,
1860,26119,,0,no residential sales in 2024,,,,,,,,,,,,,,,,,,,,,,,,,
1861,48249,TX,165,ok,acceptable (VEI within +/-10),0.6645222348659824,34.586225901164305,1.0694398641852803,0.0355728241955424,-0.2655377660908545,0.8707917540983495,0.5190822480274928,0.8551868767019294,-0.14479585484863472,-4.297862667707366e-07,-0.047943663886541144,-0.060503102071159276,,,,,0.03834463354107809,,,,,0.20260383137093008,,
1862,39039,OH,462,ok,acceptable (VEI within +/-10),0.7552431298822265,23.252530385105295,1.0682419639932852,-0.0037791257167364,-2.498332005272087,0.8340556505753258,0.4686593123011428,0.8829179020329062,-0.11707288262588901,-4.382752525667413e-07,-0.05464806982397019,-0.06178439291511917,,0.24415117334503886,0.2239085735593744,0.06058194191027759,0.06377135881477866,0.23656375427279855,,0.22477527828969276,0.22485382843828167,0.15167143734595873,0.23090970918487522,0.2360457929030844
1863,47061,TN,0,no residential sales in 2024,,,,,,,,,,,,,,,,,,,,,,,,,
1864,46073,SD,0,no residential sales in 2024,,,,,,,,,,,,,,,,,,,,,,,,,
1865,26101,MI,418,ok,acceptable (VEI within +/-10),0.7720421017951352,24.253887112196864,1.0097935990222615,0.02505367588643948,7.838139837878335,0.9962451546262435,0.8114511270441563,0.9723825551679156,-0.0276144233378791,-3.5722010866568356e-08,-0.0014824648774296456,0.004084666599708853,,,0.08475009662879768,,,0.061128709486663935,,0.13420539549589627,0.13419912729761213,0.06897070548889919,0.0696685003586885,
1866,29211,MO,0,no residential sales in 2024,,,,,,,,,,,,,,,,,,,,,,,,,
1867,18169,IN,445,ok,acceptable (VEI within +/-10),0.7128919860627178,26.5198136220265,1.067767534381146,-0.02976012795869795,-5.1018636049601405,0.845558539106335,0.5093241014634932,0.8205701586433499,-0.1794259345195416,-5.796571865282968e-07,-0.04887393734147927,-0.054057367762545105,,,0.240716088352979,0.18152888909792297,0.10972271466707394,0.2418216795131589,,,,0.17602802259240283,0.2336101014201567,0.24040175937435737
1868,18103,IN,435,ok,UNACCEPTABLE regressivity,0.6521405554703085,43.80819452734225,1.3527426166203365,-0.18799772610589366,-30.608601497926927,0.5659510157463141,0.14741717078388558,0.536724899940463,-0.4632731606405887,-3.189551582960364e-07,-0.19156810974415528,-0.21584543628238495,,,,,,,,,,0.1311706848772806,,
1869,13189,,0,no residential sales in 2024,,,,,,,,,,,,,,,,,,,,,,,,,
1870,26131,,0,no residential sales in 2024,,,,,,,,,,,,,,,,,,,,,,,,,
1871,21207,KY,458,ok,acceptable (confidence intervals overlap),0.6141954787234043,60.00903410742856,1.375277900795145,-0.042310481227683557,-14.061262147865657,0.7986012163760293,0.06444004385267081,0.7445393696818025,-0.255444437749228,-1.8427221515046252e-07,-0.11484004947565452,-0.1754568397735694,,,,,,,,,,0.1491549040125836,,
1872,31043,NE,155,ok,acceptable (VEI significance <= 10),0.814206008583691,24.102569826792624,1.0392282096939343,0.0074889758210821495,17.477831661190475,0.8790157083410534,0.6660816776087062,0.8334186070906318,-0.1665802695035675,-5.51025156760668e-07,-0.03292239239165995,-0.03729870815351921,,,0.18192808408796368,,,0.21270469848298856,,0.2484031731105226,0.24840232282955363,0.16641752732999532,0.18160618370702136,0.18220293555404019
1873,39001,OH,0,no residential sales in 2024,,,,,,,,,,,,,,,,,,,,,,,,,
1874,04023,AZ,571,ok,UNACCEPTABLE progressivity,0.6247931034482759,46.07040652176242,0.9892714876489203,0.2788367707073995,76.437169444228,1.1512985627534886,0.579384984870371,0.9579311555477276,-0.042070358354863314,3.510575553944123e-08,0.043312050448125694,0.04959884936009362,,,,,,,,0.23708667742584905,0.23708570654465064,,,
1875,13159,GA,222,ok,acceptable (VEI significance <= 10),0.9104949832775919,20.38205928655498,1.0124503072397848,0.015318526546561047,16.783950131551695,0.9951258908858365,0.8349380288125191,0.9978651039622448,-0.0021324298042108007,-7.201200911557856e-08,-0.0016485820014522368,-0.006887339446544294,,0.22050379642999188,0.12196528498749684,,,0.06898233093750365,0.22018556328302047,0.05694740703221406,0.057005168615774926,0.10180065190101405,0.06704920175523268,0.08025178793232722
1876,05143,AR,6,skipped (fewer than 100 sales),,,,,,,,,,,,,,,,,,,,,,,,,
1877,19075,IA,0,no residential sales in 2024,,,,,,,,,,,,,,,,,,,,,,,,,
1878,36117,NY,937,ok,acceptable (VEI significance <= 10),0.84375,24.307334089155688,1.0604433556617086,-0.055935003302177905,-29.538134580522932,0.8494516402854819,0.7561934551029957,0.8174433226501361,-0.18255645491969966,-4.475540985854355e-07,-0.046225381320825765,-0.04866287122927426,,0.2485486287134216,0.23597504349473802,0.226493655710797,,0.2397697572871078,,0.24234286610969996,0.24234165833527593,0.2335907740698762,0.2307671325141057,0.2296875788213348
1879,48441,,0,no residential sales in 2024,,,,,,,,,,,,,,,,,,,,,,,,,
1880,02122,,0,no residential sales in 2024,,,,,,,,,,,,,,,,,,,,,,,,,
1881,13289,GA,78,skipped (fewer than 100 sales),,,,,,,,,,,,,,,,,,,,,,,,,
1882,08117,CO,1010,ok,acceptable (VEI within +/-10),0.9733495670995671,11.232403821871955,1.0374683106450446,-0.032704012125985095,-7.114701448655588,0.9329018591209174,0.8580031203229904,0.9339104704130561,-0.06608929929731538,-3.432939165540003e-08,-0.026770712500063798,-0.03010837198304661,,0.13360095350633724,0.19211919800344002,0.17276611023340915,0.20879418671044775,0.19666013335158994,0.22858086394987645,0.17729039501559335,0.1772906272506698,0.1757164741130051,0.19775327960707795,0.20713024788977968
1883,13071,GA,447,ok,acceptable (VEI significance <= 10),0.7950982456140351,39.09824643925968,1.1827988839301307,0.014112301698324626,27.11978361658043,0.8138525178987901,0.284325428480973,0.8425483478215513,-0.15744264926,-2.820201376159762e-07,-0.09204642974530786,-0.14486598634887793,,,,,,,,,,0.18787797062401346,,
1884,16011,ID,372,ok,acceptable (VEI significance <= 10),0.7028882144352225,37.73505883964505,1.1333714862320299,0.14876802042636986,22.904708573411472,0.3695221129459627,0.1224378643810278,0.1536190111258321,-0.8463845047941018,-6.638258277532044e-07,-0.16188185088964602,-0.1754938762591658,,,,,,,,,,0.22332946003741594,,
1885,40129,OK,19,skipped (fewer than 100 sales),,,,,,,,,,,,,,,,,,,,,,,,,
1886,42057,PA,0,no residential sales in 2024,,,,,,,,,,,,,,,,,,,,,,,,,
1887,51095,VA,1416,ok,acceptable (VEI within +/-10),0.8778246753246752,9.610690196576519,1.0156523049258641,-0.0016793350940478343,3.754515118288943,0.948158205303459,0.728223135535481,0.9683952063888324,-0.0316043811420037,-2.0895317649239946e-08,-0.015039036304143938,-0.018273639289726695,,0.11704149690238032,0.10163046967316172,0.043015438743163915,,0.09708221527929833,,0.09046992403698134,0.09046831351723272,0.09699242062682072,0.09638012219196458,0.11180897024055304
1888,16053,ID,217,ok,UNACCEPTABLE progressivity,0.7456316336094435,43.94346997471889,1.4584803890734523,0.0191094618395581,68.98098357899048,0.3350826447515413,0.062184289745450955,0.33248576096358823,-0.6675132549141831,-1.881890474861628e-07,-0.29550907567695783,-0.3291028149424666,,,,,,,,,,0.14970016568722563,,
1889,48461,TX,25,skipped (fewer than 100 sales),,,,,,,,,,,,,,,,,,,,,,,,,
1890,51139,VA,194,ok,acceptable (VEI within +/-10),0.6051245167670593,20.089546314731283,1.0285813535282342,0.01175343862598519,6.0034884093827365,0.8573678619219639,0.5118291796738271,0.8345047048728111,-0.1654926289453427,-3.0759862783160506e-07,-0.03211805549618352,-0.032159132802250356,,0.221199591158029,0.1602489423287063,,,0.1651976751806934,,0.19906651189491914,0.19906424492839062,0.11432668718831808,0.14749608176282408,0.1468193575695667
1891,39059,OH,650,ok,acceptable (VEI within +/-10),0.6786726342710998,47.78748416459241,1.2178990673367693,-0.05579195092505246,7.376967790516796,0.7978782926300607,0.3326061022966882,0.7677808447999819,-0.23221111675475956,-7.732775396830171e-07,-0.0911528205551364,-0.11559505794273028,,,,,,,,,,0.22714566654268326,,
1892,29221,,0,no residential sales in 2024,,,,,,,,,,,,,,,,,,,,,,,,,
1893,48091,,0,no residential sales in 2024,,,,,,,,,,,,,,,,,,,,,,,,,
1894,51013,VA,2230,ok,acceptable (VEI within +/-10),0.9263020077525004,7.689889663294649,1.0119790069932026,-0.014675567884508902,-3.8146795326390333,0.9734256020573702,0.9167271916893354,0.9664627064981217,-0.033537119973305024,-9.117733381002614e-10,-0.01116452915527133,-0.010352634364790614,,0.09539132832448777,0.08726255331268355,0.1347591072983452,0.14086950167741813,0.107826341937995,0.2099698639021695,0.1194188860291385,0.11941863257638886,0.08335573519901616,0.10804804801241646,0.10142930191189822
1895,50005,VT,0,no residential sales in 2024,,,,,,,,,,,,,,,,,,,,,,,,,
1896,26027,MI,684,ok,UNACCEPTABLE regressivity,0.8511884708965001,35.11798832915604,1.1629855398426192,-0.0890513505218123,-44.76943404448407,0.7888620330542357,0.4970537407363041,0.7289127779849686,-0.2710862259057874,-5.491837062817073e-07,-0.0870610537471721,-0.10357882264749985,,,,,,,,,,,,
1897,20003,,0,no residential sales in 2024,,,,,,,,,,,,,,,,,,,,,,,,,
1898,47185,TN,0,no residential sales in 2024,,,,,,,,,,,,,,,,,,,,,,,,,
1899,55039,WI,1754,ok,acceptable (VEI within +/-10),0.9029148914518317,19.034441557338244,1.0226748667677348,-0.006525516469712799,-8.080970436254718,0.9577534198679494,0.9419832306717054,0.9336021727579553,-0.0664006140647842,-6.582901574210766e-08,-0.013540536670161751,-0.013254651642743642,,0.21104095098593104,0.151702005006004,0.0816885005841603,0.14755853851119255,0.13654880538482847,0.16556940943109466,0.16498522392893733,0.16498810856524143,0.14875252379676873,0.13374842621543043,0.1329592138084325
1900,36011,NY,1059,ok,UNACCEPTABLE regressivity,0.8425385023898035,35.675635853836525,1.2031490627370371,-0.12865918867185067,-37.91274389701488,0.701454033074074,0.33973342644518995,0.608627886114749,-0.3913716427844331,-4.4144726507763576e-07,-0.11935659819199818,-0.13091201126683383,,,,,,,,,,0.24723487948000072,,
1901,20145,,0,no residential sales in 2024,,,,,,,,,,,,,,,,,,,,,,,,,
1902,28101,MS,25,skipped (fewer than 100 sales),,,,,,,,,,,,,,,,,,,,,,,,,
1903,01093,,0,no residential sales in 2024,,,,,,,,,,,,,,,,,,,,,,,,,
1904,05027,AR,0,no residential sales in 2024,,,,,,,,,,,,,,,,,,,,,,,,,
1905,06049,CA,0,no residential sales in 2024,,,,,,,,,,,,,,,,,,,,,,,,,
1906,37067,,0,no residential sales in 2024,,,,,,,,,,,,,,,,,,,,,,,,,
1907,40065,OK,423,ok,UNACCEPTABLE regressivity,0.8594693877551021,37.74183001905527,1.195544374298336,-0.1743116569925347,-30.033424548640376,0.8880627056172335,0.6376164822793149,0.699664208674534,-0.3003410349444321,-1.2919086031659298e-06,-0.047295212373318574,-0.05007650694975374,,,,,,,,,,,,0.22239346108398586
1908,55061,WI,314,ok,acceptable (VEI within +/-10),0.9418888888888889,18.234467015865985,1.0186227348336647,0.012302476624108332,4.320550922932318,0.9489535044365545,0.8721915833834826,0.942909547350831,-0.05708963330666962,-1.864009263595068e-07,-0.014855820557405863,-0.015702244685212197,,0.20432614123632858,0.13563518523761606,,,0.14192250710446663,0.16454772163468578,0.1587248939134544,0.15872691341984332,0.12910439214618455,0.1332672214094922,0.13615183468178085
1909,26107,MI,623,ok,acceptable (confidence intervals overlap),0.8377011494252874,24.108367386896248,1.0682470751493096,-0.04085770990665009,-17.037477852582686,0.8977735793099403,0.697555145524931,0.8749426069422012,-0.12505514566054002,-3.55030624281309e-07,-0.037774870394940985,-0.04131118202040995,,,0.2385186868145296,0.2338265962956301,0.23001449521917836,0.2229708311896721,,,,0.21569978332755987,0.2176558477463269,0.21408532636061178
1910,37047,NC,0,no residential sales in 2024,,,,,,,,,,,,,,,,,,,,,,,,,
1911,17203,IL,560,ok,UNACCEPTABLE progressivity,0.8348673544044483,32.506893948240176,1.1880259017206078,0.06089397631389092,75.37816004930814,0.7169302924565063,0.15250022861965756,1.0782789736013128,0.07840143106288654,-2.6272267241986276e-07,-0.1271784959183202,-0.18238113429127067,,,,,,,,,,0.12183626848979123,,
1912,48265,TX,452,ok,UNACCEPTABLE progressivity,0.8380470543447225,33.45718168493352,1.0683826396855425,0.11894500244613883,33.824764819490085,0.871854635534385,0.4066162190883762,0.8434168256545561,-0.15657839965438863,-1.4125596080373097e-07,-0.04433201732054304,-0.05984179618653629,,,0.2324918605602486,,,,,,,0.17882402946208137,0.24705440112054294,
1913,47151,TN,0,no residential sales in 2024,,,,,,,,,,,,,,,,,,,,,,,,,
1914,05077,AR,27,skipped (fewer than 100 sales),,,,,,,,,,,,,,,,,,,,,,,,,
1915,21139,KY,119,ok,acceptable (confidence intervals overlap),0.7258064516129032,32.9537460339278,1.176703389853233,-0.05808079496934005,-13.716112531969314,0.7209237393947137,0.33481386205846114,0.68197206962609,-0.31802740543106817,-4.075625679857062e-07,-0.11558646900502478,-0.1341136074855236,,,,0.22735380173554945,0.20030259398378739,,,,,0.23982181778022924,,
1916,37137,NC,264,ok,acceptable (VEI within +/-10),0.538132927104491,38.79779280307837,1.1287443333998517,-0.03581373316323479,-4.621562884637138,0.85139336094565,0.43753746630709145,0.7854770945862181,-0.21451644782405496,-3.359909384006747e-07,-0.05917675779845655,-0.06315559553340844,,,,0.22198690690194803,0.18285885850596162,,,,,0.20106231847023723,,0.24596957557518515
1917,08111,CO,0,no residential sales in 2024,,,,,,,,,,,,,,,,,,,,,,,,,
1918,28071,MS,541,ok,UNACCEPTABLE regressivity,0.43396035877238887,32.259524273861665,1.9090849600748843,-0.10171248889261295,-73.19067469069469,0.4402779973069224,0.05424330333367372,0.3198690454180193,-0.6801275652976009,-2.366719568309346e-08,-0.35209125127493945,-0.4408873198703791,,,,,,,,,,0.08483051475154028,,
1919,28061,,0,no residential sales in 2024,,,,,,,,,,,,,,,,,,,,,,,,,
1920,55055,WI,983,ok,acceptable (VEI within +/-10),0.9284,13.9506194690139,1.0229252087918825,-0.018651426762292363,-8.895633851423623,0.9077937425029042,0.8034031956470138,0.9343045210795775,-0.06569276621349686,-2.4417369396415277e-07,-0.02334223377178457,-0.024613664967187088,,0.16666300472791645,0.15107721510609445,0.16785159557875584,0.12480193030362119,0.13031223297511513,0.22669181834549035,0.170044280571888,0.17004501257663432,0.13026268779567932,0.13171871638001997,0.14957578502653307
1921,53073,WA,3185,ok,acceptable (VEI within +/-10),0.9090784461570098,10.284091839614673,1.0058991800960826,0.00675261972870083,1.3003846593028812,0.9752181572770795,0.8705655991461347,0.9933653526927992,-0.0066341047064314975,-2.4382961467726612e-08,-0.007243775367516525,-0.008645778768936685,,0.12215602927741893,0.07644927319277284,,,0.07995438980333673,0.19326809872861378,0.05369576551329754,0.053692183415766384,0.07356513578904485,0.07948543834129015,0.0836691121044798
1922,13115,GA,1365,ok,acceptable (confidence intervals overlap),0.917268,24.983389624724992,1.0682257013795178,-0.000458767706905091,-10.796278985523308,0.8979718283924271,0.5083829188968321,0.898036403523171,-0.10196178347752552,-2.0891508593657132e-07,-0.037655390559345525,-0.05110310663280582,,0.24605899440074258,0.24001412610451395,0.03897879206720953,0.21319926064462846,0.223760028723071,,0.23957161074183905,0.23957022784067522,0.17359181213680988,0.21157287567021976,0.23860523654555948
1923,28079,MS,93,skipped (fewer than 100 sales),,,,,,,,,,,,,,,,,,,,,,,,,
1924,12051,FL,556,ok,acceptable (VEI within +/-10),0.7888839037979669,16.512963262921865,1.0079016523369717,0.03392968795648102,9.256493130132943,1.01214140865474,0.6866482000689891,0.9597787842288252,-0.04022049451712575,-4.7529811618155895e-08,0.0031314379011531113,0.0037508190438102496,,0.1866775552979035,0.08989902698385793,,,,,0.11393166420997332,0.11392942150108053,0.06621732719222623,,
1925,47079,TN,0,no residential sales in 2024,,,,,,,,,,,,,,,,,,,,,,,,,
1926,51197,VA,363,ok,acceptable (confidence intervals overlap),0.7246753246753247,30.636030698862218,3.235253687205483,-0.09913206531749001,-10.947431302270017,0.33969184299850813,-0.0018004902281927714,0.39420177478561963,-0.60579355292557,-1.84840489804504e-08,-0.5048745552549534,-0.6850755338161945,,,,,0.18645858679823246,,,,,0.027539199998037483,,
1927,06093,,0,no residential sales in 2024,,,,,,,,,,,,,,,,,,,,,,,,,
1928,51005,VA,231,ok,acceptable (confidence intervals overlap),0.5296703296703297,39.15346709499095,1.296568830136845,-0.09862857335777409,-31.59869669169713,0.7374598069249264,0.25121957370691006,0.7442190983852157,-0.2557620838561358,-2.5083458308456865e-07,-0.13166726424064024,-0.16172743533167444,,,,,,,,,,0.13172156228828016,,
1929,53069,WA,52,skipped (fewer than 100 sales),,,,,,,,,,,,,,,,,,,,,,,,,
1930,09110,CT,0,no residential sales in 2024,,,,,,,,,,,,,,,,,,,,,,,,,
1931,36055,NY,8537,ok,acceptable (VEI within +/-10),0.8564227642276423,19.234353526860644,1.0369341290193905,-0.01800989627725,-5.519844899947435,0.9267251721154208,0.6029842793577123,0.9031653214272696,-0.09683422459603516,-4.6721851250401966e-08,-0.02392421168146175,-0.02490331759816211,,0.2160978510206532,0.1870243270667635,0.1436252331039339,0.14009770341705277,0.16493351568209816,,0.17977467135325345,0.17977364572163435,0.12272548259399316,0.16360028618236372,0.16460203498518694
1932,17165,IL,287,ok,UNACCEPTABLE regressivity,0.9999428571428571,45.870475852459,1.2940452734072112,-0.17992467545422117,-68.40946025995159,0.8149416772268421,0.5681929891079861,0.7283949601864376,-0.2715714870541729,-2.831381489012564e-06,-0.08679946655587001,-0.09915494534263924,0.012922614283684823,,,,,,,,,,,
1933,08003,CO,0,no residential sales in 2024,,,,,,,,,,,,,,,,,,,,,,,,,
1934,17059,IL,48,skipped (fewer than 100 sales),,,,,,,,,,,,,,,,,,,,,,,,,
1935,36061,NY,5092,ok,UNACCEPTABLE regressivity,0.23233805438472155,33.74484655670494,1.244378001555253,-0.043779274137431545,-40.68431745016953,0.8962239052291276,0.2044985660768334,0.7252534154629341,-0.27474529538460174,-9.9612408647165e-10,-0.07071195709988887,-0.06390359583802585,,,,0.24500835255260858,,,,,,0.127746618689754,,
1936,27129,MN,234,ok,acceptable (confidence intervals overlap),0.8626247987117552,30.84631879897134,1.154716154578084,-0.06029694177895303,-12.100220953217047,0.7923645132329806,0.43719909177923316,0.7695320369611343,-0.23046633818797807,-6.851829294939467e-07,-0.08602599984490489,-0.10382327224548815,,,,,0.2006137986088478,,,,,0.22014028703882307,,
1937,13133,GA,491,ok,acceptable (VEI within +/-10),0.8840615384615385,18.415678242105944,1.0616694695432052,-0.0037272505624652073,-8.170756359224184,0.9039597276810696,0.7040615246065748,0.9744521832360916,-0.025546060179424773,-5.179068266606112e-08,-0.044356186859003666,-0.06044604846239232,,0.2114082106205908,0.23583605871852864,0.11492582833829014,0.2102846297032137,,,0.1545821971460547,0.1545634638519674,0.19623635320828137,,
1938,27055,MN,253,ok,acceptable (VEI significance <= 10),0.855593220338983,20.929832777117102,1.070728609420503,-0.06574491449513556,-16.94650640612377,0.8154697206396504,0.686029301521251,0.8183882078116269,-0.18160726342733377,-3.8569532179975256e-07,-0.059359303455745804,-0.06265800671438049,,0.2322562766844881,0.20951438486217486,0.22094375280151196,0.24725785144005064,0.2108924921408268,,0.24834500429563044,0.24834850657805285,0.19916414512728972,0.2309894121791683,0.2182686228622792
1939,48473,,0,no residential sales in 2024,,,,,,,,,,,,,,,,,,,,,,,,,
1940,29033,MO,0,no residential sales in 2024,,,,,,,,,,,,,,,,,,,,,,,,,
1941,51045,VA,78,skipped (fewer than 100 sales),,,,,,,,,,,,,,,,,,,,,,,,,
1942,54029,WV,353,ok,acceptable (VEI significance <= 10),0.5861788617886179,40.859570885121684,1.1410136805273763,-0.06534348853286473,-20.986804540219666,0.792171599859527,0.4507550497820758,0.7922997967846711,-0.20768030300780166,-1.0696379875444096e-06,-0.07648601247208298,-0.07765653727855892,,,,,,,,,,0.21052217598961057,,
1943,01019,AL,731,ok,UNACCEPTABLE regressivity,0.7546666666666667,45.88306458785451,1.2360913481213989,-0.02100758202365564,-39.48725708879664,0.7888310975952805,0.20549838141391885,0.7987037546371557,-0.2012901196206016,-2.9434537671418e-07,-0.10582761235067273,-0.1444500462244771,,,,0.19385852937263304,,,,,,0.2031261234773927,,
1944,08099,,0,no residential sales in 2024,,,,,,,,,,,,,,,,,,,,,,,,,
1945,27067,MN,608,ok,acceptable (VEI within +/-10),0.8543189102564102,15.098911673109086,1.0225034597517828,-0.004650111693067887,-3.334889472281303,0.9597033768182797,0.761238252045664,0.9610603979863019,-0.038938208222311456,-7.340510696166492e-08,-0.01483108856312465,-0.016176114278811493,,0.17668356152223538,0.14858683745974646,0.07841642966126011,0.12765542446792053,0.12765123674480336,,0.1307651013341587,0.13076170662847986,0.10222341011028281,0.1261552393138037,0.12520767142081568
1946,54075,WV,201,ok,acceptable (VEI significance <= 10),0.7372903225806452,35.419766207203295,1.0446351050688094,0.04102852241606826,26.18233792067597,0.9409035035554991,0.6515431023845404,0.8417178256080561,-0.15828184071428664,-2.1207327002443846e-07,-0.02232661043193951,-0.020018514375009122,,,0.22813605420457742,,,0.21452829967733103,,,,0.16640856556452147,0.21941042003114034,0.2202699935284509
1947,51083,VA,360,ok,acceptable (VEI significance <= 10),0.7602069144338808,38.26371141941038,1.1716251597125489,-0.08305178195156042,-18.792162349864334,0.8103467553410247,0.3993402517825199,0.7530965850818399,-0.24690190773684573,-3.799574215239396e-07,-0.08083515389593221,-0.08709670969666905,,,,,,,,,,0.1954911624265289,,
1948,19013,IA,0,no residential sales in 2024,,,,,,,,,,,,,,,,,,,,,,,,,
1949,55123,WI,451,ok,acceptable (VEI within +/-10),0.8814545454545455,27.988410632880342,1.0740003707104302,-0.014768342202469587,1.3117037510202694,0.8453586184246911,0.538694447440816,0.8361960552449456,-0.16380272121039505,-4.5061774047476287e-07,-0.05267741348042776,-0.06249857681331639,,,0.24175012986861158,0.1239658105912386,,0.24272194130139957,,,,0.20372165381027976,0.2463036189257437,0.2427628434638944
1950,24013,MD,1886,ok,acceptable (VEI within +/-10),0.7815088289752969,12.362509554787195,1.0222673409552963,-0.04261657444626013,-5.450831076406979,0.8788248092683607,0.7013154620926216,0.8747335497554731,-0.12526578906605318,-1.1374467368758166e-07,-0.028478493334557875,-0.029306119972168254,,0.1457963349434342,0.14539660385489458,0.14339257888489812,0.1399172571826556,0.14564727505668415,,0.14679886586950025,0.14679863940429944,0.11990816064937809,0.14544517071225885,0.14624033403652426
1951,40141,OK,149,ok,UNACCEPTABLE regressivity,0.987875,113.2796604775707,3.4885369658070142,-0.5708202277796942,-240.01023615823652,0.5263033990642766,0.056301387405888165,0.44318444981744265,-0.5568108047876589,-1.5756893193806173e-06,-0.33247484578795117,-0.4509764811270287,0.07079613745402158,,,,,,,,,0.20892595059318073,,
1952,11001,,0,no residential sales in 2024,,,,,,,,,,,,,,,,,,,,,,,,,
1953,55139,,0,no residential sales in 2024,,,,,,,,,,,,,,,,,,,,,,,,,
1954,53063,WA,6128,ok,acceptable (VEI within +/-10),0.9101984595491089,11.124413324887401,1.0140956376763863,0.0028460891256784195,0.5437412386538926,0.9489658058372521,0.7676078439570676,0.9522438695032117,-0.04775580983585577,-3.433269182049869e-08,-0.01330116435453288,-0.015135594590566237,,0.1336878333091652,0.11510386903656437,,,0.10548168098314313,,0.10494658285828927,0.10494634943584258,0.09931884573332195,0.10458727373734206,0.10944062719531053
1955,29145,MO,642,ok,acceptable (VEI significance <= 10),0.4627305152775947,32.547335925717135,1.05669385774373,0.08648897414943253,31.887325645094773,0.9049858463924443,0.2642238273595146,0.8726200923615135,-0.12737224884534568,-1.1099466422528658e-07,-0.033710459286445005,-0.04879469508813439,,,0.22686441916855782,,,0.22230748207719422,,,,0.08023338979962098,0.24532740523237484,
1956,12067,FL,34,skipped (fewer than 100 sales),,,,,,,,,,,,,,,,,,,,,,,,,
1957,18083,IN,515,ok,UNACCEPTABLE regressivity,0.8307692307692308,37.02413106013575,1.5303605153539326,-0.11771307390222843,-50.657029863706704,0.6638076157819106,0.170190449985463,0.7046450419629807,-0.2953497348636902,-8.14624004778507e-08,-0.19520452947369638,-0.26163662134163146,,,,,,,,,,0.14342690765575042,,
1958,51061,VA,949,ok,acceptable (VEI within +/-10),0.7734375,11.947815295519948,1.0130985557656496,0.010577893864325519,6.5435747823807535,0.9427054514037698,0.714339965626124,0.9528698764751047,-0.047129565377939255,-2.233054504521423e-08,-0.01574436215575603,-0.017598834713023592,,0.14047349693596323,0.1206355725534405,,,0.11176435111440441,,0.09818423610080203,0.0981834352842767,0.09852818506572315,0.10795699401126076,0.15924190413868025
1959,47037,TN,10093,ok,acceptable (VEI within +/-10),0.6816029143897996,14.038931068252595,1.0403419101563651,-0.013909425369904754,-5.637980780260777,0.929900057337966,0.6409555959748217,0.925337818628208,-0.0746612834946954,-5.000338535687358e-09,-0.029454109107867055,-0.031401691168132295,,0.16548687190160888,0.1928799521453463,0.11896962991403799,0.13476684960273158,0.20445235693381533,,0.16853200929861883,0.1685295523862852,0.12980314701015783,0.20458393727934374,0.21546657326101776
1960,18107,IN,623,ok,acceptable (confidence intervals overlap),0.7451553930530165,24.93636825748204,1.135378888858798,0.022084519669608595,22.487257474416356,0.7650114382865537,0.2049583343489466,0.8588581507072582,-0.14113520674880786,-1.15208695183489e-07,-0.08560146651220246,-0.11326016323796884,,,,,,,,0.2431583836781152,0.24314916924273605,0.11528019566605702,,
1961,12091,FL,3721,ok,acceptable (VEI within +/-10),0.7937077363896848,12.85165468929313,1.0062347743743736,0.009456133687744997,-0.9994504097598114,0.9888526114605045,0.9973624944609095,0.9802469487819752,-0.019752177761412523,-4.520480154874158e-09,-0.004097929088217045,-0.004615582463703971,,0.15419566244391839,0.07221403510714391,,0.0652946385785301,0.07532340880280686,0.10735042706977058,0.0879581310767366,0.08795637007514302,0.07191235854275853,0.07228647438109685,0.06469012678828621
1962,42109,PA,0,no residential sales in 2024,,,,,,,,,,,,,,,,,,,,,,,,,
1963,30067,MT,0,no residential sales in 2024,,,,,,,,,,,,,,,,,,,,,,,,,
1964,29013,MO,0,no residential sales in 2024,,,,,,,,,,,,,,,,,,,,,,,,,
1965,29077,MO,0,no residential sales in 2024,,,,,,,,,,,,,,,,,,,,,,,,,
1966,39103,OH,0,no residential sales in 2024,,,,,,,,,,,,,,,,,,,,,,,,,
1967,22041,,0,no residential sales in 2024,,,,,,,,,,,,,,,,,,,,,,,,,
1968,39065,OH,0,no residential sales in 2024,,,,,,,,,,,,,,,,,,,,,,,,,
1969,47155,TN,1272,ok,UNACCEPTABLE progressivity,0.4871871101871102,32.92264589681592,1.4162092108155087,0.09385706864314962,43.66366149804321,0.6191122022791138,0.002361630668384801,0.9112874620621445,-0.08870229693992843,-2.967084834066729e-09,-0.19983592914831916,-0.29901528386345433,,,,,,,,,,0.032754933211108464,,
1970,48063,TX,58,skipped (fewer than 100 sales),,,,,,,,,,,,,,,,,,,,,,,,,
1971,31079,NE,683,ok,acceptable (VEI within +/-10),0.7855897435897435,19.82039696888562,1.026997617996317,0.014453533609658781,-4.705646105028184,0.9480642702765724,0.6411413197671733,0.9183970436533495,-0.08160050826649475,-2.2396282694835943e-07,-0.014723949967551553,-0.018129272383663908,,0.21472445140881777,0.14955572165184472,,0.10130264366607605,0.12783999975200872,,0.1649968519655926,0.1649794728313236,0.12554602448301788,0.12375172725884909,0.12899842823757093
1972,42095,PA,0,no residential sales in 2024,,,,,,,,,,,,,,,,,,,,,,,,,
1973,24015,MD,1349,ok,acceptable (VEI within +/-10),0.7472222222222222,18.601483122540813,1.0445293836877376,0.014783718681192786,-2.3663004968935692,0.9016785226665469,0.5385193027784156,0.983279210485737,-0.016708192402894263,-2.12933926133707e-08,-0.03320213235494629,-0.04166410342690097,,0.21554092626648064,0.22768200502413605,,0.09783003908966557,0.19157984699404257,,0.10454011054675887,0.10448541067159448,0.12587449146011226,0.19244007070322153,0.19088025571255904
1974,51101,VA,314,ok,acceptable (VEI significance <= 10),0.7747407407407407,29.06520597431153,1.0397213906810274,0.02040801059869459,20.425315840747526,0.8315376083293995,0.6157553306025879,0.9078681258058934,-0.09211781907350365,-4.194792812347264e-07,-0.04177884534462728,-0.04399889814516622,,,0.1915333586558557,,,0.23674224096124463,,,,0.192037480155412,0.24341655910302518,0.17817174593365243
1975,13297,GA,1284,ok,acceptable (VEI within +/-10),0.9080901722391084,13.403429222641371,1.0244055053947343,0.01467049305323904,7.707439108546406,0.904174847737622,0.5548205117878883,0.9404443857016014,-0.05955502682988431,-4.684298961197437e-08,-0.02314897356561829,-0.0273513452686156,,0.15915954497486365,0.14199721427090567,,,0.13159104655880438,,0.1171739817427855,0.11717360457124978,0.09029021283732354,0.13463420158723124,0.13490074789443174
1976,12077,FL,46,skipped (fewer than 100 sales),,,,,,,,,,,,,,,,,,,,,,,,,
1977,17033,IL,238,ok,acceptable (VEI within +/-10),0.8480813321647678,33.15277018029423,1.1113156462343363,-0.008659318178374866,4.461980220625017,0.7531299628254402,0.5764946131577453,0.6524667118020533,-0.34753041330131323,-1.2043957680200372e-06,-0.08824078248054379,-0.09781837140875749,,,,0.11456965579764078,,,,,,,,
1978,01051,AL,1701,ok,UNACCEPTABLE regressivity,0.9411428571428572,35.558885787530734,2.1972912822332558,-0.13691771517828744,-48.104646233640395,0.4735118748173795,0.0025351663961579985,0.5137501785356264,-0.4862464870416971,-1.3051896726100583e-08,-0.36141722332887216,-0.5238413301723277,,,,,,,,,,0.0532947507890023,,
1979,17081,IL,361,ok,acceptable (VEI significance <= 10),0.91845,29.829336949209157,1.1200641249053613,-0.051918897467549525,-17.003555636052333,0.920060419610381,0.7322886886371178,0.8435346675454561,-0.15646371491196973,-3.272834172122321e-07,-0.03766960235411765,-0.04113391266934752,,,,0.24834610502302992,0.24645237416271829,,,,,0.23320447389913482,0.24964198885307923,0.24584346488657097
1980,18045,IN,200,ok,UNACCEPTABLE regressivity,0.7912184873949579,33.13731486858443,1.185229534419881,-0.11304987564129806,-39.996668165045016,0.7231234746709783,0.3865030815373698,0.7563484410961154,-0.24364790426623464,-6.980336628064589e-07,-0.10694809710614939,-0.12005296255541276,,,,,,,,,,0.19738096872506045,,
1981,19017,IA,0,no residential sales in 2024,,,,,,,,,,,,,,,,,,,,,,,,,
1982,45057,SC,1552,ok,acceptable (VEI significance <= 10),0.6353095235398711,23.07485727128393,0.9833568920232407,0.05852953488484007,19.07784762220561,1.03596502839619,0.6797277896964218,1.051428532033305,0.051434117906188605,3.81404626712901e-08,0.012203609849465114,0.009945346734894334,,0.24112152153490263,,,,,,,,,,
1983,13241,GA,409,ok,acceptable (VEI within +/-10),0.66873,27.43096575996969,1.2860344652643778,-0.061498730467185354,-3.1358349903022384,0.7444504718208649,0.2856706706867832,0.7790242908067136,-0.220973175292953,-7.816332827784458e-08,-0.1381677199129332,-0.18360814918760338,,,,0.2376368265520348,0.14703399047475385,,,,,0.1783144040032265,,
1984,01053,,0,no residential sales in 2024,,,,,,,,,,,,,,,,,,,,,,,,,
1985,13239,GA,71,skipped (fewer than 100 sales),,,,,,,,,,,,,,,,,,,,,,,,,
1986,12009,,0,no residential sales in 2024,,,,,,,,,,,,,,,,,,,,,,,,,
1987,28115,,0,no residential sales in 2024,,,,,,,,,,,,,,,,,,,,,,,,,
1988,51600,VA,275,ok,acceptable (VEI within +/-10),0.8566666666666667,6.740632470504515,1.0027401088020065,0.005237282107724351,2.0162378875901346,0.9770680105547656,0.8352239208706553,0.9899653549918145,-0.010034286242068582,-1.930005711737281e-08,-0.005005534284980184,-0.005426132998698208,,0.08467831156966914,0.04029697761630025,,,0.054270825869306864,0.16537239381193425,0.04517744547313758,0.04517856324911803,0.05658221052053732,0.05335242208637161,0.05387067797073681
1989,36013,NY,1582,ok,UNACCEPTABLE regressivity,0.8049695995785037,45.157969915746946,1.2359381917039354,-0.12994680403330325,-56.24887920563277,0.7466018871533795,0.47959936335904707,0.6825599807094622,-0.3174366523252672,-7.321965976211343e-07,-0.11370900877346246,-0.12219966338871702,,,,,,,,,,,,
1990,17127,IL,198,ok,acceptable (VEI significance <= 10),0.9809065705128205,23.053563860194252,1.1195162523957127,-0.06252129113225302,-15.109963181198056,0.8663934293400319,0.7012417852926762,0.8485292272444598,-0.15146934741623463,-1.4703064204824978e-06,-0.059164349368660885,-0.07345752576232045,0.1483744359317585,0.23742865712936734,,,0.22760810801424647,,,,,,,
1991,51147,VA,229,ok,acceptable (confidence intervals overlap),0.6783333333333333,25.44934030474661,1.0486029570767479,-0.011282723168952194,-22.037587827061497,0.8804212565127655,0.6048674080263102,0.9078784948367312,-0.09211424777749387,-4.276940387454694e-07,-0.0356450639591126,-0.036596022519831406,,,0.20046066041815072,0.1136881278716673,,0.19317806660864106,,0.22663082923583955,0.22662384821626372,0.1555660215245809,0.1965226667285824,0.16075656929533885
1992,51075,VA,362,ok,acceptable (VEI within +/-10),0.8986210435033964,12.015838733267943,1.0148229943627878,0.013712056137734692,7.835329026923143,0.9521189835393128,0.7826577917886697,0.9809029379614632,-0.019096476892349352,-4.205299518739361e-08,-0.015501817709728138,-0.021752347562139063,,0.15067616709618162,0.11469235096331021,,,0.12610067028416252,,0.10941829448207406,0.10942202870023228,0.09905667994766403,0.125006809778692,0.14455115586430098
1993,22083,,0,no residential sales in 2024,,,,,,,,,,,,,,,,,,,,,,,,,
1994,39147,OH,20,skipped (fewer than 100 sales),,,,,,,,,,,,,,,,,,,,,,,,,
1995,51530,VA,103,ok,acceptable (confidence intervals overlap),0.8593939393939394,23.41235308005182,1.1058388345312198,-0.09832618732195542,-26.411819791192098,0.7679772789394164,0.759097421328368,0.7410321165009656,-0.2589652744361594,-4.215904172700611e-07,-0.08582388481877046,-0.08088256468190691,,,,0.24631658533169967,0.24110244119972904,,,,,0.24653449332647304,,0.23671418760910592
1996,20111,KS,253,ok,acceptable (VEI within +/-10),0.8321534358903087,16.825040253587584,1.0150643936792574,0.015136972229699031,3.3274795437061084,0.9591947088622974,0.7799729506273526,0.9570698882083546,-0.04292410938125156,-2.104883490191393e-07,-0.011545087784807784,-0.013280729508078126,,0.19521441835441533,0.11147851390750982,,,0.09651388016088625,,0.12478644599125441,0.12476358512559631,0.08910543849409981,0.09903294884560299,0.10015026704980037
1997,48485,TX,1354,ok,acceptable (VEI significance <= 10),0.9169261750884686,20.020649917657046,1.0317700976791284,0.02819737064636247,16.910099755108195,0.9226410700389159,0.582343202432571,0.9715650322277347,-0.02843327917074217,-1.0838041586370038e-07,-0.02455839294334905,-0.03299840613520266,,0.21617634959493465,0.17359611321992624,,,0.1676124334654079,,0.12238089068507459,0.12237938629474694,0.11416137071400975,0.16399716884949786,0.18757196461004383
1998,48363,TX,306,ok,acceptable (VEI within +/-10),0.8311198735075779,32.51081158374622,1.2073923713051937,-0.04087846355806127,3.4470267272436588,0.807675091490835,0.5338772048584909,0.6170598408706969,-0.3829412852455906,-1.1530726488782235e-07,-0.10018232568677243,-0.10459773659412863,,,,,,,,,,,,
1999,13023,GA,130,ok,acceptable (VEI within +/-10),0.88375,37.77992852463696,1.1319735300439808,-0.03712652613453487,3.474633177603472,0.8834592350922248,0.552478101379899,0.7453167867323337,-0.2546828687247484,-8.775688875280027e-07,-0.046102856765579237,-0.053484475361972095,,,,0.204168977651946,0.16553727672490165,,,,,,0.22684939193514422,0.22266246768577436
2000,51019,VA,0,no residential sales in 2024,,,,,,,,,,,,,,,,,,,,,,,,,
2001,48281,TX,242,ok,acceptable (VEI within +/-10),0.9518629951606883,22.386949687855566,1.0236651879389345,0.08169973124613529,5.226933877204665,0.8799849729352368,0.7367755958124056,0.8865928893825537,-0.11340625258753721,-3.940685273674591e-07,-0.026927950833110614,-0.030643746241493686,,0.24329970783372645,0.15615716001682062,,,0.17924178900940846,0.24009785634577935,0.18135976709069826,0.18135934196520356,0.17139912952565492,0.16140521467459215,0.16444936587169678
2002,19189,IA,0,no residential sales in 2024,,,,,,,,,,,,,,,,,,,,,,,,,
2003,20187,,0,no residential sales in 2024,,,,,,,,,,,,,,,,,,,,,,,,,
2004,31059,NE,107,ok,acceptable (VEI within +/-10),0.7360952380952381,32.64487618667451,1.2211571220210327,-0.06024872011497442,-0.17137044613098545,0.7756867590767251,0.1911448782268878,0.8150306708200459,-0.18495839322082572,-5.880184289106797e-07,-0.10352609194609141,-0.15568140505804862,,,,,0.00575343488247459,,,,,0.2185685394391048,,
2005,17097,IL,8246,ok,acceptable (VEI within +/-10),0.8485865923292394,12.322338239956755,1.0143731623778702,0.0024952457264988746,0.6013785854317076,0.9691402665532556,0.7887686442101236,0.9710374079409851,-0.028962074852511233,-4.060075085417013e-08,-0.01090858441055409,-0.014412280383605758,,0.1458213458747049,0.12002484922353376,,,0.1202761629945002,,0.10135040562262919,0.10134895509503519,0.09840270528870702,0.11998686136945119,0.13842798316587474
2006,12061,FL,3605,ok,acceptable (VEI within +/-10),0.827239247311828,13.33090188041063,1.0384368553843328,-0.015075456409521775,-9.900802280028035,0.9526154259038536,0.7397017765213689,0.9520523671924609,-0.047946715238571004,-2.0806546009058706e-08,-0.022119931169445994,-0.026452197087341034,,0.15902495561056187,0.1837893621374973,0.14398805087258582,0.18109101445045617,0.18735893002464038,,0.15779931019541854,0.15779927823636605,0.1497991069156484,0.18673705463625984,0.21002446805272074
2007,29125,MO,0,no residential sales in 2024,,,,,,,,,,,,,,,,,,,,,,,,,
2008,55071,WI,0,no residential sales in 2024,,,,,,,,,,,,,,,,,,,,,,,,,
2009,18131,IN,188,ok,acceptable (VEI within +/-10),0.741241517969339,41.454053128672584,1.7479996220984897,-0.06286064344174123,-2.5788593742580357,0.4961819136049301,0.046016389908106935,0.6383820572376796,-0.36160799312402814,-2.1796908355590142e-07,-0.3011562898144744,-0.4073716651527284,,,,,0.13467995934975593,,,,,0.12699258063089078,,
2010,51153,VA,4924,ok,acceptable (VEI within +/-10),0.8641451890034364,6.725099034202199,1.0002478352579536,0.001671475314408321,0.16286700722484912,0.9915252170354906,0.9475427498999747,0.973692529940408,-0.026307214760180535,-6.579043839064458e-11,-0.001923735922921388,-0.0012323654025958586,,0.082383019891533,0.02422636149482505,,,0.03970663845553692,0.12960783748429572,0.05531450288616388,0.05531426770185093,0.023504074858831048,0.03936455371200333,0.03489480165763883
2011,51199,VA,835,ok,acceptable (VEI within +/-10),0.8952727272727272,7.548796528663337,1.0033312078261052,0.008428217285680132,1.2108676969531962,0.9727699420554942,0.8520793303755639,0.9781384062974253,-0.02186124156600563,-5.448389728468547e-08,-0.00516673353431063,-0.005835101298817591,,0.0909200108971918,0.060613076372595186,,,0.06085091320527226,0.13828205841436358,0.05675343642563909,0.05675300686096767,0.055747961666434,0.060627349401712875,0.06141950727543207
2012,48487,TX,107,ok,acceptable (confidence intervals overlap),0.6661178982168372,36.86924728548358,1.040895196324981,0.06630016822243176,37.682429203435454,0.9556167680353136,0.5742219796550362,0.8810426908763584,-0.11892845600204313,-3.444238663564051e-07,-0.016228202580485185,-0.016039366469647875,,,0.21349931437967473,,,0.16582724422433417,,,,0.17176802500589622,0.11111060512078723,0.1991289061105441
2013,05111,AR,0,no residential sales in 2024,,,,,,,,,,,,,,,,,,,,,,,,,
2014,27169,MN,538,ok,acceptable (VEI within +/-10),0.8865262870480894,15.317636347727648,1.0262299462349687,-0.019577392815079156,-8.329632624119727,0.9236148604106801,0.7899623649093066,0.9191706388446177,-0.08082879831094021,-1.688708803830924e-07,-0.02261168526477597,-0.02237416013674909,,0.18116388902660624,0.14365543957262222,0.11048893253173517,0.1610304581993929,0.15524589417397763,,0.16711305988140804,0.16711509622250376,0.12908250236819016,0.14453363769654923,0.1600070986305819
2015,05011,AR,0,no residential sales in 2024,,,,,,,,,,,,,,,,,,,,,,,,,
2016,20207,,0,no residential sales in 2024,,,,,,,,,,,,,,,,,,,,,,,,,
2017,13191,GA,305,ok,UNACCEPTABLE progressivity,0.8361818181818181,32.103924936921395,0.9808969001474216,0.11135411290620809,58.12149343320717,1.043957680573712,0.7094001344963693,1.1059924399916572,0.10600032066075983,8.113890064058406e-08,0.015616798419753053,0.006368120361864182,,,,,,,,,,,,
2018,08073,CO,79,skipped (fewer than 100 sales),,,,,,,,,,,,,,,,,,,,,,,,,
2019,41031,OR,298,ok,acceptable (VEI within +/-10),0.9857159141135692,17.021744968791502,1.0015573290577575,0.08217231279230414,9.06303010932243,1.0035800588334058,0.9693781912241436,1.0127095936029527,0.012710224942700696,-7.0824466445209585e-09,0.0008916137860859319,0.0010867602858571912,0.15779500655754683,0.19565848350753945,0.035003218252290476,,,,0.0759919294807197,,,0.032118221925117096,,
2020,18099,IN,425,ok,acceptable (confidence intervals overlap),0.7546484437078576,24.20573935681003,1.0372037412798567,0.04955381702257815,13.408589590085619,0.891953256738268,0.6000337941449543,0.9852106583628444,-0.014779744469632745,-9.69038177125613e-08,-0.036140315002106904,-0.04149268132198225,,,0.19042796297288206,,,0.22436980020862088,,0.09117525542021178,0.09114648190917962,0.12232875022335743,0.2172907768048579,0.21796968623646082
2021,47143,TN,450,ok,acceptable (confidence intervals overlap),0.8986943600784283,26.22716604397936,1.080702916433088,-0.06685535583701926,-13.675906417011307,0.8920843067221585,0.8238222560507295,0.8217133531888026,-0.17828604303480136,-2.942248412468809e-07,-0.040844575365057034,-0.03889501736479417,,,0.23143082760791459,,0.24401005605632117,0.24516944830710255,0.21502338903436022,,,0.23239751476434606,0.21027887013504512,0.22477729578461966
2022,38035,ND,703,ok,acceptable (VEI within +/-10),0.8769230769230769,10.408546056348358,1.0124860061595296,-0.006408966482826583,1.6437490121700606,0.9591038546947336,0.7860126830981778,0.9535213754742561,-0.04647814132540951,-1.1283460094824218e-07,-0.011059743684723289,-0.012750175168346978,,0.1286262656869426,0.09880612780290281,0.06673650931868083,,0.09408330817820335,0.248032026144859,0.09120860728012457,0.09120759416987377,0.08691315483078188,0.09081056385409052,0.1021398655396943
2023,20061,KS,407,ok,acceptable (VEI within +/-10),0.9297305096785651,13.360759029041104,1.0152905437595559,0.011656178694843094,3.614189489422739,0.8991275811238197,0.7564773165658677,0.9071208809105552,-0.09287854487372132,-4.393851407432773e-07,-0.020741085679427895,-0.02434403468405577,,0.1563718694376413,0.11565051951540638,,,0.12079557062300283,0.19794091678192674,0.11643348861721704,0.11643320903620268,0.11005476464453325,0.11712802182589517,0.1223597571192312
2024,16031,ID,193,ok,UNACCEPTABLE progressivity,0.7629035055903364,29.696466243783977,1.0467998244256944,0.17886848650149248,41.87527005484365,0.8433465539758183,0.262084260830407,0.7979849594027802,-0.20201288228127012,-2.5364452125206046e-07,-0.03962024337163883,-0.057579501024323854,,,0.23730592201752357,,,0.22268874918331,,,,0.1302547224550329,0.2382774240935017,0.21704768446235898
2025,48395,TX,99,skipped (fewer than 100 sales),,,,,,,,,,,,,,,,,,,,,,,,,
2026,21073,KY,499,ok,UNACCEPTABLE regressivity,0.6527777777777778,35.72011459524992,3.023652164947002,-0.11583829706312285,-20.082415272054504,0.2753362159304338,0.0003610617870315118,0.515040789740305,-0.48495546151834656,-3.7417584056603676e-09,-0.5376144364424915,-0.6693046108874903,,,,,0.24126492377022168,,,,,0.003987033745980362,,
2027,13027,GA,157,ok,acceptable (VEI within +/-10),0.8583269378357636,34.71039393050859,1.418465025937733,-0.03837842094827431,6.020701337808219,0.7093884570691872,0.2245695306052945,0.8378183930778574,-0.16217226373962743,-1.64192734186779e-07,-0.16876208498080914,-0.2525719956601282,,,,,0.2373387918791383,,,,,0.21049626894906096,,
2028,31039,NE,126,ok,acceptable (confidence intervals overlap),0.8066855483493135,34.34319423759959,1.9498859129341546,-0.12628091281797763,-25.857706802626392,0.58927134288142,0.10142023209268246,0.5846023201850578,-0.4153944874346106,-1.5887349190579274e-07,-0.2767786513409909,-0.41249953392004546,,,,,,,,,,0.16272104725729397,,
2029,48057,TX,156,ok,acceptable (VEI significance <= 10),0.8482640189512961,25.231436583786717,1.00426342721554,0.053861079984044304,20.53678519565698,0.9999195691430555,0.8334450521321759,0.9951461892965199,-0.004853310395899281,-2.6619494424829425e-08,-2.6311371751353008e-05,-0.0024270048893020313,,,0.1094339765537601,,,0.002067842452930391,0.19194807094716937,0.09811763113723064,0.09807424499831077,0.065458100193414,0.001846454973586331,0.04231748008911783
2030,48059,TX,109,ok,acceptable (VEI significance <= 10),0.8279520016133911,31.69256943883062,1.0120686267554833,0.04065103815961124,20.822720591304567,0.9862316296362095,0.8166923475862599,1.0264775137275073,0.026479042644181116,-1.1838141162313223e-07,-0.004721867178437256,-0.006455493804999213,,,0.10731482656144363,,,0.09039515117195798,,,,0.10834895204389329,0.0616070089505148,0.08770268496749932
2031,19105,IA,0,no residential sales in 2024,,,,,,,,,,,,,,,,,,,,,,,,,
2032,42029,PA,5410,ok,UNACCEPTABLE progressivity,0.31387679021616693,16.75087145472973,1.013372795552124,0.042966847950002725,15.49348702611083,0.9719494377776989,0.28438235007942275,0.9889306203713997,-0.011063981584873397,-6.855788434339134e-10,-0.009625902084863025,-0.012737094432723195,,0.19329705907158456,0.0915408305461835,,,0.09735493461870592,,0.05750292950729849,0.05749519256936875,0.029065328803569847,0.09963482753631629,0.09996405898688035
2033,47157,TN,12532,ok,UNACCEPTABLE progressivity,0.7,23.266742148265877,0.9903878522581321,0.056603074941361464,18.266784756926782,1.0272838583328578,0.6267295120797778,1.0222662506788185,0.022270267685600937,1.8404082525054012e-08,0.011313730640090114,0.006673231033711424,,0.24665981773981552,,,,,,,,,,
2034,36021,NY,759,ok,acceptable (confidence intervals overlap),0.871795,27.513308175189152,1.1175915718609686,-0.07122193971070183,-17.356829555368193,0.8217977218613659,0.5958547270924908,0.7826950627663383,-0.2173044989186724,-1.3911160974977148e-07,-0.07285935344467687,-0.07978077604004641,,,,0.23731452943490117,0.23225551080975926,,,,,0.22763212309653966,,
2035,18147,IN,281,ok,acceptable (VEI within +/-10),0.6832236663569812,30.802780592008613,1.0837310668022502,-0.006617873568396342,-0.4297911208994745,0.8011195523279998,0.4889100722502827,0.8295549971153922,-0.17043633498256655,-5.85794828407774e-07,-0.0666825753491842,-0.07424607435994068,,,0.23690117841650382,0.11613972960664302,0.11249149204520645,,,,,0.19209291940982764,,
2036,47083,TN,0,no residential sales in 2024,,,,,,,,,,,,,,,,,,,,,,,,,
2037,19163,IA,0,no residential sales in 2024,,,,,,,,,,,,,,,,,,,,,,,,,
2038,55125,WI,0,no residential sales in 2024,,,,,,,,,,,,,,,,,,,,,,,,,
2039,27045,MN,283,ok,acceptable (VEI within +/-10),0.8146666666666667,28.237281866856204,1.053510518307249,0.00909897035876036,-2.8579665312035623,0.910668615987745,0.7395616918541333,0.8599789930528021,-0.1400159954830781,-2.462712503369474e-07,-0.03309924724728197,-0.03173555069173206,,,0.20927577337200748,,0.08622484871932413,0.2090202986045734,,,,0.20139653521846015,0.20162500221897664,0.2027923806243674
2040,13037,GA,55,skipped (fewer than 100 sales),,,,,,,,,,,,,,,,,,,,,,,,,
2041,54025,WV,316,ok,acceptable (VEI within +/-10),0.5520741311419277,40.146760719118056,1.0694486691239014,0.005028491313731133,-0.7116021575663055,0.923139959782426,0.5801404323302353,0.8103831049430386,-0.18960848586858411,-1.0215145833440241e-07,-0.0314884203217114,-0.017724516542548585,,,0.2418242117244257,,0.029951422450585213,0.23965814291069265,,,,0.17067090684180758,0.2305822673489578,0.211108179944158
2042,20089,,0,no residential sales in 2024,,,,,,,,,,,,,,,,,,,,,,,,,
2043,24033,MD,8581,ok,acceptable (VEI within +/-10),0.8619884189771614,12.907177688403749,1.0189816888328251,-0.001413340768237907,6.401523319040287,0.9051884606233174,0.6877300009607313,0.9465761345855424,-0.05341886969739485,-4.429926959317025e-08,-0.022457846575673512,-0.02406238544667061,,0.154259654474336,0.13053650728003874,0.03365524499756252,,0.12660739654317038,,0.12050830994692711,0.12050576206077741,0.10537143340001098,0.12082027770559588,0.1225232145869681
2044,05081,AR,3,skipped (fewer than 100 sales),,,,,,,,,,,,,,,,,,,,,,,,,
2045,12015,FL,8371,ok,UNACCEPTABLE progressivity,0.7905739863085834,39.871128606002166,1.134818333372339,0.1170319578583655,18.78978005921381,0.7462959355429735,0.2707915867829526,0.441758236001001,-0.5582425493893581,-2.0090561045287427e-07,-0.08865728521512128,-0.10071007574729784,,,,,,,,,,0.21453101150701903,,
2046,21113,KY,802,ok,acceptable (VEI within +/-10),0.755074074074074,26.95797250984962,1.0912325133173426,-0.010704946964590711,-2.3051255503308226,0.8539602118909054,0.4859533495403901,0.8399001618552284,-0.16009792932458594,-1.206919371274191e-07,-0.060588417819279705,-0.07447891240015925,,,,0.1350144722511148,0.08610664174684393,,,,,0.1957881397568,,
2047,42021,,0,no residential sales in 2024,,,,,,,,,,,,,,,,,,,,,,,,,
2048,28155,MS,21,skipped (fewer than 100 sales),,,,,,,,,,,,,,,,,,,,,,,,,
2049,22047,LA,215,ok,acceptable (VEI within +/-10),0.87,24.090605173804718,1.0459854297416786,-0.006994525042264139,-2.1076745178292455,0.9480479138981425,0.5721682965646576,0.9076024546715337,-0.09239584511053765,-3.3154803659121523e-07,-0.01795123382070196,-0.026283788480636616,,,0.2099622647743536,0.10892729289926914,0.09696061185882868,0.18296701291694215,,,,0.14629766260228372,0.18008380065236784,0.16291849593525248
2050,18177,IN,783,ok,acceptable (VEI significance <= 10),0.6521512113617377,36.191542825162294,1.2169250991347478,-0.10167807751294547,-38.26009869557845,0.7214478702693405,0.19944624186569676,0.6711986152152972,-0.32879881423525653,-4.0289218640938147e-07,-0.11605177350979634,-0.14470770364421726,,,,,,,,,,0.15591565323729617,,
2051,56019,WY,78,skipped (fewer than 100 sales),,,,,,,,,,,,,,,,,,,,,,,,,
2052,29025,MO,0,no residential sales in 2024,,,,,,,,,,,,,,,,,,,,,,,,,
2053,28013,MS,61,skipped (fewer than 100 sales),,,,,,,,,,,,,,,,,,,,,,,,,
2054,29067,MO,0,no residential sales in 2024,,,,,,,,,,,,,,,,,,,,,,,,,
2055,56029,WY,221,ok,acceptable (confidence intervals overlap),0.86687552213868,25.971416643869738,1.03049038270051,0.10535997205859808,14.741406333951312,0.8704758894071845,0.7228363727681021,0.9390532066251054,-0.06094480262396422,-1.930430260285718e-07,-0.035711530410093006,-0.03933292468632055,,,0.14863304343032205,,,0.20163338145194004,,0.15066793468322306,0.15066238253312275,0.14370171672882118,0.17982807832456066,0.18202373295979907
2056,19095,IA,0,no residential sales in 2024,,,,,,,,,,,,,,,,,,,,,,,,,
2057,38021,ND,53,skipped (fewer than 100 sales),,,,,,,,,,,,,,,,,,,,,,,,,
2058,24001,MD,1050,ok,UNACCEPTABLE regressivity,0.8454179894179894,33.090473957451046,1.2103995366603577,-0.12855371883321776,-39.45418145233652,0.7341143324805111,0.3477658959171893,0.7370480274403968,-0.262949659939931,-4.3497480994342165e-07,-0.11228682537199175,-0.12651682331699177,,,,,,,,,,0.19387256117335983,,
2059,37021,,0,no residential sales in 2024,,,,,,,,,,,,,,,,,,,,,,,,,
2060,37109,NC,1677,ok,acceptable (VEI significance <= 10),0.8218941176470588,29.826192539920715,1.0491843638752931,0.05404038476708677,15.161025896735419,0.9183922226792877,0.6028983496501966,0.8819867579362171,-0.11800958073689141,-1.7575685796134006e-08,-0.03152590914515163,-0.03365486276153051,,,0.20940389701353912,,,0.2281856386120388,,,,0.14399862887223006,0.20172052065701096,0.20774224210302247
2061,27011,MN,90,skipped (fewer than 100 sales),,,,,,,,,,,,,,,,,,,,,,,,,
2062,23025,ME,23,skipped (fewer than 100 sales),,,,,,,,,,,,,,,,,,,,,,,,,
2063,16057,ID,241,ok,acceptable (VEI within +/-10),0.8173870657194039,20.7370069313151,1.0269451636250224,0.05188569976395408,2.5418334701897334,0.8126264390279507,0.6558308549336405,0.882020431226034,-0.11797842712426036,-2.9048195872250846e-07,-0.04095295585722192,-0.04342747737482111,,0.24140194248105923,0.16264549427449332,,,0.19526562064798939,,0.1729125251885483,0.17291232028012588,0.14126875727392457,0.17730604018383372,0.17467967476545648
2064,21211,KY,713,ok,acceptable (confidence intervals overlap),0.7075471698113207,31.761752534795846,4.618197970529813,0.012949039648060216,13.220574154649054,0.3417122728763737,-0.00012365609512132025,0.8321672047681714,-0.16777209577791977,-9.364148591867152e-10,-0.5601676797220225,-0.7874663064838463,,,,,,,,,,0.04060124841606631,,
2065,37035,NC,2282,ok,acceptable (VEI significance <= 10),0.8352896825396825,19.404378414521837,1.0439964613129604,0.02402487608610655,14.39021725188012,0.9102847965268687,0.5239299747274945,1.007467526689178,0.007473681233327017,-6.059498499695664e-08,-0.036111293561698066,-0.044284283265593194,,0.21705186120201864,0.1946038741076334,,,0.21721006236007043,,,,0.13332067236653877,0.2161276092619937,
2066,27013,MN,635,ok,acceptable (VEI within +/-10),0.9156210220040008,10.423406108472722,1.019964066096859,0.011783312837325,5.565900665490645,0.9579630795249181,0.755230597258897,0.9796683539369277,-0.020331318737905276,-9.658014102391244e-09,-0.013607286362765425,-0.017408295364383708,,0.12584566785517748,0.17903874644048717,,,0.15931575818024574,0.2292818586076343,0.07606223652303418,0.0760618633547408,0.12925558999610662,0.1584662760161319,0.14767204393016845
2067,40145,OK,1267,ok,acceptable (VEI within +/-10),0.9568265306122449,15.368817423709432,1.0427085968008811,-0.01636690814728635,8.657311633327168,0.8394233856740492,0.7495661051105947,0.9071795265130047,-0.0928184534975513,-1.509348030129978e-07,-0.04598827256190452,-0.05225004122253085,,0.18203881996476728,0.18445071347719394,0.11641125999393862,,0.1878081653289009,,0.1758149982063614,0.17581340730121003,0.16133374146031734,0.18729866089344685,0.20243192292620366
2068,22123,,0,no residential sales in 2024,,,,,,,,,,,,,,,,,,,,,,,,,
2069,38043,ND,17,skipped (fewer than 100 sales),,,,,,,,,,,,,,,,,,,,,,,,,
2070,05113,AR,1,skipped (fewer than 100 sales),,,,,,,,,,,,,,,,,,,,,,,,,
2071,31025,NE,479,ok,acceptable (VEI within +/-10),0.7548571428571429,25.989268219951427,1.1030388933038069,-0.047958108841688614,-8.119455957341486,0.8442430310623369,0.4751028455547824,0.8319327105577039,-0.1680647720071122,-3.136170888764582e-07,-0.06029378884806169,-0.0776865361286958,,,,0.23232761539964555,0.17175681375446986,,,,,0.1848229395888863,,
2072,12055,FL,2005,ok,acceptable (VEI within +/-10),0.7789204819277108,14.407758450502259,1.0104953989958274,0.02059170870319481,9.627808720415008,0.9736521898928415,0.709473753654545,0.9888595868954345,-0.011138415670241457,-5.447982722999608e-08,-0.00808195411216106,-0.011173957412177193,,0.16626585575340935,0.10762408462981479,,,0.09609319160806223,,0.07339499097882082,0.07339224913375353,0.08175977844671006,0.09423909009449356,0.10909571847966883
2073,54095,WV,92,skipped (fewer than 100 sales),,,,,,,,,,,,,,,,,,,,,,,,,
2074,22049,LA,156,ok,UNACCEPTABLE regressivity,0.592847316471314,69.46867656193247,2.347842357152376,-0.32441863571446444,-163.5680848166085,0.35319689094384366,0.03212060441337039,0.21955894022394096,-0.7804337548502569,-9.892259561242243e-07,-0.35422796051710326,-0.5284971106837402,,,,,,,,,,,,
2075,22011,LA,439,ok,acceptable (confidence intervals overlap),0.6440636363636364,39.92216489193788,1.2502786686822793,-0.04738070529763997,17.334209661595256,0.6088461033000356,0.12245448077090557,0.5784904405313913,-0.4214936471717509,-7.5847588692926e-07,-0.15851512313911886,-0.21723000852513796,,,,,,,,,,0.21555210178195577,,
2076,26077,MI,3060,ok,acceptable (VEI within +/-10),0.8553968253968254,16.47622582282653,1.0019036484758292,0.03359590296927473,8.976411271296351,1.0137904317558828,0.83791341174754,0.9942527526148153,-0.005746153885393413,-1.5344250046101494e-08,0.004132044032776783,0.0037148124609002187,,0.18992263646546656,0.041873629140295104,,,,0.2382734523592161,0.04393323634513753,0.04392977220182226,0.038445346543996076,,
2077,13249,GA,40,skipped (fewer than 100 sales),,,,,,,,,,,,,,,,,,,,,,,,,
2078,48505,TX,58,skipped (fewer than 100 sales),,,,,,,,,,,,,,,,,,,,,,,,,
2079,26147,MI,1287,ok,acceptable (VEI within +/-10),0.9324137931034483,14.957006040680056,1.016349868609527,0.0014147576988819451,-2.451294957904194,0.9617752520344218,0.854294269065427,0.9475535617870398,-0.05244596823887288,-1.6785012593430899e-07,-0.011265400611971454,-0.012162538372528342,,0.17815434680875694,0.13064938471559595,,0.0627993447041191,0.11570080783390399,0.2060403904416807,0.13746013507013533,0.13745959631364793,0.1279212433577691,0.11394737092598939,0.11360584317350814
2080,18055,IN,346,ok,acceptable (confidence intervals overlap),0.5021482948700575,38.71272423278756,1.112890294285844,-0.01614927516463641,13.271549027185781,0.786733653982762,0.3212541034411058,0.731694555275927,-0.2682953990648386,-5.258129345925057e-07,-0.07441750014033954,-0.08432909276302025,,,,0.19881953876458303,,,,,,0.16314654379699703,,
2081,40137,OK,736,ok,acceptable (VEI significance <= 10),0.8674900432900433,35.093979081729714,1.1754429293256168,-0.08819034171243198,-25.27550951799085,0.8129086583424564,0.3049533434636351,0.7837205869461833,-0.21627659367894064,-6.176360137065402e-07,-0.07994819235809958,-0.09332994006733197,,,,,,,,,,0.23745159065060498,,
2082,05037,AR,0,no residential sales in 2024,,,,,,,,,,,,,,,,,,,,,,,,,
2083,39045,OH,2213,ok,acceptable (VEI within +/-10),0.7110337078651685,16.29008926126204,1.0074677167684976,0.035179414430871865,8.062811439732117,0.981097789664625,0.6679642152926567,0.9859318246518324,-0.014063126083162021,-6.04223940648557e-08,-0.00503997712985349,-0.006291790836826738,,0.19108739264477517,0.07670475161099519,,,0.06400472301327381,,0.06483091898857889,0.06484746806208536,0.06741926940375578,0.06685255848954563,0.0629396691988887
2084,12115,FL,10645,ok,acceptable (VEI within +/-10),0.7947000582411182,9.097645176049337,1.0197751892308198,-0.01090396520949866,-2.90648000079553,0.9671160462602377,0.7645629921969148,0.9675644911436827,-0.03243494752098464,-1.230840553760232e-08,-0.013831317087535266,-0.015344731773221154,,0.10980476072000579,0.1363609852477957,0.10688212426997876,0.10874604165893544,0.1396028471045539,,0.11371139610223863,0.11370892892324548,0.10417788469886982,0.14066662790720164,0.15542941756751194
2085,55003,WI,384,ok,acceptable (VEI within +/-10),0.9447983870967742,29.865353071248606,1.0798714090546615,-0.033494652044427475,-7.757313050079359,0.8776999885435658,0.8162570252597137,0.8478309275201427,-0.1521671514463662,-4.6113779037917985e-07,-0.04797956945863313,-0.04423055353312222,,,0.24159377106209223,0.21745819087930618,0.16649618292735713,,,,,0.2327189931854831,,0.22169633592216276
2086,13021,GA,2748,ok,UNACCEPTABLE regressivity,0.8496378996431433,35.171098216416205,1.3562365753211012,-0.10648746844668887,-34.663228043789736,0.674499628788152,0.4799281812448881,0.533111799363323,-0.4668849406220514,-1.4891247711898683e-07,-0.16647339757412571,-0.20596138155527788,,,,,,,,,,,,
2087,51137,VA,830,ok,acceptable (VEI significance <= 10),0.5361229000884173,42.373545491823236,1.1457601415168714,0.14817437231174055,44.23341261981994,0.6329442757865219,0.13983377579184972,0.36452005638718743,-0.6354882089775595,-8.702972492401953e-08,-0.11928196293885907,-0.12814901511173193,,,,,,,,,,0.10557727509985823,,
2088,16039,,0,no residential sales in 2024,,,,,,,,,,,,,,,,,,,,,,,,,
2089,48353,TX,94,skipped (fewer than 100 sales),,,,,,,,,,,,,,,,,,,,,,,,,
2090,22023,,0,no residential sales in 2024,,,,,,,,,,,,,,,,,,,,,,,,,
2091,31011,NE,61,skipped (fewer than 100 sales),,,,,,,,,,,,,,,,,,,,,,,,,
2092,28089,MS,967,ok,UNACCEPTABLE progressivity,0.5552318295739348,30.10159002326826,1.0439356340363806,0.12957039564669956,35.78458538727435,0.8418627025641116,0.39610863881365826,0.7982251420184944,-0.20176846321576866,-1.312037687568121e-07,-0.045138043206772505,-0.049505429917816146,,,0.18933387015785214,,,,,,,0.11108943127826719,0.23115796669008185,0.2100927146805682
2093,18161,IN,189,ok,UNACCEPTABLE progressivity,0.41818181818181815,87.1792765697701,0.9141947180776858,0.37607081892403776,125.38088270425229,1.080668943320097,0.43329784029376023,1.3777114172589797,0.37776066805782305,3.138198202143336e-07,0.03708065396989135,0.013794045088991291,,,,,,,,,,,,
2094,18125,IN,209,ok,UNACCEPTABLE regressivity,0.8029940119760479,45.77612189975325,1.2840059317137384,-0.14975813053849732,-56.0368484904978,0.6647211605961993,0.3562851860632937,0.644557879245321,-0.3554314963603073,-1.2821280143374913e-06,-0.13791617825844082,-0.14856408361955875,,,,,,,,,,,,
2095,36057,NY,580,ok,UNACCEPTABLE regressivity,0.8065685064935064,32.718934926093716,1.1085029038414564,-0.11818177197871198,-33.25226582384325,0.780169527696368,0.6578789523289811,0.7268566363244215,-0.2731368364092609,-1.1917759661545285e-06,-0.06993474770099661,-0.0623951914313321,,,,,,,,,,,,
2096,22103,LA,3358,ok,acceptable (VEI within +/-10),0.7817094155844155,18.803133460028533,1.027216828551109,0.010054455080975518,6.530802281701794,0.9523773330721977,0.6737811523269804,0.9765517317176271,-0.023444335857816627,-1.392921231487614e-08,-0.0176138679964013,-0.02259529910715341,,0.2093277009304821,0.16946744550992757,,,0.16164849793381708,,0.11844459109589962,0.11843119816851713,0.10593153787214374,0.15850489472388912,0.1822662383626359
2097,31123,NE,51,skipped (fewer than 100 sales),,,,,,,,,,,,,,,,,,,,,,,,,
2098,35029,NM,106,ok,acceptable (confidence intervals overlap),0.6095571460643409,35.37878451596189,2.2644667563905383,-0.05225454133442576,28.930073907306888,0.3596581622916008,0.0028163299509177354,0.3153544614004386,-0.6846374008820397,-1.3785192135515026e-07,-0.41574281298208393,-0.552737217049855,,,,0.24562869673190219,,,,,,0.0675854041662168,,
2099,27003,MN,4267,ok,acceptable (VEI within +/-10),0.91455525606469,7.975538420613394,0.9995675696248052,-0.01029533292068865,-1.3284457451735538,0.9793642987237142,1.0404967408849224,0.9494021774163682,-0.050597659377169854,1.9382715623239443e-10,-0.005421187013138651,-0.0026812707842012173,,0.0980728499888633,0.0267376073464708,0.0717503257397822,0.061137443479087734,0.055875848840172646,0.14517209601168085,0.08516509624806223,0.08516487455109763,0.027513495240459467,0.055453124854801035,0.04609274947535204
2100,29049,MO,0,no residential sales in 2024,,,,,,,,,,,,,,,,,,,,,,,,,
2101,30063,MT,825,ok,acceptable (VEI within +/-10),0.7624627172271755,20.541344548162012,1.03917605617789,-0.014192013417524178,-2.8564686152820187,0.7552649649214382,0.6454984660933413,0.7904227591136993,-0.20957651125272406,-1.4893192047655667e-07,-0.056512244058253946,-0.056729272625368754,,0.22640275828972126,0.19057577501000897,0.07430858844679401,0.08252815083602712,0.22261040731009377,,0.21488240323666977,0.2148818286302483,0.14568610170171908,0.19954986367968983,0.21069854432202834
2102,39153,OH,7779,ok,acceptable (VEI within +/-10),0.784,18.597089727233634,1.0293748571368109,-0.004671379788009857,-5.924538751144017,0.9566796662067049,0.6829532053412238,0.9434137846582196,-0.056584523896551005,-1.2788439083640757e-07,-0.015861602815777642,-0.018499758196861338,,0.20538702927069225,0.15846808849698946,0.08482817085372628,0.14601839697976532,0.14596902297956202,,0.15755342580239282,0.1575511918073455,0.1251607334203205,0.14443697708248954,0.1468650654269937
2103,13057,GA,4528,ok,acceptable (VEI significance <= 10),0.9099227262860864,14.809590621228518,1.0250630700660524,0.03942943977934372,12.19717293333698,0.911575470373661,0.8272963650404296,0.9907943666194081,-0.009198781585283651,-2.124092595029773e-09,-0.030073114636779197,-0.030214794543179213,,0.17428481775870155,0.15093867813991527,,,0.16635060301043822,,0.06251597826509078,0.06250540184992724,0.12731752162541873,0.16284662922560428,0.1861942454580176
2104,51071,VA,164,ok,UNACCEPTABLE regressivity,0.5998076923076923,37.202923600717845,1.1601805496496156,-0.1841208267667423,-60.49537582140559,0.7304719393546749,0.4289425183517961,0.6538864385397218,-0.3461118044813058,-7.86207536334601e-07,-0.09303260426983906,-0.09115269266263959,,,,,,,,,,0.22515874067733793,,
2105,48093,TX,113,ok,acceptable (confidence intervals overlap),0.8617925433465183,32.6844723330511,1.047573586086771,0.06837902738178057,12.074533706446838,0.9269607062694826,0.6664734271779436,1.0503393110354557,0.05035675479822671,-1.522433347069045e-07,-0.028451721504992644,-0.0349498749402497,,,0.196918229918657,,,0.18403478609651217,,,,0.1694665938145482,0.14045025285689933,0.14267524366192932
2106,54107,WV,1042,ok,acceptable (VEI significance <= 10),0.7751056338028169,32.29987964011762,1.1633044457655386,-0.09891831705547244,-37.573116564092714,0.7620021446559496,0.4037384367497833,0.7094814258234515,-0.2905140461814722,-4.35863202353113e-07,-0.09279364224651543,-0.1035947352912332,,,,,,,,,,0.19806558145769124,,
2107,19151,IA,0,no residential sales in 2024,,,,,,,,,,,,,,,,,,,,,,,,,
2108,06097,CA,0,no residential sales in 2024,,,,,,,,,,,,,,,,,,,,,,,,,
2109,18021,IN,177,ok,UNACCEPTABLE regressivity,0.7032786885245902,56.2117510234993,1.337284300398057,-0.3473623628429537,-92.91624683364273,0.6981483222764083,0.5329839701386182,0.5371804201838147,-0.46282289777941527,-2.709634463561982e-06,-0.12039690631575128,-0.10323349385245906,,,,,,,,,,,,
2110,06115,,0,no residential sales in 2024,,,,,,,,,,,,,,,,,,,,,,,,,
2111,20135,,0,no residential sales in 2024,,,,,,,,,,,,,,,,,,,,,,,,,
2112,40059,OK,29,skipped (fewer than 100 sales),,,,,,,,,,,,,,,,,,,,,,,,,
2113,13055,GA,68,skipped (fewer than 100 sales),,,,,,,,,,,,,,,,,,,,,,,,,
2114,17195,IL,0,no residential sales in 2024,,,,,,,,,,,,,,,,,,,,,,,,,
2115,48385,TX,14,skipped (fewer than 100 sales),,,,,,,,,,,,,,,,,,,,,,,,,
2116,21081,KY,415,ok,acceptable (VEI within +/-10),0.7142857142857143,41.6722655935052,1.122657322884735,-0.010924185473965894,1.5045248868778227,0.8390430213979696,0.45826455282813344,0.8844584793843246,-0.11550842862398804,-5.558323312658272e-07,-0.06470139544011877,-0.0815472802890107,,,,0.1341079935144948,,,,,,,,
2117,51133,VA,199,ok,acceptable (VEI within +/-10),0.57824,22.733034261524946,1.035818550015652,-0.005623103407179624,5.814148236546101,0.9475084229995958,0.5085705028442462,0.9475235749032207,-0.05247183770950299,-1.0338688840000734e-07,-0.019311236496626805,-0.02718586010737578,,0.24476004459842504,0.16623703271469586,0.12863348606477626,,0.12345371586045288,,0.16813818192390972,0.16813020662648137,0.08642853985068852,0.14498522341288997,0.1560969208264539
2118,13129,GA,712,ok,acceptable (VEI within +/-10),0.7391147435897436,26.61654583843281,1.0744792108914913,0.015528687641447074,-0.9822832641966218,0.8542565396981089,0.44879006346705336,0.9089931633226858,-0.09100221113214185,-1.9678820276318086e-07,-0.051430640837398345,-0.06772654176807569,,,0.24904547145407785,,0.09417598361248986,0.24825512126961424,,0.2358557291046007,0.23584891249193496,0.14556561842534568,0.24246800729296633,
2119,18181,IN,429,ok,acceptable (VEI within +/-10),0.7780320366132724,32.23946224175566,1.303378649461116,-0.06961783154857448,-6.138878759648667,0.6278139835938239,0.23837924930017368,0.6539008391126799,-0.3460911957137037,-3.1611212686465856e-07,-0.17577027350445062,-0.22307198369798198,,,,,0.20315985360875877,,,,,0.21883354305639677,,
2120,29195,MO,0,no residential sales in 2024,,,,,,,,,,,,,,,,,,,,,,,,,
2121,18167,IN,1349,ok,acceptable (VEI significance <= 10),0.7643312101910829,30.64839932527773,1.1093446112842884,-0.09663154713310153,-27.288095238095227,0.8504813315796069,0.6388218152570017,0.7740791563727846,-0.22591755692770252,-8.342164716249508e-07,-0.05662477045715364,-0.05198698156131276,,,,,,,,,,0.2405865736374165,,
2122,51680,VA,1397,ok,acceptable (VEI within +/-10),0.8113684210526316,14.568280737999661,1.0013205895302604,0.030885274409637283,7.986448547838786,1.010821032439807,0.722114633022294,1.0155484861955775,0.0155531681019904,-8.742247040547964e-09,0.0032627651743433184,0.0003320327223055308,,0.16651993837342732,0.0342074708334442,,,,,,,0.024235548561391953,,
2123,38017,ND,2177,ok,acceptable (VEI within +/-10),0.9234449760765551,9.022999720437806,1.0015446699446484,0.006558735267978226,0.808383635987268,0.9917871052143534,0.9969862317498265,0.9799287685835847,-0.0200708786141175,-1.1316768441426487e-09,-0.0024515521619539182,-0.0017326605245600035,,0.11011343088727818,0.04340520626233104,,,0.04199359666039994,0.09684137453149443,0.0667414418812253,0.06674038690320241,0.0425500743955388,0.041699072439363216,0.040654389938037105
2124,12081,FL,13735,ok,UNACCEPTABLE progressivity,0.7096765432098765,49.848252182192994,1.2548448760056934,0.10017769005560848,47.14452980994778,0.6820021603827471,0.43483249982556565,0.2898389001221975,-0.7101623798493798,-3.7041701443507334e-08,-0.14458124742707978,-0.16952089861286357,,,,,,,,,,,,
2125,34017,NJ,4552,ok,UNACCEPTABLE progressivity,0.6219152070715338,34.362515607423326,1.0954475629443203,0.10785380270863117,31.028374946977834,0.8201240356583953,0.2478043247843946,0.7306247134426416,-0.26937475419691287,-1.0056549078713998e-08,-0.06716899197198156,-0.08054306274958623,,,,,,,,,,0.14234366030884085,,
2126,26007,MI,441,ok,acceptable (VEI within +/-10),0.7817427385892116,25.199694421659043,1.0502486558167339,-0.02259096512487813,-5.973360369130236,0.8762445647987168,0.6701198089924041,0.8388260839881255,-0.16116967150420963,-7.103578276924853e-07,-0.03607574067769548,-0.034119791116131726,,,0.19739988680305312,0.1677478507604672,0.16726061134933287,0.2027467183994866,,0.23861142727874615,0.23861847821573176,0.1837116171946105,0.19004190033360513,0.20978999329458783
2127,29107,MO,0,no residential sales in 2024,,,,,,,,,,,,,,,,,,,,,,,,,
2128,51107,VA,5071,ok,acceptable (VEI within +/-10),0.8990733279613216,6.2514938232403425,1.0121777009153892,-0.014471135001252567,-3.157320072989911,0.9505952928980925,0.8157342446464002,0.9616783128749516,-0.03832149175063832,-3.5602344960938786e-09,-0.013411088677284022,-0.015373412582800006,,0.07643793499393722,0.11082499680336999,0.09572348088075322,0.09076896001433478,0.10705302250100775,0.23173719720909142,0.0915317115571168,0.0915314974031777,0.09239696241359645,0.107370498911351,0.11201496902120976
2129,55011,WI,153,ok,acceptable (confidence intervals overlap),0.8486486486486486,27.18191474834608,1.1214620893250378,-0.11155821058963149,-15.784997125466846,0.7156193286352114,0.47128329042515205,0.7059622471779082,-0.2940358833405179,-1.143451943177293e-06,-0.09286559011263473,-0.10193094530732849,,,,,0.21103047997808158,,,,,0.20804161788222497,,
2130,48165,TX,134,ok,acceptable (VEI significance <= 10),0.7644689219520854,24.222148763463764,0.9929076397809666,0.12136279596157322,31.087434236538623,1.043692003178131,0.8020226766747492,1.0506265027148785,0.05063007816103765,6.182068741161559e-08,0.012181627302516151,0.013573414156074826,,,,,,,0.2314163616161989,,,,,
2131,02110,AK,262,ok,acceptable (VEI within +/-10),0.8623309487967084,14.165431460277249,1.0104807514897667,0.03052057593849241,2.867952159638086,0.9054244624666606,0.7810877661118056,0.9365899091783296,-0.0634096445641086,-1.3063293649350274e-07,-0.01851745556909634,-0.01956618529451415,,0.17803615153368743,0.10433932678160844,,,0.11386307486151928,0.18643348457859793,0.11121706702047343,0.11121678108768493,0.10855307450389436,0.10981610377269516,0.10986574808542185
2132,22119,LA,378,ok,acceptable (VEI within +/-10),0.8916861598440546,34.7437976879268,1.1812490076060993,-0.12023499025269428,-5.789389891935222,0.8309899442712759,0.6455378957306035,0.7600234888288075,-0.2399777949350701,-1.3568273412724418e-06,-0.07219380478307191,-0.0762806123748263,,,,,0.15658733266734617,,,,,,,
2133,12057,FL,21234,ok,acceptable (VEI within +/-10),0.7554554195011338,23.247062664563696,1.0428183015120984,0.051004606578300866,4.2916024411761375,0.9098172385812452,0.7617146423129417,0.7899441598871547,-0.21004702004992376,-4.711467240803296e-09,-0.03529395519063261,-0.02803294696240366,,0.24701029935116706,0.18848766392892863,,,0.24118003962707255,,,,0.15791099238895612,0.2142625115014459,0.19757710215848684
2134,50011,VT,0,no residential sales in 2024,,,,,,,,,,,,,,,,,,,,,,,,,
2135,46111,SD,0,no residential sales in 2024,,,,,,,,,,,,,,,,,,,,,,,,,
2136,54047,WV,78,skipped (fewer than 100 sales),,,,,,,,,,,,,,,,,,,,,,,,,
2137,16085,,0,no residential sales in 2024,,,,,,,,,,,,,,,,,,,,,,,,,
2138,20025,,0,no residential sales in 2024,,,,,,,,,,,,,,,,,,,,,,,,,
2139,37149,NC,347,ok,acceptable (VEI within +/-10),0.5491682352941176,26.714516207460484,1.0642628613505454,0.0023961095922412088,5.013954895679763,0.9370718081010333,0.38564286656361796,0.9448104759879562,-0.05518559739719805,-2.7221120130799004e-08,-0.026988023267961125,-0.039444049784905344,,,0.23188312743477602,0.05925947394131179,,0.19844202593197588,,0.17619592409360366,0.17619195529422632,0.10543375473727652,0.19582621172720827,0.21777597120945735
2140,48041,,0,no residential sales in 2024,,,,,,,,,,,,,,,,,,,,,,,,,
2141,25025,MA,3801,ok,acceptable (VEI within +/-10),0.9281609195402298,0.22744485826756505,1.0000426442133574,-0.00022386046992493215,-0.06727845895856513,0.9998996385351593,0.9280682943958535,0.999664233918981,-0.0003356830168919025,-5.204892971490873e-11,-3.52292023604317e-05,7.998455840652063e-06,,0.0028269227772920163,0.0022781395756213056,0.00908748305554405,0.0219114891296783,0.00191746068142247,0.1829903195782786,0.006575311852731613,0.006573686173954908,0.0019644480799675804,0.0019168626697275456,0.0011754987986154757
2142,12041,FL,179,ok,acceptable (VEI within +/-10),0.748336917562724,19.71061796571968,1.0373735588703539,-0.04471358769939926,3.1649333440100493,0.8801104417798091,0.6649382102460588,0.8547696904077473,-0.14522868066678565,-4.953207499156411e-07,-0.0320844907983191,-0.032790583295483344,,0.22582808852659475,0.192698981424521,0.16173320185493034,,0.18817236343694901,,0.22176179878386137,0.22176124716347015,0.13761654792961475,0.17198102951313649,0.1613277044545303
2143,48343,TX,107,ok,acceptable (confidence intervals overlap),0.7737564981213352,37.99483713516976,1.1730418666137856,0.007636169389030634,13.97693965941274,0.6108455367311381,0.25119455028484483,0.4716067624395829,-0.5283886663357173,-1.1215145933622428e-06,-0.1392532317989401,-0.1715610834309591,,,,,,,,,,,,
2144,40057,OK,41,skipped (fewer than 100 sales),,,,,,,,,,,,,,,,,,,,,,,,,
2145,19031,IA,0,no residential sales in 2024,,,,,,,,,,,,,,,,,,,,,,,,,
2146,22125,LA,91,skipped (fewer than 100 sales),,,,,,,,,,,,,,,,,,,,,,,,,
2147,31093,NE,104,ok,acceptable (confidence intervals overlap),0.8235079222011386,45.19751141956372,1.2817946094704409,-0.10386912407154182,-29.107748836380836,0.6716749246341346,0.38354178435505354,0.7734867043605306,-0.22651885670645028,-1.1350677995074457e-06,-0.1482920851421865,-0.18944471197683077,,,,,,,,,,,,
2148,55121,WI,453,ok,acceptable (VEI within +/-10),0.9578378378378378,18.091624342180346,1.0531665934362815,-0.03754396929549143,-2.0370076618901725,0.8461119618434829,0.5771860004261984,0.8611954194136786,-0.1388033808411007,-3.7123962668333144e-07,-0.0458975708033329,-0.05099296930002306,,0.20592176939884543,0.21609599416299805,0.15384073000206458,0.10600829729165451,0.22245804312942463,,0.20262957562556322,0.20262810342710763,0.1462401234718062,0.2215012273696047,0.23001858374558617
2149,48089,TX,95,skipped (fewer than 100 sales),,,,,,,,,,,,,,,,,,,,,,,,,
2150,23011,ME,187,ok,acceptable (VEI within +/-10),0.928,7.891762575217948,1.01471532374212,-0.053058006790613434,-1.2203597275436266,0.9062007703915185,0.8545770421171606,0.8893088638120765,-0.11069115732708117,-3.9638110806359884e-07,-0.01868045387158057,-0.01910748077858404,,0.09366867932045082,0.13074896573864855,0.1500475802323281,0.04147298292264043,0.10652973312160242,0.1458772625083576,0.13568831877429352,0.13568837400846237,0.11646664072674082,0.10690043846151459,0.10678772219899377
2151,05015,AR,4,skipped (fewer than 100 sales),,,,,,,,,,,,,,,,,,,,,,,,,
2152,13285,GA,852,ok,acceptable (VEI within +/-10),0.9149859943977591,16.5676252353758,1.0189733367732807,-0.00587887725074397,-1.9926714573353677,0.9916245603864444,0.8219456237114203,0.9449863842995555,-0.05501249688555511,-1.1703030412296448e-07,-0.002749641574914863,-0.0016904111293383206,,0.1928949470982898,0.13137163404764504,0.09704310445788993,0.07358710163353331,0.0542294080400412,0.22314192040239944,0.17835356359779445,0.17834603512157865,0.11651383615257871,0.051287741601672834,0.06374670758943608
2153,22021,LA,56,skipped (fewer than 100 sales),,,,,,,,,,,,,,,,,,,,,,,,,
2154,54105,WV,51,skipped (fewer than 100 sales),,,,,,,,,,,,,,,,,,,,,,,,,
2155,16027,ID,4538,ok,UNACCEPTABLE progressivity,0.728804422624515,47.642023758956775,1.5708505214679875,0.13975536099720998,69.40455378688654,0.31675330409501884,0.05918401762257099,0.20051783459969608,-0.7994718722088663,-1.8525029901407967e-08,-0.33357424148722936,-0.3737783657759741,,,,,,,,,,0.17463046720145375,,
2156,21235,KY,410,ok,UNACCEPTABLE regressivity,0.7098551136363636,61.032739909862414,1.738864141781239,-0.08628887379321652,-70.34994979344485,0.6031660484463507,0.20479026639489478,0.5987813338546981,-0.4012211750814754,-1.145753415767287e-07,-0.24536848025252245,-0.3258811573924034,,,,,,,,,,0.16428980190048587,,
2157,21109,KY,151,ok,acceptable (confidence intervals overlap),0.8717948717948718,76.44674313199232,1.547297003271541,-0.14522001344003643,-32.57273449920509,0.7234967091882947,0.4819297842779891,0.5570157172260594,-0.442975157523658,-4.281680097598698e-06,-0.13808897723092128,-0.13888587523201434,,,,,,,,,,,,
2158,37011,,0,no residential sales in 2024,,,,,,,,,,,,,,,,,,,,,,,,,
2159,36043,NY,633,ok,acceptable (confidence intervals overlap),0.7913081081081081,39.79140424841572,1.157471259360689,-0.0637527110531519,-29.162281986724093,0.8175337149739832,0.5807793647950815,0.8379421794376164,-0.1620429543928012,-4.001786489036287e-07,-0.08036560476455734,-0.07908572157707705,,,,,,,,,,0.23271824463403434,,
2160,36077,NY,770,ok,acceptable (VEI significance <= 10),0.8934666975881261,29.742223446174755,1.121262625695322,-0.09308798379025737,-30.664217635548685,0.7865081449035114,0.5876801743910933,0.7467210490331968,-0.2532787344185061,-6.281516865258451e-07,-0.0791193168678137,-0.08355706042636268,,,,,,,,,,0.24549172481293072,,
2161,45035,SC,3762,ok,UNACCEPTABLE progressivity,0.8631382305194806,36.27468121812103,1.350723882211871,0.16851396315839653,61.88799980889443,0.3383600357963107,0.006813713683427086,0.37819026129642197,-0.6218046927782293,-4.525676982075599e-09,-0.25031697368195505,-0.2727712217095726,,,,,,,,,,0.061485437420975717,,
2162,31183,NE,16,skipped (fewer than 100 sales),,,,,,,,,,,,,,,,,,,,,,,,,
2163,27017,MN,406,ok,acceptable (VEI within +/-10),0.8833039215686275,13.490121924764585,1.0057543316647488,0.025678618818135556,6.491334503139848,0.9808824042164672,0.85356943596431,0.9881052119335972,-0.011892959605052133,-7.938592736999853e-08,-0.0049274734116304675,-0.004453858932521815,,0.15739754187026478,0.08478432270484074,,,0.07757511316142723,0.17104400314927384,0.051232534383171026,0.05123580845002612,0.079678196607203,0.07652772007559605,0.07524050138664927
2164,50027,VT,0,no residential sales in 2024,,,,,,,,,,,,,,,,,,,,,,,,,
2165,13173,GA,148,ok,acceptable (confidence intervals overlap),0.9184430095709117,17.714452592433076,1.04377324369383,0.026797123824166165,13.22008351413011,0.8517262925404966,0.5220412236867036,0.9788987264800305,-0.02109777818346945,-3.4318532255597624e-07,-0.0469443546320687,-0.06726348273312799,,0.20523733602435382,0.2023455353714161,,,0.2033125968979199,,0.10589558353624202,0.10591305524410063,0.1496245957527418,0.20934932174652549,0.23398741305474477
2166,13197,GA,79,skipped (fewer than 100 sales),,,,,,,,,,,,,,,,,,,,,,,,,
2167,13257,GA,422,ok,acceptable (VEI significance <= 10),0.5381854858611825,31.227794914275393,1.0638182399396505,0.032195431206102285,20.647284832827854,0.9445827609417008,0.3335389659150557,0.9180492882970815,-0.08193778726766683,-1.0067563511089663e-07,-0.022983689619374026,-0.05015820064511356,,,0.22470889109241737,,,0.19610728952996023,,,,0.1400012945771262,0.17866354884086907,
2168,39111,OH,175,ok,UNACCEPTABLE regressivity,0.7468163265306123,47.69277621559265,1.4030487033945542,-0.12128172844532846,-48.53083900427728,0.6016018000138706,0.18012090167306075,0.6518196109003864,-0.34816154807286265,-1.3498400426458192e-06,-0.19014566223191065,-0.2332244537038819,,,,,,,,,,0.24356631382724353,,
2169,05065,AR,0,no residential sales in 2024,,,,,,,,,,,,,,,,,,,,,,,,,
2170,24045,MD,1507,ok,UNACCEPTABLE regressivity,0.6782517114270669,33.524144055893814,1.5812674746890376,-0.06922913897020219,-78.16058957613431,0.5192241785828805,0.17377931435766128,0.48095516817548223,-0.5190415926536187,-1.2529020942490653e-07,-0.2620848421114117,-0.3258109256450419,,,,,,,,,,0.22690338584426803,,
2171,46027,SD,0,no residential sales in 2024,,,,,,,,,,,,,,,,,,,,,,,,,
2172,51025,VA,146,ok,acceptable (VEI within +/-10),0.872063492063492,38.22895381018884,1.111566494446185,-0.014488032106027537,1.5099892768534238,0.954020809856636,0.7946540370862764,0.9280431423181006,-0.07195347725576794,-2.1692771578194955e-07,-0.02690103410361533,-0.02735007411935797,,,,0.1636746404680819,0.19986446621897602,0.20955100125544596,,,,0.20867132477350192,0.21799087899260144,0.24937782802004413
2173,49005,UT,1366,ok,UNACCEPTABLE progressivity,0.854535815303631,31.12469857603138,1.114244279485702,0.10378197360413469,56.89511707277509,0.6056557499969567,0.31033070346692143,0.5839489517720963,-0.416050695912579,-9.087607305759922e-08,-0.11683937290222013,-0.12329007488876198,,,,,,,,,,0.15828271008647646,,
2174,36075,NY,1160,ok,UNACCEPTABLE regressivity,0.9025451515151515,29.596981128223565,1.1104410587911169,-0.1439935977975608,-46.312176604671976,0.7787482447100318,0.6766204624297152,0.7070968824706926,-0.29290350269250454,-1.4142311870249279e-06,-0.07162756409301063,-0.06908377604084426,,,,,,,,,,,,
2175,47097,TN,0,no residential sales in 2024,,,,,,,,,,,,,,,,,,,,,,,,,
2176,13063,GA,2950,ok,acceptable (VEI within +/-10),0.9469853694902619,18.402377161162,1.0136477103450645,-0.0067831897648920865,-0.48925503587955665,0.9188515960212796,1.173377660541605,0.8011808405790428,-0.19881878771747302,-4.722093537816212e-09,-0.023637536450746843,-0.013629754828237584,,0.20896814160150584,0.11621532592826214,0.05398178609968292,0.05025729227984407,0.13338235875032473,,0.1990864271661955,0.19908586064917608,0.12456145118882042,0.15171317503821424,0.09673351652067971
2177,21145,KY,1237,ok,UNACCEPTABLE progressivity,0.7971428571428572,35.33450565614142,1.089789013395358,0.028012124839589047,32.65171289803127,0.8704687837399098,0.41661091370320785,0.9714719981282525,-0.028483461465611364,-3.114477133385264e-07,-0.05718576443919776,-0.08227731662024973,,,,,,,,0.23227391562307312,0.2320924400380888,0.18103096722657827,,
2178,48329,TX,2920,ok,UNACCEPTABLE progressivity,0.7895856457575261,39.66064102402648,1.0445831873020515,0.18824840244499993,77.58262469357629,0.9020402021145558,0.6833085971072024,0.8265173474455093,-0.17347752912399694,-1.1723009608328524e-08,-0.03472786307809006,-0.037783900663960646,,,0.17504712951380433,,,,,,,0.156654846406123,0.20839880876800376,0.1982389000974419
2179,08105,CO,173,ok,UNACCEPTABLE progressivity,0.6761052631578948,35.00497236949878,1.1637264575579158,0.060149404371762624,39.73749471764418,0.824277901103949,0.1573169485885563,0.9337838770398574,-0.06620565951248963,-9.561783720039453e-08,-0.08922284289147742,-0.16559459283817968,,,,,,,,0.23708443813814034,0.2370771394837381,0.14266688361740149,,
2180,06039,,0,no residential sales in 2024,,,,,,,,,,,,,,,,,,,,,,,,,
2181,30087,MT,0,no residential sales in 2024,,,,,,,,,,,,,,,,,,,,,,,,,
2182,29229,MO,0,no residential sales in 2024,,,,,,,,,,,,,,,,,,,,,,,,,
2183,24009,MD,1263,ok,acceptable (VEI within +/-10),0.8129973474801061,12.913895403454937,1.0197282223308317,-0.03421269304559733,-4.93807922174399,0.890064712787026,0.7123142562182653,0.8861685002570879,-0.11382907899105588,-1.9044047579886423e-07,-0.024109220132797482,-0.024174585281475203,,0.1558574077243023,0.13697180142946816,0.13217122724038954,0.11966274376590269,0.12963937616176582,0.23995084510493753,0.14494329120296667,0.14494245315584786,0.11622061717928908,0.12854014744742,0.1280210587904583
2184,48081,TX,37,skipped (fewer than 100 sales),,,,,,,,,,,,,,,,,,,,,,,,,
2185,25019,MA,0,no residential sales in 2024,,,,,,,,,,,,,,,,,,,,,,,,,
2186,21023,KY,56,skipped (fewer than 100 sales),,,,,,,,,,,,,,,,,,,,,,,,,
2187,19079,IA,0,no residential sales in 2024,,,,,,,,,,,,,,,,,,,,,,,,,
2188,13269,GA,65,skipped (fewer than 100 sales),,,,,,,,,,,,,,,,,,,,,,,,,
2189,18031,IN,338,ok,acceptable (VEI within +/-10),0.7568888888888889,24.493907593623074,1.0596514133257555,0.01277391736516083,6.450952777967428,0.8279278372992391,0.4356625480692342,0.88097372357471,-0.11901621568812987,-4.0841304576865987e-07,-0.04946854186302829,-0.05819301930925702,,,0.21965706376353003,,,0.21606124579647906,,0.21776257044506406,0.21775241428947353,0.14796385482598295,0.1979654197276754,0.23458078684632483
2190,47183,TN,0,no residential sales in 2024,,,,,,,,,,,,,,,,,,,,,,,,,
2191,48067,TX,178,ok,acceptable (confidence intervals overlap),0.8377010106586575,33.92835664377309,1.4086543931494488,-0.10827503982317577,-10.430312042657926,0.6143505524828418,0.16561647629611762,0.6489575869533909,-0.3510420394141169,-2.1082889884750333e-07,-0.20303336802389027,-0.26323747419515486,,,,,0.17444517105014698,,,,,0.1767305505291039,,
2192,28045,MS,392,ok,acceptable (VEI within +/-10),0.5582515728095749,29.812841421029805,1.103459877183205,-0.031698921793300874,-1.0984888742734447,0.7398723085328418,0.2227092879588489,0.7374412110660665,-0.26255447575972596,-2.72711750889567e-07,-0.08522368267167746,-0.09722865508168255,,,,0.2023613082367128,0.06788135996219556,,,,,0.1269602291006824,,
2193,36073,NY,447,ok,UNACCEPTABLE regressivity,0.8582089552238806,35.04070077960141,1.2054307182409776,-0.21538830572622564,-45.15452788757136,0.59268832252935,0.24191972991576421,0.6231618283111168,-0.37683186392450113,-1.1330788105559516e-06,-0.1376331738325205,-0.14739469708878472,,,,,,,,,,0.21187939054535446,,
2194,47089,,0,no residential sales in 2024,,,,,,,,,,,,,,,,,,,,,,,,,
2195,37089,NC,0,no residential sales in 2024,,,,,,,,,,,,,,,,,,,,,,,,,
2196,13181,GA,119,ok,acceptable (confidence intervals overlap),0.7362162162162162,31.974203373044688,1.0188960692854985,0.06477700685511859,33.880115310042655,0.9438390972300329,0.6548523882439267,0.974494727082145,-0.02549793692660548,-9.218254175860644e-08,-0.023707697011144946,-0.036450585614662634,,,0.1046033183770641,,,0.22149756098039128,,0.20195136181859286,0.20207686395282778,0.11233269548521833,0.22482836156184796,0.20007707216186693
2197,17117,IL,460,ok,acceptable (VEI significance <= 10),0.7186509980864819,35.332755951491805,1.2455341004228697,-0.09617873441638694,-20.229946346637885,0.5365142273081124,0.037552759958467546,0.5008378075910727,-0.4991590704463973,-2.5038734937259997e-07,-0.17527454283189448,-0.208480644921889,,,,0.24969010651865126,,,,,,0.11870420938131215,,
2198,19035,IA,0,no residential sales in 2024,,,,,,,,,,,,,,,,,,,,,,,,,
2199,21063,KY,61,skipped (fewer than 100 sales),,,,,,,,,,,,,,,,,,,,,,,,,
2200,29073,MO,0,no residential sales in 2024,,,,,,,,,,,,,,,,,,,,,,,,,
2201,42045,PA,6498,ok,acceptable (VEI significance <= 10),0.5650515873015873,19.43866545521893,1.0020221615855947,0.043358850489752236,12.394219876908055,1.010273675004431,0.46855761637640747,1.0153234817307564,0.01532801135775223,-1.7915005262354261e-09,0.004069398808700386,-0.002129926364905721,,0.21667993955713027,0.05242799442355515,,,,,,,0.020776770116098867,,0.0624551461671906
2202,42111,PA,0,no residential sales in 2024,,,,,,,,,,,,,,,,,,,,,,,,,
2203,40143,OK,9707,ok,acceptable (VEI significance <= 10),0.8655153846153846,22.868395261898403,1.0529735738047525,0.023827460224192156,12.251376292856053,0.9099494495005686,0.6786610104881224,0.9164209807366464,-0.08357642985031474,-4.768828015343136e-08,-0.03609792076930329,-0.04754500665166561,,0.24424793059749336,0.2119157810680223,,,0.23161617915510113,,0.22692332013756258,0.2269176076324378,0.16601846702376866,0.22980951189974372,
2204,26057,MI,0,no residential sales in 2024,,,,,,,,,,,,,,,,,,,,,,,,,
2205,18143,IN,431,ok,acceptable (confidence intervals overlap),0.6055555555555555,48.46473489433877,2.4559930529939074,-0.16871860099405175,-16.38682298573814,0.37541169392622686,-0.012337383315239677,0.17441651471167585,-0.825578279263659,-2.4890355685866196e-07,-0.40661122708821895,-0.575164367098546,,,,,,,,,,0.11692602575972949,,
2206,20119,,0,no residential sales in 2024,,,,,,,,,,,,,,,,,,,,,,,,,
2207,39099,OH,3386,ok,acceptable (VEI within +/-10),0.7503252085189085,25.763296417594926,1.0319401844218417,0.01738638438573374,6.343066955614052,0.9647039582781536,0.6230485543508771,0.9826247610965707,-0.017353961918538805,-1.739680766257993e-07,-0.01434906580718498,-0.02130156793120741,,,0.16664132976544574,,,0.14443375955925916,,0.13231957175511427,0.13227677990238118,0.13222980754856078,0.14136001650353178,0.15056921262479914
2208,06071,CA,0,no residential sales in 2024,,,,,,,,,,,,,,,,,,,,,,,,,
2209,48031,TX,112,ok,acceptable (VEI within +/-10),0.9904864133102971,19.765879925755073,1.048018146958932,-0.03757356735280171,-5.03743605353695,0.8311814099310793,0.8360456010092712,0.8072692265230773,-0.1927307470056429,-2.3752437708484006e-07,-0.05063601988610733,-0.048019080470382614,0.16082158919227607,0.22462379430371468,0.17445037217103054,0.148530652449639,0.10644918658001928,0.17744083481293785,0.18120967429730822,0.24375400779601322,0.24375386719740774,0.2363055815223529,0.1927969724790422,0.24389301932469024
2210,53043,WA,69,skipped (fewer than 100 sales),,,,,,,,,,,,,,,,,,,,,,,,,
2211,20151,,0,no residential sales in 2024,,,,,,,,,,,,,,,,,,,,,,,,,
2212,17043,IL,10505,ok,acceptable (VEI within +/-10),0.8551142857142857,11.407654909685,1.0055349373428828,0.02364626342199213,9.730951064472654,0.9819215549528217,0.7998472049468897,1.0010001537790023,0.0010007396717939254,-1.6216248838212585e-08,-0.005884165993724544,-0.009307761697474382,,0.13647806323183528,0.07219110988151754,,,0.0810192619094206,,,,0.05936721628175332,0.07979894718825353,0.10218778933671695
2213,05107,AR,215,ok,UNACCEPTABLE regressivity,1.5080603224128966,281.1304412261219,5.116324365871573,-0.6479508333044703,-203.14240182750152,0.5914716718137694,0.41829391685668077,0.4680825091161838,-0.5319706041652986,-3.24928101474508e-05,-0.27295635570132903,-0.3381364800270601,,,,,,,,,,,,
2214,12075,FL,884,ok,acceptable (VEI within +/-10),0.7655306153265383,24.53743266495658,1.0597777557496688,0.009965110716708149,4.814009059921798,0.9237762503820334,0.4951887727352236,0.9451694607514332,-0.0548225139066262,-1.9155532930424063e-07,-0.03332541617297058,-0.04479837749767168,,,0.23587896806150885,,,0.2370735324763799,,0.23129086420634454,0.2312812708108327,0.1452455535912368,0.22969625639862876,0.23644644296258674
2215,20059,,0,no residential sales in 2024,,,,,,,,,,,,,,,,,,,,,,,,,
2216,54027,WV,177,ok,acceptable (confidence intervals overlap),0.5560407569141194,33.67918176120181,1.2514347528544576,-0.10857231209088482,-28.130537283568952,0.6623503591998632,0.10537850808795253,0.6889516787694697,-0.3110395862390262,-2.9743498397205163e-07,-0.14351799678447796,-0.17894207994337052,,,,,,,,,,0.1147320895273803,,
2217,18155,IN,117,ok,acceptable (confidence intervals overlap),0.423,40.38312807327695,1.1371660449569707,-0.009335301056533291,18.482699333763165,0.7245480000374803,0.285881488990409,0.703697888965178,-0.2962744126808544,-5.179134472024586e-07,-0.09765354485670308,-0.10932674970741929,,,,0.11961318160832471,,,,,,0.15539479291498864,,
2218,53045,,0,no residential sales in 2024,,,,,,,,,,,,,,,,,,,,,,,,,
2219,37185,NC,257,ok,acceptable (VEI within +/-10),0.49478620689655173,36.24635311650859,1.097657832091016,-0.0021657433462243434,-0.18452414139160284,0.9270755435206545,0.39208482257728045,0.8834298533570256,-0.1165614447230427,-1.0271358997196347e-07,-0.036348697652433204,-0.05389418324685513,,,0.24526846884957476,0.13684226942294106,0.018419422818721935,,,,,0.16777834100234504,,
2220,21229,KY,154,ok,acceptable (VEI within +/-10),0.8095261163147882,33.191862915605,1.1735392954101478,-0.0200285292167419,5.223902373360309,0.7526808734357371,0.31769063966010247,0.7923581595078116,-0.20763100153838282,-3.8158328514436227e-07,-0.10817579707112523,-0.14144635457359045,,,,0.2025583603613978,,,,,,0.1931932272048608,,
2221,27161,MN,250,ok,acceptable (VEI within +/-10),0.9017946351667282,13.686640065547904,1.015040834130449,-0.017575633211082662,0.8919993640906757,0.9433077959592745,0.8666679364076543,0.9057869308848223,-0.0942130615377416,-2.520468981496413e-07,-0.01352294952780042,-0.011353597061765308,,0.1659790536472582,0.10713693424793229,0.0875039264902042,0.029558489879525356,0.09804664765276215,0.1994470301347219,0.12340647329221466,0.12340656645655491,0.122712198431067,0.0948442837031945,0.08591360027817416
2222,39137,OH,309,ok,acceptable (VEI within +/-10),0.78609375,27.16702173495732,1.066750126622589,-0.03088676844617284,3.752531507378657,0.8264263774494066,0.5811706730054003,0.777333781182791,-0.22266613785554673,-7.205802464169768e-07,-0.05209070068591015,-0.057172231662843576,,,0.24119737571293992,0.2172206735655846,,0.23575729220880234,,,,0.19559389965025825,0.22175156420879172,0.22264408035196548
2223,29029,MO,0,no residential sales in 2024,,,,,,,,,,,,,,,,,,,,,,,,,
2224,09190,CT,0,no residential sales in 2024,,,,,,,,,,,,,,,,,,,,,,,,,
2225,21095,,0,no residential sales in 2024,,,,,,,,,,,,,,,,,,,,,,,,,
2226,31107,NE,127,ok,acceptable (VEI significance <= 10),0.7264285714285714,36.015879922296534,1.3103038872514305,-0.09238059319010632,-39.905885153013756,0.8295178345833463,0.3312286482290514,0.8033167579396735,-0.19667780361248155,-3.1051081206912575e-07,-0.10064568660337048,-0.14800522227914992,,,,,,,,,,,,
2227,28141,,0,no residential sales in 2024,,,,,,,,,,,,,,,,,,,,,,,,,
2228,05073,AR,75,skipped (fewer than 100 sales),,,,,,,,,,,,,,,,,,,,,,,,,
2229,18119,IN,250,ok,acceptable (VEI within +/-10),0.7022643343051507,36.9409490375582,1.1739704282948988,-0.09382493168763673,-1.3195420475989872,0.6611221242159772,0.19920020193520027,0.6786383341208108,-0.32135706839730716,-6.547765212881583e-07,-0.11491077500173508,-0.13603621215690365,,,,,0.06127554098166747,,,,,0.1995463511514057,,
2230,48161,TX,110,ok,acceptable (VEI significance <= 10),0.8732595073338065,30.94654571937517,1.01426453607591,0.05500477444540125,24.73255588271871,0.978588211660415,0.9459265238939811,0.9482753586381582,-0.05172266761334624,-7.695887019674982e-08,-0.007021120669173708,0.0017483616303237692,,,0.07500503125485855,,,0.10005542746442836,0.12570462960093629,0.2128351995161417,0.2128240053563401,0.11848201877612057,0.090327269535538,0.11889650258888208
2231,27019,MN,1685,ok,acceptable (VEI within +/-10),0.9049891540130152,11.147586793590806,1.02342008697269,-0.021747578466301695,-2.9302367315386038,0.9215148184577586,0.76454305201084,0.9149872641003592,-0.08501223732803077,-8.948939037623893e-08,-0.02258808313929106,-0.024118593732890492,,0.13507303012823743,0.14614857743693077,0.11648784575472158,0.09611357365100977,0.14610546025582746,,0.14257300347423355,0.1425725507057357,0.12051886872983232,0.14308427071784824,0.1424319710499893
2232,32011,NV,20,skipped (fewer than 100 sales),,,,,,,,,,,,,,,,,,,,,,,,,
2233,37057,NC,3171,ok,UNACCEPTABLE regressivity,0.5664347826086956,39.77642878626233,1.2595411477630145,-0.03500093567828317,-27.45327559946301,0.6689662194462334,0.1552439305736827,0.5448250685703578,-0.45517224781331456,-1.3292680939357238e-07,-0.13654652132831968,-0.16695216821828018,,,,0.24059746180624053,,,,,,0.13969335353889048,,
2234,39085,,0,no residential sales in 2024,,,,,,,,,,,,,,,,,,,,,,,,,
2235,06109,CA,0,no residential sales in 2024,,,,,,,,,,,,,,,,,,,,,,,,,
2236,40043,OK,42,skipped (fewer than 100 sales),,,,,,,,,,,,,,,,,,,,,,,,,
2237,13305,GA,348,ok,acceptable (confidence intervals overlap),0.7904536585365853,34.6629651307712,1.052290065585649,0.030811358682632867,17.772284648315367,0.9500496379801708,0.5743629153458853,0.9230280662070972,-0.07696564474505661,-3.6673122469258024e-07,-0.017107979668951945,-0.022452767965370324,,,0.2275638070084431,,,0.14051827721103685,,0.24307173159355827,0.24310658295810164,0.15890575180015046,0.15660074036840135,0.15893822485213085
2238,17123,,0,no residential sales in 2024,,,,,,,,,,,,,,,,,,,,,,,,,
2239,19093,IA,98,skipped (fewer than 100 sales),,,,,,,,,,,,,,,,,,,,,,,,,
2240,42127,PA,0,no residential sales in 2024,,,,,,,,,,,,,,,,,,,,,,,,,
2241,53061,WA,8217,ok,UNACCEPTABLE regressivity,0.8354601226993865,10.511496486358014,1.0216977948144843,-0.042279027788589364,-13.02775765275118,0.8997045645625906,0.8576262268094282,0.8880244705102164,-0.11197514018973835,-8.904451780453699e-09,-0.02649895388775869,-0.027061366771823803,,0.12750713739869354,0.14487578180947377,0.13912883044328248,0.1626972308845351,0.14357255051679105,0.10666538235095573,0.14386703589374963,0.14386670751309952,0.12775170764085508,0.14393432470732714,0.14701507172829772
2242,48317,TX,19,skipped (fewer than 100 sales),,,,,,,,,,,,,,,,,,,,,,,,,
2243,36069,NY,1268,ok,acceptable (VEI within +/-10),0.8491024623809283,19.71328009569012,1.04587390773295,-0.01665044028348987,-0.04809961703968278,0.91377902196552,0.6767667331006741,0.9032604231698987,-0.09673860476935978,-1.3071514322195273e-07,-0.03089015438446885,-0.03432228958172301,,0.21690629136550302,0.20605421881186112,0.1368343454256889,0.0035256154179463973,0.20960252915922467,,0.208048759418851,0.20805017564038392,0.15687743073894755,0.20035666952176764,0.201102160882274
2244,39075,OH,0,no residential sales in 2024,,,,,,,,,,,,,,,,,,,,,,,,,
2245,27151,MN,153,ok,acceptable (VEI within +/-10),0.8928571428571429,28.767038000981223,1.0188401827586042,0.015877393492986457,8.594617283950619,0.9913436430510322,0.9314045402662618,0.9891979761185679,-0.010784140075657023,-6.103895379566002e-08,-0.004131843127593404,0.003765290606172478,,,0.10728662780641122,,,0.08704784804672613,0.22716302676829925,0.1796128155905291,0.17941070890971986,0.11211127791667716,0.08847241183560778,0.059410959191578565
2246,42025,PA,0,no residential sales in 2024,,,,,,,,,,,,,,,,,,,,,,,,,
2247,20055,KS,245,ok,acceptable (confidence intervals overlap),0.8924429718363706,18.7719697347487,1.066620931363546,-0.044586920459943453,-10.095409277577572,0.7848945882846142,0.5497744688456997,0.8240047153698511,-0.17599448573395143,-2.3782020862781442e-07,-0.06461780885875124,-0.07182313663770334,,0.20286221408244365,0.21874435585159094,0.1768641498037854,0.20647930835347753,0.23122481736665998,,0.2130346767195092,0.2130365862426852,0.1680077586542923,0.22648324040970144,0.24941470321997933
2248,27091,MN,314,ok,acceptable (VEI within +/-10),0.9409658899020601,22.182313217475023,1.0250506257722538,0.009483270043589962,-2.207619541029859,0.9723193745605984,0.8704756835263038,0.953944625538786,-0.046053784571253586,-2.246428199165387e-07,-0.010217287242481943,-0.010776039599384335,,0.2284290094551759,0.12904168840634658,,0.05513026328917661,0.12748481053424912,0.174301351664946,0.1675589198631879,0.16756538536780838,0.15263285866241946,0.1118998595205606,0.07636771347975149
2249,51143,VA,988,ok,acceptable (VEI within +/-10),0.7858843109826064,43.615751367504195,1.1656846431992467,0.015000058699826164,-3.908622952864026,0.857255812251554,0.4404221957796227,0.8385518163465496,-0.16142743876521595,-2.9955610187713026e-07,-0.07463995738302831,-0.11412917213685203,,,,,0.12701385219332523,,,,,0.22856445593224806,,
2250,13087,GA,290,ok,acceptable (VEI within +/-10),0.7744827423167848,35.218264483225724,1.3390207965803302,-0.051700349945148,-3.3842031606849985,0.7158458504436732,0.2434367207355573,0.7237927461780339,-0.2762021236233008,-1.5681903905908773e-07,-0.14702495907661084,-0.20777257585041986,,,,,0.14205802134749226,,,,,0.16256610861505946,,
2251,37171,NC,980,ok,acceptable (confidence intervals overlap),0.6543372959837115,32.03510050530078,1.125248107035412,-0.07720637561254169,-21.36719241060685,0.8790518129558101,0.5344754236946622,0.8094142934618891,-0.1905826063137254,-1.5183113770653988e-07,-0.05314406568922925,-0.057476237383166984,,,0.23267743077366027,,,,,,,0.213243423281825,,
2252,42033,PA,0,no residential sales in 2024,,,,,,,,,,,,,,,,,,,,,,,,,
2253,26053,MI,323,ok,acceptable (VEI significance <= 10),0.75191,53.52518533542217,1.2638778479085664,-0.10203947708808787,-26.90637377997828,0.7564223430816019,0.4538720131460063,0.625755825905344,-0.3742400145864523,-1.3344774029971218e-06,-0.1100493673116274,-0.11668202100509584,,,,,,,,,,,,
2254,26105,MI,451,ok,acceptable (confidence intervals overlap),0.41085714285714287,28.621537934567975,1.0395981683633309,0.006570630806441925,12.23055680024621,0.9611126077388302,0.38564690620944486,0.9426303748378271,-0.057349159556340755,-1.0024417393015934e-07,-0.014481386162441767,-0.011577013220236854,,,0.18224708268416526,,,0.14324850220245391,,0.208322802763998,0.2081972354314754,0.09347236696190475,0.13325467916972802,0.10726853217149149
2255,18105,IN,1139,ok,acceptable (VEI within +/-10),0.8732513777024162,14.347435853295355,1.0412417470436672,0.007941382283849894,-1.0220345022670947,0.9078022167731812,0.5344388023749801,0.9486636101944725,-0.05133527087423848,-3.490264468438289e-08,-0.031626415091801086,-0.039391927558247275,,0.17009237956703915,0.18910787753868782,,0.06212210632729709,0.188093762333553,,0.1187400652469543,0.11873885688283799,0.1080815033881444,0.18813342366744362,0.20327072300751442
2256,29023,MO,0,no residential sales in 2024,,,,,,,,,,,,,,,,,,,,,,,,,
2257,37119,,0,no residential sales in 2024,,,,,,,,,,,,,,,,,,,,,,,,,
2258,29131,MO,0,no residential sales in 2024,,,,,,,,,,,,,,,,,,,,,,,,,
2259,16037,ID,27,skipped (fewer than 100 sales),,,,,,,,,,,,,,,,,,,,,,,,,
2260,23003,ME,0,no residential sales in 2024,,,,,,,,,,,,,,,,,,,,,,,,,
2261,19143,IA,0,no residential sales in 2024,,,,,,,,,,,,,,,,,,,,,,,,,
2262,54077,WV,448,ok,acceptable (VEI significance <= 10),0.6324167035235146,47.11065975320866,1.3317949130612303,-0.08923988532544026,-25.397472369273714,0.8010366301067423,0.2742944451224799,0.7388743112825068,-0.26111592260204847,-6.435799706802953e-07,-0.10943104722768981,-0.16680112415888004,,,,,,,,,,0.24479656472823869,,
2263,13081,GA,223,ok,acceptable (confidence intervals overlap),0.804071186440678,32.67532131979454,1.0640627906109468,-0.0068324045191390384,-10.042997447487163,0.9692615386613765,0.7050452716461812,0.9064697006369626,-0.09352715609543123,-2.4300668397080785e-07,-0.015301717295201023,-0.022822435941676433,,,0.23514099843139594,0.14774624784122337,0.15177263715943853,0.16821826707260953,,,,0.19023241212804684,0.15808285367438096,0.1446993460190138
2264,51171,VA,733,ok,acceptable (VEI within +/-10),0.7222118116576939,17.269377574088622,1.0246677413779604,0.0072819099684985405,8.294794122583045,0.929252009962608,0.575691801621701,0.9317879738245906,-0.06820894908730243,-1.3367318697793225e-07,-0.019333189803885098,-0.02223414857378536,,0.2004888644061641,0.15846146206615397,,,0.1460171219661951,,0.158364011865261,0.158360234864036,0.10928965996704362,0.14198292659606965,0.15106161571612706
2265,19161,IA,0,no residential sales in 2024,,,,,,,,,,,,,,,,,,,,,,,,,
2266,17053,IL,202,ok,acceptable (VEI within +/-10),0.8474583333333333,25.811166718677253,1.046672011236283,0.0010548525075293207,3.5684777234010006,0.8480705394843914,0.718575714075094,0.8585900742125236,-0.14140513275062966,-1.08168882190155e-06,-0.041919208826965315,-0.03751765062942858,,,0.22409821141510378,0.011314969715359634,,0.21450156068237372,,0.2141639784407959,0.2141615925324754,0.19591347391817718,0.22823114488389762,0.1844278005210952
2267,22087,LA,292,ok,acceptable (VEI within +/-10),0.9,3.880378080458188,1.0036511936370682,-0.0025771179086662615,0.0,0.9771865728763145,0.8340784487154401,0.9884581805792905,-0.01154072323208911,-7.51907290797586e-08,-0.005257274540109158,-0.006265463619440581,,0.047065302814501005,0.06248983032078078,0.04530258411758404,0.0,0.06091697585363832,0.181755675244533,0.0528435533339781,0.052842117008502464,0.055818626809425724,0.06094540651948781,0.06614323829467023
2268,28075,MS,372,ok,acceptable (VEI significance <= 10),0.7228527730827389,32.08678935938751,1.0683172417184381,0.062408501585470545,21.24934651874632,0.873047669645952,0.3711557339734107,0.8444112388210795,-0.15556681087704008,-2.483927049105511e-07,-0.046737341772182805,-0.06095447104970719,,,0.2179602469579048,,,,,,,0.1577541868577472,0.24517849979478526,0.24512220053184525
2269,53013,WA,89,skipped (fewer than 100 sales),,,,,,,,,,,,,,,,,,,,,,,,,
2270,46135,SD,0,no residential sales in 2024,,,,,,,,,,,,,,,,,,,,,,,,,
2271,01129,AL,138,ok,UNACCEPTABLE regressivity,1.038450604122246,97.05241061722415,1.8238740280736412,-0.4279115692925618,-72.50869997841457,0.5490313175056383,0.4392402080994114,0.43148552863196477,-0.5685085143806864,-7.21547707377334e-06,-0.21746071094299313,-0.22982592545176694,0.16981498321768917,,,,,,,,,,,
2272,12053,FL,3908,ok,UNACCEPTABLE progressivity,0.8029434652687724,16.709124016387083,0.9969714561868809,0.07370283188555893,16.088118306114556,1.0439083710208927,0.8229554614816832,1.0214176358222147,0.021418736459002517,3.4884150895239284e-08,0.010159036943215627,0.009585693983570454,,0.19394157769627918,,,,,0.23015625111556814,,,,,
2273,30073,MT,0,no residential sales in 2024,,,,,,,,,,,,,,,,,,,,,,,,,
2274,18023,IN,400,ok,acceptable (VEI within +/-10),0.5972396452833477,33.819135850217855,2.035956695601255,-0.0805522437540219,6.365778857977383,0.29276739105960103,-0.002110455352338023,0.32190556268277676,-0.678089092282066,-4.0063911010509074e-08,-0.4246457611156884,-0.5132029525857247,,,,0.23481267294461697,,,,,,0.055766590463436,,
2275,32013,NV,465,ok,acceptable (VEI within +/-10),0.559564,45.75626121601672,1.2229890283501335,-0.039504736041672886,-1.9276398383626425,0.8669052062985039,0.30075750999667283,0.8285296901856435,-0.17146119238185314,-1.0578008101796098e-07,-0.06943178121273852,-0.10180369603347494,,,,0.2472269531694047,0.14964023457689182,,,,,0.20921241069220356,,
2276,45071,SC,385,ok,acceptable (VEI within +/-10),0.5520833333333334,38.79232831636395,1.1906993215637294,-0.02127536181345051,4.172075471698116,0.8365850742710862,0.17683214850939877,0.813483093900953,-0.18650746273851604,-1.5537578723738251e-07,-0.08068511176620885,-0.1254667894097814,,,,0.20454902803992858,,,,,,0.14742011249502718,,
2277,41045,OR,250,ok,acceptable (confidence intervals overlap),0.8484390535113426,33.37054976560176,1.2932637202135373,-0.009217874275723978,21.830392026537986,0.5897324818027885,0.029363051151655096,0.5484464166603068,-0.4515494701738986,-1.888293052691908e-07,-0.17061240668679,-0.22454794980195047,,,,0.11155756412697318,,,,,,0.13251888741055606,,
2278,22039,,0,no residential sales in 2024,,,,,,,,,,,,,,,,,,,,,,,,,
2279,53019,WA,106,ok,acceptable (VEI within +/-10),0.5650837257980115,27.85222012623698,1.0433185244190153,0.0042797048810536845,2.938990847766536,0.9409390906173926,0.5268508625350526,0.9091469960948221,-0.09084598238829,-2.3243891824175625e-07,-0.020843876940378925,-0.019439257714008784,,,0.2042173600558804,0.11965329636410069,0.08921357495457063,0.20865546296714255,,0.2456008159817857,0.245606069449808,0.11121179638948926,0.17184409173039641,0.135083155487911
2280,30009,,0,no residential sales in 2024,,,,,,,,,,,,,,,,,,,,,,,,,
2281,28153,,0,no residential sales in 2024,,,,,,,,,,,,,,,,,,,,,,,,,
2282,30081,MT,0,no residential sales in 2024,,,,,,,,,,,,,,,,,,,,,,,,,
2283,51650,VA,1962,ok,acceptable (VEI within +/-10),0.919873417721519,10.772193144800926,0.9993396907755333,0.006903368068474135,-2.2356102108151097,1.0036550011659642,0.95765586149403,0.967238686602802,-0.032761294619777157,1.1074169788408926e-10,0.001276763141495163,0.003345039947608708,,0.1302258585132464,0.011932156184923864,,0.059375484611888955,0.0461747550214278,0.22911991955974792,0.08295897029033743,0.08295883703257168,0.011508607562509262,0.043441378746619436,0.15207836541632427
2284,48049,TX,340,ok,acceptable (VEI within +/-10),0.8308953089972337,31.737546297810777,1.141857940042011,-0.029641058783100572,-8.223839015231022,0.7972467471597171,0.4514568508891694,0.7998111296826305,-0.2001817432836774,-3.627471156991226e-07,-0.0847868699801726,-0.10621427507262782,,,,0.23005836222578163,0.20284257183504142,,,,,0.23879442671874124,,
2285,17135,IL,338,ok,UNACCEPTABLE regressivity,0.9252065217391304,36.51697772641872,1.1656273143276235,-0.14550499302069178,-26.239969924458688,0.7874102334552823,0.6747850450491575,0.7062555977004192,-0.29374741778142127,-2.188571741757961e-06,-0.08233975843869445,-0.08579228095869462,,,,,,,,,,,,
2286,39169,OH,1210,ok,acceptable (VEI within +/-10),0.7987846153846154,18.310970638675624,1.0328552976060428,0.0048027121176494065,5.126661130352255,0.913431561418185,0.5684952859284473,0.9123284182396384,-0.08767009121037739,-1.9343034625651434e-07,-0.025168809920799173,-0.02904476293008007,,0.20663282504951472,0.17249200784102517,,,0.14915782637674282,,0.15633158223646854,0.1563280837503997,0.11534730410805094,0.14507210092959685,0.1600049796705443
2287,27111,MN,1035,ok,acceptable (VEI within +/-10),0.8975,19.248007961172267,1.021790717919056,0.014600553554754408,9.276333826737067,0.9596597897011682,0.8326841506082058,0.9786329356116444,-0.021364285507468144,-9.195462898790356e-08,-0.015686089332503705,-0.01831105630877783,,0.21561274549124748,0.1406960093591667,,,0.15704793667802602,0.24095646654473016,0.11450166239019922,0.11451142172066309,0.12643182221172167,0.15422948222992558,0.1592429146813473
2288,32015,NV,108,ok,acceptable (confidence intervals overlap),0.5277522810218978,42.18442563624596,1.0548240175458552,-0.0006246251074798248,32.09358050459576,1.0769576004985462,0.5986983789403452,0.826121449378579,-0.1738708448571173,-4.5742410412073035e-07,0.02438707361670045,0.05068864408868612,,,0.23545134587930536,0.12913380368808725,,,,,,0.16969424830273147,,
2289,22127,LA,118,ok,acceptable (VEI significance <= 10),0.9697104749512035,74.88667005560303,1.6583104718485975,-0.37565168256279585,-40.53858697326667,0.7791611335769452,0.6936402866167677,0.6241265580530038,-0.37589849196099223,-6.631480570219133e-06,-0.11536153416033068,-0.11271414507613109,0.1788190691624712,,,,,,,,,,,
2290,23009,ME,0,no residential sales in 2024,,,,,,,,,,,,,,,,,,,,,,,,,
2291,21007,KY,118,ok,acceptable (confidence intervals overlap),0.8125615763546798,46.751648621896436,1.5809416035873973,-0.08679395748003248,-36.44108116137763,0.5870472434794284,0.11743741153650382,0.6263169330817913,-0.37366892343360464,-8.549951110253661e-07,-0.2310852403626995,-0.32685006993952026,,,,,,,,,,0.23106640970594136,,
2292,08071,CO,148,ok,acceptable (confidence intervals overlap),0.8324177305327869,27.78022033411267,1.119597735184313,-0.10082249196205827,-22.79516781447976,0.7057737658480348,0.4181459472408484,0.6791297686116915,-0.32086934863764277,-4.6767557040844494e-07,-0.09591528436232455,-0.10269021578147908,,,,,0.24677443238543376,,,,,0.22937159901852872,,
2293,13107,GA,186,ok,acceptable (confidence intervals overlap),0.7073093892097825,44.218281209288264,1.1996735114386738,-0.0140480119166666,12.524777049772503,0.797771781334679,0.2636631965562933,0.7990564458982772,-0.2009276711117205,-6.216434879494236e-07,-0.09346928786844089,-0.12415102417510848,,,,0.14253010134514718,,,,,,0.22146716057968943,,
2294,19045,IA,0,no residential sales in 2024,,,,,,,,,,,,,,,,,,,,,,,,,
2295,12033,FL,3950,ok,acceptable (VEI within +/-10),0.8037805692709846,17.025928597637986,1.0333611508687468,0.0003177062904032792,-2.2903010871270517,0.9351951346057255,0.6554965519255008,0.95615648196062,-0.04384113252279412,-6.696401959203985e-08,-0.02326210648917093,-0.02809681919885998,,0.19862672819435154,0.16814522100271456,,0.09434810725196788,0.15840046909427957,,0.139431249092565,0.13942431307944445,0.11999512645806676,0.15694007049273215,0.16771558313227938
2296,20159,,0,no residential sales in 2024,,,,,,,,,,,,,,,,,,,,,,,,,
2297,01037,AL,234,ok,acceptable (confidence intervals overlap),0.9799498746867168,63.68644064078453,1.701376876349306,-0.08367379656222779,-13.920933328662025,0.6888863165332687,0.05982194985083264,0.6534250482642144,-0.3465732178757367,-2.5170487335681306e-07,-0.19821744329736846,-0.3092463930305449,0.17308991738817872,,,,,,,,,0.2092283868726976,,
2298,40081,OK,465,ok,acceptable (VEI within +/-10),0.6127333333333334,49.13828625540231,1.2200152706465586,-0.04953500070231151,1.0218025176013303,0.7439308455313031,0.3030680804046602,0.7050686915147554,-0.2949203925176258,-7.423460111718069e-07,-0.10975470905184892,-0.1281269581005977,,,,,0.09612572638488194,,,,,0.22086301817631984,,
2299,47131,TN,0,no residential sales in 2024,,,,,,,,,,,,,,,,,,,,,,,,,
2300,27093,MN,352,ok,acceptable (VEI within +/-10),0.872428196067772,22.140750474245596,1.0425662191951224,-0.0005386392548393719,9.003923839002463,0.9100676884473745,0.6972444994047491,0.9327523784000342,-0.0672446256560507,-2.507781613499475e-07,-0.03083377125621256,-0.036214654390491985,,0.2314140063097298,0.1840186697226948,0.031861087381287664,,0.17950106535610474,,0.21154880820615066,0.2115458366946922,0.17902659245345712,0.17076244245753874,0.1846397582295379
2301,46035,,0,no residential sales in 2024,,,,,,,,,,,,,,,,,,,,,,,,,
2302,18067,IN,1262,ok,acceptable (VEI within +/-10),0.7562993769324544,26.061581582269508,1.1573317181273908,-0.036996644875534744,-7.838251614276406,0.7034493364516352,0.1892404219622937,0.7179811224801481,-0.2820166555044594,-9.69758541212302e-08,-0.10998958229935596,-0.1362806955773046,,,,0.18089670086104126,0.16160977751144315,,,,,0.11247902139982525,,
2303,25003,MA,0,no residential sales in 2024,,,,,,,,,,,,,,,,,,,,,,,,,
2304,19155,IA,0,no residential sales in 2024,,,,,,,,,,,,,,,,,,,,,,,,,
2305,28149,,0,no residential sales in 2024,,,,,,,,,,,,,,,,,,,,,,,,,
2306,13047,GA,837,ok,acceptable (VEI within +/-10),0.9154388888888889,17.48748847385757,1.0019412611247012,0.05365202630999827,8.96723971195748,1.0097323763822608,0.9066731287335736,1.0060245958166674,0.006026244344948802,-2.077097611357726e-08,0.0024698176764776925,0.0025053387515044934,,0.1984028680722376,0.04647946740288885,,,,0.17220344477735883,,,0.033713143410245734,,
2307,25009,MA,0,no residential sales in 2024,,,,,,,,,,,,,,,,,,,,,,,,,
2308,21001,KY,0,no residential sales in 2024,,,,,,,,,,,,,,,,,,,,,,,,,
2309,17133,IL,401,ok,acceptable (VEI within +/-10),0.8842441558441558,12.527514305628896,1.014725327546025,-0.007598245892625393,-0.6252773531732151,0.9425628838725543,0.797422785244095,0.939154694537005,-0.060844836363020544,-1.6837939020248835e-07,-0.014446901112551203,-0.015388964765132629,,0.14973535129977195,0.1269166991270838,0.09868737812351412,0.04798526458060845,0.1255814686624113,0.21523004699260762,0.12738308634655063,0.12738387240145155,0.10824858558983548,0.12372273072331957,0.12341654183198913
2310,08037,CO,1012,ok,acceptable (VEI significance <= 10),0.7989981358609795,15.096158487698006,0.9995824544048966,0.023421366266793586,14.590251838956192,1.000806428782803,0.7924825238343741,1.0023284293848003,0.002328866900104611,9.651644670737521e-11,0.0003903576342509929,-0.0012055824315080343,,0.18199131386842765,0.042459569426455485,,,0.033153556751783365,,,,0.028174414686383036,0.03259191588295512,0.021558862751006058
2311,21069,KY,222,ok,acceptable (VEI within +/-10),0.8364404176904177,59.888289271067926,1.4589182615674177,-0.05461254639557718,-7.948391677303607,0.6183716528114087,0.10408948774862514,0.6088896853185926,-0.3911081894138015,-4.226022646468864e-07,-0.20187802450283088,-0.26152048487671853,,,,,0.18673279191496897,,,,,0.2418754417949585,,
2312,15001,HI,2203,ok,acceptable (VEI significance <= 10),0.7786813186813187,18.196774571586918,1.0507922476961324,0.0011654349282995261,13.923620706205984,0.9528763094939694,0.6683436720847599,0.9766004154715099,-0.02339823426701231,-8.870253874317563e-09,-0.02573635703508459,-0.03710154734515836,,0.2090627414156657,0.19221634294360035,,,0.23410296654375065,,0.1577762413315794,0.15777059970899743,0.14650144818837635,0.23280847622704615,
2313,13157,GA,1430,ok,UNACCEPTABLE progressivity,0.8884566724547109,20.91438264374601,1.0338253728444724,0.08251971991911687,22.966957974941288,0.9143205122528474,0.381550310126981,0.9941134683181939,-0.005885234484753285,-5.418204717570315e-08,-0.02345319349314856,-0.03779770706020624,,0.2277536700012393,0.16547259642924816,,,0.1435733729899776,,0.046285524265921384,0.04628228246386016,0.08924205726816394,0.14958113497529485,0.1794517384187606
2314,41021,,0,no residential sales in 2024,,,,,,,,,,,,,,,,,,,,,,,,,
2315,26037,MI,860,ok,acceptable (VEI within +/-10),0.8475304540420819,14.625094080110168,1.0034019997507648,0.01765324102774606,5.136093475317667,1.0048732819243889,0.8606615597383404,0.979352040430585,-0.020647127667943597,-2.938454824490711e-08,0.0013893620732459144,0.0030135164665978653,,0.1801252811203589,0.06174813709178219,,,,0.22156985760159925,0.07576922602162606,0.07576810043990509,0.059431012345201824,,
2316,20065,,0,no residential sales in 2024,,,,,,,,,,,,,,,,,,,,,,,,,
2317,27065,MN,361,ok,UNACCEPTABLE progressivity,0.8568680261639092,31.701818603856754,1.0246984249351598,0.08769732358235645,33.42217833935492,0.9081100744228524,0.7280086189308487,0.9546766334274487,-0.04531653662428113,-1.987925025803238e-07,-0.031753723780388654,-0.040314186862303814,,,0.1499286572755592,,,0.20848975346309273,,0.21313151863932264,0.2131138604722733,0.1349021165925193,0.21490703292568789,0.21412141903065907
2318,34015,NJ,3442,ok,acceptable (VEI within +/-10),0.5624178743961352,18.410618607033072,1.0153101464093963,0.03671655617159382,4.568599157775558,0.9338143328497458,0.5652756511376419,0.9027412792880636,-0.09725672283852904,-4.4513151068404496e-08,-0.015141306939068455,-0.013451102563164286,,0.20795499192199762,0.1157581472969048,,,0.12129394238982395,,0.1363111110500152,0.13631010615674674,0.0715244091965808,0.11537558065312166,0.10869213696575256
2319,31179,NE,103,ok,acceptable (VEI within +/-10),0.7915434782608696,14.624004746806522,1.005382403788343,-0.007759029846290846,-6.50849862517388,0.9780983924491115,0.8958644845938379,0.9450903539282038,-0.05490818703243071,-2.3732396944820672e-08,-0.0064726424295074025,-0.0026715260513066053,,0.15714355729051954,0.04863130549539922,0.05645626287263973,0.14743394854242503,0.14884597490265652,0.17908402152855177,0.0919313322086796,0.09199223495965299,0.06723851425777475,0.14906182873424093,0.06581011421791123
2320,18079,IN,406,ok,acceptable (VEI significance <= 10),0.711084656084656,40.995607535471244,1.286841175818857,-0.09932293587393304,-24.74197329674335,0.6763455222919388,0.13902057280037616,0.7733323447927779,-0.22666195622917662,-4.640410801206186e-07,-0.14264069449448114,-0.1790489261381618,,,,,,,,,,0.16599614112909247,,
2321,36041,NY,154,ok,acceptable (VEI within +/-10),0.8094053499290316,28.034724186920922,1.0456817221726895,-0.029553143732839147,-9.138396067329182,0.9707044166694347,0.8212458819421975,0.8872791357952118,-0.11271969500966023,-2.1214899172656344e-07,-0.01082909830367762,-0.0012324685470241903,,,0.2329004383827244,0.1220766421979465,0.13248471094089287,0.12032747470304593,0.2179450884322534,0.24511980083877835,0.2451190245074046,0.17566428536350087,0.1467633467401834,0.03597151832511004
2322,37051,NC,5146,ok,UNACCEPTABLE progressivity,0.5568416876046901,18.775298738147196,0.991596530060648,0.06465497705445482,19.42003382526757,1.0891145377714049,0.7065742889443838,1.0066973299184983,0.006703023680991208,2.578988779353931e-08,0.022897964470102172,0.027078410566674704,,0.21180543837591778,,,,,,,,,,
2323,26015,MI,867,ok,acceptable (VEI within +/-10),0.8457142857142858,19.720656830191594,1.0208155022646013,0.006010155881822398,2.9760914760914705,0.9442800496421685,0.8219745236538912,0.9213418789101314,-0.07865661635133178,-1.8766305161107853e-07,-0.015693612254136236,-0.0134241816432068,,0.2173584593576926,0.14309207636729687,,,0.1341899914675506,0.2346817063282998,0.154077579645847,0.15406442981850538,0.13703289878806518,0.11866004293208919,0.10420751497004936
2324,18091,IN,1262,ok,acceptable (VEI within +/-10),0.662793760607066,28.026278290984898,1.094600591465209,-0.010560331586373947,-9.381174631693986,0.8452925917385853,0.31262810801899316,0.8280088222862065,-0.1719892598092814,-1.3282637783290732e-07,-0.05733527020673512,-0.07037120009934883,,,,0.120442159738367,0.20426590409146608,,,,,0.11815957856585949,,
2325,48237,TX,38,skipped (fewer than 100 sales),,,,,,,,,,,,,,,,,,,,,,,,,
2326,05085,AR,183,ok,acceptable (VEI within +/-10),0.6495890410958904,14.286459445465232,1.0284955614342726,-0.05263352647094226,1.0555958288050633,0.940414934778845,0.5719354207600658,0.8941350420689484,-0.10586028819634022,-3.315818105837567e-07,-0.015177470896184264,-0.015497593093388051,,0.17044028824313037,0.19835654242300754,0.2426761069855191,,0.13010427857343795,,0.20073402749950128,0.20072605085419493,0.12476747883036793,0.12771786565264323,0.1150428344577831
2327,16019,ID,1140,ok,acceptable (VEI within +/-10),1.0182916764583174,19.326423890315432,1.027181226357053,0.05149280580127929,7.158437177005322,0.8131523780082941,0.7678963624441347,0.8059303517120022,-0.19406964769899362,-3.730129162860722e-07,-0.03849994157445247,-0.03928892274533324,,0.21173731528229706,0.15318555837922762,,,0.18522756958550515,0.21792928882376733,0.19040523892456893,0.19040514158837354,0.1668792809824128,0.16744741446612013,0.16559833294698878
2328,54049,WV,803,ok,UNACCEPTABLE regressivity,0.9663551401869159,137.6858890636396,2.127876710136096,-0.7102916781654848,-133.1529274507998,0.47457685419874884,0.3772638187896194,0.37830922706933645,-0.6216954355196643,-8.132593454534845e-06,-0.25549385378966694,-0.2562927656629195,,,,,,,,,,,,
2329,22121,LA,205,ok,acceptable (VEI within +/-10),0.852163357322466,12.22508228566886,1.023786897728778,-0.030470937573442443,-4.554605072348496,0.8979005175219728,0.7292210341219082,0.9187788465545594,-0.08121952937476856,-3.358629729062706e-07,-0.02533198574544282,-0.028239290230892555,,0.14684010929186914,0.1665307786881552,0.1613636063932895,0.07740635543625975,0.13938944842253212,,0.16609374922705278,0.1660871572458945,0.12111734941679313,0.13898216056776513,0.1244650432087388
2330,51041,VA,5180,ok,acceptable (VEI within +/-10),0.8787712491882247,9.516173208890637,1.0040598805320433,0.012839875210018356,4.302572814846899,0.9841036405365616,0.9073064828881079,0.9876534667799851,-0.01234599987333682,-2.162554677817509e-09,-0.0040206324371134805,-0.005136849510671171,,0.11625380728637295,0.055012406745610934,,,0.049892340703475965,0.22172716740025022,0.053155629382608975,0.0531544938947568,0.04952644802350379,0.04911719654934916,0.05568583659747839
2331,09160,CT,0,no residential sales in 2024,,,,,,,,,,,,,,,,,,,,,,,,,
2332,16015,ID,122,ok,acceptable (VEI significance <= 10),0.9524558387485779,23.34180076225357,1.0120965853782389,0.11377970492961956,21.064824889671783,0.9409777019065042,0.8748759381386361,0.9715173568104319,-0.028482185417474902,-9.995476454432301e-08,-0.014427697725061028,-0.01662968714619817,,0.24023723626663332,0.09971266273044732,,,0.09501951447144437,0.16243610291623614,0.10398291976289421,0.10398434287034602,0.1103978968554731,0.15371508659769278,0.14020872849198304
2333,47177,TN,0,no residential sales in 2024,,,,,,,,,,,,,,,,,,,,,,,,,
2334,16047,ID,99,skipped (fewer than 100 sales),,,,,,,,,,,,,,,,,,,,,,,,,
2335,01041,,0,no residential sales in 2024,,,,,,,,,,,,,,,,,,,,,,,,,
2336,55127,WI,1650,ok,acceptable (VEI within +/-10),0.9171871732026144,16.854151618340378,1.0367269799610237,-0.013269079110781675,-6.978664165560983,0.9465586488165836,0.8658176924512702,0.934251278389421,-0.0657456470839571,-2.2918502909232835e-08,-0.023589116109399955,-0.021970804623123508,,0.1917124962168519,0.1764426830389741,0.15052026279730674,0.15019199497788818,0.19967759181391298,0.17068954285579122,0.17692588528188186,0.17692280000082897,0.14726838848460364,0.19999112890372817,0.17582132735908398
2337,36017,NY,493,ok,UNACCEPTABLE regressivity,0.8771428571428571,38.072106291469346,1.1785408394990238,-0.20263859283993993,-33.15744038161066,0.7041513711841166,0.6198223671596222,0.638549365475306,-0.36145010814958833,-1.8608503801469857e-06,-0.10662231496843266,-0.10196055833123974,,,,,,,,,,,,
2338,47087,TN,0,no residential sales in 2024,,,,,,,,,,,,,,,,,,,,,,,,,
2339,16017,ID,445,ok,acceptable (VEI within +/-10),0.8839473684210526,30.90037949581563,1.08165970477607,0.023915268569832542,-0.653604388008847,0.775170926961345,0.5681421468774726,0.7097344592616722,-0.29026404100349495,-2.081816193824267e-07,-0.07061360133549788,-0.07274661825207285,,,0.2354174196297361,,0.07912483548481566,,,,,0.2115831180895932,,
2340,48167,TX,5360,ok,UNACCEPTABLE progressivity,0.8629207328455448,35.382954848610034,3.704241092067415,0.14150946279268747,63.342343885941105,0.29023361284177945,-2.1020412214239978e-05,0.5193585678140041,-0.4806405075506821,-1.0394273784725456e-09,-0.5635690137450486,-0.7286602684373629,,,,,,,,,,0.01410007198223184,,
2341,08081,CO,0,no residential sales in 2024,,,,,,,,,,,,,,,,,,,,,,,,,
2342,42009,PA,0,no residential sales in 2024,,,,,,,,,,,,,,,,,,,,,,,,,
2343,40151,OK,45,skipped (fewer than 100 sales),,,,,,,,,,,,,,,,,,,,,,,,,
2344,36107,NY,472,ok,acceptable (VEI significance <= 10),0.8761243820695434,28.970567575185314,1.1028267016750617,-0.12305079746818885,-27.045227688603404,0.7667793593336555,0.6579513264079914,0.7488579561208365,-0.2511421297341888,-1.2871125049758205e-06,-0.07275144546280377,-0.0746235138384026,,,,,,,,,,,,0.24151855925599572
2345,02261,,0,no residential sales in 2024,,,,,,,,,,,,,,,,,,,,,,,,,
2346,19133,IA,2,skipped (fewer than 100 sales),,,,,,,,,,,,,,,,,,,,,,,,,
2347,50003,VT,0,no residential sales in 2024,,,,,,,,,,,,,,,,,,,,,,,,,
2348,29101,MO,0,no residential sales in 2024,,,,,,,,,,,,,,,,,,,,,,,,,
2349,13067,GA,9707,ok,acceptable (VEI within +/-10),0.9210019646365423,12.060900943751507,1.02306814936003,-0.028229021002393388,-7.382390621947894,0.9251402655572826,0.8837382409476863,0.9049379662098606,-0.09506182697381624,-3.0661097007220536e-09,-0.024598720556433085,-0.023205881072599688,,0.14429323496137197,0.15489375607571015,0.12837516158670756,0.14138528854755983,0.15285092052669536,,0.14559774698137826,0.1455975240739206,0.1418786613136566,0.15277568882141357,0.1592912238946249
2350,13225,GA,392,ok,acceptable (VEI significance <= 10),0.8740168759811617,20.82299111565316,1.00231186242328,0.03747615054366237,11.738364058579734,1.0390931405581876,0.8596687383524182,0.9937472761515134,-0.0062501346657711475,-1.9288395672153487e-08,0.012219027444077657,0.016297303899775017,,0.22884899967765893,0.05686488431661441,,,,0.21947259988578208,0.04709728891519511,0.04707765593639626,0.048417902557353044,,
2351,29055,MO,0,no residential sales in 2024,,,,,,,,,,,,,,,,,,,,,,,,,
2352,13299,GA,405,ok,acceptable (VEI within +/-10),0.9414285714285714,35.718195675948536,1.1593504671422767,-0.052587233991693585,-7.227314112291349,0.8640430702986228,0.5505863222277183,0.8131161095618469,-0.18688406846963812,-3.448268159176764e-07,-0.061292195389056836,-0.07810315149623648,,,,,0.19990833471776967,,,,,0.24064950410532226,,
2353,42113,PA,0,no residential sales in 2024,,,,,,,,,,,,,,,,,,,,,,,,,
2354,48181,,0,no residential sales in 2024,,,,,,,,,,,,,,,,,,,,,,,,,
2355,26087,MI,1003,ok,acceptable (VEI significance <= 10),0.8824742268041237,19.890014266697815,1.0076571037968935,0.04069544558596004,17.646284248648772,0.9834300941431121,0.901095953067963,0.9814979455858461,-0.018500994347097236,-6.49602475198145e-08,-0.004845454539202043,-0.00316192026462625,,0.2175305763225311,0.07551886442592506,,,0.07849134287224852,0.18424449043500657,0.08135253121740393,0.08135079153815081,0.0755370285560048,0.07533294588664938,0.06161218666569213
2356,21061,KY,288,ok,acceptable (confidence intervals overlap),0.8094404186795492,47.67311911415573,1.2211337537881726,-0.03893580401351509,-14.512413033282668,0.7731549243082048,0.2972412783294731,0.7494898520377273,-0.2505029731024071,-6.974506626090683e-07,-0.09867442087921341,-0.11897120705362618,,,,,0.24840213631479338,,,,,0.24165831056155412,,
2357,18029,IN,489,ok,acceptable (VEI within +/-10),0.5925925925925926,30.155906248086552,1.0961083828877354,-0.06978642729702651,-0.42935241908283533,0.6504051404872107,0.2735579253396529,0.631834190610858,-0.3681637534020055,-5.67906264443572e-07,-0.09268732623408482,-0.10193255432720516,,,,0.2154690602790377,0.06570212788379706,,,,,0.14496459622197425,,
2358,48349,TX,497,ok,acceptable (confidence intervals overlap),0.8405380285148099,33.1653923082048,1.2552882688676341,0.03794671067722748,14.840522470868073,0.697640021011636,0.02018998852188824,0.7398148517031579,-0.2601830456465844,-3.9599802404924544e-08,-0.13526450261335476,-0.18872617370096578,,,,,,,,,,0.05676854937065522,,
2359,45079,,0,no residential sales in 2024,,,,,,,,,,,,,,,,,,,,,,,,,
2360,08017,CO,16,skipped (fewer than 100 sales),,,,,,,,,,,,,,,,,,,,,,,,,
2361,47105,TN,1291,ok,acceptable (confidence intervals overlap),0.5628571428571428,35.102430609835,1.0568687775069616,0.08476858382392025,10.857125065491672,0.8968798871262414,0.36974218517848034,0.6706481032804613,-0.3293501248354806,-7.144654522295533e-08,-0.035643895469943176,-0.03197887585802861,,,0.2201148023938647,,,,,,,0.13324352607311507,0.2325853982695447,0.18774848672004965
2362,51159,VA,107,ok,acceptable (confidence intervals overlap),0.8713165217391304,37.128857050734105,1.3199908138302667,-0.1231769940417369,-18.629161902411298,0.7252807368352917,0.1255128059381497,0.7092833469305136,-0.29071639644293434,-2.6179559428727613e-07,-0.13323641059679736,-0.1783335834530293,,,,,,,,,,0.1900735262487741,,
2363,40061,OK,144,ok,acceptable (confidence intervals overlap),0.726655680224404,43.062232922614115,1.2983942072684929,-0.1030567814419978,-38.153031280484385,0.7371877290589414,0.3571084423537219,0.692819582712079,-0.3071771047425664,-3.882012418592292e-07,-0.1337012209196311,-0.15413699041217432,,,,,,,,,,0.2191147818332884,,
2364,47111,TN,487,ok,UNACCEPTABLE progressivity,0.8,32.30586382950894,1.0336868760386912,0.03997374311541421,27.912161195376637,0.9774240945597258,0.6570080321443903,0.8833950740419608,-0.11660360386354528,-2.845333513414055e-07,-0.007246187561632089,-0.008208377115819454,,,0.18133642022489999,,,0.10056576003671545,,,,0.15995980195255707,0.08917294130360315,0.08409117728418737
2365,24047,MD,2207,ok,acceptable (VEI within +/-10),0.7657446808510638,19.444688853203687,1.0332081515992984,0.0292157522295021,9.816285350266677,0.900156396272623,0.5644649904998397,0.9356284239630348,-0.06437034850364665,-7.304929526841192e-08,-0.03021955995235337,-0.03741901705412509,,0.2166957655461582,0.17022022133407586,,,0.16624530677123153,,0.1423310861534741,0.1423282471168009,0.10296782379710982,0.161976156840074,0.17799544626151326
2366,53035,WA,3240,ok,acceptable (VEI within +/-10),0.8542118789965568,12.169826042548605,1.0202211900694282,0.0018977994090901707,1.4245031759974138,0.9419062583467279,0.7326145247552521,0.9543169098455141,-0.04568267199377749,-4.305394216709961e-08,-0.017825349734157614,-0.02189039002773452,,0.14542296572316585,0.1415561705333295,,,0.1344296240877581,,0.11813923101667327,0.11813717814958019,0.10644282590624406,0.1335889987957456,0.15252183166634295
2367,12109,FL,11053,ok,UNACCEPTABLE progressivity,0.6929559322033898,47.393141776677105,1.2717500117706435,0.09174508662956826,74.83046677712703,0.6215104422983535,0.2076398753821837,0.2368648393316269,-0.7631429925200007,-4.4445302104069627e-08,-0.16824460670482755,-0.2071556719916916,,,,,,,,,,0.2331296227461498,,
2368,38091,ND,13,skipped (fewer than 100 sales),,,,,,,,,,,,,,,,,,,,,,,,,
2369,51077,VA,313,ok,UNACCEPTABLE regressivity,0.6649717514124294,43.82582874141738,1.231972827595123,-0.11484515736704688,-30.617291454682,0.7924607318020118,0.40946296955978306,0.7388015352761242,-0.26119630772045216,-6.584086084458084e-07,-0.09635310171105727,-0.11564954435258845,,,,,,,,,,0.21585413664178338,,
2370,37189,NC,959,ok,acceptable (VEI within +/-10),0.6575048732943469,20.346428392441446,1.0279208080797864,0.011049419819863316,-0.8471619907715756,0.9342779075319803,0.5732146253935442,0.93120060943119,-0.06879808913524366,-6.298131206378062e-08,-0.021592009491723463,-0.026136702806317746,,0.22593279910035213,0.15993123707157658,,0.04115846332622715,0.1585245821883324,,0.16833493325015736,0.16833152754136235,0.11595064348147599,0.14907955668850495,0.18840426009950528
2371,30031,MT,0,no residential sales in 2024,,,,,,,,,,,,,,,,,,,,,,,,,
2372,54083,WV,178,ok,UNACCEPTABLE regressivity,0.7448796068796069,56.900367258142694,1.395172239109758,-0.2679595813566077,-63.16009490949953,0.5784423460652363,0.22655258212057497,0.522276036132832,-0.4777258054441477,-1.3894599852092584e-06,-0.18414851689244105,-0.20495928067873637,,,,,,,,,,,,
2373,21089,KY,428,ok,acceptable (VEI within +/-10),1.0,9.822279753253154,1.0389815509852594,-0.033958853156560984,0.0,0.9545469114723696,0.947625431348002,0.9391371217581417,-0.060863746328427545,-3.995573573702236e-07,-0.01856709294603376,-0.018485734902069062,0.0,0.12280058122249779,0.16399778007560856,0.19739253997084996,0.0,0.15160520079677475,0.12156018648523616,0.2079030623527733,0.20789486120272346,0.16832544238979727,0.15156851362844145,0.17161333018477906
2374,21133,,0,no residential sales in 2024,,,,,,,,,,,,,,,,,,,,,,,,,
2375,51145,VA,338,ok,acceptable (VEI within +/-10),0.8190849673202614,11.656044062028773,1.0104929255103368,0.024976103230196223,5.812803694591541,0.9504421910228693,0.7035062737463945,0.9821741448346498,-0.017824941506026638,-6.808894889752341e-08,-0.012421163039434857,-0.017072281674318956,,0.1433637169996218,0.0985405480353928,,,0.10277910076004082,0.2401072414011317,0.06955184731214493,0.069544580644794,0.07683028247428624,0.10126347564353226,0.11377323010076909
2376,45069,SC,36,skipped (fewer than 100 sales),,,,,,,,,,,,,,,,,,,,,,,,,
2377,06021,CA,0,no residential sales in 2024,,,,,,,,,,,,,,,,,,,,,,,,,
2378,47115,TN,627,ok,acceptable (confidence intervals overlap),0.6576,39.44853201002663,1.1449427105395016,-0.03612506946338676,-22.0506872185122,0.906872094043881,0.5162191611180925,0.8197272039279384,-0.18026927915653498,-2.4836030293373415e-07,-0.047810246351498886,-0.05390602357821672,,,,0.22913022740285763,,,,,,0.22018474437584137,,
2379,39093,OH,4210,ok,acceptable (VEI significance <= 10),0.8421820512820513,17.93769117920714,1.0242648926287454,-0.01908419366959839,-13.939100156549262,0.9650790920885596,0.8228584829094117,0.920244255781025,-0.07975509432099138,-1.6732250231074078e-07,-0.011508578821798565,-0.00901167869855013,,0.19983787026354832,0.14825999451592065,0.14152201488221025,0.21775784570318663,0.10984381353920872,,0.17074635516207146,0.17074528857572335,0.1410297912634003,0.10845729101752347,0.11374884345690073
2380,47027,TN,0,no residential sales in 2024,,,,,,,,,,,,,,,,,,,,,,,,,
2381,42073,PA,0,no residential sales in 2024,,,,,,,,,,,,,,,,,,,,,,,,,
2382,45065,SC,126,ok,UNACCEPTABLE progressivity,0.4539653299249081,63.562592832838675,1.117852526756592,0.08274643367724241,65.20478135866409,0.846657094779246,0.35068000772017055,0.5976993856248444,-0.40228922059709116,-4.4149436595972006e-07,-0.04860499599978518,-0.04007683848389321,,,,,,,,,,0.21152542638557062,,0.1749094845710031
2383,08107,CO,649,ok,acceptable (VEI significance <= 10),0.814525,17.7316295746014,1.023947849408445,0.03164582404354822,20.92002980844665,0.9452455159217625,0.6888448307710364,1.0252396746707853,0.025241283609653917,-1.2778298568314618e-08,-0.024140363137757248,-0.03622202740992697,,0.20811914965870082,0.1349835788035687,,,0.2007069649573856,,,,0.09697346295067083,0.20069061109231243,0.2189951853253044
2384,51063,VA,205,ok,acceptable (VEI significance <= 10),0.5483173076923077,32.36345711368936,1.0598315028012681,0.020507551212744113,18.5227997176461,0.8829493235659444,0.47189940728603563,0.8958341698967681,-0.10415785986677621,-3.372981433087296e-07,-0.04038939991963919,-0.04603474813648223,,,0.22137630296973967,,,0.22465246135555988,,,,0.11365840328680046,0.21665379475392488,0.22819388457067907
2385,18153,IN,190,ok,UNACCEPTABLE regressivity,0.5589979500844944,48.04143708829792,1.2296981347296871,-0.16721354488034756,-43.24834510517132,0.6947444765412412,0.5095680075871747,0.6143249960227112,-0.3856681299588387,-3.6409118914808306e-07,-0.12682111105028238,-0.11450112468772722,,,,,,,,,,,,
2386,28127,MS,129,ok,acceptable (confidence intervals overlap),0.37792247079329866,42.85532867019542,1.164844938360655,0.01998573665490901,23.112159522239438,0.7364208388337244,0.13642419286048516,0.6095112035591037,-0.3904514781382932,-2.63425812486593e-07,-0.0989359366335627,-0.11715732100925869,,,,,,,,,,0.09836907779409107,,
2387,31017,NE,71,skipped (fewer than 100 sales),,,,,,,,,,,,,,,,,,,,,,,,,
2388,19065,IA,0,no residential sales in 2024,,,,,,,,,,,,,,,,,,,,,,,,,
2389,17025,IL,210,ok,UNACCEPTABLE regressivity,0.8215217391304348,49.105089194724314,1.5901954475091018,-0.24680051078991816,-41.63806208905295,0.554880351873518,0.12078262205635736,0.5502110432115428,-0.4497866260805525,-9.341529312687377e-07,-0.23491095669487216,-0.2889987924471673,,,,,,,,,,0.22089892166748587,,
2390,56003,WY,94,skipped (fewer than 100 sales),,,,,,,,,,,,,,,,,,,,,,,,,
2391,19009,IA,0,no residential sales in 2024,,,,,,,,,,,,,,,,,,,,,,,,,
2392,23015,ME,0,no residential sales in 2024,,,,,,,,,,,,,,,,,,,,,,,,,
2393,18135,IN,233,ok,acceptable (confidence intervals overlap),0.6364595699775755,31.355212477884585,1.1416017800207263,-0.12061603011389191,-26.814465265062367,0.730058820360745,0.3788609341552507,0.6792405423456298,-0.32075775078069196,-3.394829021224488e-07,-0.09534734501090614,-0.09769549972503411,,,,,,,,,,0.15721416294363827,,
2394,26083,MI,53,skipped (fewer than 100 sales),,,,,,,,,,,,,,,,,,,,,,,,,
2395,01059,AL,432,ok,UNACCEPTABLE regressivity,0.9383333333333332,48.38176997696542,3.1448922156320207,-0.16921323047467005,-47.190119949755875,0.3219647955113011,0.0002068414565354059,0.4437136577271932,-0.5562792215380247,-2.33539535750233e-08,-0.5089751097562283,-0.6578172805615257,,,,,,,,,,0.062047350918402015,,
2396,17075,IL,389,ok,UNACCEPTABLE regressivity,0.9675555555555555,45.81916359825003,1.2367251827631067,-0.15736220357534242,-32.19252672094918,0.6930475469010637,0.6160256839169265,0.666432643523506,-0.33356414556740216,-2.7822001044932063e-06,-0.12149244898005773,-0.12380945358398776,,,,,,,,,,,,
2397,27083,MN,306,ok,acceptable (VEI within +/-10),0.9343404634581105,21.532796311890483,1.051493885251606,-0.01888436268111254,-1.2744153551778226,0.9045079737345073,0.7654291851675098,0.9239294132496979,-0.07604890907127038,-5.822209506215987e-07,-0.03222188865239439,-0.03510723759557721,,0.23897965778108618,0.20687953178936186,0.12476702505169156,0.1695570577837178,0.20241196604226178,,0.20655868261089136,0.2065470026764099,0.20263280401995018,0.20496227944892664,0.2064927997975011
2398,38049,ND,62,skipped (fewer than 100 sales),,,,,,,,,,,,,,,,,,,,,,,,,
2399,51740,VA,1746,ok,acceptable (VEI within +/-10),0.9084088972431077,11.974610264687515,1.0106265587379293,-0.0046113836272931264,-2.9412898017732063,0.9367350576246078,0.8413804282883376,0.9439416830942151,-0.056057072429991917,-3.001237175206623e-07,-0.01153638298267401,-0.011197404331011018,,0.1450544295753608,0.09884526858044045,0.05186788831082486,0.07372022164925396,0.08538213373851092,0.15006569474287978,0.11014945775351745,0.11014865057840212,0.09560335429059505,0.08751844549946283,0.08211761651893812
2400,42105,PA,0,no residential sales in 2024,,,,,,,,,,,,,,,,,,,,,,,,,
2401,20027,,0,no residential sales in 2024,,,,,,,,,,,,,,,,,,,,,,,,,
2402,31101,NE,152,ok,acceptable (VEI within +/-10),0.8678686868686869,31.95721047236796,2.0092714340626463,-0.06419449700172605,-7.547786236036659,0.5389820441309029,0.02411086202814882,0.6505179788525417,-0.3494789893676229,-5.37671405314942e-08,-0.31090366090229526,-0.46492845157163165,,,,0.22067409910109007,0.14704377494751825,,,,,0.07837784307897996,,
2403,25017,MA,7124,ok,acceptable (VEI within +/-10),0.9272745098039216,0.22075836694577577,1.0000601542194518,-0.0002648900669001372,-0.03995138986446764,0.9997762383812908,0.9270295648124997,0.9996009677563528,-0.00039891038812377784,-1.8832103562309932e-10,-6.078130823738981e-05,-4.305102048673959e-05,,0.0027607945535409856,0.010054918461607408,0.004701174823575218,0.00823992957383229,0.0097498659564256,0.1493980777530599,0.011110482147761665,0.01110996033399028,0.009030510837484917,0.009751675748387086,0.005798234539606423
2404,05083,AR,0,no residential sales in 2024,,,,,,,,,,,,,,,,,,,,,,,,,
2405,05123,AR,0,no residential sales in 2024,,,,,,,,,,,,,,,,,,,,,,,,,
2406,39157,OH,1185,ok,acceptable (confidence intervals overlap),0.6928859060402685,25.162802337548037,1.0650516047220975,-0.03149475714043269,-12.11908451873582,0.8510616436565369,0.5342726013434883,0.8672416021169963,-0.13274904912264446,-5.625624863368991e-07,-0.04762144535630153,-0.05137857881840624,,,0.2285645630140086,0.18772641560710746,0.23717733688118783,0.2367125459406399,,,,0.16308086983211256,0.2277246688983075,0.22738119229467843
2407,31149,NE,24,skipped (fewer than 100 sales),,,,,,,,,,,,,,,,,,,,,,,,,
2408,25015,MA,785,ok,acceptable (VEI within +/-10),0.9292985074626866,0.3719279582540312,1.000166238947786,-0.0006014174600664736,-0.0588583423493359,0.9991280011074526,0.9279434870513471,0.9990723286773617,-0.0009274710643925174,-1.619472893829066e-09,-0.00020636311902277882,-0.00020923948425899397,,0.004826971043260209,0.008571717923703167,0.013290345219412688,0.011767988273516139,0.00811160264237323,0.1174644059082354,0.009162654305753167,0.009160669872376574,0.007402393485774049,0.008111509675289274,0.008299094113225498
2409,56005,WY,567,ok,acceptable (VEI within +/-10),0.8815211589622463,15.373240449630837,1.0190787781444264,0.0012574198865061535,-0.7489644090802124,0.8619095354818509,0.7498462504309592,0.8869109039438412,-0.11308836881742351,-2.977415969373173e-07,-0.029083634401776415,-0.029008825975193497,,0.1778475662365903,0.14910331829877588,,0.04408953072995594,0.1559048877515024,0.21882469531071658,0.14075418264832595,0.14075453439325847,0.1199248202130937,0.15286477480991018,0.15309831798007342
2410,12001,FL,3419,ok,acceptable (VEI within +/-10),0.79186875,16.537125064279316,1.0305116497378382,0.017621381857187493,1.3189037157533425,0.9491854872741576,0.64673143708167,0.9223817908284648,-0.07761592041247711,-1.7828132663987913e-09,-0.0204812897717781,-0.0220590317324465,,0.18856491512800508,0.15309034665237037,,,0.18789747329311396,,0.17806990524388894,0.17806768485742924,0.11243215037661271,0.19481383571030322,0.18494691588850398
2411,27031,MN,187,ok,acceptable (confidence intervals overlap),0.8646153846153846,16.891121181778978,1.011924559088316,0.03783224500539432,10.977599029114618,0.9523155328453901,0.7600999418727016,0.9996639499488956,-0.00033514182517307024,-6.600191160885436e-08,-0.015367057843975518,-0.02289371759210712,,0.20074241618604097,0.11947037855914526,,,0.12162503360385013,,0.037577038947895665,0.03759968971056537,0.08572635852858608,0.12058444949860403,0.17732092333230953
2412,26085,MI,371,ok,UNACCEPTABLE regressivity,0.816,42.2954118323273,1.2057094527307635,-0.11819448977982638,-35.90252932856311,0.8285293656112338,0.650452755663942,0.786716676003927,-0.21327787441235224,-1.3786201831425204e-06,-0.07697405908230626,-0.07722563080305145,,,,,,,,,,,,
2413,47181,TN,0,no residential sales in 2024,,,,,,,,,,,,,,,,,,,,,,,,,
2414,48019,TX,208,ok,acceptable (VEI significance <= 10),0.7717062525219234,41.39238372238633,1.1061320780974153,0.11551707051931596,37.58729836244114,0.6511647363915188,0.21172974862980057,0.8217958133805837,-0.17819162143570466,-3.4379123827623574e-07,-0.11669750957890179,-0.15192248033489908,,,,,,,,,,0.21604105747501948,,
2415,01091,AL,0,no residential sales in 2024,,,,,,,,,,,,,,,,,,,,,,,,,
2416,55085,WI,0,no residential sales in 2024,,,,,,,,,,,,,,,,,,,,,,,,,
2417,45025,SC,568,ok,acceptable (VEI within +/-10),0.512,70.25560872942701,1.46086967100089,-0.048644102991023286,5.751307354925775,0.7671206202333297,0.10738518901882933,0.6721336818986579,-0.3278275320372011,-4.1822734113189684e-07,-0.1343838011288796,-0.2041588550176756,,,,,,,,,,0.2004123458041158,,
2418,54061,WV,1117,ok,acceptable (VEI within +/-10),0.6958333333333333,19.63133593041285,1.0586256007965362,-0.009834922452862502,-1.5390139261706448,0.9188933953343191,0.4796838222884402,0.9146566611102706,-0.08533911712298528,-5.206738024566787e-08,-0.031016218942338414,-0.041566917340279064,,0.21599537811398584,0.22720700929307727,0.11125095639302662,0.06066450355397937,0.20588956960944674,,0.1911416504824823,0.19113666843877972,0.1331505945322283,0.20535678574944377,0.24187178238055876
2419,28085,MS,167,ok,UNACCEPTABLE progressivity,0.5073956187979779,44.36540062239323,1.21285764436211,0.07293920381727102,47.392421919616254,0.6822873352208902,0.09146550929138474,0.7154352376360206,-0.284294257856027,-1.9347884319072958e-07,-0.1351640944365453,-0.17541637625803785,,,,,,,,,,0.15410586399208057,,
2420,21231,KY,323,ok,acceptable (confidence intervals overlap),0.7058823529411765,49.23140620136728,1.2489834788688772,-0.08244308682254381,-24.289591315453382,0.8143724444641494,0.4706616464110607,0.6780579919941396,-0.32193064513908165,-9.920973962840996e-07,-0.0891609480503901,-0.09688441028749617,,,,,,,,,,,,
2421,05131,AR,0,no residential sales in 2024,,,,,,,,,,,,,,,,,,,,,,,,,
2422,01117,AL,3571,ok,acceptable (VEI within +/-10),0.9268041237113402,12.141584863347271,1.01117753777076,-0.0040122338542173085,-1.2676824984313255,0.9692100870089885,1.0100259293051785,0.9625003850402888,-0.03749912007537632,-1.9573118750825367e-08,-0.009719586396538471,-0.009351031783130459,,0.14749953285689815,0.10438061360656171,0.07856482372183932,0.076845885979495,0.10106054117198657,0.08727645344549774,0.11545212808343912,0.11545168718648997,0.10544123786897032,0.10048635614066159,0.10092110513452801
2423,12087,FL,1783,ok,acceptable (VEI within +/-10),0.8290589595375722,12.706939689704035,1.0518842950897196,-0.01914373608891984,-3.782888791452367,0.9288185457732617,0.5608754745050161,0.9438764596787561,-0.05612334231751645,-6.218251463669582e-09,-0.032115809686715124,-0.04112286589276026,,0.1526744000018764,0.22822381029409416,0.16826576408326147,0.17191862513286157,0.21616352509891623,,0.171183607883278,0.1711833290313696,0.13188478595494918,0.21181684134737566,0.23738395259374406
2424,47091,TN,0,no residential sales in 2024,,,,,,,,,,,,,,,,,,,,,,,,,
2425,01049,,0,no residential sales in 2024,,,,,,,,,,,,,,,,,,,,,,,,,
2426,38105,ND,489,ok,acceptable (VEI within +/-10),0.8377666666666667,15.821754124637902,1.0242387806310236,-0.008836558444346877,-2.1906456426243133,0.8994436656207404,0.6953853077446688,0.9082990000740865,-0.09169844206192213,-2.762618280401792e-07,-0.024778501195283242,-0.028706655042407547,,0.18529013937351335,0.1470692572108456,0.057116419061936395,0.070992169659398,0.14095430308600562,,0.1629692980461816,0.16296850946262875,0.12774286891059047,0.14601746645676952,0.14288595883974822
2427,05105,AR,0,no residential sales in 2024,,,,,,,,,,,,,,,,,,,,,,,,,
2428,41047,OR,3010,ok,acceptable (VEI within +/-10),0.9728975022502251,11.343826262129364,1.0040073935952487,0.044041350459509306,6.429208056998275,0.9940578545447798,0.9393168647938951,0.9780404728992467,-0.021959447004407627,-1.1313309705964764e-08,-0.0012368476530373318,-0.001989432674292635,,0.134230220434318,0.0690518640164087,,,0.036157807396870724,0.0929161568465531,0.05402797731815579,0.05402790422960683,0.06442157230302129,0.035482727830845655,0.04159581908588192
2429,20197,KS,74,skipped (fewer than 100 sales),,,,,,,,,,,,,,,,,,,,,,,,,
2430,32005,NV,0,no residential sales in 2024,,,,,,,,,,,,,,,,,,,,,,,,,
2431,48039,,0,no residential sales in 2024,,,,,,,,,,,,,,,,,,,,,,,,,
2432,16051,ID,186,ok,UNACCEPTABLE progressivity,0.7990003232501512,32.33979768084778,1.121970200422245,0.10956121265553741,36.22695371793851,0.6848404573112452,0.10249498802382667,0.6084300739211015,-0.39156621965283533,-1.6708071699527797e-07,-0.09766131470313955,-0.11924337426984133,,,,,,,,,,0.15536720355095823,,
2433,54019,WV,260,ok,UNACCEPTABLE regressivity,0.6151538106844081,53.47201853431685,2.6627266208994533,-0.18927403725599706,-80.40962252879929,0.5166518949307352,0.028197391436519795,0.5305043899067886,-0.46948537559344006,-8.41058807229547e-08,-0.3570757160460576,-0.5334582393281673,,,,,,,,,,0.10868487171005192,,
2434,36035,NY,752,ok,UNACCEPTABLE regressivity,0.8421328984156571,38.1289261342203,1.166301891515507,-0.1937782080250304,-64.76987939885419,0.7655655773682805,0.6048104712166513,0.659735911827741,-0.34026520990373843,-1.1618481477958407e-06,-0.08694034817248109,-0.08323460291906803,,,,,,,,,,,,
2435,29183,,0,no residential sales in 2024,,,,,,,,,,,,,,,,,,,,,,,,,
2436,29031,MO,823,ok,acceptable (VEI significance <= 10),0.5108120700523474,30.213421615461524,1.1227956527299832,0.03446399464652219,22.02844500464258,0.7788606003887114,0.1462892688757212,0.7546527306907136,-0.2453429295687313,-1.3634587508173317e-07,-0.08299935825516824,-0.1119763845635584,,,,,,,,,,0.08164936805590278,,
2437,19043,IA,0,no residential sales in 2024,,,,,,,,,,,,,,,,,,,,,,,,,
2438,48147,TX,436,ok,UNACCEPTABLE progressivity,0.8758047781487623,30.866133058685634,1.0892939006599374,0.0782226367578628,33.70564663439695,0.7852361696565736,0.2405744885904864,0.7551576077621146,-0.2448371905933466,-2.4126736387113273e-07,-0.07070739959552652,-0.09121402610200513,,,,,,,,,,0.1698770002798441,,
2439,19173,IA,0,no residential sales in 2024,,,,,,,,,,,,,,,,,,,,,,,,,
2440,05059,AR,0,no residential sales in 2024,,,,,,,,,,,,,,,,,,,,,,,,,
2441,01099,AL,214,ok,acceptable (confidence intervals overlap),0.9000763004728992,32.85039111127852,1.174718416398802,-0.039493488351279624,-12.168351254022959,0.7173661923429293,0.30793270636873943,0.75177733465713,-0.24821906526956414,-6.166558633113337e-07,-0.11421707158942662,-0.13855916575476623,,,,0.23789828550534595,0.19209586992575378,,,,,0.19762415225988772,,
2442,29510,MO,0,no residential sales in 2024,,,,,,,,,,,,,,,,,,,,,,,,,
2443,48427,TX,106,ok,acceptable (confidence intervals overlap),0.7605336603214239,34.76353369433243,1.1082651190813695,-0.05149269600336212,-29.466970652395332,0.7339656471499321,0.5042735441473043,0.7603509812242545,-0.23964791272145478,-1.4781711044693817e-06,-0.08265311057515046,-0.09300817815915408,,,,0.23933883862625918,,,,,,0.2403271558968942,,
2444,51800,VA,0,no residential sales in 2024,,,,,,,,,,,,,,,,,,,,,,,,,
2445,05129,AR,0,no residential sales in 2024,,,,,,,,,,,,,,,,,,,,,,,,,
2446,22051,LA,4350,ok,acceptable (VEI within +/-10),0.72,28.256158720157078,2.4636057531932076,-0.055016175029049215,-7.571354749460715,0.420506975999971,5.8076656743392387e-05,0.472259108053499,-0.52773824269524,-1.701862402225636e-08,-0.4134904553299201,-0.5899664251563188,,,,0.2352572178153445,0.1479323635911487,,,,,0.05072090858259301,,
2447,19029,IA,0,no residential sales in 2024,,,,,,,,,,,,,,,,,,,,,,,,,
2448,17067,IL,0,no residential sales in 2024,,,,,,,,,,,,,,,,,,,,,,,,,
2449,19139,IA,0,no residential sales in 2024,,,,,,,,,,,,,,,,,,,,,,,,,
2450,42121,PA,0,no residential sales in 2024,,,,,,,,,,,,,,,,,,,,,,,,,
2451,29225,MO,0,no residential sales in 2024,,,,,,,,,,,,,,,,,,,,,,,,,
2452,08095,CO,58,skipped (fewer than 100 sales),,,,,,,,,,,,,,,,,,,,,,,,,
2453,01001,AL,697,ok,acceptable (VEI within +/-10),0.9438886472379295,9.793325323712722,0.9889148712168041,0.002373801015572348,-3.547104504453858,1.0208725212091159,0.9967237048201082,0.9820662984833509,-0.017933599417088962,1.0498544031662557e-09,0.008600910731256128,0.011903191336347874,,0.12023487351926093,0.08331319311018447,,0.14880170552690777,0.19959782183727584,0.034350504443447026,0.08059573472744745,0.08059627319000637,0.07053687884132182,0.20872349249351704,0.09616426513576065
2454,55131,WI,1652,ok,acceptable (VEI within +/-10),0.9402780988184748,9.75569130378414,1.0055993459226413,-1.1447118366493079e-05,-0.8661637997380539,0.9766144728676581,0.9122647609581811,0.9598175216228209,-0.040182390520314845,-7.665927961391102e-08,-0.005268816933838627,-0.0048763463478878055,,0.12011448727073604,0.07117696180822157,0.0004202178169890628,0.03756132125126668,0.06310000490953653,0.11327921745855214,0.08852117412284241,0.08852119404071121,0.06930702003711876,0.06243430580529187,0.05952614980944152
2455,02130,AK,87,skipped (fewer than 100 sales),,,,,,,,,,,,,,,,,,,,,,,,,
2456,37075,NC,146,ok,acceptable (VEI significance <= 10),0.6883867243867243,41.632100649935154,1.2026259212810497,-0.1586400181991014,-25.537944024398332,0.8161380368441273,0.54582381476025,0.697238843412064,-0.30276111470200384,-4.4414567866299684e-07,-0.07880723575136561,-0.0767302495201101,,,,,,,,,,,,
2457,53041,WA,1065,ok,acceptable (VEI within +/-10),0.8671900204323045,19.101747017137175,1.0250356513405596,0.015636445211175954,4.1019185799319615,0.9003525004743431,0.6952059825162596,0.9352031170950303,-0.06479547864031915,-1.863760506312215e-07,-0.025399710451860402,-0.027592387746222524,,0.20830593947359768,0.14912060377424663,,,0.15075719294464004,,0.14273542585678145,0.14273616315069182,0.12980120683746674,0.14255030131250043,0.14271976142783205
2458,35047,,0,no residential sales in 2024,,,,,,,,,,,,,,,,,,,,,,,,,
2459,01077,AL,1669,ok,acceptable (VEI within +/-10),0.9329302325581396,23.75555469572284,1.0832974817257561,0.021227884510061013,-4.040154279952796,0.8954079186056161,0.5035041924649553,0.9100873542546541,-0.08991182824150602,-3.379265382456228e-08,-0.04627794284861375,-0.06751596566689688,,0.2472290698981213,,,0.12893344581916957,,,0.2065112531455046,0.2065006715953205,0.1902578194971177,,
2460,22045,LA,475,ok,acceptable (confidence intervals overlap),0.7582167832167832,28.550126695408796,1.0699948740575322,0.017615814745225014,11.2151250545256,0.8595468569952823,0.5289296754871642,0.8460627583974386,-0.15393479016235914,-2.2759013623475865e-07,-0.0489101483659502,-0.05487627803123574,,,0.22815121242165134,,,,,0.24055314004569492,0.24055534824027697,0.13823711126279392,0.22696187054674655,
2461,35006,NM,55,skipped (fewer than 100 sales),,,,,,,,,,,,,,,,,,,,,,,,,
2462,48015,TX,329,ok,UNACCEPTABLE progressivity,0.7773108877400682,44.611027772402664,1.8104732132061288,0.15768100263738155,101.72624264267726,0.5814535350053754,0.006089164207888706,0.7148435896648908,-0.28515280365235124,-1.6921560202711097e-08,-0.26716103894425847,-0.4380336588109337,,,,,,,,,,0.09802030641296379,,
2463,21187,KY,246,ok,acceptable (confidence intervals overlap),0.648063492063492,60.30856441876263,1.354429337153153,-0.04899442414033899,-14.825442812945832,0.7449263993874196,0.4473370383588111,0.7467511401072954,-0.253199921510845,-5.839537183272849e-07,-0.13234086560555247,-0.15846055948197124,,,,,,,,,,,,
2464,29223,MO,85,skipped (fewer than 100 sales),,,,,,,,,,,,,,,,,,,,,,,,,
2465,24005,MD,10200,ok,acceptable (VEI within +/-10),0.7812850853054485,16.446244817476636,1.0213623755412897,-0.008412795611350339,-6.216161004547225,0.9430962233580705,0.7643658794000906,0.9244996685331456,-0.0754883853603706,-6.624446919597422e-08,-0.01716264681526658,-0.015143757878223196,,0.19056297141391787,0.14286504841847003,0.08492221404717148,0.1162127156154046,0.13628094518089046,,0.14956779575893833,0.14955931094054795,0.11769374720781361,0.13463635284428133,0.13185548123786542
2466,49033,UT,78,skipped (fewer than 100 sales),,,,,,,,,,,,,,,,,,,,,,,,,
2467,40009,OK,277,ok,acceptable (VEI significance <= 10),0.8300425531914893,35.45036085563507,1.1135111238584638,-0.11086664819776328,-27.900893656138006,0.9220367397120546,1.0240274690202005,0.7585524514836128,-0.24144753963661242,-1.81531869044157e-07,-0.03583718406704861,-0.013866784849663416,,,,,,0.2363930406536742,0.16115576378951987,,,,0.24498577721960754,0.11391382557246432
2468,29097,,0,no residential sales in 2024,,,,,,,,,,,,,,,,,,,,,,,,,
2469,13033,GA,227,ok,acceptable (VEI within +/-10),0.8330041666666667,40.76891957877493,1.1355656064529727,-0.04210148542235786,1.5901281005997316,0.8653367377927548,0.6089321663350566,0.8179294481142769,-0.1820680979794002,-9.914073866170485e-07,-0.05524289598308063,-0.07244404583419572,,,,0.20246029129853382,0.23403782962755343,,,,,,,0.24645929692671747
2470,21193,KY,176,ok,acceptable (confidence intervals overlap),0.7631746031746032,49.20795468796358,1.2241199311033253,-0.036239522422657724,-12.731677151271946,0.8677013089686285,0.5764776681337132,0.8468456613803994,-0.1531317826254928,-1.4969534402328764e-06,-0.07041675586781548,-0.08964228516929662,,,,,0.20696492386838278,,,,,,,
2471,19193,IA,0,no residential sales in 2024,,,,,,,,,,,,,,,,,,,,,,,,,
2472,08023,CO,77,skipped (fewer than 100 sales),,,,,,,,,,,,,,,,,,,,,,,,,
2473,13279,GA,105,ok,UNACCEPTABLE progressivity,0.7975,32.78173438231248,1.239183543939367,0.0211447938602921,36.223076145211856,0.7915963400585916,0.15268012173678985,0.9112030401589886,-0.08878959354692195,-1.6662520376895013e-07,-0.11146668895916156,-0.19063636913551574,,,,,,,,,,0.1587743183963682,,
2474,19025,IA,0,no residential sales in 2024,,,,,,,,,,,,,,,,,,,,,,,,,
2475,31003,NE,99,skipped (fewer than 100 sales),,,,,,,,,,,,,,,,,,,,,,,,,
2476,20133,,0,no residential sales in 2024,,,,,,,,,,,,,,,,,,,,,,,,,
2477,12045,FL,294,ok,acceptable (VEI within +/-10),0.8325334634711654,14.020987318779161,1.024420507380686,-0.0039859956704353374,2.4997261284564005,0.955380345035929,0.7211238957875943,0.9716631834947023,-0.028335801987598466,-4.5142669970686026e-08,-0.01705000505909382,-0.022458332074286602,,0.17135764069216766,0.17741585263298745,0.042852116094153514,0.07096312913095874,0.14260322560924688,,0.13814609169514422,0.1381439805600924,0.11714557440270781,0.13753810104987718,0.11980477160660012
2478,42131,PA,0,no residential sales in 2024,,,,,,,,,,,,,,,,,,,,,,,,,
2479,51051,VA,118,ok,acceptable (confidence intervals overlap),0.7987032045522611,62.442079399715915,1.4047057880951612,-0.2045978407656047,-44.43435547720071,0.6588085605303693,0.43371196579065624,0.6650773835313061,-0.3349233185728292,-4.045870437352965e-06,-0.1578172094367989,-0.18969044505500143,,,,,,,,,,,,
2480,32027,NV,127,ok,acceptable (confidence intervals overlap),0.6512666666666667,47.1547882689401,1.2381457737560413,-0.07655910433565134,-12.509894334528678,0.6730193568059006,0.3406053506513859,0.6597332649767342,-0.3402613797593412,-1.503088568397911e-06,-0.13983405492056455,-0.17411666347001709,,,,,0.1281328054267961,,,,,,,
2481,29069,MO,198,ok,acceptable (VEI within +/-10),0.43772743586126117,43.94280397439592,1.6704584182845956,-0.1410135780002532,-9.847421007547315,0.48087917673563557,0.04998195049762001,0.5320819919840882,-0.4678393661042927,-2.7079906907503407e-07,-0.28729817561472637,-0.36173677526991943,,,,,0.23694289201196697,,,,,0.08781265017908561,,
2482,21165,KY,62,skipped (fewer than 100 sales),,,,,,,,,,,,,,,,,,,,,,,,,
2483,56031,WY,58,skipped (fewer than 100 sales),,,,,,,,,,,,,,,,,,,,,,,,,
2484,28105,MS,272,ok,UNACCEPTABLE progressivity,0.5418377723970944,27.566390096676813,1.043203710448769,0.08781798835803521,29.380022187975356,0.8875554499683721,0.3563947192868441,0.8631512808373065,-0.1368455006985981,-1.159379189688859e-07,-0.03551736364967528,-0.04701010818612272,,,0.19310812462182517,,,0.21630074515284944,,0.23673306961198737,0.23672767121500415,0.11264542706596839,0.20871792815236787,0.22536311182480206
2485,08113,CO,0,no residential sales in 2024,,,,,,,,,,,,,,,,,,,,,,,,,
2486,54109,WV,106,ok,UNACCEPTABLE regressivity,0.8205128205128205,82.70629199514734,2.1042448274879075,-0.3277664115994804,-102.45362903225806,0.49257295874694185,0.1581858190318194,0.4163765184788668,-0.5836173776886401,-4.529339643141553e-06,-0.28993566672621096,-0.35293381707039173,,,,,,,,,,,,
2487,45081,SC,186,ok,acceptable (confidence intervals overlap),0.5798079937304075,46.820137277548454,1.1580820353989132,-0.07132993871286593,-48.85368584436621,0.9405957265613092,0.5118161957715313,0.8453184556527676,-0.1546738088750615,-3.217461358275158e-07,-0.030362878838432028,-0.027750295045310125,,,,,,,,,,0.24130303300449413,0.24019921302496874,0.18467059328901891
2488,35001,NM,5907,ok,UNACCEPTABLE progressivity,0.5893205235310498,23.04471316203007,1.0311458493592711,0.11374658937732825,29.61847704314769,0.9197297254316407,0.2951867541925796,0.9620082868197731,-0.03798915562096647,-7.062298165425686e-09,-0.02230311458441836,-0.02794031783387796,,0.24353516144317577,0.1757190565064229,,,0.16247722555954242,,0.09971349170777856,0.09971102998251816,0.05329036358748853,0.14699910985425574,0.1777903982371515
2489,37019,NC,6973,ok,UNACCEPTABLE progressivity,0.7607098765432099,38.221975523388,1.0696216085243175,0.11924536154183037,41.2129075416832,0.9020880143339257,0.2668923656023589,0.8539891210423289,-0.14600650588594946,-4.065772481420875e-08,-0.038444971167618025,-0.06719531181710314,,,0.23477992923759664,,,,,,,0.1342456670163898,0.24828508913833194,
2490,20175,,0,no residential sales in 2024,,,,,,,,,,,,,,,,,,,,,,,,,
2491,37179,NC,0,no residential sales in 2024,,,,,,,,,,,,,,,,,,,,,,,,,
2492,55115,WI,804,ok,acceptable (VEI within +/-10),0.8077414353008487,27.717481376039206,1.0665083428854845,0.017316438158869733,-1.0124933010316453,0.8445978485511959,0.4991520685764829,0.8901545681659355,-0.10984122757157987,-3.6287256482313026e-07,-0.05437091706498842,-0.0691244286403665,,,0.23817125866478425,,0.04554738939700234,,,0.2458185286573647,0.24580231975383918,0.17482390111554727,,
2493,26111,MI,1153,ok,acceptable (VEI within +/-10),0.8473469387755102,17.578936953181366,1.0018018426761726,0.02056619601088471,5.569927002789307,1.015609692673934,0.9291947360422897,0.9746937513996946,-0.02530417016343235,-1.670991350696073e-08,0.004769621469448815,0.011606892331308738,,0.20337791456331705,0.0748414043655216,,,,0.19023207966422787,0.10659613304697235,0.10659404716377012,0.0764780830260361,,
2494,21137,KY,370,ok,acceptable (VEI within +/-10),0.6638584345479082,43.13247907948707,1.165944945738091,-0.012725378710293063,5.938995611969711,0.7085304286964056,0.3690412667809422,0.7196013925660839,-0.28038957606407117,-7.346754597804619e-07,-0.11279933472989545,-0.130195654448084,,,,0.1948339958272619,,,,,,0.2234808414680653,,
2495,20031,,0,no residential sales in 2024,,,,,,,,,,,,,,,,,,,,,,,,,
2496,55065,WI,221,ok,acceptable (VEI within +/-10),0.9411299435028249,22.944860961145327,1.0402564920007025,0.005506988314584557,1.2194357773888052,0.9124551432975117,0.8642922943497271,0.976638132325083,-0.023191221757794877,-3.7476237846114496e-07,-0.02829150309407935,-0.027201497731017987,,,0.19888277128075252,0.0691592927180047,0.09862013962446299,0.1707821276719935,0.18960613429831571,0.14418106102366351,0.1447224780968255,0.21295440690526002,0.17419968950811815,0.18783334906702556
2497,42077,PA,0,no residential sales in 2024,,,,,,,,,,,,,,,,,,,,,,,,,
2498,10005,DE,5348,ok,acceptable (VEI within +/-10),0.09735890932149652,35.44878747496986,1.2503008932027309,0.03487295380636168,-8.045831026584597,0.5688533120109142,0.011317231493121298,0.5747382945502802,-0.4252300109712821,-1.681978083419643e-08,-0.1781766954653523,-0.2259952350615102,,,,,0.1979196094882846,,,,,0.012207878723523946,,
2499,13185,GA,1559,ok,acceptable (VEI significance <= 10),0.8583129770992366,16.958163665132126,1.0113725432591583,0.028845302784215147,15.240856887742897,0.9736818064278946,0.7585688357926264,0.9943171778598163,-0.005680383895948627,-5.7622649091628964e-08,-0.008450588415227944,-0.0126303190386865,,0.19570878189216206,0.099802521330901,,,0.09576600490534432,,0.05594666877438207,0.05593336978784636,0.09298161486552732,0.09432083999029549,0.10885927660620359
2500,51163,VA,317,ok,acceptable (VEI within +/-10),0.7963829787234042,22.31005455675606,1.0675482439163975,-0.02937870427849086,0.1540727098335326,0.8952061684972258,0.5348240324929955,0.8597004424103228,-0.14029869183026172,-2.0400676627391784e-07,-0.03839353885432106,-0.04779276535723409,,0.23593421438500667,0.23570133772046686,0.16420614524836488,0.04474000323231362,0.24991220931934807,,,,0.15280360138847304,0.21939411728319982,0.22723593314791182
2501,12037,FL,319,ok,acceptable (VEI within +/-10),0.7891212121212121,29.70498786427691,1.0307243594505164,0.03367539173051784,7.987791611289781,0.9780174541476724,0.7186575461541661,0.9888441988169013,-0.011151599263659533,-4.0106216039242346e-08,-0.010065574772198715,-0.014618487649135758,,,0.1570361094493824,,,0.1366468133152605,,0.10330083851571012,0.10309242115849747,0.13008688485844533,0.12958804466591017,0.15288500071019173
2502,51195,VA,0,no residential sales in 2024,,,,,,,,,,,,,,,,,,,,,,,,,
2503,13301,GA,42,skipped (fewer than 100 sales),,,,,,,,,,,,,,,,,,,,,,,,,
2504,12069,FL,11429,ok,acceptable (VEI within +/-10),0.7517173076923077,36.78709398146564,1.2748880771823556,0.015686970936084826,4.563476607287701,0.44045243513172316,0.041294324627270826,0.35101713392632744,-0.6489806099737845,-2.1331328250962385e-08,-0.20999313241183715,-0.23018443347311623,,,,,,,,,,0.10701763234914584,,
2505,51119,VA,223,ok,acceptable (VEI within +/-10),0.6948761347899677,24.071903468017457,1.0720913161966192,-0.03449865482310057,0.5992361186832446,0.8872481307770174,0.46412049274317135,0.8462065542236938,-0.1537920049626954,-1.8565982636663507e-07,-0.04068141504115874,-0.05373372648072339,,,0.22803133982389587,0.20469133219661026,0.1516855652580966,0.2299737855095568,,,,0.13981528503623622,0.22486387885473366,0.22982387066346796
2506,18109,IN,985,ok,acceptable (VEI within +/-10),0.835632183908046,16.196408749258996,1.0299274338662874,-0.004633746956900271,2.0264099037138954,0.8975913765402584,0.6282544197661492,0.918484623814732,-0.08151338554284696,-1.8000195497690403e-07,-0.02835429855028604,-0.03272757486218869,,0.19189615355246786,0.17662186138680683,0.06014741963023494,,0.1532257849683959,,0.15899464147096137,0.15899329491683262,0.1144592275647117,0.14895861158334966,0.17012256917614113
2507,48397,,0,no residential sales in 2024,,,,,,,,,,,,,,,,,,,,,,,,,
2508,12133,FL,281,ok,acceptable (VEI within +/-10),0.7328880597014925,25.43702993106727,1.0741750435328081,-0.08150380714030003,-8.754227490577817,0.8351186414036869,0.5882090358105083,0.8078838880377157,-0.19211358034133783,-8.84821002392689e-07,-0.04910607006943324,-0.0482577129040469,,,0.23941672052902677,0.23632167656050665,0.17462072047986324,0.203216730154853,,,,0.19965746718169167,0.2104149602242318,0.2169392963448839
2509,40027,OK,3644,ok,acceptable (VEI within +/-10),0.9390652616279069,9.106788420355294,1.0095431155846804,-0.0006880363867406048,-1.5981206210984225,0.9637078948538456,0.8410078875573324,0.9667668954862262,-0.033232680207738494,-7.505079554542407e-08,-0.009298443394456068,-0.010471621510647955,,0.109039798481004,0.10107022622575854,0.01705117703097674,0.0677454485809381,0.08063679824385254,0.23467757874482414,0.08539840339163356,0.08539796637732823,0.08217141863021017,0.07949269482890914,0.08966864415964611
2510,01025,AL,307,ok,acceptable (VEI significance <= 10),0.9666666666666667,39.52610973227354,1.3179954696379867,-0.04310928094564759,-15.369246707118538,0.6901566092073712,0.21911981585578966,0.7841755723410541,-0.21581158398380434,-1.0681510261995114e-06,-0.15588540694078978,-0.21596214147861015,,,,,,,,,,0.24557361589545976,,
2511,40127,OK,87,skipped (fewer than 100 sales),,,,,,,,,,,,,,,,,,,,,,,,,
2512,54101,WV,42,skipped (fewer than 100 sales),,,,,,,,,,,,,,,,,,,,,,,,,
2513,27141,MN,0,no residential sales in 2024,,,,,,,,,,,,,,,,,,,,,,,,,
2514,27113,MN,158,ok,acceptable (VEI within +/-10),0.9610290769931213,18.17708797114517,1.050031712298741,-0.03760543093658088,-6.514334358446555,0.849391550903766,0.7145376201587567,0.8927286883117483,-0.1072666886900324,-6.88679659403687e-07,-0.04453461740165876,-0.047217401396642655,,0.22742281400712258,0.19913679453323438,0.1487410338294115,0.10747563669077898,0.18035141665830912,,0.19018213164901407,0.19018033958512853,0.21762825874470001,0.18153732527304292,0.18672310824565935
2515,27079,MN,370,ok,acceptable (VEI within +/-10),0.9095536696526796,10.696149302208498,1.0198195203272344,-0.010026702823556033,-0.5625043623562211,0.9191767923051983,0.7780098064161474,0.9552468224521463,-0.0447519912369138,-1.6639105218861775e-07,-0.02270812872639505,-0.02654570008153745,,0.12911027220168836,0.14826055102034394,0.08294080351600977,0.0392674795887753,0.13140790847157832,0.21021778865464305,0.12023945041440455,0.12023731373764485,0.12141691477971629,0.13104602575623672,0.13657778274687532
2516,48309,,0,no residential sales in 2024,,,,,,,,,,,,,,,,,,,,,,,,,
2517,12011,FL,28383,ok,acceptable (VEI within +/-10),0.871325,11.682821971500312,1.0312704956325505,-0.023464683488007784,-7.670735608072434,0.9571673728129976,0.8318657411404496,0.9457143484886152,-0.05428534564579122,-5.080812396904629e-09,-0.018641333733078413,-0.020354118565891532,,0.14100462268685726,0.16451548776104252,0.1671713274109309,0.17031830404710582,0.16007495482937883,,0.16040407767628773,0.16040362294956967,0.1469895870485651,0.16034408118082208,0.16638604553087075
2518,19169,IA,0,no residential sales in 2024,,,,,,,,,,,,,,,,,,,,,,,,,
2519,27053,MN,15913,ok,acceptable (VEI within +/-10),0.924186046511628,10.017138727952299,1.0224302423779754,-0.01767365481065046,-4.096440980843467,0.9559004250263888,0.8534167724563003,0.9506112294244633,-0.04938843249274431,-4.141093618569038e-09,-0.017537842711325302,-0.017399509306143868,,0.12168625935333967,0.14008039166878722,0.1313930880114826,0.1208715465623893,0.142627168150623,,0.1311975239217823,0.13119704368773857,0.12390522675421202,0.1422077470456419,0.14479337170423615
2520,20189,,0,no residential sales in 2024,,,,,,,,,,,,,,,,,,,,,,,,,
2521,39067,OH,0,no residential sales in 2024,,,,,,,,,,,,,,,,,,,,,,,,,
2522,36007,NY,2066,ok,UNACCEPTABLE regressivity,0.8110739393939393,37.39843726322255,1.3466494693142868,-0.24134389093457806,-86.31107876425719,0.5084763906812019,0.18730937690731703,0.46615444125029015,-0.5338404977163543,-2.257050042241301e-07,-0.21067098489969305,-0.23879646584180336,,,,,,,,,,0.17302133033482658,,
2523,26095,,0,no residential sales in 2024,,,,,,,,,,,,,,,,,,,,,,,,,
2524,19179,IA,0,no residential sales in 2024,,,,,,,,,,,,,,,,,,,,,,,,,
2525,31127,NE,130,ok,acceptable (VEI within +/-10),0.7978036795596117,31.68184297644363,3.3658603746679376,-0.07014322925998336,-2.304698735859706,0.5218348164352099,0.010091670205979925,0.6893811973995674,-0.3106095170148766,-3.71207145742453e-08,-0.3910673202887769,-0.6722547224561752,,,,,0.15194300073973513,,,,,0.04317712887766203,,
2526,19109,IA,0,no residential sales in 2024,,,,,,,,,,,,,,,,,,,,,,,,,
2527,29001,,0,no residential sales in 2024,,,,,,,,,,,,,,,,,,,,,,,,,
2528,20147,,0,no residential sales in 2024,,,,,,,,,,,,,,,,,,,,,,,,,
2529,18013,IN,246,ok,acceptable (VEI within +/-10),0.7514420641239054,28.413951280904435,1.0564367667505608,0.022575530006801094,0.726340603773743,0.8271988844369228,0.6132408613128384,0.859879382912027,-0.14011219986294882,-3.2445548116574317e-07,-0.05178909149258337,-0.0537087579271589,,,0.24856354897617627,,0.03619790877537168,,,0.2439682747993201,0.24397017010386335,0.17681584260031477,0.22774330585924218,0.22702111955223195
2530,30111,MT,1492,ok,acceptable (VEI within +/-10),0.821297508623771,18.19510280158092,1.0595589636717917,-0.022350429739954464,-7.107082503330359,0.7497255111527389,0.4659605561383918,0.8229567771766416,-0.1770418396610943,-5.1915094113329384e-08,-0.06629409051942514,-0.07122941836182917,,0.20330850110316376,0.21600787667300547,0.13825435266158798,0.12976658483625333,0.2212675796630762,,0.19640068942324912,0.19640010745376346,0.11730400527318596,0.22501982587430203,0.2283682639522434
2531,24019,MD,750,ok,acceptable (confidence intervals overlap),0.7549009009009009,29.932611432168756,1.1487661864328371,-0.0027874159091292056,-12.496492498710827,0.7137536712436948,0.2615112983908942,0.7265681092451179,-0.2734094132320025,-3.1367415669769566e-07,-0.1086930794581562,-0.13617938758961468,,,,0.09788222645471185,0.22050327308683418,,,,,0.1787257510364539,,
2532,19157,IA,0,no residential sales in 2024,,,,,,,,,,,,,,,,,,,,,,,,,
2533,39043,OH,835,ok,acceptable (VEI within +/-10),0.9533015873015873,3.2401481485515036,1.0034150074122232,-0.0071528257614434645,-1.8760879725580022,0.9945257183655163,0.9501149683464816,0.9875988741156956,-0.01240098643556047,-2.6660931260903817e-08,-0.0018291696091199405,-0.0016115751323453331,,0.04090853256205117,0.05998518758960386,0.10050962402064074,0.06988765115118703,0.054236977992641315,0.08915740791937317,0.06654105695050998,0.0665408034580605,0.05882663357154008,0.05423236220170921,0.052786277208428004
2534,46019,SD,0,no residential sales in 2024,,,,,,,,,,,,,,,,,,,,,,,,,
2535,13031,,0,no residential sales in 2024,,,,,,,,,,,,,,,,,,,,,,,,,
2536,21149,KY,84,skipped (fewer than 100 sales),,,,,,,,,,,,,,,,,,,,,,,,,
2537,47081,TN,482,ok,acceptable (confidence intervals overlap),0.5495314762756623,41.562614986334246,1.151575315629727,-0.037313067124258754,-14.983553637806196,0.9160526876939918,0.4410655348951835,0.8905495782162259,-0.10942223231662475,-2.0051184005276506e-07,-0.04363776824383914,-0.05286514977675316,,,,,,,,,,0.18976406608049906,,
2538,17131,IL,65,skipped (fewer than 100 sales),,,,,,,,,,,,,,,,,,,,,,,,,
2539,48009,TX,72,skipped (fewer than 100 sales),,,,,,,,,,,,,,,,,,,,,,,,,
2540,47051,TN,0,no residential sales in 2024,,,,,,,,,,,,,,,,,,,,,,,,,
2541,34039,NJ,4765,ok,UNACCEPTABLE progressivity,0.2868085106382979,72.47508444338828,1.0357883971791708,0.5162871480558796,164.2527650391152,0.9677890512336904,0.04800493599462387,0.9703460063791283,-0.029639883452731962,-6.011457936203448e-09,-0.010071190063979607,-0.02386205939032937,,,0.17661016425351556,,,0.1625482595885997,,0.15971554036012803,0.1596684632360608,0.03402078854580273,0.13593051578323503,0.17330262313995648
2542,48107,TX,43,skipped (fewer than 100 sales),,,,,,,,,,,,,,,,,,,,,,,,,
2543,05141,AR,0,no residential sales in 2024,,,,,,,,,,,,,,,,,,,,,,,,,
2544,49021,,0,no residential sales in 2024,,,,,,,,,,,,,,,,,,,,,,,,,
2545,53059,,0,no residential sales in 2024,,,,,,,,,,,,,,,,,,,,,,,,,
2546,47189,TN,2727,ok,UNACCEPTABLE progressivity,0.6561151079136691,16.92978615266268,1.0154259620000323,0.06812191306488026,28.02682357502875,0.917867773291556,0.49424030945345837,0.9834991190258078,-0.016498692167736067,-8.033456076850488e-08,-0.01985188722928788,-0.027108767056345462,,0.19801092785350646,0.122695144840306,,,0.13492993009166765,,0.06310276303553274,0.0630969585331731,0.07573441805343428,0.130360515081801,0.1484728468735555
2547,36121,NY,218,ok,UNACCEPTABLE regressivity,0.95328081232493,36.74704221161244,1.1627566630130213,-0.19973029028061412,-50.141001935836165,0.7437860172914951,0.7498158842122757,0.6597492207903578,-0.3402520011474229,-1.8318681087936092e-06,-0.09132339216399599,-0.08520765529910856,,,,,,,,,,,,
2548,26115,MI,1740,ok,acceptable (VEI within +/-10),0.8720361057382334,15.578182792906706,1.010612472610435,0.01852720459054689,9.144335109065466,0.967587603040229,0.7768474986943448,0.9596942173648066,-0.04030317413551063,-8.468809605213513e-08,-0.008619136126394533,-0.007524473123402542,,0.1798189310653774,0.10244747183729502,,,0.09484214350029604,0.24217075705342056,0.11723700968939449,0.11723342867560906,0.09280844441529736,0.0932010248810273,0.08789761638672312
2549,27041,MN,745,ok,acceptable (VEI within +/-10),0.8918,16.736476929758364,1.0006268767131705,0.030503487554833602,9.336448448963896,0.9927063650358471,0.8643718865175392,1.0233951013468137,0.02339806181742038,-2.1822654048155613e-09,-0.002844298962102254,-0.005797636766924796,,0.1984876147158259,0.03296676472034081,,,0.060155373651325485,0.23693352558715233,,,0.032099589197357586,0.05843280268567551,0.06515650004568277
2550,39097,OH,0,no residential sales in 2024,,,,,,,,,,,,,,,,,,,,,,,,,
2551,38103,ND,48,skipped (fewer than 100 sales),,,,,,,,,,,,,,,,,,,,,,,,,
2552,18059,,0,no residential sales in 2024,,,,,,,,,,,,,,,,,,,,,,,,,
2553,48143,TX,343,ok,acceptable (confidence intervals overlap),0.8340135690294264,28.21923502648703,1.0804095057999126,0.025543507886276847,14.6059533245581,0.8003541951380044,0.5635965587581117,0.777915619411171,-0.22208336210377783,-2.2254791910597577e-07,-0.06905758193638101,-0.07883870131745585,,,0.22031257085127953,,,,,,,0.1828460558064188,,
2554,42023,PA,0,no residential sales in 2024,,,,,,,,,,,,,,,,,,,,,,,,,
2555,26139,MI,3425,ok,acceptable (VEI within +/-10),0.8437687537507501,12.347569209761389,1.006066977967336,0.02138348202217546,7.640668284512655,0.980169036513742,0.801975985446236,0.9745902569484985,-0.025408988083383384,-3.6622844866481174e-08,-0.005022572390261271,-0.005750958543928153,,0.15056732342881807,0.07437518825410895,,,0.06787639278764451,,0.0757676116753081,0.07576700821415115,0.06788536991660518,0.0660100730940736,0.07045989628459433
2556,21217,KY,411,ok,acceptable (VEI within +/-10),1.0,24.808718510638656,1.1342481620194866,-0.014999961236294783,0.0,0.7720326013633888,0.4146923164774586,0.8472755051797876,-0.15271168931138135,-5.129510111061818e-07,-0.09300139468281188,-0.1197930706741599,0.0,,,0.19209564050021663,0.0,,,,,0.22510603223664005,,
2557,19051,IA,0,no residential sales in 2024,,,,,,,,,,,,,,,,,,,,,,,,,
2558,39035,OH,18440,ok,acceptable (VEI significance <= 10),0.8667911437353663,22.05837193008984,1.0478378292943027,-0.024305381366425526,-13.166212827787623,0.9397812892240432,0.9749210406103697,0.9158948614280731,-0.08410166313391251,-1.1877397455111009e-07,-0.02433435159942765,-0.02394960842336835,,0.23877248585664987,0.20165692207524172,0.19242873033613517,0.23433412070278398,0.19157703029253687,0.08269044401549677,0.22109656103261277,0.22109356798775737,0.21776247331476128,0.19019646287091038,0.1771794735033324
2559,36003,NY,378,ok,UNACCEPTABLE regressivity,0.7866566709677419,43.727652618867346,1.2206631259701644,-0.2054825332611262,-60.891174112688255,0.7400913223373247,0.5581027091020061,0.6790248751450372,-0.3209758914392779,-1.9268166816349496e-06,-0.10505824974079392,-0.10534622634341972,,,,,,,,,,,,
2560,38081,ND,53,skipped (fewer than 100 sales),,,,,,,,,,,,,,,,,,,,,,,,,
2561,19007,IA,0,no residential sales in 2024,,,,,,,,,,,,,,,,,,,,,,,,,
2562,41053,OR,798,ok,acceptable (VEI significance <= 10),0.9529093703148426,8.95935258570483,0.9962706929310394,0.07806157808153144,11.708020363968178,1.061772935680624,1.0097847175890127,1.0448911064577358,0.04489124209908375,7.943720142263868e-08,0.00948922622114634,0.00918214746823054,,0.11202466259663714,,,,,,,,,,
2563,28111,MS,42,skipped (fewer than 100 sales),,,,,,,,,,,,,,,,,,,,,,,,,
2564,51037,,0,no residential sales in 2024,,,,,,,,,,,,,,,,,,,,,,,,,
2565,35005,NM,520,ok,acceptable (confidence intervals overlap),0.5756841752872635,33.22183720418202,1.7546642148561722,0.01081847502322884,21.22523397042859,0.5662032418062047,0.03472203185439549,0.61883363473626,-0.38115794225281985,-1.7508261867769218e-08,-0.27796035759219584,-0.4068107033237123,,,,,,,,,,0.06211975698366057,,
2566,47057,TN,0,no residential sales in 2024,,,,,,,,,,,,,,,,,,,,,,,,,
2567,55081,WI,640,ok,acceptable (VEI significance <= 10),0.9752530894202547,18.717375607710835,1.0317100423820813,-0.009261385328124039,-10.85998454298639,0.8882488619845815,0.814817647799217,0.8762338440844053,-0.12376255118938716,-5.076613856794422e-07,-0.029097325370555538,-0.02944365529975057,,0.19974434407545372,0.16995544409897534,0.06923939044938404,0.1917188826028004,0.17784992717861703,0.21275496838619598,0.18850550390164053,0.18849912711289624,0.17040126128362829,0.16660909322043987,0.17414888629478997
2568,12023,FL,774,ok,acceptable (VEI within +/-10),0.7930513532575156,8.543263379925587,1.0090776251119744,-0.008287943342434006,-2.9800211452449283,0.9792372501117299,0.7655520345613553,0.9759585434110871,-0.02403967686289207,-6.954397443154902e-08,-0.006638140785467872,-0.00770494472141503,,0.10418282170616601,0.09673882803214276,0.08375705518549333,0.0951197680993013,0.0904493037205389,,0.10369928758730478,0.10369697026502643,0.07548037691411318,0.09037654811275507,0.09031524238946362
2569,28087,MS,395,ok,UNACCEPTABLE progressivity,0.5411345221756635,33.20632421789676,0.9529048683414452,0.1699390210379025,55.25903858721024,1.213226176931657,0.9766106995326573,1.075908419161352,0.0759187401195001,2.01042341296074e-07,0.06200984063948445,0.07617332851567848,,,,,,,0.1027043564103039,,,,,
2570,55005,WI,939,ok,acceptable (confidence intervals overlap),0.921,21.604840053849426,1.0396651142406557,-0.005370190093596197,-12.568808724198442,0.9134128955338405,0.7576167395243854,0.9256676599651915,-0.07433092739611234,-2.5856381477221905e-07,-0.029010626564283992,-0.03252362943709275,,0.23163954221894303,0.17372382635722514,0.08144611096087909,0.21892420278620162,0.19894427349089805,,0.18336194160727065,0.1833606430287898,0.16729560153646342,0.18982511738412902,0.19290870150328618
2571,13017,GA,205,ok,acceptable (confidence intervals overlap),0.8273875,39.43931506861733,1.1631457756685502,-0.03529223069069325,-10.891474108625266,0.8203661588333481,0.6262237892817485,0.7443849158610198,-0.25560979690913516,-1.0328767302646656e-06,-0.0779746294099386,-0.08144785401475829,,,,,0.21529265591757485,,,,,,,
2572,38025,ND,32,skipped (fewer than 100 sales),,,,,,,,,,,,,,,,,,,,,,,,,
2573,40107,OK,164,ok,UNACCEPTABLE regressivity,0.7489250000000001,91.03027949717145,1.9272290818383693,-0.21829980740601562,-94.40956445586578,0.45746346194516313,0.11898433362293272,0.44912286514748084,-0.55087486679007,-1.0934993495718106e-06,-0.30849324783743115,-0.36867722856833707,,,,,,,,,,,,
2574,47125,TN,4251,ok,acceptable (VEI within +/-10),0.9825396825396825,6.757422287969541,1.0024268236843696,0.008127388097025273,1.2530822208995862,0.9883602791493524,0.8985996182103777,0.9841143269576682,-0.015885616206810144,-7.476841789928985e-10,-0.003053770587175375,-0.003727949301900013,,0.08213568779508267,0.04496511552577185,,,0.046496533747569097,0.16082878506068313,0.05168262368635544,0.05168257625430708,0.037849493081627196,0.046305480533019215,0.0512836829684543
2575,36015,NY,1055,ok,UNACCEPTABLE regressivity,0.8916666666666667,28.550771519659406,1.1326255249058277,-0.11862519045238856,-50.41560829521203,0.84459940904894,0.7195496043991513,0.7270971079423457,-0.2729028284181107,-1.450717362591001e-07,-0.06662756268857772,-0.06827113384536299,,,,,,,0.23680036688359668,,,,,0.23954057276605023
2576,19131,IA,0,no residential sales in 2024,,,,,,,,,,,,,,,,,,,,,,,,,
2577,47015,TN,0,no residential sales in 2024,,,,,,,,,,,,,,,,,,,,,,,,,
2578,40149,OK,155,ok,UNACCEPTABLE regressivity,0.7537484662576687,47.84467242917751,1.7345321825194153,-0.07926988248929534,-37.607937149644215,0.5120689597989442,0.009950176982138131,0.6462443510783318,-0.35365661283975997,-1.351955411166039e-07,-0.2913945249915606,-0.3910796982150444,,,,,,,,,,0.11365343288319851,,
2579,13035,GA,337,ok,acceptable (confidence intervals overlap),0.9613632,21.067764036879414,1.1049430787109324,-0.02893508212037802,11.103067721551062,0.7633169707789275,0.36603789485166965,0.8277503923406098,-0.1722483913938341,-2.2348712647350468e-07,-0.07976532659969005,-0.10248476608527213,,0.22883968857513004,,0.15294743068860991,,,,0.23260718978614076,0.2326067611194624,0.14702365213590082,,
2580,51007,VA,171,ok,acceptable (VEI within +/-10),0.696923076923077,28.021800938825706,1.0509677783489062,0.012613295582777706,8.41304881039981,0.905529937618205,0.5408680352578734,0.7863660476166914,-0.21363204614576228,-4.098799575920058e-07,-0.026213605882374313,-0.025105271903122173,,,0.2397218501740988,,,0.1925415280982089,,,,0.1864119685673511,0.17606965842964706,0.15808628361368157
2581,27021,MN,710,ok,acceptable (VEI within +/-10),0.9040302824509955,19.064838910007825,1.0389715561857895,-0.00501497670626787,3.0650622492386392,0.9497257092811212,0.7726350365706288,0.9549423062234288,-0.045056767949385415,-7.704817260414085e-08,-0.021767902283997387,-0.02895991202075221,,0.2116246440566552,0.18642890107067217,0.12332135375258678,,0.1938514198907985,,0.18868409829465088,0.1886864633928067,0.16328314058981855,0.19776257382362772,0.19345236964334964
2582,17201,IL,3793,ok,acceptable (VEI significance <= 10),0.8269293680297398,17.07662580923698,1.004603168358062,0.028378926484228316,11.927357742740996,1.0058801006668314,0.8236718378199809,0.9851934062540174,-0.014804848941130927,-6.644709289789831e-08,0.0016841848255124692,0.0024474186396364894,,0.19639288494994345,0.07123550007089126,,,,0.22707668294996375,0.07544246480308998,0.07543929073409757,0.05964517310245016,,
2583,37079,NC,158,ok,acceptable (VEI within +/-10),0.5685195243790896,41.36938876211677,1.1708804474962233,-0.029932672787755618,3.3437697794959202,0.6030866269190718,0.33991342648613404,0.35276888301675147,-0.6472290925227142,-8.087363392609205e-07,-0.13095584484829947,-0.13972365066690173,,,,0.1742681943772095,0.2162437093934931,,,,,0.21966787201372368,,
2584,17189,IL,162,ok,UNACCEPTABLE regressivity,0.8568513333333334,40.42138855240116,4.621174788758672,-0.12138468456732107,-52.6079274446704,0.42804986088203273,0.002722593628038037,0.5914014747299676,-0.408573006962076,-4.076193530262172e-08,-0.4836686589169015,-0.7543104253443536,,,,,,,,,,0.024584390680158087,,
2585,56007,WY,166,ok,acceptable (VEI within +/-10),0.8945113724947822,24.828072532187676,1.0380171949555972,0.039922145660915086,-4.223910306751222,0.8484064137420813,0.7185456143585507,0.9447126076512257,-0.05528316995295728,-6.036833764683487e-07,-0.04162219069014217,-0.04759106186480455,,,0.20281191617085426,,0.145018087367575,0.2202800729417565,,0.12692032870812506,0.12691405962923713,0.19518379243198436,0.20438645436956596,0.2167411144973833
2586,29115,MO,136,ok,acceptable (confidence intervals overlap),0.3404039884532274,55.588948316883304,1.3576777784077514,-0.007924683795909543,17.149381982501378,0.5870165656601564,0.057433395025574596,0.4176318966415872,-0.58236121429713,-2.952911795940836e-07,-0.19435910344922847,-0.2521753894340666,,,,0.06946459252989048,,,,,,0.12515333901491918,,
2587,19187,IA,0,no residential sales in 2024,,,,,,,,,,,,,,,,,,,,,,,,,
2588,18033,IN,662,ok,acceptable (VEI within +/-10),0.8366962174940898,20.447332219898303,1.0220792030532049,0.025256778797616463,2.844664227578046,0.9517414227416373,0.714553816874118,0.9395699374701536,-0.06042839785837436,-2.3306973793011868e-07,-0.013753837369459232,-0.01776569499865044,,0.2258352675419979,0.15148571718215018,,,0.12974528506415453,,0.16570759769771032,0.16570448999264464,0.1245552079334706,0.11597811814306785,0.14530493194675928
2589,37153,NC,515,ok,acceptable (VEI significance <= 10),0.7843875,44.720723660858305,1.2766244876287247,-0.0634619447228716,16.36694434418774,0.7688794768350099,0.3416575374951844,0.7690668887803983,-0.2309260306169233,-5.713758240147081e-07,-0.11672263112216341,-0.1559632527762267,,,,,,,,,,0.24154979667659918,,
2590,17017,IL,150,ok,acceptable (VEI significance <= 10),0.8412295872444386,26.71713387505738,1.1042087653441517,-0.09166128261766167,-25.249855887160777,0.839779874759875,0.6242094437492922,0.7955170745190587,-0.20447929432009848,-1.443631993988082e-06,-0.058789089914976556,-0.0583740981126224,,,,,,0.21587669580051633,,,,0.2329452381155297,0.2104764310525801,0.22796053839290423
2591,21055,KY,174,ok,acceptable (confidence intervals overlap),0.5998800239952009,60.791123188001606,1.7320111038533,-0.06608590822866595,-29.366983333333344,0.5707760629424662,0.06710365544586179,0.6185986916451514,-0.38134875388837997,-5.918246427565044e-07,-0.25810505736379397,-0.3864139839683871,,,,,,,,,,0.23933420593311952,,
2592,17039,IL,125,ok,acceptable (VEI within +/-10),0.899203947368421,21.767505570890332,1.0591719580377945,-0.04277215363747686,-4.819704695603952,0.9229582931306182,0.7244756743451723,0.8900117453650854,-0.1099872996640157,-6.227940938464966e-07,-0.028830148564595204,-0.03301586212821084,,0.23099885116346244,0.22468490422042303,0.2012520859765205,0.14281643998458585,0.20428533138341418,,0.2296949022388867,0.2296904297176031,0.1835356569146664,0.2000258674625616,0.17772547023709215
2593,37003,NC,0,no residential sales in 2024,,,,,,,,,,,,,,,,,,,,,,,,,
2594,29037,MO,1472,ok,acceptable (VEI significance <= 10),0.48717524138185686,35.72824702151683,11.105842731568583,-0.0006634124402652223,26.518079566619537,0.1872343368021177,-5.170906660239748e-05,0.08243687296890197,-0.9175846641215091,-8.931898016011959e-10,-0.7502972347557306,-0.9086368502379267,,,,0.07375607269997873,,,,,,0.002858158246779022,,
2595,13001,GA,183,ok,acceptable (confidence intervals overlap),0.7599333333333333,41.111206170199864,1.2811299057308012,-0.06596855690658326,-19.096156050488087,0.7793799673358356,0.453567386113354,0.7779284936088844,-0.2220545182571793,-2.561036959159988e-07,-0.11606679274772058,-0.12294554839712579,,,,,,,,,,,,
2596,45077,SC,1680,ok,acceptable (confidence intervals overlap),0.5601923076923077,45.600850083190416,1.171840346039924,0.007817828879510465,-22.22983949600598,0.82504344562492,0.4233040848720259,0.6876114656697306,-0.3123871765254683,-5.763030168687557e-08,-0.08590874224018963,-0.08133010909667693,,,,,,,,,,0.20445786712296565,,
2597,16061,ID,30,skipped (fewer than 100 sales),,,,,,,,,,,,,,,,,,,,,,,,,
2598,54073,,0,no residential sales in 2024,,,,,,,,,,,,,,,,,,,,,,,,,
2599,36079,,0,no residential sales in 2024,,,,,,,,,,,,,,,,,,,,,,,,,
2600,32510,,0,no residential sales in 2024,,,,,,,,,,,,,,,,,,,,,,,,,
2601,47113,TN,1629,ok,acceptable (VEI within +/-10),0.728225806451613,29.653816540038584,1.071834426925964,-0.021528592105536936,-3.5794457814031606,0.9397407435492219,0.5972660847734488,0.8958294137322719,-0.10415462453740279,-3.5420831271141277e-07,-0.02336203675885673,-0.02631220087299524,,,0.24747005892060842,0.22576240622897278,0.14717338672894936,0.17858504168072867,,,,0.1993821469875962,0.17379879932233122,0.1683336976726167
2602,36053,NY,812,ok,UNACCEPTABLE regressivity,0.8258782525510204,30.81899140711407,1.1485250801781237,-0.1140747760680257,-38.11175863006893,0.8039948418139727,0.35182346989058577,0.7584190905541742,-0.24156905172902454,-3.931685336129744e-07,-0.07678352518698928,-0.08490281122446564,,,,,,,,,,0.2225008966698162,,
2603,38069,ND,37,skipped (fewer than 100 sales),,,,,,,,,,,,,,,,,,,,,,,,,
2604,46093,,0,no residential sales in 2024,,,,,,,,,,,,,,,,,,,,,,,,,
2605,21115,KY,240,ok,acceptable (VEI significance <= 10),0.9139872304633736,55.40252850874399,1.3341162650920735,-0.17375622181651146,-41.122495841548464,0.7148442617012531,0.5471786207011291,0.6752133064334784,-0.3247877093341695,-3.063056474470973e-06,-0.1235544299750182,-0.13576579155063184,,,,,,,,,,,,
2606,48493,TX,565,ok,UNACCEPTABLE progressivity,0.8332137139071385,36.72717336856894,0.9966513637981858,0.23809892631215446,98.3202163080899,1.0250810293438741,0.566417149689639,1.1078150164011018,0.10782258885833712,1.973330556219582e-08,0.007006919332587902,-0.0036459207783769987,,,,,,,,,,,,0.06588434785161844
2607,48233,TX,233,ok,acceptable (VEI within +/-10),0.7940430744686913,36.1250858525854,1.0893480767963677,-0.012730508602215205,0.9209715089164637,0.8653266857373951,0.6491699711364091,0.832357391153803,-0.1676297735792846,-1.0245709460941434e-06,-0.04824790899714282,-0.053848378469131486,,,,0.15132438410630966,0.026485696055277574,,,,,0.2487493189724077,,0.24707579779031527
2608,16083,ID,1130,ok,UNACCEPTABLE progressivity,0.766766428777875,30.785563637832116,1.0571928745036252,0.17840419308698632,43.47062530168027,0.722909324299795,0.40228029502047324,0.6279025561807887,-0.37209654119530033,-2.8956837386910593e-07,-0.06962965726005588,-0.07270221632893037,,,0.22124873411273127,,,,,,,0.18901842701160687,,0.24953652064424245
2609,47085,TN,0,no residential sales in 2024,,,,,,,,,,,,,,,,,,,,,,,,,
2610,16025,ID,14,skipped (fewer than 100 sales),,,,,,,,,,,,,,,,,,,,,,,,,
2611,36119,NY,6876,ok,UNACCEPTABLE progressivity,0.8182914517317612,24.65028578239066,1.0480565708738652,0.08395969641249909,48.22939971277237,0.9271418002768749,0.40212028866309074,1.000421443789073,0.00042250858102287357,-3.1487272271417295e-09,-0.03029250540546302,-0.0496021295204061,,,0.2100936740141776,,,0.22001846146336865,,,,0.1072534588157021,0.21636224822537678,0.24524994705129363
2612,31067,NE,383,ok,acceptable (VEI within +/-10),0.7376358695652174,32.77463715392432,1.0971252092100419,-0.01175427783171989,-3.624873879727431,0.8847087813235853,0.42215758852609303,0.8940332693981502,-0.10591341120704857,-3.6583316809693174e-07,-0.04684302906480187,-0.06158665812410913,,,,0.19118594533315628,0.20391391755141694,,,,,0.17020258036167624,,
2613,29035,MO,0,no residential sales in 2024,,,,,,,,,,,,,,,,,,,,,,,,,
2614,36091,NY,2500,ok,acceptable (VEI significance <= 10),0.8662282191082803,18.636033804557318,1.05950041330496,-0.03178743524060564,-13.602613306227369,0.8105283530500363,0.5344750743133375,0.8314261026477678,-0.16857273872612064,-2.424463420598606e-07,-0.05647583433019099,-0.06714384054712541,,0.21437911086041267,0.22452725676878432,0.1504173288117943,0.19981038933301828,0.2378192281359472,,0.2247738820765646,0.22477319520022107,0.15956570584795332,0.2361555736400472,
2615,28067,,0,no residential sales in 2024,,,,,,,,,,,,,,,,,,,,,,,,,
2616,18009,IN,209,ok,UNACCEPTABLE regressivity,1.0579310344827586,79.55745701733485,1.9640089021573357,-0.40855814519749034,-165.5731685178156,0.5021091899169511,0.17954401592312777,0.4780634573780548,-0.5219371399648661,-2.038848234278175e-06,-0.2853811895879219,-0.3412900544458841,,,,,,,,,,,,
2617,54037,WV,1081,ok,UNACCEPTABLE regressivity,0.7222222222222222,33.71169474714299,1.3606298498188698,-0.06041026549839938,-67.14514266598292,0.4552312605192759,0.06542356768417427,0.504056921702828,-0.4959398096254369,-1.1871591209698488e-07,-0.2330803477205603,-0.2743430970284584,,,,,,,,,,0.09987267222840099,,
2618,40101,OK,896,ok,acceptable (VEI within +/-10),0.7307859838274933,41.49127207594185,1.14922102239717,-0.032152688530271985,-3.7666105069491427,0.8928765902732737,0.5665397303464346,0.7901535413572479,-0.20984001577863926,-1.7263733512520736e-07,-0.0507291550365776,-0.06095236552034722,,,,,0.10785864557589332,,,,,0.239963944570299,,
2619,31087,NE,30,skipped (fewer than 100 sales),,,,,,,,,,,,,,,,,,,,,,,,,
2620,39121,OH,0,no residential sales in 2024,,,,,,,,,,,,,,,,,,,,,,,,,
2621,31001,NE,453,ok,acceptable (VEI within +/-10),0.7903866666666667,23.78634784170338,1.0344079864945641,0.001022076097699675,1.9694491899794593,0.9355069969568125,0.7970991435142988,0.8796222432758073,-0.12037560459576642,-1.9215253288803105e-07,-0.02188987736037573,-0.018228719452502595,,0.24740609943478287,0.160479973657774,0.035054807831532704,,0.16230735018468048,0.23137674768146246,0.2474868595208545,0.24749490805536054,0.16846229606367755,0.14785752268055738,0.12998626370163885
2622,45015,SC,5619,ok,acceptable (VEI within +/-10),0.9909402532207994,2.258852828677471,1.0009445710621276,-0.0006381483015763277,-0.046788225555320036,0.9972634295164402,0.9802601761192915,0.9974481806844501,-0.0025518114669429276,-3.1296692453420085e-10,-0.0009341170670802423,-0.0009366891235387254,,0.028204956497254526,0.02513398521483242,0.02587482731765923,0.004045573316685323,0.022648004916250467,0.14009322126243626,0.024632818084362292,0.024632608297607893,0.024604340854834542,0.02263454120150666,0.02516372192940184
2623,13077,,0,no residential sales in 2024,,,,,,,,,,,,,,,,,,,,,,,,,
2624,20037,KS,384,ok,acceptable (confidence intervals overlap),0.6611968126760586,38.57429752740845,1.1817061523797503,-0.03302041953385965,10.17247897428697,0.6676527924234222,0.2384292857526959,0.5386166868404695,-0.46138002904372233,-7.768709751048825e-07,-0.12485335791724128,-0.15843002982104304,,,,0.23455416407736018,,,,,,0.2337814512006953,,
2625,53049,WA,937,ok,UNACCEPTABLE regressivity,1.0324324324324323,7878.412654131562,70.21467865959076,-40.1390423441242,-10378.082007553903,0.3750726985002402,0.36316919769579936,0.06775045837909145,-0.9322710923634854,-0.0002577073295493548,-0.33297219707346026,-0.29653274057664736,,,,,,,,,,,,
2626,01015,,0,no residential sales in 2024,,,,,,,,,,,,,,,,,,,,,,,,,
2627,20017,KS,20,skipped (fewer than 100 sales),,,,,,,,,,,,,,,,,,,,,,,,,
2628,48073,TX,294,ok,acceptable (confidence intervals overlap),0.9103583142003985,30.87116867269962,1.0205719155779076,0.07537018083075392,16.16555009594474,0.9694998256246922,0.8353679519580401,1.0606197010678549,0.06063046953014205,-1.10900545996548e-07,-0.01200537397092627,-0.015782693828472194,,,0.15114755492913795,,,0.1304953214881756,,,,0.1461368616726981,0.1436572312568089,0.13067453673084997
2629,18005,IN,1100,ok,acceptable (VEI within +/-10),0.8314071038251366,15.214973490967234,1.0545762013799675,-0.02215922377864561,-6.969767769368776,0.8699852866203548,0.478694678962586,0.9035211779073284,-0.0964778842671373,-4.611728818758584e-08,-0.04261192297445349,-0.05120011264899049,,0.179677814592706,0.22402640036227053,0.1173523379052352,0.1386382477258517,0.19145990496440396,,0.16392465105435824,0.16392376753613172,0.10510698865441942,0.19073119832902974,0.23550155284906227
2630,51185,VA,446,ok,UNACCEPTABLE regressivity,0.9198376207659178,35.40809655216239,1.2086939842168152,-0.11834637784420397,-34.34076942373721,0.7991365661130383,0.5158148168012341,0.7508027134803426,-0.24919848317459897,-8.348316181563326e-07,-0.09209247639545226,-0.10680538190622801,,,,,,,,,,,,
2631,38009,ND,69,skipped (fewer than 100 sales),,,,,,,,,,,,,,,,,,,,,,,,,
2632,13211,GA,266,ok,acceptable (VEI within +/-10),0.7890587237711986,22.531967767154615,1.0992665814411,-0.04255628329686733,0.6924789803755869,0.8385600973328874,0.41729188823428814,0.8708783253702173,-0.12912003548419512,-1.405923997946708e-07,-0.06437050816310297,-0.0853095986993504,,0.2359583052827659,0.24794808389491688,0.20286719008669182,0.13969183972815682,,,0.24414059694911042,0.24413998944655693,0.19625710281356135,,
2633,39047,OH,388,ok,acceptable (VEI significance <= 10),0.8055541307931855,19.89880470195605,1.0454107707619147,-0.06803801597112988,-13.772606360885064,0.904708719177177,0.7485146890294436,0.8372506870866312,-0.1627480796937393,-5.828308466288432e-07,-0.027670212877723532,-0.0217618054618669,,0.21205081691749464,0.20143891601685462,0.20455730208859524,0.24334879123461411,0.1634287928819417,,0.21666122751485317,0.21665939680669083,0.17694248538106214,0.16188428712039998,0.16006989992815943
2634,47033,TN,0,no residential sales in 2024,,,,,,,,,,,,,,,,,,,,,,,,,
2635,31035,NE,106,ok,acceptable (VEI significance <= 10),0.7618833333333334,41.60813154961104,1.1399721081603091,-0.045374937408148054,-38.48227514935445,0.8976569009547246,0.7502456291043436,0.834201324288242,-0.16577419478166064,-9.227086856690774e-07,-0.04507564848762691,-0.038234749337670904,,,,,,,0.21592883359289766,,,,0.20245983377621257,0.2144403183758417
2636,08055,CO,157,ok,UNACCEPTABLE progressivity,0.39150188679245285,50.642944860078465,1.480434685245935,0.0793826631542465,64.88602300671818,0.6178393453971963,0.018003048182307812,0.7366529133971276,-0.2633337407220152,-2.9058699494358672e-08,-0.21629388362484026,-0.3375816409381933,,,,,,,,,,0.08767940311076969,,
2637,31073,NE,30,skipped (fewer than 100 sales),,,,,,,,,,,,,,,,,,,,,,,,,
2638,02150,AK,69,skipped (fewer than 100 sales),,,,,,,,,,,,,,,,,,,,,,,,,
2639,16001,ID,6783,ok,UNACCEPTABLE progressivity,0.8021978021978022,30.125926717423958,1.0503712441341422,0.18254863183046877,65.34373689263003,0.7655451524640535,0.36172881174347815,0.753256815287134,-0.24674184882625616,-1.4085166735295104e-07,-0.0578816100661812,-0.0587159751937647,,,0.2068942568956924,,,,,,,0.15143228936028252,0.23801555013096387,0.22830483706471646
2640,23027,ME,0,no residential sales in 2024,,,,,,,,,,,,,,,,,,,,,,,,,
2641,36037,NY,569,ok,acceptable (VEI significance <= 10),0.8763440860215054,22.49446234086633,1.054153908334973,-0.05443650823288375,-17.041505112474443,0.8312464732048195,0.6904897964231522,0.8104533185736723,-0.1895449508906721,-7.780981532143139e-07,-0.04694348057071562,-0.04648541958519936,,0.2469495384770123,0.223323617934458,0.2104819199987954,0.2263727861343684,0.22541614105068736,,0.24447483724789737,0.2444736766453193,0.2070210780563503,0.21717124238584895,0.21479920857903953
2642,08057,CO,21,skipped (fewer than 100 sales),,,,,,,,,,,,,,,,,,,,,,,,,
2643,26125,MI,12576,ok,acceptable (VEI within +/-10),0.8470456410256411,13.160557889089482,1.0064359625972585,0.020563589147986033,8.78312546690248,0.9829290285048226,0.8016758086480359,0.992782421419623,-0.0072168324569264405,-2.1727606991629102e-08,-0.005634610913803684,-0.007329896836543837,,0.15608509717369315,0.08178142200971339,,,0.08232285617943035,,0.05335739945842314,0.05335483428498356,0.06618919125397714,0.08141981792852196,0.09088124868419638
2644,05091,AR,2,skipped (fewer than 100 sales),,,,,,,,,,,,,,,,,,,,,,,,,
2645,13295,GA,1044,ok,UNACCEPTABLE regressivity,0.8735630057803468,23.387956460887608,1.0738912631041075,-0.04359018430622964,-32.964208624948384,0.8599185082653394,0.6351810313699016,0.8757208275109805,-0.12427656064260661,-3.102887869380288e-07,-0.049245854228097574,-0.05268069762597993,,0.24716677629164321,0.23975307643099067,0.20119819454191554,,0.233938453166199,,0.2394910498158194,0.2394885574751587,0.18936665344003162,0.23215936652942334,0.235139501083766
2646,18043,IN,1136,ok,acceptable (VEI significance <= 10),0.7318298632584347,26.68669014255177,1.0404670036614294,0.04794708122075751,13.318535664295917,0.9304317647465674,0.4573967302030651,0.9197048940128781,-0.08029248343260247,-1.6878609888590366e-07,-0.02243324604783603,-0.03219080965318155,,,0.1926012700048946,,,0.17216639542907658,,0.19781309576461012,0.19780198261997067,0.13111392256738916,0.15906565257185845,0.18502566227988404
2647,08041,CO,11095,ok,acceptable (VEI within +/-10),1.000562,7.442765360953527,1.0109507619563816,-0.03374141806743748,-5.872699839179895,0.9171276198965168,1.1510857285124574,0.9179554663609201,-0.08204435748705338,-9.457791862092443e-09,-0.01899252111342742,-0.019253743262951373,0.13126509385615776,0.09154556772445314,0.11743711314254866,0.11601662363547754,0.11622808659109807,0.11823428281460346,0.12615578045331816,0.10684625524766156,0.10684613952379401,0.1179881442458714,0.11994866843153047,0.11225030444365462
2648,48405,TX,26,skipped (fewer than 100 sales),,,,,,,,,,,,,,,,,,,,,,,,,
2649,51187,VA,655,ok,acceptable (VEI significance <= 10),0.8275555555555556,17.209201992769273,0.9981023103076201,0.04931987493730494,16.245729898808634,1.0159736059529287,0.802130168361588,1.043768458033225,0.043776464433161105,1.2635799373001328e-08,0.0043890201473730794,0.0037113001964494963,,0.20474198757576717,,,,,,,,,,
2650,48187,TX,4069,ok,UNACCEPTABLE progressivity,0.6146440663061161,64.81622432280972,16.2334591665913,0.24577025031729352,133.24928957585306,0.19824547690105404,6.546503813321896e-05,0.25103177832003915,-0.7489631209157348,-6.302422840284727e-10,-0.7578000241884999,-0.9319135305593773,,,,,,,,,,0.013752467865144079,,
2651,02090,AK,903,ok,acceptable (VEI within +/-10),0.8442626729881128,14.777519258625444,1.0147084140576814,0.026052323659906174,3.0902325036107934,0.8731570838715529,0.6760682924170649,0.9673830354370399,-0.03261459791487248,-1.992089496996864e-07,-0.02708645085585748,-0.030772058077701336,,0.17651760667235336,0.12433893102564257,,,0.13791713214526535,,0.09340895963327123,0.09340429302125323,0.09563821234483603,0.13511513626797902,0.1381696789099883
2652,19089,IA,0,no residential sales in 2024,,,,,,,,,,,,,,,,,,,,,,,,,
2653,17045,,0,no residential sales in 2024,,,,,,,,,,,,,,,,,,,,,,,,,
2654,48007,TX,350,ok,acceptable (VEI significance <= 10),0.8976151128557988,29.39490286153771,1.0252366493490255,0.05392388636328975,21.42331800209453,0.9408783973190002,0.9062189422956651,0.9365048742853734,-0.06349413230633066,-1.1093898059035195e-07,-0.020321357993439593,-0.021850568806718096,,,0.15884976329298417,,,0.18718823444975047,0.18124153296706946,0.20169040990901804,0.20168823224292584,0.1817582422854227,0.18909690606223725,0.15318884208986264
2655,51135,VA,103,ok,acceptable (confidence intervals overlap),0.6520710059171597,44.04106316421721,1.1843207971080083,-0.01877877899803816,16.48732756821031,0.6484264653574167,0.41402318527676996,0.5026630873480441,-0.49733253166083474,-7.361735552474291e-07,-0.13049845645192915,-0.13573911816633455,,,,0.14550255866709244,,,,,,,,
2656,51113,VA,0,no residential sales in 2024,,,,,,,,,,,,,,,,,,,,,,,,,
2657,49035,,0,no residential sales in 2024,,,,,,,,,,,,,,,,,,,,,,,,,
2658,26023,MI,616,ok,acceptable (confidence intervals overlap),0.8323332955303535,31.8900498271493,1.1297058112691765,-0.05085292770448591,-21.17386281638279,0.8082789503444784,0.578101169122486,0.7936069406933242,-0.20638451092222498,-6.246067993320488e-07,-0.07676541105928125,-0.08665325850784633,,,,0.24213332945413557,,,,,,0.2487745948099385,,
2659,30001,MT,0,no residential sales in 2024,,,,,,,,,,,,,,,,,,,,,,,,,
2660,01021,AL,0,no residential sales in 2024,,,,,,,,,,,,,,,,,,,,,,,,,
2661,20019,,0,no residential sales in 2024,,,,,,,,,,,,,,,,,,,,,,,,,
2662,48175,TX,30,skipped (fewer than 100 sales),,,,,,,,,,,,,,,,,,,,,,,,,
2663,41033,OR,977,ok,acceptable (VEI within +/-10),0.9408387096774193,14.79432683178885,1.0080384813560583,0.028471613421673377,6.626382053553133,0.9748592795361203,0.9077483841800458,0.9476243248048402,-0.05237555867885421,-8.41070964718329e-08,-0.005769940665238282,-0.005062114457006661,,0.17476028305830107,0.08131872855746242,,,0.0678713597423991,0.1303391686391762,0.10276212468270987,0.10276201525293507,0.0877168495789491,0.06557318747073423,0.06138000726532209
2664,12029,FL,267,ok,acceptable (VEI significance <= 10),0.6944444444444444,37.71454854250619,1.1343332178441299,-0.1065307538677005,-36.05958620689657,0.8721174930026024,0.5862562019239659,0.7561871923702332,-0.24381057048303814,-1.0275221238398645e-06,-0.04999418865087635,-0.04230735206318581,,,,,,,,,,0.22710576755828676,,0.21200339618241051
2665,48297,TX,67,skipped (fewer than 100 sales),,,,,,,,,,,,,,,,,,,,,,,,,
2666,22053,LA,258,ok,acceptable (VEI significance <= 10),0.95,21.45840550403006,1.0805199972600306,-0.06228400839455427,-16.81400153102422,0.9051779069856376,0.7938448709763747,0.8519718509217449,-0.14802813885563704,-9.805623342115566e-07,-0.035524295272037376,-0.037022198300961096,,0.24031802427401242,0.2329821883437292,,,0.22953014847189446,,,,0.23139690369217922,0.21918195936249865,0.20428459463588322
2667,19117,IA,0,no residential sales in 2024,,,,,,,,,,,,,,,,,,,,,,,,,
2668,47137,TN,0,no residential sales in 2024,,,,,,,,,,,,,,,,,,,,,,,,,
2669,12105,,0,no residential sales in 2024,,,,,,,,,,,,,,,,,,,,,,,,,
2670,29147,,0,no residential sales in 2024,,,,,,,,,,,,,,,,,,,,,,,,,
2671,48339,TX,12788,ok,UNACCEPTABLE progressivity,0.7170537138348391,50.24065567775579,10.283978072267113,0.13821645990591522,93.68395894580554,0.34967225652493306,7.541052491036313e-05,0.41451285014259176,-0.5854841749858815,-7.484463930005355e-10,-0.6048320400472167,-0.8983991123217685,,,,,,,,,,0.04023218031739015,,
2672,19123,IA,0,no residential sales in 2024,,,,,,,,,,,,,,,,,,,,,,,,,
2673,42055,PA,0,no residential sales in 2024,,,,,,,,,,,,,,,,,,,,,,,,,
2674,42079,PA,0,no residential sales in 2024,,,,,,,,,,,,,,,,,,,,,,,,,
2675,27043,MN,248,ok,acceptable (VEI significance <= 10),0.877531857813548,31.82123530868918,1.1816802394434325,-0.03443851470252531,-17.82535950363369,0.7571460670989291,0.4520509842361265,0.7639865173575563,-0.23596191142809564,-4.981550856489753e-07,-0.10800583071442205,-0.12917992096943776,,,,,,,,,,,,
2676,18149,IN,282,ok,acceptable (confidence intervals overlap),0.753435394978567,22.448431438440668,1.0255363385503062,0.00010237995793623269,15.166077227702841,0.9469517875065028,0.702749503212906,0.923385947035381,-0.07661242845383488,-2.151402848348335e-07,-0.01558340744043929,-0.015407964616350078,,0.2406699505129489,0.16407698592343573,0.006912293812294954,,0.1549342624754838,,0.18084743859563354,0.18084576464911353,0.14886341097524164,0.15122163769882568,0.14224973785345724
2677,47025,TN,0,no residential sales in 2024,,,,,,,,,,,,,,,,,,,,,,,,,
2678,34035,NJ,3524,ok,acceptable (VEI within +/-10),0.7962043978010994,13.008179815412191,1.0067484196439782,0.012938852565452106,1.7062897958050531,0.974788591800989,0.8276462760241491,0.9565688076632917,-0.043430706740151245,-1.9962435583421074e-08,-0.007198251244519893,-0.0052078065617631175,,0.15598450115175827,0.07743863536228647,,,0.08074768124492583,0.24391980938710248,0.10648444092058622,0.1064839894658179,0.07339771262793662,0.0792284749341995,0.07160828968075601
2679,13161,GA,124,ok,acceptable (confidence intervals overlap),0.9601985294117648,39.118968850285924,1.1952717150012917,-0.052795450589092234,-18.533099146023865,0.8227924551214592,0.4689979673939409,0.835745585450987,-0.16425724262609173,-7.161306353602505e-07,-0.08597886337917848,-0.1187840132468796,,,,,,,,,,,,
2680,42119,PA,0,no residential sales in 2024,,,,,,,,,,,,,,,,,,,,,,,,,
2681,29019,MO,0,no residential sales in 2024,,,,,,,,,,,,,,,,,,,,,,,,,
2682,31167,NE,74,skipped (fewer than 100 sales),,,,,,,,,,,,,,,,,,,,,,,,,
2683,17177,IL,587,ok,acceptable (VEI within +/-10),0.8020570264765784,21.670511036772076,1.0542247186610707,-0.044785337899000424,-8.93759290776096,0.8715240206492166,0.6908689590604667,0.8640691133813332,-0.13592659508591928,-7.168208134001112e-07,-0.04204204375990517,-0.041987417106417624,,0.2225435612023985,0.2117761656772913,0.2121108545779885,0.21484360542649875,0.210267338139397,,0.2301802877490267,0.23017285050201916,0.17393278686284752,0.2040379779313419,0.18594117751643152
2684,40105,OK,129,ok,UNACCEPTABLE regressivity,0.819496855345912,43.44304594215467,1.365740406247898,-0.16598659570769794,-47.66419411597112,0.6761115955147705,0.2507379845625926,0.6144141845823834,-0.38558233882040494,-7.431924088876893e-07,-0.15453934012895365,-0.18511219129907985,,,,,,,,,,,,
2685,55113,,0,no residential sales in 2024,,,,,,,,,,,,,,,,,,,,,,,,,
2686,21031,KY,188,ok,acceptable (VEI significance <= 10),0.6539393939393939,52.39176843610405,1.5667087132155013,-0.10250538366074452,-38.63864945031717,0.5090347409035678,0.033380432286100464,0.5811224074376551,-0.4188694214289768,-4.001829204912984e-07,-0.2578656368410839,-0.33562837858507644,,,,,,,,,,0.1742954864089024,,
2687,47035,TN,1088,ok,acceptable (VEI significance <= 10),0.6759166666666667,20.657107967660565,0.9965038339887702,0.04846473288737748,22.55224628030513,1.0247321227889996,0.6717621691828056,1.0352798170006614,0.03528498127358454,2.1838047601385814e-08,0.007557323453768916,0.0070925452211684226,,0.22346424582378452,,,,,,,,,,
2688,51131,VA,188,ok,acceptable (confidence intervals overlap),0.9025262590896849,20.832766774663213,1.091455581233126,-0.04220357848759998,-16.88382480246596,0.9259044055237808,0.5417967809448021,0.9157920557791592,-0.08420792839501778,-8.337956354849628e-08,-0.03373224721088053,-0.048953951422765485,,0.2378741035928276,,,0.21518546961144008,0.22414312836570263,,,,0.16373408765209718,0.22418175813314287,
2689,48325,TX,837,ok,acceptable (confidence intervals overlap),0.6254461816595887,61.009901077861784,11.919975724955572,0.09139123392146542,43.22181783899722,0.20751972107201527,9.709953147390674e-05,0.208971192036358,-0.7910209132910879,-5.87715787781205e-10,-0.7367398331208308,-0.9108951572623414,,,,,,,,,,0.01544406956366636,,
2690,21121,KY,264,ok,acceptable (VEI within +/-10),0.8296678321678321,90.42094068611273,2.7768547282647544,-0.13795267753904364,6.109005073296675,0.5323650130400118,0.02072193415600289,0.5388589646812639,-0.4611263295722566,-3.026234913300685e-07,-0.33451811876861837,-0.510963099173692,,,,,,,,,,0.14837128419565143,,
2691,06019,,0,no residential sales in 2024,,,,,,,,,,,,,,,,,,,,,,,,,
2692,40123,OK,466,ok,acceptable (VEI within +/-10),0.9985422007941009,18.069754082070425,1.0201968739521052,0.00821192162365914,-0.2631023003244849,0.9652226131790541,0.9857459431021935,0.9556216337854798,-0.04437167513415347,-1.646706503898956e-07,-0.012580462002572679,-0.009683262685605154,0.05698483613043045,0.20618628099408498,0.15110983206460668,,0.012784470657639397,0.1558984373494496,0.11704467945237522,0.15491375561398885,0.154859767355675,0.12739306370942266,0.14861484057179478,0.11401553498744205
2693,16003,ID,64,skipped (fewer than 100 sales),,,,,,,,,,,,,,,,,,,,,,,,,
2694,51103,VA,253,ok,acceptable (VEI within +/-10),0.8407843137254902,24.208974261618746,1.071373378493647,0.007410060700611481,-9.241085729455625,0.8930445139471148,0.6442459183800675,0.9798380208934857,-0.020155912109268623,-1.1674622270240328e-07,-0.04799771718063872,-0.06416323446611849,,0.2470338963489679,0.22250664027091707,,0.23814992910532531,0.23783808267705492,,0.17514898744175625,0.1750796112180576,0.1938901926661613,0.23752678705479055,
2695,47163,TN,0,no residential sales in 2024,,,,,,,,,,,,,,,,,,,,,,,,,
2696,55063,WI,1445,ok,acceptable (VEI within +/-10),0.92,13.364469201564603,1.0144247283948844,-0.001555443960325936,-0.9660743769164235,0.9465408318549494,0.829685769219402,0.9422738090296325,-0.05772584030042979,-1.7475606913382649e-07,-0.013434373771114227,-0.01476637920547974,,0.160515593219926,0.11809389291698849,0.03902443916377595,0.05810231651528345,0.11411877387220382,0.2069919768943307,0.11907659904486782,0.1190764157672891,0.11376636152950322,0.11314729802838051,0.11417980064483245
2697,36051,NY,631,ok,UNACCEPTABLE regressivity,0.8344,21.23880843354244,1.0614305025588864,-0.05281785078732501,-31.325839805817974,0.8610902815050613,0.6456157728089091,0.8550290285928646,-0.144969544999616,-4.262618511239413e-07,-0.046009560833447205,-0.051845395984183806,,0.2447578016613784,0.21111460602514137,0.22562769572227132,,0.22239422011127263,,0.21606901497589587,0.21606727141490759,0.1948779159168536,0.22119553146886659,0.22533745958943951
2698,13283,GA,48,skipped (fewer than 100 sales),,,,,,,,,,,,,,,,,,,,,,,,,
2699,26003,MI,164,ok,acceptable (confidence intervals overlap),0.5881674990395698,37.29343736663588,1.1088801088651226,-0.02853299665594006,-10.229093533852641,0.8345401635947917,0.5075747785399463,0.7884486967594028,-0.21154365239377923,-4.066835032919906e-07,-0.06620934036963577,-0.06687283207422512,,,0.23919988306224996,0.1883385601137912,0.14102283959810796,,,,,0.2427850757030115,,0.23914795530490673
2700,31047,NE,337,ok,acceptable (VEI within +/-10),0.822984375,23.245259514525124,1.0237062577026164,0.01600360186950253,2.3226834040233086,0.9809056997017129,0.7744150248605036,0.9441578112378539,-0.05583923811834972,-1.6046608804342405e-07,-0.006857442020703042,-0.0037670959629136913,,0.24460699577104364,0.14610220532437407,,,0.1061664947799067,,0.18411255917116018,0.18410890694510382,0.1110251371738325,0.10497380983162315,0.052823314536704594
2701,47175,TN,0,no residential sales in 2024,,,,,,,,,,,,,,,,,,,,,,,,,
2702,08025,CO,0,no residential sales in 2024,,,,,,,,,,,,,,,,,,,,,,,,,
2703,33011,NH,3,skipped (fewer than 100 sales),,,,,,,,,,,,,,,,,,,,,,,,,
2704,20163,,0,no residential sales in 2024,,,,,,,,,,,,,,,,,,,,,,,,,
2705,39115,OH,213,ok,acceptable (VEI significance <= 10),0.7218791946308725,49.961068503582695,1.2798968925997527,-0.06503062106688969,-28.09171446576291,0.6520548093953911,0.3042048148738795,0.6834568193333274,-0.31650551705661717,-1.1125268234270352e-06,-0.15275186849404698,-0.18509016409713008,,,,,,,,,,,,
2706,39013,OH,840,ok,acceptable (confidence intervals overlap),0.6073153539518326,38.37882973962862,1.1729300011076444,-0.020607047429059066,12.939228185195722,0.8052176626673107,0.31840629377613444,0.7668954744004867,-0.23308949251583858,-3.9621065829744634e-07,-0.08749712524918385,-0.10777518585981927,,,,0.2466451860705034,,,,,,0.20355324053431761,,
2707,08097,CO,582,ok,UNACCEPTABLE progressivity,0.8005938854116514,30.28403903813231,1.040992414382107,0.03640958397203202,32.84182768175464,0.9631420483611574,0.6567087625421263,0.9961456579390334,-0.0038532261600762404,-2.5374099371559384e-09,-0.022699306440653322,-0.04590241793198313,,,0.17442539530413356,,,,,0.15394836862557126,0.15387637332663298,0.16872704798936403,,
2708,34031,NJ,3847,ok,UNACCEPTABLE progressivity,0.4259375,29.84316852547123,1.0475499949626046,0.0752971394610768,23.58893032141952,0.7266740379837943,0.371455039513065,0.6999207047975444,-0.300076260516185,-8.5661969187696e-08,-0.059585997011674996,-0.060316132565750635,,,0.2043704069591584,,,,,,,0.10029365228433611,0.2307581979671123,0.23221097846966776
2709,21037,KY,1673,ok,acceptable (confidence intervals overlap),0.797037037037037,22.873068806846305,1.0321311196244194,-0.0053115877103194495,-17.04840491884042,0.940165175080835,0.7177820117567058,0.8803070768488741,-0.1196917924219022,-1.8312883388286358e-07,-0.018870813063196934,-0.017857165357155314,,0.24253672310963925,0.1723489165400817,0.08741183994380013,0.24125264437583877,0.15438409321625074,,0.20380800468284685,0.2038070981173138,0.15871293740293652,0.1544954800677504,0.1566471266417938
2710,31033,NE,118,ok,acceptable (VEI within +/-10),0.7238979353979353,24.582743243520124,1.062146998926026,-0.021104453128134196,-9.570172277970457,0.9370673088089843,0.608687023972475,0.9210516030048009,-0.07893664925886998,-1.866153424480158e-07,-0.02740111599749251,-0.028095057960107583,,,0.2122163871814145,0.15017485477968226,0.2275122598304393,0.19222756688698248,,,,0.15064809496697154,0.21678838426216163,0.19958021260008532
2711,45001,,0,no residential sales in 2024,,,,,,,,,,,,,,,,,,,,,,,,,
2712,51023,VA,415,ok,acceptable (VEI within +/-10),0.8794117647058823,16.183442913630245,1.0176603793444894,0.003332243894271497,3.1840683944030777,0.9649069531125196,0.8117724516877554,0.9785848754580027,-0.021412489525781665,-1.2417904278814045e-07,-0.011041202865663235,-0.012520187324986498,,0.1933250463779697,0.13184182296362276,,,0.10091197328825001,0.24287995488530223,0.09512600108285071,0.09511865630728891,0.11079160220833163,0.10702514206105805,0.11932376282180002
2713,38075,ND,26,skipped (fewer than 100 sales),,,,,,,,,,,,,,,,,,,,,,,,,
2714,48077,TX,91,skipped (fewer than 100 sales),,,,,,,,,,,,,,,,,,,,,,,,,
2715,27099,MN,574,ok,acceptable (VEI within +/-10),0.908938550539699,16.886280506473902,1.0004127186286116,0.018695355314260167,7.582629826456753,1.007246689081876,0.9432834770713597,0.9868428973709819,-0.013155329295969315,-7.730263317409927e-10,0.0029073440550906327,0.007134877267355844,,0.20019359345849685,0.08349589627823129,,,0.04538464013326777,0.18340440887796464,0.08274069449418921,0.08273406773383672,0.06119303466759313,0.04611876209664601,
2716,23007,ME,7,skipped (fewer than 100 sales),,,,,,,,,,,,,,,,,,,,,,,,,
2717,13247,GA,1122,ok,acceptable (VEI within +/-10),0.9597253731819596,17.793954831726438,1.0126624788282157,0.036815433315919355,8.746711826345281,0.9637492586481674,0.8824284275143258,0.9223330088069698,-0.077667124210658,-1.6706425250156927e-07,-0.008291783039973355,-0.008225825499510453,,0.19703932561478094,0.0961675780066299,,,0.08118848178363129,0.1587267888904198,0.13586163219158887,0.1358617231230434,0.106783146419143,0.08524741530843132,0.07108168180501905
2718,18085,IN,1311,ok,acceptable (VEI significance <= 10),0.8424242424242424,21.226847447017505,1.0262669659783046,0.024690638416599214,20.80847410989155,0.9466270957877889,0.71885468485901,0.9953288485056978,-0.004667458300808243,-6.737377875815927e-08,-0.02073980252051233,-0.024962592363784175,,0.23314188704961658,0.1475533477477696,,,0.1650928394500094,,0.0516503231004475,0.05161718163775121,0.1118859161460933,0.15943224620668853,0.18529471626418748
2719,47107,TN,0,no residential sales in 2024,,,,,,,,,,,,,,,,,,,,,,,,,
2720,39133,OH,1633,ok,acceptable (VEI within +/-10),0.8736842105263158,13.423951821758514,1.0170258086629749,-0.021744090298864115,-6.579257552609056,0.9584247132929572,0.8715563169340761,0.9286322480625461,-0.07136733513262368,-1.224963854951746e-07,-0.012512945564361555,-0.010310466706797472,,0.16079145213870372,0.12769733958218635,0.13916350698986954,0.15626413876414058,0.12161381529054437,0.22787736386955793,0.15067460719519096,0.15067422679746548,0.1250741093166191,0.12103109734770046,0.11283575572258792
2721,48419,TX,40,skipped (fewer than 100 sales),,,,,,,,,,,,,,,,,,,,,,,,,
2722,41059,OR,637,ok,acceptable (VEI within +/-10),0.9085142857142857,18.35716095394449,1.028977321066474,0.009613301164443673,1.5208217214419275,0.9319308267473166,0.5986406893524197,0.889696370723586,-0.11030305515126432,-1.821203288292214e-07,-0.016420601330364493,-0.02047875011772926,,0.19949757438454915,0.16757334666927565,,,0.13073114826121054,,0.17133814784327506,0.1713379768618953,0.13164779936768375,0.11538553375948686,0.1270079669112739
2723,36089,NY,1339,ok,UNACCEPTABLE regressivity,0.9110224215246637,51.12662158033825,1.3214165055358629,-0.23974782866624303,-66.25296805859715,0.6275063326114091,0.4867666729856478,0.5778655381190131,-0.4221354742453222,-2.2099661615982153e-06,-0.155395159405616,-0.16416751006628938,,,,,,,,,,,,
2724,53003,,0,no residential sales in 2024,,,,,,,,,,,,,,,,,,,,,,,,,
2725,29153,MO,0,no residential sales in 2024,,,,,,,,,,,,,,,,,,,,,,,,,
2726,48219,TX,202,ok,acceptable (VEI significance <= 10),0.7983381915719638,30.049213447212683,1.5669808964241516,-0.0005601520514480703,24.248101051462672,0.5240889727489462,0.0010688385109972134,0.713590553954871,-0.2862927798943988,-4.802496856848399e-08,-0.26124069118127524,-0.36576793887757697,,,,0.00983305840583823,,,,,,0.04603504287553671,,
2727,18081,IN,2233,ok,acceptable (VEI within +/-10),0.8022219618599971,17.924785328474954,1.0455946864185333,0.013017500027645165,6.938869177387711,0.862435962592457,0.5728220570098491,0.8911951253304384,-0.10880404622989143,-1.3074796861833628e-08,-0.04241023463670901,-0.046265620271025654,,0.20487141329395647,0.23128269390922837,,,0.21082071839136293,,0.16121793548498076,0.16121744705004895,0.11611133035429459,0.20487927925442115,0.20573351530378975
2728,05047,AR,0,no residential sales in 2024,,,,,,,,,,,,,,,,,,,,,,,,,
2729,05053,AR,308,ok,acceptable (confidence intervals overlap),0.7664417989417989,51.5757046402189,2.288517428947351,-0.17021243529507968,-43.808383915040466,0.3859369059962497,0.009668420643883409,0.23411326020315598,-0.7658802718941541,-3.7164693116637925e-07,-0.3827240014659159,-0.5342120126266743,,,,,,,,,,0.24165453068742232,,
2730,42015,PA,0,no residential sales in 2024,,,,,,,,,,,,,,,,,,,,,,,,,
2731,41027,OR,178,ok,acceptable (VEI within +/-10),0.9666325555555555,14.710291277719438,1.016283846176626,0.001722723618992689,-2.974778191332468,0.895565878307698,0.8822688686972832,0.871995603844962,-0.12800440765288104,-1.1837697319199954e-07,-0.022760950854593176,-0.02043305880761137,,0.17080122309896653,0.12126708763823746,0.01426121633672843,0.11720970920235463,0.13083141486008745,0.13053347611467164,0.13316396530822158,0.13316401883623757,0.1364103833093987,0.12380263026190738,0.11486413864125598
2732,25011,MA,299,ok,acceptable (VEI within +/-10),0.9297087378640777,0.3312130127703442,1.0002562283688663,-0.0010331312540249426,-0.08623390372483793,0.9984562276125678,0.9279714813764218,0.9984641378861853,-0.0015355977250741863,-3.5143453065166762e-09,-0.000352839131921856,-0.00034372880571420517,,0.004287661703321497,0.009333031946054731,0.03438965706502378,0.020395203591659878,0.007096212905737674,0.11751500388373279,0.012272074430592769,0.012270785747981315,0.008073849503235359,0.007093271660669726,0.0065132051445359355
2733,51115,VA,184,ok,acceptable (confidence intervals overlap),0.7971333333333332,24.70136899516937,1.0394414203402587,-0.001159422539201922,-15.920980981442742,0.9500878730754309,0.7455966916559276,0.9313252968516433,-0.06867129793496088,-1.4900081443816616e-07,-0.018814110586490518,-0.015608562766897816,,,0.181559677850872,0.028945685286845886,,0.16766060789334286,,0.1927499370147857,0.19274427644979877,0.1560274741336958,0.15367389897317044,0.13273851396858216
2734,26073,MI,0,no residential sales in 2024,,,,,,,,,,,,,,,,,,,,,,,,,
2735,24011,MD,455,ok,acceptable (VEI within +/-10),0.808269423141047,22.795187591425595,1.095119891379361,-0.06594890970469153,-3.638614583225318,0.7251323433100821,0.44118500500771257,0.7928191959045228,-0.20717879231263714,-2.5720381056111354e-07,-0.08502283796897614,-0.09492871255298208,,0.24465995396437715,0.2440054560858398,0.23133112741981277,0.10894734956213917,,,,,0.14742405921404533,,
2736,48001,TX,251,ok,acceptable (VEI within +/-10),0.8572051282051282,22.0681755425437,1.0178797780675521,0.043071305731421684,5.061725898503679,0.9382758381778421,0.7771057444147368,0.9917498175502135,-0.008240231364272356,-1.553417192409657e-07,-0.020195579047776357,-0.02209249162396909,,0.2360657811305058,0.12000954313340796,,,0.17807428831847325,,0.04750807111977696,0.04748042308823853,0.12991255434348267,0.17299628490432856,0.1747283145463802
2737,55075,WI,0,no residential sales in 2024,,,,,,,,,,,,,,,,,,,,,,,,,
2738,27085,MN,450,ok,acceptable (VEI within +/-10),0.8713351920693928,13.042503447576635,1.0017850977177492,0.03737727080370164,7.541526510324244,0.9908702256915753,0.8697798091271522,1.0041821893624607,0.004184079095729006,-3.061175106993828e-08,-0.00206532531788306,-0.0014284709243841398,,0.15040928935449596,0.04983862379458452,,,0.04441257060542315,0.16608848144526833,,,0.04354438727280907,0.04380396477349923,0.03339355219301405
2739,45061,SC,36,skipped (fewer than 100 sales),,,,,,,,,,,,,,,,,,,,,,,,,
2740,35015,NM,313,ok,UNACCEPTABLE progressivity,0.6540513047324192,32.348773694295254,1.1553327342090276,0.10468706744935048,45.55899533162808,0.8015299854359264,0.30155049281893026,0.7927483702478407,-0.20726365837774746,-3.851999652492082e-08,-0.08616219345103082,-0.11252227340799736,,,,,,,,,,0.1530437141849793,,
2741,16079,ID,203,ok,acceptable (confidence intervals overlap),0.8737712490160233,36.32976612351136,1.0857384444627471,0.04545119242333799,13.083565105318687,0.7082786521106447,0.5141330339354289,0.5300270126600928,-0.46997685689236796,-8.843856898864943e-07,-0.07674953146820584,-0.08564916093187214,,,0.24532547446764813,,,,,,,,,
2742,38033,ND,15,skipped (fewer than 100 sales),,,,,,,,,,,,,,,,,,,,,,,,,
2743,26089,MI,272,ok,acceptable (VEI within +/-10),0.8138461538461539,20.555421873218005,1.03212953507761,-0.004649510115852989,-0.8921029623819459,0.963091741933917,0.6878258038554064,0.9344776992736875,-0.06552163508014863,-2.9766143460594086e-08,-0.015167727768945483,-0.01616428913633783,,0.22163089447688597,0.16554244273418128,0.061218936694561917,0.07197953294041799,0.1546239739600714,,0.18887498422887905,0.18887360245923482,0.10026692449649852,0.1349976149038223,0.1310326010013883
2744,01115,AL,1691,ok,UNACCEPTABLE regressivity,0.8468571428571429,26.28956056188122,1.132919631811413,-0.050686850581756114,-31.138087023658077,0.7551721675512684,0.2993300322969908,0.7878029954265205,-0.2121940875796538,-3.790803226689085e-07,-0.08952701305051458,-0.11388669700643606,,,,0.24312886190658942,,,,,,0.17581466022665035,,
2745,25023,MA,0,no residential sales in 2024,,,,,,,,,,,,,,,,,,,,,,,,,
2746,13265,GA,15,skipped (fewer than 100 sales),,,,,,,,,,,,,,,,,,,,,,,,,
2747,31097,NE,34,skipped (fewer than 100 sales),,,,,,,,,,,,,,,,,,,,,,,,,
2748,19101,IA,0,no residential sales in 2024,,,,,,,,,,,,,,,,,,,,,,,,,
2749,47133,TN,0,no residential sales in 2024,,,,,,,,,,,,,,,,,,,,,,,,,
2750,13147,GA,398,ok,acceptable (confidence intervals overlap),0.7821183467081558,31.232717054046574,1.0937090918009302,0.02143674653414779,16.369867372490447,0.8611390366736336,0.4095163907084439,0.939037863454436,-0.060958517811662706,-1.6652956906949926e-07,-0.05958393253906591,-0.0927918949913693,,,,,,,,0.20862764854259103,0.20862159581139958,0.15033991067154082,,
2751,08115,CO,31,skipped (fewer than 100 sales),,,,,,,,,,,,,,,,,,,,,,,,,
2752,48367,,0,no residential sales in 2024,,,,,,,,,,,,,,,,,,,,,,,,,
2753,16045,ID,223,ok,acceptable (confidence intervals overlap),0.8098081746085541,35.24287571177242,1.092244217683963,0.09418354047455,18.48976847132556,0.5450045747251695,0.4256678379108216,0.4648877093832739,-0.5351123106880736,-4.969869764532445e-07,-0.1159361937242327,-0.11018062605600254,,,,,,,,,,0.23653133297396986,,
2754,49027,UT,81,skipped (fewer than 100 sales),,,,,,,,,,,,,,,,,,,,,,,,,
2755,39069,OH,0,no residential sales in 2024,,,,,,,,,,,,,,,,,,,,,,,,,
2756,18145,IN,532,ok,acceptable (confidence intervals overlap),0.6539942626601347,28.711093616392603,1.0819853968132833,0.050479407388888065,25.003259600798234,0.8213296380497525,0.2719925071046892,0.8087930042201129,-0.19120288802625168,-2.654675227502583e-07,-0.058487366284277975,-0.0784103261977196,,0.2450510895015698,0.24084890915330195,,,0.24785964461448518,,0.24741462742397172,0.24741328335021567,0.14869068287493795,0.24511147725322213,
2757,01127,AL,792,ok,acceptable (confidence intervals overlap),0.8263355607729818,32.07414873949181,1.1211732162462291,0.01445367314031504,24.284860068182113,0.8425576664774925,0.3888191901631265,0.8302945572491259,-0.16969918902551331,-3.0501523904504e-07,-0.06899324777899651,-0.09477142999669974,,,,,,,,,,0.2217299742762338,,
2758,55089,WI,1645,ok,acceptable (VEI within +/-10),0.9658097686375321,13.333249492769516,1.0067380346799724,0.01265043489007819,2.322486106770858,0.9788121256192125,0.9482490382596916,0.9649203324098622,-0.035079584513356646,-3.434986157644659e-08,-0.006036349382292139,-0.004431793468314682,,0.16026678333524824,0.0908589751153061,,,0.08397395727561606,0.1150705426904013,0.09658865077795994,0.0965886080108507,0.09085060704911953,0.07216933990056218,0.0778580041799566
2759,29113,,0,no residential sales in 2024,,,,,,,,,,,,,,,,,,,,,,,,,
2760,40007,OK,34,skipped (fewer than 100 sales),,,,,,,,,,,,,,,,,,,,,,,,,
2761,26035,MI,761,ok,acceptable (VEI significance <= 10),0.7888571428571428,34.19399026716125,1.1280272107091949,-0.08177630683733556,-20.743208982252813,0.8491727759952389,0.6423184737342926,0.8002464393029746,-0.19974972747961323,-1.04426436124973e-06,-0.060962082773245996,-0.06407862515743856,,,,,,,,,,,,
2762,29007,MO,0,no residential sales in 2024,,,,,,,,,,,,,,,,,,,,,,,,,
2763,42101,PA,17819,ok,UNACCEPTABLE regressivity,0.9693251533742331,23.476390326636537,1.0953999914180064,-0.07119284458327958,-27.101631788518628,0.8723794210188274,0.7601360232694389,0.8259279500730557,-0.17407242593931335,-2.142950924257128e-08,-0.0537329460035616,-0.05529575763064121,,0.2472428084024533,,0.23879547387364838,,,,,,0.21616318770832607,,
2764,54065,WV,273,ok,acceptable (confidence intervals overlap),0.5911111111111111,32.16542296702698,1.0547786560065007,0.024133021592905146,13.353804247428249,0.8876794443627566,0.5022253999424054,0.8088750773240355,-0.19112132976677368,-4.1997657736530144e-07,-0.03232700794530974,-0.0305547226843339,,,0.211432458913522,,,0.21095699475459384,,,,0.16801427849174516,0.18377518227552006,0.163347887911922
2765,06099,CA,0,no residential sales in 2024,,,,,,,,,,,,,,,,,,,,,,,,,
2766,22001,LA,459,ok,acceptable (confidence intervals overlap),0.8694117647058823,28.593194289667878,1.1598747803970473,-0.06227350472234835,-11.767461226189226,0.8216437596814714,0.3420442708190687,0.8332494289040886,-0.1667488830097426,-4.118461887072452e-07,-0.07745884662825331,-0.09872652383958336,,,,,,,,,,0.20931741943066487,,
2767,37167,NC,1107,ok,UNACCEPTABLE progressivity,0.48213333333333336,38.44111104621701,1.0320488274158361,0.12032637568020195,41.66419748209017,0.9247866864882168,0.41890961294861256,0.8325868011128684,-0.16740572402030757,-1.049756099488182e-07,-0.022326486272824297,-0.023651757448314825,,,0.1508044582530376,,,0.22590956617911115,,,,0.09215845607506544,0.1662863459276859,0.1556269596205064
2768,26099,MI,8010,ok,acceptable (VEI within +/-10),0.8629586405344991,11.329898944439144,0.999867372623971,0.023728274084871732,7.50414203703869,1.0104638741023806,0.8612687600548837,1.0014674158734995,0.0014681103621429312,1.3848973280029944e-09,0.0028535402263767384,0.0029243626356024732,,0.13585514057218095,,,,,0.19762457774091263,,,,,
2769,25021,MA,4160,ok,acceptable (VEI within +/-10),0.9278208378404457,0.2373818845342041,0.9999921071914799,-8.566314250383639e-05,-0.019404044960742998,1.0000499446447177,0.9277998699731965,0.9998628460158872,-0.00013705577421204866,1.293514302772448e-11,1.709666212379446e-05,4.473142528926832e-05,,0.0029585391407553363,,0.002683224657645506,0.0032070308782119706,,0.18398186810579628,0.0022393428829298014,0.002237735771469117,,,
2770,48467,TX,509,ok,acceptable (VEI significance <= 10),0.8357793522267206,35.820128100176206,1.0590647481899542,0.10203633661230231,43.74453623257306,0.8625499464002294,0.549746196077686,0.8212795334745866,-0.17871526028075962,-2.765077835193442e-07,-0.04339294069297717,-0.04701286320261144,,,0.20750270782856212,,,,,,,0.18751353868852766,0.24578883160123782,0.20897185986125968
2771,05119,,0,no residential sales in 2024,,,,,,,,,,,,,,,,,,,,,,,,,
2772,28059,MS,1101,ok,acceptable (VEI significance <= 10),0.45880334296730757,25.834441569230368,1.0000849565674106,0.08781384351172765,26.69689081841825,1.0143820139575133,0.5472499940480544,0.9692451188161101,-0.030749589566591837,-1.6376705022995519e-10,0.0045483096333513995,0.007541912184501731,,,0.0019382290676626833,,,,,0.10110071840392773,0.10108531092344285,0.000657151226098972,,
2773,06111,CA,0,no residential sales in 2024,,,,,,,,,,,,,,,,,,,,,,,,,
2774,33013,NH,0,no residential sales in 2024,,,,,,,,,,,,,,,,,,,,,,,,,
2775,54081,WV,963,ok,acceptable (confidence intervals overlap),0.5264788732394367,48.137818971985844,1.1082049948436221,0.01711484234949574,20.615563298490123,0.9365467740615959,0.38994255666929273,0.8429466934269203,-0.15701504487396134,-1.630325893391808e-07,-0.028164681150213644,-0.028456369886298294,,,0.23004650675520108,0.16535320800094558,,,,,,0.18544800810777895,0.20255267957894482,0.22213145301232437
2776,39131,OH,0,no residential sales in 2024,,,,,,,,,,,,,,,,,,,,,,,,,
2777,12093,FL,643,ok,acceptable (confidence intervals overlap),0.7496444444444444,19.538640704265553,1.0471939973473985,-0.0240593592481155,-12.48159127289974,0.9191101735597401,0.5952596415157022,0.9050981938478773,-0.09489991600598803,-1.4306409607519328e-07,-0.028596571457733644,-0.031479559450970473,,0.2228665567340501,0.20251017526706797,0.18328114074149648,0.1736978707015946,0.19533244696363464,,0.19112751499847802,0.19112581777273702,0.13334953352051418,0.19375464425267877,0.2021347454258717
2778,55051,WI,61,skipped (fewer than 100 sales),,,,,,,,,,,,,,,,,,,,,,,,,
2779,01007,AL,210,ok,UNACCEPTABLE regressivity,0.8069292434715822,67.55205229081702,2.142681207405777,-0.26089302484621124,-71.02383189663938,0.4739608306728452,0.02778730851805068,0.5204605565242074,-0.4795336085184532,-1.804174047886861e-07,-0.32821610853806304,-0.4199848095813503,,,,,,,,,,0.09488495779218242,,
2780,54041,WV,193,ok,UNACCEPTABLE regressivity,0.8691666666666666,108.98482094399886,1.9323389851801118,-0.4597744255318949,-100.69745922907777,0.5645536440402794,0.4067124913116504,0.4062548758354428,-0.5937504707370438,-6.809021064845727e-06,-0.22150262509547813,-0.23619848171280577,,,,,,,,,,,,
2781,55101,WI,2780,ok,acceptable (VEI within +/-10),0.942242860642106,15.795580581771148,1.0204733992591726,-0.0011557954214637854,-2.0695489810717147,0.9467855872052434,0.8367242779654203,0.9437625996116685,-0.05623653000609011,-1.6367745983887873e-07,-0.016106062151345357,-0.017749999906242264,,0.18461729397415647,0.1406941544494926,0.03132845975634478,0.07176525726322062,0.13388533306386965,0.22211335262854248,0.1387517584687194,0.1387508354725538,0.13138991439734818,0.13168142422300375,0.13597674295966852
2782,51011,VA,145,ok,acceptable (VEI within +/-10),0.543,16.83791639264887,1.0240745872270296,-0.02723257868193786,3.880272459546205,0.9571699621316483,0.5073512877465928,0.9075442112443329,-0.09245145934541525,-1.509958234794236e-07,-0.011904133532389505,-0.01084662007863435,,0.18850518083562098,0.15830534315405675,0.12971851104579107,,0.10929785682537037,,0.1853086183077835,0.1853127038142086,0.1174485293665255,0.10348192602674106,0.09221702226482612
2783,26011,MI,283,ok,acceptable (confidence intervals overlap),0.8328888888888889,41.88307441773377,1.150744035331262,-0.06660321796508632,-29.074001956103608,0.9140230678720573,0.7091364909428518,0.869076667346802,-0.13091866478281408,-7.905197373480613e-07,-0.040739387165606766,-0.04576102595728937,,,,,,0.2447849254349146,,,,,0.24375918526372473,0.20955166148798482
2784,18073,IN,342,ok,acceptable (VEI within +/-10),0.7719136428026588,22.211945318749326,1.070101534216309,-0.07779970154137572,-6.634608034586008,0.7506329595786202,0.42370055355991415,0.7491975211790488,-0.25080117108263505,-5.071934545099492e-07,-0.06613070291455903,-0.07155713268150654,,0.2464737035889695,0.23160443328848965,0.20285271115698142,0.15394672542966883,0.2384283301106764,,0.23849539881602272,0.23849400914734323,0.1586431330449201,0.2264169167713447,0.24780847443273185
2785,48423,TX,2778,ok,UNACCEPTABLE progressivity,0.8267309720926537,37.421727813685756,1.5741620197770811,0.037758435458855724,36.11828480057363,0.5261596370903268,0.16004820266376715,0.6568374199471638,-0.34313380195891646,-3.785492068722823e-08,-0.271628856777163,-0.3440197303729018,,,,,,,,,,0.20158098067615143,,
2786,22089,LA,417,ok,acceptable (VEI within +/-10),0.8602352941176471,11.691474283802599,1.0050503738925773,0.02305527980894727,7.522454964706832,0.9766693013152594,0.7891270339516417,1.0069187396872354,0.006920763249792201,-5.783532153958591e-08,-0.006286862452061115,-0.008972122278016803,,0.14020977314110208,0.07333495405829993,,,0.08620665998453635,0.2101266346375947,,,0.05464334983067935,0.08452616197051305,0.09039794349508597
2787,36065,NY,1572,ok,UNACCEPTABLE regressivity,0.7829328320802005,27.97053198773737,1.0842995350711466,-0.09239328612041811,-28.248529674218883,0.7975406183943303,0.60176901678006,0.7500507047502826,-0.2499479244577875,-7.363060743822027e-07,-0.06318178936301067,-0.058163381534702685,,,,0.24623894230566074,,,,,,0.21113672384173324,,0.23902091713077042
2788,42107,PA,0,no residential sales in 2024,,,,,,,,,,,,,,,,,,,,,,,,,
2789,39055,OH,0,no residential sales in 2024,,,,,,,,,,,,,,,,,,,,,,,,,
2790,30021,MT,0,no residential sales in 2024,,,,,,,,,,,,,,,,,,,,,,,,,
2791,56015,WY,93,skipped (fewer than 100 sales),,,,,,,,,,,,,,,,,,,,,,,,,
2792,05139,AR,474,ok,UNACCEPTABLE regressivity,0.8707230612427604,77.76694104032315,1.697250647201008,-0.34298848922594105,-47.77107959891281,0.6695145892707121,0.22654731714566267,0.5474942122891291,-0.45251454361975174,-1.814076671343478e-06,-0.17180088523613168,-0.2090136428364111,,,,,,,,,,,,
2793,49047,UT,264,ok,acceptable (VEI within +/-10),0.47107203569342915,21.677794116734276,1.0380490985856297,0.010181926414572622,2.343037727094728,0.7416403849710843,0.31267932260762454,0.7182115083556662,-0.28178531851732086,-2.8346051531503097e-07,-0.052930701731526364,-0.05447972832651149,,0.23282795323269953,0.1808413845994435,,,0.20944879677330536,,0.21901817449452338,0.21901760315487415,0.11577014802229602,0.18788140769270142,0.19016668059029054
2794,36031,NY,555,ok,acceptable (VEI significance <= 10),0.905,26.118133836636137,1.106750200450565,-0.047244692931627454,-27.73593206466134,0.9092049864545798,0.6662527044297079,0.8874342648397129,-0.11256562471748018,-1.0178173874340596e-07,-0.04463931019883538,-0.055172497675359145,,0.23920485499617303,0.24189375590505272,,,,,,,0.2285330295134101,,
2795,48361,TX,771,ok,UNACCEPTABLE progressivity,0.8766622622993888,28.8474804376193,1.056201572831105,0.06514787037995848,34.9795832776026,0.8942749592652929,0.2947371266618957,1.0042233013976867,0.004230378386826232,-8.762178786771773e-08,-0.037305317354001666,-0.05323302052794232,,,0.22139897513518217,,,0.226248152602817,,,,0.10467973303504065,0.22012810694407578,0.23792631634914496
2796,19159,IA,0,no residential sales in 2024,,,,,,,,,,,,,,,,,,,,,,,,,
2797,26117,MI,924,ok,acceptable (VEI significance <= 10),0.8243962848297213,29.238365619029242,1.0915225909246724,-0.0409193724109034,-17.273686300918648,0.815506090059415,0.22602874976307405,0.7750878554934,-0.2249102980251508,-3.6705118257589044e-07,-0.057415013042368956,-0.06343645088409389,,,,0.19042427610433962,0.24423130101284926,,,,,0.16461645331020539,0.24067807797079557,0.23803242452650133
2798,19003,IA,0,no residential sales in 2024,,,,,,,,,,,,,,,,,,,,,,,,,
2799,51181,VA,73,skipped (fewer than 100 sales),,,,,,,,,,,,,,,,,,,,,,,,,
2800,29185,MO,0,no residential sales in 2024,,,,,,,,,,,,,,,,,,,,,,,,,
2801,21239,KY,432,ok,acceptable (VEI significance <= 10),0.7640404040404041,31.98454445324803,1.6066837712812725,-0.1181770461029634,-35.95587871035405,0.5469615700833146,0.13410719451713227,0.5659720142192447,-0.4340237660653054,-8.914178599045225e-08,-0.2650650617918211,-0.3298304894318145,,,,,,,,,,0.17088091943816036,,
2802,54091,WV,74,skipped (fewer than 100 sales),,,,,,,,,,,,,,,,,,,,,,,,,
2803,48469,TX,682,ok,acceptable (VEI within +/-10),0.8854905768454839,17.704298178596403,1.0331449096784402,-0.0018040882538480714,-2.939562644397163,0.8699288170967318,0.6907566562363211,0.8947210726893645,-0.10527768458956276,-3.1691964724665017e-07,-0.03607302564584858,-0.04065980108860723,,0.1973348942120763,0.17612153053858792,0.037034562806761116,0.07841257078532074,0.18667596501508152,,0.17373384033110845,0.17373317522700799,0.15108086938296628,0.1987153415712839,0.18700377296762538
2804,29189,,0,no residential sales in 2024,,,,,,,,,,,,,,,,,,,,,,,,,
2805,32007,NV,921,ok,UNACCEPTABLE progressivity,0.5780758620689656,36.29373741975963,1.0143521442184023,0.07499715822196894,35.13117263415518,1.0436336027636886,0.5977118338967166,0.9516408279588482,-0.04834021437882739,-6.921464518441633e-09,0.01492167844180714,0.015307658037922223,,,0.1292630576352362,,,,,0.21909065805755484,0.2190659181846143,0.0623662374215532,,
2806,12013,FL,103,ok,acceptable (confidence intervals overlap),0.7205889724310777,41.36471996855916,1.0838335061581708,-0.00877380411494523,13.375529141053578,0.9513677026123958,0.7053006077928251,0.8669455951521126,-0.13304985351045986,-7.015194253952605e-07,-0.019462619868672926,-0.009399131341238265,,,0.2251355037495508,0.10969165297909124,,0.21514147093335043,,,,0.2342557621592713,0.20515901468156522,0.09704071882280224
2807,34003,NJ,7985,ok,acceptable (VEI within +/-10),0.6535897435897436,21.276897850951677,1.0291688218000083,0.02003739581154451,-1.0506422579220087,0.906996800616343,0.6581392736665801,0.8830886924985041,-0.11691037050838361,-1.2175997094257228e-08,-0.028959248982354913,-0.027935771779990626,,0.23449068753221813,0.1593058013286703,,0.07686617002348839,0.17318372926402414,,0.18386592496062087,0.1838652208433639,0.11121102649716762,0.16752587216434384,0.167361814685172
2808,28047,MS,1772,ok,UNACCEPTABLE progressivity,0.5176197036387149,34.14602499513395,1.2848143411018302,0.07192508365823616,28.27512160922021,0.6063979109773633,0.1737618230202897,0.5023804490890537,-0.49761662087527836,-5.2008017680042705e-08,-0.17554638693279623,-0.206612792358557,,,,,,,,,,0.167330321141121,,
2809,35049,NM,505,ok,acceptable (confidence intervals overlap),0.7994855559952513,20.50251606223911,1.0273199873289165,0.04847251733146071,16.912285797672673,0.9439020804270948,0.6610845554864687,0.9497323463469004,-0.05026719157275299,-1.2995432484948771e-08,-0.018882945395833017,-0.02196175572280379,,0.22802612475938322,0.15569713213927958,,,0.13989693885179072,,0.128396916645249,0.12839664126911252,0.11346511082568568,0.1317046663372472,0.163735491167284
2810,27133,MN,141,ok,acceptable (confidence intervals overlap),0.8864150943396226,23.141297631785136,1.0879834748688926,0.021466824229536535,10.658075490732688,0.8103379724428367,0.3911865757351166,0.9640368501535482,-0.03592289992622958,-4.1559337365151375e-07,-0.07331372851449514,-0.10081594329932986,,,,,,,,0.15100112362059914,0.15044870256032308,0.19470702800984424,,
2811,12027,FL,237,ok,acceptable (VEI within +/-10),0.8168098471986418,21.468595809684246,1.042706497691675,-0.013908771639988396,7.080107899881184,0.9286846141922017,0.655197366965589,0.9172041705140163,-0.08279370431455586,-1.8495513453569007e-07,-0.0249409909689009,-0.025907382430619297,,0.22325317022034716,0.20228919913107024,0.13061596685353152,,0.18593608487108726,,0.2031093708709573,0.203107297069327,0.15621586908289167,0.179702368115044,0.17641336431620258
2812,51820,VA,406,ok,acceptable (VEI within +/-10),0.8131011731881903,12.476453133866963,1.0175572810802322,-0.014441231767813095,4.338458488830464,0.9461829058215334,0.6043095409786455,0.9141255296782607,-0.08587367480523624,-1.7097591929780308e-07,-0.011605856566144546,-0.012765390376191954,,0.15000849218703496,0.1212857275845794,0.07822242318821027,,0.0839673997398424,,0.13286714515683054,0.13286681501772504,0.08146866761387093,0.08174766929051624,0.08422709531121056
2813,08039,CO,608,ok,UNACCEPTABLE progressivity,0.7607073787996175,27.82857307827486,1.0207941129971145,0.2140211572292862,64.59575856727626,0.9601384801761005,0.16654331717192786,1.1471612332275432,0.14716836740027767,-2.649112269749801e-08,-0.01043034474264215,-0.027380813309649144,,,0.13824117730521374,,,0.10768769790318551,,,,0.06659654589411004,0.08843774638764346,0.14582506774242043
2814,31163,,0,no residential sales in 2024,,,,,,,,,,,,,,,,,,,,,,,,,
2815,31185,NE,193,ok,acceptable (confidence intervals overlap),0.6574815789473685,28.494907466467794,1.1288545348470818,-0.05179946562848202,11.126599618700691,0.846230650027367,0.26250810053974544,0.8065264862286702,-0.1934715828078853,-2.6652732908802307e-07,-0.061953838473923106,-0.09137463702282722,,,,0.2256322349759744,,,,,,0.18023528120652554,,
2816,18071,IN,478,ok,acceptable (VEI within +/-10),0.6625194417296636,28.732769003218504,1.1577905321038295,-0.03259854510887369,4.5779173513154685,0.694268964029386,0.26657689692715436,0.726388252913334,-0.2736083805162162,-5.985248364907293e-08,-0.10910094491497846,-0.12439091952235248,,,,0.1379230739117432,,,,,,0.11518830323615077,,
2817,54053,WV,142,ok,UNACCEPTABLE regressivity,0.6816230366492146,46.46202707893879,1.2977407014186106,-0.2483357358983749,-66.28761434660507,0.7281572344053358,0.4571850240034799,0.626946845834546,-0.37305326351202445,-1.6770021634259114e-06,-0.11966869740126507,-0.12291250148563293,,,,,,,,,,,,
2818,39033,OH,713,ok,acceptable (confidence intervals overlap),0.7814444444444445,45.824042371621346,1.1910303729550291,-0.08120204503370186,-13.876245704110138,0.7168087110229914,0.5922022852916388,0.7079368335749797,-0.2920498069268683,-1.2259374046325023e-06,-0.1056033528920608,-0.1034183940812301,,,,,,,,,,,,
2819,53001,,0,no residential sales in 2024,,,,,,,,,,,,,,,,,,,,,,,,,
2820,28043,,0,no residential sales in 2024,,,,,,,,,,,,,,,,,,,,,,,,,
2821,19049,,0,no residential sales in 2024,,,,,,,,,,,,,,,,,,,,,,,,,
2822,55019,WI,500,ok,acceptable (VEI significance <= 10),0.8113078703703704,30.999180571471356,1.1690988577511878,-0.07655447108100201,-20.036002095326385,0.6835630823758321,0.3791463739710773,0.7103097208722221,-0.2896837155161317,-7.718944878996269e-07,-0.12113368808079517,-0.1417615717711349,,,,,,,,,,0.23165172421082722,,
2823,37099,NC,0,no residential sales in 2024,,,,,,,,,,,,,,,,,,,,,,,,,
2824,17001,IL,924,ok,acceptable (VEI within +/-10),0.885417857142857,14.66089759757412,1.0218672485565017,-0.004215205768885049,-5.74363527949357,0.954463516968694,0.7888843958955692,0.9625578688327245,-0.03743870109201832,-1.9876197384194365e-07,-0.01615247047458901,-0.016717551635276662,,0.17475622463717383,0.1430227448123853,0.0740661704148731,0.1798369305869825,0.1326589551026792,,0.13993140380902191,0.13991940246336748,0.1139265889067905,0.1320816582332404,0.14102073176120478
2825,21117,KY,2380,ok,acceptable (VEI within +/-10),0.7823086240310078,23.373242207572886,1.029215013471133,0.02238938103612652,7.830172569392038,0.9347725733065206,0.6498615251491283,0.9125798530547632,-0.08741720505190596,-1.694768471122612e-07,-0.02011678066395839,-0.01928995244235754,,,0.15988520692013267,,,0.15582916732618582,,0.18698218731519536,0.18698036432121803,0.12408058279384189,0.15221452330018942,0.14431066247408011
2826,48121,,0,no residential sales in 2024,,,,,,,,,,,,,,,,,,,,,,,,,
2827,22107,,0,no residential sales in 2024,,,,,,,,,,,,,,,,,,,,,,,,,
2828,39173,,0,no residential sales in 2024,,,,,,,,,,,,,,,,,,,,,,,,,
2829,19039,IA,0,no residential sales in 2024,,,,,,,,,,,,,,,,,,,,,,,,,
2830,20103,,0,no residential sales in 2024,,,,,,,,,,,,,,,,,,,,,,,,,
2831,05057,AR,2,skipped (fewer than 100 sales),,,,,,,,,,,,,,,,,,,,,,,,,
2832,27143,MN,193,ok,acceptable (VEI within +/-10),0.8791946308724832,33.04552650433469,1.0403828034120546,0.030132396497222342,0.5091564847289975,0.9207506107565342,1.0129165142794618,0.8506306346227105,-0.14936782160978512,-1.8777444707080828e-07,-0.029130884205649688,-0.010160574229216568,,,0.1926965573016182,,0.03541094823771127,0.1680930735993057,0.11781377687425937,,,,0.18715700183754985,0.10698370202355649
2833,47059,TN,1081,ok,acceptable (confidence intervals overlap),0.7680451127819549,29.936315864913116,1.420037327291289,-0.0185237998333067,10.000239538628641,0.6163178480159125,0.004544098770068328,0.8351547552097065,-0.1648425571399043,-1.041570246115717e-08,-0.1971304413734971,-0.2795530034998108,,,,0.18855391373391767,,,,,,0.0313527280465252,,
2834,31019,NE,705,ok,acceptable (VEI within +/-10),0.8190787401574803,15.461469089411661,1.0018941688552672,0.004395139191173692,-1.6257581430668224,0.9893035375576796,1.0328350155097024,0.9513737491426083,-0.04862404368188839,-7.936338522739252e-10,-0.0042239966865196266,0.0024439628087365994,,0.17692645845153873,0.03560944623268776,,0.13163956476096503,0.09348752515072775,0.04460215245275321,0.15399843905171134,0.1539906779710874,0.04662575369895836,0.09273520301997036,0.04931866651385584
2835,45019,SC,0,no residential sales in 2024,,,,,,,,,,,,,,,,,,,,,,,,,
2836,06029,CA,0,no residential sales in 2024,,,,,,,,,,,,,,,,,,,,,,,,,
2837,38101,ND,1003,ok,acceptable (VEI within +/-10),0.8678571428571429,12.64723057393325,1.0109443949480237,-0.0019634512464897706,-5.422415879932226,0.976939009472141,0.8473814124814002,0.9592217211913109,-0.040777537739956356,-5.517955369535975e-09,-0.008596536503536978,-0.0064811535830948674,,0.15680703034692675,0.15833248762055183,0.03408370548188724,0.19385543142597134,0.08465932260505236,0.19279683189586805,0.11809794307293149,0.11809716999075974,0.07242888953417016,0.08334142931619974,0.08483697497356506
2838,38099,ND,139,ok,acceptable (confidence intervals overlap),0.7932773109243697,47.53365135167556,1.3832353472081078,-0.21114808500561186,-26.7491732120711,0.6615144553070323,0.1478415815325021,0.6366502459021235,-0.36334831603405626,-1.008649736750763e-06,-0.15054608912755696,-0.18794739363337043,,,,,,,,,,0.23382018056867948,,
2839,41039,,0,no residential sales in 2024,,,,,,,,,,,,,,,,,,,,,,,,,
2840,13255,GA,1228,ok,acceptable (confidence intervals overlap),0.8336653153153153,27.508119478307016,1.1997228223430885,0.022568958286752337,13.078706392822612,0.73434139646238,0.11809466079054158,0.8400537768089926,-0.15994471533007812,-2.6304797530970965e-08,-0.11255412789262587,-0.16096394411774462,,,,,,,,,,0.09350097486629708,,
2841,48245,,0,no residential sales in 2024,,,,,,,,,,,,,,,,,,,,,,,,,
2842,51520,VA,314,ok,acceptable (VEI within +/-10),0.5361716364581304,24.52775995967701,1.0432311402175853,-0.028944971404726065,4.512276805038721,0.9339592358944171,0.4828489469227394,0.8485853377970553,-0.15140859311526367,-3.653326430697697e-07,-0.019523847298229313,-0.01682890434469453,,,0.1943432901886879,0.12326616583817002,,0.12861975186572747,,0.22677165190629323,0.22676479078121436,0.14756840798516613,0.1414056456163063,0.1275895971846516
2843,17149,IL,289,ok,UNACCEPTABLE regressivity,0.830620895522388,46.27504159577462,2.0273051445295054,-0.14875402203349486,-49.815958903749724,0.4781655250272567,0.03700432762585535,0.5677645236381309,-0.432225873867701,-2.5134962657691584e-07,-0.33525905609762785,-0.4553906776468839,,,,,,,,,,0.10958777007845966,,
2844,48323,TX,252,ok,acceptable (confidence intervals overlap),0.8582353630774602,24.21106647067258,1.0399332923343965,0.06019621944253133,15.723372190709537,0.794263657779949,0.4303682669509035,0.8430431754609486,-0.15695367904296093,-4.6480408899965726e-07,-0.04626773795051298,-0.051062229775813206,,,0.1966338157424842,,,0.222851675491635,,0.2151901646983426,0.21518803554938318,0.1771171876638096,0.19730625062779175,0.19466513036621974
2845,53033,WA,19847,ok,acceptable (VEI within +/-10),0.8917674067185866,9.373935107639793,1.0228569383353532,-0.02453221777490964,-6.070831869807132,0.9520057780852136,0.7900255922624669,0.9456117321287331,-0.05438813989556781,-2.3001999771431e-09,-0.018557652205364095,-0.018280271735264808,,0.1142855372913507,0.14239001224878914,0.15422539566924542,0.15310544011300029,0.1397832927242195,,0.13758980066087204,0.13758958701458276,0.11633043072798066,0.1402541407822657,0.1646880876635058
2846,12043,FL,258,ok,acceptable (VEI within +/-10),0.7206136707784151,34.87519644797579,1.0874475266654724,0.0058395665816214784,5.072921525099586,0.8550979627752332,0.6803531824001534,0.6796369699393775,-0.3203621624850194,-2.705330528974469e-07,-0.054997538333857454,-0.0431238568806116,,,0.24089918099597268,,,,,,,0.23057381456638534,,0.17454287779787236
2847,40031,OK,1830,ok,acceptable (VEI within +/-10),0.9055101416171768,21.226002799047055,1.037356558138497,-0.020092562423463443,-8.643486523413536,0.9700128073210967,0.9095758473321072,0.9228668286957566,-0.07712946154752132,-1.1044370374772907e-07,-0.0118962753140055,-0.008102083523561232,,0.23223234442830767,0.19740502612587915,0.1923039227151854,0.21829738369559104,0.12796822731996116,0.17701940165034094,0.20455480609158985,0.204551960752845,0.18134364588348412,0.12288088309584488,0.10727078399128637
2848,01067,AL,279,ok,UNACCEPTABLE regressivity,0.891527868852459,39.42488176262126,4.076533582248418,-0.1428898730059066,-52.528375435239134,0.38980142330867107,0.0002726119280631812,0.5935088452743912,-0.40648845678028994,-7.591611857673171e-09,-0.5034385558681029,-0.7347625949224315,,,,,,,,,,0.01844691539657453,,
2849,47045,TN,0,no residential sales in 2024,,,,,,,,,,,,,,,,,,,,,,,,,
2850,37195,NC,1017,ok,acceptable (VEI within +/-10),0.8901044546850998,29.945711598829675,1.1198004060691276,-0.03009041157986786,-9.49412031977686,0.8072358880009558,0.4194486164195737,0.7234318176431731,-0.2765680750551831,-1.7121426833902087e-07,-0.06873017401370807,-0.07856357322931862,,,,0.24834521499774842,0.2379487563540944,,,,,0.17473245065108103,,
2851,17085,IL,363,ok,acceptable (VEI within +/-10),0.8674444444444445,19.881216402320547,1.0204449765570975,0.014902213595166493,7.964658862958791,0.9549587787262164,0.8044353417315692,0.951758382866814,-0.04824051846064079,-1.487395933537589e-07,-0.015065492252621437,-0.018459569253320485,,0.23649183323372197,0.14415143132356772,,,0.13754610489412072,,0.14203373096818067,0.1420309347151439,0.12057036082473764,0.13307876009002573,0.13972855418393273
