order,fips,state,n_sales,status,VEI_outcome,median_ratio_real,COD_real,PRD_real,PRB_real,VEI_real,MKI_real,paglin72_real,cheng74_real,LC_real,IAAO78_real,gini_diff_real,suits_real,median_ratio_implied_noise,COD_implied_noise,PRD_implied_noise,PRB_implied_noise,VEI_implied_noise,MKI_implied_noise,paglin72_implied_noise,cheng74_implied_noise,LC_implied_noise,IAAO78_implied_noise,gini_diff_implied_noise,suits_implied_noise
1,20121,,0,no residential sales in 2016,,,,,,,,,,,,,,,,,,,,,,,,,
2,02170,,0,no residential sales in 2016,,,,,,,,,,,,,,,,,,,,,,,,,
3,19099,,0,no residential sales in 2016,,,,,,,,,,,,,,,,,,,,,,,,,
4,17105,IL,0,no residential sales in 2016,,,,,,,,,,,,,,,,,,,,,,,,,
5,26067,MI,461,ok,acceptable (VEI within +/-10),0.8830266666666666,19.991440318977535,1.0350505955986675,-0.049821445440148514,-2.7644634501932077,0.8903414459844626,0.8460646868207116,0.8356626793153864,-0.1643377789089162,-8.182831350899445e-07,-0.030220061643481788,-0.025568549602477564,,0.228521475665498,0.15883891474828277,0.16200043532921732,0.11261229828174157,0.1572980736667401,0.24319168467032695,0.19160073473654227,0.19160001656464967,0.16620322299906376,0.153972266852589,0.16057207877232926
6,01111,AL,270,ok,acceptable (VEI significance <= 10),0.9721436904877969,31.231339676260777,1.1330012223601642,-0.05200175197419709,-14.304053683907968,0.878087579197646,0.7376734061266507,0.8608094525337642,-0.13918952225665673,-9.055941166102926e-07,-0.05795737963863279,-0.0734859595073658,,,,,0.2482096268373877,,,,,,,
7,48457,TX,140,ok,acceptable (confidence intervals overlap),0.7481600646336022,29.143387378920337,1.0231488548635406,0.06036981406307004,13.484816950037766,0.9184027180523645,0.7247021557900345,0.9986429086747991,-0.0013373101532447378,-3.283146552871881e-07,-0.026538628940960374,-0.028083881682745115,,,0.15014909773745663,,,0.1809132633864223,,0.03545858249840506,0.03515195972642143,0.1435523897714493,0.1583963540432793,0.1384414061051528
8,55057,WI,317,ok,acceptable (VEI within +/-10),0.924,21.43733719315629,1.0511402164930743,-0.02494513884876513,-5.521456539714965,0.9252550506109534,0.8000874935669589,0.9061500904254817,-0.09384828331344984,-5.768650595782824e-07,-0.029291665416566914,-0.031659979687576056,,0.23905671575194115,0.19112110341772537,0.20438445313909603,0.10145581249909702,0.18705152919931264,,0.21596817644873365,0.21596173342928285,0.1923199025464502,0.18597380362635973,0.18501096697142397
9,01133,AL,412,ok,acceptable (VEI within +/-10),1.0,27.16382803087198,1.0934012433447418,-0.01633527473030807,-3.9156118143459873,0.9260964161364755,0.8965603354250286,0.9368001225584481,-0.0631952936787617,-5.901894962748807e-07,-0.03781082035146577,-0.04186724389449448,0.0,,,0.17710157967684456,0.1690552098859499,,0.21178823071906586,,,,,0.2147147296324731
10,51109,,0,no residential sales in 2016,,,,,,,,,,,,,,,,,,,,,,,,,
11,37145,,0,no residential sales in 2016,,,,,,,,,,,,,,,,,,,,,,,,,
12,51173,VA,251,ok,acceptable (confidence intervals overlap),0.904,32.329312936422866,1.0948533634720703,-0.053976114428181836,-16.98366574208603,0.898774608652861,0.8036250505398325,0.8562158960672579,-0.14378362285902038,-1.4396213587561428e-06,-0.04084202344563992,-0.04008404278826583,,,,,,0.24676868411445074,,,,,0.2494879937252664,0.2274846982548555
13,04007,,0,no residential sales in 2016,,,,,,,,,,,,,,,,,,,,,,,,,
14,40109,OK,8031,ok,acceptable (VEI within +/-10),0.9321415094339622,12.106742956061444,1.0011149757590336,0.024020167450850654,7.3480068164971035,1.0012472115504996,0.8947736289990298,1.0005053733189135,0.0005064003400569516,-9.136849532010986e-09,0.0004225884814321734,-0.0011290800836945003,,0.1437415106585432,0.02938315769589046,,,,0.20923518621980006,,,0.026440502352867122,,0.04859903649910131
15,48471,TX,523,ok,UNACCEPTABLE progressivity,0.7696465696465696,37.63100474843323,1.4621821520258775,0.08557655204527904,59.101136933147,0.5407799228807156,0.003475597682394163,0.775348339057265,-0.22463835918581662,-2.3057004176212493e-08,-0.2372390686524497,-0.32633106949578217,,,,,,,,,,0.05233099310009102,,
16,27153,MN,329,ok,acceptable (VEI within +/-10),0.9127272727272727,26.051782247108147,1.044444210874323,0.030097836548266053,0.08606744804809772,0.8996288053329483,0.7606711858472526,1.0099265597046543,0.009945935403053531,-6.274941604906712e-07,-0.03813616494633343,-0.04626019442824125,,0.24781894164741125,0.1776371246958576,,0.01863375392277469,0.22555491709226363,,,,0.1621556875712713,0.2213298869169229,0.21118422140411608
17,40003,OK,76,skipped (fewer than 100 sales),,,,,,,,,,,,,,,,,,,,,,,,,
18,31125,NE,0,no residential sales in 2016,,,,,,,,,,,,,,,,,,,,,,,,,
19,47049,TN,0,no residential sales in 2016,,,,,,,,,,,,,,,,,,,,,,,,,
20,48189,TX,207,ok,acceptable (VEI within +/-10),0.8735191956124314,18.3071855867444,1.0231075169126727,-0.008892283660477097,4.302805826302866,0.9547653236176006,0.8220594933184924,0.9436899165956802,-0.056313038434769626,-4.4092157386035465e-07,-0.014803494906377779,-0.01855772952489887,,0.20261414925752635,0.1498912002941316,0.1949794009719053,0.12547651301820575,0.11140160960648517,0.24643886217868288,0.1708981583910776,0.17094863634173538,0.11445883142084544,0.10740542246832199,0.10523411548615506
21,02180,AK,0,no residential sales in 2016,,,,,,,,,,,,,,,,,,,,,,,,,
22,08093,CO,872,ok,acceptable (VEI significance <= 10),0.7979468363215731,19.117623585907573,1.0413462099579243,-0.01185162037535805,-12.246321310114794,0.8993572439683772,0.5727416473726981,0.9527957533551429,-0.04719946272833801,-2.177102803436305e-07,-0.032685554598159694,-0.03926335326585728,,0.21199176236060496,0.19373831197950342,0.16610296410671285,0.21712507115089322,0.19567904525076218,,0.19174152779924478,0.19174906605377032,0.12368309474710217,0.19192349642492973,0.1997390945044422
23,05101,AR,67,skipped (fewer than 100 sales),,,,,,,,,,,,,,,,,,,,,,,,,
24,13061,GA,44,skipped (fewer than 100 sales),,,,,,,,,,,,,,,,,,,,,,,,,
25,56023,WY,226,ok,acceptable (VEI significance <= 10),0.7501809677839928,28.578354800004075,1.0450946062990512,0.02482269398570794,19.21605512667954,0.9191979090173588,0.6199596025701928,0.921014686744701,-0.07898373483011809,-1.4775055961941944e-07,-0.027516614415135976,-0.03555446221775882,,,0.17985480432589876,,,0.1678712370225812,,0.23268810335392082,0.23268675202970543,0.16169500278412485,0.1964360473092989,0.16179991710170027
26,27147,MN,664,ok,acceptable (VEI within +/-10),0.8794739582906208,13.149160317660083,1.0153803920504334,-0.011759189068775305,0.6276779098445503,0.9651034863617466,0.8299239422092465,0.9477568263254262,-0.05224211247540434,-2.2892883413307822e-07,-0.009618911171391797,-0.009399552167409064,,0.16068064034423515,0.11140577327285493,0.09433125838622196,0.029001146407223923,0.09665604581941446,0.24084778546970298,0.1303078024430933,0.1303065823946566,0.10156538979165791,0.0985821166976796,0.08136181477874806
27,48399,TX,28,skipped (fewer than 100 sales),,,,,,,,,,,,,,,,,,,,,,,,,
28,30097,MT,0,no residential sales in 2016,,,,,,,,,,,,,,,,,,,,,,,,,
29,24023,MD,267,ok,acceptable (VEI within +/-10),0.9586206896551724,5.539332901515367,1.012302088659787,-0.009989486512741915,-1.0952575222936374,0.9803973093362628,0.9221010140174729,0.9810850235873472,-0.01891476741605121,-5.0756118510255525e-08,-0.007974377200448357,-0.009999504647985491,,0.0652940937663655,0.09735643018237372,0.1417864634191895,0.0930860787926321,0.09659906573217895,0.15126280893792865,0.10384052114469285,0.10383926310900334,0.11839814376591955,0.09667272169693389,0.09819923529373782
30,55015,WI,716,ok,acceptable (VEI within +/-10),0.9464121608527132,10.397769313840339,1.0083975545985044,0.0036931068083277236,-4.6841479640483525,0.9624666807916135,0.9038771558657088,0.9838748517338658,-0.016123312852894808,-1.7150583484225714e-07,-0.01027030803695217,-0.01009498109155782,,0.12919200882048568,0.0912805497529113,,0.1278798946890875,0.09884056691525615,0.14339702500945192,0.07236755564273052,0.07236560806235838,0.08710474730600408,0.09822942129958584,0.09206066543778081
31,37151,NC,0,no residential sales in 2016,,,,,,,,,,,,,,,,,,,,,,,,,
32,06085,CA,0,no residential sales in 2016,,,,,,,,,,,,,,,,,,,,,,,,,
33,21059,,0,no residential sales in 2016,,,,,,,,,,,,,,,,,,,,,,,,,
34,13123,GA,873,ok,acceptable (VEI within +/-10),0.8855583126550869,21.29630198104062,1.0263839630612916,-0.0005399274997865737,6.083893486346691,0.9590219338398083,0.8207858048749449,0.980938215281744,-0.01905817628813853,-2.3208585759686445e-07,-0.016413889118577663,-0.02120478996060582,,0.23034441994588856,0.17472775077215097,0.053201663811101745,,0.16090549962742934,,0.14347278829258112,0.14346636418978204,0.1564781979864727,0.1570610395311939,0.1666479641282338
35,51117,VA,244,ok,acceptable (VEI within +/-10),0.9913648146905987,17.845979682338434,0.9957517479884258,0.036634027407832746,3.4520311509040984,0.998235514592076,0.979932179529141,1.0439104857916437,0.043918616252100084,3.903590336087201e-08,-0.0007312625901021441,-0.0028885645284471018,0.11523311663456323,0.21425555746931524,,,,0.02388830555743419,0.09980154625711016,,,,0.023761893730081245,0.059312150568476774
36,45059,,0,no residential sales in 2016,,,,,,,,,,,,,,,,,,,,,,,,,
37,38011,ND,26,skipped (fewer than 100 sales),,,,,,,,,,,,,,,,,,,,,,,,,
38,13127,GA,1822,ok,acceptable (VEI within +/-10),0.8687135278514588,18.685713860414793,1.0312247505718066,0.009521225422484689,8.03556734965415,0.9711499816179157,0.7525421060617318,0.9943258243600203,-0.005670861795362311,-2.7136889493037816e-08,-0.01526308856561287,-0.023565436084952207,,0.20535728956016122,0.16377311924270738,,,0.17247390712102165,,0.0838535901021089,0.0838883295545666,0.14272333107806473,0.1719579252872857,0.2019589479499288
39,45013,SC,0,no residential sales in 2016,,,,,,,,,,,,,,,,,,,,,,,,,
40,17089,IL,7475,ok,UNACCEPTABLE progressivity,0.9067365853658537,14.7696767312285,0.9992646290700197,0.04671775329533417,17.724624583236533,1.0135752957316353,0.8978192771624068,0.9995437070810451,-0.00045555140983043055,9.522708844003418e-09,0.003658930326826182,0.0037176040726238924,,0.17372397840091106,,,,,0.17800893305002816,0.011223061290567526,0.011217740756886124,,,
41,18183,IN,608,ok,acceptable (VEI within +/-10),0.9061659663865547,15.780316545449988,1.0574018254824118,-0.015418833146209402,-0.7799947311902891,0.853322143083319,0.4722230519054988,0.9289670586339615,-0.07102485423470911,-2.731881084185181e-07,-0.04854426870621964,-0.058208372302759326,,0.18346034995433821,0.21483037943356756,0.154819862461679,0.04866109546094723,0.21328362524118177,,0.16287043575738264,0.16284956241605633,0.12265247383300612,0.21523786504644202,0.23233803089612304
42,32001,NV,0,no residential sales in 2016,,,,,,,,,,,,,,,,,,,,,,,,,
43,54079,WV,587,ok,acceptable (VEI within +/-10),0.8760416666666667,16.079531694655508,1.0465450629276987,0.017971608155125638,5.74187355844305,0.921357877094059,0.47944559888534505,0.9897302150841548,-0.010266361964715988,-5.719400543917284e-08,-0.028262764763348658,-0.039700406708859104,,0.18611825101022003,0.18946799427854252,,,0.20926884965739556,,0.08426381781799282,0.0842487788835684,0.09779212510804094,0.2096122144199634,0.1998831228416291
44,48183,TX,1197,ok,acceptable (VEI significance <= 10),0.9042127811495895,17.37389006776904,1.0159586365314939,0.03283264896858807,12.40316581440714,0.9410232152265097,0.7355411960550992,0.9844444894461556,-0.015552530582409492,-1.6341947894893215e-07,-0.017731330683160795,-0.020905342188830778,,0.19451527793406886,0.11235747689001796,,,0.1433009948476953,,0.08450006783625755,0.08449263745186478,0.10077511289039756,0.13816024873682473,0.14696264055452118
45,37181,NC,395,ok,acceptable (VEI within +/-10),0.9932777777777778,35.31688764007706,1.1645418880502003,-0.05594885739402983,-3.8612801240633945,0.8651766548623231,0.6641978040607143,0.8299834015337184,-0.17001379704339278,-1.2274325515196576e-06,-0.06487698689572596,-0.07575777066431977,0.08856458560929915,,,,0.24597739746256314,,,,,,,
46,39077,OH,0,no residential sales in 2016,,,,,,,,,,,,,,,,,,,,,,,,,
47,40015,,0,no residential sales in 2016,,,,,,,,,,,,,,,,,,,,,,,,,
48,26145,MI,0,no residential sales in 2016,,,,,,,,,,,,,,,,,,,,,,,,,
49,39143,OH,0,no residential sales in 2016,,,,,,,,,,,,,,,,,,,,,,,,,
50,46013,,0,no residential sales in 2016,,,,,,,,,,,,,,,,,,,,,,,,,
51,41063,OR,69,skipped (fewer than 100 sales),,,,,,,,,,,,,,,,,,,,,,,,,
52,42075,PA,0,no residential sales in 2016,,,,,,,,,,,,,,,,,,,,,,,,,
53,20053,,0,no residential sales in 2016,,,,,,,,,,,,,,,,,,,,,,,,,
54,29159,MO,414,ok,acceptable (confidence intervals overlap),0.7084515218217007,26.995414891460026,1.0928861377198906,-0.003849421144248387,10.134164171313502,0.792444350244452,0.340782091386029,0.8022771838511443,-0.19769054839438618,-4.4463395111084243e-07,-0.06991073756353727,-0.08379238950588386,,,,0.10484186781699228,,,,,,0.14331044072174645,,
55,28163,MS,81,skipped (fewer than 100 sales),,,,,,,,,,,,,,,,,,,,,,,,,
56,19015,IA,0,no residential sales in 2016,,,,,,,,,,,,,,,,,,,,,,,,,
57,40147,OK,836,ok,acceptable (VEI significance <= 10),0.8984098578586768,22.40814392344601,0.9941092445407188,0.055316996685375826,14.121014790944992,1.0314457883956436,0.9014651431742756,1.0208229737196792,0.0208396350037516,8.307660803419867e-08,0.010875588606814146,0.012476221103846497,,0.24509616600918013,,,,,0.2172626365298928,,,,,
58,29213,MO,742,ok,acceptable (VEI significance <= 10),0.7015688846745864,32.53876682693818,1.0854437665656291,0.059888941171581306,30.229899880315184,0.8204529826635707,0.2737880823625725,0.8516966673637933,-0.148233964635846,-3.9593922408660735e-07,-0.0631407812126481,-0.07570508200171577,,,,,,,,,,0.1575099474458934,,
59,19091,,0,no residential sales in 2016,,,,,,,,,,,,,,,,,,,,,,,,,
60,29123,,0,no residential sales in 2016,,,,,,,,,,,,,,,,,,,,,,,,,
61,21083,KY,0,no residential sales in 2016,,,,,,,,,,,,,,,,,,,,,,,,,
62,21017,KY,0,no residential sales in 2016,,,,,,,,,,,,,,,,,,,,,,,,,
63,13169,GA,360,ok,UNACCEPTABLE regressivity,1.050721875,31.608611907574826,1.1236786589423176,-0.10888161994443851,-35.321989168671294,0.8171339928147372,1.0570770998482584,0.74743967374425,-0.2525625756841231,-1.7172742255040217e-06,-0.06785487274142943,-0.06853542299838233,,,,,,,0.04898852603522871,,,,,
64,21205,KY,233,ok,acceptable (VEI within +/-10),0.9232954545454546,19.20194735877198,0.9994745328827598,0.02276111721039099,-3.699984121875335,1.0197104037793587,0.9246665917054071,1.0066865757413463,0.006689519609803869,9.321086544841032e-09,0.007132173307203837,0.011506845996523185,,0.21498623447847962,0.022551643786230167,,0.19944995667195708,,0.23632802980503492,,,0.02144401843859687,,
65,34011,NJ,0,no residential sales in 2016,,,,,,,,,,,,,,,,,,,,,,,,,
66,18175,IN,359,ok,UNACCEPTABLE regressivity,0.8081967213114755,31.397773768419178,1.1337413457330308,-0.10742607142940434,-29.00987726186692,0.7217507386055494,0.5258208776916143,0.7249037990532721,-0.27509182927987036,-1.851306534107471e-06,-0.09634667850803602,-0.1032866599373019,,,,,,,,,,0.2257264223308547,,
67,18173,IN,834,ok,acceptable (VEI within +/-10),0.8352974828375286,15.525367485503223,1.0305445517040241,-0.019332686556719943,-7.939869313857348,0.9225659624850694,0.6997171790161993,0.9147679663482767,-0.08523073969403393,-2.752925661782031e-07,-0.024446768923860995,-0.02597715223195185,,0.19025477494274562,0.16636849995336,0.135367017076292,0.2449059879211962,0.15172939921101047,,0.16903663290806753,0.16903517911807572,0.13057283541717488,0.15651474020018286,0.15585529030980907
68,06059,CA,0,no residential sales in 2016,,,,,,,,,,,,,,,,,,,,,,,,,
69,22081,,0,no residential sales in 2016,,,,,,,,,,,,,,,,,,,,,,,,,
70,51630,,0,no residential sales in 2016,,,,,,,,,,,,,,,,,,,,,,,,,
71,20209,KS,1374,ok,acceptable (VEI within +/-10),0.8788600153115024,21.004201339957426,1.0680117506339506,-0.02928727588665421,4.970294677630223,0.8356109474271397,0.7296990311370045,0.8276536730792956,-0.17234049569457033,-4.33044111816377e-07,-0.056962842138485126,-0.06537986120090622,,0.22917762726156518,0.2247291760589725,0.1831090734443344,,,,,,0.1968379871478228,0.24646996676137042,
72,22109,,0,no residential sales in 2016,,,,,,,,,,,,,,,,,,,,,,,,,
73,08005,CO,0,no residential sales in 2016,,,,,,,,,,,,,,,,,,,,,,,,,
74,42031,,0,no residential sales in 2016,,,,,,,,,,,,,,,,,,,,,,,,,
75,16041,ID,0,no residential sales in 2016,,,,,,,,,,,,,,,,,,,,,,,,,
76,46067,SD,0,no residential sales in 2016,,,,,,,,,,,,,,,,,,,,,,,,,
77,51047,VA,823,ok,acceptable (VEI within +/-10),0.947352380952381,7.546326607116814,1.0049417063302384,0.004696837105035867,-0.49437613278316145,0.9678431815650316,0.8717773839261148,0.9867053517914952,-0.013291617871932839,-1.003215000186108e-07,-0.006818563922192267,-0.007862010058243385,,0.09267019325639564,0.07349742712697827,,0.018920592165872847,0.06884611718400122,0.1425892049290927,0.06887312793272682,0.06885173493052792,0.06595361124058521,0.06838453411101156,0.07039229062578581
78,51043,VA,0,no residential sales in 2016,,,,,,,,,,,,,,,,,,,,,,,,,
79,13167,GA,69,skipped (fewer than 100 sales),,,,,,,,,,,,,,,,,,,,,,,,,
80,26123,,0,no residential sales in 2016,,,,,,,,,,,,,,,,,,,,,,,,,
81,48503,TX,131,ok,acceptable (VEI within +/-10),0.8144292893036612,33.63848388472021,1.1618872385990298,-0.027726333770492013,-2.969519056036546,0.761150201107209,0.3290820831785211,0.6890598713516125,-0.31094106974874464,-1.049703706812155e-06,-0.09918150999480968,-0.12781953361915965,,,,0.18769769777067924,0.1696665012499923,,,,,0.2314196089542006,,
82,19061,,0,no residential sales in 2016,,,,,,,,,,,,,,,,,,,,,,,,,
83,29175,,0,no residential sales in 2016,,,,,,,,,,,,,,,,,,,,,,,,,
84,46005,SD,0,no residential sales in 2016,,,,,,,,,,,,,,,,,,,,,,,,,
85,54009,,0,no residential sales in 2016,,,,,,,,,,,,,,,,,,,,,,,,,
86,13307,GA,17,skipped (fewer than 100 sales),,,,,,,,,,,,,,,,,,,,,,,,,
87,48211,TX,31,skipped (fewer than 100 sales),,,,,,,,,,,,,,,,,,,,,,,,,
88,42049,PA,0,no residential sales in 2016,,,,,,,,,,,,,,,,,,,,,,,,,
89,38019,ND,31,skipped (fewer than 100 sales),,,,,,,,,,,,,,,,,,,,,,,,,
90,47123,TN,0,no residential sales in 2016,,,,,,,,,,,,,,,,,,,,,,,,,
91,13271,GA,89,skipped (fewer than 100 sales),,,,,,,,,,,,,,,,,,,,,,,,,
92,08121,CO,45,skipped (fewer than 100 sales),,,,,,,,,,,,,,,,,,,,,,,,,
93,13293,GA,400,ok,UNACCEPTABLE regressivity,0.9292948872180451,46.18888974351061,1.326448883038358,-0.16340571216013253,-53.45334678823513,0.6988330597650573,0.38434356301728306,0.639405221048579,-0.36059472032539613,-2.3698435105980097e-06,-0.14438679325508796,-0.17174311874873438,,,,,,,,,,,,
94,19167,,0,no residential sales in 2016,,,,,,,,,,,,,,,,,,,,,,,,,
95,13097,GA,2219,ok,acceptable (VEI within +/-10),0.8955555555555555,16.733916218569703,1.0070113954115543,0.0268253534247959,1.877394135469897,0.9950984087500336,0.8852567890882866,0.980722086941067,-0.019274367109743996,-1.406505968920034e-07,-0.0013751313809464705,0.0006751194597238719,,0.18832416799429885,0.08195823237982479,,,0.047640281576973614,0.179740002256799,0.08397255720441738,0.08396915164965726,0.08034563623415664,0.04612146453132491,
96,37173,NC,181,ok,UNACCEPTABLE regressivity,0.9375,30.491981114314026,1.155845568982531,-0.08328055360539503,-35.75597678916827,0.801926748959377,0.6029620153901155,0.7510878269972585,-0.24891027837781213,-1.0116926684693046e-06,-0.08385279066692819,-0.0967196482223609,,,,,,,,,,,,
97,36113,NY,987,ok,acceptable (VEI significance <= 10),0.984,17.881078730813677,1.0540373694201564,-0.04899970619872049,-17.89233801428922,0.9322136674531956,0.8762903097991829,0.9017060751090199,-0.09829417378168502,-1.5768829708630672e-07,-0.028578798575291664,-0.02744830353814809,0.21381166818742067,0.20720739809358743,0.2126139050167493,0.20914338672619268,,0.21129037860781555,0.22210290260148038,0.2320831811682512,0.23208385155642378,0.21801582428767413,0.21150805073436738,0.2296173333216081
98,55035,WI,0,no residential sales in 2016,,,,,,,,,,,,,,,,,,,,,,,,,
99,27049,MN,568,ok,acceptable (VEI within +/-10),0.8779953917050691,10.70259677821836,0.9992624294914368,0.02400970423780147,6.314098360828085,1.0166661335749378,0.9133624352223954,0.9930639693912543,-0.006935179785479351,1.3096506756270638e-08,0.003981507127489348,0.004958617294308354,,0.1260639547067026,,,,,0.16509016052976688,0.0361881147903616,0.03618470896092609,,,
100,48223,TX,299,ok,acceptable (VEI within +/-10),0.7692118226600986,25.86676071578996,1.1214753361817404,-0.029582796112976883,2.2691856121250806,0.7628045605961106,0.24253427145952508,0.7744954654986171,-0.22549860790536744,-5.184588927107869e-07,-0.08732912578244734,-0.11015366575282215,,,,0.15993568094462657,0.0669816223716767,,,,,0.14649372666193894,,
101,26129,,0,no residential sales in 2016,,,,,,,,,,,,,,,,,,,,,,,,,
102,44005,RI,0,no residential sales in 2016,,,,,,,,,,,,,,,,,,,,,,,,,
103,21075,KY,0,no residential sales in 2016,,,,,,,,,,,,,,,,,,,,,,,,,
104,47127,TN,0,no residential sales in 2016,,,,,,,,,,,,,,,,,,,,,,,,,
105,55099,WI,194,ok,acceptable (VEI within +/-10),1.0089067713444555,21.237854875331575,1.0697253753136577,-0.02144590146986705,-5.603499997700921,0.8890325316349966,0.7415961055193737,0.9191389804293519,-0.08085783697658311,-9.030038033411035e-07,-0.04542435986400761,-0.05216606806242097,0.13194460464167215,0.22854855220720227,0.24273429809185373,0.1855139375991394,0.18429475517997923,0.24476625129689608,,0.22640444753945296,0.22639512247957483,0.20848511252965823,0.22699322556527077,0.22002586311292074
106,31181,NE,0,no residential sales in 2016,,,,,,,,,,,,,,,,,,,,,,,,,
107,19153,IA,0,no residential sales in 2016,,,,,,,,,,,,,,,,,,,,,,,,,
108,29015,MO,0,no residential sales in 2016,,,,,,,,,,,,,,,,,,,,,,,,,
109,05035,AR,429,ok,UNACCEPTABLE regressivity,0.9740540540540541,34.202060935220004,1.2166782522791726,-0.16938363642542936,-41.72960982288141,0.7030726057333753,0.3073183570239474,0.6414714925126188,-0.3585312700754426,-1.8254851081790063e-06,-0.11147642011975556,-0.12476188262372556,,,,,,,,,,,,
110,06063,CA,0,no residential sales in 2016,,,,,,,,,,,,,,,,,,,,,,,,,
111,42097,PA,0,no residential sales in 2016,,,,,,,,,,,,,,,,,,,,,,,,,
112,02220,AK,0,no residential sales in 2016,,,,,,,,,,,,,,,,,,,,,,,,,
113,21213,KY,227,ok,acceptable (VEI within +/-10),1.0,0.0,1.0,-0.0,0.0,1.0,0.9999999999999996,1.0,-0.0,4.674032888438551e-21,0.0,0.0,0.0,0.0,0.0,0.0,0.0,0.0,0.0,0.0,0.0,0.0,0.0,0.0
114,17125,IL,0,no residential sales in 2016,,,,,,,,,,,,,,,,,,,,,,,,,
115,45047,SC,703,ok,acceptable (VEI within +/-10),0.9565217391304348,15.060618772522234,1.0238689279710342,0.0021411107499363594,0.6969696969697015,0.9697889046864907,0.8029679622584363,0.9916353514304198,-0.008362819603331796,-1.2410281383169513e-07,-0.013097606076343693,-0.019381024937857205,,0.17591298198506547,0.12462052524027872,,0.06113648257863447,0.1349644581672033,,0.086876300970774,0.08686519921053884,0.10817631599489991,0.1364690577153568,0.11821369374402572
116,48409,TX,720,ok,acceptable (confidence intervals overlap),0.8937909921352507,18.72423942972615,1.0160917130449343,0.043584123446405006,11.21917717394173,0.9151817134533958,0.774363764061191,0.9790818666070852,-0.02091392210015827,-2.7053154619691713e-07,-0.022691618543607905,-0.024972433750762413,,0.22168369327842546,0.11824467395351021,,,0.1504574018966147,,0.09024798442256737,0.09023820417176105,0.1142428798730557,0.14323383098263814,0.1438206003429917
117,13183,GA,237,ok,acceptable (VEI within +/-10),0.9829351351351351,20.554696501293506,1.0189885295877428,0.03212499135396314,8.191797163244818,0.9161438842485528,0.8738195394094075,0.9986094804041512,-0.0013750426647018467,-5.289574374905912e-07,-0.02418772288052118,-0.029164528945115675,0.15651004991011602,0.21154647480340177,0.12851877255682803,,,0.15040173597499645,0.1905750072429364,0.05003221761783901,0.05036173965586507,0.14563091370572775,0.12407452631886176,0.1154143132709406
118,37081,NC,0,no residential sales in 2016,,,,,,,,,,,,,,,,,,,,,,,,,
119,23021,ME,0,no residential sales in 2016,,,,,,,,,,,,,,,,,,,,,,,,,
120,51169,VA,0,no residential sales in 2016,,,,,,,,,,,,,,,,,,,,,,,,,
121,13223,GA,4993,ok,UNACCEPTABLE progressivity,0.8296703296703297,40.77852848114684,1.772465095057527,-0.0413195695675484,40.40741923555317,0.2087194316639974,-0.013296257997246258,-0.12419856671536773,-1.1242037580784827,-2.0706131252909235e-07,-0.4131882165425995,-0.47250462542511196,,,,,,,,,,0.12973918589798633,,
122,20045,KS,1237,ok,acceptable (VEI within +/-10),0.9004424778761062,13.444211761579824,1.0231514847047045,-0.031522133194662745,-6.883664292725908,0.9033347226565029,0.7844151449615132,0.8860760135045465,-0.11392360026503436,-3.466996570617991e-07,-0.025399151175421908,-0.024996753050566367,,0.16254063531956642,0.14103603987660324,0.11713831482046651,0.10994184328310738,0.14025117033903825,0.23006388247413043,0.15609827941109236,0.1560973422830226,0.13020880823003483,0.1413602924261483,0.14108618340626405
123,48097,,0,no residential sales in 2016,,,,,,,,,,,,,,,,,,,,,,,,,
124,48381,TX,2142,ok,acceptable (VEI within +/-10),0.8799809167309828,13.833885156948437,1.033786918395874,-0.010687497892688453,-2.01374537623968,0.8752975808572447,0.5943159706507141,0.9165081848238901,-0.08348928454670855,-2.3045766227579835e-07,-0.035281308756168306,-0.03986882711932238,,0.16124914526424938,0.170655235324763,0.10058688609479677,0.1175075532789541,0.1695301040204492,,0.15102235198196926,0.15102091013602198,0.11519564118862584,0.16944001706459405,0.17569344450863475
125,37115,,0,no residential sales in 2016,,,,,,,,,,,,,,,,,,,,,,,,,
126,39135,OH,634,ok,acceptable (confidence intervals overlap),0.8830023468057366,23.840241084656444,1.1033728979782207,-0.03656020604335693,-17.648617956703276,0.7911472217778992,0.6361106058969598,0.86340302479819,-0.13657550403880192,-7.267649161768654e-07,-0.07918591173436718,-0.08572420151605731,,,,0.2163352809276192,,,,,,0.2225490420795367,,
127,42059,PA,0,no residential sales in 2016,,,,,,,,,,,,,,,,,,,,,,,,,
128,48489,TX,50,skipped (fewer than 100 sales),,,,,,,,,,,,,,,,,,,,,,,,,
129,01009,,0,no residential sales in 2016,,,,,,,,,,,,,,,,,,,,,,,,,
130,18095,IN,1126,ok,UNACCEPTABLE regressivity,0.8671493711801035,22.951784254475417,1.0744101935128385,-0.08527694159673956,-31.163180741917678,0.7677039076109443,0.5954464187674893,0.7718236624685838,-0.2281725620724632,-1.3880197469352584e-06,-0.06847944292181252,-0.07150516784414518,,0.24506499089151718,0.2404427573541188,0.22337920359498303,,0.24619804330833833,,0.24787531780560546,0.24787408891320595,0.1903603692782478,0.24398951884967818,0.24663101822765493
131,47093,,0,no residential sales in 2016,,,,,,,,,,,,,,,,,,,,,,,,,
132,13215,GA,2399,ok,acceptable (VEI within +/-10),1.0,25.877022910901164,1.0763260941937105,-0.02871209295560103,0.3401428571428555,0.8952335668301555,0.889422418517816,0.8718724686368139,-0.12812214013934806,-7.172404042203782e-07,-0.041720453186174566,-0.03993866574564997,0.0,,0.2396051496851544,0.231618272510026,0.034798215825186864,0.24757158606153257,0.19533500712824398,,,,0.2440896308362585,0.22518291399097298
133,08035,CO,0,no residential sales in 2016,,,,,,,,,,,,,,,,,,,,,,,,,
134,13209,GA,90,skipped (fewer than 100 sales),,,,,,,,,,,,,,,,,,,,,,,,,
135,18179,,0,no residential sales in 2016,,,,,,,,,,,,,,,,,,,,,,,,,
136,13313,GA,1160,ok,acceptable (VEI within +/-10),0.8660210444702885,17.551074546819258,1.0190507589068236,0.00997410906726675,9.221792989446142,0.949187061502662,0.8355144167229468,0.9712245587684933,-0.028770677084925294,-2.8238152117426054e-07,-0.016688468034010695,-0.01668515105812185,,0.20207961050686082,0.13515870569216173,,,0.1432207281756472,,0.12785676096247708,0.12786792537076969,0.12820864346689895,0.14063551640484068,0.13241243921060428
137,31161,NE,66,skipped (fewer than 100 sales),,,,,,,,,,,,,,,,,,,,,,,,,
138,23005,ME,0,no residential sales in 2016,,,,,,,,,,,,,,,,,,,,,,,,,
139,17115,IL,0,no residential sales in 2016,,,,,,,,,,,,,,,,,,,,,,,,,
140,39113,OH,0,no residential sales in 2016,,,,,,,,,,,,,,,,,,,,,,,,,
141,26103,,0,no residential sales in 2016,,,,,,,,,,,,,,,,,,,,,,,,,
142,36123,NY,294,ok,acceptable (VEI within +/-10),0.9705133720691856,20.151145799128944,1.0435361124862967,-0.02042271539404783,-2.9158362075271356,0.9560805516217705,0.9021911626438315,0.9338121758722614,-0.06618741569964366,-2.786730737994995e-07,-0.019175207240807346,-0.01994861093960343,,0.2199119053400416,0.20249290519295016,0.19762405534352992,0.09476520260797926,0.18752177053747154,0.23224412567778333,0.21108493898522954,0.21108437726010182,0.1925037907472025,0.18686327512138953,0.1455776730961523
143,48377,TX,13,skipped (fewer than 100 sales),,,,,,,,,,,,,,,,,,,,,,,,,
144,13145,GA,587,ok,acceptable (VEI within +/-10),0.967070796460177,15.210731104278123,1.0166144728382174,0.019667044142329768,4.609559389640646,0.9377726863148116,0.8142440937946641,0.9872223318410572,-0.012774149035715311,-2.543095441439598e-07,-0.018030474724310075,-0.023025381153042535,,0.1746586596724489,0.13974706209952648,,,0.14265394201952628,0.22203749684340984,0.0689595410095936,0.06893608372120645,0.11672373921532297,0.13915838126343427,0.15103114598278078
145,18063,IN,2617,ok,acceptable (VEI within +/-10),0.8957654723127035,12.820908425867263,1.0198594405499564,-0.03091424311402587,-6.910050354520008,0.8891124065191065,0.7698489610213245,0.8755105487162467,-0.12448892477221456,-4.3640570352031816e-07,-0.025303448642129966,-0.02516386793339853,,0.14991674425177712,0.1381560460630466,0.1025161173763469,0.14038082296824828,0.1382066298357096,0.22043686660029801,0.14490959831726918,0.1449090280067153,0.12095941443867174,0.13633289572089283,0.1375338750531343
146,06081,CA,0,no residential sales in 2016,,,,,,,,,,,,,,,,,,,,,,,,,
147,31089,NE,0,no residential sales in 2016,,,,,,,,,,,,,,,,,,,,,,,,,
148,37159,NC,1826,ok,UNACCEPTABLE regressivity,0.9443959064327485,21.679542168533455,1.070200189902349,-0.07883382716295866,-22.038880547509784,0.8928791071314133,0.8828166900327423,0.8504855066541024,-0.1495149290809582,-6.980749774804607e-07,-0.038888314428612514,-0.03530904069370577,,0.23833129802980876,0.22961482478030965,,,0.2151422295405136,0.1697851439768517,,,0.24595168302330592,0.21417149038787126,0.19832982192795423
149,24029,MD,162,ok,acceptable (VEI within +/-10),1.0095361340335083,25.143988708385393,1.1360597404331225,-0.050408454373347025,-9.25556284873097,0.7892854597462542,0.485215548986255,0.8287649552237101,-0.17123370241069033,-4.33611972493619e-07,-0.08473326995947139,-0.1077893197624995,0.09627432004728011,,,0.2113075809590792,0.16100054978685,,,,,0.2345572583813924,,
150,36071,NY,4276,ok,UNACCEPTABLE regressivity,0.9599735248612888,28.42921775078366,1.1326902058752073,-0.11413378593146666,-36.047398994725135,0.7189649944079989,0.31517779960157705,0.6805932755237749,-0.31940697772298027,-1.3927071329321863e-07,-0.0937220859993888,-0.10028097141799241,,,,,,,,,,0.1500986012184769,,
151,39009,OH,0,no residential sales in 2016,,,,,,,,,,,,,,,,,,,,,,,,,
152,35051,NM,65,skipped (fewer than 100 sales),,,,,,,,,,,,,,,,,,,,,,,,,
153,42035,PA,0,no residential sales in 2016,,,,,,,,,,,,,,,,,,,,,,,,,
154,48123,TX,62,skipped (fewer than 100 sales),,,,,,,,,,,,,,,,,,,,,,,,,
155,38073,ND,41,skipped (fewer than 100 sales),,,,,,,,,,,,,,,,,,,,,,,,,
156,18117,,0,no residential sales in 2016,,,,,,,,,,,,,,,,,,,,,,,,,
157,55117,WI,0,no residential sales in 2016,,,,,,,,,,,,,,,,,,,,,,,,,
158,13179,GA,835,ok,acceptable (VEI within +/-10),0.9188910891089109,35.442338798418085,1.206207746071685,-0.05922313212981836,-6.515983139031817,0.4499064879244506,0.2303571190137129,0.4997216640268499,-0.5002657744560942,-8.611429815930482e-07,-0.18289917404836276,-0.2036238460526596,,,,,0.10555878412910062,,,,,0.20081311748902952,,
159,18077,IN,587,ok,acceptable (confidence intervals overlap),0.9041666666666667,26.690468540905044,1.177288175630571,-0.0854632439884749,-32.76655457300618,0.7069510753387105,0.22743065997166328,0.7578476155758117,-0.24214695481286,-6.392214910406364e-07,-0.11500908395964315,-0.14034506947229253,,,,,,,,,,0.17098273145978596,,
160,42003,PA,0,no residential sales in 2016,,,,,,,,,,,,,,,,,,,,,,,,,
161,38095,,0,no residential sales in 2016,,,,,,,,,,,,,,,,,,,,,,,,,
162,39155,OH,0,no residential sales in 2016,,,,,,,,,,,,,,,,,,,,,,,,,
163,54023,,0,no residential sales in 2016,,,,,,,,,,,,,,,,,,,,,,,,,
164,36019,NY,842,ok,acceptable (VEI within +/-10),0.9699279161205767,14.530671524577976,1.0311502088951106,-0.025633021382464972,-2.7912559564211716,0.9332024030852344,0.8920976161320056,0.9372594695112194,-0.06273872602844148,-4.919853925570514e-07,-0.02198183056885794,-0.02221797444327467,,0.168660134215635,0.16322792886432097,0.16383216086667082,0.09286740134560312,0.15780230080967975,0.1842914740378476,0.17196815468613985,0.1719668538371281,0.163676724725173,0.1563981222090679,0.14497850065320006
165,48029,TX,22736,ok,UNACCEPTABLE progressivity,0.8943605913915457,17.24518717694524,1.0151234526401993,0.03431118319197633,14.88112738326411,0.9649318262070787,0.8319604487256249,0.962360796879301,-0.037637686052697523,-5.392862532714863e-09,-0.013094666904582386,-0.013303560686239058,,0.1982809381493183,0.10614929344199829,,,0.11596928314897359,,0.12179539153343008,0.12179364460250908,0.1016407702762161,0.1110697215266201,0.12394813796073885
166,01131,,0,no residential sales in 2016,,,,,,,,,,,,,,,,,,,,,,,,,
167,13049,GA,117,ok,acceptable (confidence intervals overlap),0.9190921228304406,32.471114566778276,1.1677585117357676,-0.05054991609956457,-11.146284174582638,0.8104924437888135,0.5517201944543348,0.77572792760885,-0.22426961489891883,-1.302465191417058e-06,-0.08678916858820496,-0.1030560911369871,,,,,0.20326265582659736,,,,,0.2487456372140883,,
168,19005,IA,0,no residential sales in 2016,,,,,,,,,,,,,,,,,,,,,,,,,
169,17147,IL,0,no residential sales in 2016,,,,,,,,,,,,,,,,,,,,,,,,,
170,50013,VT,143,ok,acceptable (confidence intervals overlap),1.0795652173913044,19.779664407447786,1.0526690647374168,-0.07283681708720102,-12.361193602835295,0.9059459969214486,0.9979114570547386,0.8629125468408271,-0.13708845627281294,-4.6904518787471e-07,-0.03157647474640757,-0.02885435522770541,,0.22154616775810473,0.2095510016465737,0.2175156481376013,0.1913379778946471,0.2000678730110488,0.03469838922379273,0.21523512340552306,0.21523534383372758,0.21896727891626674,0.21820919366299873,0.2274051279758513
171,48061,TX,2934,ok,acceptable (VEI significance <= 10),0.8190907668231612,32.159494552170024,1.1890290716823944,0.016911446589994408,13.483213002175601,0.7637903706786819,0.20039443513249577,0.766419128060093,-0.23357089013054402,-1.72144503644301e-07,-0.10804733888879214,-0.1444458741268484,,,,,,,,,,0.14900192516015281,,
172,26069,MI,0,no residential sales in 2016,,,,,,,,,,,,,,,,,,,,,,,,,
173,17099,IL,0,no residential sales in 2016,,,,,,,,,,,,,,,,,,,,,,,,,
174,47031,TN,0,no residential sales in 2016,,,,,,,,,,,,,,,,,,,,,,,,,
175,39037,OH,717,ok,UNACCEPTABLE regressivity,0.8634313725490196,20.180385935171486,1.073021428705537,-0.09365770295184093,-34.59388960960598,0.8020111781151152,0.6544226208620991,0.8145441211118554,-0.1854523818632045,-1.2981535278224294e-06,-0.06238342520329376,-0.06494336630927511,,0.22329591979157629,0.23282713654576326,0.23409255196456225,,0.23881832418656532,,0.23446417439022008,0.23446222984038578,0.19851184833510946,0.239227819248095,
176,39171,OH,538,ok,acceptable (VEI within +/-10),0.8751923076923077,22.29855112595469,1.0627474923965412,-0.02828711079640231,-3.51061278962167,0.8561854804430675,0.6590032821845622,0.8859258058601971,-0.11406746077584114,-1.1649078012814268e-06,-0.04852115333817708,-0.05441019653427204,,0.2379019876105798,0.2208947835394589,0.18004819498825253,0.16328051049680367,0.22715741892444744,,0.22402218122445555,0.22403367293471568,0.19809630513021395,0.2212505557261076,0.22380134779796473
177,29215,MO,218,ok,acceptable (confidence intervals overlap),0.5738944855956374,41.49278704573628,1.1760968549357258,-0.0566420115029689,-19.855898581656028,0.6267122293356145,0.26516171602663274,0.6689876497580493,-0.3309993022013901,-1.3215456477491293e-06,-0.13423436025594615,-0.15583479061667105,,,,,,,,,,0.20868938497955003,,
178,51157,VA,90,skipped (fewer than 100 sales),,,,,,,,,,,,,,,,,,,,,,,,,
179,13273,GA,77,skipped (fewer than 100 sales),,,,,,,,,,,,,,,,,,,,,,,,,
180,20167,,0,no residential sales in 2016,,,,,,,,,,,,,,,,,,,,,,,,,
181,37091,,0,no residential sales in 2016,,,,,,,,,,,,,,,,,,,,,,,,,
182,39127,OH,438,ok,acceptable (VEI within +/-10),0.8411333769484584,37.37833282332071,1.8074012277728553,-0.03121900895006964,-4.359575704167947,0.5671252308720187,0.010390162446988706,0.6719685825811254,-0.32800100432701157,-1.6733705915613429e-07,-0.2804640674023504,-0.4379477098650151,,,,,0.11921784013672211,,,,,0.1177328191613272,,
183,42017,PA,0,no residential sales in 2016,,,,,,,,,,,,,,,,,,,,,,,,,
184,40047,OK,544,ok,UNACCEPTABLE progressivity,0.7619451940593448,30.19850638559251,1.0235091212227636,0.08006180614665852,53.368050259790195,0.951417332488103,0.4919277781296466,0.9692484760671614,-0.0307175516851284,-1.2852167691183976e-07,-0.020395314391514097,-0.03486930470712535,,,0.13341908412334824,,,0.20698130414637142,,0.206442865396458,0.20654870719310356,0.0966697964670897,0.1684509045464105,0.2274390215451816
185,41035,OR,1143,ok,acceptable (VEI within +/-10),0.9826818181818182,19.97049877277601,1.0442008390661506,0.009098870627572614,2.2746057104723105,0.9206175989955886,0.519769753000256,0.9637097137106102,-0.036287264699622866,-1.7645387049852323e-07,-0.027697163665485025,-0.034599032775260996,0.1950648150518325,0.2292764087794072,0.19353447224248915,,,0.16594045877716315,,0.1338689960502948,0.13386428786581941,0.12672208380606106,0.1617172746151219,0.18159633385092247
186,21163,KY,0,no residential sales in 2016,,,,,,,,,,,,,,,,,,,,,,,,,
187,45011,,0,no residential sales in 2016,,,,,,,,,,,,,,,,,,,,,,,,,
188,17137,IL,0,no residential sales in 2016,,,,,,,,,,,,,,,,,,,,,,,,,
189,31061,NE,45,skipped (fewer than 100 sales),,,,,,,,,,,,,,,,,,,,,,,,,
190,51017,VA,53,skipped (fewer than 100 sales),,,,,,,,,,,,,,,,,,,,,,,,,
191,19067,IA,140,ok,acceptable (VEI within +/-10),0.9706661129568106,10.537329277765904,1.0146174531645002,-0.020066419537971707,-8.060656743617542,0.9453601905985802,0.9192578292712851,0.9373752155439732,-0.06262408294486176,-3.9948902751181654e-07,-0.015428879135655382,-0.013425194038105381,,0.11935806579322931,0.1478819404466835,0.1470524520270553,0.1504943333422243,0.1499511581826672,0.1474444115875879,0.13212065201096482,0.13212092850366622,0.14432494653092653,0.1506080408482481,0.126687706372199
192,18141,IN,3000,ok,acceptable (VEI within +/-10),0.834501157472757,19.262826468129063,1.038415834416872,-0.020165712749397956,-7.487104159969782,0.9021957387668555,0.7029143776883853,0.8875726041214015,-0.11242594316865918,-3.848981273567924e-07,-0.03152954719661727,-0.03260889734478889,,0.21489092878942134,0.19366585736688072,0.12681010826727349,0.14470275471250316,0.199556453630621,,0.19183756181474088,0.1918343570166386,0.1439218005645597,0.195811447294727,0.19778843411712524
193,19165,,0,no residential sales in 2016,,,,,,,,,,,,,,,,,,,,,,,,,
194,13013,GA,1558,ok,acceptable (VEI within +/-10),0.7775216783216783,13.024583389724112,1.0109195665525814,0.013319905998972975,1.9821687051204895,0.9590031838020651,0.7192318195981379,0.9475293167900061,-0.05246747223732377,-1.5517833410933984e-07,-0.009855110430625036,-0.009671475247608585,,0.15627223484228903,0.10150120208836291,,,0.08628272051453038,,0.10513630063543956,0.10513462675809576,0.07960151949314755,0.08420601077024663,0.08684860956604813
195,40039,OK,213,ok,UNACCEPTABLE progressivity,0.8851117318435754,20.05959246362461,0.9821271563231988,0.10661244603305998,30.839809409295654,1.0307792727903102,0.8532025366568583,1.1076649529504305,0.10767236269399982,2.7676214037475663e-07,0.009458195177097783,0.005793960133174236,,0.21906337937274598,,,,,0.22469028310355757,,,,,
196,01105,AL,26,skipped (fewer than 100 sales),,,,,,,,,,,,,,,,,,,,,,,,,
197,42085,PA,1006,ok,acceptable (confidence intervals overlap),0.17325757575757578,53.63057911815654,6.5115418138294014,-0.16596287352980682,-52.52982697232805,0.28936985829076445,5.694486007216434e-05,0.3538686761176183,-0.6460687755788836,-1.9514960600111723e-09,-0.6198326018730207,-0.8246588269210067,,,,,,,,,,0.009339049096334097,,
198,13109,GA,110,ok,acceptable (VEI within +/-10),0.9507034632034632,27.600975020802863,1.104777526430526,-0.027303562680101544,-0.7756367353698919,0.8815706047573071,0.7990537268566299,0.8650684887766649,-0.13491998557215057,-9.785221857019569e-07,-0.055735013744326434,-0.054731843212110665,,,0.24205560846934318,0.17415114527388464,0.1532988239130943,0.24623286277764767,0.1776053255606206,,,0.24857915801635333,0.24385785874541535,0.16948309138102316
199,08059,CO,11529,ok,UNACCEPTABLE progressivity,0.7663116883116883,11.635612423119461,1.0006135541291743,0.07535733551559609,22.990077088563577,1.0181870153993644,0.5357352389239686,1.066177623936372,0.0661790153711718,-2.1837597297430355e-10,0.005010812021635225,0.0008545971754901904,,0.13925873361130162,0.024629851550221196,,,,,,,0.01226089427377273,,
200,18171,IN,126,ok,acceptable (VEI significance <= 10),0.9339855374774023,34.32335458181291,1.150809208084941,-0.1073225276262123,-46.795785670251064,0.8013953725990847,0.6871653483858655,0.7770557822634563,-0.2229403064148216,-2.5801322576125138e-06,-0.07547777321911964,-0.08085245021846577,,,,,,,,,,,,
201,06011,CA,0,no residential sales in 2016,,,,,,,,,,,,,,,,,,,,,,,,,
202,42071,PA,0,no residential sales in 2016,,,,,,,,,,,,,,,,,,,,,,,,,
203,27167,,0,no residential sales in 2016,,,,,,,,,,,,,,,,,,,,,,,,,
204,20137,KS,66,skipped (fewer than 100 sales),,,,,,,,,,,,,,,,,,,,,,,,,
205,12129,FL,738,ok,acceptable (confidence intervals overlap),0.7272727272727273,39.200801375726876,1.1894040889051072,0.005284221268033044,16.91836415771489,0.661626178612642,0.2756280799708964,0.6262905535290735,-0.3736811236655792,-1.2252681892240536e-06,-0.13521727583498588,-0.17391711524055542,,,,,,,,,,,,
206,17107,IL,0,no residential sales in 2016,,,,,,,,,,,,,,,,,,,,,,,,,
207,08083,CO,392,ok,acceptable (VEI within +/-10),0.8228097308828355,24.919225804570424,1.061237320423009,0.0330437806118727,7.750812465605151,0.8267013524940251,0.47317002576647077,0.9112337624929432,-0.08875863703622441,-4.608665289822155e-07,-0.05677799465668376,-0.06959845822287858,,,0.2136162321203952,,,,,0.22010139979844284,0.2200898727097625,0.16380020756807462,0.2381096536096389,
208,17037,IL,0,no residential sales in 2016,,,,,,,,,,,,,,,,,,,,,,,,,
209,05115,AR,649,ok,acceptable (VEI within +/-10),0.951063829787234,16.651274071968928,1.0172662382213902,0.02201871650915114,8.791704194388767,0.9414407636934318,0.8642063050949991,1.002997913098282,0.00300341636853238,-2.8332878453632625e-07,-0.01917050156351907,-0.022470605105239683,,0.19117647042807162,0.13855517839734274,,,0.15109422535137818,0.21546687445521237,,,0.11345427696042791,0.15010046083310424,0.1544783576470047
210,38029,,0,no residential sales in 2016,,,,,,,,,,,,,,,,,,,,,,,,,
211,31151,,0,no residential sales in 2016,,,,,,,,,,,,,,,,,,,,,,,,,
212,16049,ID,0,no residential sales in 2016,,,,,,,,,,,,,,,,,,,,,,,,,
213,13227,GA,668,ok,acceptable (VEI within +/-10),0.9872036578100798,15.865341341012254,1.0088207526244974,0.005157721293278763,-0.410973239923245,1.000468024310881,0.9831530588889622,0.9773109392686586,-0.022689475174244755,-1.0968542947461802e-07,0.00016315829588275932,0.0005404222812011028,,0.17946707451895788,0.10836691766184495,,0.01548084597543412,,0.0963790806851116,0.12107619297507466,0.12107361348081604,0.11283678085323029,,
214,17121,IL,0,no residential sales in 2016,,,,,,,,,,,,,,,,,,,,,,,,,
215,18051,IN,348,ok,UNACCEPTABLE regressivity,0.9073291404612159,28.233520559239306,1.1380395184439136,-0.08948638313268265,-26.051068731091405,0.8078207725418776,0.5980435802616025,0.8088084731119273,-0.19118587976316365,-1.6120482319532919e-06,-0.0749355214323204,-0.08050204779120751,,,,,,,,,,,,
216,16021,ID,149,ok,acceptable (VEI within +/-10),0.6702,26.772217556104472,1.0465003127066073,0.040681179850114796,8.709032753746788,0.8452323307437564,0.5531560810540348,0.7767075061194844,-0.22329079888543876,-4.0457443766239504e-07,-0.04245188719774551,-0.040712764510477895,,,0.1902455849578397,,,0.199303891027343,,,,0.16947556761606533,0.19222504963481757,0.18764380851285706
217,28007,,0,no residential sales in 2016,,,,,,,,,,,,,,,,,,,,,,,,,
218,01031,,0,no residential sales in 2016,,,,,,,,,,,,,,,,,,,,,,,,,
219,56037,,0,no residential sales in 2016,,,,,,,,,,,,,,,,,,,,,,,,,
220,20041,,0,no residential sales in 2016,,,,,,,,,,,,,,,,,,,,,,,,,
221,29063,MO,48,skipped (fewer than 100 sales),,,,,,,,,,,,,,,,,,,,,,,,,
222,37155,,0,no residential sales in 2016,,,,,,,,,,,,,,,,,,,,,,,,,
223,21077,KY,135,ok,acceptable (VEI within +/-10),1.0,0.12416464869068398,0.9999682848122248,0.00016404028607603152,0.0,0.9997065210707161,0.9998822382598346,1.0002284239713812,0.00022849318663147882,3.334551612000184e-10,-0.0001505682885207804,-0.00019404015378121642,0.0,0.001491803438214089,0.003868059425469547,0.07324062601270366,0.0,0.004379628221326544,0.0007899389169760826,0.007605392887887811,0.007606534339862059,0.003621167722757215,0.00437445450077856,0.0030758349353763163
224,30007,MT,0,no residential sales in 2016,,,,,,,,,,,,,,,,,,,,,,,,,
225,08051,CO,330,ok,acceptable (VEI within +/-10),0.8140346181532623,20.444134266903532,1.0280834475686949,0.017533935868466084,1.9540312284446502,0.9637386461574242,0.743670617075253,0.9895449314479834,-0.010452257704915015,-4.1562652335946265e-08,-0.01713449645239895,-0.021690471888246687,,0.22702296138396846,0.15243939635809292,,,0.16266582002019148,,0.08257956744006667,0.08254556546527521,0.1306526778062747,0.15900265282688994,0.23424663088318592
226,37107,,0,no residential sales in 2016,,,,,,,,,,,,,,,,,,,,,,,,,
227,26039,MI,0,no residential sales in 2016,,,,,,,,,,,,,,,,,,,,,,,,,
228,28107,MS,45,skipped (fewer than 100 sales),,,,,,,,,,,,,,,,,,,,,,,,,
229,55017,WI,871,ok,acceptable (confidence intervals overlap),0.9380733944954128,15.833998231905595,1.010891356702121,0.014546777244201567,13.285362472138281,0.9691578673944811,0.9295509236118058,0.992952235631236,-0.0070440757414959665,-1.6994840151951673e-07,-0.010049116356309673,-0.007135296561698867,,0.1864752179140976,0.08122382735781057,,,0.09415462099231084,0.1797653286950364,0.05685038798298291,0.0568434403680655,0.11023052555712808,0.08834712745514242,0.07906156745814787
230,17049,IL,0,no residential sales in 2016,,,,,,,,,,,,,,,,,,,,,,,,,
231,16043,ID,163,ok,acceptable (VEI within +/-10),0.790020920502092,20.50206842032987,1.0393566885752836,-0.012073155244957154,2.077047545904617,0.9140498023545556,0.6568464053421882,0.8922982110737765,-0.10770001481831744,-3.6080742072831977e-07,-0.02881234524711518,-0.03715601659826673,,0.23620004871306408,0.16609789714198753,0.09842031243260282,,0.17524341687150688,,0.18856006973144948,0.18855251547018753,0.14314914418740463,0.17839779920566007,0.22189713540449185
232,48013,TX,387,ok,acceptable (confidence intervals overlap),0.7204424254394628,36.600585095119825,1.0857455731083534,0.08509124376548874,22.30209785191813,0.8122660914575018,0.2251503606393392,0.8079041195977089,-0.19208422592585175,-3.678075610147228e-07,-0.06349919829429385,-0.07756195571954083,,,,,,,,,,0.14592918260736404,,
233,29003,,0,no residential sales in 2016,,,,,,,,,,,,,,,,,,,,,,,,,
234,04013,AZ,86893,ok,UNACCEPTABLE progressivity,0.712156862745098,13.525057044981587,1.0335602645939082,0.06570459201699543,23.590072044378935,0.9704924166938055,0.46339435810974455,1.0563327393236492,0.0563357355737873,-3.247903909987603e-09,-0.012686550950941733,-0.03401239075028828,,0.16070182690201024,0.1749138429596127,,,0.13343737375094147,,,,0.09211983291833847,0.1319294376149888,0.22755372223878298
235,54071,,0,no residential sales in 2016,,,,,,,,,,,,,,,,,,,,,,,,,
236,13165,GA,72,skipped (fewer than 100 sales),,,,,,,,,,,,,,,,,,,,,,,,,
237,46065,SD,0,no residential sales in 2016,,,,,,,,,,,,,,,,,,,,,,,,,
238,27119,MN,239,ok,acceptable (VEI within +/-10),0.9026737967914439,22.017594618616275,1.0334262742533156,0.027821609347152332,4.451024849989782,0.9419115671000136,0.695034187440608,0.990390732130169,-0.009590392730333559,-3.233101415630621e-07,-0.022000542777274035,-0.028981355478943538,,0.23912358682590476,0.16844935203781647,,,0.1612300305440344,,0.07773686864922608,0.07856687567804249,0.18973303541599276,0.16555525146611574,0.1671576160774814
239,53053,WA,14850,ok,acceptable (VEI within +/-10),0.7717640230495892,11.926880271219167,1.0182468469057702,0.03019977554423031,9.859424757930473,0.9590884844755081,0.5775049355420148,0.9894139363162336,-0.010584471187135536,-6.3057064754376065e-09,-0.011979731776443181,-0.01590339657452433,,0.14195987188649659,0.14044721638580854,,,0.10299897757995714,,0.04676254748402491,0.046759419371930844,0.07481938290962468,0.10238385210685036,0.11754202959148798
240,45023,,0,no residential sales in 2016,,,,,,,,,,,,,,,,,,,,,,,,,
241,35061,NM,723,ok,acceptable (confidence intervals overlap),0.9436416666666667,31.135029877708096,1.1110245280671402,0.0024205988372307387,11.830366681421017,0.7104700112740485,0.5652254341017416,0.6734631246300147,-0.32654205632140343,-7.222553079421258e-07,-0.09926277198299327,-0.11518278210003596,,,,,,,,,,0.24422347645035128,,
242,51720,VA,0,no residential sales in 2016,,,,,,,,,,,,,,,,,,,,,,,,,
243,04001,AZ,324,ok,acceptable (confidence intervals overlap),0.5781782051282052,42.4832943118284,1.0681794444949568,0.03543827622910694,15.104845236696168,0.9251054300919734,0.5463128505880189,0.9383166905819555,-0.0615498629964151,-5.266583906053547e-07,-0.028665023687337143,-0.02606131210956808,,,0.22267609833520458,,,0.2199418225483087,,0.22887095829425158,0.22867354248781657,0.18932867816375099,0.19265779885617237,0.1812260131211087
244,21197,KY,0,no residential sales in 2016,,,,,,,,,,,,,,,,,,,,,,,,,
245,56033,,0,no residential sales in 2016,,,,,,,,,,,,,,,,,,,,,,,,,
246,09140,CT,0,no residential sales in 2016,,,,,,,,,,,,,,,,,,,,,,,,,
247,40045,OK,27,skipped (fewer than 100 sales),,,,,,,,,,,,,,,,,,,,,,,,,
248,26005,MI,1918,ok,acceptable (VEI within +/-10),0.8692273758055307,18.83506008039499,1.0184426820181,0.009342544210765646,5.725175044525685,0.9700136849705803,0.8377963935018372,0.9609238620805916,-0.039074262750281134,-1.282853690160131e-07,-0.010568684536193862,-0.010342379238001298,,0.202393076597241,0.1334951004201322,,,0.10568498886582137,0.24432862275494682,0.14911143698229443,0.149101827767988,0.11250721691000788,0.10335940448319184,0.10458376879977123
249,49057,UT,4496,ok,UNACCEPTABLE progressivity,0.8157621090651916,14.228583010227023,0.9995415450217167,0.06325610089165407,15.399012293642915,1.0105738560402036,0.842873323188224,0.9950112469498282,-0.0049874582053305765,9.431093673378335e-09,0.0023525570193583256,0.0033687659058124764,,0.1685424545895196,,,,,0.1805925152494005,0.034788869611890684,0.03478648694401292,,,
250,13073,GA,3551,ok,acceptable (VEI within +/-10),0.9460437956204379,12.030209507931708,1.0099290990352974,0.022403571494311787,9.49830960577887,0.9544810536356266,0.8460174132835505,0.9850737650264788,-0.014920953042749091,-1.2981991054739533e-07,-0.013805631832746634,-0.017296192211511574,,0.14610938855972486,0.09402652299956285,,,0.12188249424737775,0.22010071077759705,0.08356837104969422,0.08356055657739558,0.09880636124040412,0.11830640938528089,0.12669506230141972
251,30093,MT,0,no residential sales in 2016,,,,,,,,,,,,,,,,,,,,,,,,,
252,30035,MT,0,no residential sales in 2016,,,,,,,,,,,,,,,,,,,,,,,,,
253,46117,,0,no residential sales in 2016,,,,,,,,,,,,,,,,,,,,,,,,,
254,47173,TN,0,no residential sales in 2016,,,,,,,,,,,,,,,,,,,,,,,,,
255,54057,,0,no residential sales in 2016,,,,,,,,,,,,,,,,,,,,,,,,,
256,08031,CO,0,no residential sales in 2016,,,,,,,,,,,,,,,,,,,,,,,,,
257,34019,NJ,0,no residential sales in 2016,,,,,,,,,,,,,,,,,,,,,,,,,
258,08007,CO,289,ok,UNACCEPTABLE progressivity,0.7295,30.567866058928566,0.9974946616294569,0.0438139167312063,34.07518018593632,1.0113884599105272,0.5012304948838182,1.0078217457745433,0.007832026507901813,6.708584764883366e-09,0.00539894921878159,-0.0008163526595490467,,,0.0563252903549293,,,,,,,0.03890762878550549,,0.022713965333413084
259,13229,GA,233,ok,acceptable (VEI within +/-10),0.9107671781187459,34.332126083697794,1.167074175917987,-0.03587393698645275,8.045319667405767,0.8697206345574429,0.4839494664238604,0.8306699951262865,-0.16932798550279796,-1.0815910351456782e-06,-0.06519407856991832,-0.10017137286810818,,,,,,,,,,,,
260,28109,,0,no residential sales in 2016,,,,,,,,,,,,,,,,,,,,,,,,,
261,37097,NC,0,no residential sales in 2016,,,,,,,,,,,,,,,,,,,,,,,,,
262,17091,IL,0,no residential sales in 2016,,,,,,,,,,,,,,,,,,,,,,,,,
263,48005,TX,603,ok,acceptable (VEI significance <= 10),0.8702467343976777,19.941083056676728,0.9943092650488202,0.06804952893178588,23.366581312996324,0.9991207674929771,0.9584092145352388,1.0476305416919152,0.047641020557357784,3.176431160365419e-08,-0.0002982007434744194,-0.0020715432019322577,,0.2282622054677649,,,,0.05544449348531801,0.1433170871028,,,,0.05205180169224735,0.03242712557273846
264,51149,VA,0,no residential sales in 2016,,,,,,,,,,,,,,,,,,,,,,,,,
265,31029,NE,0,no residential sales in 2016,,,,,,,,,,,,,,,,,,,,,,,,,
266,37029,NC,0,no residential sales in 2016,,,,,,,,,,,,,,,,,,,,,,,,,
267,01061,,0,no residential sales in 2016,,,,,,,,,,,,,,,,,,,,,,,,,
268,16071,ID,0,no residential sales in 2016,,,,,,,,,,,,,,,,,,,,,,,,,
269,40001,OK,120,ok,acceptable (confidence intervals overlap),0.796988717948718,52.04420157395445,1.3663197188421554,-0.05317304751347926,-22.08202848474051,0.796872935049864,0.6006702155434462,0.7936968707622731,-0.20628040103525488,-3.5317723007667025e-07,-0.12496295601689167,-0.12101802094322589,,,,,,,,,,,,
270,21221,,0,no residential sales in 2016,,,,,,,,,,,,,,,,,,,,,,,,,
271,38003,ND,93,skipped (fewer than 100 sales),,,,,,,,,,,,,,,,,,,,,,,,,
272,13125,GA,11,skipped (fewer than 100 sales),,,,,,,,,,,,,,,,,,,,,,,,,
273,31083,NE,0,no residential sales in 2016,,,,,,,,,,,,,,,,,,,,,,,,,
274,51067,VA,824,ok,acceptable (VEI significance <= 10),0.9619948539989026,18.256177852226035,1.0370235073962164,-0.031276781558830964,-11.971651011222367,0.9666612208498185,0.9176025169661836,0.9302038838518966,-0.06979645920344775,-2.0536981341616854e-07,-0.013823429359601125,-0.011662224692333467,,0.21435185699654855,0.18529369314424798,0.19284267610079114,0.21341818824841893,0.15338064773876955,0.18259260081300055,0.2122757672700979,0.21227564009638533,0.18043424215668746,0.15187289530037865,0.12475294165098268
275,17031,IL,0,no residential sales in 2016,,,,,,,,,,,,,,,,,,,,,,,,,
276,09170,CT,0,no residential sales in 2016,,,,,,,,,,,,,,,,,,,,,,,,,
277,42011,PA,0,no residential sales in 2016,,,,,,,,,,,,,,,,,,,,,,,,,
278,28139,MS,39,skipped (fewer than 100 sales),,,,,,,,,,,,,,,,,,,,,,,,,
279,55069,WI,0,no residential sales in 2016,,,,,,,,,,,,,,,,,,,,,,,,,
280,47167,TN,0,no residential sales in 2016,,,,,,,,,,,,,,,,,,,,,,,,,
281,13069,GA,355,ok,acceptable (VEI within +/-10),0.9373333333333334,26.700761931207587,1.056385436958513,0.011790558643123856,3.492191046954754,0.9206951311753009,0.6987902598631022,0.9629117227506429,-0.037082398743863085,-7.334278685860424e-07,-0.03249675202753832,-0.04336394083675721,,,0.22554634371092444,,,0.22564471189128235,,0.17160396591211255,0.17186157329799837,0.2166716262166537,0.21849358649292813,0.227589294454183
282,51031,VA,0,no residential sales in 2016,,,,,,,,,,,,,,,,,,,,,,,,,
283,27105,MN,195,ok,acceptable (VEI within +/-10),0.9365217391304348,17.191558379812577,1.064270428830168,-0.030747110182017406,0.33484417613774425,0.8973379585108592,0.5618482512057588,0.9118333499737499,-0.0881639808472845,-2.3622724872482667e-07,-0.03673955746212254,-0.04393100964545327,,0.20371666394790774,0.23509037931539672,0.16363474388235733,,0.20681096758156123,,0.2247329822977974,0.22472080540475242,0.11897430498020112,0.20590837992040484,0.2491898567083135
284,51700,VA,0,no residential sales in 2016,,,,,,,,,,,,,,,,,,,,,,,,,
285,48407,TX,366,ok,UNACCEPTABLE progressivity,0.7391212121212121,36.580755545341525,0.9850756221538065,0.043416716891207956,37.51630851752177,1.0023454236458096,0.8573967253312781,1.0147707676245876,0.014800115745267597,5.1899129744693194e-08,0.0011375947876473003,0.007877498408398242,,,,,,0.06214328987050447,,,,,0.057185989876581994,
286,37169,NC,453,ok,acceptable (VEI significance <= 10),0.9832432432432432,17.05153472962947,1.0481404595758583,-0.04988215885261786,-10.289714278167837,0.8751077529104995,0.8648946932174366,0.886640356201222,-0.11335841174727862,-1.0105443283188e-06,-0.04017646360927096,-0.040213426854894596,0.20117603452076183,0.19166307351896156,0.202523625823391,0.17194657409155975,0.17494459400621115,0.2114469863273113,0.18904580756775669,0.20237044535529405,0.2023712089480497,0.20171272525832848,0.21228374294305966,0.20394518567005837
287,55009,WI,3673,ok,acceptable (VEI within +/-10),0.942156862745098,10.753762893145419,1.0116498082941983,-0.011825982402875504,-5.376189386281789,0.9627539226611157,0.9102959573326539,0.9553062848111665,-0.04469231282055071,-1.7924511338225353e-07,-0.010563067246586622,-0.01002327955847715,,0.12868031132292376,0.10268597439175456,0.09120701277859879,0.1152482233293462,0.09945173781264521,0.1566419904943604,0.11216386231125461,0.11216325240785936,0.10054767575657524,0.09884952461597445,0.0953724121108471
288,53077,WA,2200,ok,acceptable (VEI within +/-10),0.8162652078059933,12.98498965162904,1.007408122449315,0.011211896758378482,4.158976511761452,0.974658814878038,0.8187237731065409,0.9583370542570705,-0.04166154480724568,-1.0635750947412887e-07,-0.006467152508785379,-0.005502551269969791,,0.1517539471928025,0.07953085705458462,,,0.07361188592258495,0.24077617542336627,0.10069750852064258,0.10069614433085171,0.07409362606325737,0.07256552010098291,0.06579569374097058
289,53031,WA,732,ok,acceptable (VEI within +/-10),0.8654834511784513,14.458916619440545,1.0058896235425587,0.011619889609075302,-3.7603526446306814,0.9935267573724655,0.8190546261684619,0.9906368472359659,-0.009361774599120893,-5.064292971128623e-08,-0.0020003874553686796,-0.004560929406594028,,0.16734142749293884,0.07163792728851397,,0.1382111105363869,0.052814093637842466,0.23315480204514674,0.06595018077869504,0.06594694318591929,0.06506654927696334,0.052213906281364846,0.06239836367989795
290,01027,AL,87,skipped (fewer than 100 sales),,,,,,,,,,,,,,,,,,,,,,,,,
291,29043,MO,1535,ok,UNACCEPTABLE progressivity,0.7316554413328606,19.85350506179265,1.000997046308322,0.08128220695669834,26.344798774131373,1.0075566545270012,0.7480647889144338,0.9865295706483694,-0.013467248643282248,-1.4032569049099845e-08,0.001972192733304956,0.004171430495378936,,0.2154232325616405,0.024210577137307402,,,,,0.056568579776785366,0.05655867969619242,0.019478715210589567,,
292,41015,OR,252,ok,acceptable (VEI within +/-10),0.9080368421052631,12.1374739838041,1.0144535241333548,-0.019152898024811852,0.5161882502820401,0.9473486237375213,0.8418781589472768,0.9220642164306432,-0.07793598444861777,-1.6592076826833207e-07,-0.013011477144066141,-0.013167400792654993,,0.14664561175640928,0.13863206315546278,0.11796956776740992,0.046174821748615515,0.10703153552714934,0.1484600320866523,0.13259545434240153,0.13259536861671292,0.11132008264324468,0.10631842053949064,0.1278273155106866
293,30023,MT,0,no residential sales in 2016,,,,,,,,,,,,,,,,,,,,,,,,,
294,48331,TX,200,ok,acceptable (VEI significance <= 10),0.8132166236303999,29.298673482110157,1.0459529644522032,0.03459306302436481,19.929977296986454,0.8933375641876115,0.6619252353302649,0.9178167794023198,-0.08217003704004519,-5.147662573987821e-07,-0.03772998551528106,-0.045718268686244956,,,0.2290062394305553,,,0.23284141167070216,,0.20900520567089834,0.208729971313433,0.16092112566369612,0.21424013053829505,0.22080485854108536
295,13005,GA,91,skipped (fewer than 100 sales),,,,,,,,,,,,,,,,,,,,,,,,,
296,21181,,0,no residential sales in 2016,,,,,,,,,,,,,,,,,,,,,,,,,
297,13075,GA,165,ok,acceptable (VEI within +/-10),0.9734444444444444,29.757637369161912,1.089186982491624,-0.012236391775925573,1.7111869493791207,0.8813907392672062,0.7493365097932134,0.9197643955477479,-0.08022676044990566,-1.3832539371158794e-06,-0.05011487146800886,-0.06329911979831349,0.21248518633777772,,,0.1330202470391815,0.1064057053046969,,,,,,,
298,45063,SC,0,no residential sales in 2016,,,,,,,,,,,,,,,,,,,,,,,,,
299,49041,UT,253,ok,acceptable (VEI within +/-10),0.781595744680851,20.193312918729543,1.0241312215355616,0.021893095385867728,-9.96009257286186,0.8799065073559841,0.6860884124281293,0.9128577823774084,-0.08713865092965824,-5.330817517284196e-07,-0.02905865034719901,-0.0287374303277943,,0.22883354131532982,0.15592536854227393,,0.17510624652647744,0.16731097945294018,,0.1498326645884047,0.14982783014358134,0.1391717019142772,0.15340119302635927,0.145623227940658
300,30027,MT,0,no residential sales in 2016,,,,,,,,,,,,,,,,,,,,,,,,,
301,36081,NY,239,ok,acceptable (VEI within +/-10),0.9135922330097087,12.655818465214375,1.0212789265046478,-0.039853015420074855,-3.7516751045350967,0.8913602907711203,0.8143335767200018,0.8649848373158967,-0.13501511437773966,-1.1816145765685672e-07,-0.025099627019264492,-0.023517912391873397,,0.15477803016922093,0.13272701932886372,0.1599841861495413,0.07759022546113119,0.1324683718587261,0.21227510774781133,0.1550838464823342,0.15508370895066276,0.14143866494877896,0.12802162908741258,0.12336544245529515
302,01029,,0,no residential sales in 2016,,,,,,,,,,,,,,,,,,,,,,,,,
303,50015,VT,411,ok,acceptable (VEI significance <= 10),1.0077966101694915,17.383731513218603,1.0808590435700443,-0.04953020541117436,-20.52883357626043,0.8947485809646757,0.7667570987527533,0.9073293085018656,-0.0926703397680869,-1.3019476689429525e-07,-0.046140589825507394,-0.0537216496311026,0.05345306545109533,0.20571179297722628,0.23660100451312244,0.22867428859715322,,0.23058727714085026,,0.23399148064985423,0.23399139249976555,0.201458860218324,0.23281156173191642,
304,28129,MS,24,skipped (fewer than 100 sales),,,,,,,,,,,,,,,,,,,,,,,,,
305,48375,TX,1110,ok,acceptable (VEI within +/-10),0.847342834273931,20.401850643504268,1.0325875713784167,0.019769162142544133,2.6661599501590754,0.9392982121962428,0.7154034899446187,0.9558686694727018,-0.044120325114671885,-2.1629116132751605e-07,-0.0230288968419623,-0.02849969269985886,,0.22515379193207968,0.17020488971853004,,,0.19753115483652653,,0.14468374261831046,0.14466862689488225,0.1314720512737876,0.1893010056548386,0.20938039054739205
306,13235,GA,118,ok,acceptable (confidence intervals overlap),1.0704628973550108,28.507453518458256,1.1927602564932396,-0.04865995992829008,-14.753056077337659,0.8038251363219893,0.5095011710270343,0.877144228226786,-0.12285144778663352,-8.831852326808615e-07,-0.09489124493115808,-0.12936342985547133,,,,0.19745979008063969,0.23349471365855717,,,,,,,
307,13171,GA,272,ok,acceptable (confidence intervals overlap),0.9138148358138436,37.80287711307284,1.0866767628039469,0.021199523934134122,16.682722166500472,0.8850748516741018,0.7692803518097651,0.8388761104151197,-0.1610955107760827,-1.4564189784247218e-06,-0.04229704838513326,-0.036232676305626876,,,,,,,,,,,0.24091503336455716,0.19600192768848426
308,48145,,0,no residential sales in 2016,,,,,,,,,,,,,,,,,,,,,,,,,
309,31065,NE,0,no residential sales in 2016,,,,,,,,,,,,,,,,,,,,,,,,,
310,08109,,0,no residential sales in 2016,,,,,,,,,,,,,,,,,,,,,,,,,
311,38059,ND,446,ok,acceptable (VEI significance <= 10),0.8350238060885875,19.123988624691926,1.0026966609285646,0.04962177422727357,18.562419568623213,0.9919249746255666,0.7545544780230937,1.0265528517268265,0.026561163258359555,-3.634554484610411e-08,-0.0021830861639533516,-0.005191440378774059,,0.2151351033973924,0.04634663921665369,,,0.043181337159791985,0.23907908665181735,,,0.04920344565307589,0.04095321544709352,0.07700835581251432
312,47159,TN,0,no residential sales in 2016,,,,,,,,,,,,,,,,,,,,,,,,,
313,27047,,0,no residential sales in 2016,,,,,,,,,,,,,,,,,,,,,,,,,
314,40063,OK,119,ok,acceptable (confidence intervals overlap),0.6645,57.04885166801805,1.4831482400180798,-0.1086925555512676,-22.679988371297615,0.6505438404601894,0.21718452642407304,0.593399181930713,-0.406578980858557,-1.5892304950815548e-06,-0.19108451623043154,-0.24484864725819855,,,,,,,,,,,,
315,13195,GA,458,ok,acceptable (confidence intervals overlap),0.7953011627906976,35.659867431881885,1.1443361455344547,0.037296397063279293,15.764874433576523,0.7932010867858998,0.34966794576713217,0.7127920694484834,-0.2872044322546217,-2.8412600725635035e-07,-0.08269836880112003,-0.10204304700880118,,,,,,,,,,0.17124083010394037,,
316,26149,MI,967,ok,acceptable (VEI significance <= 10),0.9083333333333333,25.570743207959886,1.0881566285860913,-0.09129500525431941,-25.444500453674774,0.8449744240524303,0.7462998408509556,0.7734858436020317,-0.2265141453718832,-1.1629976738683026e-06,-0.05508034444882437,-0.05322749349752676,,0.2383189766684954,0.24657502948954987,0.2490647086000338,,0.24568165134651954,,,,0.2405776727211264,0.24416219410037202,0.22848643494336687
317,26093,MI,3284,ok,acceptable (VEI within +/-10),0.913327712197864,11.820783819429227,1.0035502947434374,0.013641516808236215,4.114159361849863,0.9908862422222122,0.8998320042116273,0.9890279453657329,-0.010971192384596956,-4.650096605127907e-08,-0.0024883606296011163,-0.002523776747926476,,0.1425505666066773,0.06818045281000881,,,0.05026501645336801,0.16278972920353235,0.06089190465751177,0.0608973514177922,0.06375991764322912,0.04945973346972402,0.048966662733968984
318,26079,MI,0,no residential sales in 2016,,,,,,,,,,,,,,,,,,,,,,,,,
319,19001,,0,no residential sales in 2016,,,,,,,,,,,,,,,,,,,,,,,,,
320,04019,AZ,17680,ok,acceptable (VEI within +/-10),1.4662677309387213,14.457339309003585,1.022068706004162,0.036221313896580974,9.010716113445959,0.9715183431952598,0.8941571763694036,1.0154536399610454,0.01545152193068651,-2.023940555074015e-08,-0.010539716004871247,-0.02037476251095094,,0.1688077631156011,0.1426881509252905,,,0.11750545665692545,0.13575371191665675,,,0.1393734023585411,0.11612896538954062,0.15596256487815746
321,31175,NE,0,no residential sales in 2016,,,,,,,,,,,,,,,,,,,,,,,,,
322,40023,OK,93,skipped (fewer than 100 sales),,,,,,,,,,,,,,,,,,,,,,,,,
323,37071,NC,2840,ok,acceptable (VEI within +/-10),0.8801685162663424,18.49015467131473,1.0649106201094662,-0.019615664862000913,-6.45300037681249,0.9015848430646126,0.4335563489370886,0.9157135901171664,-0.08428483113010399,-7.356318944826641e-08,-0.03719230286767594,-0.045899379205667445,,0.21224810399490845,0.23051272155517122,0.1656644102379893,0.15197778286717178,0.20928692472468158,,0.20747644762041736,0.20747465773746795,0.11249134593820383,0.20830025421768067,0.22119868079967828
324,21057,KY,0,no residential sales in 2016,,,,,,,,,,,,,,,,,,,,,,,,,
325,13275,GA,646,ok,acceptable (VEI within +/-10),0.9644900032661441,20.185172877543522,1.0457425104848053,-0.008528608735044501,-0.010371689645429463,0.9471378674343727,0.8214431414736472,0.9501653515088404,-0.049832434490124235,-9.759685371190306e-08,-0.02357752161468074,-0.026786007751867125,,0.2341012302271311,0.23944203424515562,0.14919980297679858,0.011752954532035464,0.21317955963962934,0.24090188686072514,0.20648441888390223,0.20650657820926757,0.20080104390375536,0.21160690126920945,0.23998912425564667
326,12103,FL,26943,ok,acceptable (VEI within +/-10),0.7818857142857143,15.03297913909579,1.031780108094948,0.0003061905443848782,2.2775319662702316,0.9708853013661994,0.610303625032313,0.9752193083263903,-0.024778577810012255,-4.2613149359833455e-09,-0.013979700386994809,-0.020573566781606045,,0.1759661934304215,0.17629420856850442,,,0.14751985604266069,,0.12386657948200203,0.12386187395837825,0.11358984115817589,0.14713714426677038,0.20348648910326475
327,48051,TX,138,ok,acceptable (VEI significance <= 10),0.7596369486369486,33.905049259907194,1.0573736596614742,0.10202821632774058,53.97952764145745,0.8525035318838772,0.4434290539312152,0.9447870583098329,-0.05518310900355014,-4.333602153310713e-07,-0.052009561029012774,-0.07154003893405636,,,0.22631803116867494,,,,,0.21041229510877277,0.21043156443693967,0.1500464138215393,,
328,31077,NE,0,no residential sales in 2016,,,,,,,,,,,,,,,,,,,,,,,,,
329,48429,TX,51,skipped (fewer than 100 sales),,,,,,,,,,,,,,,,,,,,,,,,,
330,51710,VA,0,no residential sales in 2016,,,,,,,,,,,,,,,,,,,,,,,,,
331,35013,NM,1955,ok,UNACCEPTABLE progressivity,0.862915339098771,35.59429759910682,2.0976100779902986,-0.013096619049448055,55.60140398575082,0.24981404135379534,-0.003090844535195688,0.02013504509315038,-0.979868457858396,-5.15090465326869e-08,-0.4579480230064268,-0.5403569125684802,,,,0.17501710924416072,,,,,,0.05551281243369195,,
332,46099,,0,no residential sales in 2016,,,,,,,,,,,,,,,,,,,,,,,,,
333,17021,IL,0,no residential sales in 2016,,,,,,,,,,,,,,,,,,,,,,,,,
334,29045,,0,no residential sales in 2016,,,,,,,,,,,,,,,,,,,,,,,,,
335,51091,VA,28,skipped (fewer than 100 sales),,,,,,,,,,,,,,,,,,,,,,,,,
336,47019,TN,832,ok,acceptable (VEI within +/-10),0.9933165829145729,20.378633437065613,1.056686275270891,-0.03668787531854052,-1.72683614740221,0.9099071882689189,0.8853133897245768,0.9103351773045021,-0.08966657328725071,-9.791990115722722e-07,-0.033790229892769696,-0.036588807589440275,0.1200957179339716,0.22289609866365473,0.21783496976831235,0.22203984595498663,0.12550099604062537,0.21040129163909882,0.21781729974517655,0.24196880191089226,0.24196943619315803,0.2251211972359052,0.20922084363991839,0.20412794880021096
337,37073,NC,76,skipped (fewer than 100 sales),,,,,,,,,,,,,,,,,,,,,,,,,
338,19057,IA,0,no residential sales in 2016,,,,,,,,,,,,,,,,,,,,,,,,,
339,16067,ID,0,no residential sales in 2016,,,,,,,,,,,,,,,,,,,,,,,,,
340,27171,,0,no residential sales in 2016,,,,,,,,,,,,,,,,,,,,,,,,,
341,16007,ID,0,no residential sales in 2016,,,,,,,,,,,,,,,,,,,,,,,,,
342,37175,NC,634,ok,acceptable (VEI within +/-10),0.9342032576917723,13.363437683224486,1.0121303411046356,-0.008376611423884845,-5.105289887871686,0.9852274344422528,0.9061514778050421,0.9660230543062789,-0.03397712354003832,-7.527274886022232e-08,-0.005175050599590003,-0.0050022546962604775,,0.15801832159526807,0.10826821904875109,0.09928917997776276,0.15716365478221409,0.07587291032945886,0.23639930290665664,0.14050858714122408,0.1405097496548606,0.10378331846161323,0.07462924069527495,0.07184883343504075
343,39083,OH,0,no residential sales in 2016,,,,,,,,,,,,,,,,,,,,,,,,,
344,44001,RI,0,no residential sales in 2016,,,,,,,,,,,,,,,,,,,,,,,,,
345,54063,,0,no residential sales in 2016,,,,,,,,,,,,,,,,,,,,,,,,,
346,21225,,0,no residential sales in 2016,,,,,,,,,,,,,,,,,,,,,,,,,
347,42093,PA,154,ok,acceptable (confidence intervals overlap),0.7306059939076333,24.28261654284057,1.0475891344337178,-0.04067792718645463,-22.195960735060794,0.8972036335727138,0.696997268663646,0.8473461940368902,-0.15265194731461051,-5.355609627893902e-07,-0.03270459476666976,-0.026425267083050707,,,0.23978186758561137,0.2346346647393587,,0.1766051865371624,,0.22160449984960087,0.221602639549256,0.1465089269866657,0.15524119613767104,0.1756330456077161
348,49045,UT,1274,ok,acceptable (VEI significance <= 10),0.7895757755336519,15.05039141965071,1.0084514700822689,0.0630974095277501,10.809653185807278,0.9306753403782333,0.7089740854417188,0.9283207822749612,-0.07167786988213362,-2.1250961497870707e-07,-0.013182573159067124,-0.013895087104330406,,0.18077065045510904,0.08759258267788925,,,0.10047473681860289,0.24153123871845364,0.10005345312070123,0.10005192993031917,0.0898420767597437,0.09335171135201285,0.0964381589957349
349,42013,PA,1245,ok,UNACCEPTABLE regressivity,1.059504132231405,26.611478529938005,1.232439533610195,-0.1386650522174491,-37.15172486598713,0.6818602096081064,0.0677664137650121,0.7297241822248878,-0.2702732617581573,-2.5540804430214584e-07,-0.13438757814266133,-0.16017240633170604,,,,,,,,,,0.13444573881019659,,
350,26041,,0,no residential sales in 2016,,,,,,,,,,,,,,,,,,,,,,,,,
351,48315,TX,47,skipped (fewer than 100 sales),,,,,,,,,,,,,,,,,,,,,,,,,
352,13137,GA,677,ok,acceptable (confidence intervals overlap),0.8736666666666667,17.763714787479415,1.020446667003974,0.021563554994206188,10.47383886242439,0.9549424383102793,0.7027961014956333,0.9937802229293107,-0.006214469574366095,-1.7151128963275574e-07,-0.015781961885899642,-0.02154472629714088,,0.192119999300546,0.1314831295821765,,,0.14978775801778643,,0.06042399859623112,0.060410038262822804,0.08814619201457878,0.14185840765915755,0.13496516921306562
353,38097,,0,no residential sales in 2016,,,,,,,,,,,,,,,,,,,,,,,,,
354,12073,FL,4144,ok,acceptable (VEI within +/-10),0.8181818181818182,15.191595289240702,1.1071245696505123,-0.027289992251661208,-9.623732026143786,0.887027977647319,0.5478041832595074,0.9364933618469169,-0.06350373793148638,-2.771892045519221e-08,-0.056002792290607006,-0.07458797083456559,,0.1777693004542919,,0.1908289200793777,0.2287049307645566,,,0.1930810843317428,0.1930789643820356,0.17250175212078367,,
355,37161,,0,no residential sales in 2016,,,,,,,,,,,,,,,,,,,,,,,,,
356,12049,FL,247,ok,acceptable (VEI significance <= 10),0.8054,33.75390531653506,1.3594639071806665,-0.10678258277552309,-20.11971842021446,0.6414724392001451,0.15491062226303684,0.6604100232229472,-0.33958307561902,-6.428050244035914e-07,-0.17893836378074712,-0.23628824062335374,,,,,,,,,,0.12584483759190365,,
357,06015,CA,0,no residential sales in 2016,,,,,,,,,,,,,,,,,,,,,,,,,
358,21201,,0,no residential sales in 2016,,,,,,,,,,,,,,,,,,,,,,,,,
359,41013,OR,597,ok,acceptable (confidence intervals overlap),0.7751546391752577,18.67581072395994,1.0033656599646854,0.016665047523318547,13.944156127737662,1.0278425014736665,0.6835648040939989,0.9896207811660198,-0.010376640037803312,-1.757142006146004e-08,0.009824530786359809,0.012610719447534446,,0.20586518321751152,0.06359696353836782,,,,,0.06520010683292811,0.06517311617941962,0.0369283935716574,,
360,22113,,0,no residential sales in 2016,,,,,,,,,,,,,,,,,,,,,,,,,
361,32017,NV,0,no residential sales in 2016,,,,,,,,,,,,,,,,,,,,,,,,,
362,12019,FL,5328,ok,UNACCEPTABLE regressivity,0.7800335104913771,35.84148093085159,1.7193977689777409,-0.12852272883023777,-33.83545151448751,0.2983198334009263,0.014654870633946972,-0.08448407409433269,-1.0844917605157907,-2.961847047036872e-07,-0.3642387806709948,-0.4350223174302532,,,,,,,,,,0.17620737540544343,,
363,42123,PA,0,no residential sales in 2016,,,,,,,,,,,,,,,,,,,,,,,,,
364,48231,TX,785,ok,acceptable (confidence intervals overlap),0.7977777777777778,26.269317839396866,1.035152630399641,0.033561335909757524,10.761648328797154,0.9327807433802567,0.6536697614997341,0.8811741331134428,-0.11882372569437977,-3.1637344411819044e-07,-0.02327185533650722,-0.0267973279976772,,,0.17694940496134204,,,0.19310138334881866,,,,0.13533556819603967,0.1892349386474942,0.17221419992731002
365,37135,NC,0,no residential sales in 2016,,,,,,,,,,,,,,,,,,,,,,,,,
366,21175,KY,10,skipped (fewer than 100 sales),,,,,,,,,,,,,,,,,,,,,,,,,
367,12005,FL,5045,ok,acceptable (VEI within +/-10),0.7827083333333333,16.046992541775722,1.076220204360341,0.0009713462706713309,4.886739979253747,0.9072154143930988,0.46324920485976645,0.9641846747586219,-0.03581241028531994,-1.1087950554419361e-08,-0.040632268147455575,-0.058637425537166665,,0.1887716997606237,0.23331326753715861,,,0.22502626208416196,,0.13572734251544502,0.13572169493037284,0.11947582067447089,0.22574487494627676,0.24764137116093485
368,39021,OH,589,ok,acceptable (VEI within +/-10),0.9026535253980288,20.40927023603796,1.135676560748628,-0.02544250589741309,1.1455739404881813,0.8133639113625326,0.47795006525922,0.8867823005700415,-0.11321456739352166,-2.0803864714229787e-07,-0.08146021845778995,-0.10535236958794236,,0.22419619695549978,,0.16690398985424315,0.0701938950514573,,,0.2345536122840799,0.23456165054703598,0.19163160781234884,,
369,35028,,0,no residential sales in 2016,,,,,,,,,,,,,,,,,,,,,,,,,
370,31045,NE,0,no residential sales in 2016,,,,,,,,,,,,,,,,,,,,,,,,,
371,16055,ID,2498,ok,acceptable (VEI within +/-10),0.8068488918371242,15.492348604749163,1.0140393528128802,0.020768273239911865,3.0898835552058403,0.9329527318017503,0.7218577171607408,0.9163502528335106,-0.08364893904543141,-1.1572630636256928e-07,-0.016337766534395115,-0.014770333176529649,,0.18264770663668867,0.11386906766439539,,,0.11743793639787015,,0.13018823294744283,0.13018780228893384,0.09468299909828051,0.11098880712305116,0.10617291417421379
372,29179,,0,no residential sales in 2016,,,,,,,,,,,,,,,,,,,,,,,,,
373,39119,OH,1422,ok,acceptable (confidence intervals overlap),0.7890363055655003,37.31261033788472,1.32980958123671,-0.019542448059920253,11.216574193432349,0.6596237152825308,0.12903503074337058,0.6776304065254244,-0.3223445257066589,-5.49126001921901e-07,-0.16654620649598106,-0.2297535486646014,,,,0.23592336611360723,,,,,,0.18080386919160865,,
374,48157,TX,13162,ok,UNACCEPTABLE progressivity,0.8219864825763432,40.716952714450024,2.1572652201449873,0.12373286176805764,79.07340255687296,0.32107735149797184,0.001244118212576752,0.30205519663079516,-0.6979424866970747,-2.0779814684523393e-09,-0.43575228959961,-0.5364846719846723,,,,,,,,,,0.04954941519375456,,
375,13029,GA,881,ok,acceptable (VEI significance <= 10),0.9138728323699422,14.028678486360802,1.0078251217119536,0.028327290851162604,10.246718360781184,0.9475734170017239,0.8066320940443901,1.009808976980604,0.009812072532055023,-8.381798393508955e-08,-0.015794514126076686,-0.020386144888730362,,0.1673902636989002,0.09343439706564043,,,0.11780932288825206,,,,0.06598932861487773,0.11472123875517193,0.12442870056465549
376,51177,VA,0,no residential sales in 2016,,,,,,,,,,,,,,,,,,,,,,,,,
377,31099,,0,no residential sales in 2016,,,,,,,,,,,,,,,,,,,,,,,,,
378,27089,MN,74,skipped (fewer than 100 sales),,,,,,,,,,,,,,,,,,,,,,,,,
379,12086,FL,36040,ok,acceptable (VEI within +/-10),0.765042037692371,13.95415003793716,1.0179319130095954,0.01796345670127486,6.8340058725810175,0.9854407499120906,0.5087869117555714,0.9980469195365311,-0.0019517504804511198,-2.6902486476887117e-09,-0.007186568089914358,-0.01673917919554624,,0.16457748310861223,0.12852236576259135,,,0.12030846511345931,,0.03434413721635701,0.034334542781334174,0.07185690284792252,0.12003674851011788,0.17722915901452937
380,29095,MO,0,no residential sales in 2016,,,,,,,,,,,,,,,,,,,,,,,,,
381,06031,CA,0,no residential sales in 2016,,,,,,,,,,,,,,,,,,,,,,,,,
382,51175,,0,no residential sales in 2016,,,,,,,,,,,,,,,,,,,,,,,,,
383,41003,OR,1163,ok,acceptable (VEI within +/-10),0.895,9.709328082650389,1.0150863895979578,-0.02572099175824101,-5.018103179934141,0.9051778677034757,0.777322729792719,0.9136410671486959,-0.08635840107278397,-1.6931833088917529e-07,-0.02067178033605499,-0.021239761995730078,,0.11725906017167578,0.11405476436561225,0.09558050764753921,0.10868322329502694,0.11251999161188682,0.2234903877914806,0.11163150333601927,0.11163127703716516,0.10070240443406216,0.11212917168045872,0.11375952386847182
384,48391,TX,35,skipped (fewer than 100 sales),,,,,,,,,,,,,,,,,,,,,,,,,
385,18019,,0,no residential sales in 2016,,,,,,,,,,,,,,,,,,,,,,,,,
386,12017,FL,4592,ok,acceptable (VEI within +/-10),0.7530327372491045,18.72501162169486,1.018559445033272,-0.00027465388232679634,-0.7107505987122409,0.9816727742936073,0.7495421729684394,0.9775120480121042,-0.02247626544540764,-1.820515213580742e-07,-0.007323324753928162,-0.005918908437205994,,0.21336447776708758,0.12504858752672054,0.030171315462642737,0.08822468259099193,0.1093267984894948,,0.1321908530717766,0.13215196626460873,0.10962045819255736,0.10848426463765108,0.08992075652186389
387,54085,,0,no residential sales in 2016,,,,,,,,,,,,,,,,,,,,,,,,,
388,50001,VT,379,ok,acceptable (VEI within +/-10),0.9981884057971014,21.319476465300486,1.0462313724561025,-0.027474599766742255,-1.5706614932098368,0.9085410723873407,0.8060794442541216,0.8934984183233311,-0.10650246598969536,-3.419044313624468e-07,-0.02867257020095959,-0.030383083641401853,0.040917458680504934,0.22350438013735915,0.19540368049783702,0.17380058282439698,0.1198674398933889,0.18597956849326708,,0.22686860602133263,0.22686617822800734,0.19332833112137138,0.18930995413194457,0.18469419897191874
389,51760,VA,0,no residential sales in 2016,,,,,,,,,,,,,,,,,,,,,,,,,
390,18151,IN,551,ok,acceptable (confidence intervals overlap),0.8057553956834532,31.182154355075376,1.0644916783993805,0.033105456035335476,17.646785917375635,0.8564592850602372,0.5798070044751575,0.7762267687621157,-0.22375880152182276,-5.481141952295589e-07,-0.04783662630304697,-0.05287079976353759,,,0.2386245619739964,,,,,,,0.2143355760865749,,
391,28133,MS,49,skipped (fewer than 100 sales),,,,,,,,,,,,,,,,,,,,,,,,,
392,18015,IN,310,ok,acceptable (VEI within +/-10),0.7464619289340102,30.814616768901953,1.0770106063415597,0.06694160613162188,7.063991515138141,0.7564789292837071,0.4037142662992578,0.8279345902018551,-0.1720437673479963,-9.266570947477641e-07,-0.0744144882087927,-0.0832860386489993,,,0.24807668579148504,,,,,,,0.17198043033594,,
393,48239,TX,123,ok,acceptable (confidence intervals overlap),0.7130177514792899,32.317677875028465,1.299825204658051,0.03742494218608545,17.77978253195818,0.6554471886420143,0.059434911020609035,0.8639769992851041,-0.13600518166589665,-1.5856651515342727e-07,-0.16973718812555094,-0.24576987350648039,,,,,,,,,,0.12390452663091864,,
394,41037,,0,no residential sales in 2016,,,,,,,,,,,,,,,,,,,,,,,,,
395,20013,KS,40,skipped (fewer than 100 sales),,,,,,,,,,,,,,,,,,,,,,,,,
396,50019,VT,406,ok,acceptable (VEI within +/-10),1.0361133603238866,19.76622292916414,1.0296524126242914,-0.017758905918333526,-3.7133497532015323,0.9607668221315329,1.0255734724029923,0.9269922714387996,-0.0730092564768238,-3.2445857131924813e-07,-0.014217772335712198,-0.011043945115945863,,0.21950522950429,0.14563788714147968,0.12434653414196159,0.13969520407685018,0.14506510825572574,,0.1923178070957171,0.19232186392736883,0.1815627307078129,0.14294033564602499,0.091282682699783
397,17167,,0,no residential sales in 2016,,,,,,,,,,,,,,,,,,,,,,,,,
398,13043,GA,95,skipped (fewer than 100 sales),,,,,,,,,,,,,,,,,,,,,,,,,
399,48069,TX,32,skipped (fewer than 100 sales),,,,,,,,,,,,,,,,,,,,,,,,,
400,33001,NH,0,no residential sales in 2016,,,,,,,,,,,,,,,,,,,,,,,,,
401,48451,TX,1461,ok,acceptable (VEI within +/-10),0.92266139657444,19.4064639432152,1.0358546698030968,0.0377170276155443,8.884020802051213,0.9018183623680676,0.5157169992842137,0.9769894668181712,-0.023007973113307306,-2.1421265490031257e-07,-0.03336888805683502,-0.04728360890133443,,0.21566883437094242,0.1881226541897674,,,0.20630691246799046,,0.10219593814250373,0.10219202707594519,0.11750806144852981,0.20367278758510093,0.20105457824548803
402,48193,TX,85,skipped (fewer than 100 sales),,,,,,,,,,,,,,,,,,,,,,,,,
403,53023,WA,32,skipped (fewer than 100 sales),,,,,,,,,,,,,,,,,,,,,,,,,
404,13007,GA,20,skipped (fewer than 100 sales),,,,,,,,,,,,,,,,,,,,,,,,,
405,20185,KS,39,skipped (fewer than 100 sales),,,,,,,,,,,,,,,,,,,,,,,,,
406,13151,GA,6054,ok,UNACCEPTABLE regressivity,0.8439388080072794,38.98134044180341,1.6794098278163627,-0.11324137251935715,-84.58256969166459,0.3075579250895531,0.4668422562071358,-0.11904348896345698,-1.1190464209094086,-1.2758672951175453e-07,-0.3630580753526669,-0.38077668468235726,,,,,,,,,,,,
407,44003,RI,0,no residential sales in 2016,,,,,,,,,,,,,,,,,,,,,,,,,
408,13079,GA,169,ok,UNACCEPTABLE regressivity,1.1363779527559055,42.04724272285032,1.225969636190865,-0.1450984339066463,-52.402117593619124,0.803641113274315,0.8814902408604233,0.7513165203413801,-0.24869081156856893,-4.695165701012713e-06,-0.08876517836744702,-0.09312818766954889,,,,,,,0.21643624857024013,,,,,
409,30057,,0,no residential sales in 2016,,,,,,,,,,,,,,,,,,,,,,,,,
410,18129,IN,256,ok,acceptable (VEI significance <= 10),0.8287343606564141,19.85185137501691,1.0598153307386236,-0.07153085016643058,-17.75482508802672,0.8101142119384663,0.6327447479108417,0.8333414724666529,-0.16665631869194744,-9.312160031001793e-07,-0.0573349433755963,-0.060829205446030654,,0.23040605617142113,0.2112403619881772,0.20341248068741552,,0.21877312253872702,,0.21088042999365175,0.21087923487407545,0.18357947505788652,0.2182587508497032,0.22021256334492456
411,20191,,0,no residential sales in 2016,,,,,,,,,,,,,,,,,,,,,,,,,
412,18035,IN,1043,ok,acceptable (VEI within +/-10),0.9023696682464455,19.245623563138018,1.05238904204839,-0.0297375634454307,-8.79083481230017,0.8738505631885904,0.5246032013699007,0.8818946939005777,-0.11810381194689794,-4.060043914737156e-07,-0.04215092187334757,-0.04456012463579917,,0.22042209087278888,0.21573823071363066,0.13289463883669933,0.13310445952133773,0.21924099307860917,,0.2085147546185387,0.20851305100464704,0.14480181974761006,0.21670129665919735,0.215329305509546
413,21051,,0,no residential sales in 2016,,,,,,,,,,,,,,,,,,,,,,,,,
414,17145,IL,0,no residential sales in 2016,,,,,,,,,,,,,,,,,,,,,,,,,
415,40005,,0,no residential sales in 2016,,,,,,,,,,,,,,,,,,,,,,,,,
416,48303,TX,2163,ok,acceptable (VEI significance <= 10),0.9343307692307692,17.630431988310793,1.02444795154388,0.02078476832036103,12.03241429287028,0.9273817800516785,0.7629505589017587,0.9597547884388878,-0.04024283900299994,-2.4464565302726643e-07,-0.023723588703044918,-0.028211132264776895,,0.1981767109979309,0.14603591952234082,,,0.16270144298510236,,0.12533006157898663,0.125326589290581,0.13250426477756966,0.15932894644263187,0.16630344753079562
417,05019,,0,no residential sales in 2016,,,,,,,,,,,,,,,,,,,,,,,,,
418,09180,CT,0,no residential sales in 2016,,,,,,,,,,,,,,,,,,,,,,,,,
419,21049,KY,0,no residential sales in 2016,,,,,,,,,,,,,,,,,,,,,,,,,
420,48133,TX,121,ok,acceptable (VEI within +/-10),0.8742323097463285,30.29471114959079,1.0676815261100856,0.020577358081468537,-0.07719013889076058,0.872371397270371,0.6450852650431483,0.8584824276790615,-0.14150448292489,-1.1469022139102835e-06,-0.0472718821738527,-0.06664370219047888,,,0.1907458214350192,,0.004467076279520805,0.2439802723842372,,,,0.22061110129088723,0.22420110886814235,0.2459790488277338
421,29005,,0,no residential sales in 2016,,,,,,,,,,,,,,,,,,,,,,,,,
422,26049,MI,0,no residential sales in 2016,,,,,,,,,,,,,,,,,,,,,,,,,
423,12039,FL,468,ok,UNACCEPTABLE regressivity,0.8108642583470169,48.01390868608122,1.3737520208034042,-0.13377491139456504,-26.24864248535746,0.5994624660849125,0.23886383217863053,0.5319470861444191,-0.46804741759783286,-2.3403950450842736e-06,-0.1842811255526826,-0.2236862659211276,,,,,,,,,,,,
424,19021,,0,no residential sales in 2016,,,,,,,,,,,,,,,,,,,,,,,,,
425,13199,GA,424,ok,UNACCEPTABLE progressivity,0.8689331603657029,65.72695847923282,1.291251474118934,0.056396581993828264,84.14957927469953,0.7336147594045276,0.4451278878975367,0.6148387743442595,-0.38515724922568834,-1.0674951914041594e-06,-0.13269145869179821,-0.15570431207299928,,,,,,,,,,,,
426,48037,TX,744,ok,acceptable (VEI within +/-10),0.887355272071741,20.07419225648091,1.057049562892969,-0.012296122959376448,-7.292807565065586,0.8761702184866677,0.5938544877253628,0.9228950090322234,-0.07710094066655158,-3.7272012053212243e-07,-0.04436271216188148,-0.053664890507589824,,0.22421027619717074,0.2220174311279902,0.10158899980075242,0.1732669008340863,0.22532329733092177,,0.1860776893736783,0.18606440545214242,0.17292267805873537,0.22510474023535895,0.2366904906754427
427,05003,,0,no residential sales in 2016,,,,,,,,,,,,,,,,,,,,,,,,,
428,29091,,0,no residential sales in 2016,,,,,,,,,,,,,,,,,,,,,,,,,
429,22071,LA,5120,ok,acceptable (VEI within +/-10),0.722542735042735,37.11054237468972,1.128555711691961,-0.0298733522330827,2.0743176308510205,0.866430790852485,0.5349270873672503,0.8447477941067025,-0.15524504780951504,-2.8860910393427746e-07,-0.059196301215361125,-0.062216200621151296,,,,,,,,,,0.23003045994935714,,
430,22101,LA,122,ok,acceptable (VEI within +/-10),0.95,0.002014080583114235,0.9999962166974286,7.890362931205819e-06,0.0,1.000006693016529,0.9500034726573373,1.0000103426679072,1.1385158229990912e-05,8.028701586464488e-11,2.162039908881752e-06,2.198196644709327e-06,,2.4372081468969645e-05,0.000431306196495241,0.0006242568505650246,0.0,0.000570868453894935,0.11494425822081797,0.0003214378963764188,0.0003538493133414417,0.00038906217994483824,0.0005718430568701386,0.0006880645342316387
431,36099,NY,350,ok,acceptable (VEI significance <= 10),0.9933152866242039,20.20821910710061,1.0801092736490385,-0.07188569564654256,-14.472049528365467,0.8724495126781835,0.8204438167893966,0.8454986420382118,-0.1545019507930627,-6.760749986747932e-07,-0.05099598711567288,-0.05403198696591871,0.1418961777263572,0.2170173657597314,0.24917456445064343,0.24663493478467133,0.2469162733943195,0.24995458885653854,0.24365868809821883,,,0.24555319439089185,0.24550211856354737,0.2405235152072636
432,19037,,0,no residential sales in 2016,,,,,,,,,,,,,,,,,,,,,,,,,
433,41067,OR,9750,ok,acceptable (VEI within +/-10),0.9173367469879519,8.20620738577677,1.0168206249137084,0.022557408121665384,8.240906173497718,0.965694492062362,0.7875924173734583,1.0004657999959743,0.0004661180109674085,-1.4571908017170165e-09,-0.010742748330588414,-0.014429082852799091,,0.10055168701882133,0.11049925248758614,,,0.10124521486516544,,,,0.11059156065532795,0.10119654067935274,0.12407670719851016
434,13103,GA,1714,ok,UNACCEPTABLE regressivity,0.8607734818065157,40.04040118794327,1.480413596720769,-0.09646096240665425,-106.2278091088076,0.42478996904632815,0.04746652339123937,0.2764769867631509,-0.7235172641754735,-7.972865115154875e-07,-0.2614637279873169,-0.3249331486347846,,,,,,,,,,0.22823604937148573,,
435,26161,MI,4787,ok,acceptable (VEI within +/-10),0.9012614180078294,11.637134925071754,1.0027567717139259,0.017427142484387807,8.433866076318907,0.9901788096449982,0.8862450890371374,0.997193308875971,-0.0028059811655652155,-2.276820685608718e-08,-0.0031278119388655767,-0.004145776116564859,,0.13968304188915426,0.045396699424338945,,,0.052516776894172106,0.19471547075147425,0.029078889637269387,0.029076151833167172,0.041274728160979365,0.05180430605975114,0.05896633164018901
436,37063,NC,0,no residential sales in 2016,,,,,,,,,,,,,,,,,,,,,,,,,
437,55077,WI,288,ok,acceptable (VEI within +/-10),0.987344047770296,19.729497544675564,1.081571452115931,-0.06675495410443466,-7.746163285136222,0.8186339288311336,0.6746908536698922,0.8551827392322944,-0.14481563059964161,-1.3041546851110058e-06,-0.06253173975123527,-0.07376385253844098,0.1895159403796387,0.216023651853524,0.23578139809249005,0.23489973878382633,0.13951989600394746,0.23969502304352744,,0.23936828316741757,0.2393673863225659,0.2189811442439543,0.24073657154994044,
438,48257,TX,1913,ok,UNACCEPTABLE progressivity,0.7545075757575758,39.46564088265097,3.188491506412598,0.07633219601691664,51.26461094211002,0.19381220292273682,2.244486044128843e-05,0.3110557318685185,-0.6889340895300984,-5.68640428343868e-09,-0.599188327710394,-0.6988500663621167,,,,,,,,,,0.007146536885712333,,
439,48401,TX,258,ok,acceptable (confidence intervals overlap),0.8637743083054794,24.962076404831997,1.0277542015227237,0.05629026737132686,18.349094963298544,0.9023660298297184,0.6895662907466127,0.9781882497772075,-0.021804529560874766,-5.09549440181946e-07,-0.02948520910341701,-0.036032124329369974,,0.24717037204933354,0.15358330118908,,,0.1742463156251603,,0.12006798013395238,0.12005696175729907,0.1450664377571308,0.16793202495380555,0.16982242363553662
440,26075,MI,2352,ok,acceptable (VEI significance <= 10),0.9436102651767846,22.979315785501655,1.0597448462355297,-0.05689740855333779,-17.82901995092311,0.9012117478200842,0.8473336012128218,0.8661164937996718,-0.13388337758954327,-9.602929492021138e-07,-0.034207126734378646,-0.03352524831635528,,0.24700205368737524,0.21800421091899091,0.2364200535441505,,0.20274476280446532,0.24466387836378567,0.24085005214466737,0.24084814189628906,0.2228244741587337,0.20026609972753984,0.1818747393860741
441,13045,GA,1817,ok,acceptable (VEI within +/-10),0.9538878266411728,18.39844827340586,1.0521252150407758,0.014380007607798366,7.482179018774106,0.8953387436733006,0.45288157914412036,0.9943540870048535,-0.005640153788445863,-1.3272459029642901e-07,-0.03910139695365489,-0.052648006537055814,,0.2039790163896087,0.20336193693156024,,,0.20229987500756547,,0.06623661366418784,0.06619533794740716,0.11735778680812833,0.20358822363928228,0.2412453902705579
442,48075,,0,no residential sales in 2016,,,,,,,,,,,,,,,,,,,,,,,,,
443,38063,,0,no residential sales in 2016,,,,,,,,,,,,,,,,,,,,,,,,,
444,48403,TX,55,skipped (fewer than 100 sales),,,,,,,,,,,,,,,,,,,,,,,,,
445,41017,OR,5779,ok,acceptable (VEI within +/-10),0.8893836671802774,13.603022439387843,1.0126788309735801,0.02614228058083588,8.132367135396924,0.9706365179439519,0.5482244544159504,0.9940034746024246,-0.005995654659936529,-1.4654807091760377e-08,-0.009094130737065331,-0.013180009792793657,,0.16138941919034702,0.10676326895685088,,,0.09629039700761008,,0.04342174003091296,0.04341844625644483,0.06045325499645297,0.09525602200339364,0.11318761560073766
446,41071,OR,1749,ok,acceptable (VEI within +/-10),0.9278620689655173,13.06992442014345,1.0134766149454042,0.005617636020041829,2.8877633370262603,0.9262629205212131,0.8130261357855362,0.9323874427675641,-0.06761211721997544,-1.6071050489913642e-07,-0.016692547491514054,-0.01675693024310343,,0.15427823842584867,0.10795449592934844,,,0.1062795782746999,0.23427972839728162,0.11174095623431482,0.1117406169633535,0.10113636890185615,0.10370235153481719,0.10269500628014581
447,51033,VA,0,no residential sales in 2016,,,,,,,,,,,,,,,,,,,,,,,,,
448,20099,,0,no residential sales in 2016,,,,,,,,,,,,,,,,,,,,,,,,,
449,35031,,0,no residential sales in 2016,,,,,,,,,,,,,,,,,,,,,,,,,
450,51021,VA,68,skipped (fewer than 100 sales),,,,,,,,,,,,,,,,,,,,,,,,,
451,19113,,0,no residential sales in 2016,,,,,,,,,,,,,,,,,,,,,,,,,
452,29059,MO,152,ok,acceptable (VEI within +/-10),0.6204780552682134,42.13921310924995,1.2209464042520857,0.048615588063645826,5.474112607152362,0.6160634478125463,0.09427680274157103,0.8443937429764635,-0.15556654544996898,-3.3885151224421217e-07,-0.15713969474668965,-0.19638337390548544,,,,,,,,,,0.11865965543039111,,
453,55093,WI,514,ok,acceptable (confidence intervals overlap),0.9130521127781401,13.469128764427968,1.0066977956390435,0.025010542774744775,14.291266116309018,0.965335543106784,0.858687500996631,0.991529174138465,-0.008468806475505922,-1.390431747942737e-07,-0.008849632544132291,-0.009986957694356091,,0.1563662692362941,0.08032822661449028,,,0.08462487833596272,0.16271015557850194,0.06211849941865913,0.06211392041350988,0.08518454162858098,0.08254483424212972,0.08434866936100559
454,37129,NC,0,no residential sales in 2016,,,,,,,,,,,,,,,,,,,,,,,,,
455,27081,,0,no residential sales in 2016,,,,,,,,,,,,,,,,,,,,,,,,,
456,48335,TX,37,skipped (fewer than 100 sales),,,,,,,,,,,,,,,,,,,,,,,,,
457,31133,NE,23,skipped (fewer than 100 sales),,,,,,,,,,,,,,,,,,,,,,,,,
458,29047,MO,0,no residential sales in 2016,,,,,,,,,,,,,,,,,,,,,,,,,
459,28057,,0,no residential sales in 2016,,,,,,,,,,,,,,,,,,,,,,,,,
460,36115,NY,781,ok,UNACCEPTABLE regressivity,1.0,30.778591131860296,1.165648454271928,-0.12212991122685077,-26.340054910183873,0.7807728978532363,0.7145558831751236,0.7905267494240495,-0.20946841320676302,-6.01083481484603e-07,-0.0907305373359808,-0.09300116835536332,0.0,,,,,,,,,,,
461,26137,MI,0,no residential sales in 2016,,,,,,,,,,,,,,,,,,,,,,,,,
462,48217,TX,348,ok,acceptable (confidence intervals overlap),0.8474420866489831,27.740292898423014,1.0630915084600012,0.035643479198088336,15.936949681376166,0.8482733494758121,0.499844349237798,0.9068714149209773,-0.09311900707486526,-7.235528461469264e-07,-0.052325722111552286,-0.06718007650424407,,,0.22391574473445977,,,,,0.22176620968221186,0.22177257534415057,0.18835929096514212,,
463,51009,VA,0,no residential sales in 2016,,,,,,,,,,,,,,,,,,,,,,,,,
464,37041,NC,152,ok,acceptable (confidence intervals overlap),0.9921963562753037,30.152153898399327,1.0666177378236659,-0.020017022642644232,-10.491099572575463,0.9503053566597414,0.9178697232179696,0.9273512625738539,-0.07264663231097156,-5.718176609332503e-07,-0.02113588839203473,-0.020898545781026012,0.09865981460548903,,0.1957631388652713,0.2082780669737103,0.16224822180057277,0.20539515521607485,0.21394239564309733,,,,0.20481126128822,0.1597393617052661
465,39087,OH,619,ok,acceptable (VEI within +/-10),0.9319218241042345,34.38112377389361,1.2404155374806034,-0.060136186640548595,-0.2570797073684884,0.7049287943919423,0.1930673391981528,0.7470901912935488,-0.2529024099824636,-9.068339820317113e-07,-0.12869543512962767,-0.1640956213246021,,,,,0.030694626739591533,,,,,0.1966648525536442,,
466,10001,DE,2535,ok,UNACCEPTABLE progressivity,0.20307692307692307,36.22751452004345,1.1700821181070522,0.13452697431459998,63.5457306344255,0.41539578963767354,0.007078973501881134,0.24806010704957818,-0.7519219988483334,-1.681468721709715e-07,-0.1792168098093052,-0.20801914963018397,,,,,,,,,,0.05160460174300218,,
467,51099,VA,0,no residential sales in 2016,,,,,,,,,,,,,,,,,,,,,,,,,
468,36045,NY,1152,ok,UNACCEPTABLE regressivity,1.0109289980092901,30.26881886863654,1.1618056125826524,-0.1418834271691343,-27.69242445462999,0.7842840584861268,0.5791050674726451,0.7643868716673773,-0.23561436518114134,-7.43124506464775e-07,-0.08398580894924024,-0.08792780103841191,0.2367579872995881,,,,,,,,,0.24576812729946704,,
469,21185,,0,no residential sales in 2016,,,,,,,,,,,,,,,,,,,,,,,,,
470,26043,,0,no residential sales in 2016,,,,,,,,,,,,,,,,,,,,,,,,,
471,01071,AL,275,ok,acceptable (confidence intervals overlap),0.9131886477462438,30.016682181361634,1.1081504963969888,-0.06475938436906191,-19.842149422234748,0.8641564853147831,0.7349268088170412,0.8296680016418152,-0.17033178026572524,-1.486139139102172e-06,-0.05397638485321177,-0.06037973530449259,,,,0.2327569121461391,,,,,,0.2470784716023743,0.24571651631168148,0.24276874681468974
472,20015,,0,no residential sales in 2016,,,,,,,,,,,,,,,,,,,,,,,,,
473,27069,MN,22,skipped (fewer than 100 sales),,,,,,,,,,,,,,,,,,,,,,,,,
474,19069,,0,no residential sales in 2016,,,,,,,,,,,,,,,,,,,,,,,,,
475,48477,TX,276,ok,acceptable (VEI within +/-10),0.9080914423264739,19.182381065137896,1.0543656316854093,-0.039591711540480475,-6.9920815525713484,0.8423241832843454,0.651710866374865,0.874970112989091,-0.1250273692008869,-6.24420481455864e-07,-0.047682405214865,-0.054907639891932813,,0.2167504554303618,0.21367459948331058,0.193550667597181,0.1657849486094842,0.21824933155606166,,0.21532278581278208,0.21532193040163616,0.18952568001198897,0.21616060416827612,0.21132159532310602
476,19175,,0,no residential sales in 2016,,,,,,,,,,,,,,,,,,,,,,,,,
477,17007,IL,736,ok,acceptable (VEI within +/-10),0.9566036836485662,16.76588825186689,1.0192002998001657,-0.009176235589454497,-6.7860324809859,0.9609971748027607,0.9229252952871297,0.9283176079355292,-0.07168216166001906,-3.353615643657404e-07,-0.011676126688322075,-0.008537825952626976,,0.1921834434769448,0.12369837623271512,0.10223455246330133,0.13662199093657373,0.11105505493288843,0.1494363723386979,0.15337296174107404,0.1533718955209884,0.12671104541882716,0.10919886560727741,0.07971122623602078
478,48479,TX,1963,ok,UNACCEPTABLE progressivity,0.8060938034919548,28.913949968643724,1.0486046485022402,0.07420056410594282,23.231582479490225,0.8440280478923724,0.520907211463545,0.7927000234457238,-0.20729627626587496,-4.001334763105376e-07,-0.04747841801021169,-0.049951838662697146,,,0.2100352559383068,,,,,,,0.16914237729502699,0.24256112085440437,0.22276419289402224
479,47141,TN,1376,ok,acceptable (VEI within +/-10),0.9367931456548348,16.164824185168182,1.0147627017608838,0.005498886468686012,2.8783641855316198,0.9725598279143973,0.8993328081386512,0.9734569024001241,-0.02654193268331246,-1.506244020065652e-07,-0.009361786815878625,-0.011711214239066958,,0.1878371933379152,0.12482164209918446,,,0.10500403883474779,0.2265222963072077,0.11484033136175606,0.11483748315268902,0.11831171289866765,0.09163031571765345,0.11185011695036072
480,56001,WY,420,ok,acceptable (VEI within +/-10),0.8707997641868148,15.782435384233205,1.0029062813683207,0.07373205320591796,3.918073361535174,0.9525832747096793,0.8777929847908328,1.0069487607396723,0.0069519829853725195,-5.649068728411299e-08,-0.010396804818383787,-0.008212298450735567,,0.1760030813084896,0.05874668306970864,,,0.09224402918950665,0.1738332186047626,,,0.05834294753318197,0.09041137674024037,0.07696483545845077
481,51690,VA,0,no residential sales in 2016,,,,,,,,,,,,,,,,,,,,,,,,,
482,36033,NY,252,ok,UNACCEPTABLE regressivity,1.061558786346397,61.559548744924605,1.4513276295948518,-0.3728169448788516,-134.55269516290696,0.7648154025936786,0.6305446834728207,0.6409411618908137,-0.35907129564023393,-1.3665203827117035e-06,-0.1194587289868263,-0.12005547854708376,,,,,,,,,,,,
483,05117,,0,no residential sales in 2016,,,,,,,,,,,,,,,,,,,,,,,,,
484,17027,IL,0,no residential sales in 2016,,,,,,,,,,,,,,,,,,,,,,,,,
485,29039,MO,172,ok,acceptable (confidence intervals overlap),0.7162898472680641,32.49494178490397,1.118256199497366,-0.017341593981719715,-11.546227956236748,0.7418378191744106,0.4014494806030841,0.765670725616215,-0.23431417089649217,-1.2067191862101848e-06,-0.09220561455963039,-0.11025387868510506,,,,0.24283283208869802,0.18513601056159779,,,,,0.21784500201326537,,
486,27061,,0,no residential sales in 2016,,,,,,,,,,,,,,,,,,,,,,,,,
487,17161,,0,no residential sales in 2016,,,,,,,,,,,,,,,,,,,,,,,,,
488,27127,,0,no residential sales in 2016,,,,,,,,,,,,,,,,,,,,,,,,,
489,21101,KY,0,no residential sales in 2016,,,,,,,,,,,,,,,,,,,,,,,,,
490,48495,TX,41,skipped (fewer than 100 sales),,,,,,,,,,,,,,,,,,,,,,,,,
491,29105,MO,454,ok,acceptable (VEI significance <= 10),0.6442913141830127,26.61867586734232,1.0389066053749754,0.045830548893554326,12.954933042891236,0.9005744268382456,0.501342951681209,0.9030022847039567,-0.09697981883143937,-3.812951720576735e-07,-0.03143390192601769,-0.03427944173303521,,,0.1830517284991429,,,0.20597316750404251,,0.2282260306806678,0.22819054518187068,0.12874843264792254,0.18885963483124346,0.1883593667999409
492,27025,,0,no residential sales in 2016,,,,,,,,,,,,,,,,,,,,,,,,,
493,37027,,0,no residential sales in 2016,,,,,,,,,,,,,,,,,,,,,,,,,
494,45053,SC,0,no residential sales in 2016,,,,,,,,,,,,,,,,,,,,,,,,,
495,01119,AL,96,skipped (fewer than 100 sales),,,,,,,,,,,,,,,,,,,,,,,,,
496,13201,GA,71,skipped (fewer than 100 sales),,,,,,,,,,,,,,,,,,,,,,,,,
497,39041,OH,0,no residential sales in 2016,,,,,,,,,,,,,,,,,,,,,,,,,
498,12071,FL,22722,ok,acceptable (VEI significance <= 10),0.7524321428571429,12.358018828805221,0.9951180283251827,0.022045456221334137,10.515325321596405,1.003166160332949,0.764577174597611,1.025215554863609,0.02522322530238555,4.297757766936601e-09,0.0013907250715297081,-0.002125388566478703,,0.14827263236327412,,,,,,,,,,0.05598308857666717
499,28113,MS,0,no residential sales in 2016,,,,,,,,,,,,,,,,,,,,,,,,,
500,13065,GA,50,skipped (fewer than 100 sales),,,,,,,,,,,,,,,,,,,,,,,,,
501,50007,VT,2381,ok,acceptable (VEI within +/-10),0.9382165605095542,9.259618677743509,1.01081716535986,-0.008566961055906678,0.5336466048805195,0.9619950434034366,0.8449863646593608,0.9619579260545824,-0.03804067677679718,-4.9127351245872796e-08,-0.010258862526442147,-0.010094276812018022,,0.11362618990909967,0.09034833636943532,0.0774288905383818,,0.09426109877992911,,0.10596830969516753,0.10596752252718943,0.090958556789726,0.09325812206483339,0.09388122106454859
502,47071,TN,0,no residential sales in 2016,,,,,,,,,,,,,,,,,,,,,,,,,
503,05023,AR,0,no residential sales in 2016,,,,,,,,,,,,,,,,,,,,,,,,,
504,37141,NC,1605,ok,acceptable (VEI within +/-10),0.8697846153846154,30.681056101225657,1.0952541691818956,-0.01106805557407332,-3.625210829429465,0.837043226143378,0.5060303531656757,0.7776855838268948,-0.22231086550740242,-5.411904810372459e-07,-0.05911038049195283,-0.06777509166781082,,,,0.14205409294398913,0.0996758470056104,,,,,0.2222936944735591,,
505,31081,,0,no residential sales in 2016,,,,,,,,,,,,,,,,,,,,,,,,,
506,39123,OH,1080,ok,acceptable (VEI within +/-10),0.874106721885951,20.084538987861485,1.0521864958137306,-0.008962184691215595,-0.1161320257395467,0.9213868447821626,0.7187870485619244,0.9639165212875571,-0.03607650034326688,-3.4401259381720077e-07,-0.03377779076019949,-0.042477880897972886,,0.2299999444662191,0.20063779671264262,0.12499380147183295,0.009103042747118904,0.2404666027455111,,0.16644325230259577,0.166593216164595,0.15949121406851277,0.24115125590435418,0.24365120387157846
507,31053,NE,1,skipped (fewer than 100 sales),,,,,,,,,,,,,,,,,,,,,,,,,
508,22077,,0,no residential sales in 2016,,,,,,,,,,,,,,,,,,,,,,,,,
509,32003,NV,43326,ok,acceptable (VEI within +/-10),0.7811932254761417,13.928237015122134,1.0253991830115456,0.04397148911225077,8.08758282360919,0.9720463742300806,0.5225525179765346,1.0191497020117026,0.01915181391819404,-6.209032303184582e-09,-0.01034097668940892,-0.021391912490136056,,0.16449866430127844,0.1467470229553218,,,0.11093596417412807,,,,0.07904888130059472,0.10939810365109293,0.1507544280207118
510,29081,,0,no residential sales in 2016,,,,,,,,,,,,,,,,,,,,,,,,,
511,39015,OH,0,no residential sales in 2016,,,,,,,,,,,,,,,,,,,,,,,,,
512,47119,,0,no residential sales in 2016,,,,,,,,,,,,,,,,,,,,,,,,,
513,01081,,0,no residential sales in 2016,,,,,,,,,,,,,,,,,,,,,,,,,
514,29201,,0,no residential sales in 2016,,,,,,,,,,,,,,,,,,,,,,,,,
515,13233,GA,602,ok,UNACCEPTABLE regressivity,0.9461192307692308,32.67585050176788,1.4775559368833375,-0.12515231310768132,-57.51241305576221,0.5796871157152852,0.10572929287090048,0.6518751328298772,-0.34811868260643697,-5.99657946884778e-07,-0.22024578734370515,-0.29505199209935995,,,,,,,,,,0.15278040661890843,,
516,55103,WI,0,no residential sales in 2016,,,,,,,,,,,,,,,,,,,,,,,,,
517,01103,,0,no residential sales in 2016,,,,,,,,,,,,,,,,,,,,,,,,,
518,05075,AR,0,no residential sales in 2016,,,,,,,,,,,,,,,,,,,,,,,,,
519,32021,,0,no residential sales in 2016,,,,,,,,,,,,,,,,,,,,,,,,,
520,04011,,0,no residential sales in 2016,,,,,,,,,,,,,,,,,,,,,,,,,
521,37031,NC,1865,ok,acceptable (VEI within +/-10),0.967431906614786,16.501435228103183,1.0221878656860224,-0.00019420274586677268,2.136188383688988,0.9576112711644752,0.9015987611452247,0.9626794577107899,-0.03732014122842253,-1.2935302330527953e-07,-0.015792864202368362,-0.017089474615256117,,0.18901221393861758,0.14036681566698095,0.038291455632177375,,0.14067078538297087,0.1864959653712252,0.14137278838817235,0.14137173811667406,0.1476848573606242,0.14038879720820827,0.13810908500453684
522,28151,,0,no residential sales in 2016,,,,,,,,,,,,,,,,,,,,,,,,,
523,55033,WI,0,no residential sales in 2016,,,,,,,,,,,,,,,,,,,,,,,,,
524,18003,IN,5544,ok,acceptable (VEI within +/-10),0.8835325909149703,15.276956669636375,1.013468198151321,0.010662561730191094,4.1067395097700965,0.9583067689506695,0.8331114382648261,0.9598057686102419,-0.040192362706461426,-1.8301609408552227e-07,-0.012541366346583871,-0.01193232262957733,,0.17791402461356723,0.11158317448131996,,,0.11338149640969059,0.24350121649707143,0.11316816013984718,0.11316633647190696,0.1042041898108649,0.10903469792882432,0.10375877884201416
525,36027,NY,3295,ok,acceptable (VEI within +/-10),0.9888888888888889,19.15773362304371,1.0891011991794746,-0.062082074615062766,-5.488954484860026,0.8121688358252978,0.7163988880057603,0.8410449900726572,-0.15895451445157532,-2.8590643600102772e-08,-0.07037454762915019,-0.07403194978353334,,0.21455353843799294,0.24646405286961054,0.2166854234650057,0.16858437102752627,,,0.22675486046231255,0.22675425360091528,0.2073905077852674,,
526,39165,OH,0,no residential sales in 2016,,,,,,,,,,,,,,,,,,,,,,,,,
527,55111,WI,1044,ok,acceptable (VEI within +/-10),0.9654737516005122,13.765708122534555,1.0250127451772697,-0.03480623508173049,-8.844586061628954,0.9221874466663633,0.8831892641073997,0.9117569780410198,-0.08824231311635304,-4.855787290007233e-07,-0.021598165403748926,-0.021268920376949163,,0.16239202594104293,0.15437387497703137,0.16214206084023194,0.17773525081915792,0.14237898410621708,0.19568904598588968,0.1626180519486693,0.16261680379960192,0.15268657688805062,0.14166130214304615,0.14055759647200072
528,17179,IL,0,no residential sales in 2016,,,,,,,,,,,,,,,,,,,,,,,,,
529,28049,MS,1289,ok,acceptable (VEI significance <= 10),0.7553581343697946,30.48029768402967,1.1792910576145157,-0.06780493048729838,-18.948770480895046,0.5924138230928183,0.06229388311849202,0.5567977366713767,-0.4432002019229199,-1.6232243674029908e-07,-0.13989144589138203,-0.15692210807636542,,,,0.2341627753230184,0.24764185196917646,,,,,0.08833323768791179,,
530,51111,VA,102,ok,acceptable (confidence intervals overlap),1.0298497267759563,43.107381191711525,1.2633979737972185,-0.2080989981357516,-20.689660536819407,0.6952076466351863,0.538643540531063,0.622651015477322,-0.3773519054355999,-3.140415907900683e-06,-0.13038388867256212,-0.14637643649800047,0.20049610172983817,,,,,,,,,,,
531,40089,OK,273,ok,acceptable (confidence intervals overlap),0.6509263157894737,43.64053726486859,1.26741687960355,-0.018759172760825026,22.469505298291093,0.7245073938370084,0.23351635033897344,0.7013286831663262,-0.2986421821916486,-6.556149209513736e-07,-0.13792966530827533,-0.19409579986987158,,,,0.18260119697315147,,,,,,0.20245511567794888,,
532,40049,OK,233,ok,acceptable (confidence intervals overlap),0.7671750255885363,35.73633563963775,1.2031485687609365,-0.04584269775698372,-17.527963265197133,0.7264097750976686,0.2667616128646642,0.7271782599876004,-0.27279996385642535,-1.2274846406093204e-06,-0.12075744378851683,-0.15574611998258225,,,,,,,,,,0.2434229551588386,,
533,22073,LA,0,no residential sales in 2016,,,,,,,,,,,,,,,,,,,,,,,,,
534,29009,MO,309,ok,acceptable (VEI significance <= 10),0.6704545454545454,32.381019093770036,1.0763675102281058,0.04609099833829387,20.640816475684137,0.8067419254353807,0.29297613434962133,0.737637374735852,-0.2623589149915639,-6.757463763633065e-07,-0.06084731540359134,-0.06907835896076775,,,0.24671373352742554,,,,,,,0.1728693689712778,,
535,12047,FL,123,ok,acceptable (VEI within +/-10),0.79034,30.696871075024426,1.0704188649620452,-0.021639233999698852,-0.872257229925612,0.891845417190923,0.6870843317847343,0.8890807185461809,-0.1109120560491101,-1.5822624553184663e-06,-0.04134321696669718,-0.04387110189735011,,,0.24450391053067663,0.1167153924638942,0.07883649639199354,0.2493574840327518,,0.24228431970021672,0.24227472343048662,0.20356222668838567,0.24790842044682948,0.2368558529366794
536,39029,OH,730,ok,acceptable (VEI significance <= 10),0.8805762627631697,22.152981373560245,1.0636403559308636,-0.05273311338526368,-18.507508652386083,0.8702353526073807,0.7323669766855632,0.8567021109250843,-0.14329246991660455,-1.3138639884645248e-06,-0.04220510868654026,-0.04067764444353039,,,0.2229835909589846,0.2409775070675214,,0.2120505580936914,,,,0.21003202898657183,0.20925034277897347,0.1958118738641544
537,08063,,0,no residential sales in 2016,,,,,,,,,,,,,,,,,,,,,,,,,
538,41005,OR,7699,ok,acceptable (VEI within +/-10),0.91688654353562,12.534785345317857,1.007231280524214,0.028728448064885104,9.147134103640584,0.9882461550541848,0.7271576364561796,0.9861979389915976,-0.013801764124557078,-1.88950174036385e-08,-0.003320128322127136,-0.0045884762539567525,,0.1479141531126531,0.08029060632920275,,,0.05088004299825835,,0.059641609690092565,0.059640353712234175,0.06101438632877763,0.04967277577316472,0.059304063770775024
539,30013,MT,0,no residential sales in 2016,,,,,,,,,,,,,,,,,,,,,,,,,
540,13221,GA,207,ok,acceptable (VEI within +/-10),0.8919119496855346,24.08540153137354,1.1130252167146815,-0.024445376194122043,-4.635694179826118,0.7538574269789272,0.39208815935134006,0.853939902446,-0.14605286254356403,-7.658317035900507e-07,-0.09003535015304842,-0.11287240734138115,,,,0.2285054149840816,0.12153930756003867,,,,,0.1917749629828046,,
541,48497,TX,908,ok,acceptable (VEI significance <= 10),0.9138553290393501,16.754880065330777,1.0065756490367115,0.03825767493591056,17.365226582934078,0.9681347814536192,0.8551235820299343,1.0030616158298573,0.00306350874958107,-8.99761886936732e-08,-0.009681310218900618,-0.012396850191632058,,0.19310387435811946,0.07690249576954869,,,0.10360592019114781,0.19172684866130332,,,0.07336021042074202,0.10050803773776257,0.10593970684966122
542,21209,KY,1130,ok,acceptable (VEI within +/-10),0.9268042553191489,10.887112090655753,1.010635876906376,0.005412333440325496,1.4530216698270688,0.953315643650903,0.8511620171742362,0.9657581280260973,-0.03424061980173,-1.875255577777522e-07,-0.01266377842987687,-0.013310222767729973,,0.13434922067994126,0.09926735976607035,,,0.10567540440742208,0.21246427981041752,0.11188512051995173,0.11188345861758839,0.09364784509333635,0.10251663911018268,0.10269236496159931
543,16077,ID,0,no residential sales in 2016,,,,,,,,,,,,,,,,,,,,,,,,,
544,51069,VA,0,no residential sales in 2016,,,,,,,,,,,,,,,,,,,,,,,,,
545,37191,,0,no residential sales in 2016,,,,,,,,,,,,,,,,,,,,,,,,,
546,05149,,0,no residential sales in 2016,,,,,,,,,,,,,,,,,,,,,,,,,
547,17173,IL,0,no residential sales in 2016,,,,,,,,,,,,,,,,,,,,,,,,,
548,55041,,0,no residential sales in 2016,,,,,,,,,,,,,,,,,,,,,,,,,
549,08067,CO,1099,ok,acceptable (VEI within +/-10),0.8972121212121212,12.890861450247503,1.003016521007881,0.0349245779963629,6.680463181115083,0.9880975275837068,0.8052031238991821,1.0209480297414242,0.020949585647795706,-1.517869477814809e-08,-0.003690134432146941,-0.006964561159401583,,0.1517942955370639,0.05172683074763604,,,0.06278215461167282,,,,0.052828174209018045,0.06230017280602667,0.08229182398354369
550,17055,IL,0,no residential sales in 2016,,,,,,,,,,,,,,,,,,,,,,,,,
551,27131,MN,0,no residential sales in 2016,,,,,,,,,,,,,,,,,,,,,,,,,
552,21233,KY,0,no residential sales in 2016,,,,,,,,,,,,,,,,,,,,,,,,,
553,51121,,0,no residential sales in 2016,,,,,,,,,,,,,,,,,,,,,,,,,
554,45051,SC,0,no residential sales in 2016,,,,,,,,,,,,,,,,,,,,,,,,,
555,17191,,0,no residential sales in 2016,,,,,,,,,,,,,,,,,,,,,,,,,
556,48203,TX,482,ok,acceptable (VEI within +/-10),0.8670104035793375,18.01557234630057,1.0106314256839701,0.028796585238394023,4.08089083969746,0.9687622349313395,0.8085837438259558,0.9992894340138414,-0.0007057900488482126,-1.1188727937893436e-07,-0.010390369709904368,-0.013110953625423027,,0.2071387725805907,0.1058031997230209,,,0.10001421504618027,0.22632529827486575,0.023635031897171258,0.023607020792008455,0.10496941263367214,0.1016066459153681,0.10659755956738949
557,54067,WV,0,no residential sales in 2016,,,,,,,,,,,,,,,,,,,,,,,,,
558,28039,,0,no residential sales in 2016,,,,,,,,,,,,,,,,,,,,,,,,,
559,54099,WV,207,ok,acceptable (VEI significance <= 10),0.774712643678161,40.88363373580405,1.139966893505343,-0.04616121872331571,-31.557622807945346,0.8233274633635326,0.49053606711070274,0.7698714175997674,-0.2301166362979964,-1.29293765560948e-06,-0.07062291560960676,-0.06736992656367868,,,,,,,,,,,,
560,31023,,0,no residential sales in 2016,,,,,,,,,,,,,,,,,,,,,,,,,
561,35041,NM,136,ok,UNACCEPTABLE progressivity,0.7315476391070623,32.66732478911296,1.0550440623781854,0.08819295769239666,43.99785684422086,0.8452166225846421,0.4349114209553894,0.688967607268079,-0.31103519593286794,-8.466302080441882e-07,-0.04321825573191895,-0.05557434386124882,,,0.20085153200668032,,,0.23577054194218983,,,,0.1535270168195282,0.20209723057031523,0.2364180432599097
562,49051,UT,626,ok,acceptable (VEI significance <= 10),0.7233530171668636,38.41099138852145,1.126139578093496,0.140033109012749,17.76942908657078,0.6977182956893795,0.12111193980085216,0.5975288560999511,-0.40247041542094597,-7.205438229882242e-08,-0.10150143724624017,-0.11290973735497256,,,,,,,,,,0.13933163526470918,,
563,21215,,0,no residential sales in 2016,,,,,,,,,,,,,,,,,,,,,,,,,
564,36029,NY,10857,ok,UNACCEPTABLE regressivity,0.9216589861751152,20.378811026865133,1.0651545318479665,-0.045122076871322275,-13.717823467278423,0.8790698653156727,0.6454376846740366,0.8779282891315369,-0.12206873916671279,-2.2796275960384567e-07,-0.043897838490387864,-0.047081139848642595,,0.22410566887018532,0.2261072050205656,0.21517189256129535,0.23543276026899893,0.22635674650059923,,0.22800368346419952,0.22800051675273564,0.17258410277797234,0.2247337307546848,0.23050422080016486
565,05109,,0,no residential sales in 2016,,,,,,,,,,,,,,,,,,,,,,,,,
566,27063,,0,no residential sales in 2016,,,,,,,,,,,,,,,,,,,,,,,,,
567,39107,OH,0,no residential sales in 2016,,,,,,,,,,,,,,,,,,,,,,,,,
568,05089,,0,no residential sales in 2016,,,,,,,,,,,,,,,,,,,,,,,,,
569,27023,,0,no residential sales in 2016,,,,,,,,,,,,,,,,,,,,,,,,,
570,28031,,0,no residential sales in 2016,,,,,,,,,,,,,,,,,,,,,,,,,
571,28025,,0,no residential sales in 2016,,,,,,,,,,,,,,,,,,,,,,,,,
572,18123,IN,218,ok,acceptable (confidence intervals overlap),0.7845350052246605,33.73177116418886,1.137947700571883,-0.02710563104366263,-18.58760005241354,0.7343431015092898,0.33490336113292835,0.731812720303001,-0.2681791094657261,-1.4060297119398642e-06,-0.09672726578174018,-0.11320780014999987,,,,0.22127223992362613,,,,,,0.20306304571682612,,
573,26013,MI,124,ok,acceptable (VEI within +/-10),0.5218736363636364,37.275339372050325,1.1285004680297872,-0.03744421883041619,-8.676866245396619,0.8217660547097817,0.4453075935875801,0.8002741364377678,-0.19970356840597117,-1.2275871346898035e-06,-0.0744289284695483,-0.07109096465225084,,,,0.24709638677718193,0.17956226201101136,,,,,0.1874714215307557,,
574,47129,TN,255,ok,UNACCEPTABLE regressivity,0.9796648408044634,54.9139565868359,1.3257745869977886,-0.2076952948876291,-49.21265187215965,0.73051749184298,0.6117208881523095,0.6773264523022642,-0.32268218622976674,-3.998858101722738e-06,-0.11836271006239607,-0.13229872002054033,0.23856707364827284,,,,,,,,,,,
575,48491,TX,12949,ok,UNACCEPTABLE progressivity,0.8409677419354838,35.44563946400289,2.5596867836899277,0.040383107539013176,84.23471052284734,0.2729490553029375,0.01648520982416956,0.11448129970769584,-0.8855179294883111,-1.0641098095211546e-08,-0.5038185629543803,-0.5806550484337476,,,,,,,,,,0.15352185658036105,,
576,30039,,0,no residential sales in 2016,,,,,,,,,,,,,,,,,,,,,,,,,
577,18101,IN,105,ok,acceptable (confidence intervals overlap),0.8817120622568093,41.34346175352848,1.14658849443232,-0.024001073312660357,18.924095322153573,0.8305737019394644,0.6398067955253594,0.8592794039258571,-0.1407070410159656,-1.868726746331645e-06,-0.07223068868647298,-0.08099316614989194,,,,0.18225034060479636,,,,,,,,
578,13153,GA,2466,ok,acceptable (VEI within +/-10),0.9460593512767426,11.60240769888663,1.1220375276647772,-0.00883869186886845,0.006779003598479634,0.8639208455802487,0.5637629142872401,0.969942841562685,-0.03005529250935419,-1.5190476860878775e-08,-0.06636549676863512,-0.09159291653742119,,0.13813027091229663,,0.10630950558760123,0.0005028898204248784,,,0.12596460648119961,0.12596114812074732,0.18262575752112892,,
579,31069,NE,31,skipped (fewer than 100 sales),,,,,,,,,,,,,,,,,,,,,,,,,
580,40125,OK,967,ok,UNACCEPTABLE progressivity,0.746025,43.33537903826197,1.0998835158302134,0.04261821329672166,81.3647532670117,0.8458703978512064,0.518349066733484,0.797965532718202,-0.202006868178469,-9.591418310803638e-07,-0.06135120542906991,-0.07302117146387066,,,0.2403902660293022,,,,,,,0.23849283659603504,,
581,45029,SC,487,ok,acceptable (VEI within +/-10),0.9625,27.735618588182234,1.100114907593686,-0.02187975805022475,-9.644240069478196,0.9484893067157882,0.6120380612878653,0.9390965580422381,-0.06089756923916159,-2.0339888084975388e-07,-0.028462268382048128,-0.041616331427297704,,,,0.24754042402151227,0.24603599414715088,0.2421860318774008,,,,0.21526663756912146,0.24476743942786988,
582,21177,KY,259,ok,acceptable (VEI within +/-10),1.0,0.7914136956249734,1.000952051237264,-0.0008004155167627879,0.0,0.9989281478446905,0.9967937460866926,0.9984605474849053,-0.0015392138813909134,-1.3032439795549034e-08,-0.00045233971045499644,-0.00019660866683235412,0.0,0.009842311381297522,0.03271954983466504,0.03240933411259159,0.0,0.026808803677328727,0.1437576122183537,0.035455620147400974,0.03544214900246636,0.032068751282077194,0.026806186227026872,0.01217274666392069
583,42043,PA,0,no residential sales in 2016,,,,,,,,,,,,,,,,,,,,,,,,,
584,17185,IL,0,no residential sales in 2016,,,,,,,,,,,,,,,,,,,,,,,,,
585,19183,IA,0,no residential sales in 2016,,,,,,,,,,,,,,,,,,,,,,,,,
586,46015,,0,no residential sales in 2016,,,,,,,,,,,,,,,,,,,,,,,,,
587,19087,,0,no residential sales in 2016,,,,,,,,,,,,,,,,,,,,,,,,,
588,21015,,0,no residential sales in 2016,,,,,,,,,,,,,,,,,,,,,,,,,
589,37061,,0,no residential sales in 2016,,,,,,,,,,,,,,,,,,,,,,,,,
590,47147,TN,0,no residential sales in 2016,,,,,,,,,,,,,,,,,,,,,,,,,
591,04027,AZ,3297,ok,acceptable (VEI within +/-10),0.7942272727272728,24.231947434810795,1.051454207584957,0.008022292079678622,-0.5567313630885536,0.921249475925951,0.7781663503216494,0.8153264661101367,-0.18467049749680617,-2.2811098180920933e-08,-0.028909595690844947,-0.024068144075286346,,0.24905859080649234,0.1841164729822742,,0.023326799519308675,0.18108670023230355,,,,0.17717941338509113,0.21056801782974946,0.20478375045157352
592,47135,TN,0,no residential sales in 2016,,,,,,,,,,,,,,,,,,,,,,,,,
593,22097,,0,no residential sales in 2016,,,,,,,,,,,,,,,,,,,,,,,,,
594,13091,GA,147,ok,acceptable (confidence intervals overlap),1.1193125,33.770476122755504,1.118527596845985,-0.05915108616037875,-16.469434983031498,0.8879611387270213,0.9839124571548672,0.8368025306436052,-0.1632000698336585,-2.5246269270234496e-06,-0.04807080720974266,-0.041404474685467596,,,,,0.23992970652431206,0.23459051049165744,0.14563628374518478,,,,0.2301324886894966,0.22613078407841275
595,33007,NH,0,no residential sales in 2016,,,,,,,,,,,,,,,,,,,,,,,,,
596,17197,IL,0,no residential sales in 2016,,,,,,,,,,,,,,,,,,,,,,,,,
597,19195,,0,no residential sales in 2016,,,,,,,,,,,,,,,,,,,,,,,,,
598,30029,MT,0,no residential sales in 2016,,,,,,,,,,,,,,,,,,,,,,,,,
599,31153,NE,0,no residential sales in 2016,,,,,,,,,,,,,,,,,,,,,,,,,
600,13143,GA,427,ok,acceptable (VEI within +/-10),0.8682592592592593,24.872911962522053,1.068482482638172,0.015484538059232292,8.40563363182055,0.8935591127221908,0.4131410931067008,0.9337162180078921,-0.06627665126970045,-4.5252670676370323e-07,-0.041330235698777695,-0.05584471963523763,,,0.22483085873493042,,,0.24063494679006728,,0.2164091294131975,0.21641395599741825,0.17935382954652784,0.2326397125569442,
601,29061,,0,no residential sales in 2016,,,,,,,,,,,,,,,,,,,,,,,,,
602,06035,CA,0,no residential sales in 2016,,,,,,,,,,,,,,,,,,,,,,,,,
603,32029,NV,0,no residential sales in 2016,,,,,,,,,,,,,,,,,,,,,,,,,
604,51678,VA,82,skipped (fewer than 100 sales),,,,,,,,,,,,,,,,,,,,,,,,,
605,22061,,0,no residential sales in 2016,,,,,,,,,,,,,,,,,,,,,,,,,
606,12131,FL,4219,ok,acceptable (VEI within +/-10),0.6853368421052631,36.25491073898382,1.123374625327111,0.015255342662269562,9.377032405152818,0.9103711699747408,0.4273182751816727,0.7463783948349577,-0.2536178242291736,-6.660393399728328e-08,-0.048674482128688634,-0.07911956722753666,,,,,,,,,,0.19613197581715927,,
607,12111,FL,8800,ok,acceptable (VEI within +/-10),0.7590438095238096,13.887677291410204,1.0028768163229813,0.016156136001555174,4.3815121782594835,1.001749185147566,0.604999365664017,1.0077115815559892,0.007716941714810432,-2.0558200234907495e-09,0.0006383905469504736,-0.0019928922219274448,,0.16338601389215887,0.05704789435348175,,,,,,,0.03736257713902364,,0.049957508213372775
608,20141,,0,no residential sales in 2016,,,,,,,,,,,,,,,,,,,,,,,,,
609,21065,KY,0,no residential sales in 2016,,,,,,,,,,,,,,,,,,,,,,,,,
610,06073,CA,0,no residential sales in 2016,,,,,,,,,,,,,,,,,,,,,,,,,
611,05147,AR,0,no residential sales in 2016,,,,,,,,,,,,,,,,,,,,,,,,,
612,21085,KY,79,skipped (fewer than 100 sales),,,,,,,,,,,,,,,,,,,,,,,,,
613,38055,ND,110,ok,acceptable (VEI within +/-10),0.8313274981765135,24.461138542982987,1.062147845757182,-0.03246452395135948,-3.828660546143399,0.8623051747212827,0.6053778394931165,0.8534625370997052,-0.14653601617697312,-8.15172980934038e-07,-0.04533245877183689,-0.05844568370785663,,,0.21034316191261518,0.13479876910856173,0.1315524757042139,0.23814293332207806,,,,0.19972081287668608,0.21332480244933472,0.23887245310754068
614,08049,CO,1042,ok,UNACCEPTABLE progressivity,0.7717876190476191,18.314527734181766,0.9844187273894327,0.05746005548107723,24.39762354483581,1.0325827691154943,0.7960301741123343,1.046713790722766,0.04671708242147163,7.157376708292814e-08,0.01174398830386858,0.011563518665057226,,0.2024200127612431,,,,,,,,,,
615,49053,UT,2589,ok,acceptable (VEI within +/-10),0.8577852726250703,16.510523901058892,1.0196577905547903,0.016554372494075587,9.299448424876822,0.9270837401570157,0.7393506596044426,0.9172585851027213,-0.08274048091732068,-1.7876564616834927e-07,-0.019242936415431622,-0.021649988834705702,,0.18730854207866654,0.1357449365795523,,,0.13607368117907953,,0.138244850074264,0.1382444815565658,0.12578134675417507,0.1343679332759136,0.1376489574120933
616,37101,NC,0,no residential sales in 2016,,,,,,,,,,,,,,,,,,,,,,,,,
617,24035,MD,168,ok,acceptable (VEI within +/-10),0.9768518518518519,11.195852404062355,1.0332500736055423,-0.08685003685965809,-4.81290160076888,0.9149837421554496,0.94495265026891,0.8644880892940655,-0.13551327077625053,-5.134708679090468e-07,-0.02303916795897787,-0.021022786700884533,,0.14176611650780535,0.19286035328821097,0.20869366828185296,0.10772045001754985,0.13032537714249764,0.09410730348590073,0.21681402071585645,0.216815060739373,0.19613116740904885,0.12884597974327616,0.11391317623578169
618,26051,MI,0,no residential sales in 2016,,,,,,,,,,,,,,,,,,,,,,,,,
619,41011,OR,1061,ok,acceptable (VEI within +/-10),0.9085128205128206,19.18092154258436,1.0258498387931971,-0.021176953581967563,-7.105373463781341,0.93998032062876,0.8957965339082153,0.8892556381112844,-0.11074422713878092,-3.8802934891982863e-07,-0.016998022790876588,-0.014477381257274713,,0.209149822169013,0.14010524902363936,0.14941604762649213,0.14796648461756837,0.12542368129586448,0.16027292828883832,0.18077478675982925,0.18077431917959086,0.1687374505422079,0.12270845325819078,0.12346023212871088
620,21091,KY,0,no residential sales in 2016,,,,,,,,,,,,,,,,,,,,,,,,,
621,13149,GA,137,ok,acceptable (VEI significance <= 10),0.779190909090909,40.8282560085107,1.137744424222538,0.088054000211865,53.00984492807762,0.8521861354874101,0.3441995704534944,1.0353575394451537,0.035412705398000496,-1.7094474029928407e-07,-0.07595787250784425,-0.13692567858213445,,,,,,,,,,0.16751441629129463,,
622,53039,,0,no residential sales in 2016,,,,,,,,,,,,,,,,,,,,,,,,,
623,24510,MD,2610,ok,acceptable (VEI significance <= 10),0.9933333333333333,47.292746407182236,1.3989655536794896,-0.11305081001694005,-17.306487695749443,0.8302513707487861,0.8199818128693893,0.7821355241742096,-0.21786263844648415,-1.045714729070925e-08,-0.11099514716046555,-0.11102535128147384,0.17451707094475957,,,,,,,,,,,
624,17023,IL,182,ok,UNACCEPTABLE regressivity,0.8791014722911497,35.004621540712506,1.490100490039798,-0.08532659467569798,-21.920555174714195,0.6000358955878093,0.08724381319817724,0.6625862844074382,-0.33737864711243387,-6.102952073751315e-07,-0.21893041493488785,-0.3051965665850982,,,,,,,,,,0.17902860759842903,,
625,19041,,0,no residential sales in 2016,,,,,,,,,,,,,,,,,,,,,,,,,
626,01097,AL,5353,ok,acceptable (VEI significance <= 10),1.0,20.240376508037823,1.0846542958684342,-0.05158502390391949,-12.941508077290242,0.8898801427219901,0.7658821280638718,0.8897263996256173,-0.11027346642606395,-1.197866502491421e-07,-0.04674731213709826,-0.05195229084454467,0.0,0.21747980498925354,,0.24819319087763886,0.24497297838597212,0.24110315803628027,0.2100577847061434,0.24575010146506157,0.24574943783018696,0.2267261524218815,0.2402239507940767,
627,23031,ME,0,no residential sales in 2016,,,,,,,,,,,,,,,,,,,,,,,,,
628,39007,OH,0,no residential sales in 2016,,,,,,,,,,,,,,,,,,,,,,,,,
629,08075,,0,no residential sales in 2016,,,,,,,,,,,,,,,,,,,,,,,,,
630,39011,OH,0,no residential sales in 2016,,,,,,,,,,,,,,,,,,,,,,,,,
631,53051,WA,381,ok,acceptable (VEI significance <= 10),0.88172,22.172000882626993,1.0647263887627536,-0.03544013566592738,-12.354763726733745,0.9266472927334896,0.7622783235144647,0.9126815152397143,-0.08731665468982285,-6.026968251379859e-07,-0.031026307367635564,-0.037370953938653084,,0.24197707621689968,0.22091807852739387,0.2215213123867009,0.24854122319999927,0.19410071694245337,,0.2423005415277296,0.24229674318976535,0.17168886561718866,0.19247131305953571,0.18475657044204924
632,13259,GA,45,skipped (fewer than 100 sales),,,,,,,,,,,,,,,,,,,,,,,,,
633,22115,,0,no residential sales in 2016,,,,,,,,,,,,,,,,,,,,,,,,,
634,06047,CA,0,no residential sales in 2016,,,,,,,,,,,,,,,,,,,,,,,,,
635,21159,,0,no residential sales in 2016,,,,,,,,,,,,,,,,,,,,,,,,,
636,05007,AR,5737,ok,acceptable (VEI within +/-10),0.9446875,12.18322944448643,1.0105614652622303,0.01743984716485381,6.202312346449041,0.9658382868213721,0.8603552603821066,1.010437127777272,0.010443551059056198,-6.778148196416982e-08,-0.011858393268469047,-0.015109788146433933,,0.1449523655317727,0.10712024809314635,,,0.1144208618624441,0.23646526750280858,,,0.09684537601584586,0.1140851455674382,0.11912300044179804
637,19047,,0,no residential sales in 2016,,,,,,,,,,,,,,,,,,,,,,,,,
638,38053,,0,no residential sales in 2016,,,,,,,,,,,,,,,,,,,,,,,,,
639,39053,OH,319,ok,acceptable (VEI within +/-10),0.900377358490566,44.66772384447056,1.4536240685115784,-0.02051610328914087,1.761721149384179,0.6693643638664842,0.015232029650678507,0.7357551742440902,-0.26424501603941636,-1.96913484547327e-07,-0.18515718374626577,-0.27562872445395903,,,,0.18412350388692791,,,,,,0.09847665691587007,,
640,40033,OK,53,skipped (fewer than 100 sales),,,,,,,,,,,,,,,,,,,,,,,,,
641,48043,TX,80,skipped (fewer than 100 sales),,,,,,,,,,,,,,,,,,,,,,,,,
642,06079,CA,0,no residential sales in 2016,,,,,,,,,,,,,,,,,,,,,,,,,
643,29051,,0,no residential sales in 2016,,,,,,,,,,,,,,,,,,,,,,,,,
644,36095,NY,513,ok,UNACCEPTABLE regressivity,0.9599130434782609,32.981153099797965,1.1621928782177673,-0.15048797785818577,-37.96498973393466,0.7272282195198828,0.6421651817549995,0.7436796346953368,-0.25632111847196415,-2.918526481083463e-06,-0.09805887013350678,-0.10792502222841116,,0.24930906064488584,0.24875629359228346,,,,,,,0.24532299166307975,,
645,37025,NC,1132,ok,acceptable (VEI within +/-10),0.942484736961354,7.082423850859632,1.0189935643432895,0.019421446768277575,5.667213855307436,0.9773848374322267,0.7767476381738505,1.0166029326188892,0.016603280532238116,-2.4123072394444676e-09,-0.008691915471711775,-0.015442391444290493,,0.08762548213539545,0.11150018485670615,,,0.16091933304502076,,,,0.14979631901204243,0.16977099216171632,0.12082880188760284
646,28121,MS,1235,ok,UNACCEPTABLE progressivity,0.7123728813559322,26.081617295713155,1.0423346274856593,0.10776108214366843,18.298040391988476,0.7491870023516746,0.5142015529831985,0.6659198745537643,-0.3340787155047941,-6.259784608988354e-07,-0.05868690241256669,-0.059070610529842194,,,0.19849368541003576,,,,,,,0.1682261465449096,0.2444521194689546,0.23976665259798222
647,21161,KY,0,no residential sales in 2016,,,,,,,,,,,,,,,,,,,,,,,,,
648,55097,WI,1100,ok,acceptable (VEI within +/-10),0.9634980909090909,13.327430640210752,1.0150114883906232,-0.0061790534303986545,0.8517180270711022,0.9471374023708033,0.9077937026133508,0.9566161836892418,-0.04338253787483753,-3.585105460418425e-07,-0.014807707502324519,-0.014160173530871623,,0.1596166222667438,0.11386357842813102,0.08949312153837753,,0.10993870722945388,0.1285975245880132,0.11946065946990267,0.1194599579268859,0.11445468410208799,0.10920488277947404,0.10637318703979474
649,05045,AR,1602,ok,UNACCEPTABLE progressivity,0.9327825503209186,12.949593211491026,0.9901796905682348,0.03884981800354584,22.086286982478587,1.0052382607170445,0.9800301154672042,1.0462078065829885,0.046211466912536366,2.0703533075055078e-08,0.0017755028582511212,0.0017752172478241457,,0.15438851626429376,,,,,0.15784672719686704,,,,,
650,18093,,0,no residential sales in 2016,,,,,,,,,,,,,,,,,,,,,,,,,
651,21123,KY,0,no residential sales in 2016,,,,,,,,,,,,,,,,,,,,,,,,,
652,04021,AZ,8810,ok,UNACCEPTABLE progressivity,0.7350892047269243,19.412191185779154,1.0183761000597513,0.06225477036930527,20.64950173236524,0.884052966743704,0.6047264913816487,0.9338344899666166,-0.06615651721541085,-1.6408461087834044e-07,-0.029173813063735565,-0.033046984194259776,,0.21907204702462782,0.12969165053402457,,,0.1711899662957404,,0.16948004312743922,0.16943867608039268,0.09689667384247695,0.15401919639785044,0.15724610310326936
653,47077,TN,0,no residential sales in 2016,,,,,,,,,,,,,,,,,,,,,,,,,
654,05133,AR,0,no residential sales in 2016,,,,,,,,,,,,,,,,,,,,,,,,,
655,19125,,0,no residential sales in 2016,,,,,,,,,,,,,,,,,,,,,,,,,
656,55045,WI,0,no residential sales in 2016,,,,,,,,,,,,,,,,,,,,,,,,,
657,19149,,0,no residential sales in 2016,,,,,,,,,,,,,,,,,,,,,,,,,
658,17069,,0,no residential sales in 2016,,,,,,,,,,,,,,,,,,,,,,,,,
659,08019,CO,279,ok,acceptable (VEI significance <= 10),0.7586792452830189,18.44930386387798,1.0102510731239187,0.03541113830077766,15.244591300266373,0.9889283492612118,0.6051297851296267,1.0050207601461492,0.0050230111170356685,-3.0888189325440285e-08,-0.003687596102571744,-0.005471167875838123,,0.21071522261244913,0.11439196976671716,,,0.05653083356545919,,,,0.0580345591593189,0.055083247560467265,0.07632289640663269
660,22031,,0,no residential sales in 2016,,,,,,,,,,,,,,,,,,,,,,,,,
661,48185,,0,no residential sales in 2016,,,,,,,,,,,,,,,,,,,,,,,,,
662,40067,OK,33,skipped (fewer than 100 sales),,,,,,,,,,,,,,,,,,,,,,,,,
663,51057,VA,133,ok,acceptable (VEI significance <= 10),0.9433476394849786,18.378686588387165,1.0515487132216152,-0.0659525016013155,-19.215898750930595,0.9402950549619332,0.8884437526028043,0.8759214487147245,-0.12407918898559739,-4.1042381334808777e-07,-0.02270897510372505,-0.01779049589819759,,0.2099545259965687,0.23267638195232473,0.23777734561253552,0.23240281668509774,0.1499774757637779,0.22076390567360485,0.23079549237120023,0.23079567496954528,0.21332025145920094,0.14564531860237828,0.15871702772864466
664,33005,NH,0,no residential sales in 2016,,,,,,,,,,,,,,,,,,,,,,,,,
665,27157,,0,no residential sales in 2016,,,,,,,,,,,,,,,,,,,,,,,,,
666,47117,TN,0,no residential sales in 2016,,,,,,,,,,,,,,,,,,,,,,,,,
667,01045,,0,no residential sales in 2016,,,,,,,,,,,,,,,,,,,,,,,,,
668,17143,IL,0,no residential sales in 2016,,,,,,,,,,,,,,,,,,,,,,,,,
669,06023,CA,0,no residential sales in 2016,,,,,,,,,,,,,,,,,,,,,,,,,
670,37055,NC,0,no residential sales in 2016,,,,,,,,,,,,,,,,,,,,,,,,,
671,36023,NY,370,ok,UNACCEPTABLE regressivity,0.9127912818580782,21.835603181790486,1.096426042291535,-0.14564876904974894,-21.431514946306862,0.7267168671901778,0.6153410896370567,0.71573778364812,-0.284261664197828,-1.206767331569628e-06,-0.08397655386667613,-0.08797150942957743,,0.24278797464434299,,,,,,,,0.21798202676629758,,
672,29141,,0,no residential sales in 2016,,,,,,,,,,,,,,,,,,,,,,,,,
673,19083,IA,0,no residential sales in 2016,,,,,,,,,,,,,,,,,,,,,,,,,
674,37001,NC,0,no residential sales in 2016,,,,,,,,,,,,,,,,,,,,,,,,,
675,31063,,0,no residential sales in 2016,,,,,,,,,,,,,,,,,,,,,,,,,
676,42037,PA,680,ok,acceptable (VEI within +/-10),0.4388917112299465,29.930525859463366,1.2215334771969906,-0.057018749658990286,4.089830329453161,0.6737240091258057,0.0743348578340165,0.7131631243474776,-0.2868211448270539,-1.9732125624507617e-07,-0.1369408650893984,-0.17215120485656454,,,,0.246261738860548,,,,,,0.12267856745123579,,
677,27029,MN,98,skipped (fewer than 100 sales),,,,,,,,,,,,,,,,,,,,,,,,,
678,53005,WA,3699,ok,acceptable (VEI significance <= 10),0.8264954128440367,10.32535383042408,0.9936621599629475,0.04506505703826241,12.854966947451963,1.0268614268403293,0.8946811567110774,1.0246001548448982,0.024601370592475906,2.6559273241098762e-09,0.007470430315169363,0.007903527919486786,,0.12494181397931002,,,,,0.1925235523375272,,,,,
679,47067,TN,0,no residential sales in 2016,,,,,,,,,,,,,,,,,,,,,,,,,
680,48289,TX,93,skipped (fewer than 100 sales),,,,,,,,,,,,,,,,,,,,,,,,,
681,22005,,0,no residential sales in 2016,,,,,,,,,,,,,,,,,,,,,,,,,
682,19063,,0,no residential sales in 2016,,,,,,,,,,,,,,,,,,,,,,,,,
683,51750,VA,117,ok,acceptable (VEI within +/-10),0.945273631840796,8.418411609006563,1.0134126613951218,-0.008706680882422315,1.663906587984456,0.9566492339994288,0.8341519133983468,0.9632776897677183,-0.036721907759418394,-1.0298650062455672e-07,-0.012393673497945512,-0.013777794983226066,,0.10187707463104155,0.15927614346126134,0.08275202114737419,0.06605616270572215,0.11913726605028124,0.23541580070475726,0.09566992062869764,0.09566850996901763,0.11642379229725631,0.12006757043035175,0.14941214332404698
684,37077,NC,0,no residential sales in 2016,,,,,,,,,,,,,,,,,,,,,,,,,
685,22055,,0,no residential sales in 2016,,,,,,,,,,,,,,,,,,,,,,,,,
686,36083,NY,1864,ok,UNACCEPTABLE regressivity,0.945035985014866,22.254871894047938,1.0720230035962306,-0.09011006134664637,-27.151691198048617,0.8271408746907107,0.7824875056399525,0.8012330641212908,-0.19875131320833783,-4.785185994486602e-07,-0.05223783426169648,-0.051571647160500556,,0.24424355680128348,,,,0.23885823931446215,,,,0.22953469845337932,0.21240191006131828,0.2156139258315706
687,27101,,0,no residential sales in 2016,,,,,,,,,,,,,,,,,,,,,,,,,
688,47099,TN,793,ok,UNACCEPTABLE regressivity,0.8855072463768116,29.333168962205335,1.1118428374208085,-0.08072697980172824,-26.83255531024916,0.8493329297074416,0.6607444905818036,0.8272592768592768,-0.17274163223128686,-1.4542799911455128e-06,-0.05753160586351935,-0.06395772719749737,,,,,,,,,,,,
689,39117,OH,0,no residential sales in 2016,,,,,,,,,,,,,,,,,,,,,,,,,
690,19059,IA,218,ok,acceptable (VEI within +/-10),0.8680703831987344,12.901404072884446,1.0163787008502805,0.00738363930943538,1.8022815067864737,0.9713914331441931,0.7913100324232916,0.9920453907056653,-0.007952922576866842,-4.729965538276974e-08,-0.012001822846352095,-0.0178837234896001,,0.14934118018676712,0.15028855161871008,,0.11132060487589965,0.18219270632595322,,0.06964877936747604,0.06964497312760502,0.13979400423280738,0.18184769208349497,0.1508270912857586
691,29167,MO,0,no residential sales in 2016,,,,,,,,,,,,,,,,,,,,,,,,,
692,13319,GA,80,skipped (fewer than 100 sales),,,,,,,,,,,,,,,,,,,,,,,,,
693,48241,TX,253,ok,acceptable (confidence intervals overlap),0.8078406708595388,33.17953782682806,1.0816019189882295,2.8888026457886692e-05,15.003068699143984,0.8598447586859084,0.6847755349187999,0.8607812385127354,-0.13921103350804565,-6.844270221590854e-07,-0.054659146206814,-0.058736966213696284,,,0.23717586159812534,0.003538584823123913,,,,,,0.23003216408154406,,
694,19097,,0,no residential sales in 2016,,,,,,,,,,,,,,,,,,,,,,,,,
695,37037,NC,1784,ok,acceptable (VEI within +/-10),0.8691273702149651,37.94421971553807,1.1917583146588662,-0.037634283615115324,-0.9768373778799782,0.7026043099072977,0.3353962739519929,0.5029966230121558,-0.4970045943947992,-4.6190160306282625e-07,-0.11252413618395907,-0.13029786200589433,,,,,0.06937104426432696,,,,,,,
696,01113,,0,no residential sales in 2016,,,,,,,,,,,,,,,,,,,,,,,,,
697,05087,AR,141,ok,acceptable (confidence intervals overlap),0.7735294117647059,46.52947345191869,1.2048166407323693,0.04822084592312064,24.911011617262858,0.7831834728152575,0.3234892298207854,0.9750201786339453,-0.0248996004611104,-6.157234835505855e-07,-0.1049960712327096,-0.1455676347194863,,,,,,,,0.16131243963975506,0.16084177746318135,0.2409206753426705,,
698,38057,ND,68,skipped (fewer than 100 sales),,,,,,,,,,,,,,,,,,,,,,,,,
699,29157,MO,184,ok,acceptable (VEI within +/-10),0.744288252021365,24.96298990121366,1.1093800346210931,-0.040924345667530844,-3.1172923994256667,0.7107543581088701,0.33660119038419734,0.7671858506325437,-0.23280573530387244,-8.088862087345875e-07,-0.09488763924187227,-0.1119092131321795,,,,0.14331011723899154,0.12166894567640074,,,,,0.17161199127331786,,
700,28003,,0,no residential sales in 2016,,,,,,,,,,,,,,,,,,,,,,,,,
701,26081,MI,11589,ok,acceptable (VEI within +/-10),0.8709090909090909,13.168037815670726,1.0015773525566163,0.01642280545507364,4.159221576879187,1.0116064104245317,0.8776454829813735,0.9856098397471499,-0.014389530748283596,-1.7343746396982993e-08,0.0035807684341992996,0.004636329550318452,,0.1568070122786124,0.03962643923967393,,,,0.21697064891467654,0.07049281491538728,0.07049198306518768,0.03620828351722599,,
702,12097,FL,10976,ok,acceptable (VEI significance <= 10),0.726548830704685,37.81693697072833,1.7387920741050382,-0.0896031562791069,-13.871569419937673,0.2613794615793398,0.11879528221719438,-0.036161613275916535,-1.036162425302779,-1.027558056744896e-07,-0.39270654095011737,-0.4253107405783545,,,,,0.2342586089089922,,,,,0.22017774500788787,,
703,47145,TN,0,no residential sales in 2016,,,,,,,,,,,,,,,,,,,,,,,,,
704,35039,NM,137,ok,acceptable (VEI within +/-10),0.8214264150943397,32.2423921952184,1.060298666405344,0.058173441669343295,-0.6884612298401414,0.7831925286976334,0.7708122333449107,0.6409906971895921,-0.3590088414054032,-6.374890146983322e-07,-0.06201015031351065,-0.053964197139801495,,,0.22951360660247563,,0.09997370047866583,,0.24601084912295626,,,0.23582172534322302,,0.2445777920992514
705,47095,TN,0,no residential sales in 2016,,,,,,,,,,,,,,,,,,,,,,,,,
706,51155,VA,0,no residential sales in 2016,,,,,,,,,,,,,,,,,,,,,,,,,
707,39163,OH,0,no residential sales in 2016,,,,,,,,,,,,,,,,,,,,,,,,,
708,17095,,0,no residential sales in 2016,,,,,,,,,,,,,,,,,,,,,,,,,
709,29053,,0,no residential sales in 2016,,,,,,,,,,,,,,,,,,,,,,,,,
710,48119,TX,24,skipped (fewer than 100 sales),,,,,,,,,,,,,,,,,,,,,,,,,
711,51840,VA,0,no residential sales in 2016,,,,,,,,,,,,,,,,,,,,,,,,,
712,37163,,0,no residential sales in 2016,,,,,,,,,,,,,,,,,,,,,,,,,
713,45009,,0,no residential sales in 2016,,,,,,,,,,,,,,,,,,,,,,,,,
714,19019,,0,no residential sales in 2016,,,,,,,,,,,,,,,,,,,,,,,,,
715,26113,,0,no residential sales in 2016,,,,,,,,,,,,,,,,,,,,,,,,,
716,16023,ID,19,skipped (fewer than 100 sales),,,,,,,,,,,,,,,,,,,,,,,,,
717,31135,,0,no residential sales in 2016,,,,,,,,,,,,,,,,,,,,,,,,,
718,32023,NV,0,no residential sales in 2016,,,,,,,,,,,,,,,,,,,,,,,,,
719,17051,,0,no residential sales in 2016,,,,,,,,,,,,,,,,,,,,,,,,,
720,48387,,0,no residential sales in 2016,,,,,,,,,,,,,,,,,,,,,,,,,
721,54007,WV,51,skipped (fewer than 100 sales),,,,,,,,,,,,,,,,,,,,,,,,,
722,26021,MI,0,no residential sales in 2016,,,,,,,,,,,,,,,,,,,,,,,,,
723,51141,,0,no residential sales in 2016,,,,,,,,,,,,,,,,,,,,,,,,,
724,49029,,0,no residential sales in 2016,,,,,,,,,,,,,,,,,,,,,,,,,
725,13321,GA,168,ok,acceptable (confidence intervals overlap),1.0605719178082191,43.90086522051069,1.2075365941616099,-0.0832685333615645,-24.303694209633314,0.7787168998438747,0.7378080690653893,0.7196501025302533,-0.28035064636303847,-2.579378293571293e-06,-0.09659807606382964,-0.09961121108329651,,,,,,,,,,,,
726,17019,IL,0,no residential sales in 2016,,,,,,,,,,,,,,,,,,,,,,,,,
727,40099,OK,138,ok,acceptable (confidence intervals overlap),0.6458955223880597,41.57089541170889,1.1646253545818417,-0.013292841845778551,13.263238975544,0.8147856630078931,0.23352671473433947,0.7393065835167463,-0.2606804732824579,-6.682168011236237e-07,-0.079147273692312,-0.1045395827152118,,,,0.18977736254431776,,,,,,0.1981520884566616,,
728,40075,,0,no residential sales in 2016,,,,,,,,,,,,,,,,,,,,,,,,,
729,39049,OH,0,no residential sales in 2016,,,,,,,,,,,,,,,,,,,,,,,,,
730,48481,TX,244,ok,acceptable (VEI within +/-10),0.814925879057187,23.636397713080594,1.0457264034161182,0.0033660516843102826,3.330370942883667,0.8897499809747184,0.6196568558113449,0.9342339588489526,-0.06575399283745458,-6.036810589323335e-07,-0.036049692727471605,-0.04403514117624585,,0.24854448267317975,0.20047985373644808,,,0.19738002044781996,,0.21200025509574477,0.21198588019020825,0.1803751933337547,0.18662514416859538,0.2002554368529888
731,55091,WI,45,skipped (fewer than 100 sales),,,,,,,,,,,,,,,,,,,,,,,,,
732,51810,VA,0,no residential sales in 2016,,,,,,,,,,,,,,,,,,,,,,,,,
733,47179,TN,0,no residential sales in 2016,,,,,,,,,,,,,,,,,,,,,,,,,
734,31145,NE,0,no residential sales in 2016,,,,,,,,,,,,,,,,,,,,,,,,,
735,21005,KY,186,ok,acceptable (VEI within +/-10),1.0,3.483927792570418,1.0062332289935598,-0.009100188615368687,0.0,0.9810543730033975,0.9683534464007667,0.9828430872021334,-0.017156400988575796,-8.560902485731154e-08,-0.005628047022059546,-0.005864669129539424,0.0,0.045475994628197416,0.06941658143441255,0.08828393582166502,0.0,0.060465755399352054,0.10866562331248664,0.06680258238971686,0.06679962074716737,0.08096872420312125,0.0604373333403388,0.06221696169995391
736,31111,NE,0,no residential sales in 2016,,,,,,,,,,,,,,,,,,,,,,,,,
737,05025,,0,no residential sales in 2016,,,,,,,,,,,,,,,,,,,,,,,,,
738,22015,LA,1363,ok,acceptable (VEI within +/-10),0.9176,9.876907151317658,0.9952510365769962,0.03370177083762797,1.4440140828295236,1.023713307783433,0.9126360575540542,1.031906203474444,0.031908071560193645,7.543575476746473e-08,0.006446833555126208,0.005636861934347315,,0.11989004191223711,,,,,0.15113294979151753,,,,,
739,20193,KS,80,skipped (fewer than 100 sales),,,,,,,,,,,,,,,,,,,,,,,,,
740,40011,OK,68,skipped (fewer than 100 sales),,,,,,,,,,,,,,,,,,,,,,,,,
741,13311,GA,616,ok,acceptable (VEI within +/-10),0.9054074263764404,17.857234357464844,1.0486715256524473,-0.03190546059003584,-7.366334158984663,0.909209846811438,0.7114421314964042,0.9200459776728857,-0.07995288402341368,-4.39389766056514e-07,-0.03193927175357092,-0.039361809384260704,,0.20446655095704608,0.20307964415776047,0.21681862659477583,0.17030858955828254,0.17958608573042956,,0.21254579758466274,0.21254389142791694,0.18020143014200188,0.18307094274334132,0.20456835626874745
742,29137,MO,74,skipped (fewer than 100 sales),,,,,,,,,,,,,,,,,,,,,,,,,
743,05033,AR,0,no residential sales in 2016,,,,,,,,,,,,,,,,,,,,,,,,,
744,26071,,0,no residential sales in 2016,,,,,,,,,,,,,,,,,,,,,,,,,
745,28011,,0,no residential sales in 2016,,,,,,,,,,,,,,,,,,,,,,,,,
746,16087,,0,no residential sales in 2016,,,,,,,,,,,,,,,,,,,,,,,,,
747,13105,GA,245,ok,acceptable (confidence intervals overlap),1.0053061224489797,43.646619978229126,1.2314220882610436,-0.055075531293794576,-13.055253595507416,0.797014897466101,0.6085330665975746,0.7983822209805516,-0.2015683231211855,-1.3463979702142061e-06,-0.10124377594161071,-0.11691312621666028,0.07902923226981096,,,,,,,,,,,
748,20021,KS,0,no residential sales in 2016,,,,,,,,,,,,,,,,,,,,,,,,,
749,23013,ME,0,no residential sales in 2016,,,,,,,,,,,,,,,,,,,,,,,,,
750,54089,,0,no residential sales in 2016,,,,,,,,,,,,,,,,,,,,,,,,,
751,27087,MN,43,skipped (fewer than 100 sales),,,,,,,,,,,,,,,,,,,,,,,,,
752,37193,,0,no residential sales in 2016,,,,,,,,,,,,,,,,,,,,,,,,,
753,53009,WA,1527,ok,acceptable (VEI within +/-10),0.8548498023715415,14.574161156411282,1.0211445638531493,-0.014210835846979896,-6.852338318929765,0.9562179779723151,0.7185508273892453,0.9438224877764234,-0.05617656323678394,-1.6813636282805478e-07,-0.013460839322086526,-0.014351757198858728,,0.17111657174427938,0.14193564958036498,0.09859020368466433,0.1892581502405467,0.11732994574909293,,0.14582704927709267,0.14582608738628416,0.112972492873663,0.11538368324525354,0.11358559827542342
754,42067,PA,158,ok,acceptable (VEI within +/-10),0.13518927362665972,30.80985283920559,1.1269203729411619,-0.00964754268517336,-1.115367407212277,0.6354930109952472,0.06496703305532109,0.7315159341526193,-0.26842275428062123,-1.4804027072936958e-07,-0.12187197126292926,-0.1344785998379454,,,,0.06866607658830773,0.13299781543111328,,,,,0.026018146311739727,,
755,48149,TX,133,ok,acceptable (VEI within +/-10),0.8526547052361773,31.559463181950278,1.3148412192393062,-0.03968201844566428,2.8366790324625297,0.6264273916801599,0.0468556438120355,0.641569640990729,-0.3584264513573779,-2.2159802662359602e-07,-0.17603727147787884,-0.24107074772220094,,,,0.2270534411496017,,,,,,0.1524567840365415,,
756,08065,CO,207,ok,acceptable (VEI within +/-10),0.8269280397022333,17.74545691644454,1.0098685755212233,0.030820171888452416,4.30866824045498,0.9599386715402359,0.7815271532901069,0.9993264760516319,-0.0006702018259961194,-1.5562305611483814e-07,-0.010984985304727468,-0.0130783444835747,,0.20817792863485432,0.09364658260980825,,,0.09809626835953503,0.2460087001971827,0.011588224977168672,0.011579785647011991,0.07915929270149312,0.09599998289187374,0.09637527148611426
757,21011,,0,no residential sales in 2016,,,,,,,,,,,,,,,,,,,,,,,,,
758,20007,,0,no residential sales in 2016,,,,,,,,,,,,,,,,,,,,,,,,,
759,17181,IL,0,no residential sales in 2016,,,,,,,,,,,,,,,,,,,,,,,,,
760,16035,,0,no residential sales in 2016,,,,,,,,,,,,,,,,,,,,,,,,,
761,37147,NC,1653,ok,acceptable (VEI within +/-10),0.9825577689243028,7.588659518767088,1.0001423321864236,0.012996221555560853,2.423391836870806,0.9984882705052984,0.9615652914331625,1.0051849393304686,0.005185531391288981,-2.140004197734609e-09,-0.00045202968844759717,-0.0006220074595113534,,0.09484434282834883,0.009475912492458096,,,0.02423324570488924,0.09717530459968227,,,0.009138448396221749,0.02413676565196995,0.022085890684211948
762,51183,VA,0,no residential sales in 2016,,,,,,,,,,,,,,,,,,,,,,,,,
763,26163,MI,20245,ok,acceptable (VEI significance <= 10),0.9134177215189874,22.000213862635217,1.050758804265875,-0.03622979016655581,-12.407612712490767,0.9563135164108993,0.8828611693542806,0.9117869040423896,-0.08820973194343838,-3.253487724523492e-07,-0.018451463947894764,-0.01631678187260288,,0.2386871042268801,0.2071328105036769,0.23257928487332255,0.23650798988547095,0.17260001700564628,0.24376412536783015,0.23630378872547628,0.23630147927944153,0.2061535138819834,0.17095808841903798,0.14641099948271216
764,42063,PA,0,no residential sales in 2016,,,,,,,,,,,,,,,,,,,,,,,,,
765,05127,,0,no residential sales in 2016,,,,,,,,,,,,,,,,,,,,,,,,,
766,06107,CA,0,no residential sales in 2016,,,,,,,,,,,,,,,,,,,,,,,,,
767,19023,,0,no residential sales in 2016,,,,,,,,,,,,,,,,,,,,,,,,,
768,12065,FL,148,ok,acceptable (confidence intervals overlap),0.7756964285714285,36.79272111038494,1.2138764795104282,-0.08759256112936999,-14.200529498528757,0.8181180895350834,0.508396024406043,0.8182082513548423,-0.18177981947912714,-7.309017758474998e-07,-0.09021933601789955,-0.10562397065371809,,,,,0.2389163698583247,,,,,0.22802945757120652,,
769,55037,WI,200,ok,acceptable (VEI within +/-10),0.9903133349526354,15.086642072761187,1.0138155822184889,-0.002644075501784127,3.640403294659937,0.9868261932744765,0.9653161048515025,0.9778262986194423,-0.022181058663987056,-2.0117208769674304e-07,-0.005186360106668841,-0.005835931109068548,0.0901136983046258,0.18897879337697304,0.09811333117839185,0.09581228425048671,0.14888095805215149,0.138371708817288,0.11426514587771036,0.16698452511492334,0.1673120807632456,0.10513397348545285,0.13649521644450183,0.07263079152791492
770,05001,,0,no residential sales in 2016,,,,,,,,,,,,,,,,,,,,,,,,,
771,12099,FL,36849,ok,acceptable (VEI within +/-10),0.7869538461538461,12.367525728903304,1.010456196373101,0.010436898460923997,4.102259746646698,0.9905908763747697,0.7369248567117419,0.9998313039527281,-0.00016685823146723812,-2.535217022578191e-09,-0.004714085752332897,-0.009203701055058744,,0.1479889782924826,0.0889676241587753,,,0.0835335843950705,,0.012190818671373838,0.012152026906703719,0.07792799403068065,0.0832461166541131,0.12640731752909912
772,40119,,0,no residential sales in 2016,,,,,,,,,,,,,,,,,,,,,,,,,
773,21035,KY,0,no residential sales in 2016,,,,,,,,,,,,,,,,,,,,,,,,,
774,40103,OK,111,ok,acceptable (confidence intervals overlap),0.7735922330097087,36.737240302836206,1.0979665544803814,0.051549681398696506,22.804959308781054,0.8649729802193823,0.4063438257599299,1.0184130370550268,0.01874305629460646,-6.574776516308042e-07,-0.060193063383636725,-0.09845968184593024,,,,,,,,,,0.17693359930302224,,
775,16069,,0,no residential sales in 2016,,,,,,,,,,,,,,,,,,,,,,,,,
776,12127,FL,12984,ok,acceptable (VEI within +/-10),0.7788542073170732,14.373388621805605,1.0087366985423574,0.016894736155745733,3.463801603136008,0.9969904510383215,0.6273988532092709,0.9958135321499753,-0.0041820637745512475,-1.2624501452279908e-08,-0.0010935356379837557,-0.00347707988520507,,0.1690107924190639,0.09481100200391293,,,0.042006992747115834,,0.04130049050207536,0.04125819034073395,0.058468824614432674,0.040929300929342355,0.07246898395400579
777,34013,NJ,0,no residential sales in 2016,,,,,,,,,,,,,,,,,,,,,,,,,
778,28081,MS,734,ok,acceptable (VEI within +/-10),0.8127044356400404,19.259241966399834,1.0328240044572243,0.008468335438636556,-0.6395752650256765,0.9284892036423064,0.6425447327090771,0.9294255666506105,-0.07057340696607066,-6.024655646941118e-08,-0.023859351575564514,-0.025741430665898735,,0.22127438269383592,0.17054076758990644,,0.017774515787884193,0.1866214052759455,,0.15335391226037773,0.1533534174510475,0.11768467931454307,0.1835345662633302,0.17665994304424443
779,47029,TN,0,no residential sales in 2016,,,,,,,,,,,,,,,,,,,,,,,,,
780,38051,ND,25,skipped (fewer than 100 sales),,,,,,,,,,,,,,,,,,,,,,,,,
781,37007,NC,0,no residential sales in 2016,,,,,,,,,,,,,,,,,,,,,,,,,
782,36047,NY,8988,ok,UNACCEPTABLE progressivity,0.7256412337662338,48.60141373028517,1.3724033197286452,0.044043620426841616,46.03009106418512,0.5645087932309075,0.11554543974172579,0.5851195324991637,-0.4148800301450897,-1.4883901330283363e-08,-0.2118519031174988,-0.2468572884712401,,,,,,,,,,0.12315834242700796,,
783,55023,WI,0,no residential sales in 2016,,,,,,,,,,,,,,,,,,,,,,,,,
784,44009,RI,0,no residential sales in 2016,,,,,,,,,,,,,,,,,,,,,,,,,
785,41001,OR,364,ok,acceptable (confidence intervals overlap),0.9079265934065934,17.752670974822855,1.035988260094735,-0.040799507588344316,-11.11736353280243,0.9435281583909715,0.8552539702392162,0.904166745066216,-0.0958325859834802,-5.929462290151309e-07,-0.019547151192547574,-0.015827629691987477,,0.2009480915902003,0.17299831642420951,0.1923447773590683,0.1842818272548307,0.18416111103263327,0.23665094890115634,0.1860801800714852,0.18607964970478777,0.17091380121983812,0.18480122993849002,0.13537347823775553
786,09120,CT,0,no residential sales in 2016,,,,,,,,,,,,,,,,,,,,,,,,,
787,01005,,0,no residential sales in 2016,,,,,,,,,,,,,,,,,,,,,,,,,
788,41051,OR,12929,ok,acceptable (VEI within +/-10),0.9070929070929071,12.17597945961297,1.0124169734192776,-0.005781042502959,-0.7472863506794388,0.9606117951988343,1.0490053324630904,0.943288589095536,-0.05671117495000675,-4.388391673109596e-09,-0.012718694633422789,-0.011384631849644888,,0.14598562091106282,0.1050559343982393,0.06586039449001484,0.039439651315708486,0.10713745292331374,0.14096148551481008,0.1174951656615721,0.11749483538357658,0.11016055761883628,0.1065741028214258,0.10520471971801994
789,17199,,0,no residential sales in 2016,,,,,,,,,,,,,,,,,,,,,,,,,
790,05097,AR,0,no residential sales in 2016,,,,,,,,,,,,,,,,,,,,,,,,,
791,48027,TX,5508,ok,acceptable (VEI significance <= 10),0.8353937393959158,36.91565746424703,1.338565600386046,0.060539511874978184,14.722635988393966,0.3542923409692207,0.00013917914861680567,0.15983654552716484,-0.8401626289059566,-6.075124349073053e-08,-0.2518651801775147,-0.27916577103375073,,,,,,,,,,0.06235841287531513,,
792,48209,TX,3901,ok,UNACCEPTABLE progressivity,0.8151545363908275,38.009578336733746,1.6757196331158437,0.16581069429954476,103.59669662563499,0.4368924383665503,0.015137910365976604,0.4450903973347267,-0.5549037854047549,-1.8165099202398787e-08,-0.3095225676906188,-0.4010188066501206,,,,,,,,,,0.11090865327626499,,
793,29219,MO,509,ok,acceptable (VEI within +/-10),0.7090638044126416,23.267536475781913,1.0369171355782154,0.057265490326294945,4.03625242754763,0.8165438162798095,0.48105511467359574,0.935712919279748,-0.06427794454913295,-4.911171640923857e-07,-0.04664289732266602,-0.05226145830227358,,0.24664292629538342,0.18242556488602135,,,0.20040508452942035,,0.15131982418346637,0.15129066708430472,0.12245656153568298,0.1934001616111814,0.19727815759721895
794,24043,MD,655,ok,acceptable (VEI within +/-10),0.9047619047619048,14.626611788161153,1.0168749707438756,-0.017048066143601538,-4.633179601718614,0.9512358294265555,0.871115709877775,0.9115854441346259,-0.08841425946664941,-2.7081440297200065e-07,-0.012090847168582997,-0.009234800115418995,,0.17528796419897746,0.1270537612562715,0.10797646673539114,0.10471417858212137,0.09666170450354898,0.17288426469902327,0.15550469423417354,0.15550416350600837,0.11770890659678342,0.09583838616389172,0.09146799419022751
795,21129,,0,no residential sales in 2016,,,,,,,,,,,,,,,,,,,,,,,,,
796,27139,,0,no residential sales in 2016,,,,,,,,,,,,,,,,,,,,,,,,,
797,54003,WV,777,ok,acceptable (confidence intervals overlap),0.8823076923076923,18.013090427918446,1.0150397816453847,0.020930016693097346,10.944954324987735,0.9463104586982329,0.7948379570526575,0.969210215112,-0.030782709640335335,-3.2481942323743894e-07,-0.014353371999372921,-0.015282801948979685,,0.20753669123913987,0.12793166401206987,,,0.12125692848062863,,0.1431133779960131,0.14315602692152885,0.12530783266903775,0.11225814036124138,0.10792186344296392
798,13253,GA,146,ok,acceptable (confidence intervals overlap),0.9723558764607679,40.92228277549147,1.0989540078652626,0.02836050428768748,10.593953681756284,0.9014232224022533,0.9234121019405437,0.8993060384390585,-0.10068555932040874,-8.274105889382e-07,-0.04820817390769694,-0.038114652600641286,,,,,,,0.18394394017844945,,,,,0.19153652173369715
799,22079,LA,1284,ok,acceptable (VEI within +/-10),1.0,10.768503871468347,1.01027007253582,0.0015295174583753407,0.0,0.9898739454791742,0.8685684845467823,0.9819632471897943,-0.01803494141164248,-1.2757243139238775e-07,-0.00363825267897,-0.0047913083821224944,0.0,0.13035917882840992,0.10851358681465836,,0.0,0.07451494909871446,0.2349999916200423,0.13910616807193013,0.13907990155463307,0.09608399990992263,0.07158925322958913,0.07952949945010564
800,38067,ND,61,skipped (fewer than 100 sales),,,,,,,,,,,,,,,,,,,,,,,,,
801,13015,GA,1808,ok,acceptable (VEI within +/-10),0.8695771292435974,17.11641091243114,1.0200420195656934,0.021041000979950916,9.291417245098364,0.9471081581311862,0.6757776014356165,0.9801695320785762,-0.019825120008046464,-2.3489843490303022e-07,-0.01629063922827001,-0.020137685421040663,,0.1939043982588036,0.13550577571470898,,,0.13178593921804527,,0.09934769778736166,0.09933297659689483,0.1085916160465554,0.13033629270385244,0.13560236122556366
802,37033,,0,no residential sales in 2016,,,,,,,,,,,,,,,,,,,,,,,,,
803,42087,PA,306,ok,UNACCEPTABLE regressivity,0.726656346749226,33.19883884364558,59.335466340974264,-0.1669634713761514,-50.37808247315504,0.23302434131960237,-4.8169317142767945e-05,0.2085561077835504,-0.7914402956803297,-1.0936916011950486e-09,-0.7516589423458473,-0.9791622276833867,,,,,,,,,,0.0068196279478620545,,
804,48279,,0,no residential sales in 2016,,,,,,,,,,,,,,,,,,,,,,,,,
805,01083,AL,1711,ok,acceptable (VEI within +/-10),0.999818016378526,14.41965744823787,1.0087750281086683,0.019664492863180345,0.16770865241917104,0.9746265442000449,0.9303733418933418,0.9969806223924303,-0.0030172374399755906,-1.367098998849897e-07,-0.008406525121444242,-0.010098454764377873,0.02062257696612111,0.1688075518472966,0.08603982577555147,,,0.11011902882198035,0.12349866012326544,0.04156443615691139,0.04155405486869155,0.08968349308277618,0.10139509015977302,0.10110173026168978
806,18047,IN,376,ok,acceptable (VEI within +/-10),0.9004444444444444,31.944235673572834,1.1319732420672979,-0.005582401457805365,-8.47469132023595,0.7869178911761711,0.5353478589152664,0.9197746065167053,-0.08021001671876565,-1.0207087141455606e-06,-0.09238694032757122,-0.11685293656834572,,,,0.13846879661019815,0.2362360221427808,,,,,0.24698313674222067,,
807,16029,ID,69,skipped (fewer than 100 sales),,,,,,,,,,,,,,,,,,,,,,,,,
808,40051,OK,346,ok,UNACCEPTABLE progressivity,0.8429964755077659,33.63613382920696,1.0263951251534125,0.08777314027479424,40.70353273998567,0.9133985340566544,0.6498676583699782,0.947354667639859,-0.05253790251609263,-2.2509074868016796e-07,-0.03149106288733594,-0.04085501130053082,,,0.15764416029394335,,,,,,,0.13149607866675747,0.2069359615528159,0.19378777671259093
809,36105,NY,1388,ok,UNACCEPTABLE regressivity,1.0366417224080267,56.6729621818806,1.4011403376976215,-0.2977286508328005,-62.93595777744135,0.630660599396977,0.3983563989808587,0.5582987335616507,-0.4417033647675596,-1.0378416255417995e-06,-0.16881764947883782,-0.1707392595705186,,,,,,,,,,,,
810,20203,KS,17,skipped (fewer than 100 sales),,,,,,,,,,,,,,,,,,,,,,,,,
811,29203,,0,no residential sales in 2016,,,,,,,,,,,,,,,,,,,,,,,,,
812,27149,,0,no residential sales in 2016,,,,,,,,,,,,,,,,,,,,,,,,,
813,47139,TN,0,no residential sales in 2016,,,,,,,,,,,,,,,,,,,,,,,,,
814,42103,PA,1078,ok,UNACCEPTABLE regressivity,0.7874988314517726,42.97691925291466,1.240663446594509,-0.21460610461067361,-57.053300097902934,0.5124784381130854,0.3802658382814663,0.5802587913126738,-0.4197255934545905,-1.4440063156014158e-06,-0.17625413600919337,-0.18097997417312128,,,,,,,,,,,,
815,45037,SC,355,ok,acceptable (VEI within +/-10),0.8651463414634146,46.36192809586842,1.1572017712893572,-0.0012778777250112927,-0.28277627196462946,0.8993516821947857,0.5977710340799285,0.7665032873729781,-0.23348781488401654,-3.504349192426968e-07,-0.04751285940664607,-0.042368047633118966,,,,0.11130036500990399,0.037601799588359096,,,,,,,0.24559037659937988
816,49039,UT,201,ok,acceptable (VEI within +/-10),0.7101712050806187,20.29006261947665,1.0630791809709323,-0.09437431500860008,-9.376658858977617,0.7308431295611051,0.39806762184105454,0.728467482125953,-0.2715308810403912,-6.158733997413322e-07,-0.06682204260933622,-0.07100617875895354,,0.21748683554296347,0.24019153168352317,0.21895596157775615,0.18870795735835993,0.24253120408351211,,0.23606207205412033,0.23606061579025678,0.1319774225580439,0.24180288664901697,0.24283792657947204
817,48437,,0,no residential sales in 2016,,,,,,,,,,,,,,,,,,,,,,,,,
818,31071,NE,0,no residential sales in 2016,,,,,,,,,,,,,,,,,,,,,,,,,
819,17175,,0,no residential sales in 2016,,,,,,,,,,,,,,,,,,,,,,,,,
820,55109,WI,1529,ok,acceptable (VEI within +/-10),0.9056989047707444,10.180984735266447,0.9963923612146246,0.030659967554949537,8.21530645583518,1.0074863137371746,0.9055986143018969,1.027341777108694,0.027344476372458466,5.0791145808843935e-08,0.0020660167969852594,0.0024160243000426185,,0.12566855192881268,,,,,0.1568338151175676,,,,,
821,13281,GA,372,ok,acceptable (VEI within +/-10),0.8689590439276486,22.504825005753055,1.083327947164626,-0.015073389334178868,-4.662095227192392,0.8760493231156854,0.5926024418987004,0.9248956904854808,-0.07510114161319378,-3.104656592943075e-07,-0.053374408185764555,-0.07211160211528034,,0.24601142671928072,,0.167845692161968,0.17667019564406303,,,0.21347629968015513,0.2134721894710296,0.17629243961785185,,
822,50017,VT,379,ok,acceptable (VEI significance <= 10),1.0885714285714285,21.788694995156376,1.0795493942592935,-0.08076155607959991,-11.930888443344081,0.8571625351434413,0.84371509538728,0.8537793441809756,-0.14622456295184738,-6.725166625434239e-07,-0.0505459793823273,-0.05583679398439445,,0.23356692054335412,,,0.22111363187601102,0.2238657793993858,0.1864075490524534,,,,0.2257413729357939,
823,39005,OH,652,ok,acceptable (confidence intervals overlap),0.8080187496355047,17.522827968171338,1.0515069489562092,-0.0508689744735116,-11.764474536183682,0.8657964194024699,0.7659313388375318,0.8777661753622049,-0.12223057683780279,-2.783689423108025e-07,-0.04453483971877281,-0.047780468096704665,,0.20873746802927015,0.2057990159260389,0.19848262981205167,0.22737575962748788,0.20721476969026367,0.2208814427462504,0.19631780699811532,0.19631568589333703,0.20387342570202455,0.20631009859189298,0.21401527964179845
824,49025,,0,no residential sales in 2016,,,,,,,,,,,,,,,,,,,,,,,,,
825,56013,WY,264,ok,acceptable (VEI within +/-10),0.8713281965355696,19.90580710215326,1.010827924518378,0.06556992587082164,6.738630262400247,0.9388189882053132,0.8175086483551666,0.9763855193476201,-0.02361183390331648,-2.1489071185333657e-07,-0.015068828787695443,-0.015754892271722554,,0.2245087215852359,0.12278271780186767,,,0.11766105296832083,0.2268011598946944,0.0806620356452116,0.08064472796967069,0.11311827886874906,0.10661683768816742,0.10371467789836562
826,30101,MT,0,no residential sales in 2016,,,,,,,,,,,,,,,,,,,,,,,,,
827,19085,,0,no residential sales in 2016,,,,,,,,,,,,,,,,,,,,,,,,,
828,18111,IN,266,ok,UNACCEPTABLE regressivity,0.9582166250497594,39.53135097124664,1.465230442471565,-0.12748483784898615,-33.55366066972509,0.5762439620665875,0.14849661242593618,0.7040145222520895,-0.29595910586799606,-1.923997849366219e-07,-0.21693128128230188,-0.264900616204772,,,,,,,,,,0.13503204258768922,,
829,05041,,0,no residential sales in 2016,,,,,,,,,,,,,,,,,,,,,,,,,
830,38023,ND,11,skipped (fewer than 100 sales),,,,,,,,,,,,,,,,,,,,,,,,,
831,48365,TX,122,ok,acceptable (VEI within +/-10),0.7114223610167909,28.277346267697208,1.0478426713027802,0.04607022294552874,8.380213553655256,0.8791073993025093,0.5036560242421664,0.8101228888598039,-0.18987451596510302,-6.000033773311766e-07,-0.03661514819509093,-0.047560740801135815,,0.2493693036219248,0.17892195964975235,,,0.21956479057647998,,,,0.19278289134477222,0.2065870651178101,0.20792374840017028
832,48379,TX,113,ok,UNACCEPTABLE progressivity,0.7242220067862336,26.875645071230462,0.9994316024621445,0.06396614196375079,29.914398969115602,0.9765641151811449,0.7183740258368378,1.0250929091106005,0.025132160315549556,4.971282768361885e-09,-0.009529360961051836,-0.014451179610248222,,,0.010657993520976548,,,0.13589765461172837,,,,0.025937046143608918,0.10809512534273061,0.11752129548502105
833,42125,PA,1836,ok,UNACCEPTABLE progressivity,0.2917871320175677,57.70397767618882,1.2257943812611432,-0.006213254014128796,49.016940766777616,0.6788090575542449,0.15341535447779775,0.580654986556004,-0.41929467293812667,-2.618013107293971e-07,-0.1248771410042333,-0.1359248320484483,,,,0.09020822071559395,,,,,,0.11885987705275775,,
834,48171,TX,236,ok,acceptable (VEI within +/-10),0.8847353292800078,27.499234888656908,1.1252163066621474,0.010647361483143294,-7.491511122643865,0.7038369429738347,0.23554843154204474,0.78600339293563,-0.2139935535784057,-3.9837456142709753e-07,-0.10477038337554023,-0.1310974656966042,,,,,0.18816826738372858,,,,,0.18421592271380888,,
835,01125,,0,no residential sales in 2016,,,,,,,,,,,,,,,,,,,,,,,,,
836,40017,OK,4056,ok,UNACCEPTABLE progressivity,0.781136,53.787438906536586,1.0345683133111896,0.24963807467111332,104.9019472035943,0.6953603584443147,0.32519428709289583,0.7656174512720048,-0.2343531108314733,-2.751018461095421e-07,-0.09841455680371602,-0.1203265419991113,,,0.1739440659908172,,,,,,,0.15761996806624326,,
837,42115,PA,304,ok,UNACCEPTABLE regressivity,0.5395755169108586,37.63890483725924,1.3928071865043092,-0.2112622719456707,-34.55202784071571,0.49649698996163527,0.03538688741876907,0.5433602143067657,-0.45663200659069497,-1.923646613532942e-07,-0.22417692250201782,-0.25847810105817914,,,,,,,,,,0.07168337620081706,,
838,42099,PA,0,no residential sales in 2016,,,,,,,,,,,,,,,,,,,,,,,,,
839,21157,KY,387,ok,acceptable (VEI within +/-10),0.8729838709677419,24.447239878486858,1.061761343176834,-0.007054088524256018,-6.016749480952715,0.9211905453191355,0.7237631075926402,0.9604608662950209,-0.0395280410914948,-4.767310852279066e-07,-0.03488376719604669,-0.043115070256206645,,,0.2259742456727691,0.11759212175980806,0.20150477483578766,0.21145088221749547,,0.16518083901458877,0.16511574897825435,0.19451369724010123,0.21808122931694024,
840,47165,,0,no residential sales in 2016,,,,,,,,,,,,,,,,,,,,,,,,,
841,20035,KS,252,ok,acceptable (VEI within +/-10),0.8513131313131312,19.02292312209027,1.0222942944037672,-0.016799756796039123,-1.2762517797816757,0.96343739338546,0.827328537272244,0.9222462726532403,-0.07775337091202739,-5.969400586837463e-07,-0.011214211511658467,-0.010413476564189894,,0.2248773525982469,0.1539487736764378,0.11886298618196886,0.07267578714647667,0.10929953887406824,0.24340637285238537,0.19080988344001676,0.19080964753371646,0.14519573738254335,0.09923767618004509,0.1311899958977455
842,04017,,0,no residential sales in 2016,,,,,,,,,,,,,,,,,,,,,,,,,
843,13267,GA,175,ok,acceptable (VEI within +/-10),0.9513513513513514,31.88634777547897,1.2738321776108144,-0.04870162737373838,0.3611197866615367,0.7670776288491616,0.39563430786346776,0.8765569362950417,-0.12344083490076446,-1.913215051116885e-07,-0.12331723858613186,-0.16959974746316742,,,,,0.10216766959903555,,,,,0.18284625338032148,,
844,39061,OH,0,no residential sales in 2016,,,,,,,,,,,,,,,,,,,,,,,,,
845,47055,TN,0,no residential sales in 2016,,,,,,,,,,,,,,,,,,,,,,,,,
846,15007,HI,715,ok,acceptable (VEI within +/-10),0.9119587628865979,13.669977947297745,1.0210487890612139,-0.008836943235188525,-0.9614883174146881,0.9562548662337966,0.9722806311164757,0.9461985574834981,-0.05380119020406982,-1.745638318491625e-08,-0.017523178055559807,-0.016268226343540304,,0.16485184842662232,0.13406840804854267,0.1221848721639091,0.021979300859828,0.17661086578693527,0.22996617118702664,0.1459571897097377,0.14595620434721496,0.14618623997730879,0.17516396298371095,0.1504020930120886
847,39051,OH,0,no residential sales in 2016,,,,,,,,,,,,,,,,,,,,,,,,,
848,42019,PA,2463,ok,UNACCEPTABLE regressivity,0.09464673913043478,20.108286861585356,1.0536320175191893,-0.031897209788130605,-21.070378706996532,0.8627971956231029,0.09554426397603756,0.9022832454267132,-0.09763223222682454,-1.4399935332315946e-08,-0.04689653496774082,-0.051774480626676,,0.22505673588907044,0.207936832365356,0.19260684190368757,,0.21716757381942697,,0.20113836812963679,0.20127848772363113,0.025030610154630532,0.2167295709888912,0.21686422663098426
849,20063,KS,25,skipped (fewer than 100 sales),,,,,,,,,,,,,,,,,,,,,,,,,
850,50009,VT,90,skipped (fewer than 100 sales),,,,,,,,,,,,,,,,,,,,,,,,,
851,37015,,0,no residential sales in 2016,,,,,,,,,,,,,,,,,,,,,,,,,
852,42083,PA,367,ok,UNACCEPTABLE regressivity,0.6880434782608695,36.89587985467298,1.1925873285013648,-0.17950739990817488,-56.9369356494082,0.7198073069441461,0.4433440585151293,0.6690062142891974,-0.3309842158879977,-2.434779016756346e-06,-0.11004253534262087,-0.1157285039167193,,,,,,,,,,0.23739707996223755,,
853,13085,GA,1040,ok,UNACCEPTABLE regressivity,0.9120783695652174,42.462412766262055,2.5989735205441122,-0.17795500587562207,-95.81928405721003,0.1486762883643572,-0.04769225771969505,-0.2254715192516317,-1.2254752371845083,-3.6148217513791246e-07,-0.5143486087516276,-0.6597389559552149,,,,,,,,,,0.20707705771281007,,
854,48021,TX,1210,ok,UNACCEPTABLE progressivity,0.8184084446173128,41.95293377346551,4.056863156333276,0.062074471294922,92.66380583366977,0.3590291665473407,-0.0009098839776372431,0.38527391865614063,-0.6147203000425308,-9.085821973325952e-09,-0.5300550333560632,-0.758744388078689,,,,,,,,,,0.03138430643231243,,
855,19147,,0,no residential sales in 2016,,,,,,,,,,,,,,,,,,,,,,,,,
856,45045,SC,9757,ok,acceptable (VEI within +/-10),0.8938867924528302,13.557743113236482,1.0420354442334607,0.017712574400099875,6.760593395238801,0.9450096427758684,0.6526280020029717,0.9970771095351273,-0.002920354966921687,-9.415789870043246e-09,-0.02316468903572,-0.03574167314424215,,0.15830667775328572,0.1830054797871816,,,0.17517033150210695,,0.03759922861285597,0.03757205852693852,0.12001497899014012,0.17522060845277973,0.20581935539589866
857,28009,,0,no residential sales in 2016,,,,,,,,,,,,,,,,,,,,,,,,,
858,55049,WI,0,no residential sales in 2016,,,,,,,,,,,,,,,,,,,,,,,,,
859,45083,SC,6020,ok,acceptable (confidence intervals overlap),0.8576275529274671,43.195786778181755,1.3466289775108837,-0.019060586492067166,14.010410465614605,0.5122714632861077,0.08821816236600168,0.20852896331170373,-0.7914820237772687,-9.430105689933994e-07,-0.2105396386223779,-0.2572417018932065,,,,,,,,,,,,
860,06057,CA,0,no residential sales in 2016,,,,,,,,,,,,,,,,,,,,,,,,,
861,28073,,0,no residential sales in 2016,,,,,,,,,,,,,,,,,,,,,,,,,
862,40073,OK,117,ok,acceptable (VEI significance <= 10),0.7465266666666667,27.14540125966833,0.9676207330970087,0.11866284509104796,34.4133125687057,1.0617500070761765,0.8064693373866795,1.0615152401234913,0.06152920512660237,4.0730303538619763e-07,0.022028225134207435,0.02852735106241655,,,,,,,,,,,,
863,51059,VA,0,no residential sales in 2016,,,,,,,,,,,,,,,,,,,,,,,,,
864,21125,,0,no residential sales in 2016,,,,,,,,,,,,,,,,,,,,,,,,,
865,19073,,0,no residential sales in 2016,,,,,,,,,,,,,,,,,,,,,,,,,
866,40077,OK,56,skipped (fewer than 100 sales),,,,,,,,,,,,,,,,,,,,,,,,,
867,30059,MT,0,no residential sales in 2016,,,,,,,,,,,,,,,,,,,,,,,,,
868,18113,IN,745,ok,acceptable (VEI within +/-10),0.9705128205128205,17.336215151897317,1.0513352423721833,-0.04880296354317562,-5.910121881309048,0.8762894326727496,0.7747704272832805,0.8812459469635568,-0.1187526249306028,-8.378177306381577e-07,-0.0408223860558552,-0.04356218811127399,,0.20882397231528738,0.2019587846841973,0.24451130398847182,0.19037775063402898,0.22032804080096843,,0.20014220696828341,0.2001387733951136,0.2086881821297424,0.22087463831696574,0.2240381409425123
869,51015,VA,801,ok,acceptable (VEI within +/-10),0.9397351778656127,10.25893984714972,1.007677448006289,-0.0038740472118890265,-4.403289743908825,0.970077073669787,0.9218620147086356,0.9574563592708216,-0.042543337941378594,-1.681167453883482e-07,-0.007071086234244461,-0.0066755466721177825,,0.12624456821289168,0.08382385908065934,0.04001845397200595,0.09163762568766724,0.08005232869569252,0.10994597797110944,0.08827881978243679,0.0882787097673929,0.08400203106497099,0.0794676630192203,0.07150239682184448
870,45075,SC,0,no residential sales in 2016,,,,,,,,,,,,,,,,,,,,,,,,,
871,51685,VA,0,no residential sales in 2016,,,,,,,,,,,,,,,,,,,,,,,,,
872,39073,OH,463,ok,acceptable (VEI within +/-10),0.8173573573573574,33.80554950128133,1.6238630679863195,-0.02500489881775431,1.896322867544399,0.5060281035950822,0.009256781079234312,0.6801348823329874,-0.3198467555395849,-8.956520349060143e-08,-0.28019117446166053,-0.3855179638187096,,,,0.22737031087085008,,,,,,0.061282266226660914,,
873,37049,NC,1091,ok,acceptable (VEI within +/-10),0.98,10.337701770766998,1.0037715570847499,0.014344971047706231,4.425506925309574,0.9859584867740472,0.9524683977996515,0.986824904038388,-0.013174582841220705,-5.694513797569457e-08,-0.003816020223049499,-0.0033611844612946307,0.219312232958897,0.12352386392177758,0.06802788002721992,,,0.06524935708536768,0.10376591560190926,0.06265651866028998,0.06265607784916609,0.0636162716986882,0.06423529862796519,0.06077801150936676
874,39139,OH,0,no residential sales in 2016,,,,,,,,,,,,,,,,,,,,,,,,,
875,38015,ND,1473,ok,acceptable (VEI significance <= 10),0.9151515151515152,11.440758349253837,1.0008896257270077,0.053526214328131205,10.793992158366033,0.958719326636758,0.8570626382669962,1.0389541015123303,0.03895635693956989,-1.62330292173429e-08,-0.009462150465603392,-0.010815086235382187,,0.13786775962499942,0.021430196103720267,,,0.07801995355355015,0.16933393806612598,,,0.02627921026859774,0.07642675021415248,0.08059412750546056
876,41041,OR,1122,ok,acceptable (VEI within +/-10),0.9396966840790371,17.25220122083318,1.0214370782492241,-0.009774795174252424,-3.1273992779274176,0.9574270661577965,0.9001666622348857,0.939522373595418,-0.06047729184470896,-2.182007799655116e-07,-0.013179878557411984,-0.01245455891184366,,0.19129746806111764,0.14973918348092402,0.1271704772815134,0.15712284029571968,0.12911565848355194,0.1961710580229215,0.159150879335045,0.15915047893054154,0.14674699084660972,0.12611959508982787,0.11538193444982285
877,34001,NJ,0,no residential sales in 2016,,,,,,,,,,,,,,,,,,,,,,,,,
878,51770,VA,1139,ok,UNACCEPTABLE regressivity,0.9398809523809524,17.967651456142978,1.0560047114828508,-0.07945572129749151,-24.989013475168328,0.8618868957180241,0.8310585465133065,0.8463060828895701,-0.15369363176362724,-7.113368635063797e-07,-0.04501305874185735,-0.04152179272465184,,0.20262486570275604,0.22182885799242053,0.2261254422641763,,0.2151152919134621,,0.23882938518298324,0.23882943767432385,0.21006343554961196,0.21567439230995483,0.21104800782770936
879,21171,KY,6,skipped (fewer than 100 sales),,,,,,,,,,,,,,,,,,,,,,,,,
880,21135,KY,0,no residential sales in 2016,,,,,,,,,,,,,,,,,,,,,,,,,
881,47039,TN,0,no residential sales in 2016,,,,,,,,,,,,,,,,,,,,,,,,,
882,42069,PA,2172,ok,UNACCEPTABLE regressivity,0.10555555555555556,47.30279257665003,1.3408952999324055,-0.24107792710952558,-78.11634349030471,0.590761521337995,0.03981406755992639,0.5420565990671541,-0.4578905854459058,-4.8514926274874034e-08,-0.17801852325704326,-0.19244301439728395,,,,,,,,,,0.02677399544786739,,
883,27103,,0,no residential sales in 2016,,,,,,,,,,,,,,,,,,,,,,,,,
884,20105,KS,0,no residential sales in 2016,,,,,,,,,,,,,,,,,,,,,,,,,
885,32031,NV,10888,ok,UNACCEPTABLE regressivity,0.5668546031746031,36.393014533026516,3.534820274272137,-0.06703488286922853,-80.15682053907052,0.35403134132895986,0.0031564512957613098,0.046233634928285555,-0.953768937882648,-1.992298037164062e-08,-0.5049084752858253,-0.7049349472073259,,,,,,,,,,0.10250985260298566,,
886,48355,TX,3721,ok,acceptable (VEI within +/-10),0.9339713344114885,17.784517453611752,1.0258354971547279,0.013157798180251739,7.909058049356767,0.9241659204717652,0.9031015900099055,0.929985830354016,-0.0700120303006064,-2.568158821400386e-08,-0.025960717124729804,-0.026011899472325517,,0.20432394880008337,0.17039573045050405,,,0.18477967294603592,0.12502369372880176,0.16484226594021345,0.16484117258686654,0.14389464836259452,0.18149723707690726,0.1881103548861111
887,29135,MO,144,ok,acceptable (VEI within +/-10),0.6784819374273583,30.11046755628113,1.1070013729862824,-0.002720707094616642,5.276606990419889,0.6724625071692407,0.29747282427666655,0.5784467774398485,-0.42155022479432874,-1.1218982903581964e-06,-0.10038504736938103,-0.11349702913354953,,,,0.03409566448319336,,,,,,0.19032742421200782,,
888,01003,AL,5328,ok,UNACCEPTABLE progressivity,0.9124444215927343,14.253970929156386,1.0044252718101003,0.030395304520554042,15.379279836839803,0.98151785608892,0.8325626079906878,1.01830080537433,0.018305367658525813,-2.285031823253955e-08,-0.006962715524680307,-0.010941239998705665,,0.16749252984433488,0.06065735329159376,,,0.09228860915225742,,,,0.05172022238119072,0.0910017625528724,0.11747780048390027
889,26165,,0,no residential sales in 2016,,,,,,,,,,,,,,,,,,,,,,,,,
890,39145,OH,777,ok,acceptable (VEI within +/-10),0.9357272727272727,31.029799050919763,1.1369982338876967,-0.06872368553557101,-9.265750023054936,0.8736267496910513,0.6985713682521711,0.8165962143517708,-0.18340066706982827,-4.4326613430042774e-07,-0.05599596379371041,-0.0563062419971041,,,,,0.1664712534952274,,,,,,,
891,21009,KY,0,no residential sales in 2016,,,,,,,,,,,,,,,,,,,,,,,,,
892,13111,GA,905,ok,acceptable (VEI within +/-10),0.7362162162162162,28.358409154924445,1.0666051188241485,-0.012845169868295007,-7.254641450168804,0.8672858056905509,0.5977923143331991,0.889403607166046,-0.11059055110594913,-4.829023227780841e-07,-0.04781575470580912,-0.05871834115541641,,,0.23103817755025316,0.1994929907788699,0.22037290743180518,,,,,0.18000493543114576,,
893,13131,GA,230,ok,acceptable (VEI within +/-10),0.8799810741687979,32.40976229492929,1.1553565342630296,-0.002759917043687189,8.677005994947658,0.7811405519797721,0.41641491548288473,0.8781430574479319,-0.12184743428450624,-5.789478318979364e-07,-0.09729539543146748,-0.1281703745585454,,,,0.07004663023633147,,,,,,0.1935300724948138,,
894,29111,,0,no residential sales in 2016,,,,,,,,,,,,,,,,,,,,,,,,,
895,55031,WI,489,ok,acceptable (VEI within +/-10),0.9403846153846154,15.730196600947876,1.0279966201448347,-0.021407079020338785,-3.8021140915487868,0.937649084008749,0.8606944168828455,0.9304760070398701,-0.0695237391073108,-3.328449658900115e-07,-0.021065965330662184,-0.019823552579069315,,0.1828590303480804,0.17725223483633498,0.18140487636876307,0.11814940943716237,0.1354476484733671,0.2084357255305576,0.19018103594181077,0.19018065954166155,0.140916531396385,0.1366351637195103,0.15079262428777215
896,35045,NM,697,ok,acceptable (confidence intervals overlap),0.9012711530893349,19.341713212340498,1.0098980207291457,0.08366666864863608,12.596462262950146,0.9620986662773052,0.7849370779823021,0.9934217058036123,-0.006569924611110075,-1.850518943777771e-07,-0.009085128651486807,-0.00796207454182074,,0.22435712398251864,0.10577459932203105,,,0.10727271042072195,0.23610690372130858,0.0420553593939651,0.04201586270401313,0.1067242849595325,0.10911043393711675,0.0750301862182053
897,49043,UT,490,ok,acceptable (VEI significance <= 10),0.8216724770642202,22.65353502829059,0.9984964310653691,0.04422869819688662,12.372193665926767,1.0069855436879371,0.8564258186787146,0.9826103829374254,-0.01738921309964322,1.7271911390836845e-09,0.0030177305848013702,0.0027503332291413107,,,,,,,,0.0942397838309152,0.09423620434833706,,,
898,06041,CA,0,no residential sales in 2016,,,,,,,,,,,,,,,,,,,,,,,,,
899,13135,GA,15103,ok,UNACCEPTABLE progressivity,0.8980769230769231,11.851319580367965,1.059371993225188,0.02907828145952358,13.35581364040963,0.914197239964447,0.6547825445497178,1.001970732613919,0.001972429143210884,-7.197684730631163e-09,-0.03570068511656954,-0.04822540712702783,,0.1411116878345396,0.2337355762742248,,,0.19784563625316925,,,,0.15314850192289745,0.21001973771782287,0.23994736239896766
900,13141,GA,147,ok,UNACCEPTABLE regressivity,0.974139393939394,45.075123388593596,1.2500312209865037,-0.17074522889255908,-59.351085192153924,0.811885077566389,0.7253907020957338,0.7268130087294892,-0.2731905200485984,-1.860971065403239e-06,-0.08276550949689221,-0.08039129906582043,0.1488257224417907,,,,,,,,,,,
901,01057,AL,155,ok,acceptable (VEI within +/-10),1.0,26.19725151775257,1.0747848988380633,-0.029627777364088056,-0.8333333333333304,0.9073279140038325,0.9095316209547875,0.9106771688750916,-0.0893262229624971,-1.864542800096258e-06,-0.03857418070529128,-0.051275055740701125,0.0,,0.23221824657360693,0.17266007997136865,0.051942267784411196,0.20833413131124578,0.19829593148962277,,,,0.23068174807938013,0.20172654271697169
902,30049,MT,0,no residential sales in 2016,,,,,,,,,,,,,,,,,,,,,,,,,
903,47065,,0,no residential sales in 2016,,,,,,,,,,,,,,,,,,,,,,,,,
904,28145,MS,144,ok,UNACCEPTABLE progressivity,0.6260159242165992,23.235201366165576,0.987593697691287,0.0989093146902457,26.0893403251646,1.0380493509340554,0.6239110653480417,1.0719588422401114,0.07196856295769945,1.4168620914335435e-07,0.011746536969689414,0.007715022750703793,,,,,,,,,,,,
905,55059,WI,2116,ok,acceptable (VEI within +/-10),0.9313230059658093,12.976438959595976,1.0201519818244826,-0.027221321521171567,-7.192036035387914,0.9472271768130582,0.8805212247801423,0.9220838998665566,-0.07791596784957219,-2.6271270183020357e-07,-0.015698351601751703,-0.01464263697686885,,0.1521403927364512,0.1402363520761187,0.1442075755368561,0.14228193391979793,0.12422056856157389,0.19666903419810627,0.15606348178299786,0.15606301831146205,0.13015756939285525,0.12365572901391299,0.11917127536914864
906,24003,MD,4070,ok,acceptable (VEI within +/-10),0.9629928111067663,8.114859047210365,1.01864806871391,-0.03144940787160795,-5.372365368421241,0.9268985864766025,0.8441898290773419,0.9294069378414819,-0.07059290473254265,-1.142724979122694e-08,-0.019395353571330487,-0.019973256536327755,,0.09826593482974226,0.1493320695216156,0.12968629683351732,0.10786417411888642,0.13433301284301238,0.19106385979197674,0.11528353588304227,0.11528335552536396,0.12125202389347986,0.13626789179269916,0.1345190717853908
907,37131,NC,0,no residential sales in 2016,,,,,,,,,,,,,,,,,,,,,,,,,
908,21039,KY,0,no residential sales in 2016,,,,,,,,,,,,,,,,,,,,,,,,,
909,22105,LA,1694,ok,UNACCEPTABLE progressivity,0.7687737583709584,38.147084893715274,1.1503910287869406,0.06347728182760953,35.42640829456009,0.6632455081702885,0.09670538696752866,0.7562810589374828,-0.24367847410309243,-2.1251851697874897e-07,-0.11877407003607865,-0.13763744081115314,,,,,,,,,,0.11966648592274116,,
910,26045,MI,1620,ok,acceptable (VEI within +/-10),0.9355541226897157,14.67088196295644,1.0238586091916904,-0.021131139414511096,2.4242672593465793,0.916743503067672,0.7842802295480782,0.9198207303684997,-0.08017875497307411,-4.30880190700788e-07,-0.022031732850509078,-0.02253145815376234,,0.170602194715512,0.15095875350645901,0.1137225529544854,,0.1392551833127839,0.24686003212059798,0.14930470517105524,0.14930423853684133,0.12247844679422619,0.13618715375192866,0.1309293334368726
911,42039,PA,876,ok,acceptable (confidence intervals overlap),0.36668659075397825,35.10234251157346,1.1722953669793097,-0.05897118810312682,-17.363606046363063,0.7022913379937965,0.1484070946720755,0.7358905201587996,-0.26406645623339453,-5.699033879942772e-07,-0.11595813907081931,-0.13401069423180623,,,,0.24513396522452957,0.23243275404674069,,,,,0.08974155659901424,,
912,34033,NJ,0,no residential sales in 2016,,,,,,,,,,,,,,,,,,,,,,,,,
913,20085,,0,no residential sales in 2016,,,,,,,,,,,,,,,,,,,,,,,,,
914,12095,FL,27369,ok,acceptable (VEI within +/-10),0.7818845070422535,24.722119289208177,1.0859653347950382,0.020172734378876886,9.376255510577964,0.8799220616426752,0.5931860793144983,0.7585542735594595,-0.24144349878688606,-8.685206398241963e-09,-0.05578617274619324,-0.055952266165051334,,,,,,,,,,0.17660560583093612,,
915,08087,CO,438,ok,acceptable (VEI within +/-10),0.7776569904141798,16.154266646176726,1.0064490725305986,0.026899038798646798,6.1903928427490325,0.982859576281789,0.7673725443056268,0.9827569769013075,-0.01723907408346773,-1.238213938461395e-07,-0.004640691726567336,-0.0028778183092907916,,0.19534782350244415,0.09107269789366731,,,0.08819412106733121,,0.0921037999514364,0.09209233743670957,0.0808269024721635,0.08504233840321847,0.043734217141418535
916,48293,TX,131,ok,acceptable (VEI within +/-10),0.8045129334067144,29.721442198380924,1.1024211289176995,-0.06965544324588237,-7.835306554794645,0.853797633871103,0.662953962956734,0.8480895242374147,-0.1519046989624452,-1.385048753406043e-06,-0.05532751087096788,-0.059959113697643396,,,,,0.1503453371855212,0.2467863675487042,,,,0.23415314871660628,0.24386242145317227,0.22990676338833985
917,31013,NE,0,no residential sales in 2016,,,,,,,,,,,,,,,,,,,,,,,,,
918,53047,WA,476,ok,acceptable (VEI significance <= 10),0.8035456557298182,19.744916120955004,1.0179762008730249,0.031639686454062003,10.8705569053471,0.9817769576699974,0.5696888947392159,0.9819123693197684,-0.01808535195625129,-7.423352438312089e-08,-0.0064921545238421086,-0.011834597423745041,,0.2136832673337141,0.13313240405321733,,,0.11436920929318285,,0.13470108359383526,0.13473912248469677,0.12627919232791499,0.12061343884350133,0.11381270748539155
919,26001,,0,no residential sales in 2016,,,,,,,,,,,,,,,,,,,,,,,,,
920,27077,,0,no residential sales in 2016,,,,,,,,,,,,,,,,,,,,,,,,,
921,55079,WI,4810,ok,acceptable (VEI within +/-10),0.9768656430677336,10.90084606159626,1.0237406550979296,-0.04159617242596513,-8.55369484660064,0.9241237386825222,0.8952816962854409,0.9110521453225119,-0.08894789568479006,-2.0154555815231392e-07,-0.022910052210793896,-0.021077417924859843,,0.13156850248149063,0.14769786617412783,0.161847088254255,0.13913921347634614,0.14617267878758858,0.1827663534259109,0.14948087426480422,0.14948079262952255,0.14415179172842882,0.14290887662776794,0.1403584365445868
922,06083,CA,0,no residential sales in 2016,,,,,,,,,,,,,,,,,,,,,,,,,
923,51510,VA,2414,ok,acceptable (VEI within +/-10),0.9684458385362941,6.5034161261364405,1.0095340268868809,-0.017063605515077428,-3.882615699984748,0.9833339713610392,0.9792765414042613,0.9668204895817619,-0.03317947765127403,-1.0745890543034611e-09,-0.0061911284089020135,-0.005311267767273975,,0.08143075759154955,0.059638189378567644,0.13348523145044094,0.09767469203440686,0.08053418570864786,0.07338212653014164,0.10500344914771839,0.10500326427220942,0.07240983449752812,0.13356073125527318,0.055089535133124444
924,40115,OK,245,ok,acceptable (VEI within +/-10),0.8956697247706422,45.8286016207712,1.4442686597840007,-0.1425601382327383,-9.850515294741992,0.5814239809571594,0.06041297272084224,0.5793607079976002,-0.42063412302451814,-6.470851707210877e-07,-0.20392063994930854,-0.25111671195457075,,,,,0.17002439780494955,,,,,0.15576408524689722,,
925,29011,,0,no residential sales in 2016,,,,,,,,,,,,,,,,,,,,,,,,,
926,36009,NY,926,ok,acceptable (VEI significance <= 10),1.0341654761904762,33.573612812364686,1.1906781207320385,-0.14511902745599325,-36.79447684526194,0.7960581077266357,0.775637961208551,0.749960701643659,-0.2500429540361074,-9.888319911812924e-07,-0.09140826411463032,-0.09357958070660444,,,,,,,,,,,,
927,46029,SD,0,no residential sales in 2016,,,,,,,,,,,,,,,,,,,,,,,,,
928,28001,,0,no residential sales in 2016,,,,,,,,,,,,,,,,,,,,,,,,,
929,24017,MD,1119,ok,acceptable (VEI within +/-10),0.9214005001786352,8.98230329661677,1.0336958206651965,-0.011733227960114615,-2.4082071264595317,0.9436125034728904,0.8337538316440565,0.9414242847950659,-0.0585756246521441,-1.0875438486730494e-09,-0.022208230034890253,-0.023667971196823956,,0.10921663141869059,0.12300347206973732,0.06534687399271497,0.0469892273995188,0.12122127550124424,0.18913574063965624,0.09422707869491595,0.09422696212079514,0.09971869859418435,0.12126426661337084,0.10394700529827003
930,22059,,0,no residential sales in 2016,,,,,,,,,,,,,,,,,,,,,,,,,
931,05121,,0,no residential sales in 2016,,,,,,,,,,,,,,,,,,,,,,,,,
932,48273,TX,208,ok,UNACCEPTABLE progressivity,0.789223282942105,25.809543235093436,1.0173332046761616,0.07761649826219004,26.263237292723034,0.9494476414532996,0.6370464573346314,0.9461878257013644,-0.05380808317739874,-2.809649874574659e-07,-0.016297876394758326,-0.027891127651087366,,,0.14383925236540449,,,0.15309025942654145,,0.17578401630106003,0.17577985160039267,0.1084419124363311,0.13816785852591326,0.17717577244348853
933,51085,VA,1342,ok,acceptable (VEI within +/-10),0.9482384583267023,6.217746657382763,1.0023801524129898,0.0041328568576587685,-1.9876277285643158,0.9880820805672296,0.923650127279551,0.9845823532500529,-0.015417431130466761,-4.8621074218596214e-08,-0.002462507820472082,-0.002848469491062877,,0.07773437897317662,0.04571308953019014,,0.05647284638293552,0.04263803332386189,0.10818470471618104,0.04536631869118489,0.045366168022731794,0.04492713124586538,0.042507856443688465,0.04331339911445557
934,23019,ME,0,no residential sales in 2016,,,,,,,,,,,,,,,,,,,,,,,,,
935,17113,IL,1505,ok,acceptable (VEI within +/-10),1.0086818181818182,11.126629028306594,1.0127193316072944,-0.016661756329501055,-5.3685869235543215,0.9532752192654413,0.9776111895386524,0.9352459904239238,-0.06475422611315433,-2.7608666186098643e-07,-0.012181396940129652,-0.011236336669675273,0.21064049043431338,0.13353426914064898,0.10983402913257248,0.09935971817096785,0.11467980500074666,0.10220594518641775,0.040007420976183185,0.11312793997318467,0.11312821669642477,0.11822531638885413,0.10368950417125265,0.1002627748088503
936,12083,FL,8736,ok,acceptable (VEI within +/-10),0.7954236673876269,18.56323220211715,1.0495622261316935,0.009778231066597714,9.531558258726053,0.9348885894806496,0.46796658867990665,0.9921256540232368,-0.007864687871458905,-1.4314369231314332e-08,-0.028572495609445525,-0.04173301857992029,,0.20918900472646934,0.1997374930030724,,,0.19665495171488329,,0.0908493102582565,0.090807487945329,0.09865931026327408,0.19630176968952384,0.2336315792342564
937,20181,,0,no residential sales in 2016,,,,,,,,,,,,,,,,,,,,,,,,,
938,17011,IL,0,no residential sales in 2016,,,,,,,,,,,,,,,,,,,,,,,,,
939,31157,NE,0,no residential sales in 2016,,,,,,,,,,,,,,,,,,,,,,,,,
940,22017,,0,no residential sales in 2016,,,,,,,,,,,,,,,,,,,,,,,,,
941,39081,,0,no residential sales in 2016,,,,,,,,,,,,,,,,,,,,,,,,,
942,27165,MN,0,no residential sales in 2016,,,,,,,,,,,,,,,,,,,,,,,,,
943,06017,CA,0,no residential sales in 2016,,,,,,,,,,,,,,,,,,,,,,,,,
944,18025,IN,283,ok,acceptable (confidence intervals overlap),0.7223529411764706,42.719715971005314,1.191871044413695,-0.0003998385465816704,15.490947308790325,0.8363781109274855,0.30594559362610946,0.900416051514691,-0.09955544851916068,-8.801425257196064e-07,-0.0849899458108434,-0.13693500168072714,,,,0.06644401779415546,,,,,,0.1910796808648074,,
945,38079,,0,no residential sales in 2016,,,,,,,,,,,,,,,,,,,,,,,,,
946,21043,KY,22,skipped (fewer than 100 sales),,,,,,,,,,,,,,,,,,,,,,,,,
947,29165,MO,1619,ok,acceptable (VEI within +/-10),0.7986260949746427,20.18851418724162,1.0450627667517005,-0.008002912225631677,1.422422398824608,0.8459603192094488,0.5602204052580868,0.7979385756574016,-0.2020604779635775,-1.0836978186039134e-07,-0.04394799698648799,-0.045700104603802805,,0.2157725867439976,0.198009834436127,0.07419365512426573,,0.21808808514892392,,0.2233682575775924,0.22336689759595169,0.12271627405769867,0.2079313444027746,0.21518615373046188
948,25007,MA,0,no residential sales in 2016,,,,,,,,,,,,,,,,,,,,,,,,,
949,56011,,0,no residential sales in 2016,,,,,,,,,,,,,,,,,,,,,,,,,
950,13315,GA,38,skipped (fewer than 100 sales),,,,,,,,,,,,,,,,,,,,,,,,,
951,42129,PA,0,no residential sales in 2016,,,,,,,,,,,,,,,,,,,,,,,,,
952,45003,,0,no residential sales in 2016,,,,,,,,,,,,,,,,,,,,,,,,,
953,39027,OH,0,no residential sales in 2016,,,,,,,,,,,,,,,,,,,,,,,,,
954,08009,CO,44,skipped (fewer than 100 sales),,,,,,,,,,,,,,,,,,,,,,,,,
955,05061,AR,0,no residential sales in 2016,,,,,,,,,,,,,,,,,,,,,,,,,
956,27163,MN,4674,ok,acceptable (VEI within +/-10),0.9058385288181207,8.467350910425349,1.0077493119144434,0.004721720070585642,4.31179751431285,0.975965435991967,0.7002466837508629,0.9767989625043448,-0.02319984240724533,-2.811924400625868e-08,-0.0064648168341863155,-0.006811465288110163,,0.10385588129257209,0.0858639507756195,,,0.07119122041866269,,0.07654334639062672,0.07653875839860885,0.057734223648039436,0.07247021327881575,0.07078278025938524
957,51093,VA,0,no residential sales in 2016,,,,,,,,,,,,,,,,,,,,,,,,,
958,48351,TX,68,skipped (fewer than 100 sales),,,,,,,,,,,,,,,,,,,,,,,,,
959,22063,,0,no residential sales in 2016,,,,,,,,,,,,,,,,,,,,,,,,,
960,48291,TX,1719,ok,acceptable (confidence intervals overlap),0.724198250728863,18.225302940373428,0.9756415939969503,0.061957404182835865,14.227797299925577,1.0272321692778088,0.7695595125450883,1.0193815695915254,0.019386317452877312,2.406672487731951e-07,0.011691494233172284,0.012505098525409819,,0.20391870301944293,,,,,,,,,,
961,47153,TN,0,no residential sales in 2016,,,,,,,,,,,,,,,,,,,,,,,,,
962,45033,SC,108,ok,acceptable (VEI within +/-10),1.034080787037037,73.73145536758466,1.3356987191552696,-0.029809867940507048,-0.12047530342204792,0.7789047060003959,0.8225099167047383,0.9006650241547339,-0.09930598537781919,-7.166010909538612e-06,-0.11616921905426025,-0.15029087457560797,0.23891987277393012,,,0.24578949640231612,0.10420765746786434,,,,,,,
963,12003,FL,317,ok,acceptable (VEI within +/-10),0.796515873015873,31.138563521324784,1.1236550362639541,-0.025119439638404073,-4.891145071554847,0.7244905037100406,0.49652794251986765,0.6928367014205475,-0.30715244544961234,-1.5901730649123855e-06,-0.09649937401246356,-0.1107685258594131,,,,0.20697966800258175,0.15958994439590057,,,,,,,
964,51550,VA,3197,ok,acceptable (VEI within +/-10),0.940623162845385,6.731804817989333,1.0074933843620482,-0.012596703874299892,-1.4034924738358043,0.9747051241080328,0.9143542252599837,0.9630015200988553,-0.03699830406314923,-1.8423523497662043e-09,-0.006954443696544521,-0.006518388444468393,,0.08307494195170681,0.08013943259186584,0.0707613925866691,0.04316158369769464,0.07560003787357777,0.24658763833037056,0.08222926170519787,0.08222914217829742,0.08141718552427613,0.07532355795652937,0.06251002997544923
965,49003,UT,768,ok,acceptable (VEI within +/-10),0.8079150637399111,18.9124694893861,1.0299957746042658,0.007895352514926651,-0.22728021533874537,0.8414588701787934,0.6409937865559744,0.8271854647649163,-0.17281313631117584,-4.822184044973614e-07,-0.03668586825119102,-0.03792361286532353,,0.2145269841225973,0.17267548729629445,,0.02143368432723782,0.17335161087910395,,0.19416147188892763,0.19415857569972605,0.13787832459568555,0.178352810701084,0.1812965764463349
966,51097,VA,0,no residential sales in 2016,,,,,,,,,,,,,,,,,,,,,,,,,
967,36049,NY,326,ok,acceptable (confidence intervals overlap),0.9735851836262233,25.82605867141604,1.1179005792058299,-0.07976759600758423,-13.232398910972716,0.804571516351536,0.6262067398471614,0.8259408067842279,-0.17405882137970718,-1.197794606343828e-06,-0.07641232142085852,-0.08823449817513951,,,,,,,,,,0.23037788830642425,,
968,05055,AR,662,ok,acceptable (VEI within +/-10),0.9322684917951678,14.88618559627212,1.0224424954925677,0.0003615058124049399,0.7532548600945409,0.9513669304847161,0.8340096926048641,0.9751655236268043,-0.024831084787155316,-3.9707544405963874e-07,-0.0171512745890956,-0.019874413000730007,,0.18115389513470034,0.1223810697687358,0.0375622605424985,,0.14145397168619062,,0.12762489969811133,0.12762776118652716,0.12248650934437728,0.14083637695918627,0.12695085063078693
969,33019,NH,0,no residential sales in 2016,,,,,,,,,,,,,,,,,,,,,,,,,
970,26055,MI,2101,ok,acceptable (VEI within +/-10),0.8977269478198714,14.160325975536102,1.0077355737326197,0.009318384416030669,1.3752268199914757,0.9840480291549425,0.8749180825569732,0.9870845065142076,-0.01291384003722691,-5.108180844659175e-08,-0.005595888153796302,-0.00566093788716171,,0.16540991885309672,0.08924435857816548,,,0.09211436534478123,0.18521470266558474,0.08985251022743415,0.08984523778366889,0.08443416170436836,0.09097131388525541,0.09095400640281312
971,12119,FL,3822,ok,acceptable (VEI within +/-10),0.8126557617024124,11.038860374402985,1.0117070420289003,0.008565695559867498,-2.832632211203107,0.9276983763418943,0.7134762409710734,0.992597725876474,-0.007398869346684877,-1.3245597291140796e-07,-0.019148661139066103,-0.023237590685900145,,0.13353568222415016,0.10699454057569852,,0.1231746207183169,0.11737324690015696,,0.061947027693353716,0.06193615152451242,0.07861125864389111,0.11691931214603113,0.13199054775072105
972,01089,AL,5553,ok,acceptable (VEI within +/-10),0.9702857142857143,14.09322861128517,1.0472212646368453,-0.019387396420133013,-3.632238828240273,0.9138860839463374,0.4477429741064708,0.9357049881417058,-0.06429421184172829,-4.259161751705054e-08,-0.031169931484499536,-0.03915133926410763,,0.16670220485970763,0.20364687888435587,0.14882636030759408,0.13448030592685256,0.19551631994905733,,0.17527969792550302,0.17527803095246902,0.10570229752958497,0.1956733192142845,0.20548138605647737
973,48065,TX,64,skipped (fewer than 100 sales),,,,,,,,,,,,,,,,,,,,,,,,,
974,51670,VA,0,no residential sales in 2016,,,,,,,,,,,,,,,,,,,,,,,,,
975,13175,GA,601,ok,UNACCEPTABLE regressivity,0.9687935390936784,34.183411069703766,1.2012624933720326,-0.09024544227543217,-20.681101780409694,0.812325584520724,0.879443505948445,0.6628991906973956,-0.3371010118064004,-5.622363877299753e-07,-0.09260798283430538,-0.0973486292128678,,,,,,,0.24621003790725923,,,,,
976,01121,,0,no residential sales in 2016,,,,,,,,,,,,,,,,,,,,,,,,,
977,37143,,0,no residential sales in 2016,,,,,,,,,,,,,,,,,,,,,,,,,
978,48475,,0,no residential sales in 2016,,,,,,,,,,,,,,,,,,,,,,,,,
979,17005,IL,1,skipped (fewer than 100 sales),,,,,,,,,,,,,,,,,,,,,,,,,
980,31155,NE,0,no residential sales in 2016,,,,,,,,,,,,,,,,,,,,,,,,,
981,31105,NE,0,no residential sales in 2016,,,,,,,,,,,,,,,,,,,,,,,,,
982,33009,NH,0,no residential sales in 2016,,,,,,,,,,,,,,,,,,,,,,,,,
983,15003,HI,6978,ok,acceptable (VEI within +/-10),0.9422060016220599,8.233647332341281,1.0159157569373323,-0.004840735937059882,-2.123480897406348,0.9604598989011374,0.765831540540272,0.973401360786412,-0.026598478652906436,-5.342561628084589e-09,-0.013401386852721853,-0.016559758959065807,,0.10089213037668689,0.12487604640048448,0.07221355932565206,0.08304720718579042,0.12040783593204485,0.19522915676607114,0.09307350721477123,0.0930732978080492,0.09462342562372734,0.12071318650347092,0.13856132781649685
984,32033,,0,no residential sales in 2016,,,,,,,,,,,,,,,,,,,,,,,,,
985,42001,PA,0,no residential sales in 2016,,,,,,,,,,,,,,,,,,,,,,,,,
986,51191,VA,0,no residential sales in 2016,,,,,,,,,,,,,,,,,,,,,,,,,
987,54013,,0,no residential sales in 2016,,,,,,,,,,,,,,,,,,,,,,,,,
988,34009,NJ,0,no residential sales in 2016,,,,,,,,,,,,,,,,,,,,,,,,,
989,35043,NM,2088,ok,UNACCEPTABLE progressivity,0.8112359139057922,20.39834666599696,1.0121261173063525,0.08964967504532124,20.754273522733655,0.9496372382814888,0.7573412557457502,0.9452486492889215,-0.05474781408552497,-1.5120574444300745e-07,-0.013223852021851057,-0.012535073499247318,,0.22606645366383565,0.10827316868021473,,,0.13406096693443162,,0.12658758179101848,0.12658229618943911,0.09564313705883548,0.11637396129968357,0.10975504687734382
990,29161,MO,84,skipped (fewer than 100 sales),,,,,,,,,,,,,,,,,,,,,,,,,
991,51590,VA,507,ok,UNACCEPTABLE regressivity,1.121875,35.38095543693387,1.1133313051582323,-0.10513119951632699,-52.53032813249099,0.9422925351333639,1.720217920447783,0.8273093890916714,-0.17269877375179846,-3.62062445004617e-07,-0.031206031960688385,0.0065079973201840335,,,,,,0.21746586989499928,,,,,0.21966580857906434,0.04876799469629027
992,39149,OH,0,no residential sales in 2016,,,,,,,,,,,,,,,,,,,,,,,,,
993,45041,SC,0,no residential sales in 2016,,,,,,,,,,,,,,,,,,,,,,,,,
994,54021,,0,no residential sales in 2016,,,,,,,,,,,,,,,,,,,,,,,,,
995,47121,TN,195,ok,acceptable (VEI within +/-10),0.8985365853658537,33.520196768331886,1.0769738349068219,-0.05792075184299636,-8.346905537459278,0.976645178031059,0.9292543577434617,0.8538125941255197,-0.14619122244963412,-3.5381948073835655e-07,-0.010864508125860706,0.00033507622093598144,,,0.21126823154512786,,0.175557650543993,0.13704735864384465,0.15489288926848468,,,0.2466068035577676,0.14676193714699004,0.15194121121267531
996,37045,NC,667,ok,acceptable (VEI within +/-10),0.9185540540540541,16.614757055287793,1.0148522608316264,-0.0020963537158437792,4.157161052674052,0.9766398515826163,0.9009198297437501,0.9585829408874109,-0.04141684316081101,-2.1779677506957323e-07,-0.007818232690601334,-0.0059342583160297835,,0.18637885438069168,0.11603249712412095,0.06400114371984333,,0.09206340632373464,0.20150374240611246,0.14721209072861327,0.1472118362306942,0.11657530980373566,0.09321412038266111,0.0985668572110653
997,37121,,0,no residential sales in 2016,,,,,,,,,,,,,,,,,,,,,,,,,
998,48215,TX,6660,ok,acceptable (VEI significance <= 10),0.8359379810183372,32.79119105203844,1.2267179939277284,-0.013584300361416083,10.447369632859706,0.7391023443350851,0.08441698886132522,0.7057985433363104,-0.2941977463635035,-8.129778874044788e-08,-0.12290133912510948,-0.1613462255748399,,,,0.15319438594288315,,,,,,0.11119927123137657,,
999,39175,,0,no residential sales in 2016,,,,,,,,,,,,,,,,,,,,,,,,,
1000,38037,ND,10,skipped (fewer than 100 sales),,,,,,,,,,,,,,,,,,,,,,,,,
1001,51730,VA,307,ok,UNACCEPTABLE regressivity,1.275,56.2697050013991,1.4842559084084292,-0.41457680258142343,-114.08991586267977,0.6791030484262889,0.9435817050107134,0.4960368850798406,-0.5039684055172712,-3.239879750279375e-07,-0.17920609303180624,-0.15961815916755007,,,,,,,0.17333061241173964,,,,,
1002,08085,CO,0,no residential sales in 2016,,,,,,,,,,,,,,,,,,,,,,,,,
1003,47023,,0,no residential sales in 2016,,,,,,,,,,,,,,,,,,,,,,,,,
1004,13155,GA,74,skipped (fewer than 100 sales),,,,,,,,,,,,,,,,,,,,,,,,,
1005,27033,MN,181,ok,acceptable (VEI within +/-10),1.01,31.889673148317637,1.0268763260562634,0.04739751847310466,-3.6734981550762984,0.9773957860655711,1.0310330751433503,0.9506038604844765,-0.04939411622742705,-6.289159029127545e-07,-0.008697936890983193,-0.004417290939343843,0.07094638695338312,,0.14212362782682714,,0.10355325868766731,0.14002902372930554,0.14265509340125845,0.2400124062040584,0.24001214636735907,0.19957920590330724,0.126385075130463,0.031640698834030374
1006,48055,TX,468,ok,UNACCEPTABLE progressivity,0.6063668137533313,50.024542099871475,1.0227631366099927,0.19827010593094438,107.2689084309874,1.0330405704679397,0.5977820151152384,0.7489619541692767,-0.2510404797679188,-2.7398070500883306e-07,0.008672054586212674,0.02123556655087011,,,0.12351661914069498,,,,,,,0.11421177862046415,,
1007,48169,TX,14,skipped (fewer than 100 sales),,,,,,,,,,,,,,,,,,,,,,,,,
1008,29143,MO,0,no residential sales in 2016,,,,,,,,,,,,,,,,,,,,,,,,,
1009,51167,VA,188,ok,acceptable (VEI significance <= 10),0.9715419501133786,41.56167939311507,1.259957223265714,-0.12413804564188209,-22.559584189879452,0.6633542427491746,0.47554324149967275,0.7016426385768358,-0.298343556900891,-3.5516434395644214e-06,-0.14454656608081162,-0.17856931941469312,,,,,,,,,,,,
1010,17183,,0,no residential sales in 2016,,,,,,,,,,,,,,,,,,,,,,,,,
1011,08123,CO,0,no residential sales in 2016,,,,,,,,,,,,,,,,,,,,,,,,,
1012,17187,IL,0,no residential sales in 2016,,,,,,,,,,,,,,,,,,,,,,,,,
1013,54043,,0,no residential sales in 2016,,,,,,,,,,,,,,,,,,,,,,,,,
1014,13303,GA,152,ok,acceptable (VEI within +/-10),1.2077844827586208,40.545452898251206,1.1930612982433524,-0.07689835051697977,-3.1330218309083953,0.7683022639052931,0.8438241266390111,0.803695853857253,-0.19630259542236034,-1.9392460455732245e-06,-0.10102774387689273,-0.11004239071596644,,,,,0.11229736981652026,,0.1263593956667935,,,,,
1015,38089,,0,no residential sales in 2016,,,,,,,,,,,,,,,,,,,,,,,,,
1016,26143,MI,0,no residential sales in 2016,,,,,,,,,,,,,,,,,,,,,,,,,
1017,21167,KY,0,no residential sales in 2016,,,,,,,,,,,,,,,,,,,,,,,,,
1018,55013,WI,0,no residential sales in 2016,,,,,,,,,,,,,,,,,,,,,,,,,
1019,17009,,0,no residential sales in 2016,,,,,,,,,,,,,,,,,,,,,,,,,
1020,10003,DE,0,no residential sales in 2016,,,,,,,,,,,,,,,,,,,,,,,,,
1021,12125,FL,103,ok,acceptable (VEI significance <= 10),0.795568345323741,41.66466373119211,1.2545856054092903,-0.14998915234048968,-52.356163526963456,0.6555891930203481,0.29821324742240213,0.6655785145824961,-0.33440849586086124,-2.6070625600944913e-06,-0.14079957802114218,-0.15678149342174796,,,,,,,,,,,,
1022,17041,,0,no residential sales in 2016,,,,,,,,,,,,,,,,,,,,,,,,,
1023,55067,WI,436,ok,acceptable (VEI within +/-10),1.0058636726771852,15.798560402048777,1.0528858253560804,-0.045180791203842316,-5.927870044198058,0.9137628579374122,0.8865713868407323,0.905415822370396,-0.09458454782462491,-9.626898882388771e-07,-0.032719656422111276,-0.036096576150014714,0.09799093651634988,0.18767942103065344,0.21211236783395265,0.23542038373946375,0.21420850745899261,0.20068066451437505,0.18265227091459613,0.21321319711130143,0.2132117406497274,0.2074972588002007,0.20161087133380917,0.21600729030366078
1024,01095,,0,no residential sales in 2016,,,,,,,,,,,,,,,,,,,,,,,,,
1025,37093,NC,0,no residential sales in 2016,,,,,,,,,,,,,,,,,,,,,,,,,
1026,56043,,0,no residential sales in 2016,,,,,,,,,,,,,,,,,,,,,,,,,
1027,55073,WI,1512,ok,acceptable (VEI significance <= 10),0.9461178434933969,12.486827534311812,1.0202767532785644,-0.021812944714373665,-10.26268659038655,0.9449152947857373,0.8632456274733701,0.9393484167107015,-0.06065085539311037,-3.655095893235867e-07,-0.016270801568041948,-0.016264560526551675,,0.15209540736640711,0.14081600823372595,0.12414630504928245,0.1689858208810304,0.1267878751059072,0.2034187385854742,0.14527042317630018,0.14527001248119822,0.12909929411096233,0.12421546066386618,0.11143965839797731
1028,48177,,0,no residential sales in 2016,,,,,,,,,,,,,,,,,,,,,,,,,
1029,13011,GA,223,ok,acceptable (confidence intervals overlap),0.8268142857142857,34.16861951010633,1.0390870717576666,0.04733467705125031,15.444269359850189,0.9470420650259229,0.74729296918678,0.9317344646162559,-0.06826271580811219,-4.935823054571138e-07,-0.01997560418674693,-0.024598383147727665,,,0.2015474657860608,,,0.20863930482820567,,,,0.18273872838732597,0.18822277149851144,0.16595021796787335
1030,21021,,0,no residential sales in 2016,,,,,,,,,,,,,,,,,,,,,,,,,
1031,51161,VA,1314,ok,acceptable (VEI within +/-10),0.9387908171543025,9.390746735751504,1.0120411454293783,-0.019619981108110744,-5.0765760233886255,0.9522061750064671,0.8859516798571598,0.9441337723659624,-0.05586591270132693,-2.106121787892217e-07,-0.012056516355559488,-0.011497788960999955,,0.11817963771791533,0.11244718252108864,0.128090698671737,0.11629961683085084,0.10208396707116851,0.1644643661365605,0.11844698632268796,0.11844680882178575,0.10703605860968002,0.10157898024788933,0.0984204240794153
1032,16065,,0,no residential sales in 2016,,,,,,,,,,,,,,,,,,,,,,,,,
1033,40117,OK,108,ok,acceptable (confidence intervals overlap),0.7602893697072857,26.47631687337426,1.0378289274121166,0.02036213537335268,14.13377327621289,0.9083567121115242,0.7480954365723431,0.8689700313102009,-0.13102320970822504,-4.875261424391561e-07,-0.030567430448752875,-0.02918082107504194,,,0.20078809968755276,,,0.18709396458881894,,0.2213707644646925,0.22136023086924006,0.1744940341708528,0.21641971348244848,0.13648529530829737
1034,42081,PA,0,no residential sales in 2016,,,,,,,,,,,,,,,,,,,,,,,,,
1035,08015,CO,582,ok,UNACCEPTABLE progressivity,0.7972778635778636,20.785371891124793,0.9808532453454692,0.07935870778595477,55.50056300969201,1.0157563700835877,0.7515141684309042,1.10290279531022,0.1029103642696624,1.1500931609679296e-07,0.005552449742519672,0.002855108527515249,,0.2396661987412483,,,,,,,,,,
1036,50025,VT,832,ok,acceptable (VEI significance <= 10),1.0523952730770914,17.107140129159234,1.076574165609938,-0.056711995213909086,-19.279210916828625,0.8606234692500401,0.8055393118377938,0.8863068391570211,-0.11369239831461997,-2.573961906307814e-07,-0.05444014750252624,-0.06000056443929602,,0.1984748364835742,,0.2431025920677655,,,,0.24193631576943114,0.24193621605388854,0.2372331362725835,,
1037,35037,NM,48,skipped (fewer than 100 sales),,,,,,,,,,,,,,,,,,,,,,,,,
1038,54033,WV,538,ok,acceptable (VEI within +/-10),0.8277902561634312,27.29335759893612,1.0430354897148577,-0.0006156844255983646,-5.512930332113167,0.9521694303074263,0.7824871597003812,0.9022723975914405,-0.09771809267749021,-4.711987596001607e-07,-0.01723971405622815,-0.010929781676274786,,,0.18939504234031126,0.021689671824775207,0.1010525916089355,0.15395285838564365,,0.24030925574952308,0.24115554963827956,0.18269970679054487,0.15791378761170977,0.10387041951010925
1039,27001,MN,0,no residential sales in 2016,,,,,,,,,,,,,,,,,,,,,,,,,
1040,06113,CA,0,no residential sales in 2016,,,,,,,,,,,,,,,,,,,,,,,,,
1041,55141,WI,1188,ok,acceptable (VEI within +/-10),0.9873249207670625,11.920795688523647,1.0224022178085397,-0.022396451146353757,-2.200489240239945,0.9393125503824942,0.9121830626943278,0.9375276621268874,-0.06246993712118588,-4.836810552015309e-07,-0.018913388692931132,-0.018615163212698738,0.17926368840404236,0.14426358625698754,0.14910309008914355,0.14787267467072165,0.13496678631028902,0.13772897709198922,0.161504296187459,0.1455299692106071,0.14552459226718614,0.13985517660012955,0.13734423682005392,0.13777017095005392
1042,34021,NJ,0,no residential sales in 2016,,,,,,,,,,,,,,,,,,,,,,,,,
1043,29149,,0,no residential sales in 2016,,,,,,,,,,,,,,,,,,,,,,,,,
1044,26061,MI,0,no residential sales in 2016,,,,,,,,,,,,,,,,,,,,,,,,,
1045,37039,NC,490,ok,acceptable (VEI within +/-10),0.9288759305210919,16.717706694683496,1.0198423953779323,0.0007905397546755349,1.9688978135022934,0.9466458535103944,0.8354977926563829,0.9637549593349392,-0.036243692788459216,-3.914785561412754e-07,-0.01608126599070192,-0.01887391904931346,,0.1939398704298278,0.13236688643548927,0.0428216227285457,,0.12065519687125831,0.21121275977671963,0.1359548841327986,0.1359566138808103,0.11792775871212782,0.11011042401375222,0.12349959619564273
1046,37165,NC,231,ok,acceptable (VEI significance <= 10),1.085,33.28436081993401,1.3242485784420754,-0.08744956149633588,-33.940916055595544,0.7310012402122675,0.21767404876622679,0.7915102319125543,-0.2084907135450515,-6.149923441867512e-07,-0.14153874264796662,-0.19826473963105773,,,,,,,,,,,,
1047,35035,NM,536,ok,acceptable (VEI within +/-10),0.9144314238991327,20.365575046273534,1.041453025776646,0.016394182485408398,8.108645835480631,0.8710221073657058,0.6627816280075263,0.9088278399587872,-0.09117023290337498,-1.6773908829929882e-07,-0.039389778418022825,-0.04533846466393765,,0.23015756617979627,0.1930836129682844,,,0.19764231601110063,,0.16835662388451397,0.1683556212585539,0.14358098005197203,0.19546059193404552,0.23230551781626824
1048,05125,AR,0,no residential sales in 2016,,,,,,,,,,,,,,,,,,,,,,,,,
1049,29187,,0,no residential sales in 2016,,,,,,,,,,,,,,,,,,,,,,,,,
1050,56041,WY,200,ok,acceptable (VEI within +/-10),0.8438249298984979,22.51400440898391,1.034302362268878,0.04167287021095841,6.085007438500821,0.8026610869533671,0.6819608847047798,0.8388539827041892,-0.16114365934019148,-6.861823846991875e-07,-0.048039988535121037,-0.05078185654838219,,0.24538692503954326,0.15173761223358545,,,0.21366196084485078,,0.2171163252119906,0.21711506409576647,0.16275214187753712,0.1967084578714009,0.21311719401698295
1051,15009,HI,1974,ok,acceptable (VEI within +/-10),0.927780895944708,13.41773361518713,1.0103832756589335,0.0011480529923943567,0.13859416885653267,0.9837935028854268,0.9344878382307086,0.9702427829078595,-0.029754519012434623,-8.419078832422596e-09,-0.0068142093540943804,-0.004270506063869917,,0.15786272606449006,0.10507919655164351,,0.008426058949330465,0.10999929074801812,0.2016762677736576,0.1286059417798051,0.12860440237566814,0.10830731978181547,0.10928916881332132,0.08969256117140588
1052,38013,ND,18,skipped (fewer than 100 sales),,,,,,,,,,,,,,,,,,,,,,,,,
1053,47103,TN,0,no residential sales in 2016,,,,,,,,,,,,,,,,,,,,,,,,,
1054,06051,CA,0,no residential sales in 2016,,,,,,,,,,,,,,,,,,,,,,,,,
1055,51610,VA,0,no residential sales in 2016,,,,,,,,,,,,,,,,,,,,,,,,,
1056,55027,WI,1049,ok,acceptable (VEI significance <= 10),0.9638059701492537,14.17462989866474,1.0345192648406982,-0.045079126973364546,-10.181855723319144,0.870418077883416,0.7402096169971965,0.8800772889379417,-0.11992188346436385,-6.56824863619975e-07,-0.03514939943430151,-0.036733268118951834,,0.16844175897719507,0.1680183807629318,0.1640790511240668,0.16635238697415844,0.1664596081270404,,0.17603334930302245,0.17603269886132594,0.15458090092847818,0.16573314657774935,0.16368649805725782
1057,39167,OH,738,ok,acceptable (confidence intervals overlap),0.840314362029998,26.043169751782788,1.0645324020131806,0.02056530731562382,17.999826175521385,0.8306372975931272,0.5172344282323179,0.9312165925767695,-0.06876866890940923,-6.46823089231868e-07,-0.056648211881638266,-0.06670431493153584,,,0.21888808641908755,,,,,0.20231384409781517,0.2022844873871581,0.15176274317207572,,
1058,21147,KY,86,skipped (fewer than 100 sales),,,,,,,,,,,,,,,,,,,,,,,,,
1059,29133,,0,no residential sales in 2016,,,,,,,,,,,,,,,,,,,,,,,,,
1060,13039,GA,849,ok,acceptable (confidence intervals overlap),0.8853581267217631,17.48830432030185,1.0267988813789495,0.021945501375115684,16.113715891161917,0.8956404002030114,0.5879792951331783,0.9934163113198772,-0.006576678468461221,-3.3036654303866077e-07,-0.030763179612413705,-0.035189267071179975,,0.19906980788024511,0.15508065835346965,,,0.1657417737174913,,0.055885771780048374,0.05587463474909701,0.11693257938648037,0.16296088711907047,0.17148302699635273
1061,55047,,0,no residential sales in 2016,,,,,,,,,,,,,,,,,,,,,,,,,
1062,48083,TX,49,skipped (fewer than 100 sales),,,,,,,,,,,,,,,,,,,,,,,,,
1063,36109,NY,900,ok,acceptable (VEI within +/-10),0.9163333333333333,11.029074244982175,1.0123883621937226,-0.0005605236121187958,5.196426119972746,0.9624840971150553,0.8386033980761225,0.9766142519156744,-0.02338427393264097,-9.87024280816728e-08,-0.011733034113382557,-0.012620098385044853,,0.1333575738932903,0.11194344679600898,0.03562931484440041,,0.11766606686954896,0.24991123260182746,0.08581484833622655,0.08581208756358336,0.08793537241833269,0.11717794934098048,0.11911826501277734
1064,29041,,0,no residential sales in 2016,,,,,,,,,,,,,,,,,,,,,,,,,
1065,23023,ME,0,no residential sales in 2016,,,,,,,,,,,,,,,,,,,,,,,,,
1066,48453,TX,15846,ok,UNACCEPTABLE progressivity,0.8859578789368805,19.26635357460675,1.0327629675679704,0.04998745881677864,12.578908406096707,0.9578637859308431,0.6680912795251246,0.9775506704411938,-0.02244735645117198,-3.0076604397628624e-09,-0.018624181062782297,-0.027496304081872536,,0.21547569482087012,0.17869157185560558,,,0.15639113377398653,,0.1018377820059538,0.10183415779161245,0.13065166735464262,0.14863592357896763,0.24211980436423544
1067,08077,CO,0,no residential sales in 2016,,,,,,,,,,,,,,,,,,,,,,,,,
1068,27071,MN,141,ok,acceptable (confidence intervals overlap),0.9629629629629629,17.13213230522346,1.0670145530446673,-0.046526551352293694,-15.30744597716771,0.8649134734766979,0.7019023353285513,0.8949116314852911,-0.10508664386056876,-7.867692592711644e-07,-0.05102840480249515,-0.05903622513564133,,0.19713069029796032,0.2434523651226219,0.23110179520434246,0.21798437153908637,0.24545508450806283,,0.20775236038333467,0.20774987553986107,0.19207468992223506,0.2473137853099887,0.24719061711977686
1069,53065,WA,721,ok,acceptable (VEI within +/-10),0.8816598740274175,17.543286878629424,1.0192131885653544,0.0005061649557967467,6.68382694966531,0.9617575663826975,0.8248452367938935,0.9632717653874424,-0.03672532086725433,-2.2744710100773104e-07,-0.012352697927771272,-0.01064491916953414,,0.19336030804054521,0.1398122594835051,0.012886146411332695,,0.12530849045371362,0.2328766467414757,0.13199204528883404,0.1319870230317791,0.13346851229136816,0.11855193883445607,0.1044315146939199
1070,46115,SD,0,no residential sales in 2016,,,,,,,,,,,,,,,,,,,,,,,,,
1071,37005,,0,no residential sales in 2016,,,,,,,,,,,,,,,,,,,,,,,,,
1072,48255,TX,39,skipped (fewer than 100 sales),,,,,,,,,,,,,,,,,,,,,,,,,
1073,20123,KS,74,skipped (fewer than 100 sales),,,,,,,,,,,,,,,,,,,,,,,,,
1074,21169,KY,0,no residential sales in 2016,,,,,,,,,,,,,,,,,,,,,,,,,
1075,13119,GA,339,ok,acceptable (confidence intervals overlap),0.7886382978723404,34.018565649549856,1.0941907992601412,0.01963254401444888,22.76600244063687,0.9084205785017495,0.5298316153413759,0.8338179202125147,-0.16617519161825514,-4.4391875860997666e-07,-0.041334590790449655,-0.05645844302840475,,,0.2363925094467688,,,,,,,0.21973083112970881,0.23714710782078388,
1076,19127,,0,no residential sales in 2016,,,,,,,,,,,,,,,,,,,,,,,,,
1077,23017,ME,0,no residential sales in 2016,,,,,,,,,,,,,,,,,,,,,,,,,
1078,27007,MN,580,ok,acceptable (VEI within +/-10),0.871925925925926,18.367462111588388,1.0240971749837249,0.011868472897102363,9.283243174505644,0.9404364141459717,0.7816978767960977,0.9809450068617931,-0.019046123899267648,-3.1728577660119877e-07,-0.020427849391248865,-0.02374944150053082,,0.21853378951944544,0.14911619353540195,,,0.15428293020753583,,0.10735891020712567,0.10734819509014938,0.14762614202714497,0.15027813214282149,0.14851139080371667
1079,27173,MN,107,ok,acceptable (VEI significance <= 10),0.975,34.66103209667027,1.1211238426406291,-0.08731904439142389,-18.300323912667203,0.8852373699273889,0.8785203923611414,0.7964126955052206,-0.2035951754886604,-1.1583712037223745e-06,-0.05035180547188611,-0.04679365026390592,,,,,0.19146894735493306,,0.15392211635077874,,,,,0.20205999759146853
1080,48251,TX,0,no residential sales in 2016,,,,,,,,,,,,,,,,,,,,,,,,,
1081,37199,,0,no residential sales in 2016,,,,,,,,,,,,,,,,,,,,,,,,,
1082,56035,WY,73,skipped (fewer than 100 sales),,,,,,,,,,,,,,,,,,,,,,,,,
1083,05071,,0,no residential sales in 2016,,,,,,,,,,,,,,,,,,,,,,,,,
1084,53017,WA,697,ok,acceptable (VEI within +/-10),0.841495734487139,12.75079489402696,1.0013151381577567,0.033425656662509996,3.874357460854672,0.9868239520035677,0.8339809980269293,1.0123448365900174,0.01235365379743362,-1.9326037602535764e-08,-0.0030760535789864374,-0.0031023680585013924,,0.1540722115571484,0.0312687518063142,,,0.06270966349436503,0.20860120397506465,,,0.026950382852840984,0.06167436624816541,0.04391879969900833
1085,16073,ID,0,no residential sales in 2016,,,,,,,,,,,,,,,,,,,,,,,,,
1086,48227,TX,0,no residential sales in 2016,,,,,,,,,,,,,,,,,,,,,,,,,
1087,40071,OK,584,ok,acceptable (VEI within +/-10),0.7811181060044478,20.903104474981216,1.0392503164421476,-0.018387773403514725,6.786485258604055,0.9545575034219984,0.6946587859726494,0.9195009333537176,-0.08049521970804809,-4.619300069036765e-07,-0.017959167363203132,-0.02060832565652282,,0.22719038616341866,0.18732139533595263,0.1715051918049013,,0.1548801783390383,,0.21732736306698003,0.21732389987342152,0.16623877156698882,0.15318106326358397,0.15939457320591552
1088,19027,IA,0,no residential sales in 2016,,,,,,,,,,,,,,,,,,,,,,,,,
1089,28023,,0,no residential sales in 2016,,,,,,,,,,,,,,,,,,,,,,,,,
1090,37133,NC,0,no residential sales in 2016,,,,,,,,,,,,,,,,,,,,,,,,,
1091,56045,,0,no residential sales in 2016,,,,,,,,,,,,,,,,,,,,,,,,,
1092,53037,WA,765,ok,acceptable (VEI within +/-10),0.7137694013303769,17.86623849978246,1.0877516794679438,-0.013046377538301346,-9.95344736962442,0.8790443668802167,0.3865646357293454,0.920677699184526,-0.07931925650845825,-2.8477592179894582e-08,-0.05129476490266516,-0.0681907113083513,,0.21084372214170535,0.24801293066935667,0.10538092738413071,0.21475441888336463,0.24129803638912736,,0.1851474065823822,0.18514263132921874,0.11465672115412437,0.24091824907458873,
1093,37111,NC,464,ok,acceptable (VEI within +/-10),0.8151354825545807,29.75960984538311,1.2817937033418747,-0.09881730931242654,-9.606108492378098,0.6703159417320439,0.16595270179357743,0.5046237466279817,-0.49537525085785744,-4.6014834482323707e-07,-0.15481823023692098,-0.21027386527858205,,,,,0.1925867670286918,,,,,0.22553919482516901,,
1094,21013,KY,0,no residential sales in 2016,,,,,,,,,,,,,,,,,,,,,,,,,
1095,27059,,0,no residential sales in 2016,,,,,,,,,,,,,,,,,,,,,,,,,
1096,51073,VA,0,no residential sales in 2016,,,,,,,,,,,,,,,,,,,,,,,,,
1097,48411,TX,31,skipped (fewer than 100 sales),,,,,,,,,,,,,,,,,,,,,,,,,
1098,39079,OH,541,ok,acceptable (VEI significance <= 10),0.7675428571428572,42.09656085607798,1.8393256864252412,-0.04085526217894044,25.628567936889652,0.49982647595081087,0.0047386074269330026,0.5789399438376721,-0.4210460303774357,-5.565717073202287e-08,-0.3125166595987523,-0.439767259213532,,,,0.2438082647813617,,,,,,0.04169560968759519,,
1099,26159,MI,1264,ok,acceptable (VEI significance <= 10),0.45400463134999414,32.44892500048359,1.1034239053979937,-0.05232241052091594,-11.413824494522409,0.8378075918953739,0.35872724423373503,0.7793769151044845,-0.22060711421276102,-5.863103481977694e-07,-0.06000503503311938,-0.06245704949616937,,,,,0.24936353074514644,,,,,0.15160298407112313,,
1100,20075,KS,0,no residential sales in 2016,,,,,,,,,,,,,,,,,,,,,,,,,
1101,18039,IN,1934,ok,acceptable (VEI within +/-10),0.8398816524551602,17.226707324817045,1.0524374940125842,-0.014501996056323034,-0.24362887785820567,0.8517554834126397,0.49374881951544397,0.8915121619355374,-0.10848618842143137,-9.43815928570308e-08,-0.045851150417978825,-0.05199145087012602,,0.19365081167024834,0.2091607543698888,0.10589212905839675,0.024748116713993896,0.20386860152033115,,0.16451622976318953,0.16451479171429959,0.11645855325811989,0.20037405343752324,0.2229667568735015
1102,13059,GA,1957,ok,acceptable (VEI within +/-10),0.9123863636363636,14.102492824352119,1.0609763773025902,-0.017930096764123337,-7.79101228401369,0.8900987674294428,0.7087660293189366,0.9174748835364146,-0.08252341100219768,-4.175196970183699e-08,-0.04469468146507105,-0.052676423989296284,,0.16394103826305068,0.23362212231693089,0.1494645240374739,0.1463404890057003,0.23597869532832777,,0.18532395801080953,0.18532265018779046,0.18075763060712527,0.23683626792178142,0.24911373771361278
1103,54045,,0,no residential sales in 2016,,,,,,,,,,,,,,,,,,,,,,,,,
1104,51053,,0,no residential sales in 2016,,,,,,,,,,,,,,,,,,,,,,,,,
1105,17157,IL,0,no residential sales in 2016,,,,,,,,,,,,,,,,,,,,,,,,,
1106,19185,,0,no residential sales in 2016,,,,,,,,,,,,,,,,,,,,,,,,,
1107,22067,,0,no residential sales in 2016,,,,,,,,,,,,,,,,,,,,,,,,,
1108,06103,CA,0,no residential sales in 2016,,,,,,,,,,,,,,,,,,,,,,,,,
1109,23029,ME,0,no residential sales in 2016,,,,,,,,,,,,,,,,,,,,,,,,,
1110,21237,,0,no residential sales in 2016,,,,,,,,,,,,,,,,,,,,,,,,,
1111,20087,KS,0,no residential sales in 2016,,,,,,,,,,,,,,,,,,,,,,,,,
1112,05009,AR,467,ok,acceptable (VEI within +/-10),0.9395522388059702,21.261900246480995,1.056787134544876,-0.020759137875186216,-4.845568757736181,0.8503432008035223,0.7121266266936483,0.8841096752047829,-0.11588280788067486,-9.340640474045193e-07,-0.04907686317031623,-0.05599822508540342,,0.23491749189289066,0.20547898071929385,0.1508435235260034,0.14577177427525306,0.23948050813095323,,0.2094781169421726,0.20947371229282066,0.19751535660852265,0.23367811112824668,0.2277174231890418
1113,13089,GA,13066,ok,acceptable (VEI within +/-10),0.8543016315161163,18.89506994580184,1.107103761633731,-0.002470974632491085,0.5418606074902743,0.9239470796656457,0.5859941181164025,0.9530548503821853,-0.046943406164759144,-5.325934937382155e-09,-0.044294931162281115,-0.07076521940236713,,0.21141667145050397,,0.06700681752954767,,,,0.18518064387293112,0.1851776811305752,0.21486014768373574,,
1114,12059,FL,134,ok,UNACCEPTABLE regressivity,0.8727457715430862,49.32028349622745,1.3458861041008072,-0.11860514183602704,-33.844007674120306,0.5662042870991636,0.28766864851131385,0.6542743965707204,-0.34571878976883924,-2.999099632381209e-06,-0.19973285381773254,-0.23198349994828726,,,,,,,,,,,,
1115,26017,MI,1429,ok,UNACCEPTABLE regressivity,0.9805128205128205,25.373459714409808,1.1026445271256884,-0.1377499657424731,-48.47715046459817,0.8285372342217686,0.8295834877126231,0.7503209530893675,-0.24968075672197432,-1.9417716045463033e-06,-0.06144284400883926,-0.05812165749077347,,,,,,,0.2363958548447529,,,,,0.24444946864811273
1116,13099,GA,91,skipped (fewer than 100 sales),,,,,,,,,,,,,,,,,,,,,,,,,
1117,47041,TN,430,ok,acceptable (VEI significance <= 10),0.9174683491695715,29.982492505408803,1.2413176776359445,-0.06437998142834304,-17.987533476791597,0.7633878552427886,0.31856779276209596,0.7546729353383391,-0.2453234057956765,-3.4265317493128254e-07,-0.11778837891314131,-0.1549252449749372,,,,,,,,,,0.21557970380008584,,
1118,27145,,0,no residential sales in 2016,,,,,,,,,,,,,,,,,,,,,,,,,
1119,35025,,0,no residential sales in 2016,,,,,,,,,,,,,,,,,,,,,,,,,
1120,17193,,0,no residential sales in 2016,,,,,,,,,,,,,,,,,,,,,,,,,
1121,23001,ME,0,no residential sales in 2016,,,,,,,,,,,,,,,,,,,,,,,,,
1122,55087,WI,2459,ok,acceptable (VEI within +/-10),0.9467948717948718,8.615798378799411,1.0069411053585993,-0.0021078107516317502,-0.24929819773284972,0.9714714977660273,0.9133926242570638,0.9763277319888038,-0.023671335276070408,-1.2504345068625943e-07,-0.007768177685235189,-0.007460783248828706,,0.10512136856445656,0.08658653134647255,0.03899178253705634,0.016250075872805747,0.08791714153504313,0.15608880921606086,0.08180654613006395,0.08180522527425431,0.08191654677136112,0.08764357989819858,0.08645277756268697
1123,47009,TN,0,no residential sales in 2016,,,,,,,,,,,,,,,,,,,,,,,,,
1124,28095,MS,132,ok,acceptable (VEI within +/-10),0.6356228521259251,22.33730641814448,1.029530898993948,0.010786891307259534,0.3213702219429228,0.9214327463404908,0.5483878863882496,0.8650746404666942,-0.13492129132044556,-5.024215711396292e-07,-0.021983156956981054,-0.022964099006514083,,0.22460651292934083,0.15814180247536042,,0.006491995005742203,0.12235866046628403,,0.19796600932912883,0.19796888936783819,0.0808047132134211,0.13895132449493247,0.15396492133135217
1125,48277,TX,467,ok,acceptable (VEI within +/-10),0.8212807881773398,25.966304895494268,1.080197774201316,-0.010126213707361068,-0.584793886282142,0.8905523648144125,0.5628423799175629,0.8807379835230723,-0.11925817707200566,-2.9994113056598476e-07,-0.0443570731547811,-0.05566642573929825,,,0.24612038094873384,0.11720545858349812,0.09933310952057033,0.23984663430309253,,0.2464395717828165,0.24643721237867716,0.1701730220019612,0.23382388855854738,
1126,27051,,0,no residential sales in 2016,,,,,,,,,,,,,,,,,,,,,,,,,
1127,38061,,0,no residential sales in 2016,,,,,,,,,,,,,,,,,,,,,,,,,
1128,51179,VA,0,no residential sales in 2016,,,,,,,,,,,,,,,,,,,,,,,,,
1129,28117,MS,122,ok,acceptable (confidence intervals overlap),0.6499563334544413,28.403450961002548,1.138417702705314,-0.11706527113393836,-21.7076711684546,0.6249770922025878,0.23054910754446784,0.5529942989531825,-0.44699942080251265,-1.7374259517258182e-06,-0.11583985939892805,-0.13294665484621548,,0.2496026307286879,,0.2335730715316552,0.23377034223197504,,,,,0.1954287104744583,,
1130,12007,FL,367,ok,UNACCEPTABLE regressivity,0.8663088235294117,48.75181453345594,1.2658575288437437,-0.18636099701627126,-63.4937357773707,0.7388191566874699,0.6798558585035401,0.6689178189589199,-0.3310749917277944,-2.9466004941678648e-06,-0.11542075337320634,-0.11113426364782586,,,,,,,,,,,,
1131,17101,,0,no residential sales in 2016,,,,,,,,,,,,,,,,,,,,,,,,,
1132,53071,WA,987,ok,acceptable (VEI within +/-10),0.8961538461538462,11.051743369452407,1.0090655701427462,0.0005971434806392986,5.056104331659354,0.9617922443055354,0.8407591503106228,0.9542433648849806,-0.045755862901693416,-1.1165536671003529e-07,-0.009507546803305678,-0.009044875824723908,,0.12826930090425462,0.08725983708302175,0.03924553466345394,,0.08571883790052498,0.22063155035841028,0.09025922508493268,0.09025773904413997,0.08254448913176914,0.08502430550485116,0.08373592193978639
1133,12079,FL,170,ok,acceptable (confidence intervals overlap),0.8235611421477343,37.86041581339623,1.1893041879893895,-0.06274760050601191,-11.155820169028683,0.8098967269688097,0.5656938237480152,0.784838706279954,-0.21515450530494298,-1.5881259319898548e-06,-0.08987460577401785,-0.10226082906231615,,,,,0.1542726242160669,,,,,,,
1134,21127,KY,4,skipped (fewer than 100 sales),,,,,,,,,,,,,,,,,,,,,,,,,
1135,37105,NC,684,ok,acceptable (confidence intervals overlap),0.9778078078078078,16.232265249898937,1.0137884236028702,0.01032223925708566,11.619519541270982,0.9694466490076495,0.9727832522850897,0.9952674856950352,-0.0047129594976279155,-1.2720871733952788e-07,-0.01057897134150787,-0.010820577885190419,,0.19583151272417343,0.11806034145950514,,,0.124201772457596,0.06258859687918675,0.0890501652456749,0.08877735316030749,0.129488390723683,0.12251485920505145,0.11739132087836765
1136,05145,AR,666,ok,acceptable (VEI significance <= 10),0.965699604743083,21.222543675578144,1.0304146638573053,0.027857379779529474,27.150142474704033,0.9219594383169993,0.7835394504954605,1.0054105782627711,0.005443833145006861,-3.7911431968473186e-07,-0.02811887248262379,-0.03295865508225404,,0.24219793565722253,0.16276681038808552,,,0.1747451653999787,,,,0.15083493814266294,0.17909866465160204,0.17705665618614203
1137,41007,OR,809,ok,acceptable (VEI within +/-10),0.9133292496171516,18.04928742934964,1.012446636892737,0.022936439391487682,-1.876934588460675,0.9593135471317004,0.9402041553698198,0.972861872087614,-0.027129881144724737,-7.170261431367879e-08,-0.012868334577701646,-0.009162712898588943,,0.2057571446130961,0.11186642107393234,,0.055111657685604866,0.1163095478887659,0.19369380268989264,0.09958288434926636,0.09955152422737751,0.11312053224344255,0.11522641729095519,0.10337144603729455
1138,47017,TN,0,no residential sales in 2016,,,,,,,,,,,,,,,,,,,,,,,,,
1139,51660,VA,426,ok,acceptable (VEI within +/-10),0.9734695615155385,7.738920436245232,1.0128340915757166,-0.035162632405800476,-6.5278141953733835,0.9375179296362545,0.9124326508999194,0.9258626574317557,-0.07413740953237082,-2.7413719560207174e-07,-0.014979858442532468,-0.014746256632768073,,0.0946014521414806,0.12758176533561658,0.14068654935371896,0.1239138948315924,0.10447350327956052,0.1643009601742897,0.13562616569408964,0.1356263505688358,0.11365461524596564,0.10562781996631308,0.10822844661351821
1140,27135,,0,no residential sales in 2016,,,,,,,,,,,,,,,,,,,,,,,,,
1141,19135,,0,no residential sales in 2016,,,,,,,,,,,,,,,,,,,,,,,,,
1142,21029,,0,no residential sales in 2016,,,,,,,,,,,,,,,,,,,,,,,,,
1143,21195,KY,0,no residential sales in 2016,,,,,,,,,,,,,,,,,,,,,,,,,
1144,30061,MT,0,no residential sales in 2016,,,,,,,,,,,,,,,,,,,,,,,,,
1145,12021,FL,12640,ok,acceptable (VEI within +/-10),0.7861220029239766,14.537243578830829,1.0350031103019341,0.010488412677673843,4.905093667398469,0.9633298433108304,0.5524230590839386,0.9833908511949818,-0.016606303089208827,-1.2652321001263564e-08,-0.018912793128603278,-0.030264204647205695,,0.17039495973042604,0.17437681287918794,,,0.19525696579121457,,0.11523652997560783,0.11522886828775873,0.11014515327654696,0.1946655147999897,0.24022641046629653
1146,05079,AR,0,no residential sales in 2016,,,,,,,,,,,,,,,,,,,,,,,,,
1147,21219,KY,224,ok,acceptable (VEI within +/-10),0.9786087024757719,25.381321199024974,1.2125460424716756,-0.0231032899506433,0.0,0.8666248788249702,0.4123180993573958,0.8704579617139363,-0.12952416298985353,-1.116689664584567e-07,-0.08160395811547727,-0.11525613471694007,0.14884594464217607,,,0.24764327375617454,0.0,,,,,0.24087502512942902,,
1148,20169,,0,no residential sales in 2016,,,,,,,,,,,,,,,,,,,,,,,,,
1149,06069,CA,0,no residential sales in 2016,,,,,,,,,,,,,,,,,,,,,,,,,
1150,37125,,0,no residential sales in 2016,,,,,,,,,,,,,,,,,,,,,,,,,
1151,21003,KY,0,no residential sales in 2016,,,,,,,,,,,,,,,,,,,,,,,,,
1152,19181,IA,0,no residential sales in 2016,,,,,,,,,,,,,,,,,,,,,,,,,
1153,13083,GA,224,ok,acceptable (confidence intervals overlap),0.9371435776079451,23.702205365631393,1.0604645339359953,-0.023892115869135404,12.397044097004011,0.940684114340382,0.7985899554667909,0.9331385706688468,-0.06686332440667177,-3.0863265816357793e-07,-0.02584482775345398,-0.0340615172308274,,,0.24526799255708961,0.21745176008946834,,0.2146083624169678,,0.24433614527087705,0.24435644862908912,0.21583362559082453,0.20598843002135733,0.18659302445226636
1154,16013,ID,346,ok,acceptable (VEI significance <= 10),0.8781951830663615,17.166246322764163,0.9964316323922354,0.047647362053250576,14.18095714477733,1.0134487950417497,0.8904032615034272,1.0029867415716014,0.002987170083572363,5.214714700364166e-09,0.005536380379912886,0.0029261090183601013,,0.1921850287922075,,,,,0.21074757290901544,,,0.05125282802663153,,0.057434879096892114
1155,08047,CO,159,ok,acceptable (VEI within +/-10),0.7431132075471698,19.59184933664416,1.0071211562426208,0.007609688340983147,7.963025280507149,1.0354688158033074,0.8513877214402304,0.9276956131223186,-0.07230292341376814,-6.900819705866406e-08,0.00875892682899515,0.012230836562218017,,0.19654280954495762,0.11626291272273401,0.056907769958134194,,,0.2036228227663272,0.16897688117753537,0.16897429208238118,0.1253047624482102,,
1156,39129,OH,0,no residential sales in 2016,,,,,,,,,,,,,,,,,,,,,,,,,
1157,40139,OK,170,ok,acceptable (VEI significance <= 10),0.6435630952380953,31.117221149949234,1.0175048112162781,0.12832812182747041,37.3200494619403,0.9395316349855276,0.5316176891027288,1.0155886566459496,0.01562551016059306,-2.395670941274869e-07,-0.018779712170087892,-0.023863558174286537,,,0.11654458518602964,,,0.20302804785198628,,,,0.11475962392720988,0.1635151075262473,0.21663620581063037
1158,26151,MI,0,no residential sales in 2016,,,,,,,,,,,,,,,,,,,,,,,,,
1159,39159,,0,no residential sales in 2016,,,,,,,,,,,,,,,,,,,,,,,,,
1160,12117,FL,8627,ok,UNACCEPTABLE progressivity,0.8079291666666667,11.688347765464066,1.014453875276851,0.03733191519586585,11.879519193944818,0.9912138364745888,0.6444520103900588,1.0299641344078896,0.029965723267390686,-1.865942299669829e-09,-0.0034255043874855673,-0.011351871073237652,,0.13985501026515887,0.10466899993560255,,,0.060446669789214216,,,,0.07199560643346944,0.059913767862504706,0.10265035418761602
1161,18139,IN,157,ok,acceptable (confidence intervals overlap),0.8644639244774106,24.72047706090209,1.0434535586019602,-0.0067638684850270725,12.074175784352237,0.8989109177726912,0.7330420160833538,0.856764912646251,-0.14323514031189896,-7.818563332675306e-07,-0.030637660266059852,-0.030422088213901688,,,0.2097663790027923,0.06164129829899966,,0.21167576712716069,,0.22879624062328013,0.22879541193239428,0.19955789869763643,0.2048609626930292,0.18990514290556612
1162,53029,WA,2005,ok,acceptable (VEI within +/-10),0.8636782841823056,12.562467675051138,1.0077318881298385,0.013091904756724388,2.91096045758938,0.9822494228685482,0.8087134585604123,0.9742403586443711,-0.025758507418192654,-5.266174463203435e-08,-0.005007238587985796,-0.006155367127266276,,0.15169742748532195,0.08081948396857862,,,0.07329425271309543,0.2453632841324083,0.08248096158948452,0.08247898791385555,0.08076266425892782,0.07198442177537619,0.07922878703582524
1163,48313,TX,84,skipped (fewer than 100 sales),,,,,,,,,,,,,,,,,,,,,,,,,
1164,53055,WA,411,ok,acceptable (VEI within +/-10),0.8239332553414198,19.091294619110933,1.0537266475744793,-0.013542726769158341,-1.845185472287507,0.906035566548702,0.624018809911541,0.9146984617708351,-0.0853008196764832,-1.0454048316649667e-07,-0.036717113421310454,-0.049283701587392814,,0.2106063712673002,0.23665450484633124,0.13501084489381754,0.1712081317435137,0.23807562101731775,,0.18840493157372667,0.18841452376646667,0.16152490900675254,0.23822142053489576,
1165,13261,GA,296,ok,acceptable (confidence intervals overlap),1.046090387374462,29.35664709507623,1.1870050262723815,-0.0675700976977805,-11.764869040131337,0.8093225280413934,0.5837083701119984,0.8080814960024815,-0.1919186881067646,-8.784847601069394e-07,-0.09305120794041333,-0.12336651377221353,,,,0.2401777804699527,0.23700726548462664,,,,,,,
1166,39019,OH,116,ok,acceptable (VEI within +/-10),0.8591829771394894,32.6870450976103,1.1194659101117022,0.016586144518791663,-7.110679554796348,0.8073668252928584,0.5303226286796908,0.9305967314728822,-0.06937221844726119,-1.1921164768442924e-06,-0.08217328766724763,-0.10583341175935757,,,,,0.11954710246321783,,,,,0.24265225998055812,,
1167,39031,OH,460,ok,acceptable (VEI significance <= 10),0.8408921739130435,33.928501944488275,2.352651847972424,-0.08987539416375119,-17.240598410217512,0.4552584576368081,0.0030681880806176375,0.5636035460467441,-0.43638582703894746,-4.549291121746111e-08,-0.38497622744789983,-0.5565102596950104,,,,,,,,,,0.0403353440380682,,
1168,36039,NY,733,ok,UNACCEPTABLE regressivity,0.9560463121783876,33.17610785361311,1.1926578160674948,-0.16209252757151482,-30.51015725123434,0.7490344623174175,0.6465460345319674,0.7175172841330445,-0.2824831313222042,-9.626366795488452e-07,-0.10548501237739893,-0.10763784493019424,,,,,,,,,,,,
1169,18159,IN,252,ok,UNACCEPTABLE regressivity,0.9311572911569101,25.03859179159635,1.086897506854661,-0.07337560270385514,-23.97814801916464,0.782852563911057,0.7265648065145919,0.8491533301802824,-0.15083311091732313,-1.9088907920968427e-06,-0.07016806202137271,-0.07113358807904491,,,0.2421196244352877,,,0.2489791224932554,,,,0.22906970662758555,0.23928220288835,0.23635580515806826
1170,34007,NJ,0,no residential sales in 2016,,,,,,,,,,,,,,,,,,,,,,,,,
1171,18041,,0,no residential sales in 2016,,,,,,,,,,,,,,,,,,,,,,,,,
1172,21183,,0,no residential sales in 2016,,,,,,,,,,,,,,,,,,,,,,,,,
1173,54001,WV,112,ok,UNACCEPTABLE regressivity,0.9903205128205128,42.82380725929812,12.697009198445835,-0.17621363621702407,-54.21376816327344,0.33608896547028205,-1.1130212369827218e-05,0.4609335916679275,-0.5390567526606818,-1.3257718989571842e-08,-0.6206180713658096,-0.9046416527894638,0.15895041442141322,,,,,,,,,0.05091788180640089,,
1174,47005,TN,0,no residential sales in 2016,,,,,,,,,,,,,,,,,,,,,,,,,
1175,29163,,0,no residential sales in 2016,,,,,,,,,,,,,,,,,,,,,,,,,
1176,38041,ND,10,skipped (fewer than 100 sales),,,,,,,,,,,,,,,,,,,,,,,,,
1177,48199,TX,665,ok,acceptable (VEI significance <= 10),0.7952791647753064,25.284087685523527,1.0184942598462094,0.06925614894014125,25.923143238099453,0.9437586437489265,0.6702948369780415,0.9289121400059408,-0.071081319593714,-2.408994263163027e-07,-0.01667662470098552,-0.02378596742235639,,,0.13532234383370792,,,0.167135665896973,,0.20319080884244958,0.20320767647613802,0.1311191718899143,0.14374861712548045,0.14178070812611654
1178,20029,,0,no residential sales in 2016,,,,,,,,,,,,,,,,,,,,,,,,,
1179,13163,GA,129,ok,acceptable (confidence intervals overlap),0.9332227722772277,46.65793920887783,1.244873117713064,-0.11174503889008405,-12.514099743745296,0.7564236648241429,0.6152316886684143,0.7477623134356763,-0.2522366120187256,-2.7765916977978687e-06,-0.11315061285260808,-0.12072401980127156,,,,,0.19869511849771712,,,,,,,
1180,31141,,0,no residential sales in 2016,,,,,,,,,,,,,,,,,,,,,,,,,
1181,48415,TX,129,ok,acceptable (confidence intervals overlap),0.9671590153027279,27.86234242668485,1.2532945971274865,-0.034187721947268226,-12.576286053283198,0.637430856742908,0.12481062153586778,0.7994688020487446,-0.20046382355608725,-7.473318679517707e-07,-0.15645548966120626,-0.2100076884790778,,,,0.16929225871194328,0.17183103122284404,,,,,0.1829436276230496,,
1182,21103,KY,0,no residential sales in 2016,,,,,,,,,,,,,,,,,,,,,,,,,
1183,51620,VA,85,skipped (fewer than 100 sales),,,,,,,,,,,,,,,,,,,,,,,,,
1184,08013,CO,0,no residential sales in 2016,,,,,,,,,,,,,,,,,,,,,,,,,
1185,17111,IL,0,no residential sales in 2016,,,,,,,,,,,,,,,,,,,,,,,,,
1186,31131,NE,0,no residential sales in 2016,,,,,,,,,,,,,,,,,,,,,,,,,
1187,06053,CA,0,no residential sales in 2016,,,,,,,,,,,,,,,,,,,,,,,,,
1188,48287,TX,95,skipped (fewer than 100 sales),,,,,,,,,,,,,,,,,,,,,,,,,
1189,41023,OR,79,skipped (fewer than 100 sales),,,,,,,,,,,,,,,,,,,,,,,,,
1190,13025,GA,201,ok,acceptable (confidence intervals overlap),0.93019,38.118965546058064,2.346974134016923,-0.0020865272300556606,16.226854172375305,0.6911852233234841,0.09402439558935277,0.9082463445873601,-0.0917469492886391,-5.23039440492908e-08,-0.24912979150349557,-0.4843338515493216,,,,0.11347298757011329,,,,,,0.1958945606855833,,
1191,18001,IN,211,ok,acceptable (VEI within +/-10),0.8831263696128561,17.074004146578478,1.035856043789854,-0.05300507273941237,-7.978647324553032,0.8414072376082646,0.7360872495715959,0.8155064132030542,-0.18449289471709582,-9.45653229073173e-07,-0.04073944815644226,-0.039501688180209715,,0.21749131605517052,0.17511313354279373,0.14592156710829887,0.12089372876054096,0.1842721586522281,0.24357403258856705,0.19828576374441972,0.1982850239533081,0.14131485661862253,0.18139974798608158,0.17598546044830127
1192,54087,,0,no residential sales in 2016,,,,,,,,,,,,,,,,,,,,,,,,,
1193,48337,TX,196,ok,acceptable (VEI significance <= 10),0.8633596884842731,20.61491520513695,1.0269856528076013,0.036506830209082526,14.84973067518674,0.936394678799157,0.6619768223957226,0.9659035783104722,-0.03409280068713791,-3.3222575571432153e-07,-0.022806694372319525,-0.03378212518440349,,0.23384063618408038,0.16617923392218015,,,0.1786218894690337,,0.1537181967208381,0.15370666621265291,0.13481897361235248,0.16389261986733175,0.19978966187713143
1194,29071,MO,0,no residential sales in 2016,,,,,,,,,,,,,,,,,,,,,,,,,
1195,56009,,0,no residential sales in 2016,,,,,,,,,,,,,,,,,,,,,,,,,
1196,13245,GA,2674,ok,UNACCEPTABLE regressivity,0.9764969135802469,31.696530634085555,1.3525248051425367,-0.20457235048750622,-54.68604252639812,0.5106904133670733,0.2553759523539619,0.4575891014766326,-0.5424064960859056,-1.798783675745419e-06,-0.21352987209121443,-0.25748578993807136,,,,,,,,,,,,
1197,24041,MD,157,ok,acceptable (VEI within +/-10),0.9569696969696969,7.917518641274762,1.0229812788727273,-0.014716646633365443,-2.0844571703265093,0.9648824581711805,0.876961847895731,0.9708293884134247,-0.029170566521521942,-4.460337120871265e-08,-0.014730855887939764,-0.021307252640198726,,0.08923169987701697,0.16540631286199886,0.16388354915834097,0.06564499167260213,0.12493903945908323,0.18345889374210525,0.15916421215239934,0.15916864762517563,0.1453852238418911,0.14818622534020104,0.11172030087493319
1198,48259,TX,625,ok,acceptable (confidence intervals overlap),0.8597245409015025,29.44818406674935,1.209303896405197,0.05516963608293183,13.013937765148683,0.7432953464816425,0.06496827159004685,0.7831368981998437,-0.21686237867599542,-3.90223704017185e-08,-0.11215242674991255,-0.15729381940923148,,,,,,,,,,0.07401103970917525,,
1199,54055,,0,no residential sales in 2016,,,,,,,,,,,,,,,,,,,,,,,,,
1200,26025,MI,2024,ok,UNACCEPTABLE regressivity,0.942961151305442,24.37100498180057,1.0718897574727089,-0.08293468117913586,-38.13076182183293,0.9107505374323515,0.8303090687776149,0.8290898985177423,-0.17091171038554365,-1.0117769562859154e-06,-0.0324462433017203,-0.030902005039596947,,0.2494004794259146,0.2343953122253061,,,0.206811327568182,,,,0.240169078002208,0.20430474986376293,0.19308584700943593
1201,18017,IN,570,ok,UNACCEPTABLE regressivity,0.931504975124378,37.876755509109564,1.2271989648546353,-0.2022526093281337,-47.82394550488237,0.6907596294762753,0.39896722599971024,0.6460286430049841,-0.3539717695302362,-2.705116758089626e-06,-0.12421028883568574,-0.13079897441060395,,,,,,,,,,,,
1202,22111,LA,0,no residential sales in 2016,,,,,,,,,,,,,,,,,,,,,,,,,
1203,39023,OH,1876,ok,UNACCEPTABLE regressivity,0.906951314036575,20.421361992001195,1.0660678738432188,-0.059159779142958356,-22.866733488126258,0.8853496126686453,0.7473260850771931,0.8548347501597906,-0.14516476236652173,-2.2797771283294302e-07,-0.0430753926844305,-0.0439896741597432,,0.21960453318830855,0.23464131520969783,0.22834801067223162,,0.21629095089191802,,0.2335834310685414,0.23358227699479206,0.20452123088225788,0.2155300647470567,0.2182586269294759
1204,13251,GA,167,ok,acceptable (confidence intervals overlap),0.9410958904109589,32.044748391766916,1.337359637835946,-0.043309776235607375,-11.852642289388044,0.7994676138471011,0.3734436255663372,0.8339084315079734,-0.16608732832019035,-4.2423346580488343e-07,-0.12300229707011567,-0.196606675770568,,,,,0.23233583802560828,,,,,,,
1205,12031,FL,16499,ok,acceptable (VEI within +/-10),0.8050714285714285,14.664364906078198,1.0395869601517975,-0.009446605262544832,-6.606386121495537,0.9596928583406886,0.6967893735285833,0.9653106069238203,-0.03468075419938073,-9.283640884467759e-09,-0.01830110428421472,-0.024249219143724243,,0.17149264365961114,0.18685321161321272,0.1327885097547668,0.17978162990541272,0.16528743932376938,,0.14510748417852556,0.1450931572560427,0.14385289224021675,0.16520400367456164,0.2115727928589242
1206,27123,,0,no residential sales in 2016,,,,,,,,,,,,,,,,,,,,,,,,,
1207,29186,MO,134,ok,acceptable (confidence intervals overlap),0.7560311509840505,28.622361633906667,1.0422494504477298,0.03964365610494903,10.555677494583085,0.889045019480599,0.6385962220444263,0.8748275878366681,-0.12516482625167816,-6.764543099902517e-07,-0.0322346109529601,-0.03340935433973424,,,0.18015007664385654,,,0.187222350257058,,0.22597457804488916,0.22597929861595895,0.1622670500088155,0.19166776508643488,0.17982980210183974
1208,26127,MI,0,no residential sales in 2016,,,,,,,,,,,,,,,,,,,,,,,,,
1209,21045,,0,no residential sales in 2016,,,,,,,,,,,,,,,,,,,,,,,,,
1210,21143,KY,98,skipped (fewer than 100 sales),,,,,,,,,,,,,,,,,,,,,,,,,
1211,45017,SC,0,no residential sales in 2016,,,,,,,,,,,,,,,,,,,,,,,,,
1212,18065,IN,484,ok,UNACCEPTABLE regressivity,0.8901762627494871,27.222296222305133,1.2119783701395692,-0.12652027723998302,-21.250541615544353,0.660628165210775,0.13113725717485877,0.6796388046405161,-0.32035995109610343,-4.6576151027651664e-07,-0.13662371660908734,-0.1654254244392257,,,,,,,,,,0.14317062792428997,,
1213,48103,,0,no residential sales in 2016,,,,,,,,,,,,,,,,,,,,,,,,,
1214,41049,OR,112,ok,acceptable (VEI within +/-10),0.9147868712702472,18.05352686577258,1.0829554354363518,-0.02765456322976968,-1.1474513517764307,0.856438612609554,0.4345120919198152,0.9035829152741097,-0.09641436510699322,-4.133247507138661e-07,-0.051282622874827766,-0.06661407714324419,,0.2152198465523755,0.2453359230981603,0.2127333238395267,0.06031517225022514,0.19935477271607388,,0.19226715048316734,0.19227104744522555,0.1378034694054581,0.20203510419710888,
1215,55129,,0,no residential sales in 2016,,,,,,,,,,,,,,,,,,,,,,,,,
1216,31143,,0,no residential sales in 2016,,,,,,,,,,,,,,,,,,,,,,,,,
1217,22035,LA,30,skipped (fewer than 100 sales),,,,,,,,,,,,,,,,,,,,,,,,,
1218,56039,WY,232,ok,acceptable (VEI within +/-10),0.8850475643194236,24.84644517446602,1.0495612846076812,0.0058840515121927105,7.894334989599625,0.9226178474090181,0.8079423164031706,0.852905801405738,-0.14709400925472255,-5.5841926033883417e-08,-0.031964500062688916,-0.03161349829995452,,,0.24934990229583504,,,0.23705748209754934,,,,0.24622559287321694,0.23869562230005928,0.18574587740842988
1219,47187,TN,6032,ok,acceptable (VEI within +/-10),0.8894122565838064,15.672022580543832,1.0139838814630722,0.020592382306460322,2.2322571200198933,0.9679821959407034,0.7857226455933058,0.9343102981388722,-0.0656891693703025,-6.694607906303227e-08,-0.009518203736397002,-0.009226452989196776,,0.18222405401609218,0.11659271763736881,,,0.10849578695031116,,0.15396015361793394,0.15395929036646172,0.10474669051549351,0.10473677081163972,0.10153478490525214
1220,27037,MN,7406,ok,acceptable (VEI within +/-10),0.8981953867028494,8.192026145665949,1.0004688667603374,0.019091581435402426,6.134217725996862,1.0004176127970896,0.8722747994631583,1.001930876866892,0.001931535911973563,-2.2387161744786e-09,0.00010723957051084199,-2.928262302503981e-05,,0.10103897145802133,0.02467109311808704,,,,0.23264643426015105,,,0.02008658333518697,,0.016857387086756166
1221,27109,MN,3264,ok,acceptable (VEI within +/-10),0.8835425852054029,11.141195586195332,1.0217807280421531,0.00044977200221994713,2.240573360911356,0.9490134925183003,0.5653096707598319,0.9603200730109811,-0.03967898869430742,-4.068253160619826e-08,-0.01616475239209625,-0.020167935735280418,,0.1342951107449223,0.146424805413506,,,0.12377204273572948,,0.103871041104675,0.1038694674378229,0.08904794445737596,0.12280621047768164,0.15042885433534667
1222,18089,IN,4829,ok,acceptable (VEI within +/-10),0.9142674344209852,15.705650179899026,1.0398647964718841,-0.044826775480012536,-8.997536923374295,0.8776880865609253,0.6514846182951755,0.8758081147370081,-0.12419243901763584,-3.1475011732705725e-07,-0.03588911748971757,-0.03785562815811416,,0.18092785710052936,0.18501366472254305,0.1694774519052201,0.159589378447262,0.1758527091016078,,0.18324994596423783,0.1832516935993019,0.14320811568048497,0.1750855009657761,0.17675327138323702
1223,19137,,0,no residential sales in 2016,,,,,,,,,,,,,,,,,,,,,,,,,
1224,27137,MN,3595,ok,acceptable (VEI significance <= 10),0.8366279069767442,37.40377454741365,1.1720671964559575,0.025697650435077882,18.16718553117454,0.7625648229641315,0.23797787714652546,0.6889417185457352,-0.31105230599291733,-2.675183925896864e-07,-0.10154697860301809,-0.12624547473327685,,,,,,,,,,0.17697884111991902,,
1225,06077,CA,0,no residential sales in 2016,,,,,,,,,,,,,,,,,,,,,,,,,
1226,27035,MN,1845,ok,acceptable (VEI within +/-10),0.8909090909090909,18.10474538761489,1.0599956965462358,-0.016107117242383617,-5.781127782123312,0.9177893657539494,0.5937794550251063,0.9490835699213866,-0.05091427774497483,-1.6202027172282848e-07,-0.034951358153020085,-0.047830624890850215,,0.2015464715926799,0.2182786856160926,0.16602426761820452,0.17380783587915133,0.20367397368540258,,0.17950546104855675,0.17950317480326902,0.1551980040813095,0.20359249942052843,0.23285264004350428
1227,05063,AR,0,no residential sales in 2016,,,,,,,,,,,,,,,,,,,,,,,,,
1228,31041,NE,0,no residential sales in 2016,,,,,,,,,,,,,,,,,,,,,,,,,
1229,17109,IL,0,no residential sales in 2016,,,,,,,,,,,,,,,,,,,,,,,,,
1230,36025,NY,645,ok,acceptable (VEI significance <= 10),1.0174594594594595,38.16093096977579,1.1934095283823405,-0.09949961569935359,-19.542021450339206,0.74997584675589,0.7431956244286957,0.7428433981279825,-0.25715620429515557,-8.546402983327027e-07,-0.10893447522808719,-0.11415301564199765,,,,,,,0.18672267891376781,,,,,
1231,42007,PA,2158,ok,UNACCEPTABLE regressivity,0.3955882352941177,38.83317100927123,1.4454146352508142,-0.22312908262224668,-58.5995940552122,0.49719812407042696,0.02967595146345138,0.4602244477855697,-0.5398187212241585,-2.3931107864098628e-08,-0.2339721830976138,-0.27390100421017927,,,,,,,,,,0.026852411450659783,,
1232,21019,KY,0,no residential sales in 2016,,,,,,,,,,,,,,,,,,,,,,,,,
1233,31027,NE,119,ok,acceptable (VEI within +/-10),0.872043795620438,36.508263057682946,1.0964226471250857,-0.0016723706645095566,9.226958803673153,0.9317627606596885,0.7536687751804783,1.0068050500746708,0.006882386871349494,-4.649397345774967e-07,-0.035175872385454054,-0.03267271104075675,,,0.24282368678409924,0.18489762413891384,,0.243167851537461,,,,0.2120955331265242,0.24219582452118985,0.22641050069713373
1234,26141,MI,0,no residential sales in 2016,,,,,,,,,,,,,,,,,,,,,,,,,
1235,26019,MI,354,ok,acceptable (VEI within +/-10),0.9289883096366509,22.54052746687498,1.0378509730252712,-0.010340446176188739,0.2765603942862575,0.9459240794279927,0.865663720809796,0.9168222285295003,-0.08317695617889262,-2.791940432025065e-07,-0.0208467997374846,-0.020438371968954705,,0.23050187665457522,0.18180019592080648,0.1149575364491474,,0.1560038111411938,0.21008058068718302,0.20732850316533,0.20732539183973422,0.1667929452679146,0.15172005497751703,0.14670250081268174
1236,39125,OH,256,ok,acceptable (confidence intervals overlap),0.9144642857142857,30.468186607295472,1.2093547824265345,-0.07181389328587831,-14.878828652093823,0.6154664995765611,0.2498502119339924,0.6727327522150273,-0.32725527161245344,-2.0972714217654605e-06,-0.15119676367106116,-0.1824465087340672,,,,,,,,,,0.22552513856859413,,
1237,31015,NE,9,skipped (fewer than 100 sales),,,,,,,,,,,,,,,,,,,,,,,,,
1238,08079,CO,0,no residential sales in 2016,,,,,,,,,,,,,,,,,,,,,,,,,
1239,38039,ND,16,skipped (fewer than 100 sales),,,,,,,,,,,,,,,,,,,,,,,,,
1240,51081,VA,63,skipped (fewer than 100 sales),,,,,,,,,,,,,,,,,,,,,,,,,
1241,18087,IN,745,ok,UNACCEPTABLE progressivity,0.8408955223880596,33.275300047885,1.0284784682269306,0.06311656499061644,45.04543509201477,0.9316269135798799,0.7088436720141733,1.0103045300408482,0.010333105438072114,-2.590500576248286e-07,-0.02686401966109253,-0.03483615012110852,,,0.15192282903406687,,,0.20825030412255727,,,,0.15978258681246382,0.20786077495624156,0.20770151256449235
1242,40111,OK,300,ok,acceptable (confidence intervals overlap),0.749112037037037,41.57377203685827,1.2484565957615157,-0.05167157212351699,-13.293596104170591,0.7337541480734578,0.13515597968535742,0.7483932295784563,-0.25159521757623154,-6.727759010958405e-07,-0.1237959947109668,-0.16129469351551062,,,,,,,,,,0.16624994189026376,,
1243,48501,TX,40,skipped (fewer than 100 sales),,,,,,,,,,,,,,,,,,,,,,,,,
1244,48221,TX,1259,ok,UNACCEPTABLE progressivity,0.8265116279069767,25.899862479557093,1.0221407909504379,0.08755171906435899,49.32395589496796,0.9129788034233892,0.43249692491218805,1.0401253576672258,0.04013862253999223,-1.1677462726875931e-07,-0.029315335129124875,-0.044403342168441995,,,0.15513215717927858,,,0.21430430513849097,,,,0.11992884101185079,0.17814139517725427,0.21869567789938157
1245,18157,IN,2224,ok,acceptable (VEI within +/-10),0.8436247386956439,14.54125491895157,1.0299558699369287,-0.03008074277307374,-6.065190126223629,0.9064993047879928,0.7254323181617448,0.8919279762397745,-0.10807101075115451,-1.6177675214139863e-07,-0.028208638377368978,-0.029056571491932637,,0.16680273888935768,0.15772139804639235,0.1334398454599307,0.13396108746097474,0.15881463424280892,,0.16513331464342085,0.16513234178904626,0.12892462147256994,0.15794795808017342,0.15783321794030122
1246,08103,CO,85,skipped (fewer than 100 sales),,,,,,,,,,,,,,,,,,,,,,,,,
1247,56025,,0,no residential sales in 2016,,,,,,,,,,,,,,,,,,,,,,,,,
1248,05017,,0,no residential sales in 2016,,,,,,,,,,,,,,,,,,,,,,,,,
1249,48507,TX,24,skipped (fewer than 100 sales),,,,,,,,,,,,,,,,,,,,,,,,,
1250,17093,IL,0,no residential sales in 2016,,,,,,,,,,,,,,,,,,,,,,,,,
1251,29109,MO,0,no residential sales in 2016,,,,,,,,,,,,,,,,,,,,,,,,,
1252,19121,IA,0,no residential sales in 2016,,,,,,,,,,,,,,,,,,,,,,,,,
1253,29127,,0,no residential sales in 2016,,,,,,,,,,,,,,,,,,,,,,,,,
1254,48213,TX,865,ok,UNACCEPTABLE progressivity,0.8259225512528474,27.27142322415552,1.005124135807632,0.04780203117287541,30.04834849665947,0.9907696663465173,0.6918676057487573,1.0336451210707926,0.03365515717701423,-2.2374915781602047e-08,-0.003973529955095589,-0.012405171846699536,,,0.06904296281864507,,,0.09194547073528364,,,,0.06565567530445927,0.09062084715547299,0.11939041704861837
1255,26091,MI,1173,ok,acceptable (VEI within +/-10),0.9104186046511628,18.183271965669082,1.035961488081476,-0.005965622680917348,-1.0859504658412538,0.8868123825696176,0.7668073273078866,0.9225577363083148,-0.07743733598807104,-5.655338500933876e-07,-0.03440704684088791,-0.03640543384966177,,0.20032561407847907,0.18012931325757495,0.08868624955047205,0.05419154308667607,0.18487155717403747,,0.16512869855267093,0.16512450724817487,0.1607934081988656,0.18365174790035427,0.18521825212601556
1256,12085,FL,2826,ok,acceptable (VEI within +/-10),0.7733095238095238,11.307274472411297,0.9928774652536817,0.020248551572816673,7.168987298301626,1.0099973313131374,0.7968826053962009,1.0146901903658871,0.014692237908541218,8.490621388756744e-09,0.004525095857752515,0.003570253958319891,,0.13352933586259247,,,,,,,,,,
1257,24039,MD,121,ok,acceptable (VEI significance <= 10),1.0804597701149425,38.96311871508566,1.152989407813897,-0.16811749524820732,-39.74521052585939,0.7665380572840795,0.8616229666207879,0.7055727790792333,-0.2944330626001237,-4.241468045515796e-06,-0.08530195652266603,-0.08501910052311867,,,,,,,0.18090989466543858,,,,,
1258,22003,,0,no residential sales in 2016,,,,,,,,,,,,,,,,,,,,,,,,,
1259,22013,LA,52,skipped (fewer than 100 sales),,,,,,,,,,,,,,,,,,,,,,,,,
1260,21097,,0,no residential sales in 2016,,,,,,,,,,,,,,,,,,,,,,,,,
1261,18163,IN,2259,ok,acceptable (VEI within +/-10),0.8696682464454977,16.568107030036224,1.0300446258904725,-0.017476184177800384,-4.71854263392234,0.9086526703912742,0.7923135749966478,0.904043611066554,-0.09595455298461537,-3.30780881503168e-07,-0.028072944100065556,-0.029214811326825352,,0.18850792115936282,0.16546730405487742,0.11014357975694877,0.106426124372843,0.16688664724671606,,0.16479553730053875,0.16479444001524657,0.1447583098699836,0.16551731695845678,0.17763651038799716
1262,48347,TX,357,ok,acceptable (VEI significance <= 10),0.8422138191818495,21.29078399214132,1.0180296416726193,0.028904081684873836,14.596934942716468,0.9414136724749633,0.7449785187312473,0.987451446940523,-0.01255073906155816,-2.6325614613552573e-07,-0.018906793437087677,-0.0255785809447997,,0.23759671241423128,0.11759003891951268,,,0.16163060951814562,,0.07163279580705431,0.07164462626139494,0.12863165284679645,0.1500933784990879,0.1536874459022054
1263,06087,CA,0,no residential sales in 2016,,,,,,,,,,,,,,,,,,,,,,,,,
1264,40055,OK,63,skipped (fewer than 100 sales),,,,,,,,,,,,,,,,,,,,,,,,,
1265,01109,AL,227,ok,acceptable (VEI within +/-10),0.9675531914893617,19.05418378489823,1.0607761896228647,-0.06783415480374741,-4.104610068326394,0.88755519099709,0.7846460858848,0.8693677609115071,-0.13063125097672576,-9.533088478375751e-07,-0.03608896381373761,-0.03835646448859653,,0.2342107645111211,0.21812087744669706,,0.13719335200179653,0.1960208525713867,,0.23735269682802185,0.2373533772534766,0.20980115818566453,0.191061143480169,0.18206504538837406
1266,08027,CO,151,ok,acceptable (VEI within +/-10),0.8723701492537314,22.27526747223989,1.0167542753053254,0.027774422134577346,3.5843771056304323,0.9452595547286698,0.7781312756049925,1.0043905964125481,0.004395800621419362,-1.676257689710193e-07,-0.020300800287122556,-0.030546030863132456,,0.24861680918089424,0.12336210791316135,,0.21670902196897354,0.18205217931214987,,0.04459917082016781,0.04457636403875811,0.1306663792060221,0.18376096617340765,0.19018369830244108
1267,13317,GA,109,ok,acceptable (VEI significance <= 10),1.0,39.26531332126289,1.1929121798277493,-0.05943023093564507,-41.41261966364812,0.8345672124161414,0.7137356001046204,0.8229521427247567,-0.17704421039699728,-1.49892079381813e-06,-0.08168629948798856,-0.1054902983889392,0.0,,,,,,,,,,,
1268,26031,MI,0,no residential sales in 2016,,,,,,,,,,,,,,,,,,,,,,,,,
1269,55137,,0,no residential sales in 2016,,,,,,,,,,,,,,,,,,,,,,,,,
1270,40095,OK,234,ok,acceptable (confidence intervals overlap),0.6365756302521008,45.629861801139555,1.478944310970598,0.0341690426243522,29.39970405044166,0.7041154996050498,0.024813326047572623,0.7892692822482519,-0.21066540372096676,-1.3528587858324314e-07,-0.18035657025862073,-0.3136181425820257,,,,,,,,,,0.11766144071362533,,
1271,45055,,0,no residential sales in 2016,,,,,,,,,,,,,,,,,,,,,,,,,
1272,36059,NY,12700,ok,UNACCEPTABLE regressivity,0.7614061239022074,17.313317142255315,1.0541068408980039,-0.07174947216204282,-19.438531519844958,0.8046750995735882,0.5660833233941002,0.7974112728737965,-0.20258831916611705,-9.793387770007644e-08,-0.0583971419249798,-0.05596167632713378,,0.1978061840014485,0.21699101900035236,0.18894122222561663,0.1982718827924896,0.2232311801719146,,0.2117441312662338,0.21174379356200956,0.14630050285715493,0.2234306155277047,0.229848828059767
1273,31021,,0,no residential sales in 2016,,,,,,,,,,,,,,,,,,,,,,,,,
1274,48163,TX,42,skipped (fewer than 100 sales),,,,,,,,,,,,,,,,,,,,,,,,,
1275,24021,MD,1700,ok,acceptable (VEI within +/-10),0.9574240145819093,4.2360680503066845,1.0008331383929323,-0.002563819009713336,-0.9990109838189383,0.9947807343174518,1.0085093559736622,0.9876587795976361,-0.012341102413424777,-8.771865113246835e-09,-0.0012470589606257132,-0.0008866945293857231,,0.05361894594824624,0.026580021790429557,0.04943237760510192,0.04408701417650683,0.0292173942668362,,0.052186884632633476,0.05218674851281078,0.027203811592941433,0.02913726055138067,0.024239936349557244
1276,48455,TX,63,skipped (fewer than 100 sales),,,,,,,,,,,,,,,,,,,,,,,,,
1277,21071,,0,no residential sales in 2016,,,,,,,,,,,,,,,,,,,,,,,,,
1278,48321,TX,315,ok,acceptable (VEI within +/-10),0.8210200927357032,24.669470358025585,1.054577358613137,0.009837325614125291,1.4494462293150456,0.8828101290784347,0.6595359746776778,0.9265807972325867,-0.07341330607684893,-2.2276933426746886e-07,-0.04331197768397588,-0.0506094381875708,,,0.21187292309073458,,0.08539267181558745,0.210022985367464,,0.20133460739498268,0.20134237332730262,0.17306176883819818,0.21385126138416233,0.22800672021744717
1279,36063,NY,657,ok,UNACCEPTABLE regressivity,0.9842105263157894,41.990521746714656,1.2306760878348828,-0.249498012877951,-76.22212807381054,0.7423014564078225,0.9261363829460587,0.6128688962241652,-0.3871409281053817,-2.299036266715227e-06,-0.10464002285882823,-0.10211285738669429,0.18982038919895014,,,,,,0.17959217838376323,,,,,
1280,20113,,0,no residential sales in 2016,,,,,,,,,,,,,,,,,,,,,,,,,
1281,13277,GA,446,ok,acceptable (VEI within +/-10),0.901073173346058,19.28496883189041,1.0220173531060797,0.012818460386237194,0.18567797676471476,0.952836260547562,0.8417243543673093,0.9934749440227884,-0.00651630660541166,-3.717847466685338e-07,-0.016407389945408468,-0.018326794745894492,,0.21601008343253278,0.13362967034289439,,0.01863614518035181,0.13586644647484042,0.23469695088257614,0.06854472061426274,0.06850953225392553,0.12198490582250518,0.13387688716407292,0.12690946462130145
1282,21179,KY,8,skipped (fewer than 100 sales),,,,,,,,,,,,,,,,,,,,,,,,,
1283,20107,,0,no residential sales in 2016,,,,,,,,,,,,,,,,,,,,,,,,,
1284,47101,TN,0,no residential sales in 2016,,,,,,,,,,,,,,,,,,,,,,,,,
1285,29207,MO,0,no residential sales in 2016,,,,,,,,,,,,,,,,,,,,,,,,,
1286,40091,OK,242,ok,UNACCEPTABLE progressivity,0.6483663594470046,46.93625703066592,1.0626489024168777,0.07497866925675858,32.40771737546688,0.9203604747894981,0.4846372734616818,0.976638865145544,-0.02333084053255353,-3.8277418109165056e-07,-0.037151664276249496,-0.06195916870375262,,,0.2005287252358416,,,0.2184759666752768,,0.21944236997264452,0.21921193148949003,0.18504245143528117,0.2014875576378611,0.21777917674682948
1287,28093,,0,no residential sales in 2016,,,,,,,,,,,,,,,,,,,,,,,,,
1288,48225,TX,106,ok,acceptable (VEI within +/-10),0.697712217834058,29.742535049180066,1.0796931143416675,0.026202685511974032,-3.1991062529560246,0.7970549873235502,0.46227572985593174,0.8704591614186233,-0.1295286218336515,-7.357627870745206e-07,-0.07068749645487493,-0.08588855890800895,,,0.23961453447718786,,0.10058941617355906,,,,,0.16175521847609978,,
1289,30053,MT,0,no residential sales in 2016,,,,,,,,,,,,,,,,,,,,,,,,,
1290,05069,AR,0,no residential sales in 2016,,,,,,,,,,,,,,,,,,,,,,,,,
1291,31049,NE,34,skipped (fewer than 100 sales),,,,,,,,,,,,,,,,,,,,,,,,,
1292,26109,MI,0,no residential sales in 2016,,,,,,,,,,,,,,,,,,,,,,,,,
1293,16009,ID,0,no residential sales in 2016,,,,,,,,,,,,,,,,,,,,,,,,,
1294,18121,IN,283,ok,acceptable (confidence intervals overlap),0.9522700814901047,50.49562558510725,1.3260924256841147,-0.07109604224900808,-16.297379796468565,0.6493103089366941,0.37651956180406493,0.7372335071969204,-0.2627299315075539,-2.641357460663656e-06,-0.1640481443268087,-0.20530004855595663,,,,,,,,,,,,
1295,48299,TX,432,ok,UNACCEPTABLE progressivity,0.8081194749086076,28.549900278854803,0.9771299326794415,0.0669410372383244,24.227494311816418,1.0222106489770157,0.8318678638420609,1.0612642105148196,0.06127645793896586,4.349862175174059e-08,0.011169391616489222,0.006694624670896654,,,,,,,,,,,,
1296,29155,MO,59,skipped (fewer than 100 sales),,,,,,,,,,,,,,,,,,,,,,,,,
1297,21223,KY,0,no residential sales in 2016,,,,,,,,,,,,,,,,,,,,,,,,,
1298,31177,NE,0,no residential sales in 2016,,,,,,,,,,,,,,,,,,,,,,,,,
1299,24037,MD,584,ok,acceptable (VEI within +/-10),0.9653901842152623,6.060814976476538,1.0085373668427082,-0.03106098596692468,-5.399357955735404,0.9507017854868695,0.9248608768352621,0.9377904800188716,-0.062209532407980966,-1.2223281345004212e-07,-0.010243912331178162,-0.009820433847520071,,0.07479915166217749,0.09141184121700885,0.10637067810470759,0.12246680622181527,0.07593005409521955,0.11906321847906029,0.09327193524709686,0.09327192947848427,0.0901001940183678,0.0758831419302876,0.070317179006369
1300,31139,NE,0,no residential sales in 2016,,,,,,,,,,,,,,,,,,,,,,,,,
1301,42053,PA,0,no residential sales in 2016,,,,,,,,,,,,,,,,,,,,,,,,,
1302,51036,VA,0,no residential sales in 2016,,,,,,,,,,,,,,,,,,,,,,,,,
1303,29217,,0,no residential sales in 2016,,,,,,,,,,,,,,,,,,,,,,,,,
1304,42005,PA,628,ok,UNACCEPTABLE regressivity,1.102168391994479,60.44744256672394,1.446353881878713,-0.38065886622925016,-138.5637524579449,0.5572502901471698,0.47759784394301985,0.5084991912249963,-0.49149802012491983,-6.579072656458749e-06,-0.18872597432551053,-0.19893082297450748,,,,,,,,,,,,
1305,47053,TN,0,no residential sales in 2016,,,,,,,,,,,,,,,,,,,,,,,,,
1306,49011,,0,no residential sales in 2016,,,,,,,,,,,,,,,,,,,,,,,,,
1307,28029,,0,no residential sales in 2016,,,,,,,,,,,,,,,,,,,,,,,,,
1308,29117,MO,114,ok,acceptable (VEI within +/-10),0.7084178848166228,25.821240407303353,1.0907719264733957,-0.007691658656363502,4.903895598368593,0.7964285205317821,0.34696009353254004,0.8355621851208354,-0.16443303178726298,-5.42392047332725e-07,-0.07120603090806399,-0.08986425685093913,,,,0.08240579697204277,,,,,,0.1608680404807494,,
1309,33017,NH,0,no residential sales in 2016,,,,,,,,,,,,,,,,,,,,,,,,,
1310,45005,SC,0,no residential sales in 2016,,,,,,,,,,,,,,,,,,,,,,,,,
1311,13207,GA,404,ok,acceptable (VEI within +/-10),0.9573513513513514,22.892698106790206,1.0304148869726304,0.003223992895900905,-3.027076091727156,0.9776742110563232,0.8725549914195967,0.9893915704298648,-0.0106064932300055,-2.3579295355893225e-07,-0.00957065292182202,-0.010537894260721048,,0.24320095082345627,0.15734530978065936,,0.1614718582142133,0.1490740601388887,0.2421378951257387,0.13144056114133612,0.13139940449006762,0.1536484522098225,0.15409840113021978,0.07670978163671069
1312,51580,VA,72,skipped (fewer than 100 sales),,,,,,,,,,,,,,,,,,,,,,,,,
1313,13117,GA,7343,ok,UNACCEPTABLE progressivity,0.8276973684210527,29.61489053121033,1.2233423421958063,0.03858558956878251,18.700904398073003,0.5062250965400708,0.014506055533550662,0.34906708937208836,-0.6509285953828229,-9.909878545858698e-08,-0.1737413635949825,-0.20456112274723792,,,,,,,,,,0.10205511291544422,,
1314,48425,TX,105,ok,acceptable (VEI within +/-10),0.9293724966622163,17.47585799354021,1.017699268845438,0.032697544408877996,1.0943419876323697,0.9085640655322755,0.7848655916142201,0.9950602456291463,-0.004936541181119653,-2.422207625334524e-07,-0.027696456324690866,-0.038692663068795374,,0.2073650328294159,0.12823744239621745,,0.051183595737380495,0.15929925753484456,0.23618466942319058,0.06974054022924878,0.069090636145548,0.13445574230899324,0.15667694863496145,0.15447293256613556
1315,13009,GA,480,ok,acceptable (VEI significance <= 10),0.8803333333333334,25.524640274667878,1.1060350524649076,-0.05248597466894702,-17.549314647663092,0.8923918493605684,0.6466357487740693,0.8812778673485208,-0.11871992187456927,-4.963247910237855e-07,-0.048428348687606926,-0.05849688461692559,,,,,,,,,,0.23186052919062433,,
1316,38031,ND,29,skipped (fewer than 100 sales),,,,,,,,,,,,,,,,,,,,,,,,,
1317,06009,CA,0,no residential sales in 2016,,,,,,,,,,,,,,,,,,,,,,,,,
1318,31031,NE,0,no residential sales in 2016,,,,,,,,,,,,,,,,,,,,,,,,,
1319,02195,AK,0,no residential sales in 2016,,,,,,,,,,,,,,,,,,,,,,,,,
1320,20205,,0,no residential sales in 2016,,,,,,,,,,,,,,,,,,,,,,,,,
1321,51105,VA,0,no residential sales in 2016,,,,,,,,,,,,,,,,,,,,,,,,,
1322,22037,,0,no residential sales in 2016,,,,,,,,,,,,,,,,,,,,,,,,,
1323,06065,CA,0,no residential sales in 2016,,,,,,,,,,,,,,,,,,,,,,,,,
1324,06089,CA,0,no residential sales in 2016,,,,,,,,,,,,,,,,,,,,,,,,,
1325,36097,NY,209,ok,UNACCEPTABLE regressivity,0.9943181818181818,25.089592544391717,1.1717789751446888,-0.11044506742855527,-43.36820512820512,0.764229156119806,0.45863271933613475,0.8002426033769583,-0.19974754456452823,-1.3393501391632121e-06,-0.09669307147251804,-0.11392498392671158,0.09343500478600666,,,,,,,,,0.2395085946391134,,
1326,20011,KS,97,skipped (fewer than 100 sales),,,,,,,,,,,,,,,,,,,,,,,,,
1327,18075,IN,299,ok,UNACCEPTABLE regressivity,0.9862857142857143,39.659329446261495,1.4083026772781688,-0.23312072474980192,-56.96240677517944,0.565495875365794,0.1255796898406554,0.5943207048383876,-0.40567757568693924,-1.2517076556957151e-06,-0.2063612722141086,-0.24600249047404676,0.2000105989037028,,,,,,,,,0.17394735039829973,,
1328,22057,LA,888,ok,acceptable (VEI within +/-10),0.045802459028110795,60.37738955594892,1.1604134815432547,0.013999115939629124,0.0,0.8199787652329409,0.037413380435760535,0.6309847880294069,-0.3687734105942079,-5.3958628016011e-08,-0.06226036144445568,-0.05822419167566362,,,,,0.0,,,,,0.014356513983676126,,
1329,48053,TX,644,ok,UNACCEPTABLE progressivity,0.8789533077485381,29.961747076270125,1.0817789487247682,0.07020459445404115,28.219170591516086,0.8806297476055676,0.22837915547237062,0.9405451991926724,-0.059445463371991705,-1.1314487289484539e-07,-0.0507218809449943,-0.07764551722413748,,,,,,,,0.22755332973623096,0.22751997689198045,0.14030543528894715,,
1330,05029,,0,no residential sales in 2016,,,,,,,,,,,,,,,,,,,,,,,,,
1331,08089,CO,0,no residential sales in 2016,,,,,,,,,,,,,,,,,,,,,,,,,
1332,20177,,0,no residential sales in 2016,,,,,,,,,,,,,,,,,,,,,,,,,
1333,30043,MT,0,no residential sales in 2016,,,,,,,,,,,,,,,,,,,,,,,,,
1334,27039,MN,366,ok,acceptable (VEI within +/-10),0.87533023852657,11.811288341667549,1.0171739772739128,-0.019270553165982116,-0.7170962686452956,0.9520754801363144,0.7737988302475532,0.9344007759633243,-0.06559841159406807,-2.2834998921951374e-07,-0.013160170226555579,-0.014261264156560927,,0.14998962149924058,0.11930431849519539,0.09357410067421819,0.07714880259362276,0.10673492739304395,0.23346753410730228,0.11632705043933354,0.11631995315988791,0.1004885031199841,0.10497992844567851,0.10541684647476698
1335,27097,,0,no residential sales in 2016,,,,,,,,,,,,,,,,,,,,,,,,,
1336,29209,MO,609,ok,acceptable (confidence intervals overlap),0.5668604651162791,37.8155022834878,1.094170655637033,0.040569508050430844,33.70393582119652,0.8069197246626537,0.3823427634940641,0.7568193320106618,-0.24317630106247984,-2.5312735813806165e-07,-0.07038234599269289,-0.07948750611782684,,,0.24640118162833102,,,,,,,0.16193391806796223,,
1337,47171,TN,0,no residential sales in 2016,,,,,,,,,,,,,,,,,,,,,,,,,
1338,35053,NM,0,no residential sales in 2016,,,,,,,,,,,,,,,,,,,,,,,,,
1339,06101,CA,0,no residential sales in 2016,,,,,,,,,,,,,,,,,,,,,,,,,
1340,21141,KY,0,no residential sales in 2016,,,,,,,,,,,,,,,,,,,,,,,,,
1341,09150,CT,0,no residential sales in 2016,,,,,,,,,,,,,,,,,,,,,,,,,
1342,41009,OR,963,ok,acceptable (VEI within +/-10),0.8666976744186047,14.69621961300461,1.0128080242698367,-0.007491072085156796,-6.090345604808418,0.9538143009391065,0.9164835530246388,0.9204062129352897,-0.07959324003312783,-1.696916424725128e-07,-0.01118097898402537,-0.009689385825734309,,0.17224316146646576,0.12459893841630863,0.07555643439289252,0.11353708455668575,0.09525103219334424,0.1787148124126201,0.13287421904376168,0.13287336960664478,0.12294122720366693,0.09986302877530177,0.09207450074421453
1343,48141,TX,8848,ok,UNACCEPTABLE progressivity,0.8247422680412371,39.23829177384683,1.6648340830473116,0.03408369129523409,31.216184565849613,0.2855687884202443,-7.436816633438548e-05,0.11062820276704695,-0.8893653524054753,-8.997902692010388e-09,-0.36844639924475486,-0.41961454169181667,,,,,,,,,,0.025147725251672293,,
1344,35007,,0,no residential sales in 2016,,,,,,,,,,,,,,,,,,,,,,,,,
1345,51035,VA,0,no residential sales in 2016,,,,,,,,,,,,,,,,,,,,,,,,,
1346,42061,PA,0,no residential sales in 2016,,,,,,,,,,,,,,,,,,,,,,,,,
1347,12107,FL,1717,ok,UNACCEPTABLE regressivity,0.8804666666666666,36.371389489362464,1.5220585614973168,-0.07533772970565362,-20.238902152108086,0.6844079906753184,0.006649970202962568,0.8119314630928475,-0.18805995758815472,-3.963961922995494e-08,-0.19194340794022846,-0.29031925453445284,,,,,,,,,,0.0609672716152529,,
1348,13243,GA,53,skipped (fewer than 100 sales),,,,,,,,,,,,,,,,,,,,,,,,,
1349,05103,,0,no residential sales in 2016,,,,,,,,,,,,,,,,,,,,,,,,,
1350,42117,PA,410,ok,UNACCEPTABLE regressivity,0.6424606009070295,28.730897347638205,1.134796265569927,-0.0917576469306315,-25.84279237218817,0.7522235233671342,0.3478486849515558,0.7609698544834996,-0.23902387286642265,-8.94743814895228e-07,-0.09277227951117117,-0.10603329371540648,,,,,,,,,,0.17211805000117572,,
1351,08125,CO,0,no residential sales in 2016,,,,,,,,,,,,,,,,,,,,,,,,,
1352,20165,KS,0,no residential sales in 2016,,,,,,,,,,,,,,,,,,,,,,,,,
1353,37117,,0,no residential sales in 2016,,,,,,,,,,,,,,,,,,,,,,,,,
1354,53075,,0,no residential sales in 2016,,,,,,,,,,,,,,,,,,,,,,,,,
1355,31137,NE,138,ok,acceptable (VEI within +/-10),0.7862264365722612,22.981169135242244,1.0435370755180713,-0.002977549312306411,1.559843994524165,0.9507636634538187,0.6379412646392182,0.9250649628412667,-0.07493194276292635,-4.0558785509484707e-07,-0.01951526426948602,-0.02690910958470827,,,0.2327249383744747,0.08234624880272569,0.08895268135332944,0.1838167633274076,,0.23020514409306272,0.2302073881578522,0.1811277931353438,0.171642544572445,0.1752111181555832
1356,55001,WI,497,ok,acceptable (VEI within +/-10),0.9553846153846154,19.091933597252055,1.0502757636721167,-0.018954413615537655,-3.2060730667265824,0.9295885827481691,0.8309226809659153,0.9453935010243721,-0.05460479615948318,-6.39700027188961e-07,-0.0297606211216197,-0.03622148448468643,,0.21624427107068386,0.21466543652791328,0.20644834372981885,0.12770534986122353,0.19041822698619457,,0.20458963081957957,0.20457942327872594,0.19954071805909807,0.19139446862314297,0.21023656619423464
1357,06003,CA,0,no residential sales in 2016,,,,,,,,,,,,,,,,,,,,,,,,,
1358,21107,KY,433,ok,acceptable (VEI within +/-10),0.959731543624161,16.30985844863716,1.0306806234929395,-0.026190594504223987,-3.366853729237194,0.9853071441816147,0.9064883951579117,0.9445486757327147,-0.05545079573344365,-5.227385067218402e-07,-0.00582410690643953,-0.003071982547256713,,0.19648672023475466,0.17686950554442016,0.2015694877030761,0.09882178548985006,0.10346325128412288,0.16823843612730183,0.2068950963841971,0.20689521436103717,0.16757442746160858,0.10204776122417743,0.06488925809342694
1359,19197,,0,no residential sales in 2016,,,,,,,,,,,,,,,,,,,,,,,,,
1360,40135,OK,397,ok,UNACCEPTABLE progressivity,0.8142857142857143,37.75803178255049,1.4186262503603246,0.05286359592791762,26.881866368540248,0.6316500963507095,0.005950018123108307,0.8078122027555095,-0.1921444336599316,-8.024352035062041e-08,-0.20110533838146671,-0.2965732050581644,,,,,,,,,,0.05913778719429938,,
1361,42027,PA,1562,ok,acceptable (VEI significance <= 10),0.4948280885780886,18.556116559360824,1.1089802126396076,0.01360615269211321,10.879991845003877,0.8766719852245708,0.27920791239734344,0.9573502286098009,-0.04264162932517578,-6.115794574946116e-09,-0.05617812384307075,-0.08235548790509628,,0.20664555463739925,,,,,,0.13916242327142653,0.1391525638777231,0.09184210164734709,,
1362,51570,,0,no residential sales in 2016,,,,,,,,,,,,,,,,,,,,,,,,,
1363,12063,FL,404,ok,acceptable (confidence intervals overlap),0.8459141720348617,31.789226763186676,1.1359723819616891,-0.035359538530537846,-12.431452713091701,0.8298925682468794,0.2654437652738463,0.8376687675820187,-0.1623226861190514,-7.962178326180355e-07,-0.07114115635400653,-0.08782920630373514,,,,0.23742045796653785,0.23484059170239682,,,,,0.18528136656367059,,
1364,21119,KY,46,skipped (fewer than 100 sales),,,,,,,,,,,,,,,,,,,,,,,,,
1365,37103,,0,no residential sales in 2016,,,,,,,,,,,,,,,,,,,,,,,,,
1366,05095,AR,77,skipped (fewer than 100 sales),,,,,,,,,,,,,,,,,,,,,,,,,
1367,37053,NC,764,ok,acceptable (VEI within +/-10),0.8947396672034353,19.30242020954947,1.0123652445258644,0.002625576587984498,0.0730533359098335,1.0124173379180095,0.876649693918082,0.9709822483794128,-0.029014670440172977,-3.468368679352995e-08,0.005249143255773747,0.004826474824479177,,0.21643765811203391,0.10526425717680402,,0.037197533673399376,,,0.14680146383134376,0.14679788787138567,0.1294880206186902,,
1368,39091,OH,801,ok,acceptable (VEI within +/-10),0.8702666666666666,22.05634575443314,1.0615601140355932,0.001982242961722279,0.6225260998851943,0.9050806302077116,0.5949834475924733,0.9540297927000062,-0.04595848826302574,-1.7174902117834452e-07,-0.03874290891564369,-0.04722383856161838,,0.23513430780671657,0.22518929354287046,,0.045560854175529165,0.22610286115312067,,0.17995434216166384,0.17988911378675715,0.1751799935270115,0.22367036700288725,0.22997248510142126
1369,51683,VA,686,ok,acceptable (VEI within +/-10),0.9115765248055974,7.146452548838899,0.9993305181437068,0.02195803627656783,-0.5179036873926782,1.0131297530351826,0.926953870966866,1.0019048681933145,0.0019052010271484246,1.8686241993733105e-08,0.0025082925953738844,0.002973590440663587,,0.08692067661523639,,,0.009449399019458442,,0.08940021801277784,,,,,
1370,06105,CA,0,no residential sales in 2016,,,,,,,,,,,,,,,,,,,,,,,,,
1371,37095,,0,no residential sales in 2016,,,,,,,,,,,,,,,,,,,,,,,,,
1372,45031,SC,241,ok,acceptable (VEI within +/-10),0.9012875536480687,28.051804214029396,1.0690533169624312,-0.01032930341806616,1.7019693324233494,0.9513808530336704,0.6639963075142552,0.9018524592422549,-0.0981430724098015,-4.539186395731076e-07,-0.02092573641682538,-0.02738174397953408,,,0.2237633551336897,0.15024190265459186,0.15411858131850004,0.18495695695157854,,,,0.18332314678207604,0.18885430416672522,0.18435334972081024
1373,39105,OH,279,ok,acceptable (confidence intervals overlap),0.8728571428571429,50.62777840463251,1.2976710371975826,-0.08852747086860958,-21.456616850762316,0.7226222284717393,0.4620234184142623,0.6683178997955577,-0.33168346139765725,-4.148571467519289e-06,-0.12986029021244594,-0.15864612414063695,,,,,,,,,,,,
1374,27009,MN,582,ok,acceptable (confidence intervals overlap),0.8170133953568506,34.03519864609168,1.1141377777609323,-0.0175527235848496,24.206321042013208,0.6064737420356155,0.4182062700083114,0.6225065151656531,-0.3774882803819665,-1.5858085128840672e-06,-0.10870811448699658,-0.11612160979127384,,,,0.1682203678094062,,,,,,,,
1375,34029,NJ,0,no residential sales in 2016,,,,,,,,,,,,,,,,,,,,,,,,,
1376,01101,,0,no residential sales in 2016,,,,,,,,,,,,,,,,,,,,,,,,,
1377,42047,PA,273,ok,acceptable (VEI significance <= 10),0.604,64.22179705383576,1.7634323291159668,-0.1990430195611739,-60.5069651358786,0.41877092698397034,0.046152397779130404,0.4726948319277642,-0.527279369307226,-1.3063549918283489e-06,-0.3158693951248559,-0.38239944207494103,,,,,,,,,,0.14943144411963172,,
1378,25027,MA,0,no residential sales in 2016,,,,,,,,,,,,,,,,,,,,,,,,,
1379,48307,,0,no residential sales in 2016,,,,,,,,,,,,,,,,,,,,,,,,,
1380,40041,OK,399,ok,acceptable (VEI within +/-10),0.8788,19.94036467020855,1.0128392154341588,0.006434239664601404,6.104256205722014,0.9910768440193957,0.8341680398126694,0.9832062240422087,-0.016788862824958613,-5.822418343309173e-08,-0.004111878140428127,-0.005716994023170496,,0.2261368532210261,0.11317615381980917,,,0.06145703042966361,,0.15525642636974757,0.15523985418406677,0.08274138890205707,0.060055245903648094,0.08917992178256592
1381,21041,KY,14,skipped (fewer than 100 sales),,,,,,,,,,,,,,,,,,,,,,,,,
1382,12123,FL,364,ok,acceptable (VEI within +/-10),0.7596719576719577,32.589162294941474,1.1249446021858243,-0.008671775816455922,2.552363035536902,0.8408205230006794,0.445752591602483,0.8522651743406571,-0.14772416661570273,-9.349496262941029e-07,-0.07082665960606427,-0.09583680646113435,,,,0.14201210414153495,0.16654807174570307,,,,,0.20229724089693224,,
1383,13237,GA,499,ok,acceptable (VEI within +/-10),0.9981058823529412,24.48752530965888,1.0495792028501627,-0.018024841932633005,-1.8513461736311332,0.9641193223810576,0.9135980763719721,0.896974591552227,-0.10302787677116437,-3.968520724337988e-07,-0.014082658623082445,-0.014125375946342222,0.08886921968358703,0.24777761463567294,0.23312153659294918,0.19714393581696935,0.16362826149785428,0.15394976380562927,0.21832070571872447,,,0.20503855479284863,0.1412010686571508,0.10892314485508
1384,13139,GA,4120,ok,acceptable (VEI significance <= 10),0.7987694385333115,33.0765334675794,1.5989397394050298,-0.004648453985129893,17.533317495152495,0.5177332921647575,0.023984131500726476,0.3676944248150056,-0.6323011873433233,-1.036346365219929e-07,-0.2729588775643028,-0.3810204713054748,,,,0.12087098905945012,,,,,,0.1790728604330405,,
1385,47063,TN,0,no residential sales in 2016,,,,,,,,,,,,,,,,,,,,,,,,,
1386,29079,,0,no residential sales in 2016,,,,,,,,,,,,,,,,,,,,,,,,,
1387,26157,MI,324,ok,UNACCEPTABLE regressivity,0.9933712275943203,32.35928442175309,1.197489924041666,-0.15173272972854385,-43.62650598949346,0.6571968576565331,0.2993875799845838,0.6873700051847305,-0.3126207681178041,-2.1195572276344628e-06,-0.12979650929339703,-0.14345486121196793,0.10155538673359076,,,,,,,,,0.23956921006575177,,
1388,18115,IN,60,skipped (fewer than 100 sales),,,,,,,,,,,,,,,,,,,,,,,,,
1389,51089,VA,353,ok,UNACCEPTABLE regressivity,1.0242424242424242,32.295864553414255,1.1413085755934713,-0.17614070992390135,-37.57875948620618,0.7681614943145594,0.8577575405840907,0.7225519306333362,-0.27744985933177313,-3.1107909105450176e-06,-0.08229402260398855,-0.07590139786865158,,,,,,,0.1947504758635287,,,,,
1390,17015,IL,236,ok,acceptable (VEI within +/-10),0.9472443130084571,10.702322611730043,1.0232748697791751,-0.017954113517238527,-5.811669013932701,0.9762068256963558,0.899331458050998,0.9670631543226038,-0.032935057190424256,-1.5638502335868776e-07,-0.010738803384404028,-0.01065701309002054,,0.12704719913311888,0.1215300659729719,0.14616120306160388,0.17293007146174724,0.1519069598834682,0.20649156219743242,0.1559959900972215,0.15596403979075757,0.14186607927001882,0.15376092531969138,0.1647351930001005
1391,26135,MI,220,ok,acceptable (VEI within +/-10),1.002130486627676,27.90794507283099,1.0495678636535146,0.00937342857347611,3.0094613986067777,0.9287783190134944,0.8613818726916945,0.9409945001274646,-0.05900020260665255,-1.0667972860214786e-06,-0.02862173031817772,-0.03753668098954632,0.013880231697230957,,0.19534082416033843,,0.13692308131454883,0.2108827410585886,0.2129476320380817,0.20160915992880082,0.20162476971067503,0.1912881802100583,0.18189537869644387,0.1858322460586344
1392,27027,MN,1175,ok,acceptable (VEI within +/-10),0.8991111111111111,12.551556607952872,1.0171410992721004,0.01712703845810237,-1.6885162656778927,0.9399092961405471,0.5551352432646317,0.9916152275707146,-0.00838247866793835,-9.86020698606119e-08,-0.01664404671303643,-0.02148394894533001,,0.15118747350787304,0.1344151347729661,,0.08401945570318467,0.11712557370177046,,0.05780135997881456,0.057798390321159486,0.07935789596828985,0.11603101562173034,0.13528061246684794
1393,47169,TN,217,ok,acceptable (confidence intervals overlap),0.8847826086956522,28.889692685266642,1.10553004451691,-0.04537877534986321,-10.2434778911752,0.8420567245147917,0.6283692272551233,0.8167919100575267,-0.1832064530780962,-1.1097671355329354e-06,-0.06270592624345284,-0.0787073481187397,,,,0.21172009839597242,0.22155628054908244,,,,,0.2362916408676124,,
1394,47047,TN,0,no residential sales in 2016,,,,,,,,,,,,,,,,,,,,,,,,,
1395,39095,OH,0,no residential sales in 2016,,,,,,,,,,,,,,,,,,,,,,,,,
1396,19129,,0,no residential sales in 2016,,,,,,,,,,,,,,,,,,,,,,,,,
1397,04009,,0,no residential sales in 2016,,,,,,,,,,,,,,,,,,,,,,,,,
1398,01017,AL,269,ok,UNACCEPTABLE regressivity,1.0746666666666667,53.47077667187432,1.3629388521503132,-0.25353211041578094,-64.65803009333897,0.7139581710235545,0.6727287030282321,0.6336923863226129,-0.3663105932670363,-1.3880174387383061e-06,-0.1373260423674323,-0.13401222044759442,,,,,,,,,,,,
1399,28077,,0,no residential sales in 2016,,,,,,,,,,,,,,,,,,,,,,,,,
1400,29083,MO,0,no residential sales in 2016,,,,,,,,,,,,,,,,,,,,,,,,,
1401,53057,WA,2552,ok,acceptable (VEI within +/-10),0.8532198456917075,11.863389284563976,1.007575708454029,0.015890241570045434,8.66430291576765,0.978095337323314,0.7824697576955315,0.9784647725226926,-0.021533301696756126,-6.170091481133413e-08,-0.00576163104996219,-0.006442110926159428,,0.14102762150599346,0.08945018046340208,,,0.07464196301354778,,0.07955907182034985,0.07954731058553759,0.07388605967174501,0.07365453000460855,0.07580584100419983
1402,36103,NY,7590,ok,UNACCEPTABLE progressivity,0.904535826039722,22.056007741235852,1.0595184819069103,0.024409131391252892,21.62317689903298,0.817662058573895,0.433485290511267,0.8693051394023795,-0.13069340788424239,-4.039563172569791e-08,-0.05546064163078235,-0.06151951533112432,,0.23877687599843034,0.23020246064626848,,,0.24128466448435495,,0.20535246319722356,0.20535159432059263,0.11066684338688666,0.23514824113557206,0.24484561212285716
1403,21199,KY,685,ok,acceptable (confidence intervals overlap),1.0,21.533890035283186,1.2601656219584934,-0.009999168205766441,-13.154509198507647,0.7308788457728003,0.16303961443265189,0.8639254766517558,-0.13605275841207257,-2.9037145446500675e-07,-0.14170007877796098,-0.21324863797486215,0.0,0.23685067119829997,,0.15849445626004968,0.20441661770055056,,,,,0.14595018733010431,,
1404,51735,VA,0,no residential sales in 2016,,,,,,,,,,,,,,,,,,,,,,,,,
1405,51001,VA,0,no residential sales in 2016,,,,,,,,,,,,,,,,,,,,,,,,,
1406,13193,GA,81,skipped (fewer than 100 sales),,,,,,,,,,,,,,,,,,,,,,,,,
1407,21079,KY,8,skipped (fewer than 100 sales),,,,,,,,,,,,,,,,,,,,,,,,,
1408,06037,CA,0,no residential sales in 2016,,,,,,,,,,,,,,,,,,,,,,,,,
1409,35057,,0,no residential sales in 2016,,,,,,,,,,,,,,,,,,,,,,,,,
1410,13095,GA,844,ok,UNACCEPTABLE regressivity,1.1817494089834515,38.86873282727643,1.2651245785088907,-0.18190549997572625,-75.71121256693051,0.7958391493199872,0.8435863885562734,0.734218108576564,-0.2657871210267526,-6.955310711272811e-07,-0.103983483561505,-0.1064086041365897,,,,,,,,,,,,
1411,54031,WV,111,ok,acceptable (confidence intervals overlap),0.8173333333333334,31.096513659397804,1.1252807691322129,-0.07530255746104803,-17.343784900699628,0.7466967595573271,0.5035659852680464,0.7372341859977507,-0.26276408064358137,-1.7692185901091286e-06,-0.09085047371626853,-0.10881791523731277,,,,,,,,,,,,
1412,26059,MI,790,ok,acceptable (VEI within +/-10),0.8510084745762712,28.206908845241713,1.0579220209868387,-0.034249574020805626,-9.90771342753572,0.9046951317541319,0.7981117730364891,0.8479242782178813,-0.15207498772671393,-9.272359153383258e-07,-0.032861002881149126,-0.029336047215122063,,,0.2278799061880465,0.2082803622590505,0.1920366568838693,0.20634311955277904,,,,0.2296254575474605,0.20373548302786607,0.18769604708973783
1413,02020,AK,3885,ok,acceptable (VEI within +/-10),0.9251559251559252,10.887838305552583,1.0123610094383502,-0.016434227333546693,-2.493371977554638,0.9305791778417055,0.8722998022142028,0.9250347828008528,-0.07496494102820613,-1.5022171281289526e-07,-0.015952576790671857,-0.016245086159756505,,0.13302884523316205,0.11243533120269301,0.0879345755106793,0.07234815149058132,0.11194148702333556,0.16068615537537712,0.11826151692206703,0.11826132782032285,0.1054726728255436,0.11126866417871531,0.1106261985623583
1414,13113,GA,2246,ok,acceptable (VEI within +/-10),0.8792906780123275,11.857558585685032,1.0060201572328755,0.011137723929910302,7.100731255127471,0.9855764238573814,0.8446626793597585,0.978049703040824,-0.02194943910631005,-5.474913158568497e-08,-0.004187823586966788,-0.004182110386329541,,0.14002678942003496,0.08048314950449476,,,0.06316545614508393,0.22346793760562017,0.09336601747992507,0.09336389690267184,0.0670151040437747,0.06230797892996416,0.060736803775563994
1415,37113,,0,no residential sales in 2016,,,,,,,,,,,,,,,,,,,,,,,,,
1416,48285,TX,133,ok,acceptable (confidence intervals overlap),0.7441077441077442,28.74017481384963,1.0966555469513188,-0.11962526062931912,-37.87298973384776,0.7983926047042526,0.6672183898202687,0.7280598677667803,-0.2719389318810445,-1.1194073549753998e-06,-0.06811242886960378,-0.06100206427838617,,,0.24997866910755928,,,,,,,0.2347965524208891,0.24469974666313526,0.2121714308619753
1417,40097,OK,464,ok,acceptable (VEI within +/-10),0.8371999999999999,29.82833749091683,1.0860988045473077,0.002749918264962899,2.3259212018490896,0.8795216250729968,0.5635575353316521,0.8836642557943443,-0.11631473836370974,-4.92874420268769e-07,-0.05082058996684191,-0.060429111299257876,,,0.24580080100572066,,,,,,,0.20072990139536745,,
1418,55135,WI,0,no residential sales in 2016,,,,,,,,,,,,,,,,,,,,,,,,,
1419,37157,,0,no residential sales in 2016,,,,,,,,,,,,,,,,,,,,,,,,,
1420,27115,MN,708,ok,acceptable (VEI within +/-10),0.8811137184115523,27.196472341391605,1.063050486081328,0.010459318273367274,9.218723432151213,0.9057431073229324,0.6087709648247382,0.9334427200579838,-0.066549765783076,-5.131082254808842e-07,-0.039250579219495485,-0.052386647476155845,,,0.22133081382401806,,,,,0.24044677741727807,0.24043152454056063,0.1779660584510674,0.23154258390831156,0.23129747203304207
1421,21093,KY,1688,ok,acceptable (VEI significance <= 10),0.9464912280701754,13.150451380357335,1.005451763415783,0.018499390717451783,11.127072750572852,0.9743755056551517,0.8897215360270458,1.0106049281358185,0.010608907791540492,-8.57720306220495e-08,-0.008374478518696105,-0.009269733461720442,,0.15906022781027726,0.08013107251510336,,,0.09279501276287114,0.18665724164320646,,,0.059632893960281014,0.09234316799106815,0.09119009802125293
1422,05031,AR,0,no residential sales in 2016,,,,,,,,,,,,,,,,,,,,,,,,,
1423,42051,PA,0,no residential sales in 2016,,,,,,,,,,,,,,,,,,,,,,,,,
1424,27117,,0,no residential sales in 2016,,,,,,,,,,,,,,,,,,,,,,,,,
1425,17151,,0,no residential sales in 2016,,,,,,,,,,,,,,,,,,,,,,,,,
1426,36085,NY,4438,ok,acceptable (VEI within +/-10),0.92219521522214,13.537089520847845,1.0151034553843619,-0.0011685775029437614,3.0834251358957614,0.8993760973407123,0.8268255739363607,0.8924805913383053,-0.10751917513695843,-1.5313677122879553e-07,-0.021299343478936583,-0.020995637108999654,,0.15991907318260123,0.12177292063473633,0.03353201913544792,,0.12490233026353642,0.18741358633636013,0.1314501048058543,0.13144999204579436,0.12065665569915357,0.12247909275107187,0.12151072871047473
1427,13187,GA,629,ok,acceptable (confidence intervals overlap),0.8044608294930875,23.658488253759298,1.028254046746933,0.010391594813300492,-10.37220153528677,0.9649446856935903,0.7286588770272053,0.9394606408909261,-0.060537129011480235,-2.677382209876249e-07,-0.012531033514373346,-0.01677276931040339,,,0.1649313583582556,,0.18130960680447913,0.12590813765002135,,0.20902247833206486,0.20902048501907972,0.12220641014175733,0.11462983644859723,0.1387288045990777
1428,47021,TN,0,no residential sales in 2016,,,,,,,,,,,,,,,,,,,,,,,,,
1429,36087,NY,2868,ok,UNACCEPTABLE progressivity,0.29838667707520167,103.731019940719,2.488122896368554,0.3408905228019623,189.84868872136033,0.24320704475758298,0.005523804509874619,0.14918465785330393,-0.8508235972327128,-1.0543415435885033e-08,-0.5088451277213148,-0.5878691423351483,,,,,,,,,,0.07619824414102638,,
1430,51790,VA,0,no residential sales in 2016,,,,,,,,,,,,,,,,,,,,,,,,,
1431,48201,TX,42663,ok,UNACCEPTABLE progressivity,0.9095849262697979,16.75844483292606,1.0185961212058785,0.029864361495078796,18.376575540770464,0.9739360970364782,0.7280279024460038,0.9880488932708476,-0.01195005060557542,-9.173911469092315e-09,-0.010703060846793067,-0.01592369794233961,,0.1918048500453752,0.13405636814147107,,,0.12274153602654073,,0.07633563080037606,0.07632858180403948,0.10767269822746273,0.11982590529993692,0.16191691503362782
1432,36111,NY,2151,ok,UNACCEPTABLE regressivity,0.9753160621761658,23.34637182568876,1.105263126888123,-0.10376638966945202,-31.13052969573164,0.7863864868495226,0.6486495751439716,0.7967974973512317,-0.20320214935573827,-5.856987327305782e-07,-0.0756142654292018,-0.08087537558903946,,,,,,,,,,0.23301304845049675,,
1433,48025,TX,115,ok,acceptable (VEI within +/-10),0.7330411328388402,36.7686957084745,1.1459273251240238,0.05751686128644542,9.202424398714362,0.7054814635018888,0.16173290346694205,0.7693746981433787,-0.2306103115300747,-4.735149448091929e-07,-0.10452592277921435,-0.13147726912402202,,,,,,,,,,0.13229297554795985,,
1434,27073,,0,no residential sales in 2016,,,,,,,,,,,,,,,,,,,,,,,,,
1435,53025,WA,1089,ok,acceptable (VEI significance <= 10),0.8183461538461538,16.710620498876388,1.0133941970847642,0.04551877821480581,11.57857326553492,0.9464995049568831,0.6685954056271473,0.9919539998740652,-0.008041790613174477,-1.8588834978532948e-07,-0.014719463634333296,-0.01980947468454719,,0.18812149016007668,0.10872418894356534,,,0.13283467186916176,,0.05354371433055334,0.05353768794036208,0.08844361659734958,0.1266846960434151,0.12473142334073833
1436,36005,NY,3095,ok,acceptable (VEI significance <= 10),0.8941176470588236,32.39440262427829,1.6727844147914044,-0.038413311333698526,-13.315140470317635,0.5011343378740688,0.1577291879764019,0.7387004243582846,-0.26129623499123233,-2.8098618986162814e-08,-0.3052948771403807,-0.35466529092249743,,,,0.23843057578957275,,,,,,0.15223990985021402,,
1437,47013,TN,0,no residential sales in 2016,,,,,,,,,,,,,,,,,,,,,,,,,
1438,22033,LA,6975,ok,acceptable (VEI significance <= 10),0.9285714285714286,21.872069735125667,1.0368393276937344,0.018324315612131173,10.663122010170923,0.9394162739452797,0.5686689393807081,0.9164839681120713,-0.08351158815731835,-9.644421123471506e-08,-0.021974966771485693,-0.024348409099081314,,0.23543294678307033,0.17762611775753326,,,0.17891139514621074,,0.225454229309384,0.22544922348744317,0.12399655356571167,0.17441154289597552,0.17404407268658595
1439,22117,,0,no residential sales in 2016,,,,,,,,,,,,,,,,,,,,,,,,,
1440,38093,ND,210,ok,acceptable (VEI within +/-10),0.8567415966386555,17.49247824903309,1.008084480939611,0.014511214320173023,3.728824078546622,1.0084700513797786,0.8598846246835671,0.9630729225543115,-0.03692544936475931,-1.2764891282747086e-07,0.002566886986264949,0.004551069804016317,,0.21584436052643102,0.10222861186762414,,,,0.20991150873382042,0.13899837992794956,0.13899600374730472,0.11931842880425937,,
1441,46039,SD,0,no residential sales in 2016,,,,,,,,,,,,,,,,,,,,,,,,,
1442,19071,,0,no residential sales in 2016,,,,,,,,,,,,,,,,,,,,,,,,,
1443,28137,MS,106,ok,acceptable (confidence intervals overlap),0.7343863150652181,31.61382672693008,1.0462947193192307,0.10377537317659977,34.37852811605506,0.8087506169787281,0.573553518518927,0.7427543573833257,-0.2572425163489862,-8.237808425245828e-07,-0.04887625836423948,-0.053262360048204505,,,0.2054544926119556,,,,,,,0.22890157511030937,0.20919223698037856,0.20380698448125148
1444,41065,OR,376,ok,acceptable (VEI within +/-10),0.9295737318907933,17.436256908629257,1.0172298061606275,-0.016128517418780602,4.605424223507077,0.968542514625289,0.95015972860752,0.8934055767564599,-0.10659494866680665,-4.001868544050682e-07,-0.007803044970080997,-0.003274626456045482,,0.18847950072054406,0.13561801177579255,0.1243191992655683,,0.08219607009436335,0.11122978458297716,0.1537497145563729,0.15374994244980297,0.14755991064098495,0.08629881968801255,0.0603492802000582
1445,18007,IN,115,ok,acceptable (confidence intervals overlap),0.9303370786516854,49.74451376625442,1.1220883212837038,0.03501044789198411,34.77601226160681,0.8483557375307055,0.810701017470262,0.9736137654427383,-0.026364406774970747,-4.060314614543843e-06,-0.05688762042442397,-0.06058603175789168,,,,,,,0.24840191986466556,0.1736302010777915,0.17351656028581544,,0.24248119288258652,0.23853145695337372
1446,06095,CA,0,no residential sales in 2016,,,,,,,,,,,,,,,,,,,,,,,,,
1447,29075,,0,no residential sales in 2016,,,,,,,,,,,,,,,,,,,,,,,,,
1448,37043,NC,0,no residential sales in 2016,,,,,,,,,,,,,,,,,,,,,,,,,
1449,26065,MI,0,no residential sales in 2016,,,,,,,,,,,,,,,,,,,,,,,,,
1450,48151,TX,11,skipped (fewer than 100 sales),,,,,,,,,,,,,,,,,,,,,,,,,
1451,09130,CT,0,no residential sales in 2016,,,,,,,,,,,,,,,,,,,,,,,,,
1452,31169,NE,98,skipped (fewer than 100 sales),,,,,,,,,,,,,,,,,,,,,,,,,
1453,48035,TX,143,ok,acceptable (confidence intervals overlap),0.7394971428571429,28.42465625085315,1.0628688797365806,0.036086984422648245,16.105537978434615,0.8595878704105988,0.5095049694917861,0.8297760987806427,-0.17021887966622035,-6.05467515320496e-07,-0.04813211266640871,-0.05821436840732663,,,0.19208395560970068,,,,,,,0.1522060944123888,,
1454,29121,MO,165,ok,acceptable (confidence intervals overlap),0.5937777777777777,48.76945319375808,1.3264331401101934,-0.10033734406720714,-23.235260248733287,0.500833152522422,0.17173639276363703,0.398900272542757,-0.6010863018822145,-1.5900224141718384e-06,-0.1995943308250807,-0.24410375401220819,,,,,,,,,,,,
1455,22025,,0,no residential sales in 2016,,,,,,,,,,,,,,,,,,,,,,,,,
1456,39141,OH,1025,ok,acceptable (confidence intervals overlap),0.8794202898550725,27.25692524572683,1.0481943245980054,0.006016806849995007,10.8435069215557,0.9355754743105417,0.7270556765510444,0.9190545229920725,-0.08094103628451278,-6.444517648067474e-07,-0.0239525830547187,-0.025531907125497355,,,0.21176520902069823,,,0.19357115993969265,,0.21868834123326175,0.21867815162825235,0.19128713597579627,0.16445862925447688,0.1607810713948317
1457,45089,SC,154,ok,acceptable (confidence intervals overlap),0.9335619047619048,54.56640958243976,2.9661845318763307,-0.09438368135286344,-40.24439009243247,0.606953304272612,0.059581680889473146,0.5816864938724473,-0.41829721480517307,-2.565935376678553e-07,-0.31297048645361514,-0.5468831707719253,,,,,,,,,,0.22561569950104174,,
1458,21047,KY,0,no residential sales in 2016,,,,,,,,,,,,,,,,,,,,,,,,,
1459,31147,NE,0,no residential sales in 2016,,,,,,,,,,,,,,,,,,,,,,,,,
1460,17139,,0,no residential sales in 2016,,,,,,,,,,,,,,,,,,,,,,,,,
1461,13019,GA,192,ok,acceptable (confidence intervals overlap),0.8915881836383253,31.230337654804035,1.1324516279661199,-0.04656445871313584,-10.432647564899236,0.8534136598192177,0.6245533393635473,0.8361710647094436,-0.16382710724933902,-1.3865968223916628e-06,-0.06639820712376943,-0.08551429228437435,,,,,0.22410295492127896,,,,,,,
1462,41029,OR,3485,ok,acceptable (VEI within +/-10),0.897,12.61644995797254,1.0082610027697538,0.01714934515599399,3.618415511345452,0.9654734854701313,0.8596868217273756,0.9666603446267125,-0.03333867213423718,-9.304221474123323e-08,-0.008635949037003154,-0.009225464679846196,,0.15278613205849054,0.0900317553860298,,,0.08464843789129071,0.1769130652328484,0.0802380403320328,0.0802351519207333,0.07760657375946296,0.07981993523116197,0.08737786836612983
1463,13287,GA,72,skipped (fewer than 100 sales),,,,,,,,,,,,,,,,,,,,,,,,,
1464,48373,TX,390,ok,acceptable (confidence intervals overlap),0.8006527325187159,34.68947630014761,1.0838139323616771,0.020687700554013855,11.45858471590785,0.8829078965367989,0.5635779729278877,0.9692739606552495,-0.030628135952604135,-5.390238456464649e-07,-0.05022857944401937,-0.06861047267007736,,,,,,,,0.15486038963999021,0.155163889515847,0.20965965469091427,,
1465,40037,OK,943,ok,UNACCEPTABLE progressivity,0.8322181818181819,31.796465375494787,1.0302292107779054,0.06246648165776172,36.15628665036807,0.9445732874932884,0.6810350306795214,0.975305426379195,-0.024663091366477624,-2.766219445630235e-07,-0.02103008985012811,-0.024767888731470178,,,0.17446194182377892,,,0.18609251579113745,,0.14261999548213555,0.14233746026567384,0.1554445961455806,0.18820451011819683,0.18817472210636046
1466,34027,NJ,0,no residential sales in 2016,,,,,,,,,,,,,,,,,,,,,,,,,
1467,37023,NC,0,no residential sales in 2016,,,,,,,,,,,,,,,,,,,,,,,,,
1468,21191,KY,2,skipped (fewer than 100 sales),,,,,,,,,,,,,,,,,,,,,,,,,
1469,13101,GA,21,skipped (fewer than 100 sales),,,,,,,,,,,,,,,,,,,,,,,,,
1470,48459,TX,382,ok,acceptable (confidence intervals overlap),0.8739928464504736,25.736541257983372,1.0463826344343177,0.016840109930938426,11.850854570025902,0.8964798960165357,0.7264781184927263,0.9152886472173205,-0.08470354192429914,-5.988407708978407e-07,-0.03656400344442923,-0.04354038457158271,,,0.20963569613807956,,,0.2233306541005698,,0.22144960388888452,0.22157474051615642,0.1678670064284034,0.2048640768494759,0.19076681621612032
1471,17141,IL,0,no residential sales in 2016,,,,,,,,,,,,,,,,,,,,,,,,,
1472,51830,VA,147,ok,acceptable (VEI within +/-10),0.9510204081632653,9.592624088279614,1.02955260069191,-0.02510523247629589,-3.4168742251881272,0.9295595311259413,0.7545124840853752,0.9380523683612648,-0.06194734211776945,-1.8617025747872096e-07,-0.023625403548507506,-0.030358046795477822,,0.10762875865733994,0.1284615869805311,0.1186235958500059,0.12074643075132967,0.13598181811645232,,0.12266215734202379,0.12266803321943119,0.11783943274917784,0.16471308002394966,0.13041414998908935
1473,18127,IN,2151,ok,acceptable (VEI within +/-10),0.9269269269269269,15.671654459900282,1.024674879033006,-0.013432038049858331,-2.2419747230664053,0.8993613179763028,0.7520838365065856,0.8921923141100514,-0.10780678404651123,-3.609372592775005e-07,-0.026039292798615277,-0.02650502817372713,,0.17886158386459908,0.15193140106644326,0.0934075923357868,0.10368706547722648,0.15247395098400796,,0.1542175916470409,0.15421730207071624,0.1331790436684869,0.1515336761920586,0.15130828298876497
1474,42041,PA,0,no residential sales in 2016,,,,,,,,,,,,,,,,,,,,,,,,,
1475,24031,MD,3225,ok,acceptable (VEI within +/-10),0.9629166666666666,5.034394646118149,1.0044292553080485,0.0001742195581569352,0.3371783573494777,0.9925512146545378,0.9296570272745202,0.9960629001288387,-0.003937011414637991,-1.3018684125821664e-09,-0.0030265251071193155,-0.004258721242571539,,0.06307616478633558,0.08108818993769361,0.0065222205152983374,,0.0797984415761733,0.078437165224044,0.034853441877261075,0.03485312452013742,0.06854250876666482,0.08000373929252706,0.07083769388419535
1476,51193,VA,416,ok,acceptable (VEI within +/-10),1.0,25.340027715421293,1.0420197659163213,0.013354590874133057,1.601818181818171,0.9093146698058534,0.9102031721567309,1.00491100430565,0.0049606488936861,-5.724110049698708e-07,-0.032579120314093934,-0.036258454556183706,0.0,,0.17991902577794933,,,0.173420882561012,0.17596367857044184,,,0.21704017238005757,0.19946286133063276,0.1972035506986046
1477,01069,,0,no residential sales in 2016,,,,,,,,,,,,,,,,,,,,,,,,,
1478,38071,ND,120,ok,UNACCEPTABLE progressivity,0.8125431331953071,21.0807940755188,0.9896525048501303,0.06829891022876869,31.538870257512734,0.9990601927728104,0.779879965369169,1.0904885416819783,0.09050308959586317,1.520655930252825e-07,-0.0003313660197263868,-0.007161197952755272,,0.23774645743200243,,,,0.025782486848229456,,,,,0.02450440204797611,0.10268266965107027
1479,21033,,0,no residential sales in 2016,,,,,,,,,,,,,,,,,,,,,,,,,
1480,40069,OK,90,skipped (fewer than 100 sales),,,,,,,,,,,,,,,,,,,,,,,,,
1481,35055,,0,no residential sales in 2016,,,,,,,,,,,,,,,,,,,,,,,,,
1482,04015,AZ,5267,ok,acceptable (VEI within +/-10),0.7515105008077544,17.249129144291487,1.0024213000393767,0.022971613617579968,8.083501722744252,0.9973755753016599,0.7171080654038169,1.0100246790648117,0.010031739947053232,-2.0599881331815556e-08,-0.0009690178802512772,-0.003542609684240139,,0.19754349969942445,0.05334224077021143,,,0.03633911178228422,,,,0.03637442385557882,0.03533669447023202,0.06708686184571407
1483,40053,OK,29,skipped (fewer than 100 sales),,,,,,,,,,,,,,,,,,,,,,,,,
1484,55053,WI,176,ok,acceptable (VEI within +/-10),0.9899608062709966,18.486998441059978,1.0659710050844111,-0.0157525794883914,-3.6588750122207565,0.8402880486331058,0.6687570080894845,0.9173552091480902,-0.08263868631965327,-1.1576517628026108e-06,-0.05799420866139626,-0.07395664713248751,0.0849867490351751,0.2283223799034076,0.2197475249229214,0.18904655332484188,0.14087409955091446,0.24402656521699778,,0.19006339770565236,0.1900726381737105,0.19093122081518088,0.24325884541118847,
1485,19191,IA,0,no residential sales in 2016,,,,,,,,,,,,,,,,,,,,,,,,,
1486,51027,VA,71,skipped (fewer than 100 sales),,,,,,,,,,,,,,,,,,,,,,,,,
1487,13219,GA,957,ok,acceptable (VEI significance <= 10),0.8248851063829787,35.3534014138285,1.070810598032776,0.10853330481980182,19.26076650741643,0.8715736811564566,0.4078849148568301,0.6372755682525516,-0.36271946756758794,-3.443205655689916e-07,-0.04032579294807581,-0.0472623089481472,,,0.24207684996643022,,,,,,,0.20609434057685383,0.2452565699366934,0.2400167735692636
1488,01079,AL,265,ok,acceptable (VEI within +/-10),1.0,21.008982626328056,1.0537615708017842,-0.016167608964365157,-0.8896775966294124,0.9215389900390819,0.8903427315478781,0.9355181949517454,-0.06447856385246242,-7.382898500824793e-07,-0.031166869365058192,-0.03260584156666657,0.0,0.23117009348037326,0.23655774872972357,0.19059281776104325,0.0679905527625215,0.21001776639670167,0.21329200722602987,0.23819823550840832,0.23820195155981766,0.20344198064192912,0.2273077777479351,0.2289725900186677
1489,40113,,0,no residential sales in 2016,,,,,,,,,,,,,,,,,,,,,,,,,
1490,27015,MN,288,ok,acceptable (VEI within +/-10),0.8826806311943984,15.69575714732401,1.0240182463875018,-0.01956684467215404,-9.20239551691368,0.9682439516235176,0.8455196890632746,0.945162046791943,-0.05483563835740467,-1.8998781388840527e-07,-0.010876611291783522,-0.011041406994988012,,0.19152352932433395,0.14471532230959486,0.14397439003340892,0.14987903721289464,0.10853015461730246,0.20084750237030405,0.16312746315177468,0.16312267278977072,0.14016316367917073,0.09954522041435215,0.09996041657758885
1491,13051,GA,4418,ok,acceptable (VEI within +/-10),0.8863247298542816,16.411592625131597,1.0725713404252806,0.006594037436441577,5.494034147109912,0.9234684994266203,0.6604244929058661,0.9693099707743036,-0.030688173827678876,-9.055308169120055e-09,-0.03808260372428518,-0.053125757061684764,,0.187230165979057,,,,,,0.13311311338856863,0.1331093544925988,0.1693843584432964,,
1492,20115,,0,no residential sales in 2016,,,,,,,,,,,,,,,,,,,,,,,,,
1493,47069,TN,0,no residential sales in 2016,,,,,,,,,,,,,,,,,,,,,,,,,
1494,45043,SC,0,no residential sales in 2016,,,,,,,,,,,,,,,,,,,,,,,,,
1495,48135,TX,1303,ok,acceptable (VEI significance <= 10),0.8880836236933798,17.778705606015382,1.009154277689091,0.053110249869897194,19.020921893320992,0.9554900699517179,0.7458781136510572,1.003564592688184,0.0035710586751453053,-1.582027455693046e-07,-0.011915113095235519,-0.01659910750719562,,0.20294426106765415,0.10133763946216919,,,0.10885414270697734,,,,0.09198835211351623,0.10667117307701676,0.11445712826644522
1496,48071,TX,712,ok,UNACCEPTABLE progressivity,0.7358705583263443,33.272852543966884,5.7698096410286865,0.050071101687864376,29.73510696221452,0.14929406813986698,-2.4713227433302818e-05,0.28252086073594507,-0.7174761239143476,-8.941692381371798e-10,-0.7293005415590708,-0.8351916011336733,,,,,,,,,,0.0012864316643819403,,
1497,37197,NC,337,ok,acceptable (VEI significance <= 10),1.046767441860465,30.674170151835416,1.133757642455638,-0.10387352181518052,-36.8358424842951,0.7930282933941549,0.7751786492397662,0.782519039534251,-0.21748402165651143,-2.1393969577075165e-06,-0.07895662714686891,-0.08502653247141079,,,,,,,,,,,,
1498,37059,NC,469,ok,acceptable (VEI within +/-10),0.9474193548387096,10.994244085515511,1.0124094256264624,-0.015564134604392871,-5.036838538717334,0.968052777606366,0.9319580887244934,0.9493987771664723,-0.05060110462337549,-1.6793777524280169e-07,-0.009579331799120183,-0.008403201195874788,,0.1322042973126383,0.09973326770112496,0.11170498524350907,0.10810263873157476,0.09280354685530673,0.11574483344553135,0.12153432008468684,0.12153422270368201,0.10039953649390443,0.09239038550810709,0.08158629630542465
1499,48369,,0,no residential sales in 2016,,,,,,,,,,,,,,,,,,,,,,,,,
1500,06043,CA,0,no residential sales in 2016,,,,,,,,,,,,,,,,,,,,,,,,,
1501,53011,WA,9783,ok,acceptable (VEI within +/-10),0.9036982456140351,8.948394046205008,1.009357407137574,0.0347659786099705,9.776087080217772,0.9799956368077206,0.7362066981406999,1.0095847122889003,0.009585180542721556,-4.7169891431404145e-09,-0.005173255937711785,-0.007788137603125245,,0.10945262367923293,0.10047466430655545,,,0.06619106397322873,0.21463817475762267,,,0.08227747315111487,0.06562159053496168,0.09269181103326786
1502,39109,OH,1710,ok,acceptable (VEI within +/-10),0.890116665799048,11.785888352603155,1.0192413006937935,-0.021466009160493033,-4.116638726336456,0.9557095887821833,0.8382892561412735,0.9441339498826973,-0.055863166247996844,-2.525385607289563e-07,-0.013964421068249244,-0.013409212214379629,,0.14158218627193836,0.1350510635719131,0.15014106168850078,0.13482820448905983,0.12361514463229711,0.22104980554436582,0.13996607011429724,0.13996625233898036,0.12168149459911658,0.12275857609856987,0.10916428934614701
1503,41061,OR,348,ok,acceptable (VEI within +/-10),0.9289943397689385,14.448825659376755,1.0113556819080545,0.0006788172918614545,1.507005952639282,0.9584112231377542,0.9262557586497422,0.9372789880058859,-0.06272071497959805,-2.896152954431935e-07,-0.010441108584428038,-0.007266517141237161,,0.17306112155088862,0.10937603307669633,0.010975573075439263,,0.09478506984460813,0.15025376601137244,0.12383162958191707,0.12383080487573925,0.11315651354668721,0.09068990791166963,0.08127623207427219
1504,31129,NE,0,no residential sales in 2016,,,,,,,,,,,,,,,,,,,,,,,,,
1505,27005,MN,646,ok,acceptable (VEI within +/-10),0.8602169888934594,15.975600153860857,1.0277988993669156,-0.011486913041260401,4.792336157990504,0.9513000795010996,0.8005913779088857,0.9555362218789634,-0.04446202504227352,-1.7797808262094912e-07,-0.01857441780468405,-0.020190541358899194,,0.18839695704884515,0.17303930269282322,0.1389623461737151,,0.16943665475354244,,0.15165677505022596,0.15165341217378478,0.14580377729756522,0.1680362391137062,0.17380192149045753
1506,39017,OH,0,no residential sales in 2016,,,,,,,,,,,,,,,,,,,,,,,,,
1507,18037,IN,449,ok,acceptable (VEI within +/-10),0.8008793969849246,17.548079802494748,1.0393286497702519,-0.021956647262934975,-4.826246901425589,0.8735997710351933,0.6109261041808024,0.8905699280980213,-0.10942575374387058,-5.446300923559749e-07,-0.03695238666912615,-0.0412642248530517,,0.20000292419268167,0.16377043870751423,0.13888600781773852,0.1159386927266692,0.17970557659201336,,0.18345759470929193,0.18343193723754708,0.13218437870893698,0.17330159684797736,0.18616648224617707
1508,55119,WI,328,ok,acceptable (VEI within +/-10),1.0090285714285714,17.931943671914308,1.040463462584118,-0.021441631051986362,-3.2013234191091606,0.9205402000470068,0.8332750237263291,0.9196748296333012,-0.08032484640211775,-7.506772007694887e-07,-0.027395419707658908,-0.03025533623619059,0.10403494594530314,0.19837483155834723,0.19970123345681684,0.18475585260602978,0.07093213479246757,0.1750763596154058,0.2342879511390395,0.2081984134615791,0.2081987210487278,0.18824361517133079,0.17133005729278436,0.16517798723275784
1509,30047,MT,0,no residential sales in 2016,,,,,,,,,,,,,,,,,,,,,,,,,
1510,37187,NC,81,skipped (fewer than 100 sales),,,,,,,,,,,,,,,,,,,,,,,,,
1511,53027,WA,1275,ok,acceptable (VEI within +/-10),0.8965489566613162,15.575313669668398,1.0168150524207444,-0.015166090968309466,-3.856188336032551,0.9745399311501766,0.8949440940117304,0.9341445683284281,-0.06585463947353518,-1.736710466013892e-07,-0.008176526642549753,-0.005260123487260238,,0.1846432660493696,0.13463980557269323,0.13425651364988936,0.11896261248651735,0.09341259227001819,0.1913255293259868,0.16717003546495723,0.16716945524189872,0.12933078511757248,0.09436053333293117,0.09178623484622955
1512,42065,PA,0,no residential sales in 2016,,,,,,,,,,,,,,,,,,,,,,,,,
1513,53015,WA,0,no residential sales in 2016,,,,,,,,,,,,,,,,,,,,,,,,,
1514,17171,IL,45,skipped (fewer than 100 sales),,,,,,,,,,,,,,,,,,,,,,,,,
1515,19055,IA,0,no residential sales in 2016,,,,,,,,,,,,,,,,,,,,,,,,,
1516,47001,TN,0,no residential sales in 2016,,,,,,,,,,,,,,,,,,,,,,,,,
1517,51087,VA,4649,ok,acceptable (VEI within +/-10),0.9213836477987422,8.008713358358365,1.0033188255699699,0.0047162572541316495,2.86834144389829,0.9981411140718406,0.9175521726491617,0.9911780114372976,-0.008821591091412416,-1.991259221523224e-09,-0.0006474114963221922,-0.00029366854452561597,,0.09790431634579132,0.06559146833209141,,,0.022519286449559254,0.18465746971558697,0.05445503271049167,0.05445402684121576,0.06265422821341007,0.0223614699211169,0.008549510914276175
1518,49001,UT,23,skipped (fewer than 100 sales),,,,,,,,,,,,,,,,,,,,,,,,,
1519,38045,ND,21,skipped (fewer than 100 sales),,,,,,,,,,,,,,,,,,,,,,,,,
1520,39089,,0,no residential sales in 2016,,,,,,,,,,,,,,,,,,,,,,,,,
1521,55133,WI,3630,ok,acceptable (VEI within +/-10),0.9565954878454879,10.050531979450946,1.010755593483279,-0.007868414407687865,-1.867609909770262,0.9696442827244962,0.9088058307130752,0.9600563729606402,-0.03994337332238992,-7.526241218327257e-08,-0.00877333789113921,-0.008466361074784379,,0.12298365823552035,0.10381733921215126,0.07840809000574189,0.06911499165236154,0.08462373571843662,0.1714316959255866,0.1048147081545327,0.10481414482938757,0.09534331230629854,0.08400873970656308,0.08008215463461282
1522,31057,NE,0,no residential sales in 2016,,,,,,,,,,,,,,,,,,,,,,,,,
1523,19171,,0,no residential sales in 2016,,,,,,,,,,,,,,,,,,,,,,,,,
1524,36093,NY,1967,ok,UNACCEPTABLE regressivity,0.99609375,19.508217095876233,1.0467658023019115,-0.06794129429857501,-20.014758188743137,0.8973023565031871,0.8828939086193753,0.8484328706115624,-0.15156814921864384,-7.958655928562176e-07,-0.030776743114722782,-0.028655918482727527,0.13510756980016073,0.21760325241619238,0.20343690733416098,0.22485590358480248,0.23842411221858106,0.18077882250376642,0.18923686338313708,0.21951631589780615,0.21951664106026259,0.20872026089908244,0.17880323849998422,0.1655380879247749
1525,54039,WV,1270,ok,acceptable (VEI within +/-10),0.8781168952327643,18.296684512689538,1.0287793915564658,-0.028904508429837963,-4.5832081465612635,0.9381967322882295,0.8454988582237314,0.8918123281217721,-0.10818777611694655,-2.7891499563754636e-07,-0.020162791859059892,-0.01600875642042099,,0.21170929701342764,0.16590867425692582,0.14777224105477535,0.11905943905307993,0.1490059226342697,,0.1827948892213908,0.18279470405588005,0.14900463847991474,0.1476962666582037,0.1428247129856296
1526,45085,SC,0,no residential sales in 2016,,,,,,,,,,,,,,,,,,,,,,,,,
1527,29099,MO,0,no residential sales in 2016,,,,,,,,,,,,,,,,,,,,,,,,,
1528,48113,TX,24365,ok,UNACCEPTABLE progressivity,0.8244041450777202,20.521818134605493,1.0449195420825255,0.03321394052875905,26.3446778360696,0.9587690565581232,0.6659712441663022,0.9725720816685777,-0.027426236765823037,-5.956518146788928e-09,-0.021383014047037685,-0.03335895996313365,,0.2271983176903741,0.20091872358226773,,,0.2069802337748024,,0.12822163685517393,0.12821780180585812,0.1394817445353498,0.20476962527024153,0.23071784710985374
1529,46127,SD,0,no residential sales in 2016,,,,,,,,,,,,,,,,,,,,,,,,,
1530,53007,WA,1718,ok,acceptable (VEI within +/-10),0.8083337031779267,16.802619594127133,1.0126940879789792,0.03355376364293555,6.137525108335563,0.9758712832637441,0.6857241783095508,0.971316312886072,-0.02868256731251047,-6.6262858396669e-08,-0.00747849786281507,-0.010896695412522694,,0.19023738465711307,0.11100360770846941,,,0.09445658310924224,,0.1007992084105763,0.10079746894947003,0.09197777505702356,0.0935168777292344,0.10906012649990354
1531,19011,,0,no residential sales in 2016,,,,,,,,,,,,,,,,,,,,,,,,,
1532,27125,,0,no residential sales in 2016,,,,,,,,,,,,,,,,,,,,,,,,,
1533,26155,MI,1083,ok,UNACCEPTABLE regressivity,0.9256410256410257,33.62650466609812,1.3386052958614374,-0.20810428025830882,-62.64244342914703,0.49971083684098927,0.14376690095188432,0.3774867239022275,-0.6225106020669424,-1.3815210417812907e-06,-0.21131475246252518,-0.2494964775897741,,,,,,,,,,,,
1534,45007,SC,2814,ok,UNACCEPTABLE regressivity,0.8828712393566698,40.255264630043854,9.739549241349007,-0.10880611372253783,-107.7847225589118,0.28976057205000627,-0.00022659657386529342,0.20223165811985253,-0.797761584569044,-2.247439872892824e-08,-0.6375030402516992,-0.8724337248350742,,,,,,,,,,0.039791507411648545,,
1535,40035,OK,168,ok,acceptable (confidence intervals overlap),0.700833050367855,44.432434484518915,2.0133202625660718,-0.07430678134330827,-38.13973620152156,0.5447929348247869,0.03565235540412379,0.6821286115318619,-0.3178266065379235,-1.387264150679709e-07,-0.30918194516418707,-0.46076677572048697,,,,,,,,,,0.07734635496027557,,
1536,01123,AL,261,ok,acceptable (VEI within +/-10),1.0,18.786714345072163,1.070351011750154,-0.02573167652065638,-2.7623529411764713,0.944899873308867,0.8186776058890947,0.9419373999047788,-0.05806201939242174,-2.657010610228543e-07,-0.027666495549557357,-0.03689357443366603,0.0,0.2208091616653149,0.21218958159389584,0.22075027468398606,0.08477818457821545,0.20331163607067182,,0.2139759729147361,0.21397290665596722,0.21501823049108035,0.19838507891843077,0.20910941812028125
1537,16059,ID,0,no residential sales in 2016,,,,,,,,,,,,,,,,,,,,,,,,,
1538,39071,OH,0,no residential sales in 2016,,,,,,,,,,,,,,,,,,,,,,,,,
1539,20109,KS,0,no residential sales in 2016,,,,,,,,,,,,,,,,,,,,,,,,,
1540,08043,CO,0,no residential sales in 2016,,,,,,,,,,,,,,,,,,,,,,,,,
1541,37013,NC,381,ok,acceptable (VEI within +/-10),1.0931651542649727,34.55228549830879,1.0921358772712542,-0.043060261398866616,-2.8590581553820167,0.9407304477351089,1.0029126391225893,0.8781731786695818,-0.12183568919486945,-1.0248760534448206e-06,-0.026465022907442792,-0.024464067158462832,,,,,0.16291346024844797,0.23760971997964703,0.08028551122155116,,,,0.23002343454455046,0.19205898385698522
1542,37139,NC,254,ok,acceptable (VEI within +/-10),0.9216318574213311,16.071134829774532,1.0323491823742474,-0.03383371762591106,-8.070554053295757,0.8898320570238027,0.8016360250835122,0.8953550698040773,-0.10464212541069162,-7.456524552319523e-07,-0.028922975221829628,-0.02996502372184895,,0.18767627857396052,0.1692100582440198,0.18789326265931802,0.1540174809542724,0.16721816277365945,0.20468612688293844,0.20134805994647972,0.2013468310044483,0.15668031851072747,0.15688280212752284,0.17954569798915757
1543,29027,MO,221,ok,acceptable (confidence intervals overlap),0.6784499054820415,26.141613162168557,1.0342274309643937,0.044095128816178136,11.115811183792994,0.8229120967695528,0.5311360889110835,0.9350873255270957,-0.06489904922078776,-6.62358833712964e-07,-0.04508489213590372,-0.05211493168364534,,,0.1878213925281061,,,0.21745398000378488,,0.18336770118506054,0.18335741873168857,0.13939135704572367,0.18458744250398507,0.190670817384912
1544,26033,,0,no residential sales in 2016,,,,,,,,,,,,,,,,,,,,,,,,,
1545,17065,,0,no residential sales in 2016,,,,,,,,,,,,,,,,,,,,,,,,,
1546,49013,,0,no residential sales in 2016,,,,,,,,,,,,,,,,,,,,,,,,,
1547,18165,,0,no residential sales in 2016,,,,,,,,,,,,,,,,,,,,,,,,,
1548,06005,CA,0,no residential sales in 2016,,,,,,,,,,,,,,,,,,,,,,,,,
1549,21087,,0,no residential sales in 2016,,,,,,,,,,,,,,,,,,,,,,,,,
1550,20091,KS,3382,ok,acceptable (VEI within +/-10),0.8822463768115942,15.623338839676853,1.014298184652113,0.004647866994519172,5.531334702258722,0.9538129954971398,0.8550024704040264,0.9170081113884986,-0.08299156596330762,-1.157983742751021e-07,-0.01315351332620529,-0.009753146962073744,,0.18213851618805152,0.12127973751562604,,,0.12158440781297002,0.22134071970215266,0.1419539212764477,0.1419534716807194,0.10950223430828074,0.1099614807258025,0.09793887012002367
1551,51065,VA,0,no residential sales in 2016,,,,,,,,,,,,,,,,,,,,,,,,,
1552,19077,,0,no residential sales in 2016,,,,,,,,,,,,,,,,,,,,,,,,,
1553,55095,WI,958,ok,acceptable (VEI within +/-10),0.908578431372549,18.705698243047728,1.0302264894162525,-0.0016300032235874084,1.901626939625681,0.9350514154313281,0.8028089551196654,0.9559126844973962,-0.04408375972228442,-3.1253520614020787e-07,-0.02240686618429133,-0.024137289080518487,,0.21804824332019146,0.16704282989205138,0.05016523131783902,,0.16509552056112706,,0.14902585914129526,0.14902079022695106,0.1444511199199935,0.16034793062291627,0.16036046886725788
1554,20125,,0,no residential sales in 2016,,,,,,,,,,,,,,,,,,,,,,,,,
1555,28033,MS,1153,ok,acceptable (VEI within +/-10),0.7134114832535885,29.428041652878886,1.0788574520600764,0.09666989168611897,-0.022863697641455048,0.749496972096602,0.4404654163835046,0.6520370609663366,-0.3479615532399189,-1.2376338294638775e-07,-0.07250177617098452,-0.07338491255200807,,,,,0.0008528038177765875,,,,,0.13697409291656312,,
1556,08021,CO,68,skipped (fewer than 100 sales),,,,,,,,,,,,,,,,,,,,,,,,,
1557,39101,OH,836,ok,UNACCEPTABLE regressivity,0.9234178498985801,36.323028339369735,1.2854080084142325,-0.1921866304251957,-43.98819737200363,0.6117824620494224,0.2668933877462158,0.5828183958096141,-0.41717712882331676,-1.1975970760413153e-06,-0.16070733333807175,-0.18246987321953156,,,,,,,,,,0.23629176741823021,,
1558,21027,KY,32,skipped (fewer than 100 sales),,,,,,,,,,,,,,,,,,,,,,,,,
1559,37069,NC,0,no residential sales in 2016,,,,,,,,,,,,,,,,,,,,,,,,,
1560,01013,AL,122,ok,UNACCEPTABLE regressivity,1.0643719806763285,54.13511459469289,24.537772546365872,-0.213682185656518,-164.54028125687643,0.2966845817925513,0.003807097403943792,0.1851487985850389,-0.81484625723936,-1.9961076160218807e-08,-0.6419044287222266,-0.813985641645236,,,,,,,,,,0.044671719561095904,,
1561,01033,AL,952,ok,acceptable (VEI within +/-10),1.0,13.678074247179667,1.013351449551864,0.010946204750969229,-1.8714051522248254,0.9729798745731773,0.8929557816477297,0.9958385366629823,-0.004159182841281691,-1.8716460224252965e-07,-0.010127938726202101,-0.01358521975913507,0.0,0.16259975253423323,0.10412362649626934,,0.1800917611622846,0.12225897417904491,0.20818619399274665,0.05438494850940025,0.05437669703910958,0.11068183283244823,0.1218736689962312,0.13304878370574327
1562,51049,VA,0,no residential sales in 2016,,,,,,,,,,,,,,,,,,,,,,,,,
1563,37183,NC,17888,ok,acceptable (VEI within +/-10),0.9342251420374748,6.989513543414042,0.9967284302556684,0.017984295354105506,5.131112677277013,1.01547005343765,0.9021376253321541,1.0126688300298494,0.012669161683333057,1.4284435730374166e-09,0.005078548944031924,0.005196263876771967,,0.08575359719835794,,,,,0.22905462375414337,,,,,
1564,12121,FL,503,ok,acceptable (VEI within +/-10),0.83472,31.427012077903402,1.103337799853257,-0.03671894636528054,-2.142434988179659,0.8526155414171737,0.6469621537729623,0.8781802650894781,-0.12181190219438914,-1.4164263908264788e-06,-0.06089060258342327,-0.06946701187505688,,,,0.23923569800606703,0.16289536304749683,,,,,0.22036961100803723,,
1565,08119,CO,0,no residential sales in 2016,,,,,,,,,,,,,,,,,,,,,,,,,
1566,20073,,0,no residential sales in 2016,,,,,,,,,,,,,,,,,,,,,,,,,
1567,48207,TX,33,skipped (fewer than 100 sales),,,,,,,,,,,,,,,,,,,,,,,,,
1568,19119,,0,no residential sales in 2016,,,,,,,,,,,,,,,,,,,,,,,,,
1569,31051,NE,93,skipped (fewer than 100 sales),,,,,,,,,,,,,,,,,,,,,,,,,
1570,17063,IL,0,no residential sales in 2016,,,,,,,,,,,,,,,,,,,,,,,,,
1571,40133,OK,168,ok,acceptable (VEI within +/-10),0.6573577196512408,52.990972101991794,1.2644539542663338,-0.055557374039801856,-9.624843100096946,0.7257786399701232,0.3740619891244896,0.7057705736523868,-0.29410993500252747,-2.3605374423763217e-06,-0.12076444342000969,-0.1403632168328075,,,,,0.2011100586319704,,,,,,,
1572,51165,VA,0,no residential sales in 2016,,,,,,,,,,,,,,,,,,,,,,,,,
1573,56021,WY,1607,ok,acceptable (VEI significance <= 10),0.8821611191509889,13.994856278334819,1.0067431315586712,0.03286860082469903,11.686230251962632,0.9579112723327114,0.8633970024608842,0.9434129578606141,-0.05658644590861102,-1.6608755088637832e-07,-0.008855096412789365,-0.007145607615958616,,0.16500519058152202,0.08605619538473314,,,0.07971982151381662,0.16288110745054357,0.1039939468463595,0.10399360209800113,0.07696097116509361,0.07740782800489579,0.07254152021026981
1574,18027,IN,438,ok,UNACCEPTABLE regressivity,0.8904232804232803,34.933894291938024,2.4402049660198415,-0.08543885167093944,-26.37822502443225,0.43597155233713114,0.000475108210491626,0.6826445191481052,-0.31734480706133794,-2.1705293535485645e-08,-0.4033595759482915,-0.5726591133898344,,,,,,,,,,0.024582662203603448,,
1575,21053,,0,no residential sales in 2016,,,,,,,,,,,,,,,,,,,,,,,,,
1576,48085,TX,19644,ok,UNACCEPTABLE progressivity,0.8175442197303431,34.098084733102034,8.14896497771842,0.008082757375546309,62.720440139828575,0.24755287226974657,0.000702659954300699,0.1948234500553056,-0.805174898029664,-1.2780892546438722e-09,-0.680692041169086,-0.8686370635103784,,,,,,,,,,0.049795351561846744,,
1577,29173,,0,no residential sales in 2016,,,,,,,,,,,,,,,,,,,,,,,,,
1578,48159,,0,no residential sales in 2016,,,,,,,,,,,,,,,,,,,,,,,,,
1579,08033,,0,no residential sales in 2016,,,,,,,,,,,,,,,,,,,,,,,,,
1580,13231,GA,315,ok,acceptable (confidence intervals overlap),0.8752188047011753,27.190722178116033,1.0661291621266848,-0.04074698048704363,-10.571428571428573,0.9545184148048886,0.7527521393227292,0.8475275528245454,-0.15247310804732572,-6.935018850754372e-07,-0.016838284996712582,-0.016063109406137643,,,0.23226659625348642,0.20488074446704233,0.22738341657881764,0.15233324979400345,,,,0.2272418425912338,0.16290207739611218,0.13765064555110876
1581,28091,,0,no residential sales in 2016,,,,,,,,,,,,,,,,,,,,,,,,,
1582,13291,GA,762,ok,acceptable (VEI significance <= 10),0.9283659806999186,17.48810105242895,1.0343937247681605,-0.027830696928268676,-18.03814481372397,0.9448964601874292,0.8634831855768635,0.932591449066906,-0.06740747646182442,-4.3024066519057913e-07,-0.019367769961543768,-0.021822161360989245,,0.20515142756383264,0.16186933047398716,0.21874963851272794,0.24020681733547475,0.14653307201462068,0.2145986926503881,0.20057248059013386,0.20057151055667957,0.16424549954971776,0.14767560685851686,0.14772141284860002
1583,40087,OK,714,ok,UNACCEPTABLE progressivity,0.7180836956521739,46.81594246274073,1.0428087652069187,0.1775696818146953,125.59946579697213,0.8987589246221784,0.06020175163740332,1.3936568184463896,0.39421535525040247,-3.50584829528482e-08,-0.04194820157342716,-0.08243634452062709,,,0.1840406156661489,,,,,,,0.06646779317237281,,
1584,42091,PA,0,no residential sales in 2016,,,,,,,,,,,,,,,,,,,,,,,,,
1585,47011,,0,no residential sales in 2016,,,,,,,,,,,,,,,,,,,,,,,,,
1586,05013,,0,no residential sales in 2016,,,,,,,,,,,,,,,,,,,,,,,,,
1587,33015,NH,0,no residential sales in 2016,,,,,,,,,,,,,,,,,,,,,,,,,
1588,44007,RI,0,no residential sales in 2016,,,,,,,,,,,,,,,,,,,,,,,,,
1589,51003,VA,0,no residential sales in 2016,,,,,,,,,,,,,,,,,,,,,,,,,
1590,54051,WV,313,ok,UNACCEPTABLE regressivity,0.828,42.51043770588674,1.2264157707768562,-0.12700243057202576,-28.58565765641639,0.6878969029080022,0.39230706372553775,0.6870410790299059,-0.31293728737856147,-2.6627650543387185e-06,-0.12354994494601734,-0.13587834690006773,,,,,,,,,,,,
1591,08011,CO,0,no residential sales in 2016,,,,,,,,,,,,,,,,,,,,,,,,,
1592,40019,OK,581,ok,acceptable (VEI significance <= 10),0.7998166666666666,30.706029726111648,1.0474169496086525,0.060996946641517946,54.900635502546045,0.9381467833684225,0.4365231756950512,0.956279669642391,-0.04368828341205213,-2.7375792880320353e-07,-0.025094786474220143,-0.04242639201073217,,,0.19539250810653744,,,0.21149211300417167,,0.2079517075751403,0.2078452700734127,0.14328570789798245,0.1879280633894375,0.21846897947675248
1593,08091,CO,171,ok,acceptable (confidence intervals overlap),0.7963333333333333,21.447457940379824,1.0019612225587118,0.05627241936493709,12.097701907871105,0.9832835406599388,0.7803304566613148,1.0294077357034335,0.02941118878102415,-1.249440028043554e-08,-0.005555522257485235,-0.009987504518716772,,0.24175371798727027,0.027845775670995148,,,0.06595551518355997,,,,0.021475907674660448,0.06309036601427861,0.1443924543167704
1594,31121,NE,0,no residential sales in 2016,,,,,,,,,,,,,,,,,,,,,,,,,
1595,25013,MA,0,no residential sales in 2016,,,,,,,,,,,,,,,,,,,,,,,,,
1596,50021,VT,842,ok,UNACCEPTABLE regressivity,1.0766449903660886,24.390592395666097,1.0899852091194762,-0.11364480000364202,-21.102631889505442,0.8268757256438982,0.8761308937399371,0.8140011216273502,-0.18600188332173165,-1.0475983225023998e-06,-0.05806230102274035,-0.05755967207866375,,,,,,0.23583232462774828,0.2354900160856108,,,,0.23564350116747723,0.23646012391465482
1597,29181,,0,no residential sales in 2016,,,,,,,,,,,,,,,,,,,,,,,,,
1598,27155,MN,58,skipped (fewer than 100 sales),,,,,,,,,,,,,,,,,,,,,,,,,
1599,51775,VA,323,ok,acceptable (VEI within +/-10),0.9424316514781063,10.04720368510529,1.0088753079641295,-0.006247768458177233,-0.8030660377358431,0.9763780768137654,0.8936877139308684,0.9633198618567208,-0.03668006706306001,-1.379428180848306e-07,-0.006494233380216041,-0.006650877716533721,,0.12756159144961374,0.08967292989772709,0.07661644134508974,0.0803674758065997,0.08488611845351367,0.17279489460442893,0.09847544516912943,0.09847522367699557,0.08904749664848836,0.08422912110061327,0.06661932923303776
1600,55029,WI,576,ok,acceptable (VEI within +/-10),0.9862602239502589,12.871541806253797,1.0076714772369768,0.00888936302204296,1.8601633844907064,0.9873564258580962,0.969398724305778,0.991056232249443,-0.00894251594932112,-3.9687237310523505e-08,-0.0050685950042386185,-0.0062263675594596,0.17862447174072027,0.15979603442663862,0.07997263354061836,,,0.09421164074271222,0.12169248280500947,0.06934467069531904,0.0693425247097655,0.07631041968723296,0.09340121820977364,0.09410860353080393
1601,55105,WI,1226,ok,acceptable (VEI within +/-10),0.9428398618864556,14.4273056014465,1.0340300109585765,-0.04500947131999864,-8.596456464828757,0.9174944983040586,0.8361029695925737,0.9027177412803027,-0.09728169026494005,-6.829632363919595e-07,-0.024946733628717466,-0.025713330938240908,,0.16819494794040454,0.16710797383680998,0.19204105313010722,0.1960630413809382,0.15483243770855326,0.19541478200663412,0.18224164960417485,0.1822411933655041,0.1601076404866414,0.15433357373249376,0.15031884043178653
1602,01035,,0,no residential sales in 2016,,,,,,,,,,,,,,,,,,,,,,,,,
1603,47161,TN,0,no residential sales in 2016,,,,,,,,,,,,,,,,,,,,,,,,,
1604,21203,KY,0,no residential sales in 2016,,,,,,,,,,,,,,,,,,,,,,,,,
1605,21173,KY,466,ok,UNACCEPTABLE progressivity,1.4471624266144816,40.70176362564045,1.059223952892921,0.03698949440232716,39.88997479869691,0.9073873077675302,1.240540237746291,0.9086370518429662,-0.09136339856371732,-1.2365482064758564e-06,-0.035249910972017906,-0.040001790373417334,,,0.2121671071338505,,,,,,,,0.21842175234484945,0.205914154470548
1606,05043,AR,142,ok,acceptable (VEI within +/-10),0.8941428571428571,41.57982696180224,1.1102378013003538,-0.015521391053193619,8.696623061621667,0.8780349702946514,0.8133798512169548,0.7552590795498262,-0.24474743147950767,-1.7719334839291426e-06,-0.04578747137700856,-0.04092541373621583,,,,0.2088854881612552,,,,,,,0.22991529834877097,0.22781357059572538
1607,47075,TN,0,no residential sales in 2016,,,,,,,,,,,,,,,,,,,,,,,,,
1608,22027,,0,no residential sales in 2016,,,,,,,,,,,,,,,,,,,,,,,,,
1609,21025,KY,0,no residential sales in 2016,,,,,,,,,,,,,,,,,,,,,,,,,
1610,17029,IL,0,no residential sales in 2016,,,,,,,,,,,,,,,,,,,,,,,,,
1611,32019,NV,0,no residential sales in 2016,,,,,,,,,,,,,,,,,,,,,,,,,
1612,20069,KS,0,no residential sales in 2016,,,,,,,,,,,,,,,,,,,,,,,,,
1613,22043,,0,no residential sales in 2016,,,,,,,,,,,,,,,,,,,,,,,,,
1614,19053,,0,no residential sales in 2016,,,,,,,,,,,,,,,,,,,,,,,,,
1615,08014,CO,0,no residential sales in 2016,,,,,,,,,,,,,,,,,,,,,,,,,
1616,08045,CO,1178,ok,UNACCEPTABLE progressivity,0.8181077821011673,13.199287851958026,0.9843216577048903,0.05356819519872176,18.611455335018967,1.0403739880771024,0.8235152972513873,1.0528105345466097,0.052812198669829585,7.089177788996824e-08,0.013654728840103436,0.012610503927023675,,0.15793001960324612,,,,,0.23145142060912202,,,,,
1617,46103,,0,no residential sales in 2016,,,,,,,,,,,,,,,,,,,,,,,,,
1618,54059,,0,no residential sales in 2016,,,,,,,,,,,,,,,,,,,,,,,,,
1619,26009,,0,no residential sales in 2016,,,,,,,,,,,,,,,,,,,,,,,,,
1620,39151,OH,0,no residential sales in 2016,,,,,,,,,,,,,,,,,,,,,,,,,
1621,18069,IN,322,ok,acceptable (VEI within +/-10),0.8577897448111003,23.466405364610996,1.046439316776258,-0.012223254368281826,-2.3456876307326553,0.8853921732513461,0.7752269977607663,0.9184822816128847,-0.08149832024598946,-7.99345668814047e-07,-0.03666356257318726,-0.03575179840738851,,,0.19849033655076648,0.10668230632386873,0.12335708298220502,0.19165103175415496,,0.17631122195474186,0.1762793363868714,0.17183699728392013,0.20366328716417206,0.20610686937451878
1622,30089,,0,no residential sales in 2016,,,,,,,,,,,,,,,,,,,,,,,,,
1623,37083,NC,0,no residential sales in 2016,,,,,,,,,,,,,,,,,,,,,,,,,
1624,17103,IL,0,no residential sales in 2016,,,,,,,,,,,,,,,,,,,,,,,,,
1625,39025,OH,0,no residential sales in 2016,,,,,,,,,,,,,,,,,,,,,,,,,
1626,55025,WI,0,no residential sales in 2016,,,,,,,,,,,,,,,,,,,,,,,,,
1627,47007,TN,0,no residential sales in 2016,,,,,,,,,,,,,,,,,,,,,,,,,
1628,20009,,0,no residential sales in 2016,,,,,,,,,,,,,,,,,,,,,,,,,
1629,12113,FL,5589,ok,acceptable (VEI within +/-10),0.7057623762376237,35.27862136686337,1.4416084451917544,-0.04589341002451926,-3.5943372670746894,0.5058753335844443,0.11776834340515036,0.3565738813933906,-0.6434182203607047,-7.957968274641712e-08,-0.24156595127455427,-0.30117545009320557,,,,,0.1234283139294726,,,,,0.15955716846920245,,
1630,29205,,0,no residential sales in 2016,,,,,,,,,,,,,,,,,,,,,,,,,
1631,17073,IL,724,ok,acceptable (VEI significance <= 10),0.9735483667017915,14.557061384993782,1.0506018640701351,-0.04726779979020342,-11.997349489239824,0.9122112210093504,0.7455110392127526,0.9025496291864118,-0.09745027299132024,-7.20540191090803e-07,-0.03154833559826131,-0.03736632922510741,,0.17199568974405904,0.2037157925815458,0.23378378829273008,0.20743605795069645,0.18977861700138648,,0.2224347041103379,0.22243435789110932,0.18197940786405858,0.19060001667749357,0.19191017671475746
1632,13121,GA,21855,ok,UNACCEPTABLE progressivity,0.7468852459016393,25.560037563014735,1.0321214700168932,0.041913385642094125,18.869742894302597,0.9754055345479762,0.6510167825140563,1.0005425827903813,0.0005489447705866987,-2.2420726235033704e-09,-0.014023172224409075,-0.02898543405094811,,,0.17427043717498605,,,0.19307095512012634,,,,0.1248666219624241,0.19199911834212832,0.24934456709314964
1633,37087,NC,0,no residential sales in 2016,,,,,,,,,,,,,,,,,,,,,,,,,
1634,31109,NE,4804,ok,acceptable (VEI within +/-10),0.8816540904402583,9.848785870324313,1.0050946297843852,0.011608694818559766,7.050629360900611,0.9819684177225849,0.8330592803202453,0.9884489953136549,-0.01154968745028076,-7.400479099016685e-08,-0.005016473258228071,-0.006007997817517818,,0.12077626611979218,0.07011050762187705,,,0.06892546013267543,0.22139627192197298,0.06064707457335811,0.060645107888151625,0.06415955739776624,0.06845732203439106,0.07182843032553583
1635,54069,WV,338,ok,acceptable (VEI significance <= 10),0.8950693374422187,25.419679043393792,1.130442295044141,-0.06178873128590133,-19.388261594577518,0.8242458747727335,0.42298453394015634,0.8503745566412408,-0.14960526234827617,-8.993244069479579e-07,-0.07253823518193903,-0.09011642017924215,,,,0.24018069978028167,,,,,,0.22706986956983827,,
1636,36001,NY,3080,ok,acceptable (VEI within +/-10),0.8941931077742324,19.97503689888885,1.0305484131750189,-0.013919203713146158,-1.2714694057485818,0.8910272511011282,0.8288945251917935,0.8663611255062834,-0.13363723761995402,-3.615800913155771e-07,-0.029259889117304372,-0.02574036567339455,,0.22186427064948713,0.1678497469920874,0.11127850425903606,0.0555891876712732,0.16550303058260338,,0.20155511245556423,0.20155456564961147,0.16162854957289285,0.16104756736202863,0.15004715078256298
1637,40131,OK,1725,ok,UNACCEPTABLE progressivity,0.886,35.83364216992413,2.7920379917303406,0.06999498921270218,40.39670825788207,0.3362271218062731,-6.955288975601996e-05,0.510080926115206,-0.48989433894136686,-1.8322709855172e-09,-0.49081136500691835,-0.6474566339557737,,,,,,,,,,0.021297181045090124,,
1638,22029,,0,no residential sales in 2016,,,,,,,,,,,,,,,,,,,,,,,,,
1639,28035,MS,376,ok,acceptable (VEI within +/-10),0.6259825748257483,31.195143474567978,1.0864912261759183,0.01923426296242326,6.236903408883692,0.7788166662033628,0.3862179892244104,0.6907122024587891,-0.3092842550327284,-6.05736974923859e-07,-0.07222119965922413,-0.08090535927432874,,,,,,,,,,0.17357822320609578,,
1640,54035,,0,no residential sales in 2016,,,,,,,,,,,,,,,,,,,,,,,,,
1641,46021,SD,0,no residential sales in 2016,,,,,,,,,,,,,,,,,,,,,,,,,
1642,51127,VA,0,no residential sales in 2016,,,,,,,,,,,,,,,,,,,,,,,,,
1643,28017,MS,46,skipped (fewer than 100 sales),,,,,,,,,,,,,,,,,,,,,,,,,
1644,08001,CO,0,no residential sales in 2016,,,,,,,,,,,,,,,,,,,,,,,,,
1645,42089,PA,0,no residential sales in 2016,,,,,,,,,,,,,,,,,,,,,,,,,
1646,27107,,0,no residential sales in 2016,,,,,,,,,,,,,,,,,,,,,,,,,
1647,31055,NE,0,no residential sales in 2016,,,,,,,,,,,,,,,,,,,,,,,,,
1648,27121,,0,no residential sales in 2016,,,,,,,,,,,,,,,,,,,,,,,,,
1649,40093,OK,65,skipped (fewer than 100 sales),,,,,,,,,,,,,,,,,,,,,,,,,
1650,20001,KS,67,skipped (fewer than 100 sales),,,,,,,,,,,,,,,,,,,,,,,,,
1651,22075,,0,no residential sales in 2016,,,,,,,,,,,,,,,,,,,,,,,,,
1652,34025,NJ,0,no residential sales in 2016,,,,,,,,,,,,,,,,,,,,,,,,,
1653,17071,IL,0,no residential sales in 2016,,,,,,,,,,,,,,,,,,,,,,,,,
1654,48253,TX,121,ok,acceptable (VEI within +/-10),0.8190722076814666,32.567127130083804,1.0742044972216374,0.006726129061177401,-0.15949238135726995,0.8380494233174114,0.6517342841089492,0.8492576193649515,-0.15073316327321062,-1.344337161636535e-06,-0.05481713954755563,-0.05894895848879034,,,0.22526270122333306,0.09220869123827596,0.013967780224522754,0.23298683508815093,,0.23954839325603058,0.23954244099348315,0.21895855488034113,0.22223736242446232,0.22614103985634992
1655,01073,AL,11513,ok,UNACCEPTABLE regressivity,0.973,25.5939452908233,1.147088785844293,-0.09418134554153945,-26.389233265497825,0.8287734693776234,0.5476576311525404,0.76731667723166,-0.23268270784365822,-3.7489351549236324e-07,-0.07432835573371732,-0.08229075206917758,,,,,,,,,,0.24161726635703906,,
1656,17079,IL,0,no residential sales in 2016,,,,,,,,,,,,,,,,,,,,,,,,,
1657,53021,,0,no residential sales in 2016,,,,,,,,,,,,,,,,,,,,,,,,,
1658,01047,,0,no residential sales in 2016,,,,,,,,,,,,,,,,,,,,,,,,,
1659,19081,,0,no residential sales in 2016,,,,,,,,,,,,,,,,,,,,,,,,,
1660,17057,IL,0,no residential sales in 2016,,,,,,,,,,,,,,,,,,,,,,,,,
1661,37123,,0,no residential sales in 2016,,,,,,,,,,,,,,,,,,,,,,,,,
1662,29151,,0,no residential sales in 2016,,,,,,,,,,,,,,,,,,,,,,,,,
1663,05135,,0,no residential sales in 2016,,,,,,,,,,,,,,,,,,,,,,,,,
1664,08029,CO,601,ok,acceptable (VEI within +/-10),0.8219925093632959,20.52736455918234,1.0317413680353877,0.0031136949981803133,1.4306771488902383,0.9201781427391384,0.6079450862415365,0.9296464870747294,-0.07035083624311433,-3.891773251876108e-07,-0.023659351237323323,-0.027832225944777855,,0.2250131297776061,0.1702641418171582,,,0.15343909939382608,,0.17176179940437233,0.1717640560658454,0.13687353941746505,0.15282934616683957,0.15034083129353892
1665,39057,OH,2092,ok,acceptable (VEI significance <= 10),0.8784823159399571,13.277560796482316,1.0219043449840428,-0.024135927960402353,-10.56246287197111,0.9492132544650494,0.8390984186116243,0.9350210517460472,-0.06497672444939179,-2.7850563926880673e-07,-0.01585620266915,-0.014224305703196327,,0.15480507851390835,0.14241999499321722,0.1426920644706505,0.16117687901412883,0.1436935001169843,0.24044941735688585,0.14370433175801567,0.14370170500817042,0.1410405204285176,0.14340215122586142,0.13685587947842517
1666,22009,,0,no residential sales in 2016,,,,,,,,,,,,,,,,,,,,,,,,,
1667,54015,,0,no residential sales in 2016,,,,,,,,,,,,,,,,,,,,,,,,,
1668,16063,,0,no residential sales in 2016,,,,,,,,,,,,,,,,,,,,,,,,,
1669,01055,AL,758,ok,acceptable (VEI significance <= 10),0.9917320028510335,42.12745620169591,1.234865537504647,-0.09115813664775979,-35.411940753011606,0.7481091525711544,0.21367198854844516,0.7619615622656827,-0.23803553108104106,-9.242301872605743e-07,-0.10938730820030007,-0.13544566555941784,0.20536552597203037,,,,,,,,,0.23676998657957865,,
1670,34005,NJ,0,no residential sales in 2016,,,,,,,,,,,,,,,,,,,,,,,,,
1671,31095,NE,0,no residential sales in 2016,,,,,,,,,,,,,,,,,,,,,,,,,
1672,47149,TN,3902,ok,acceptable (VEI within +/-10),0.8030121575031754,10.0551181367326,1.0018478043198198,0.0322058890511823,8.826343182376126,0.9988752948303331,0.6595693027390167,0.9836997469220919,-0.01629895444938616,-1.729474830100768e-08,-0.00022438989898887485,0.0016883740361074429,,0.12166272000378997,0.03852595658466905,,,0.015416173148347478,,0.05062209707656806,0.05062068231517823,0.03190231152777525,0.014624440215620553,
1673,01107,AL,36,skipped (fewer than 100 sales),,,,,,,,,,,,,,,,,,,,,,,,,
1674,48205,,0,no residential sales in 2016,,,,,,,,,,,,,,,,,,,,,,,,,
1675,49049,UT,9006,ok,acceptable (VEI within +/-10),0.8368232154936988,14.251612176474456,1.0150209064329505,0.011025890448750278,2.389169951216055,0.9043725153849762,0.7574940216122582,0.8801823929537261,-0.11981694937177638,-1.0888761553616822e-07,-0.020516169779950744,-0.01960624156870261,,0.1654363011303235,0.12117581683237134,,,0.12458315306305265,,0.1422431336512195,0.14224272617794587,0.10159512780947669,0.12156325643644439,0.12088231744991774
1676,36067,NY,5248,ok,acceptable (VEI significance <= 10),0.9541234794427456,15.813863189016965,1.0447197380103732,-0.0498224401816066,-10.216537510240894,0.9021427475485698,0.6998336310799129,0.8828989042594193,-0.11710101073028215,-2.5241136118514524e-07,-0.03205394575631826,-0.03230133763076504,,0.18386918145873568,0.1936042663304985,0.20022613185285287,0.18682042185594624,0.17934167128557887,,0.19525543788602306,0.19525527363075595,0.1524132886864302,0.17921441812187372,0.1832317087458209
1677,04025,,0,no residential sales in 2016,,,,,,,,,,,,,,,,,,,,,,,,,
1678,37009,,0,no residential sales in 2016,,,,,,,,,,,,,,,,,,,,,,,,,
1679,17077,IL,0,no residential sales in 2016,,,,,,,,,,,,,,,,,,,,,,,,,
1680,27075,MN,191,ok,acceptable (VEI within +/-10),0.870446735395189,15.77502134967676,1.0013279692861943,0.015610982252926052,1.3906454391944036,1.0166934064398783,0.884037445805462,0.9849278911544541,-0.015071111644924386,-1.1939280909149546e-08,0.005994599486013774,0.007599929960284468,,0.17344990816731876,0.018247674766082418,,0.11652889999490613,,0.22610147654220533,0.08465721419802086,0.08464638518421196,0.015436854318894161,,
1681,24025,MD,102,ok,acceptable (VEI within +/-10),0.9598584893160317,4.04130171575852,1.0023714149399272,-0.011960556651907638,-4.403031856080828,0.9874898410073674,0.9665192671500964,0.9726052558888992,-0.0273947427222101,-4.1690497810024874e-08,-0.0025503627164402687,-0.001397358141422167,,0.053217171929601424,0.02602934009637011,0.0741481433434288,0.09620635366051411,0.03241537069870011,0.08011990805668937,0.04233909922661015,0.042338685176128175,0.02514890728975886,0.03304161219438748,0.034399220658578436
1682,06075,CA,0,no residential sales in 2016,,,,,,,,,,,,,,,,,,,,,,,,,
1683,51029,VA,0,no residential sales in 2016,,,,,,,,,,,,,,,,,,,,,,,,,
1684,22099,LA,408,ok,acceptable (VEI within +/-10),0.8566666666666667,32.15791120209924,1.341173274250117,-0.03019166972989628,-3.0301765133363348,0.707378526035077,0.13919321525757658,0.7689858940457125,-0.23099877576714886,-4.329460106670723e-07,-0.1578030910792474,-0.2375672689099928,,,,0.24023125667089137,0.17098412631386212,,,,,0.16863917892132735,,
1685,48439,TX,26246,ok,UNACCEPTABLE progressivity,0.87546731268546,15.549700395088543,1.0105065907433328,0.03608122923093358,16.410646134750884,0.9744506191016569,0.8377937098510201,0.9918799476735781,-0.008116965719206969,-3.63869863318875e-09,-0.009328589045111135,-0.009597260542439923,,0.18144015297416405,0.11449625806245545,,,0.10315802822490426,0.18251128282923185,0.0544427702114531,0.05443018263621346,0.08711163283296999,0.10563035387477848,0.11263785094701209
1686,39003,OH,0,no residential sales in 2016,,,,,,,,,,,,,,,,,,,,,,,,,
1687,21111,,0,no residential sales in 2016,,,,,,,,,,,,,,,,,,,,,,,,,
1688,45027,SC,283,ok,acceptable (VEI within +/-10),0.8860759493670886,21.974894973266352,1.0227484135480942,0.013636074872670892,6.831887755102038,0.956966994581899,0.8201616011208535,0.9771171326300846,-0.022878660845891807,-2.63242447235818e-07,-0.01622554366194051,-0.023578531991368168,,0.2406769328114537,0.11677338812283528,,,0.15717016430841824,0.22192188342497307,0.122639331694317,0.12261906731954839,0.10847884875909834,0.15114111522730297,0.1568122302306517
1689,01043,,0,no residential sales in 2016,,,,,,,,,,,,,,,,,,,,,,,,,
1690,22065,LA,60,skipped (fewer than 100 sales),,,,,,,,,,,,,,,,,,,,,,,,,
1691,41069,OR,24,skipped (fewer than 100 sales),,,,,,,,,,,,,,,,,,,,,,,,,
1692,22069,,0,no residential sales in 2016,,,,,,,,,,,,,,,,,,,,,,,,,
1693,19115,IA,0,no residential sales in 2016,,,,,,,,,,,,,,,,,,,,,,,,,
1694,21227,,0,no residential sales in 2016,,,,,,,,,,,,,,,,,,,,,,,,,
1695,18137,IN,390,ok,acceptable (VEI significance <= 10),0.9430649846726692,27.754634342376402,1.0795347548376133,-0.014056776402461335,-19.170933500631175,0.7935114711758947,0.6993132662667356,0.906314039976623,-0.09366381538854447,-1.4962733291123537e-06,-0.06662301291284911,-0.06819217275320377,,,0.231062822173524,0.20101157635682582,,,,0.23711145257570418,0.23713136262671883,0.23141580629868128,0.24252064792974531,0.23290786341256628
1696,16075,,0,no residential sales in 2016,,,,,,,,,,,,,,,,,,,,,,,,,
1697,17169,IL,0,no residential sales in 2016,,,,,,,,,,,,,,,,,,,,,,,,,
1698,29021,,0,no residential sales in 2016,,,,,,,,,,,,,,,,,,,,,,,,,
1699,17129,,0,no residential sales in 2016,,,,,,,,,,,,,,,,,,,,,,,,,
1700,51540,VA,569,ok,acceptable (VEI within +/-10),0.9218562874251497,12.214252413962926,1.1760043284946622,-0.029394860634145783,-1.8839692255281928,0.7952979448238316,0.4961183902077416,0.9045680754241561,-0.0954315673804013,-5.917549058322592e-09,-0.0987327282549777,-0.12114585209128426,,0.15090077732797613,,0.1640670976325133,0.08078355016214413,,,0.14577453417270056,0.14577343485743413,0.1643113603833504,,
1701,05005,,0,no residential sales in 2016,,,,,,,,,,,,,,,,,,,,,,,,,
1702,17035,IL,0,no residential sales in 2016,,,,,,,,,,,,,,,,,,,,,,,,,
1703,12089,FL,3187,ok,acceptable (VEI within +/-10),0.718576,41.76998472047827,1.162808961110201,0.002596023244678813,-4.142283425198523,0.8318428292197804,0.49929314197369395,0.5174689873026884,-0.4825325713703951,-4.651620181873834e-08,-0.07482056789741964,-0.07321250017564629,,,,,0.16976649293746893,,,,,0.22257319798489808,,
1704,54011,,0,no residential sales in 2016,,,,,,,,,,,,,,,,,,,,,,,,,
1705,40021,OK,595,ok,UNACCEPTABLE progressivity,0.7706555555555555,37.5079180886242,1.0671137429706472,0.08995695969375951,46.43462388521027,0.8576260552006355,0.418135269888333,0.9824153622448285,-0.017466583769227502,-5.858491736828913e-07,-0.05297065821263036,-0.07468052823038107,,,0.22517791704264364,,,,,0.17927091183106345,0.17955869148439713,0.19773818601626458,,
1706,48099,TX,726,ok,acceptable (confidence intervals overlap),0.8164818807103993,18.708460038052575,1.0364164683997987,-0.031850414713871136,-19.94377362847106,0.8804172201906014,0.7807876686827541,0.8804091141288855,-0.11958885803450077,-4.6818713389831824e-07,-0.03595825557076204,-0.03721618390925241,,0.22016369550240403,0.17799066502152874,0.17909407967664345,0.23899676959180355,0.19157191075985494,,0.18801503514535492,0.18801391287752975,0.1646941308371279,0.1881865277690267,0.18585176698987438
1707,47043,TN,0,no residential sales in 2016,,,,,,,,,,,,,,,,,,,,,,,,,
1708,17119,IL,0,no residential sales in 2016,,,,,,,,,,,,,,,,,,,,,,,,,
1709,39063,OH,1217,ok,acceptable (VEI within +/-10),0.8666,17.82122862313574,1.0341067882231465,-0.013328853420717263,-3.0493755546939156,0.9220961812881943,0.7279066859677102,0.9256061368931382,-0.07439187448930702,-3.2395026766224e-07,-0.026019150863790363,-0.02713115646372155,,0.2036339993917366,0.17796190675229445,0.13126670171055205,0.09937250905832856,0.17348742533407902,,0.1693913268503026,0.16938945186539459,0.14291339792519472,0.1715998532987105,0.16457407129845136
1710,13093,GA,69,skipped (fewer than 100 sales),,,,,,,,,,,,,,,,,,,,,,,,,
1711,38077,ND,106,ok,acceptable (VEI within +/-10),0.8624251190928877,14.43311370759289,1.009167404066549,-0.01563920850188903,6.283542004594597,0.9997661799312769,0.870591607264847,0.9594603904267476,-0.040539619112223424,-1.518155187125298e-07,-7.510539176536213e-05,0.003157549427046269,,0.15307374008583158,0.0626314293923589,0.15808942010862148,0.1818565478016181,0.0065613172519248045,0.15600824996549797,0.1523509738281289,0.15234619178461953,0.11164724849541367,0.006234875150882604,
1712,04003,,0,no residential sales in 2016,,,,,,,,,,,,,,,,,,,,,,,,,
1713,04005,AZ,2577,ok,acceptable (VEI significance <= 10),0.6747960784313726,15.044380866783229,1.0368435475060727,0.037606720832734794,14.198667627437672,0.9629432114056549,0.4745683515962206,1.0206035117430272,0.02060807174348962,-4.078204184506496e-09,-0.01552976580746157,-0.02875703738754698,,0.1766559715147016,0.21309961357686616,,,0.1325259877749266,,,,0.091287522888594,0.1275517811706646,0.17282011542336104
1714,13263,GA,37,skipped (fewer than 100 sales),,,,,,,,,,,,,,,,,,,,,,,,,
1715,41057,OR,763,ok,acceptable (VEI within +/-10),0.9261935483870968,17.828997934900492,1.0215727025179768,-0.011404662781346785,-8.331035002179991,0.9699825590609281,0.8842310999390494,0.9233296876078367,-0.07667022255643875,-2.0934078555336716e-07,-0.00933089991498015,-0.007826622024653895,,0.210477760981241,0.14737483514469885,0.10607410621246104,0.17079107305626526,0.1155810801321183,0.1862380838445652,0.16219772188722173,0.16219757580267166,0.1482956436365561,0.11063602170498602,0.0893310300877379
1716,13309,GA,38,skipped (fewer than 100 sales),,,,,,,,,,,,,,,,,,,,,,,,,
1717,40079,OK,632,ok,acceptable (VEI within +/-10),0.7982772946859904,43.990307711094566,1.2888974860412987,-0.043851488200673944,3.8325384454281224,0.6831010455905699,0.13555502596844693,0.7709319399625434,-0.2289512582816285,-9.214038578341766e-07,-0.14930968313616932,-0.20125341852559786,,,,,,,,,,0.19764152863870638,,
1718,27095,,0,no residential sales in 2016,,,,,,,,,,,,,,,,,,,,,,,,,
1719,31037,NE,0,no residential sales in 2016,,,,,,,,,,,,,,,,,,,,,,,,,
1720,48465,TX,366,ok,acceptable (VEI within +/-10),0.913878511199176,19.98061478596158,1.0371859137112294,0.015194435660984865,2.2425697211311757,0.8892675980904565,0.6835152275418663,0.9604079387930218,-0.03958596877987172,-5.215734986681474e-07,-0.036300018377183774,-0.045525561966375916,,0.21525441039210222,0.17309270788385062,,,0.20512216682863355,,0.16218586249314498,0.16216476555325662,0.1622339713404583,0.1943147288629629,0.20650048792597783
1721,41025,OR,88,skipped (fewer than 100 sales),,,,,,,,,,,,,,,,,,,,,,,,,
1722,28159,MS,15,skipped (fewer than 100 sales),,,,,,,,,,,,,,,,,,,,,,,,,
1723,29169,,0,no residential sales in 2016,,,,,,,,,,,,,,,,,,,,,,,,,
1724,06055,CA,0,no residential sales in 2016,,,,,,,,,,,,,,,,,,,,,,,,,
1725,21189,,0,no residential sales in 2016,,,,,,,,,,,,,,,,,,,,,,,,,
1726,48127,TX,30,skipped (fewer than 100 sales),,,,,,,,,,,,,,,,,,,,,,,,,
1727,24027,MD,1388,ok,acceptable (VEI within +/-10),0.9553942799214892,3.734602171563969,1.002351532422556,-0.002040568835697272,-0.3566417770340447,0.9919913706770488,0.9495645239066327,0.9921322421619841,-0.007867662775739631,-2.4931729784095807e-09,-0.002364684023552721,-0.002730969516179238,,0.045946130333088024,0.050852474837111805,0.05005747596671332,0.019955953069716106,0.05776690594722204,0.1954555012002634,0.049714634349394174,0.04971435337738789,0.0497466351898159,0.05784799722592306,0.05373012065020349
1728,17087,IL,0,no residential sales in 2016,,,,,,,,,,,,,,,,,,,,,,,,,
1729,41019,OR,1545,ok,UNACCEPTABLE regressivity,0.9436707317073171,16.462774472133166,1.0408972635651217,-0.054646767709017524,-21.20429240575012,0.8997427711569791,0.8586890571052894,0.8744289921200167,-0.12557110256543358,-2.35557086449179e-07,-0.031142517636459033,-0.03050478231797582,,0.1914817151032738,0.1855688685187257,0.19630213418944503,,0.1804902431763742,0.1974544070301034,0.1924341154743298,0.19243410370334027,0.1789983610705468,0.18025201014650186,0.18096348036001272
1730,18097,IN,10168,ok,acceptable (VEI within +/-10),0.9098190015004587,16.75270755781367,1.046356454456095,-0.02145214936446224,-1.382050757925103,0.889785089241227,0.6767166187660282,0.9043967136871616,-0.09560170047977153,-9.910264525820343e-08,-0.03795582710387113,-0.04115753962758384,,0.19342025297091964,0.20210756084410605,0.13964955195992876,0.07546383971793637,0.20101797334327562,,0.18019492679562576,0.18019226879164899,0.15890992731032927,0.20100208002904407,0.21610604185599597
1731,55007,WI,567,ok,acceptable (VEI within +/-10),0.9935275080906149,15.10732293511678,1.03308933439784,-0.01601768356679009,-1.0785270815814323,0.9597323977472875,0.8864293301595843,0.9537899814455418,-0.046208562331638975,-2.9380787510712974e-07,-0.01650452832433369,-0.02092424210238697,0.1519219701653755,0.17589732782044,0.1764628593199518,0.15896222266239501,0.09338841289786992,0.1521410588814598,0.22621850172584895,0.19999950555321672,0.19999226894858227,0.17131829251576136,0.15350601270936987,0.17001884865580208
1732,31159,NE,0,no residential sales in 2016,,,,,,,,,,,,,,,,,,,,,,,,,
1733,06033,CA,0,no residential sales in 2016,,,,,,,,,,,,,,,,,,,,,,,,,
1734,36101,NY,1093,ok,UNACCEPTABLE regressivity,1.0,22.74674138854981,1.090381862486545,-0.07660185196130027,-29.393383639701497,0.8846752589226159,0.8151985797531577,0.8608813218772569,-0.13912014648302387,-6.797200274257938e-07,-0.04811139529539177,-0.04792834305386107,0.0,,,,,,,,,0.2499230236564695,,0.23392992263371265
1735,21105,,0,no residential sales in 2016,,,,,,,,,,,,,,,,,,,,,,,,,
1736,54005,WV,101,ok,UNACCEPTABLE regressivity,1.0421052631578946,56.335288546160086,1.4079665543587518,-0.27035754564143394,-81.59212024319939,0.7608796947665646,0.6819963334929835,0.6766733072280356,-0.323327827127579,-4.569445966030731e-06,-0.11572266678244958,-0.11468131827293648,0.2180766080063347,,,,,,,,,,,
1737,47003,TN,944,ok,acceptable (VEI within +/-10),0.9209232363259593,17.228692260634105,1.0400401973052442,-0.020749788354054846,-3.096417146966958,0.938157846568374,0.675890463832573,0.9314763060425267,-0.06852326231683085,-1.4807099634488475e-07,-0.022924167462724077,-0.024983197358782405,,0.20000500048040482,0.18144629344704874,0.16294390247118734,0.119233890706063,0.15850067363984638,0.23988038982285026,0.18621144623703312,0.1862128243539571,0.14413521186102002,0.15674929648789154,0.16243565253541983
1738,12101,FL,18539,ok,UNACCEPTABLE regressivity,0.7347313084112149,37.77876229800764,24.493561215126224,-0.1229411514845581,-113.60352240285499,0.19190978542907117,-0.000526788513134616,-0.06028480305764098,-1.0602889155767834,-8.84337769620559e-09,-0.7438426670211145,-0.9427596265724176,,,,,,,,,,0.08238608277912025,,
1739,30077,,0,no residential sales in 2016,,,,,,,,,,,,,,,,,,,,,,,,,
1740,35009,NM,552,ok,UNACCEPTABLE progressivity,0.8366935828514777,29.215241728183315,1.040322133506096,0.12126840530030095,44.5662469979901,0.8859891360456815,0.2602277822302819,0.9411692248968248,-0.05880904176277074,-2.3468549115394095e-07,-0.037867044221268076,-0.0608743523085189,,,0.18565896558727438,,,0.2449645194696167,,0.2441233972981468,0.24402332727363152,0.12602448461944854,0.21166653664087498,0.24940824445798998
1741,40121,OK,534,ok,acceptable (confidence intervals overlap),0.7961790505675954,35.73653476082038,1.5847056705420535,-0.029731115953037266,10.674497017612946,0.6392519585274924,0.01809384726250613,0.7644073250206037,-0.23556288037456075,-5.284861763058098e-08,-0.2213373285645832,-0.34605881563467844,,,,0.2162931144211534,,,,,,0.0791525762261234,,
1742,19141,IA,0,no residential sales in 2016,,,,,,,,,,,,,,,,,,,,,,,,,
1743,55043,WI,0,no residential sales in 2016,,,,,,,,,,,,,,,,,,,,,,,,,
1744,37177,NC,0,no residential sales in 2016,,,,,,,,,,,,,,,,,,,,,,,,,
1745,05021,,0,no residential sales in 2016,,,,,,,,,,,,,,,,,,,,,,,,,
1746,55078,WI,0,no residential sales in 2016,,,,,,,,,,,,,,,,,,,,,,,,,
1747,06027,CA,0,no residential sales in 2016,,,,,,,,,,,,,,,,,,,,,,,,,
1748,06025,CA,0,no residential sales in 2016,,,,,,,,,,,,,,,,,,,,,,,,,
1749,21155,,0,no residential sales in 2016,,,,,,,,,,,,,,,,,,,,,,,,,
1750,25005,MA,0,no residential sales in 2016,,,,,,,,,,,,,,,,,,,,,,,,,
1751,20079,KS,231,ok,acceptable (VEI within +/-10),0.9994,17.212091199101536,1.026952618732544,-0.005635785078936943,4.058187365066872,0.9222398694551958,0.910981182067098,0.9445986425408082,-0.05540051354044768,-7.433674342526936e-07,-0.023938859513870536,-0.026280513934419325,0.058629428780742475,0.19550603719735232,0.1653374954137976,0.13755702433808648,,0.1397899482142211,0.13522455831204835,0.16211797153354976,0.16211944376457202,0.16475353845879961,0.13896129738765098,0.1375909344443992
1752,26121,MI,0,no residential sales in 2016,,,,,,,,,,,,,,,,,,,,,,,,,
1753,13217,GA,2239,ok,acceptable (VEI within +/-10),0.766044142614601,34.75709437737425,1.3325953561624895,-0.04253519509029296,4.005346550592197,0.40738056519568133,0.08828368313872939,0.21526534924563384,-0.7847301759863877,-6.691803335015467e-07,-0.24351124088836995,-0.29013921637667517,,,,,,,,,,0.20291267805626975,,
1754,18011,,0,no residential sales in 2016,,,,,,,,,,,,,,,,,,,,,,,,,
1755,19107,,0,no residential sales in 2016,,,,,,,,,,,,,,,,,,,,,,,,,
1756,19145,,0,no residential sales in 2016,,,,,,,,,,,,,,,,,,,,,,,,,
1757,54093,WV,53,skipped (fewer than 100 sales),,,,,,,,,,,,,,,,,,,,,,,,,
1758,20161,,0,no residential sales in 2016,,,,,,,,,,,,,,,,,,,,,,,,,
1759,55083,WI,1115,ok,acceptable (VEI within +/-10),0.9914285714285714,15.095321401754289,1.0364150955658626,-0.015717394672691107,-3.6273414168170257,0.9246363114258551,0.8673582592173003,0.9470317416878056,-0.052965869601089365,-5.829714939977835e-07,-0.027543433560206054,-0.03241501436257366,0.18790866360122171,0.179934166676115,0.18281249511105316,0.16422885286960542,0.13448461023980082,0.1831128508070699,0.22262680884981445,0.18989904350629178,0.18989575841397532,0.18077569842281882,0.18247957272326662,0.17486082173603312
1760,37017,,0,no residential sales in 2016,,,,,,,,,,,,,,,,,,,,,,,,,
1761,05099,,0,no residential sales in 2016,,,,,,,,,,,,,,,,,,,,,,,,,
1762,22093,LA,149,ok,acceptable (VEI significance <= 10),0.95,12.429922550474032,0.9692237428814119,0.041062018302749,15.220483641536271,1.0866209728702019,0.9561072198020842,1.0453841129146129,0.04538525481059833,4.423374210265506e-07,0.030884327500314557,0.03520475370535392,,0.15877745133155086,,,,,0.19886855875481493,,,,,
1763,28099,,0,no residential sales in 2016,,,,,,,,,,,,,,,,,,,,,,,,,
1764,34023,NJ,0,no residential sales in 2016,,,,,,,,,,,,,,,,,,,,,,,,,
1765,55021,WI,571,ok,acceptable (VEI within +/-10),0.9602150537634409,12.34545192481911,1.0133952762416572,-0.002744258954152293,-1.756935025422267,0.9504992390668846,0.9043542121657128,0.963460130884218,-0.03653903594184124,-1.9822761497952637e-07,-0.014229322851222026,-0.014404488352157907,,0.150647601473311,0.09808242271980067,0.04686739473541043,0.04930920834757474,0.10559380109177435,0.1937922678023651,0.10712368173945973,0.10712249215691325,0.09693151652402059,0.10420681664117853,0.10303416571202985
1766,17047,,0,no residential sales in 2016,,,,,,,,,,,,,,,,,,,,,,,,,
1767,45049,SC,97,skipped (fewer than 100 sales),,,,,,,,,,,,,,,,,,,,,,,,,
1768,18061,IN,605,ok,UNACCEPTABLE progressivity,0.9219277108433735,22.1140166882847,1.0481606056389074,0.025027513026754874,29.023280898753576,0.8754176285342793,0.6105724958707871,1.0128938689430567,0.012909396922363115,-5.37404700595601e-07,-0.04458109641239316,-0.054542178354635595,,0.22611680941021983,0.191708386297164,,,0.22456574124400092,,,,0.15964238040166281,0.22478607280579826,0.22495117597378997
1769,45091,SC,4887,ok,acceptable (VEI within +/-10),0.888,12.80592043567884,1.0039121406189737,0.002132894037685192,-1.455259607433517,1.016512189862515,0.853214496848413,0.9803823262173532,-0.01961700704002771,-3.4443892737716065e-08,0.005409679692974345,0.0060874582312415715,,0.15370780932655395,0.053439249014680716,,0.06411146239068828,,0.23923672380563946,0.09670741386152204,0.09670512767231329,0.04832013205444228,,
1770,46033,SD,0,no residential sales in 2016,,,,,,,,,,,,,,,,,,,,,,,,,
1771,05039,,0,no residential sales in 2016,,,,,,,,,,,,,,,,,,,,,,,,,
1772,48115,TX,54,skipped (fewer than 100 sales),,,,,,,,,,,,,,,,,,,,,,,,,
1773,40153,OK,150,ok,acceptable (VEI significance <= 10),0.8001715408805032,29.405224047349755,1.1693866941057285,0.01574357619262979,25.244316659282003,0.8124119701837358,0.11479681320040656,0.865441068315433,-0.13454917368962765,-2.0010442638514934e-07,-0.0831216020515837,-0.13004044065959985,,,,,,,,,,0.09909494905928146,,
1774,19103,IA,1653,ok,acceptable (VEI within +/-10),0.9151186053158045,7.05073020149221,0.9994378377429507,0.013008994165458991,2.4363658774879466,1.0064871296858047,0.9123108807921695,0.995948189010234,-0.00405140139706689,6.70951392778743e-09,0.001716891902379336,0.0023474696054262,,0.090292838684839,,,,,0.14278853954162285,0.02520716913618524,0.0252054420952455,,,
1775,18049,IN,371,ok,acceptable (VEI significance <= 10),0.9321364452423698,31.10536808232739,1.140254789424687,-0.04879911405239427,-17.246133254162572,0.7873445520920965,0.6149098223809577,0.8783314228789446,-0.12163351617870864,-1.4587245321171082e-06,-0.08828259084044188,-0.10078313482827461,,,,,,,,,,,,
1776,47109,TN,385,ok,acceptable (VEI within +/-10),0.9857455223256425,30.479658300450826,1.113989176080161,-0.03252871507422604,-7.519620132388837,0.8529265208470775,0.6423587762644324,0.8546524145675556,-0.1453433356541226,-1.459936266169308e-06,-0.06277427097975652,-0.07929207408059158,0.22013459829477713,,,0.20702691785409172,0.18372377519884284,,,,,,,
1777,13205,GA,165,ok,acceptable (confidence intervals overlap),1.0431515151515152,43.08992549152421,2.359841334319454,-0.06887978152335604,-11.539360689662802,0.6647551018344051,0.10475022497270031,0.7914570436150438,-0.20854351465239673,-6.011792501471111e-08,-0.26549118258192794,-0.47406770889369176,,,,,0.22969222181316978,,,,,0.13490737630851796,,
1778,41043,OR,2180,ok,acceptable (VEI within +/-10),0.9425949812382739,11.738548838446256,1.0165968215900725,-0.01756454445342993,-4.462150091185864,0.9415005853305877,0.8177545580231412,0.9341700750290804,-0.06582950278948897,-2.0785226608619186e-07,-0.01497639572912024,-0.015273859934702205,,0.14135932248293664,0.12745152192368506,0.10979162162113039,0.13171874777967352,0.11248457193712555,0.24094093650164447,0.12800493323387435,0.12800476069162067,0.11477926778588751,0.11150469126307427,0.11344825301607236
1779,31119,NE,0,no residential sales in 2016,,,,,,,,,,,,,,,,,,,,,,,,,
1780,05093,,0,no residential sales in 2016,,,,,,,,,,,,,,,,,,,,,,,,,
1781,40029,OK,35,skipped (fewer than 100 sales),,,,,,,,,,,,,,,,,,,,,,,,,
1782,53067,WA,4661,ok,acceptable (VEI significance <= 10),0.8421394675024878,12.03307446486102,1.001112218022679,0.05389342027071111,12.270214399612287,1.006764977771589,0.774686994494024,1.0032121160755751,0.003212979254868668,-1.188981179533966e-08,0.0014761401216663028,0.0012038779692836732,,0.14342824523522768,0.03532192058771594,,,,0.2332352365404775,,,0.03146710127863007,,
1783,13053,GA,27,skipped (fewer than 100 sales),,,,,,,,,,,,,,,,,,,,,,,,,
1784,40085,OK,88,skipped (fewer than 100 sales),,,,,,,,,,,,,,,,,,,,,,,,,
1785,22007,LA,170,ok,acceptable (VEI within +/-10),0.899438202247191,18.23741856621479,1.038406459346295,-0.012222080990794014,-1.2523250929454888,0.9405116085250083,0.7011716978111181,0.9474948636793759,-0.052502633089089916,-4.6462487196274683e-07,-0.021408121546651726,-0.02637579496723874,,0.21760775948937716,0.18824715374437392,0.1328726154586517,0.06771594640310605,0.1838611571511832,,0.2017279765608124,0.20173611446132328,0.13015907589136377,0.17970856051423523,0.193791530461777
1786,29119,MO,135,ok,acceptable (confidence intervals overlap),0.5787259615384616,47.465536578109784,1.1521549814188112,0.008813322124054232,24.048465485686584,0.7562545832142842,0.40933326536736375,0.7441433744743559,-0.25582996958230203,-1.2418871836200579e-06,-0.09424463105282399,-0.10139506202949389,,,,,,,,,,0.22404121095311524,,
1787,27159,MN,213,ok,acceptable (VEI within +/-10),0.9010309278350516,20.512425143966894,1.033375027367285,0.005493669047025302,7.563109811167946,0.9447386984478474,0.7281718210118714,0.9582731586678901,-0.041723237987172535,-3.153128059374877e-07,-0.020784998998810478,-0.026741492446783033,,0.22225371573830732,0.1442820306404728,0.09218496050751532,,0.16887193858471083,,0.12454422126714901,0.12457760551605518,0.121674351374377,0.15829088095627378,0.2110661487583463
1788,45073,,0,no residential sales in 2016,,,,,,,,,,,,,,,,,,,,,,,,,
1789,16081,ID,0,no residential sales in 2016,,,,,,,,,,,,,,,,,,,,,,,,,
1790,48499,TX,497,ok,acceptable (VEI significance <= 10),0.8435873166114529,25.151321941245577,1.0094241215391897,0.05061232956462074,11.760714573083904,0.9617948571605296,0.8547794902505172,1.0008353592368067,0.000848127452217374,-1.5336864386815814e-07,-0.012133909816047561,-0.010280812372200243,,,0.09459848212133218,,,0.128764751948266,0.2199192068010542,,,0.0951589944225524,0.12605042076980943,0.12178035474718672
1791,17163,IL,0,no residential sales in 2016,,,,,,,,,,,,,,,,,,,,,,,,,
1792,27057,MN,419,ok,acceptable (VEI within +/-10),0.9526717557251908,17.1916461850692,1.0038669736345618,0.014637856944118777,9.266796551985424,1.0079692974323062,0.949361187824792,0.989329617341858,-0.010670715325765905,-5.2700534935783756e-08,0.0027450560576784966,0.0035313678339736754,,0.19111590828158212,0.057181612306846714,,,,0.12358452601281752,0.08644981766833432,0.08645232165610604,0.05358751709998345,,
1793,19177,,0,no residential sales in 2016,,,,,,,,,,,,,,,,,,,,,,,,,
1794,18057,IN,5635,ok,acceptable (VEI within +/-10),0.8527481542247745,13.257423983191671,1.0060188325818353,0.01725467764974522,6.85143651031803,0.9835067223091343,0.8459555800915094,0.9564806163542203,-0.04351870101577143,-5.4945430982316296e-08,-0.004589935988655869,-0.002210462402271407,,0.15666268412701662,0.08119999507233779,,,0.0756529565890694,0.23083199264777488,0.106415547102321,0.10641453829283858,0.07691775442939695,0.07463840397950489,0.04516118881497619
1795,45021,,0,no residential sales in 2016,,,,,,,,,,,,,,,,,,,,,,,,,
1796,47073,TN,823,ok,acceptable (VEI significance <= 10),0.9975,24.70530845282114,1.0768286841986139,-0.04908252178875875,-21.491824800095483,0.8921215182067311,0.876748669905283,0.8936013038908077,-0.10639690658558824,-1.2331539602990447e-06,-0.04158871560823729,-0.04391675532304529,0.1511349204352001,,0.2427329815688014,0.23490570209508163,,0.21647489458357322,0.22627822329058697,,,0.24163236378786876,0.21041679898126808,0.21758882069619134
1797,37085,NC,0,no residential sales in 2016,,,,,,,,,,,,,,,,,,,,,,,,,
1798,31173,NE,0,no residential sales in 2016,,,,,,,,,,,,,,,,,,,,,,,,,
1799,21067,,0,no residential sales in 2016,,,,,,,,,,,,,,,,,,,,,,,,,
1800,48449,TX,275,ok,acceptable (VEI within +/-10),0.8238855421686747,23.78717771308829,1.037927153553493,0.004053077594140142,4.538886447402861,0.9039853025964535,0.746261662885233,0.8911016649917204,-0.10889561645346897,-4.3692038231706e-07,-0.030395479034606154,-0.03266951378632421,,0.24644455030705537,0.1885170855315863,0.08491229999374944,,0.18183113624187286,,0.208008907421155,0.20800728971031818,0.15806347437425997,0.18602744213008485,0.18665584904517188
1801,06067,CA,0,no residential sales in 2016,,,,,,,,,,,,,,,,,,,,,,,,,
1802,34041,NJ,0,no residential sales in 2016,,,,,,,,,,,,,,,,,,,,,,,,,
1803,01039,,0,no residential sales in 2016,,,,,,,,,,,,,,,,,,,,,,,,,
1804,16005,ID,944,ok,acceptable (VEI within +/-10),0.8831115264990255,13.82487770370236,1.0261556705014778,-0.046586765581488804,-6.784125367048867,0.8741156544255707,0.7687362428344869,0.8686789384438552,-0.13132011622758125,-5.599398703391052e-07,-0.03163554471494345,-0.03093264789746142,,0.1694930608886682,0.16242129901788774,0.1677113456699876,0.1278759183308384,0.165372874463136,0.22681534595433395,0.1692950156710116,0.16929396289418971,0.1356555605430462,0.16512656887224678,0.16401532743490313
1805,20149,,0,no residential sales in 2016,,,,,,,,,,,,,,,,,,,,,,,,,
1806,20173,,0,no residential sales in 2016,,,,,,,,,,,,,,,,,,,,,,,,,
1807,06061,CA,0,no residential sales in 2016,,,,,,,,,,,,,,,,,,,,,,,,,
1808,20023,KS,0,no residential sales in 2016,,,,,,,,,,,,,,,,,,,,,,,,,
1809,28123,,0,no residential sales in 2016,,,,,,,,,,,,,,,,,,,,,,,,,
1810,25001,MA,0,no residential sales in 2016,,,,,,,,,,,,,,,,,,,,,,,,,
1811,05067,,0,no residential sales in 2016,,,,,,,,,,,,,,,,,,,,,,,,,
1812,21151,KY,0,no residential sales in 2016,,,,,,,,,,,,,,,,,,,,,,,,,
1813,13213,GA,415,ok,acceptable (VEI within +/-10),0.8349397590361446,26.50910947716886,1.079787738836769,-0.02889307717391246,-5.640911667697378,0.8861962953187607,0.6195719149962312,0.8805969918104868,-0.11939905889724509,-8.07205782560805e-07,-0.04489410073246991,-0.05272195091964815,,,0.2451693362191812,0.19901830828401904,0.14274726160472237,,,,,0.19925414150919205,0.2444161794403647,0.2426709144202909
1814,49007,UT,262,ok,acceptable (VEI within +/-10),0.8885315282472236,20.65375360693897,1.0407276235398693,-0.005136790406738613,-1.5591706531664826,0.9108267037480635,0.6768765901995331,0.9000709398213164,-0.09992791886793494,-2.8204536396893933e-07,-0.029294270301309266,-0.02938646127328548,,0.23247058732666304,0.19501677758406516,0.06499586048267786,0.0982925571816367,0.1910455958232298,,0.18672691151479925,0.18672480835866656,0.17370792363506055,0.18605108520785643,0.19043682901470035
1815,08069,CO,0,no residential sales in 2016,,,,,,,,,,,,,,,,,,,,,,,,,
1816,18053,,0,no residential sales in 2016,,,,,,,,,,,,,,,,,,,,,,,,,
1817,08101,CO,0,no residential sales in 2016,,,,,,,,,,,,,,,,,,,,,,,,,
1818,33003,NH,0,no residential sales in 2016,,,,,,,,,,,,,,,,,,,,,,,,,
1819,45039,SC,163,ok,UNACCEPTABLE regressivity,1.0254545454545454,50.14149234752179,1.29086771107952,-0.14956012443843866,-78.70202276926553,0.8417520007747334,0.8731197082680807,0.7774671381459985,-0.2225341584049164,-2.4915726051181e-06,-0.08062643073606335,-0.07746850309754372,0.1568445270359958,,,,,,0.19496279784702644,,,,,
1820,19111,IA,0,no residential sales in 2016,,,,,,,,,,,,,,,,,,,,,,,,,
1821,06001,CA,0,no residential sales in 2016,,,,,,,,,,,,,,,,,,,,,,,,,
1822,19033,,0,no residential sales in 2016,,,,,,,,,,,,,,,,,,,,,,,,,
1823,05049,AR,255,ok,acceptable (VEI significance <= 10),0.7366666666666667,56.905711530784586,1.2003569629619515,0.06092395804933453,29.999265327323695,0.7368611508106708,0.3762117473352444,0.8409049528813134,-0.1589627247963569,-2.123413553981617e-06,-0.12022683741128648,-0.1577750044522952,,,,,,,,,,,,
1824,05137,AR,118,ok,acceptable (VEI within +/-10),0.9611809045226131,41.09663857002755,1.121230917044192,-0.0027998583351889618,-6.772704477140265,0.8272590466409745,0.6777541495064926,0.874046607144186,-0.12592275565966862,-2.3228777320865756e-06,-0.06874928270784175,-0.08617395486475243,,,,0.10937781329468875,0.1626234537021176,,,,,,,
1825,13003,GA,44,skipped (fewer than 100 sales),,,,,,,,,,,,,,,,,,,,,,,,,
1826,45087,,0,no residential sales in 2016,,,,,,,,,,,,,,,,,,,,,,,,,
1827,51125,VA,0,no residential sales in 2016,,,,,,,,,,,,,,,,,,,,,,,,,
1828,18133,IN,297,ok,acceptable (VEI significance <= 10),0.7365079365079366,24.160351048592847,1.0282014105310786,0.037420791378366444,12.172665314725805,0.9198496744996559,0.6590399867254408,0.893778238478851,-0.10621892880473657,-4.936412785014467e-07,-0.02097614653864066,-0.021326709227529994,,0.24510275931002282,0.1570342974482908,,,0.14119187550100304,,0.1905638073437546,0.19056718750955656,0.11874770564364126,0.1276207237622979,0.1290404621909648
1829,42133,PA,0,no residential sales in 2016,,,,,,,,,,,,,,,,,,,,,,,,,
1830,12035,FL,3368,ok,acceptable (VEI within +/-10),0.7331022229486761,13.789432994389934,1.0179662379524796,0.00912619951470566,3.3700724513367133,0.9766487930698439,0.49007836922665515,0.9993034524898801,-0.0006896750465195429,-6.480504900537836e-09,-0.009258572571452683,-0.015481480243516588,,0.165274355276093,0.12097670297079703,,,0.10581632927399068,,0.023330832321805415,0.023169569650430797,0.051392747240754676,0.10343433412464938,0.10122980980127011
1831,22085,LA,0,no residential sales in 2016,,,,,,,,,,,,,,,,,,,,,,,,,
1832,26047,MI,464,ok,acceptable (VEI within +/-10),0.9271511971287083,21.44980060508038,1.049017434621974,-0.03301356700128026,-6.100392044188692,0.9181947053769849,0.845346176906242,0.9050275148856902,-0.09497220153592469,-3.696197937982229e-07,-0.030756708361090013,-0.030261167916761478,,0.23400001065125028,0.23429036158844999,0.23338626974981017,0.19667314443819398,0.2107734968489361,,0.2387427886581021,0.23874242323884395,0.20580455195829464,0.20281199472706313,0.18261787531752405
1833,34037,NJ,0,no residential sales in 2016,,,,,,,,,,,,,,,,,,,,,,,,,
1834,17083,IL,0,no residential sales in 2016,,,,,,,,,,,,,,,,,,,,,,,,,
1835,48463,TX,167,ok,acceptable (confidence intervals overlap),0.7666044444444444,33.243473986810805,1.084187659878957,0.05493929592812852,23.587581597715058,0.7587205141631884,0.3857740034253853,0.7505927283569517,-0.24939970647425763,-9.129766996711285e-07,-0.07655586284181282,-0.09675277617916667,,,0.24859563048201483,,,,,,,0.21310485039348726,,
1836,40013,OK,471,ok,acceptable (VEI within +/-10),0.8987232704402516,19.6685139943254,1.02017993761698,0.01061506592342042,2.76294778153449,0.976857078453703,0.8211170907936638,0.9607923372155484,-0.03920423549366878,-1.388731885350117e-07,-0.00888578725245015,-0.011073174365576088,,0.22321986125202004,0.1427721790616478,,,0.11515303648928128,,0.1835442145885019,0.1835421726895001,0.12332655483228558,0.11796823779186909,0.11614936567058447
1837,04012,,0,no residential sales in 2016,,,,,,,,,,,,,,,,,,,,,,,,,
1838,06013,CA,0,no residential sales in 2016,,,,,,,,,,,,,,,,,,,,,,,,,
1839,39161,OH,0,no residential sales in 2016,,,,,,,,,,,,,,,,,,,,,,,,,
1840,55107,WI,219,ok,acceptable (VEI within +/-10),0.95929203539823,21.19663415432675,1.0301009306482694,0.009030506126377272,-4.22319992430693,0.9506693828903978,0.8680351307399684,0.9795003221183127,-0.020492951920028105,-4.0672097533378156e-07,-0.01958150928737279,-0.021507876576937646,,0.24340276455574103,0.16219221261619732,,0.2055748537555898,0.1497974510987879,0.1950824841399134,0.11532572275998901,0.11525965694422367,0.16174207305153115,0.14802492515838908,0.13790072624393657
1841,50023,VT,828,ok,acceptable (VEI significance <= 10),0.9680554180494796,16.47942654772963,1.0354156563408772,-0.033508652702109044,-13.654364793303824,0.9351094418838239,0.8107959277695399,0.9188372733315131,-0.08116297799509001,-2.8494951797402374e-07,-0.021020908750748246,-0.020125177511299386,,0.1948608702477678,0.1696837557955798,0.2074220294873396,,0.15456503694298834,,0.1800916244800614,0.1800927528387537,0.16718052448538354,0.153925641704483,0.15320158195435649
1842,01085,AL,29,skipped (fewer than 100 sales),,,,,,,,,,,,,,,,,,,,,,,,,
1843,54103,,0,no residential sales in 2016,,,,,,,,,,,,,,,,,,,,,,,,,
1844,13177,GA,425,ok,acceptable (VEI within +/-10),0.9544680851063829,11.752598374903506,1.0119370399255703,0.004144750636112686,-2.1998448144075815,0.9374246373479335,0.8856443308602603,0.984330135537172,-0.015669024354636213,-2.488180707470637e-07,-0.017689033615979177,-0.020120619007197194,,0.14206193640818962,0.10604679319365842,,0.08936224093416344,0.12829802040122112,0.17131392068630397,0.09234473290098137,0.09234375423696382,0.10388602596035998,0.1285755137290683,0.11635310652948688
1845,06045,CA,0,no residential sales in 2016,,,,,,,,,,,,,,,,,,,,,,,,,
1846,51079,,0,no residential sales in 2016,,,,,,,,,,,,,,,,,,,,,,,,,
1847,54097,WV,129,ok,acceptable (VEI within +/-10),0.889873417721519,35.24401385134092,1.1172753464102765,-0.011154356904499478,1.6602948238214823,0.8338315817525871,0.5757773563663359,0.8610497645691871,-0.13893808286409376,-1.3801690858920192e-06,-0.06597815068284474,-0.07523225040203974,,,,0.18566911163556607,0.09173419157121818,,,,,,,
1848,05051,AR,0,no residential sales in 2016,,,,,,,,,,,,,,,,,,,,,,,,,
1849,06007,CA,0,no residential sales in 2016,,,,,,,,,,,,,,,,,,,,,,,,,
1850,06091,CA,0,no residential sales in 2016,,,,,,,,,,,,,,,,,,,,,,,,,
1851,35027,,0,no residential sales in 2016,,,,,,,,,,,,,,,,,,,,,,,,,
1852,37127,,0,no residential sales in 2016,,,,,,,,,,,,,,,,,,,,,,,,,
1853,22019,LA,2037,ok,acceptable (VEI significance <= 10),0.707027027027027,35.20231380050482,1.1135217402921669,0.029553612984947304,14.631790204018614,0.8816607238141336,0.29937983729721507,0.8487801821043627,-0.15117946724577724,-8.311477590163144e-08,-0.05130495838671201,-0.07144479708018303,,,,,,,,,,0.17458940895350336,,
1854,21131,KY,45,skipped (fewer than 100 sales),,,,,,,,,,,,,,,,,,,,,,,,,
1855,48139,TX,3251,ok,UNACCEPTABLE progressivity,0.7403015075376884,39.19804064744465,3.789220863158633,0.0281182921607287,25.698970171875434,0.19734129791924931,9.732027991285494e-06,0.22448391820587887,-0.7755111625486039,-1.5696518682613417e-09,-0.6303691751453311,-0.7438503900128086,,,,,,,,,,0.007179105907442703,,
1856,48179,TX,187,ok,acceptable (confidence intervals overlap),0.8739030023094688,27.340978217721958,1.0289614608198356,0.07115252858379979,32.24295480235751,0.8946365037339817,0.6110602410210898,1.0367459394574914,0.03679737311259734,-4.464193639692039e-07,-0.03956077840047323,-0.06321101067652224,,,0.17530470780284402,,,0.23439907442575486,,,,0.13879035554949476,0.2250832263321193,
1857,40083,OK,859,ok,UNACCEPTABLE progressivity,0.8488266666666666,40.61192739242729,1.196396587198095,0.0547055588192618,94.00385973752398,0.7619296876701626,0.05281842406823186,0.8294596270858354,-0.17038048308072037,-1.529922186348681e-07,-0.10894914453203874,-0.15865573312070014,,,,,,,,,,0.13473906184532297,,
1858,54017,,0,no residential sales in 2016,,,,,,,,,,,,,,,,,,,,,,,,,
1859,46059,,0,no residential sales in 2016,,,,,,,,,,,,,,,,,,,,,,,,,
1860,26119,MI,0,no residential sales in 2016,,,,,,,,,,,,,,,,,,,,,,,,,
1861,48249,TX,131,ok,acceptable (VEI within +/-10),0.8038779956427016,35.85376952362007,1.1229147932689072,0.008740707204959489,-3.1727027571174373,0.7030584782248556,0.40979719441067225,0.5716504708932881,-0.42834790699028163,-1.8648656538761814e-06,-0.09467371100387822,-0.10996252760474579,,,,0.1310611188483329,0.10806384002758264,,,,,0.234610943890359,,
1862,39039,OH,624,ok,acceptable (VEI within +/-10),0.8686593406593407,23.340066836656646,1.0562133245999088,0.014368557666539232,5.187598813923704,0.8522636315978483,0.5048038330383042,0.9357651886932774,-0.06422017545639883,-6.65079860835671e-07,-0.049295353525133256,-0.05349953477468361,,,0.20679418513819242,,,0.23050579378796318,,0.16896748767945324,0.16893990679406648,0.15549296207004676,0.24678816967478623,0.23405674106319146
1863,47061,TN,0,no residential sales in 2016,,,,,,,,,,,,,,,,,,,,,,,,,
1864,46073,SD,0,no residential sales in 2016,,,,,,,,,,,,,,,,,,,,,,,,,
1865,26101,MI,0,no residential sales in 2016,,,,,,,,,,,,,,,,,,,,,,,,,
1866,29211,,0,no residential sales in 2016,,,,,,,,,,,,,,,,,,,,,,,,,
1867,18169,IN,327,ok,UNACCEPTABLE regressivity,0.898,24.41000203985042,1.0944716816361053,-0.1350866963307785,-19.515336237039982,0.6735561185334938,0.5517922863571345,0.6487644742304,-0.3512347248729489,-2.2482277191958507e-06,-0.09431010595678502,-0.0969736805182313,,0.2460224226540223,0.24631496413650217,0.23402012443889614,0.22772875807028642,,,,,0.23240956117042166,,
1868,18103,IN,282,ok,acceptable (confidence intervals overlap),0.8243734388062567,32.13461679729336,1.1650986671714914,-0.04476827234582543,-11.4304024016711,0.691447171057137,0.3147803776236841,0.7424722388050013,-0.2574975523314332,-1.4329814090648125e-06,-0.11628807882288084,-0.1436509356137592,,,,0.22153903381167606,0.23781089300830083,,,,,0.22921784767832837,,
1869,13189,GA,221,ok,acceptable (confidence intervals overlap),0.9751948051948052,27.484735070954766,1.0964831382078526,-0.04898188720161397,-16.36206030281315,0.9037691272716459,0.867942175380033,0.9006977411629853,-0.09930235928997612,-9.502972453318713e-07,-0.04227330254576467,-0.043286023854210987,,,,,,0.24315599335059349,0.17035359040245607,,,,0.24361187281020785,0.24619808330071707
1870,26131,,0,no residential sales in 2016,,,,,,,,,,,,,,,,,,,,,,,,,
1871,21207,KY,0,no residential sales in 2016,,,,,,,,,,,,,,,,,,,,,,,,,
1872,31043,NE,0,no residential sales in 2016,,,,,,,,,,,,,,,,,,,,,,,,,
1873,39001,OH,365,ok,acceptable (VEI within +/-10),0.7885714285714286,37.883655199778794,1.2479785800994223,-0.028050312030316035,6.643606950592578,0.7914411779165758,0.20808574526134765,0.8049222161796012,-0.1950634611150353,-7.66274460035873e-07,-0.10910744370251924,-0.1657798736003473,,,,0.20173262243587578,,,,,,0.20545245049537023,,
1874,04023,AZ,581,ok,acceptable (confidence intervals overlap),0.7341466666666666,21.938113581191054,1.005150459129655,0.033621683175302404,16.271210050043692,0.980980487249855,0.7323206089964142,1.023261509778664,0.023278397144122505,-3.887129169733517e-08,-0.007246063812210712,-0.00777830525585177,,0.22877982111361916,0.06821766517786892,,,0.1053570859743331,,,,0.07574707416801889,0.10190771717210498,0.09330224306267004
1875,13159,GA,277,ok,acceptable (VEI significance <= 10),0.8953333333333333,31.27096801318787,1.1678275849530158,-0.06859565852194664,-19.59945478168791,0.8373917946971068,0.559508616947293,0.8531029769226716,-0.14691676968632422,-7.946268999962742e-07,-0.07796198423613299,-0.09559750366570463,,,,,,,,,,0.24085919950415954,,
1876,05143,AR,3197,ok,acceptable (VEI within +/-10),0.8814102564102564,14.695834589591298,1.0351040507610938,0.0022248258937114943,5.299430360033524,0.9201578015489913,0.620713618684471,0.9467633873017021,-0.05323450591434122,-4.996191036564065e-08,-0.027610227449885505,-0.03358374893036564,,0.17522334911484497,0.17759155537469593,,,0.17622314889658927,,0.14559329455671446,0.1455906243025671,0.11438858264025228,0.17527192220379545,0.20200469043360794
1877,19075,,0,no residential sales in 2016,,,,,,,,,,,,,,,,,,,,,,,,,
1878,36117,NY,1014,ok,acceptable (VEI significance <= 10),0.9828941394097368,16.012603944024384,1.07403213448225,-0.07019619734935145,-19.19543781659304,0.8419057083766225,0.5002516338002353,0.8635099350734018,-0.13649036425016742,-1.5583399325124918e-07,-0.0524944140973187,-0.05841954157893814,,0.1875802103524943,,0.2333292524121843,,0.21822354712875058,,0.20813633815815943,0.2081363436483454,0.1444623053750159,0.2192080945153278,0.24635279744651636
1879,48441,TX,1876,ok,acceptable (VEI significance <= 10),0.8449060606060605,19.4556633031156,1.0123443167232122,0.04313160198570956,17.636970626937625,0.9567868084706047,0.7494432523006388,0.9872246000580924,-0.01276716728389834,-1.4366411478329914e-07,-0.013452860292185731,-0.018396950684144375,,0.21452773579796272,0.1204878092599376,,,0.13615916414862178,,0.09036575636198944,0.09032906705941195,0.0956490139229167,0.13275670711976656,0.1533856003320034
1880,02122,AK,600,ok,acceptable (confidence intervals overlap),0.8522553212741999,16.93710550103751,1.015180589973016,0.023140402603443785,12.50463535893525,0.9334100336192139,0.6685662721990986,0.9969468009005258,-0.0030495132027918504,-1.489878965840186e-07,-0.018943453929560317,-0.023505279669198575,,0.19107591332769702,0.11845042644747787,,,0.13245053676130608,,0.052674087129038975,0.05266251527232343,0.0913588229821661,0.11817290770464225,0.13175816233999263
1881,13289,GA,53,skipped (fewer than 100 sales),,,,,,,,,,,,,,,,,,,,,,,,,
1882,08117,CO,1648,ok,UNACCEPTABLE progressivity,0.7987804591029024,10.815464946368994,0.9826607969335597,0.040928079605314374,15.631962741365852,1.0354755216334384,0.8361919507445533,1.0391808014185742,0.03918152976184221,3.408963924324279e-08,0.013512574180320813,0.013860663816221641,,0.12956495921812272,,,,,,,,,,
1883,13071,GA,420,ok,acceptable (VEI within +/-10),0.9723956385719543,36.58913888513128,1.120416234858478,-0.01777651402345396,-5.245675312121784,0.8828544189880527,0.7705043689621041,0.8930061561912523,-0.10697991580228383,-1.1088272787417355e-06,-0.05417344769238874,-0.06041422892543502,,,,0.20446792959138466,0.1855579262163963,,,,,,,
1884,16011,ID,0,no residential sales in 2016,,,,,,,,,,,,,,,,,,,,,,,,,
1885,40129,OK,18,skipped (fewer than 100 sales),,,,,,,,,,,,,,,,,,,,,,,,,
1886,42057,,0,no residential sales in 2016,,,,,,,,,,,,,,,,,,,,,,,,,
1887,51095,VA,1476,ok,acceptable (VEI within +/-10),0.9385229108956603,8.5991982755073,1.0131191318102957,-0.0006543443701770928,1.2348056210805098,0.9752382323056639,0.8370676518799094,0.9769817076566658,-0.023018136696209238,-2.8768752900033976e-09,-0.007967694032124273,-0.008908931184973046,,0.10641056694856893,0.09786637823639598,0.009824708115307036,,0.10845577120617804,0.17179149371772962,0.08123702046522221,0.0812368424565382,0.11479164083674256,0.10851633304467216,0.06983214377030723
1888,16053,ID,0,no residential sales in 2016,,,,,,,,,,,,,,,,,,,,,,,,,
1889,48461,TX,11,skipped (fewer than 100 sales),,,,,,,,,,,,,,,,,,,,,,,,,
1890,51139,VA,248,ok,acceptable (VEI within +/-10),1.0033370226895406,16.351336001553516,1.0346278480178148,-0.026212204739056985,-2.5768239949020404,0.8882347388634725,0.897098880744839,0.9100475600711497,-0.08995221414722973,-6.569694962814325e-07,-0.03258478961021383,-0.03309233460270189,0.12999954117599374,0.1972769850506447,0.19252189438494396,0.14524719437590508,0.0628533014753061,0.18726058060242448,0.17759622312628398,0.1923797174701282,0.19238499866910125,0.170586697296404,0.1864359125721215,0.18455750549909195
1891,39059,OH,0,no residential sales in 2016,,,,,,,,,,,,,,,,,,,,,,,,,
1892,29221,MO,103,ok,acceptable (confidence intervals overlap),0.73125,37.811971192333,1.3616313034081349,0.007758094694457577,19.139157354313554,0.7212109419620071,0.039011034448353715,0.8987184625420948,-0.10123237080241271,-2.7802767376451276e-07,-0.15145650454532378,-0.2467429211744121,,,,0.13277018856698983,,,,,,0.07145084604817616,,
1893,48091,TX,3036,ok,UNACCEPTABLE progressivity,0.776428809148263,39.27253393229506,1.3016532795043119,0.08788766708512545,42.185728964338736,0.6434400564048297,0.15474561833455128,0.6877223465764052,-0.3122678871292729,-2.8046220138853084e-08,-0.1699210566012237,-0.22179887529590125,,,,,,,,,,0.18949682369179643,,
1894,51013,VA,2838,ok,acceptable (VEI within +/-10),0.9384467265725289,6.1978682223455515,1.009662872906311,-0.01688998188458115,-3.6006956917910453,0.9627574255980289,0.8991476912435356,0.9643631174849793,-0.03563671448131871,-4.855309713453298e-08,-0.010647863340371266,-0.011236399459988666,,0.07803489003324282,0.09647234871896679,0.10937533363494084,0.13266602785252443,0.09800476447233239,0.16978846403272563,0.0970474062195408,0.09704723531416473,0.09137765309201415,0.09829491165791675,0.10669782543673037
1895,50005,VT,377,ok,acceptable (VEI significance <= 10),1.1,24.68239411077938,1.0620666996367443,-0.03348414281782437,-19.209866220735798,0.8710773435194094,1.012599749096156,0.912913926364768,-0.08704321982665124,-1.2204082403182502e-06,-0.04212863970412806,-0.040656954408510027,,,0.21451130151357026,0.22061789891630065,0.20982610752535993,0.19281510457341594,,0.203571703870086,0.20335543216603424,,0.19193868471963052,0.18355265535401047
1896,26027,MI,863,ok,acceptable (VEI significance <= 10),0.8853333333333333,33.33127623410034,1.1958139747729963,-0.07767472639672868,-23.06769858162852,0.7680765161037835,0.21333090681359285,0.6005025610768081,-0.3995001453083286,-4.546246770278344e-07,-0.1019909957100249,-0.12022458540504566,,,,,,,,,,0.22988603359253906,,
1897,20003,KS,64,skipped (fewer than 100 sales),,,,,,,,,,,,,,,,,,,,,,,,,
1898,47185,TN,0,no residential sales in 2016,,,,,,,,,,,,,,,,,,,,,,,,,
1899,55039,WI,1336,ok,acceptable (VEI within +/-10),0.9894089732528042,13.566383358643629,1.0276296122030093,-0.022430397229338275,-3.9581078458324317,0.9042545687333768,0.8909659815270323,0.9355509472739202,-0.06444709677773836,-5.188537895322937e-07,-0.028643327163629273,-0.028213340045878832,0.24558491490975082,0.1586561137273513,0.16253106903686731,0.15057482313816192,0.09028140200283023,0.16505031214045,0.16131586124538574,0.1424150910115319,0.14241129709413822,0.15624271411657306,0.1653566665198623,0.16777930228467564
1900,36011,NY,708,ok,acceptable (VEI significance <= 10),0.9899514183993144,20.915492493929214,1.0984359817086875,-0.08921851126043609,-17.17551851013484,0.8124252514427027,0.6737072543480416,0.8258627341687246,-0.17413701950084257,-8.303813984453148e-07,-0.07019189068591625,-0.07714285462522552,0.12392909916238282,0.2319223812317812,,,0.2135151001127778,,,,,0.22076180673713222,,
1901,20145,,0,no residential sales in 2016,,,,,,,,,,,,,,,,,,,,,,,,,
1902,28101,,0,no residential sales in 2016,,,,,,,,,,,,,,,,,,,,,,,,,
1903,01093,AL,408,ok,acceptable (VEI within +/-10),1.0051115789473684,31.79600301570878,1.0918254747449476,-0.012544574005082297,0.0,0.8757912526216309,0.8783004589113753,0.8951289926943947,-0.10486830075633584,-1.7401840907322979e-06,-0.051431255670777665,-0.05674742502712826,0.04832888409736171,,0.24570973296782922,0.12628853541761162,0.0,,0.20629731560203543,,,,0.24029849379968377,0.24486417828404064
1904,05027,AR,210,ok,acceptable (VEI significance <= 10),0.8750416299343716,33.919824948996514,1.1009409229650438,-0.018800452457907086,-29.46145545319199,0.9031171229415479,0.5894070891299977,0.8833521697801406,-0.11663977286570426,-1.0488502825094298e-06,-0.04090028773096366,-0.052296149809387016,,,,0.21785748404613162,,,,,,0.24308528847473554,0.23840639648816786,0.2366784730560201
1905,06049,CA,0,no residential sales in 2016,,,,,,,,,,,,,,,,,,,,,,,,,
1906,37067,NC,0,no residential sales in 2016,,,,,,,,,,,,,,,,,,,,,,,,,
1907,40065,OK,309,ok,acceptable (VEI within +/-10),0.9259310344827586,21.571422180311142,1.0406919650895352,-0.04174718612023973,-5.06458731168661,0.9962216895819739,0.8792036186878527,0.9083463345393173,-0.09165469954507494,-5.774263736246916e-07,-0.0014068107656868278,0.003210301263152582,,0.23876222686094123,0.16978133846215523,0.22342497738734787,0.19400177306994038,0.04307106138412561,0.1981029743119426,0.24028768254485897,0.24028990257808827,0.19169601513581308,0.04054702006889062,
1908,55061,WI,209,ok,acceptable (VEI within +/-10),0.9570909090909091,13.720169221478477,1.0297503946535205,-0.029481167557334667,-8.29558793356015,0.9299116312717091,0.8431210504461917,0.9281922838448601,-0.07180694122139301,-5.097885398214248e-07,-0.022674235410590438,-0.024625529252892298,,0.17427910674260216,0.1818736299070801,0.14974166135665776,0.14501218603493876,0.16397074679788243,0.24214983302896198,0.1603908134483644,0.16038589002288678,0.14141231472518823,0.16542046753462106,0.1548949038946825
1909,26107,MI,616,ok,acceptable (VEI within +/-10),0.9149174839169787,23.109170610105128,1.045016785552902,-0.020837734395971082,-5.858449980397266,0.9269119632305131,0.8331000306675971,0.9147561486406933,-0.08523298351915891,-6.792232447107483e-07,-0.025533914637368538,-0.02379479243813476,,0.24911325779033416,0.19844635173580447,0.14222684455943396,0.13835238120650198,0.1914224630379583,0.24404400531439235,0.2024379855054557,0.20243401691098625,0.1901321865610903,0.18832694891362745,0.16261340162643603
1910,37047,,0,no residential sales in 2016,,,,,,,,,,,,,,,,,,,,,,,,,
1911,17203,,0,no residential sales in 2016,,,,,,,,,,,,,,,,,,,,,,,,,
1912,48265,TX,564,ok,acceptable (confidence intervals overlap),0.8371660029865604,19.409687401551338,1.0097767237042425,0.034181137069146036,12.01297532998484,0.9824927334681365,0.7683978077301311,0.9780404928679022,-0.021956583602880293,-6.692909186763356e-08,-0.0055648442988271984,-0.0032717507037818283,,0.21712267703438295,0.1015490440708119,,,0.07667010158209858,,0.10123199104479211,0.10122865523995533,0.08196736258454014,0.0730478660445872,0.05781730499918906
1913,47151,TN,0,no residential sales in 2016,,,,,,,,,,,,,,,,,,,,,,,,,
1914,05077,AR,0,no residential sales in 2016,,,,,,,,,,,,,,,,,,,,,,,,,
1915,21139,KY,0,no residential sales in 2016,,,,,,,,,,,,,,,,,,,,,,,,,
1916,37137,,0,no residential sales in 2016,,,,,,,,,,,,,,,,,,,,,,,,,
1917,08111,CO,36,skipped (fewer than 100 sales),,,,,,,,,,,,,,,,,,,,,,,,,
1918,28071,MS,964,ok,UNACCEPTABLE progressivity,0.6675786192925043,37.48920479315516,1.1746510811525357,0.08442621464475579,30.868259734172423,0.6435405682238392,0.07130149784258517,0.5715951561064707,-0.4284007823445857,-1.1213668909317706e-07,-0.13232202654980774,-0.15139381968998666,,,,,,,,,,0.10051322638440502,,
1919,28061,,0,no residential sales in 2016,,,,,,,,,,,,,,,,,,,,,,,,,
1920,55055,WI,0,no residential sales in 2016,,,,,,,,,,,,,,,,,,,,,,,,,
1921,53073,WA,0,no residential sales in 2016,,,,,,,,,,,,,,,,,,,,,,,,,
1922,13115,GA,1364,ok,acceptable (VEI within +/-10),0.9314050450921447,22.65637561830902,1.0853760190143704,-0.040791786908681835,-0.24314941112745392,0.8742186266209219,0.6088408203197578,0.8904238229427031,-0.10957453016088556,-3.714915986938629e-07,-0.051069908569849165,-0.05980235715809967,,0.2403159623261447,0.23823735801534468,0.21894198138885376,0.04987082928906456,,,0.23509360192983159,0.2350911289538089,0.19362425218403953,,
1923,28079,,0,no residential sales in 2016,,,,,,,,,,,,,,,,,,,,,,,,,
1924,12051,FL,564,ok,acceptable (VEI significance <= 10),0.7350307692307693,31.62024179947561,1.340304461676043,-0.03301731390058416,-15.320510355522817,0.6966442904703621,0.06019335147176646,0.7542935234813352,-0.24568666128430539,-3.8040507433593647e-07,-0.1638598770111932,-0.25886000758664784,,,,,0.20278425868195887,,,,,0.15175177028445047,,
1925,47079,TN,0,no residential sales in 2016,,,,,,,,,,,,,,,,,,,,,,,,,
1926,51197,,0,no residential sales in 2016,,,,,,,,,,,,,,,,,,,,,,,,,
1927,06093,CA,0,no residential sales in 2016,,,,,,,,,,,,,,,,,,,,,,,,,
1928,51005,VA,171,ok,acceptable (VEI within +/-10),0.9068181818181819,23.41593037743243,1.0548895653555628,-0.030072865292989113,-6.744762001924187,0.8900916457458954,0.7700528770835371,0.927474269130655,-0.07251881728598601,-1.0956156619696478e-06,-0.03676401774142812,-0.039968014481862824,,,0.23453115282627235,0.20743342413779917,0.16366733393814328,0.1865879357875383,0.24194214456187882,0.1999918081380818,0.19998505289719098,0.2396311124963464,0.18384350738174518,0.17132456170591936
1929,53069,WA,123,ok,UNACCEPTABLE regressivity,62.0,154.96674314402074,67.22843817636164,-0.4066607190009638,-158.59677419354838,0.07168217370494569,0.16505349997432572,0.016200145127550577,-0.983807747339943,-0.00011290635476721511,-0.743469702494745,-0.697544265035267,,,,,,,,,,,,
1930,09110,CT,0,no residential sales in 2016,,,,,,,,,,,,,,,,,,,,,,,,,
1931,36055,NY,8054,ok,acceptable (VEI within +/-10),0.9356216977354055,10.608789879819891,1.0075619655420922,4.852543897698883e-05,2.884708228144066,0.9775293745034483,0.8984753940926974,0.9707489863105729,-0.029250407992727226,-1.1080893738900253e-07,-0.006551723078752625,-0.005809584049884631,,0.12904839597084952,0.08689320284238716,,,0.0832566730627123,0.17522688807693435,0.09177421391939251,0.09177329746873623,0.08290712001003324,0.08267373864040256,0.06967814926710057
1932,17165,IL,223,ok,acceptable (confidence intervals overlap),0.9530434782608695,33.13398369155002,1.1519194989229637,-0.07644877143282042,-12.69544452412735,0.8131534536767703,0.5695440938344734,0.753739517536671,-0.24626054883837217,-2.973344047230597e-06,-0.07724717959150262,-0.09276565802538905,,,,,0.22995229342817286,,,,,,,
1933,08003,CO,155,ok,acceptable (VEI significance <= 10),0.8754748427672956,19.82447373594631,1.0556306107336064,-0.0014848323262891716,-13.98129916621324,0.7988259105584196,0.6312971893312168,0.9565531683357912,-0.04343409439117834,-7.824557114916959e-07,-0.06260373703247968,-0.07181686859359382,,0.21930595870443273,0.22489211266121212,0.02946114584970801,0.2131590661420815,0.23943953773835405,,0.18825593936541102,0.18823500916377503,0.17848847667982354,0.23492832655801257,0.2467962960924032
1934,17059,,0,no residential sales in 2016,,,,,,,,,,,,,,,,,,,,,,,,,
1935,36061,NY,6234,ok,UNACCEPTABLE regressivity,0.18246596826987307,32.030146161402236,1.1120261793393726,-0.060976406170234185,-22.222697265448776,0.9401738368244729,0.23356623466677215,0.7885368093684137,-0.2114613655113329,-3.4873491620321627e-10,-0.03727751913948785,0.0027534566310302155,,,,,,,,,,0.10926055127663427,,0.049471968986382814
1936,27129,,0,no residential sales in 2016,,,,,,,,,,,,,,,,,,,,,,,,,
1937,13133,GA,483,ok,acceptable (VEI within +/-10),0.9620061919504644,16.818765540364247,1.020018938002953,0.004729101899412549,0.6143119734479316,0.9784758468894287,0.839316834497419,0.9927386928175146,-0.007260913643900566,-5.011243918002091e-08,-0.00972339603807959,-0.016256974213387565,,0.19543244397529108,0.10512261127427434,,0.02348644503181805,0.12460432313208626,,0.06114656004539047,0.06114999317384123,0.12380312513796528,0.1235687853775002,0.11967086191902379
1938,27055,MN,162,ok,acceptable (VEI within +/-10),0.8959404783312354,13.670814389737215,1.0273518829471417,-0.016962022483369282,-1.2623991326580828,0.9354070984043726,0.751782440818138,0.9294167397885374,-0.07058214151893048,-3.212354434440885e-07,-0.0205200744622982,-0.025664859027106912,,0.16012462029885058,0.16162016697376655,0.1515883474254133,0.0644649994801034,0.13032214470309725,0.24944271344322844,0.19474905280976856,0.19475135218853223,0.1276483801119536,0.14592302008779356,0.14596353223812433
1939,48473,TX,441,ok,acceptable (VEI significance <= 10),0.7843624699278268,35.25072797460418,1.068740505074898,0.07843482598295526,22.743494404057248,0.8144195623314942,0.5104215225806547,0.8029252375480387,-0.1970611703876186,-3.8696059154232205e-07,-0.06074962689339136,-0.06451949118149458,,,0.2135238899624382,,,,,,,0.20890932402238424,,0.235043340633982
1940,29033,,0,no residential sales in 2016,,,,,,,,,,,,,,,,,,,,,,,,,
1941,51045,VA,62,skipped (fewer than 100 sales),,,,,,,,,,,,,,,,,,,,,,,,,
1942,54029,WV,281,ok,acceptable (VEI significance <= 10),0.8648648648648649,24.82992850496123,1.1242385356435194,-0.06465934983352908,-18.385267448325475,0.7342063015998042,0.4220451365768031,0.8190013137676276,-0.18098191217042978,-1.8534831719524716e-06,-0.09679821691116053,-0.11406387575244747,,,,,,,,,,0.21479797713738372,,
1943,01019,,0,no residential sales in 2016,,,,,,,,,,,,,,,,,,,,,,,,,
1944,08099,CO,0,no residential sales in 2016,,,,,,,,,,,,,,,,,,,,,,,,,
1945,27067,MN,699,ok,acceptable (VEI within +/-10),0.9,17.093613129765156,1.0467543971534636,-0.0204600499649722,-8.777777777777773,0.9143599018814711,0.7047029619831349,0.9351819506243548,-0.06481614125739737,-2.388911905199713e-07,-0.0320972960211956,-0.038977112583007845,,0.19813896506021575,0.21995643842631588,0.15531107622706272,0.208858796237752,0.21767261732654847,,0.18619029133332798,0.18618608252501154,0.14808758587150717,0.21969318996849113,0.21288824882978366
1946,54075,,0,no residential sales in 2016,,,,,,,,,,,,,,,,,,,,,,,,,
1947,51083,VA,0,no residential sales in 2016,,,,,,,,,,,,,,,,,,,,,,,,,
1948,19013,IA,0,no residential sales in 2016,,,,,,,,,,,,,,,,,,,,,,,,,
1949,55123,WI,402,ok,acceptable (VEI within +/-10),0.8697217643038077,27.35490632538728,1.1030410601029452,0.019443721579509646,-2.1300205750377583,0.7604998981824481,0.276513582152485,0.8618217420292776,-0.13816609963586501,-6.233111021026833e-07,-0.08697745843323523,-0.111176433196426,,,0.2469724163308071,,0.07036728271920017,,,,,0.15891582130120274,,
1950,24013,MD,746,ok,acceptable (VEI within +/-10),0.9734733893557423,7.659902893578617,1.0118158104764272,-0.040993630600917756,-5.894651586000218,0.9345824083498571,0.9290569335348834,0.9136545689183416,-0.08634556300107327,-2.0339344772094903e-07,-0.01431926620910473,-0.01347119254746909,,0.0906158661541848,0.0993103882531041,0.12196896113812461,0.102896248274861,0.0943383475982175,0.09486194897138352,0.11074643956171422,0.11074623966551445,0.0997091962698909,0.09421498123521434,0.092472640263981
1951,40141,OK,68,skipped (fewer than 100 sales),,,,,,,,,,,,,,,,,,,,,,,,,
1952,11001,DC,7888,ok,acceptable (VEI within +/-10),0.874886093896295,13.270816383686368,1.0374889552103312,-0.014014612320287164,-6.161470832801876,0.9321374625305168,0.5556091770956676,0.9395171716930046,-0.060482542608670226,-4.49573962964437e-09,-0.02557511461017281,-0.030384183135309772,,0.15651389273773075,0.1839607608022791,0.10991397017939679,0.15354679756621092,0.174630241064224,,0.14751900020852346,0.1475186557348126,0.1050243094618888,0.17460658608621885,0.19960543698439226
1953,55139,WI,5,skipped (fewer than 100 sales),,,,,,,,,,,,,,,,,,,,,,,,,
1954,53063,WA,8106,ok,acceptable (VEI within +/-10),0.8149667499426723,11.826921442207436,1.0108808805428058,0.0011922185167541595,3.3197830600779223,0.9633867139330989,0.7956028220611203,0.9556205125368928,-0.04437807318895397,-3.9676164692631126e-08,-0.010240863853590465,-0.01027919086625162,,0.14040776900272833,0.10413587678956433,,,0.10024902627409396,,0.10540056988600643,0.10539901056578052,0.07907240891677846,0.0992175373983327,0.10075183334997641
1955,29145,,0,no residential sales in 2016,,,,,,,,,,,,,,,,,,,,,,,,,
1956,12067,FL,63,skipped (fewer than 100 sales),,,,,,,,,,,,,,,,,,,,,,,,,
1957,18083,IN,489,ok,UNACCEPTABLE regressivity,0.9094540612516645,34.35621606092216,1.1528287839614892,-0.07699209595545006,-36.7013540439679,0.8428319480934718,0.6807165585550284,0.8291577320975716,-0.17081401228363619,-1.6162438540788722e-06,-0.06703410389686981,-0.06692916543124383,,,,,,,,,,,,
1958,51061,VA,0,no residential sales in 2016,,,,,,,,,,,,,,,,,,,,,,,,,
1959,47037,TN,0,no residential sales in 2016,,,,,,,,,,,,,,,,,,,,,,,,,
1960,18107,IN,479,ok,acceptable (VEI within +/-10),0.833171206225681,23.582927212467585,1.0475618215862592,0.01944242001330955,7.8695891532703195,0.8094759005400056,0.5783839247765813,0.8357261552077798,-0.16426852639544964,-8.611838485709241e-07,-0.0507742383259262,-0.053521426458138066,,,0.20346069381078033,,,0.22215352809671796,,0.21331593156460663,0.21331081936798402,0.15845176807789607,0.20732740589542947,0.2096124491042012
1961,12091,FL,4453,ok,acceptable (VEI within +/-10),0.7692307692307693,11.923947696222315,1.0329170938320098,-0.005635939674192581,-1.726022445963924,0.9561589584677794,0.5359434668967833,0.9713767166608118,-0.02862090741261801,-7.964046624407677e-09,-0.018142332134560624,-0.024141256803753564,,0.14280456274104197,0.16808232946068244,0.07270059190474024,0.06249135878877924,0.14099122274457918,,0.12194117903563592,0.12193656309141843,0.0904848497977302,0.1410378776258482,0.18611327905146874
1962,42109,PA,0,no residential sales in 2016,,,,,,,,,,,,,,,,,,,,,,,,,
1963,30067,MT,201,ok,acceptable (VEI within +/-10),0.739978563772776,26.31130765884671,1.0754212054550571,-0.0029851819376629685,0.3087805116252004,0.7696432823135618,0.46215995866542914,0.7502320320312748,-0.24976676495203107,-3.9253742222948564e-07,-0.06881043312735802,-0.07550374796814219,,,0.23084518894069928,0.0374452912025858,0.03913892449559146,,,,,0.14079083275165286,0.23113649942577646,0.2377857923703058
1964,29013,,0,no residential sales in 2016,,,,,,,,,,,,,,,,,,,,,,,,,
1965,29077,MO,3666,ok,acceptable (VEI within +/-10),0.7984707935204872,17.13300563090712,1.027406973129847,-0.007706651010058373,3.231111216772287,0.913311383629184,0.7073738799721062,0.8957703261110742,-0.10422792330143356,-1.5477775215712894e-07,-0.026236643777039603,-0.02508504333305739,,0.19581593281426904,0.15296518358327607,0.08001560302073164,,0.15873409339307712,,0.17268123914415306,0.17267851498858278,0.12939702280418033,0.15282531972965785,0.14948160363871532
1966,39103,OH,2759,ok,acceptable (VEI within +/-10),0.884921875,10.110147008446086,1.009461168766429,-0.009615081057532348,-3.423720162163861,0.9761719821623466,0.8347654900919461,0.9585322250497824,-0.0414671095444057,-1.2312607177764965e-07,-0.0067906847200456255,-0.005486850493225948,,0.12086484302181447,0.09501238202785277,0.07426254219636869,0.11612059941722978,0.07573015928103152,0.22377648321681848,0.09928794052634649,0.09928750624896238,0.08189966402490069,0.07478930150257226,0.06685433582442801
1967,22041,,0,no residential sales in 2016,,,,,,,,,,,,,,,,,,,,,,,,,
1968,39065,OH,362,ok,UNACCEPTABLE regressivity,0.8523387096774193,32.71185351292089,1.241368723532081,-0.0657553397132805,-24.063729041423596,0.7071117540535478,0.3244786967861923,0.7188347949902164,-0.281152990351582,-5.60292557418528e-07,-0.13384446195224742,-0.16358780768810566,,,,,,,,,,0.2151773191464143,,
1969,47155,TN,1742,ok,acceptable (VEI within +/-10),0.8966448581321103,17.05714569273237,1.0256750059595903,-0.008854305528310406,-0.3601024526163163,0.9444361399764034,0.7822679119441363,0.9508782046729083,-0.04912030919319805,-2.96793756147027e-07,-0.017621815284525333,-0.02006123866947962,,0.19250416604833614,0.15617002020784349,0.10657159552869042,0.07197882186601094,0.13179541873748182,,0.15594682448077607,0.15594605155084812,0.13352317292837265,0.12854063882798333,0.1301672854589549
1970,48063,TX,96,skipped (fewer than 100 sales),,,,,,,,,,,,,,,,,,,,,,,,,
1971,31079,NE,0,no residential sales in 2016,,,,,,,,,,,,,,,,,,,,,,,,,
1972,42095,PA,0,no residential sales in 2016,,,,,,,,,,,,,,,,,,,,,,,,,
1973,24015,MD,172,ok,acceptable (VEI within +/-10),0.9700386050364342,1.759019283215924,0.992476690610492,0.0006052376636773256,-0.5395063081825591,1.0057301840936248,0.9862162414649972,0.9996469724229505,-0.0003529770105174732,4.300884306173388e-10,0.003209014340558758,0.004176141504408815,,0.021996935702640562,0.06937381203902533,0.08157243847526852,0.01980332035096662,0.09244177812128071,0.021611881243316696,0.006449886695640245,0.00644878474016877,0.07746134103572315,0.0903441237987057,0.08338889104489881
1974,51101,VA,374,ok,acceptable (confidence intervals overlap),0.8190181689753954,33.24534450171739,1.0756307810009265,0.042267975714004605,19.11973172108671,0.7540342799780817,0.5102188868503787,0.5814641270445414,-0.41853634088192543,-1.5690152573547951e-06,-0.05681616339703277,-0.053592471271994624,,,0.24896696294390575,,,,,,,,0.2463530071194385,0.20945900171106344
1975,13297,GA,1982,ok,acceptable (VEI significance <= 10),0.8196574941451991,25.19738790854251,1.0392356688064304,0.055469303610536015,15.202739009949855,0.9171135853834391,0.4292068079669682,0.9004881741420023,-0.09950673204986621,-2.2862978285413707e-07,-0.027628570871895297,-0.034911460261746186,,,0.18619087411506763,,,0.20773668947377658,,,,0.1351297107378796,0.17911655365513843,0.18457399207544875
1976,12077,FL,71,skipped (fewer than 100 sales),,,,,,,,,,,,,,,,,,,,,,,,,
1977,17033,,0,no residential sales in 2016,,,,,,,,,,,,,,,,,,,,,,,,,
1978,01051,AL,683,ok,acceptable (VEI within +/-10),0.977027027027027,16.547743929641083,1.0392517439213378,-0.011817070983730867,-7.261319593269793,0.9125815699249107,0.845408614593715,0.9364588785244301,-0.06354003535237145,-2.86772629168145e-07,-0.030672542756719823,-0.036564127288154946,,0.19585240742533638,0.19039126031773074,0.13890035063773062,0.17720863138920673,0.19593384131197455,,0.17974074863950598,0.17973730830380893,0.1758759660986432,0.18318365882332377,0.21466708113530508
1979,17081,IL,0,no residential sales in 2016,,,,,,,,,,,,,,,,,,,,,,,,,
1980,18045,,0,no residential sales in 2016,,,,,,,,,,,,,,,,,,,,,,,,,
1981,19017,,0,no residential sales in 2016,,,,,,,,,,,,,,,,,,,,,,,,,
1982,45057,,0,no residential sales in 2016,,,,,,,,,,,,,,,,,,,,,,,,,
1983,13241,GA,381,ok,acceptable (VEI within +/-10),0.935063768115942,16.072809666483064,1.105400696486515,-0.036469946366571145,-6.139993773744243,0.8773793592337683,0.6491713095241508,0.9075329813757791,-0.0924657394199023,-1.5919096513364877e-07,-0.05979042415770208,-0.07835020070387988,,0.18264863877171433,,0.20270813427226872,0.15136179071711253,,,0.2039216201821371,0.2039175831131228,0.21916281096232446,,
1984,01053,,0,no residential sales in 2016,,,,,,,,,,,,,,,,,,,,,,,,,
1985,13239,GA,62,skipped (fewer than 100 sales),,,,,,,,,,,,,,,,,,,,,,,,,
1986,12009,FL,14464,ok,acceptable (VEI within +/-10),0.75,14.959376381600825,0.9975301417435853,0.02165515669725852,7.276666666666672,1.014435369737711,0.746076885552676,1.0091985323357764,0.009205675185933826,1.248153080877674e-08,0.005288461803388822,0.00643821198485095,,0.17549691130775402,,,,,,,,,,
1987,28115,MS,162,ok,UNACCEPTABLE progressivity,0.567842589173188,27.35084051217729,1.00009035168049,0.1577513731434286,45.75873547453968,0.9986860127810511,0.5152793477092349,1.0471090595335706,0.047120780707478375,-1.493394024553887e-09,-0.00035332869181825544,-0.007656546093291805,,,0.005017696796784401,,,0.0106830558850349,,,,0.0022625235325885026,0.008857174231224816,0.08174207438417501
1988,51600,VA,322,ok,acceptable (VEI within +/-10),0.9723133776792314,5.477489282269624,1.0039713043391167,-0.007567485744136352,-1.1771915906305221,0.975903952329212,0.952921831938708,0.9770546176971631,-0.022945299840171053,-4.484920644457369e-08,-0.005503843087884874,-0.00504047980219946,,0.06911958662263029,0.07290928390550828,0.10806599819846638,0.044639768191359244,0.047079436005771524,0.08196970787650137,0.053353395502677856,0.05335309293915676,0.05853510249547974,0.04690100713613508,0.04464027996739903
1989,36013,NY,1597,ok,UNACCEPTABLE regressivity,1.0,31.781542704990713,1.1746843040342685,-0.11957886473928661,-35.96159148762855,0.82304295805167,0.6460784307368322,0.7850132386223536,-0.21498042962621824,-1.0139820802663755e-06,-0.08126736527621947,-0.08301335375894214,0.0,,,,,,,,,,,
1990,17127,IL,149,ok,acceptable (VEI within +/-10),0.9315145631067961,21.796378879482173,1.0426516290068994,-0.0117734907958138,-1.6757655347799698,0.9622657264275052,0.7914721845285767,0.9271226047049927,-0.0728738899000339,-7.509499385343872e-07,-0.0160677421065738,-0.022671333461487864,,0.2100616604302156,0.21011460874252938,0.17112384873079547,0.06130603815411389,0.18151989577292263,,0.22241928062282454,0.22241281616947822,0.17857532384575583,0.1762150763764589,0.1671761155448279
1991,51147,VA,0,no residential sales in 2016,,,,,,,,,,,,,,,,,,,,,,,,,
1992,51075,VA,0,no residential sales in 2016,,,,,,,,,,,,,,,,,,,,,,,,,
1993,22083,LA,131,ok,acceptable (VEI within +/-10),1.0,10.252356046084236,1.0160618884839137,0.0016964460058802755,0.0,0.9679726518160825,0.8341873063541901,0.9878284476470651,-0.012170631533041315,-2.3621038695377243e-07,-0.01220987687899111,-0.021087705629523334,0.0,0.11709402159881958,0.13289525067144514,0.12893176739981507,0.0,0.14923340423002557,0.17101630934587547,0.1336572020975493,0.13370565637873394,0.13536703831305205,0.14963546713850207,0.10487128080317483
1994,39147,OH,0,no residential sales in 2016,,,,,,,,,,,,,,,,,,,,,,,,,
1995,51530,VA,88,skipped (fewer than 100 sales),,,,,,,,,,,,,,,,,,,,,,,,,
1996,20111,KS,289,ok,acceptable (VEI within +/-10),0.8686423569854765,16.887634059768132,1.021312587891274,-0.008553836495904181,-3.9712079356279464,0.9475384433200355,0.8834896911936584,0.9361032862701096,-0.06389358174416833,-2.2661717310972927e-07,-0.017482366913808,-0.015830221534219202,,0.2012920210291376,0.14018811535915596,0.12713548937455924,0.1317926788857657,0.15096382755579088,0.18272907731956892,0.16714036885758246,0.16714324640517325,0.13423333853273903,0.14603528615165298,0.13955030622379014
1997,48485,TX,1006,ok,acceptable (VEI within +/-10),0.9258332680628947,16.066368953758733,1.0201630685813246,0.007574488715696033,4.714599495665548,0.945245052602978,0.8382984307947593,0.9717040794772777,-0.02829191487865083,-3.3526279366638276e-07,-0.01834729642122901,-0.023130280712684748,,0.18701821368986016,0.1469313122530174,,,0.14059149642737648,0.24501452483277028,0.1189839745088178,0.1189100293442493,0.13512051913356415,0.14192717140040162,0.14653141288377033
1998,48363,TX,254,ok,acceptable (confidence intervals overlap),0.8754166395240266,21.0445915294784,1.0015346636524387,0.01731787661509338,15.23307807242793,1.007989332020945,0.8732258749584036,0.9791014570402155,-0.020896310459498926,-6.243569197697237e-09,0.0037015285348500626,0.00726554991341144,,0.2295493415472881,0.013492591215266669,,,,0.2121805989403885,0.1385329105931458,0.138524225903252,0.010912598221420856,,
1999,13023,GA,112,ok,acceptable (VEI within +/-10),1.007966862170088,34.10737952415564,1.2174129089557182,-0.03895966415837736,-3.8338293441581013,0.7391852621116072,0.513163037395234,0.7633824086111316,-0.236608861791291,-1.9432286936742925e-06,-0.12458715769881823,-0.18126311194318867,0.15939348340496579,,,,0.12047453877898205,,,,,,,
2000,51019,VA,1413,ok,acceptable (VEI within +/-10),0.9563876651982379,11.559540721062705,1.009631867070873,-0.004318672973322209,-2.5416900957924002,0.9866098852775999,0.9419695723818114,0.9763193115922802,-0.023680365381279107,-6.223106829106333e-08,-0.004746325980153454,-0.0037457394284317047,,0.14036157584184386,0.09648653582040723,0.06732297321292877,0.1089213284540287,0.07559302287917347,0.16577437491240288,0.11524782371405949,0.11524457729265525,0.09850317921077759,0.07531253721689543,0.07585279806754758
2001,48281,,0,no residential sales in 2016,,,,,,,,,,,,,,,,,,,,,,,,,
2002,19189,,0,no residential sales in 2016,,,,,,,,,,,,,,,,,,,,,,,,,
2003,20187,KS,15,skipped (fewer than 100 sales),,,,,,,,,,,,,,,,,,,,,,,,,
2004,31059,NE,90,skipped (fewer than 100 sales),,,,,,,,,,,,,,,,,,,,,,,,,
2005,17097,IL,10286,ok,UNACCEPTABLE progressivity,0.8687874982261956,14.851179278274504,0.9829218470592858,0.043150274976861656,15.337124910472873,1.0374575463672246,0.896013372876962,1.0393241102878557,0.03932520855343263,6.985789645077578e-08,0.014624990848257191,0.01335799328385745,,0.17414919731728948,,,,,0.22158512824298393,,,,,
2006,12061,FL,4610,ok,acceptable (VEI significance <= 10),0.7614403567447046,16.849593146885383,1.0069640845910266,0.0250129771822539,10.392894950057036,0.9939115077995854,0.7049897516194326,1.0052138577534147,0.0052180632381590535,-6.458214896850712e-09,-0.003122764731096739,-0.009859460882352566,,0.19343836820196852,0.07484895176492033,,,0.07143878657999429,,,,0.060300107977382285,0.07072317939340672,0.12757424680176274
2007,29125,,0,no residential sales in 2016,,,,,,,,,,,,,,,,,,,,,,,,,
2008,55071,WI,69,skipped (fewer than 100 sales),,,,,,,,,,,,,,,,,,,,,,,,,
2009,18131,IN,90,skipped (fewer than 100 sales),,,,,,,,,,,,,,,,,,,,,,,,,
2010,51153,VA,7194,ok,acceptable (VEI within +/-10),0.924,6.418070211952608,1.007085122790324,0.009798180470084145,1.8263029699264415,0.9799973110658868,0.82094516418688,0.9891161855213216,-0.01088358649415138,-1.5619939560821977e-09,-0.004714338555765307,-0.0058963808311705,,0.08010004608684448,0.0900602164008785,,,0.06551260756146636,,0.037981775045496526,0.03798122766326504,0.06544758331080804,0.06519873199962836,0.08335240820694997
2011,51199,VA,780,ok,acceptable (VEI within +/-10),0.9773976311336718,5.691759066653959,1.0064207022169882,-0.008295645371657582,-2.296122856645283,0.9741728246840535,0.9282636638944383,0.974986309221543,-0.025013647571232558,-1.0007193952102107e-08,-0.006450984626307665,-0.006729884025841404,,0.07178923979777395,0.05203825374448453,0.05761308933952845,0.08549277418648554,0.06867592220892856,0.05840406068351173,0.06242265324146421,0.06242292153778546,0.05639284724714055,0.0687356933308853,0.0666475585471582
2012,48487,TX,103,ok,acceptable (confidence intervals overlap),0.8388324873096447,28.357028856312603,1.3554617077266014,-0.11156864506410866,-24.73170687894877,0.6086666644539962,0.14119836526349078,0.6278637261453626,-0.37213147575341554,-7.926210119582549e-07,-0.19182689765911864,-0.26441883376994824,,,,,,,,,,0.20987180566182578,,
2013,05111,,0,no residential sales in 2016,,,,,,,,,,,,,,,,,,,,,,,,,
2014,27169,,0,no residential sales in 2016,,,,,,,,,,,,,,,,,,,,,,,,,
2015,05011,AR,48,skipped (fewer than 100 sales),,,,,,,,,,,,,,,,,,,,,,,,,
2016,20207,KS,28,skipped (fewer than 100 sales),,,,,,,,,,,,,,,,,,,,,,,,,
2017,13191,GA,256,ok,acceptable (confidence intervals overlap),0.8645466926070039,36.61413262450725,1.5225373354249006,-0.07768533199946762,-65.2453583872648,0.5234390830828163,0.07848838035971507,0.4992271773502062,-0.5007609576008775,-1.2631977441562087e-06,-0.24963737815706888,-0.4016527754474004,,,,,,,,,,,,
2018,08073,CO,74,skipped (fewer than 100 sales),,,,,,,,,,,,,,,,,,,,,,,,,
2019,41031,OR,400,ok,acceptable (VEI within +/-10),0.8768046350201523,18.107995800795972,1.0211312500577725,-0.0002943346551974719,-4.214427646265095,0.9531307428802168,0.8253190829488934,0.9415943228739383,-0.058403439561469477,-3.465677617437114e-07,-0.013818045743001273,-0.013414120543704833,,0.20320956865640913,0.13213284807225348,0.05214572700982713,0.12674696377368405,0.11144226332912624,0.22702377263568904,0.1318936619219192,0.13189009106584174,0.14045089159165988,0.1161468187849961,0.12170995583203616
2020,18099,IN,544,ok,acceptable (VEI within +/-10),0.856813205610674,22.850257879692702,1.0084153385473784,0.02050711740702863,8.055822915983306,0.9861998864182987,0.9081662968745576,1.0007991902980955,0.0008043012536898299,-5.257101450892358e-08,-0.005455867618016308,-0.0017247491922804947,,0.23939726129686625,0.08847181154638546,,,0.07741727460465538,0.17821655318228607,,,0.08893498641129488,0.07225055983464974,0.07352975188620703
2021,47143,TN,0,no residential sales in 2016,,,,,,,,,,,,,,,,,,,,,,,,,
2022,38035,,0,no residential sales in 2016,,,,,,,,,,,,,,,,,,,,,,,,,
2023,20061,,0,no residential sales in 2016,,,,,,,,,,,,,,,,,,,,,,,,,
2024,16031,ID,0,no residential sales in 2016,,,,,,,,,,,,,,,,,,,,,,,,,
2025,48395,TX,112,ok,acceptable (VEI within +/-10),0.7361031065876921,30.32083070159164,1.1748289513589274,-0.05309148699229383,-4.083636114148868,0.7766501630132439,0.25631825836648237,0.8022083440538423,-0.19778744466683149,-4.526948804366135e-07,-0.09769270137599895,-0.1313218081832388,,,,0.21119454854633804,0.11310910211300418,,,,,0.14128216015344575,,
2026,21073,,0,no residential sales in 2016,,,,,,,,,,,,,,,,,,,,,,,,,
2027,13027,GA,135,ok,UNACCEPTABLE regressivity,1.0,38.885432060614136,1.8330506012026384,-0.15311470791670248,-53.97842571174301,0.6069763203518276,0.06452213214003479,0.648126813677641,-0.3518748026603251,-2.098043247452503e-07,-0.2544087764092835,-0.37667800795975404,0.0,,,,,,,,,0.17949894620698023,,
2028,31039,NE,68,skipped (fewer than 100 sales),,,,,,,,,,,,,,,,,,,,,,,,,
2029,48057,TX,215,ok,acceptable (confidence intervals overlap),0.8009665427509294,26.024479249648337,1.0536956608988972,0.018648100486842716,10.251330919123578,0.8898637090705298,0.6556499201974455,0.9350945161454238,-0.06489346752298228,-2.66882933531816e-07,-0.0409725243687904,-0.04843527949445359,,,0.23044584445795108,,,0.23624091222597926,,0.22250889820389902,0.2225782677710294,0.13554932916268778,0.22378077729920487,0.22578233992266844
2030,48059,TX,117,ok,acceptable (confidence intervals overlap),0.8344281298299846,20.584782785825595,1.025610529159262,0.0006174868712378788,11.49100779052408,0.9514566445204309,0.7034840125182416,0.9090531116113928,-0.09094481452308033,-5.314710580911473e-07,-0.014453147333908012,-0.017966752133012243,,0.22898120664287996,0.12875637764954256,0.00886485395523982,,0.11498729281776886,,0.17767552861652447,0.17767169628427246,0.12282069666069846,0.11142626439332384,0.1108881549830606
2031,19105,IA,0,no residential sales in 2016,,,,,,,,,,,,,,,,,,,,,,,,,
2032,42029,PA,0,no residential sales in 2016,,,,,,,,,,,,,,,,,,,,,,,,,
2033,47157,TN,11945,ok,acceptable (VEI significance <= 10),0.8981308411214953,14.503541288915843,1.042915904627269,-0.031356070080497886,-11.225499394414967,0.9436089873095364,0.6866412808161554,0.9319620639251491,-0.06803752902173406,-4.2951617726757035e-08,-0.022810516676162962,-0.02635365066515072,,0.16952710756789152,0.19734253107318317,0.19279760401346027,0.2081718001494631,0.17907077153530038,,0.18025671902056614,0.18025564654515683,0.14928367319451083,0.17865816189526496,0.19310286679897679
2034,36021,NY,764,ok,UNACCEPTABLE regressivity,0.9433962264150944,22.700003749747555,1.1226627814933978,-0.10321345107583772,-30.82709782731724,0.7897406420846971,0.6311346104192186,0.7800803357472329,-0.21991911614852686,-4.1661802098395333e-07,-0.08334240123883885,-0.09041179226649287,,0.2467147734619043,,,,,,,,0.2263528709639273,,
2035,18147,IN,250,ok,acceptable (VEI within +/-10),0.8263802376903528,23.180697623879702,1.0373141684904237,-0.003121311217894356,-1.8701494481207876,0.9039208101363465,0.7260111002768492,0.9219322903002766,-0.07806289982557589,-8.110344193896471e-07,-0.028511618824983875,-0.030377467435594996,,0.2382044891734018,0.1691649675545592,0.03783821492683603,0.06846676915838894,0.1607243110922244,,0.17935434202914716,0.17934901177243248,0.16355703798445956,0.18804027145199942,0.17523154350270603
2036,47083,TN,0,no residential sales in 2016,,,,,,,,,,,,,,,,,,,,,,,,,
2037,19163,IA,0,no residential sales in 2016,,,,,,,,,,,,,,,,,,,,,,,,,
2038,55125,WI,622,ok,acceptable (VEI within +/-10),0.9923802612481858,18.43787568259399,1.0597822484182429,-0.01618132514283524,-8.018707892485041,0.8989028810162502,0.6980692896132664,0.9481569811674153,-0.051840049979113116,-3.1384173246881854e-07,-0.04088174874188488,-0.05124381676405765,0.19277996918090345,0.21941549756710477,0.21756031924006614,0.19479618969382903,0.21890291614856514,0.23646303882018105,,0.1962008304916365,0.19620895594194684,0.17976391462751556,0.23609048474078267,0.23340977410445513
2039,27045,MN,240,ok,acceptable (VEI within +/-10),0.8925619834710743,14.966406158393854,1.0280185922945788,-0.015598273663842224,-5.231117253279326,0.9249952697570205,0.8222720104571359,0.9278817398519926,-0.07211605728320324,-2.6609854904761173e-07,-0.025118064922718064,-0.02564907796299587,,0.1713578542039178,0.16737097762685896,0.10791717220415,0.11584459915441093,0.168360762466572,,0.16262807823563782,0.16262629634305828,0.14832615170323282,0.16759840431755238,0.17186319795924615
2040,13037,GA,43,skipped (fewer than 100 sales),,,,,,,,,,,,,,,,,,,,,,,,,
2041,54025,,0,no residential sales in 2016,,,,,,,,,,,,,,,,,,,,,,,,,
2042,20089,KS,0,no residential sales in 2016,,,,,,,,,,,,,,,,,,,,,,,,,
2043,24033,MD,3296,ok,acceptable (VEI within +/-10),0.9714450523674856,8.205612035913877,1.0121287425301826,-0.03486044927021702,-5.0280481207201655,0.9254865136977103,0.911853982314799,0.9226803809127437,-0.07731963789795429,-2.499523158263988e-07,-0.015402198352626018,-0.015175390895312502,,0.09926567273160607,0.10310673166938436,0.1282723348072072,0.09751726190918202,0.09768225581848054,0.10394778081276178,0.10602193392596417,0.10602198918613816,0.10259532698433965,0.09755905842752262,0.09625482340116562
2044,05081,AR,0,no residential sales in 2016,,,,,,,,,,,,,,,,,,,,,,,,,
2045,12015,FL,6930,ok,acceptable (VEI significance <= 10),0.8037825174825175,23.834778167801943,0.9930550211895538,0.039556743603630276,13.330677424574489,1.0137443365644605,0.464299217959933,1.0352024778650502,0.03520984261077085,1.7522976391314273e-08,0.005640393505379482,-0.0021138957821049686,,0.2461302249894335,,,,,,,,,,0.052841988278294026
2046,21113,KY,721,ok,acceptable (VEI within +/-10),0.9333333333333333,9.174582130173757,1.014258943529501,-0.015793939220291,-5.3219563687544005,0.9723244217860265,0.9257837977798773,0.9624126779604314,-0.03758581739220273,-7.425549667508064e-08,-0.010858912899778028,-0.007084270706966933,,0.10927170155416778,0.11167011178109373,0.12910616001246636,0.17234744208066174,0.11139030949989542,0.2276966925511502,0.13915155906130125,0.13915087951251512,0.10063053162254439,0.11141474436816805,0.09482094572680089
2047,42021,PA,0,no residential sales in 2016,,,,,,,,,,,,,,,,,,,,,,,,,
2048,28155,,0,no residential sales in 2016,,,,,,,,,,,,,,,,,,,,,,,,,
2049,22047,LA,158,ok,acceptable (VEI within +/-10),1.0,7.789407203113881,1.0094735487204352,-0.014112521800533942,0.0,0.9980459784217982,0.9465254973882189,0.9674374203901538,-0.03256215186809517,-1.6057643974094686e-07,-0.0006473344041104667,0.0006394180825119999,0.0,0.09428267604789703,0.09408727807946597,0.20905240421061624,0.0,0.0312609383655089,0.09791478382183419,0.12397394147596691,0.1239666611458788,0.09267863196367006,0.030940556286007,0.00368462819011934
2050,18177,IN,561,ok,UNACCEPTABLE regressivity,1.0,31.728954673441518,1.1606367444553078,-0.12506480492269867,-43.638736596778614,0.7510016695960151,0.6568767726241257,0.8293283609578359,-0.17061281707225368,-2.388841460661576e-06,-0.094770730056281,-0.10168027261189971,0.0,,,,,,,,,,,
2051,56019,,0,no residential sales in 2016,,,,,,,,,,,,,,,,,,,,,,,,,
2052,29025,,0,no residential sales in 2016,,,,,,,,,,,,,,,,,,,,,,,,,
2053,28013,MS,35,skipped (fewer than 100 sales),,,,,,,,,,,,,,,,,,,,,,,,,
2054,29067,,0,no residential sales in 2016,,,,,,,,,,,,,,,,,,,,,,,,,
2055,56029,,0,no residential sales in 2016,,,,,,,,,,,,,,,,,,,,,,,,,
2056,19095,IA,0,no residential sales in 2016,,,,,,,,,,,,,,,,,,,,,,,,,
2057,38021,,0,no residential sales in 2016,,,,,,,,,,,,,,,,,,,,,,,,,
2058,24001,MD,230,ok,acceptable (VEI within +/-10),0.9715037593984963,11.765651471534033,1.0229383723993455,-0.019955822122262573,-3.3676488096850523,0.9389719252272994,0.93972278205801,0.9519825625698614,-0.04801661434540542,-6.443155471040871e-07,-0.01888297329656674,-0.017836554632882473,,0.14084853609071263,0.1856400496960895,0.10965502795065447,0.0678705600989934,0.15544278448977497,0.1848825385643591,0.11524111211018719,0.11524085812698869,0.16978066843084763,0.15484095487146127,0.08373376925384958
2059,37021,NC,0,no residential sales in 2016,,,,,,,,,,,,,,,,,,,,,,,,,
2060,37109,NC,0,no residential sales in 2016,,,,,,,,,,,,,,,,,,,,,,,,,
2061,27011,MN,103,ok,acceptable (VEI within +/-10),0.9111111111111111,16.210490667348022,1.0183278483575704,-0.0030757854200139725,-5.925793894403563,0.9704420085063421,0.9238554596792452,0.970554938749964,-0.029434264812094473,-2.9870360764331554e-07,-0.010706949836008173,-0.008419628324196182,,0.1792206975415128,0.19270096384396612,0.06665735970661599,0.23999035698499394,0.12376837538213162,0.1552866054210246,0.12610264777835672,0.12596261932297784,0.12411023228172285,0.13691481503801933,0.18602701408092268
2062,23025,ME,0,no residential sales in 2016,,,,,,,,,,,,,,,,,,,,,,,,,
2063,16057,,0,no residential sales in 2016,,,,,,,,,,,,,,,,,,,,,,,,,
2064,21211,KY,0,no residential sales in 2016,,,,,,,,,,,,,,,,,,,,,,,,,
2065,37035,,0,no residential sales in 2016,,,,,,,,,,,,,,,,,,,,,,,,,
2066,27013,MN,0,no residential sales in 2016,,,,,,,,,,,,,,,,,,,,,,,,,
2067,40145,OK,1102,ok,UNACCEPTABLE progressivity,0.8799958202716824,23.617113262208036,1.0252357184838226,0.09030501250811425,55.05783726530476,0.8607102054451836,0.46002723675099977,1.128353668939399,0.12838891444202788,-2.600334871761796e-07,-0.044357177927895064,-0.06187818317843807,,,0.1528289220508101,,,0.22144336034271175,,,,0.10504613744950148,0.20372719293381236,0.22794240295154375
2068,22123,LA,83,skipped (fewer than 100 sales),,,,,,,,,,,,,,,,,,,,,,,,,
2069,38043,ND,18,skipped (fewer than 100 sales),,,,,,,,,,,,,,,,,,,,,,,,,
2070,05113,AR,0,no residential sales in 2016,,,,,,,,,,,,,,,,,,,,,,,,,
2071,31025,,0,no residential sales in 2016,,,,,,,,,,,,,,,,,,,,,,,,,
2072,12055,FL,2363,ok,acceptable (VEI within +/-10),0.7577763157894737,18.86542607955685,1.0199452250003103,-0.00022419967480543016,0.22435511043105114,0.9687319076205576,0.7736339107021656,0.9651765542957015,-0.03481222901428373,-2.415755119507711e-07,-0.011294906293252582,-0.007938855707646741,,0.2080547099876391,0.12871538394029833,0.018994277787845015,0.03714670302001446,0.12231827318884834,,0.1429037106886461,0.14288104571371124,0.11178561496288845,0.12145231047975552,0.10189977933042381
2073,54095,,0,no residential sales in 2016,,,,,,,,,,,,,,,,,,,,,,,,,
2074,22049,,0,no residential sales in 2016,,,,,,,,,,,,,,,,,,,,,,,,,
2075,22011,LA,0,no residential sales in 2016,,,,,,,,,,,,,,,,,,,,,,,,,
2076,26077,MI,4228,ok,acceptable (VEI within +/-10),0.9181868543682993,14.71069686556082,1.0100253036693079,0.005288454462401524,2.1304588387103913,0.9886674825613491,0.8970328034282741,0.9735756797006626,-0.026423969476562843,-9.41136906498217e-08,-0.003958254078439305,-0.004817450135134793,,0.1718513651374115,0.09935071519517621,,,0.07567792494853244,0.21873331574328872,0.11537501952994864,0.11537393838945721,0.09454149432466617,0.0746265347017432,0.08022849329681157
2077,13249,GA,41,skipped (fewer than 100 sales),,,,,,,,,,,,,,,,,,,,,,,,,
2078,48505,TX,44,skipped (fewer than 100 sales),,,,,,,,,,,,,,,,,,,,,,,,,
2079,26147,MI,1339,ok,acceptable (VEI within +/-10),0.8885923949299533,16.821395122526887,1.0236391046351816,-0.013581203723016059,-3.1989352732773804,0.944869847640886,0.8382451606021603,0.9349449337583856,-0.06505316735098489,-3.7509281079293087e-07,-0.017235127192680944,-0.01710454556916763,,0.19487572617142954,0.1557352627917743,0.1300714681249349,0.11553822785339397,0.1454754343364035,0.24510032280897356,0.15952152577175616,0.15952024531701084,0.1435285954276705,0.14347742482636125,0.12944764217913038
2080,18055,IN,222,ok,acceptable (VEI significance <= 10),0.7514116872045261,29.0984518253904,1.1754454170504587,-0.12734191817276427,-19.216596351053553,0.5799715478622032,0.2231505127950438,0.5638417781719189,-0.43614537251086793,-1.7100409006756812e-06,-0.14500964791379278,-0.17379185662116226,,,,,,,,,,0.20450711366072388,,
2081,40137,OK,475,ok,acceptable (VEI within +/-10),0.9452791878172588,27.12322669277894,1.086959562813205,-0.03873774329533862,-6.613460177300326,0.8830596657232899,0.7481129981079273,0.8633565249608934,-0.13663740339561828,-1.4078584117326667e-06,-0.04608457850925407,-0.05087649350293155,,,,0.246226616096138,0.18410027339206986,,,,,,,0.24540573918240102
2082,05037,AR,0,no residential sales in 2016,,,,,,,,,,,,,,,,,,,,,,,,,
2083,39045,OH,0,no residential sales in 2016,,,,,,,,,,,,,,,,,,,,,,,,,
2084,12115,FL,13118,ok,acceptable (VEI within +/-10),0.7709090909090909,11.330844826646526,0.9965984838485002,0.014742574496698578,3.894705047777191,1.005931565479801,0.7491952213918354,1.01110605017164,0.01111321566772557,2.5126173522687512e-09,0.002617394485300961,0.001770096285232614,,0.13691570870761324,,,,,,,,,,
2085,55003,WI,224,ok,acceptable (confidence intervals overlap),0.9856987577639751,30.768011046924315,1.1669461385105067,-0.07580090949917215,-11.820719414149428,0.8002054430506336,0.6008557767820316,0.8304328625865502,-0.16955869783906322,-1.3663661002392087e-06,-0.08892062450284599,-0.10666784204901791,0.1149715397305935,,,,0.23456833846967096,,,,,,,
2086,13021,GA,2181,ok,UNACCEPTABLE regressivity,1.0377,35.26256891194527,1.3166875448650708,-0.1291576709437177,-43.146516424314775,0.7646067352989011,0.4457100736050355,0.7476967453262019,-0.2523067613424121,-2.097204710754062e-07,-0.1252466009101194,-0.15754868404441114,,,,,,,,,,,,
2087,51137,VA,0,no residential sales in 2016,,,,,,,,,,,,,,,,,,,,,,,,,
2088,16039,ID,408,ok,UNACCEPTABLE progressivity,0.8800467941002273,18.798405109744042,0.9942375795773446,0.15556099900363535,26.552814789316123,1.0215654454776248,0.8494650281724742,1.0789850784457105,0.07898942892948127,2.046150276014002e-07,0.004587199596880254,0.002103968731448136,,0.2001428766185667,,,,,0.18284857628772774,,,,,
2089,48353,TX,104,ok,acceptable (confidence intervals overlap),0.8988885608129722,23.056617179336087,1.0166092751797817,0.0022175571342992473,19.247074206063083,0.9771287541255048,0.8036150347346807,0.9619416627228957,-0.03806212881235115,-3.807639004683604e-07,-0.0071717760908063255,-0.011699658098953014,,,0.09607164366718665,0.1094663138344855,,0.06594862977568718,0.20465085475246214,0.24574628217614075,0.24545007493884582,0.12991011082253412,0.06901232689881437,0.06015114461823755
2090,22023,LA,79,skipped (fewer than 100 sales),,,,,,,,,,,,,,,,,,,,,,,,,
2091,31011,NE,0,no residential sales in 2016,,,,,,,,,,,,,,,,,,,,,,,,,
2092,28089,MS,789,ok,acceptable (VEI significance <= 10),0.72616,39.412416466567485,2.4172307986357318,0.11217796800012664,19.440839920016526,0.27252286613368965,0.0004630675889899892,0.3658064249223607,-0.6341920389974259,-2.6016114874277838e-09,-0.49015996400815265,-0.590880179892951,,,,,,,,,,0.012796197764366612,,
2093,18161,IN,189,ok,UNACCEPTABLE progressivity,0.8466666666666667,53.317549597013404,1.157376520833751,0.09301438280086109,60.79648697758933,0.8710261897106315,0.2782252251153271,1.0233201486221337,0.02332158755227973,-2.9967966267005424e-07,-0.07122780334256351,-0.14788822606501006,,,,,,,,,,0.14033813766098716,,
2094,18125,IN,198,ok,acceptable (confidence intervals overlap),0.9139755139755139,35.516060689688395,1.1720152294742798,-0.06573590357149099,-20.472728963948512,0.7917463454647842,0.6283215525959577,0.7569111314014701,-0.24308923642997093,-2.5797011045540174e-06,-0.08912052615528032,-0.10510681313620052,,,,,,,,,,,,
2095,36057,NY,551,ok,UNACCEPTABLE regressivity,1.0745054733170316,103.43508705130503,1.9111726601836763,-0.7393704247139434,-249.3173499766954,0.5578543477312136,0.5747032838640973,0.460063885967508,-0.5399455174270348,-8.715052934185522e-06,-0.2157297833802847,-0.21657234827804905,,,,,,,,,,,,
2096,22103,LA,4648,ok,UNACCEPTABLE progressivity,0.8409033185020394,18.30574067490764,1.0041472341521702,0.040753834065654505,19.742585076294315,0.9940530517567197,0.7894628252524706,0.9986600528373735,-0.0013352534616426096,-3.2904084699870934e-08,-0.0019945111019856743,-0.002278382682468605,,0.2073631056901716,0.06189878001726401,,,0.05757031439536114,,0.027882915879103357,0.027669177218479644,0.0636828125057097,0.05487797340640164,0.058028526671636195
2097,31123,NE,0,no residential sales in 2016,,,,,,,,,,,,,,,,,,,,,,,,,
2098,35029,,0,no residential sales in 2016,,,,,,,,,,,,,,,,,,,,,,,,,
2099,27003,MN,5737,ok,acceptable (VEI within +/-10),0.8433249370277078,9.105288030859061,1.004138342336524,0.024658279437315522,8.285122553669828,0.9822520628284835,0.6861758101572666,0.9910559135313435,-0.008942941864449732,-1.1725782339835219e-08,-0.003792966876935644,-0.0031075874272716852,,0.11041052418627154,0.05899433313111995,,,0.05090829040444651,,0.03490547311797576,0.03490326427781991,0.04143033573843736,0.05037183311899604,0.03957087609701864
2100,29049,,0,no residential sales in 2016,,,,,,,,,,,,,,,,,,,,,,,,,
2101,30063,MT,0,no residential sales in 2016,,,,,,,,,,,,,,,,,,,,,,,,,
2102,39153,OH,0,no residential sales in 2016,,,,,,,,,,,,,,,,,,,,,,,,,
2103,13057,GA,6816,ok,UNACCEPTABLE progressivity,0.860375234521576,20.381514532576492,1.0564408732044561,0.056065090629055216,24.352482500394824,0.8345240796199502,0.5006174652171153,0.8782486720638925,-0.12174326417320037,-1.7627027464220266e-08,-0.05381030007622578,-0.06102849480472061,,0.22333755879023642,0.2131651278909998,,,,,0.2375613933769174,0.23755148884376656,0.11792532225562823,0.24525241268191056,
2104,51071,VA,177,ok,acceptable (confidence intervals overlap),0.9515503875968992,22.431148429309214,1.0787310639923038,-0.08056636533696371,-18.332515986035858,0.8502964265523791,0.7648134670363895,0.8255093583886017,-0.1744910025184703,-9.169615394446546e-07,-0.05383945820448499,-0.05481845799923346,,0.24236948578667303,,0.2292689247655687,,0.24715936139363492,,0.2415680332619921,0.2415684321128307,0.22666295153780763,,0.24799216095585094
2105,48093,TX,111,ok,acceptable (VEI within +/-10),0.7750644883920894,31.405404805839698,1.1093200604631646,0.018428736296435846,1.58874407219708,0.715091895984575,0.34439726520712055,0.8212962125465311,-0.17868461224136792,-1.5012981697080238e-06,-0.09858928266136391,-0.11813817608073585,,,,,0.0946415575566567,,,,,0.19038132401576652,,
2106,54107,WV,810,ok,acceptable (confidence intervals overlap),0.9121537263512651,23.187768484851645,1.065238804133339,-0.0497632672134182,-13.462261699059498,0.9098519247689238,0.7780163732406155,0.8833326941977873,-0.11666101647704863,-6.586282511051318e-07,-0.033879759970205425,-0.030702045368740327,,,0.234931337928882,0.24729532518735672,0.22383220970296155,0.22350456204472605,,,,0.21728111353069673,0.22788108679358324,0.2115275427678841
2107,19151,IA,0,no residential sales in 2016,,,,,,,,,,,,,,,,,,,,,,,,,
2108,06097,CA,0,no residential sales in 2016,,,,,,,,,,,,,,,,,,,,,,,,,
2109,18021,IN,467,ok,UNACCEPTABLE regressivity,0.9084615384615384,43.565855849364226,1.2132426084196368,-0.09879192717900123,-44.35369574687,0.7183311401838927,0.5531288914146472,0.7193471152882952,-0.2806044144143517,-3.341432548958139e-06,-0.11275670171926255,-0.12261515676206103,,,,,,,,,,,,
2110,06115,CA,0,no residential sales in 2016,,,,,,,,,,,,,,,,,,,,,,,,,
2111,20135,KS,0,no residential sales in 2016,,,,,,,,,,,,,,,,,,,,,,,,,
2112,40059,OK,39,skipped (fewer than 100 sales),,,,,,,,,,,,,,,,,,,,,,,,,
2113,13055,GA,242,ok,acceptable (VEI within +/-10),0.9013991641513814,35.38787330291617,1.1716489349072254,-0.0795497717116178,-8.218820973879009,0.8916516020568881,0.6655838556597334,0.8286080321600482,-0.17139135900746444,-3.5298739545530897e-07,-0.055807884826411636,-0.06309090890530888,,,,0.2486974091962819,0.2057113025575104,,,,,0.22556967951466114,,
2114,17195,IL,0,no residential sales in 2016,,,,,,,,,,,,,,,,,,,,,,,,,
2115,48385,TX,25,skipped (fewer than 100 sales),,,,,,,,,,,,,,,,,,,,,,,,,
2116,21081,,0,no residential sales in 2016,,,,,,,,,,,,,,,,,,,,,,,,,
2117,51133,VA,252,ok,acceptable (VEI within +/-10),1.033542857142857,18.523418554050966,1.0239324261610625,0.010297836445637122,3.510095609903538,0.9475058550515689,0.9413747625308161,0.9750019902882004,-0.024997263774397437,-2.0578950932618875e-07,-0.018571772294062594,-0.02530962648925761,,0.2206933042584067,0.1501320748774328,,,0.15171866472649725,0.13946216114462834,0.12497988395426607,0.1249791428591123,0.1549994994374333,0.14695037950785436,0.16780424037659225
2118,13129,GA,828,ok,acceptable (VEI within +/-10),0.8396808510638298,40.22170051755721,1.3845788344468863,-0.06210711521725568,6.586814395970761,0.4217732478382814,0.13564692461166533,0.10006220773449351,-0.8999389015672615,-8.523531117557371e-07,-0.24884568609877378,-0.2951038368369485,,,,,,,,,,,,
2119,18181,IN,555,ok,acceptable (VEI within +/-10),0.9019047619047619,26.97526841856399,1.1833763876111385,-0.04304098566511355,-5.5790330633464436,0.7280091087194313,0.1829086770279523,0.8060419092286277,-0.19395377977862482,-3.0350748315146635e-07,-0.11456650585428729,-0.14405229897060212,,,,0.20993284333445025,0.15403534090774618,,,,,0.127996190492588,,
2120,29195,MO,232,ok,acceptable (confidence intervals overlap),0.7168041431591425,34.055387088135745,1.1989773694142158,-0.054332081744606714,10.617415706447092,0.60600059158364,0.1325745025456158,0.48824448229939166,-0.511757863984958,-1.1075788142071855e-06,-0.14477517469281143,-0.1812895572990052,,,,,,,,,,0.18577336302370576,,
2121,18167,IN,1003,ok,UNACCEPTABLE regressivity,0.9463532248342374,19.798964348199735,1.063427545809298,-0.07459371033845183,-18.00113371431983,0.83775242636488,0.7562250980689273,0.8282142274795727,-0.17178548253990794,-9.247342365408335e-07,-0.05329856360591467,-0.05529166542554664,,0.21926332393598427,0.22473445960835312,0.23258593906905822,0.21933366994333084,0.23534553652577003,,0.2251606226564024,0.22516014022525957,0.20861939847218883,0.23637850625545717,0.2377520528263886
2122,51680,VA,0,no residential sales in 2016,,,,,,,,,,,,,,,,,,,,,,,,,
2123,38017,ND,3033,ok,acceptable (VEI within +/-10),0.886896551724138,18.203462317437854,1.0279902523970224,0.036813952799158174,9.943974512097071,0.8839136765193666,0.7996085012781511,0.8768227793168939,-0.12317209605810463,-1.9033188133483528e-07,-0.03213108802155373,-0.03377993568210402,,0.20753456904737805,0.1555815670064459,,,0.18627515405713518,0.2465640636915716,0.21312785354950495,0.2131249145352531,0.15398217443008522,0.17574479659627168,0.1770504971638939
2124,12081,FL,10853,ok,acceptable (VEI significance <= 10),0.7423913043478261,22.045189818887557,1.035807309536338,0.025844353801354428,10.756207475673161,0.9484659120810628,0.6572037019318971,0.8893795556630932,-0.11061713139590566,-7.725063066672534e-09,-0.021808639621217374,-0.02229414022614118,,0.23857430485244838,0.16702419462079648,,,0.2168609244296295,,,,0.11496914647597568,0.18053971500441174,0.21583689314661472
2125,34017,NJ,0,no residential sales in 2016,,,,,,,,,,,,,,,,,,,,,,,,,
2126,26007,,0,no residential sales in 2016,,,,,,,,,,,,,,,,,,,,,,,,,
2127,29107,MO,0,no residential sales in 2016,,,,,,,,,,,,,,,,,,,,,,,,,
2128,51107,VA,7561,ok,acceptable (VEI within +/-10),0.9390745797915304,5.072484410497918,1.0087465248986527,0.0009780267936428358,0.7502495446927943,0.9726940989859723,0.809649437767614,0.9882943329901326,-0.011705501187982395,-1.4457840787828314e-09,-0.006957787529201509,-0.008673804675709773,,0.0636649626842896,0.08489100696233935,,,0.07623764768304084,0.19562127237346844,0.04601173718320391,0.04601154942924928,0.08368306825781913,0.0763472938191884,0.08617262033042393
2129,55011,WI,143,ok,acceptable (confidence intervals overlap),0.9309278350515464,26.40627093785451,1.2096825491875705,-0.06147511766786504,-12.722359649750997,0.5845334286150157,0.20306569136617997,0.6936676489599312,-0.3063204880526581,-1.1753910709754321e-06,-0.16337167634211736,-0.20519324977386488,,,,0.20963806274605093,0.23917379055811938,,,,,0.2024757179310261,,
2130,48165,TX,126,ok,UNACCEPTABLE progressivity,0.699384219113875,37.39155599535605,0.9943503419647187,0.11011682973377229,55.776922114993596,0.9678723771075585,0.6682364672409448,0.9153076170949097,-0.0846877713536074,4.139052535883199e-08,-0.01223716629884386,-0.016991558540022655,,,0.04173842258070878,,,0.13957310088828007,,,,0.030237377426405906,0.12387111067857233,0.1607191004689941
2131,02110,AK,458,ok,acceptable (VEI within +/-10),0.9197722657032774,12.297563687730547,1.0150378595236274,-0.024471716287297194,-3.4722998170758914,0.879361724418727,0.7932286327136475,0.8827202044527687,-0.11727946658180265,-3.1108988459907863e-07,-0.02289210142658149,-0.023690875984943904,,0.14045519809329038,0.13499159015965284,0.13426271442781415,0.09872712378425963,0.12733443903156164,0.1795861197465818,0.1408977211554907,0.14089765869279822,0.1207078885319712,0.1298900007805354,0.1314614708807632
2132,22119,,0,no residential sales in 2016,,,,,,,,,,,,,,,,,,,,,,,,,
2133,12057,FL,29948,ok,acceptable (VEI within +/-10),0.7362095890410958,22.416809049796182,1.0511446414414618,0.021302739106716474,7.97197932003573,0.9331265477903642,0.5925969003027243,0.8743785154986538,-0.1256180467801278,-6.044766358238358e-09,-0.030251228787542717,-0.03101551274947556,,0.2408148262454451,0.2106007020975729,,,0.23025894161601532,,,,0.12961557507185062,0.2182007237501394,0.21282876413179228
2134,50011,VT,672,ok,acceptable (VEI within +/-10),0.9873802304426926,13.660670289007493,1.0126288249515956,-0.005302418556091238,0.29428743700379423,0.9455925047581032,0.9883571658051558,0.9405931060149092,-0.05940644969595399,-3.743797809798099e-07,-0.012117077673030607,-0.009673486854430369,0.1690403127090818,0.16290146426458618,0.11693055659144726,0.05852596747646902,0.021447662304962645,0.09435854032316439,0.03786421709307513,0.1170701623600372,0.11706988884984933,0.12010915930232101,0.09021941617883807,0.07577876551822389
2135,46111,SD,0,no residential sales in 2016,,,,,,,,,,,,,,,,,,,,,,,,,
2136,54047,,0,no residential sales in 2016,,,,,,,,,,,,,,,,,,,,,,,,,
2137,16085,ID,261,ok,acceptable (VEI significance <= 10),0.8804822222222223,20.385101946636834,0.9921524308283405,0.06034806789050881,17.1423452925056,1.0230710328410346,0.9145411755615809,1.0238323599772208,0.023833033220340853,3.898465690279435e-08,0.007664715569775327,0.006940186725197028,,0.22500295153341204,,,,,0.17207788647836444,,,,,
2138,20025,KS,0,no residential sales in 2016,,,,,,,,,,,,,,,,,,,,,,,,,
2139,37149,,0,no residential sales in 2016,,,,,,,,,,,,,,,,,,,,,,,,,
2140,48041,TX,2645,ok,UNACCEPTABLE progressivity,0.842397856664434,23.203703758909516,1.0946196941368767,0.033851371630954724,18.4946718768608,0.7749055582289966,0.5043680861889744,0.7969772170452292,-0.20301893488845524,-6.725535954943336e-08,-0.08212147019604199,-0.0899169080551876,,0.24509271794839937,,,,,,,,0.16498944799939524,,
2141,25025,MA,0,no residential sales in 2016,,,,,,,,,,,,,,,,,,,,,,,,,
2142,12041,FL,291,ok,acceptable (VEI within +/-10),0.7343606557377049,35.30341166951773,1.1228369190528458,-0.00840650533395346,-7.832192915943224,0.8498159621719426,0.4908531331680558,0.8544348563177977,-0.14552324491884158,-1.1545735788664558e-06,-0.06530734355229861,-0.08424559932185005,,,,0.11926958185151362,0.19980979748156008,,,,,0.21017072404044418,,
2143,48343,TX,65,skipped (fewer than 100 sales),,,,,,,,,,,,,,,,,,,,,,,,,
2144,40057,OK,24,skipped (fewer than 100 sales),,,,,,,,,,,,,,,,,,,,,,,,,
2145,19031,,0,no residential sales in 2016,,,,,,,,,,,,,,,,,,,,,,,,,
2146,22125,,0,no residential sales in 2016,,,,,,,,,,,,,,,,,,,,,,,,,
2147,31093,,0,no residential sales in 2016,,,,,,,,,,,,,,,,,,,,,,,,,
2148,55121,WI,289,ok,acceptable (VEI significance <= 10),0.9345454545454546,13.751845664481795,1.0283731728486123,-0.03211515702244723,-10.256754077151372,0.8907433605643837,0.7822955141374136,0.903306322761327,-0.09669209765493934,-6.812675833651239e-07,-0.029767179156173995,-0.03248691793257885,,0.15966225303050688,0.17039880795532814,0.15530836264551248,0.21894868366114745,0.16677650849483866,0.2487592787624397,0.17204194867570258,0.17204064000905267,0.1475844554299645,0.1661720396335614,0.17240267209153393
2149,48089,TX,136,ok,acceptable (VEI within +/-10),0.815001377454446,29.488591256567265,1.152600953577247,-0.03698539782868505,1.322631007470201,0.7520394935723217,0.364489355228107,0.8256094080238873,-0.1743804356100719,-6.942454686847295e-07,-0.09924684705938946,-0.12650710401870358,,,,,0.2007878328684917,,,,,0.22883943201626303,,
2150,23011,ME,0,no residential sales in 2016,,,,,,,,,,,,,,,,,,,,,,,,,
2151,05015,,0,no residential sales in 2016,,,,,,,,,,,,,,,,,,,,,,,,,
2152,13285,GA,906,ok,acceptable (VEI within +/-10),0.9017661985472155,28.361362349401944,1.1180015603354598,-0.056590904343039296,-8.74375980167832,0.7975565266831759,0.537677124218419,0.6540240221353775,-0.3459751265794239,-1.3557917085644367e-06,-0.07206676286095148,-0.08045835193721218,,,,,0.21169165952732125,,,,,,,
2153,22021,LA,54,skipped (fewer than 100 sales),,,,,,,,,,,,,,,,,,,,,,,,,
2154,54105,WV,39,skipped (fewer than 100 sales),,,,,,,,,,,,,,,,,,,,,,,,,
2155,16027,,0,no residential sales in 2016,,,,,,,,,,,,,,,,,,,,,,,,,
2156,21235,KY,0,no residential sales in 2016,,,,,,,,,,,,,,,,,,,,,,,,,
2157,21109,,0,no residential sales in 2016,,,,,,,,,,,,,,,,,,,,,,,,,
2158,37011,,0,no residential sales in 2016,,,,,,,,,,,,,,,,,,,,,,,,,
2159,36043,NY,709,ok,UNACCEPTABLE regressivity,0.9727272727272728,44.36410845120084,1.2553257594815324,-0.188808160044483,-49.602803738317746,0.792786884790133,0.748388566847643,0.7055771909087898,-0.29442513143315285,-1.7483943943097314e-06,-0.09819539223594131,-0.09284206174798593,,,,,,,,,,,,
2160,36077,NY,739,ok,acceptable (VEI significance <= 10),1.0072463768115942,33.83415861975611,1.1670543217835585,-0.12228225244830615,-33.47696190860624,0.7563867538858574,0.6458589337753899,0.7735547769952597,-0.22644433834216718,-1.4569478458723357e-06,-0.09517106235837303,-0.10308903041746875,0.14283780351336156,,,,,,,,,,,
2161,45035,SC,0,no residential sales in 2016,,,,,,,,,,,,,,,,,,,,,,,,,
2162,31183,NE,16,skipped (fewer than 100 sales),,,,,,,,,,,,,,,,,,,,,,,,,
2163,27017,MN,439,ok,acceptable (VEI within +/-10),0.8894179894179894,12.45329757362995,1.0173213663533847,-0.02776784842713669,-7.9874653249760055,0.929191781432118,0.8292931839799014,0.9156259728869035,-0.08437319880559668,-4.3977980289408235e-07,-0.01760775376708512,-0.016314782973637643,,0.1450283489740506,0.12147222763505303,0.15209415599769313,0.1513104689499452,0.11290277462648883,0.1868060719625412,0.1384269457645576,0.1384266138338171,0.12890253521294479,0.11441945730173692,0.10208244828409858
2164,50027,VT,991,ok,acceptable (VEI significance <= 10),1.0571733333333333,18.618324884485432,1.055537824951119,-0.04267066475433714,-14.207427285637879,0.9050257543791039,0.9517981025188187,0.9060642177745363,-0.09393684395518036,-2.935282788573103e-07,-0.03709224783894194,-0.03800509798212359,,0.21659524641948472,0.22698144502235115,0.21313333243230123,0.22373987595397954,0.22117334165938102,0.15111771295937856,0.21533747930613104,0.21533770530685364,0.2169901688877861,0.22220807159092038,0.23110577009615924
2165,13173,GA,120,ok,acceptable (VEI within +/-10),1.0405504482777141,15.989659826308426,1.0074802224476762,0.02780062684948441,9.800673532912125,0.9180883076787201,0.9928318429560136,1.0144447187848193,0.014446067220900612,-1.593083637739031e-07,-0.02411485063367702,-0.028146726307658243,0.20311107009131288,0.19855704521052644,0.08036445566555654,,,0.1598394970180709,0.09733201963214337,,,0.14941202226636724,0.15353699080805255,0.1750288398609382
2166,13197,GA,96,skipped (fewer than 100 sales),,,,,,,,,,,,,,,,,,,,,,,,,
2167,13257,GA,370,ok,acceptable (VEI significance <= 10),0.971414314516129,23.576092988274294,1.0816743371987256,-0.03732050426611829,-14.579619037411327,0.8961400574723299,0.7993684597295994,0.9014892300742575,-0.09850590116869744,-7.370147485815407e-07,-0.0441380268723508,-0.04871574669966883,,,0.2431879670971815,0.2354478912759046,,0.23966341367398722,,,,0.23654180878849773,0.235887780392207,0.23993074911663786
2168,39111,OH,138,ok,acceptable (confidence intervals overlap),0.9027284144427001,41.494792635543945,1.1559808715474345,-0.013850130247628328,-10.866805873332671,0.7772461121798012,0.5917960549653926,0.8421182290054651,-0.1578571659500836,-2.308996163903819e-06,-0.09231584993819375,-0.10975525977384937,,,,0.18981154156177987,0.17949375933754666,,,,,,,
2169,05065,AR,139,ok,acceptable (confidence intervals overlap),0.9923076923076923,35.68769603170024,1.0857557993837432,0.041280014048863924,18.27463206381306,0.9066660124928765,0.6697018958917812,0.9751568297972913,-0.024744323037705518,-1.2425802418752247e-06,-0.043256256964264495,-0.0634551277606028,0.08279931478828742,,0.23278679885539413,,,,,0.20722760703005216,0.20773099941324155,0.23857258827802166,,0.2314200628729402
2170,24045,MD,359,ok,acceptable (VEI within +/-10),0.9569620253164557,8.763169139609497,1.0168951471624985,-0.039104401066635146,-2.640076641530456,0.9322047368300306,0.8967012261407896,0.9159458772919348,-0.08405399809017146,-4.117473925792848e-07,-0.016083051766924372,-0.015570441254713518,,0.1067941561007893,0.1279186432442883,0.13438883073556465,0.09690020740411527,0.09988087748312972,0.1309511589114226,0.12835718929432813,0.12835692633672427,0.12602430787674934,0.09822858886497055,0.09452759495273688
2171,46027,,0,no residential sales in 2016,,,,,,,,,,,,,,,,,,,,,,,,,
2172,51025,VA,0,no residential sales in 2016,,,,,,,,,,,,,,,,,,,,,,,,,
2173,49005,UT,1611,ok,acceptable (VEI within +/-10),0.8479567307692307,16.763191175757388,1.0506278849040132,-0.024433554173554906,-0.994815644266577,0.833632040577904,0.6271924607111996,0.8285712473456928,-0.1714279835950325,-1.2636341251628079e-07,-0.048847490878172195,-0.051480577079216605,,0.19317503461559637,0.2004475473949771,0.11063010608973514,0.06168343474647211,0.2019286443113291,,0.20050158366538848,0.20050117775096596,0.15138098097781566,0.1970961525185501,0.22644084820403057
2174,36075,NY,889,ok,UNACCEPTABLE regressivity,0.963976613089126,27.838473473966335,1.1521911768731437,-0.172543488861155,-33.742342735949094,0.7134496690297543,0.3479704687340547,0.6825655275887093,-0.3174343100412456,-1.847488826579166e-06,-0.09681041362255938,-0.10451928012076461,,,,,,,,,,0.23811877439237736,,
2175,47097,TN,282,ok,UNACCEPTABLE regressivity,1.0305555555555554,35.97989770026858,1.1745902079950423,-0.1455305689518933,-39.51881024049,0.7390343586411369,0.6782882000316579,0.7395913769385216,-0.2604040595544352,-4.8241588353693896e-06,-0.09859662834939642,-0.10706955292161924,,,,,,,,,,,,
2176,13063,GA,4737,ok,UNACCEPTABLE regressivity,0.823076923076923,47.001512774372664,2.1204865321377846,-0.23509797146837558,-127.15765646464574,0.48723766635954996,0.4043929406772618,-0.05061532257095187,-1.0506215112860824,-1.1704889286431091e-07,-0.3416303410790291,-0.26441717486219063,,,,,,,,,,,,
2177,21145,,0,no residential sales in 2016,,,,,,,,,,,,,,,,,,,,,,,,,
2178,48329,TX,2062,ok,UNACCEPTABLE progressivity,0.9229540387583606,20.59077639631215,1.0240761682351118,0.0844414069148437,21.87431163112783,0.9257564431903417,0.7012297266318988,0.9709085810246594,-0.029088164178965845,-4.9183607603083636e-08,-0.021795526718934033,-0.02598104508554111,,0.2234570727408303,0.13830308368264424,,,0.1517703866953586,,0.10319231829336808,0.10317761116013995,0.10401348787734514,0.1424170956150417,0.13517595942330957
2179,08105,CO,0,no residential sales in 2016,,,,,,,,,,,,,,,,,,,,,,,,,
2180,06039,CA,0,no residential sales in 2016,,,,,,,,,,,,,,,,,,,,,,,,,
2181,30087,MT,0,no residential sales in 2016,,,,,,,,,,,,,,,,,,,,,,,,,
2182,29229,,0,no residential sales in 2016,,,,,,,,,,,,,,,,,,,,,,,,,
2183,24009,MD,440,ok,acceptable (VEI within +/-10),0.9619957962165949,6.620653833628995,1.007630275185582,-0.027322273109998012,-1.7706157476926008,0.9615500585998705,0.9358468073278283,0.9414562180141699,-0.05854392587260704,-1.1648241791433763e-07,-0.008347758579004383,-0.007583297725429539,,0.08325544792120754,0.09135225604479459,0.11809069217230109,0.07465729369077917,0.07187585937712786,0.07183901063567139,0.07150017333472172,0.07150029698928827,0.09669538149393962,0.07145206932195873,0.06288900267270851
2184,48081,TX,26,skipped (fewer than 100 sales),,,,,,,,,,,,,,,,,,,,,,,,,
2185,25019,MA,0,no residential sales in 2016,,,,,,,,,,,,,,,,,,,,,,,,,
2186,21023,KY,108,ok,acceptable (VEI within +/-10),1.0,12.366579447402561,1.0537802072869682,-0.028780948318190416,-8.01186943620178,0.9301846490881984,0.8073684971323943,0.9337893905145679,-0.0662075180232715,-8.206164513888611e-07,-0.030077745300030045,-0.036092697567567056,0.0,0.1430989067770539,0.21985944395243637,0.18934411671038429,0.20781207668469537,0.23348774148878035,,0.18334239912993483,0.18332966148834487,0.19865934452396214,0.23620664599745922,0.23742874475034811
2187,19079,IA,0,no residential sales in 2016,,,,,,,,,,,,,,,,,,,,,,,,,
2188,13269,GA,77,skipped (fewer than 100 sales),,,,,,,,,,,,,,,,,,,,,,,,,
2189,18031,IN,216,ok,acceptable (VEI within +/-10),0.8165557299843014,18.50314121724193,1.0194612085296626,0.012835851896102719,3.6167451326164466,0.9341080301842121,0.774908445912897,0.9305594689049808,-0.0694358122887134,-3.969833155649533e-07,-0.017851503162695126,-0.017429989886901476,,0.22513550854520567,0.12907553286426965,,,0.12734538682988564,0.22310617468427102,0.17752056721543716,0.1775034968029688,0.12366276530629722,0.12428480734837918,0.12141399735306353
2190,47183,TN,0,no residential sales in 2016,,,,,,,,,,,,,,,,,,,,,,,,,
2191,48067,TX,188,ok,acceptable (confidence intervals overlap),0.984397897897898,19.59751005406185,1.0636972666589888,-0.055239829837821865,-11.065470078740814,0.8747651982507203,0.756481829382773,0.865535556313173,-0.13446547393070463,-1.0908276595650593e-06,-0.04351823166844504,-0.050106736238125116,0.1454554495146567,0.24027755020950692,0.23427316853469893,0.17439097671263934,0.20519052086905193,0.21622271613741106,,0.22608582498908802,0.2260843994273025,0.2101609658233529,0.2260859556521545,0.20852963582321174
2192,28045,,0,no residential sales in 2016,,,,,,,,,,,,,,,,,,,,,,,,,
2193,36073,NY,388,ok,UNACCEPTABLE regressivity,0.9883797544174903,23.16462439776731,1.0944226210710866,-0.1278692631534127,-33.25219242279718,0.7635219184402443,0.7474412270851156,0.7774990942643103,-0.22249836433167533,-3.002796670093503e-06,-0.0734993652915692,-0.07324869203403939,0.21481913547833917,,,,,,,,,,,
2194,47089,TN,0,no residential sales in 2016,,,,,,,,,,,,,,,,,,,,,,,,,
2195,37089,NC,0,no residential sales in 2016,,,,,,,,,,,,,,,,,,,,,,,,,
2196,13181,GA,136,ok,acceptable (VEI within +/-10),0.8973442857142857,30.10796784841346,1.0137717428969568,0.08304697370189115,4.836582330051055,0.9424624616224595,0.8006339233107358,1.075041699928677,0.07506943533340946,-1.8343241442368746e-07,-0.022477597190092347,-0.029716675941871218,,,0.1024999787666017,,0.15330390658225965,0.179947955918256,,,,0.09877109795777259,0.16177434913006758,0.16768113893866454
2197,17117,IL,0,no residential sales in 2016,,,,,,,,,,,,,,,,,,,,,,,,,
2198,19035,IA,0,no residential sales in 2016,,,,,,,,,,,,,,,,,,,,,,,,,
2199,21063,KY,0,no residential sales in 2016,,,,,,,,,,,,,,,,,,,,,,,,,
2200,29073,MO,0,no residential sales in 2016,,,,,,,,,,,,,,,,,,,,,,,,,
2201,42045,PA,0,no residential sales in 2016,,,,,,,,,,,,,,,,,,,,,,,,,
2202,42111,PA,757,ok,acceptable (VEI significance <= 10),0.6,32.09922859421432,1.1521807748387187,-0.08490811158132194,-35.334059705402545,0.7719903603340215,0.36321376190617694,0.7701930519772409,-0.22977423570806715,-9.170699072599109e-07,-0.08987666892213553,-0.09947113483296333,,,,,,,,,,0.18209881597328595,,
2203,40143,OK,7542,ok,acceptable (VEI within +/-10),0.9234102040816327,11.735684396080245,1.0217508173150205,-0.0077042628947509755,-0.9349018112692535,0.9541295048360616,0.6253304520463822,0.9526005826155454,-0.04739873026887063,-6.039006782748568e-08,-0.015429680747758079,-0.017874135716869466,,0.14138980038641927,0.14154901734581185,0.09002326554921437,0.05706992601623068,0.12773690531306284,,0.1282819655917079,0.12828138270971448,0.09698795071783423,0.1273670229187982,0.14041737859706227
2204,26057,,0,no residential sales in 2016,,,,,,,,,,,,,,,,,,,,,,,,,
2205,18143,IN,215,ok,acceptable (confidence intervals overlap),0.7931034482758621,34.12867330132355,1.4201917369648103,-0.14447345700153538,-25.65384233710532,0.46793042036174365,0.08397442535931497,0.41482403002758994,-0.5851742728600163,-8.358300225568337e-07,-0.24377791497555368,-0.3001988927124313,,,,,,,,,,0.21876135717056852,,
2206,20119,KS,45,skipped (fewer than 100 sales),,,,,,,,,,,,,,,,,,,,,,,,,
2207,39099,OH,0,no residential sales in 2016,,,,,,,,,,,,,,,,,,,,,,,,,
2208,06071,CA,0,no residential sales in 2016,,,,,,,,,,,,,,,,,,,,,,,,,
2209,48031,TX,174,ok,acceptable (VEI within +/-10),0.8685510603771474,24.25883142507715,1.029345813797012,-0.012457694457925233,-7.311829043126561,0.9760906207255238,0.9017911278402586,0.9204227592704975,-0.07957637605448863,-1.5628288861872827e-08,-0.012437143499778536,-0.0028108529735810794,,,0.1972145439249378,0.18832818048957714,0.1613616655977053,0.1421386832133421,0.09137231893682743,,,0.14593992626563992,0.1485044930415994,0.053930542871376004
2210,53043,,0,no residential sales in 2016,,,,,,,,,,,,,,,,,,,,,,,,,
2211,20151,KS,76,skipped (fewer than 100 sales),,,,,,,,,,,,,,,,,,,,,,,,,
2212,17043,IL,14063,ok,UNACCEPTABLE progressivity,0.9124536082474227,11.8272094752742,0.9938482914845468,0.03801450744365855,16.498581903094315,1.0127361606746577,0.9121950566223015,1.0282697113002006,0.028270310504213757,3.351732355052993e-08,0.004196245179523439,0.0032576925763371234,,0.14199014799876356,,,,,0.18416583579563467,,,,,
2213,05107,AR,0,no residential sales in 2016,,,,,,,,,,,,,,,,,,,,,,,,,
2214,12075,FL,903,ok,acceptable (confidence intervals overlap),0.7644580645161291,27.289107352808575,1.1102846018872539,-0.03961354814750528,-18.131799039589506,0.8898316192119299,0.5327551138869495,0.8849934437797167,-0.11499670675403015,-8.015822372081826e-07,-0.051589772664336175,-0.06435865340542479,,,,,,,,,,0.19946255837603735,,
2215,20059,,0,no residential sales in 2016,,,,,,,,,,,,,,,,,,,,,,,,,
2216,54027,,0,no residential sales in 2016,,,,,,,,,,,,,,,,,,,,,,,,,
2217,18155,IN,186,ok,acceptable (VEI significance <= 10),0.8391680641382003,45.050306395435314,1.257460646458043,-0.08701222358109982,-35.37183738950407,0.6064317172838911,0.3636923977916711,0.6360368917720607,-0.3639565915848145,-2.6588350466099117e-06,-0.161635553864941,-0.18483520710093315,,,,,,,,,,,,
2218,53045,WA,1197,ok,acceptable (VEI within +/-10),0.8525880281690141,16.740850064049273,1.0202374109648162,0.0020871068051995594,2.5838502813673445,0.9493094860474663,0.7445975950894697,0.9376043986910609,-0.062394960300235836,-2.025655834494892e-07,-0.014594943555746864,-0.01753371485843891,,0.1879413002744535,0.12984345129327507,,,0.11846369344671312,,0.14374761193707572,0.14374689281278882,0.11488164318744441,0.11639205487268857,0.12444940169546277
2219,37185,,0,no residential sales in 2016,,,,,,,,,,,,,,,,,,,,,,,,,
2220,21229,KY,20,skipped (fewer than 100 sales),,,,,,,,,,,,,,,,,,,,,,,,,
2221,27161,MN,237,ok,acceptable (VEI within +/-10),0.9041958041958041,13.609759584746836,1.0349401505398756,-0.04175009459130519,-2.915873186342478,0.8660378454868256,0.7044842602855097,0.887300736515882,-0.11269775738657112,-5.704266056399415e-07,-0.036818326039633975,-0.03777834597816132,,0.15936589919544764,0.16314214661908813,0.2250967376411899,0.10771740214634469,0.15773999478458645,,0.14428291559880374,0.14428161493705327,0.13986630875481534,0.15601925852832207,0.14351666783843145
2222,39137,OH,388,ok,acceptable (VEI within +/-10),0.8335503685503685,22.017416368363804,1.0242114352061298,0.01977238487516027,8.745336557976485,0.9246647725655893,0.7755881555527876,0.980306609276178,-0.019682866787948516,-4.4335321015877114e-07,-0.02328822032710187,-0.02386937464000849,,0.24340318904626948,0.13518616054326613,,,0.15379503588940943,0.24655386702059684,0.10385741080191041,0.10378648645999468,0.12477467321294253,0.15111838602201655,0.137945765506268
2223,29029,,0,no residential sales in 2016,,,,,,,,,,,,,,,,,,,,,,,,,
2224,09190,CT,0,no residential sales in 2016,,,,,,,,,,,,,,,,,,,,,,,,,
2225,21095,,0,no residential sales in 2016,,,,,,,,,,,,,,,,,,,,,,,,,
2226,31107,,0,no residential sales in 2016,,,,,,,,,,,,,,,,,,,,,,,,,
2227,28141,MS,110,ok,acceptable (VEI within +/-10),0.8163519740286942,33.412457562945114,1.134635125371247,0.01627322023245827,-6.482920288625619,0.6632810635466251,0.24203703141661428,0.6649361589717098,-0.33505490304280855,-1.4452055755394704e-06,-0.11295574765305805,-0.14359707538642796,,,,0.09779872887996698,0.1754089808668962,,,,,0.19224762647930724,,
2228,05073,,0,no residential sales in 2016,,,,,,,,,,,,,,,,,,,,,,,,,
2229,18119,IN,290,ok,acceptable (confidence intervals overlap),0.875753441519808,36.70920610079818,1.1387133409571186,-0.05818519346511171,-13.247998743292097,0.751887951774094,0.5819955261649802,0.7789622894439217,-0.2210336393361541,-2.2095175374448924e-06,-0.08980605934156971,-0.09889218456338122,,,,,0.24994177885506622,,,,,0.24752215377331516,,
2230,48161,TX,116,ok,acceptable (VEI significance <= 10),0.778731904833911,23.12341859909789,0.9958480959658754,0.059117013154420535,19.643488855789766,1.0220413144459286,0.8071040950821401,1.0021827806780026,0.0021893803218384755,4.9487556562268024e-08,0.007776630536102669,0.00965795533121705,,,,,,,,0.039644389724719384,0.0397617819253555,,,
2231,27019,MN,2087,ok,acceptable (VEI within +/-10),0.9023411371237459,9.820217162800203,1.0017761162511234,0.01869408515804522,4.856090716479819,0.9960054410733206,0.8830738646537529,0.9965085552895072,-0.0034904782314168067,-1.498194080257512e-08,-0.0011627907266811288,-0.0018921165894785208,,0.12076039128071579,0.05070469505550067,,,0.029811693556366602,0.17328966534295964,0.04017845177745147,0.040168650683186084,0.0439545677469627,0.0292666796410402,0.050468450256166406
2232,32011,NV,0,no residential sales in 2016,,,,,,,,,,,,,,,,,,,,,,,,,
2233,37057,NC,0,no residential sales in 2016,,,,,,,,,,,,,,,,,,,,,,,,,
2234,39085,OH,0,no residential sales in 2016,,,,,,,,,,,,,,,,,,,,,,,,,
2235,06109,CA,0,no residential sales in 2016,,,,,,,,,,,,,,,,,,,,,,,,,
2236,40043,OK,62,skipped (fewer than 100 sales),,,,,,,,,,,,,,,,,,,,,,,,,
2237,13305,GA,388,ok,acceptable (VEI within +/-10),0.9929640686709116,31.288736064178998,1.1254670565585054,-0.028014235977255317,-8.13901048530427,0.8719441607921782,0.6978482291243621,0.8976492399858848,-0.10234264441239564,-9.354388934342711e-07,-0.059315600665738266,-0.07536788585887666,0.17287387133918217,,,0.22606763805153127,0.2182663669233323,,,,,,,
2238,17123,,0,no residential sales in 2016,,,,,,,,,,,,,,,,,,,,,,,,,
2239,19093,,0,no residential sales in 2016,,,,,,,,,,,,,,,,,,,,,,,,,
2240,42127,PA,0,no residential sales in 2016,,,,,,,,,,,,,,,,,,,,,,,,,
2241,53061,WA,13572,ok,UNACCEPTABLE progressivity,0.7903183583854079,10.567403732760917,0.9991789367170958,0.049872093245034006,14.094725457365042,1.0097561979157124,0.666343133398117,1.0286725012670648,0.028673598965804847,1.2952102374476184e-09,0.0023805153839253634,0.0013192437409281776,,0.12796822818040973,,,,,,,,,,
2242,48317,,0,no residential sales in 2016,,,,,,,,,,,,,,,,,,,,,,,,,
2243,36069,NY,1405,ok,acceptable (VEI within +/-10),0.9514492753623188,11.411477967105615,1.0181419016504891,-0.011264140463178245,-3.7087521346187065,0.9689595143000205,0.8602873907865332,0.9650573642101036,-0.0349421608743123,-1.295907584880704e-07,-0.011234509590892339,-0.0123588309085092,,0.13903604820832408,0.13230049816947687,0.12664235164349935,0.09336660228861214,0.11445419668923622,0.21583152168119793,0.12884357574599237,0.1288405916833539,0.12154412229378167,0.11368323900590054,0.11380348966898432
2244,39075,OH,428,ok,acceptable (confidence intervals overlap),0.7520216367382986,34.04607417720938,1.1144923571589684,0.043797947156828665,17.43505481890974,0.7770805341940209,0.2772259232125789,0.963918934200174,-0.03604717028896928,-3.933517056876507e-07,-0.09475877992940829,-0.13625283969263302,,,,,,,,0.22608601182206248,0.22597892081991872,0.18033815452048824,,
2245,27151,,0,no residential sales in 2016,,,,,,,,,,,,,,,,,,,,,,,,,
2246,42025,PA,0,no residential sales in 2016,,,,,,,,,,,,,,,,,,,,,,,,,
2247,20055,,0,no residential sales in 2016,,,,,,,,,,,,,,,,,,,,,,,,,
2248,27091,MN,223,ok,acceptable (VEI within +/-10),0.9032258064516129,23.03010283094996,1.0679088600150939,-0.021637300032517136,-9.412082007716776,0.9098955633467231,0.7571858434550855,0.9165670021042585,-0.08342566156289753,-6.165944957553587e-07,-0.03848019411939019,-0.043751949674501356,,,0.21723402116540627,0.21080543395903856,0.23617370949295025,0.21989617353509947,,0.22251643297034768,0.222510455943244,0.22014415013518113,0.21773338649600513,0.2145232933586269
2249,51143,VA,622,ok,acceptable (confidence intervals overlap),0.9948530815998453,24.666064235268518,1.0719422676255719,-0.033922743027879114,-18.5661466772472,0.9159340822444637,0.9082861605083884,0.927078335922824,-0.07292270551416509,-9.534572857287868e-07,-0.0352482136405885,-0.038116387040041166,0.13335231991642457,,0.2180045455621145,,0.216468670697345,0.2205919955629719,0.2192872900752502,,,0.23546169813272036,0.21778204860309297,0.1955743287035198
2250,13087,GA,243,ok,acceptable (VEI within +/-10),1.0,12.05038199918256,1.000225660906268,0.018024899097244067,0.0,0.9928041440999229,0.9730094507224246,1.0119191181395342,0.011922760002078876,-2.2448418978939614e-09,-0.0030440924037145045,-0.0022900633714737495,0.0,0.15075679864074096,0.0031572873543772384,,0.0,0.05976544705807306,0.13225407683865018,,,0.00318956305522135,0.06043514757639371,0.044776306689976834
2251,37171,NC,510,ok,acceptable (VEI within +/-10),0.9677770789657583,11.306243623223848,1.0139570510701208,-0.00755143057160343,-4.735359388884512,0.9588045439621439,0.9134673088440312,0.9652985386265273,-0.034700842157673696,-2.7219643180624353e-07,-0.012648373509722699,-0.013258397297331692,,0.13178272112268577,0.11909856837216674,0.10477913612727513,0.14231874269953762,0.11709581892168448,0.1379602687121326,0.11781988758752164,0.11781843780349822,0.11412661649775202,0.1151212012750261,0.1189357565059825
2252,42033,,0,no residential sales in 2016,,,,,,,,,,,,,,,,,,,,,,,,,
2253,26053,,0,no residential sales in 2016,,,,,,,,,,,,,,,,,,,,,,,,,
2254,26105,MI,428,ok,acceptable (VEI within +/-10),0.9418883910786149,22.758402626269994,1.0767200701691626,-0.025141583613972316,-7.95952255315817,0.8648589216496707,0.5872489398835654,0.8984685059812566,-0.10152669486114212,-5.55736433705063e-07,-0.05128207342735891,-0.06076155012853035,,,,0.18703481266266497,0.18124463253021436,,,0.22576266354149485,0.22575519246352882,0.19096045130493933,,
2255,18105,IN,1581,ok,acceptable (VEI within +/-10),0.8763066202090593,15.70971445973477,1.0606715386509893,-0.03270764682403334,-5.614473161033799,0.868717703690426,0.5815205932312058,0.8856089728795487,-0.11439027435316278,-2.0540611546502538e-08,-0.04675266400337774,-0.05216300774407445,,0.17847505958198806,0.223061160750504,0.15158838574926428,0.1326109737997755,0.2125851387765587,,0.1786723629851794,0.17867196806233038,0.16922499702555358,0.21399561336975242,0.22650974064071483
2256,29023,MO,409,ok,acceptable (confidence intervals overlap),0.75395,30.845734747637472,1.2449457943218707,0.012511648589206266,14.558886869788198,0.6773321341511463,0.01912794083055957,0.769527740664219,-0.2304562095696464,-1.0966448838502984e-07,-0.1417369857198223,-0.1957797184952763,,,,,,,,,,0.08005170154175675,,
2257,37119,NC,0,no residential sales in 2016,,,,,,,,,,,,,,,,,,,,,,,,,
2258,29131,MO,318,ok,acceptable (confidence intervals overlap),0.7146948102096233,28.809177178229945,1.0987794544965939,0.012360735993259205,12.518118398340825,0.7784755611968222,0.20057480937974373,0.7513579709282349,-0.24863676158043369,-4.3830603078198946e-07,-0.07591202073565895,-0.08946046439766664,,,0.2425985154877073,,,,,,,0.1339754466190645,,
2259,16037,ID,0,no residential sales in 2016,,,,,,,,,,,,,,,,,,,,,,,,,
2260,23003,ME,0,no residential sales in 2016,,,,,,,,,,,,,,,,,,,,,,,,,
2261,19143,,0,no residential sales in 2016,,,,,,,,,,,,,,,,,,,,,,,,,
2262,54077,WV,188,ok,UNACCEPTABLE regressivity,0.9232539682539682,38.85160052530699,1.2512017543653027,-0.08689954919062173,-35.82977886955871,0.8701568493140767,0.618072504297125,0.8383425750165286,-0.16164368398829154,-2.4068267827593146e-06,-0.06783727267013817,-0.09189108364236409,,,,,,,,,,,,
2263,13081,GA,206,ok,acceptable (VEI within +/-10),0.975050303030303,29.2475345472299,1.057275397735307,0.00438002116073057,6.024709130152791,0.9570867766941075,0.8619907971570093,0.9394243390917444,-0.060571225462827394,-4.7343773952633324e-07,-0.019882362310416957,-0.021514897764350005,0.1809123263789932,,0.23268513504228835,,,0.19024647688083582,0.22342354282450072,0.24010429572717107,0.24008444800409695,0.24333695252810505,0.19681708170085555,0.221424682613555
2264,51171,VA,645,ok,acceptable (confidence intervals overlap),0.9540425531914893,13.840644544607741,1.0270014251414705,-0.02836013738228632,-10.40803178244239,0.899803673584471,0.8262111664993044,0.9134416514210492,-0.08655748222284854,-4.725031351941854e-07,-0.0272450135549569,-0.02858043729768811,,0.16501896358152562,0.1661410893857223,0.1899264487225795,0.14978851990412761,0.14649852484979353,0.20502925967536334,0.16244182291854148,0.16244172874845722,0.14707638268698262,0.1449371110081378,0.14475240974046627
2265,19161,,0,no residential sales in 2016,,,,,,,,,,,,,,,,,,,,,,,,,
2266,17053,IL,0,no residential sales in 2016,,,,,,,,,,,,,,,,,,,,,,,,,
2267,22087,LA,385,ok,acceptable (VEI within +/-10),0.95,3.498430392259711,1.0116166931960737,-0.015318972739538906,-5.263157894736847,0.9704519589250844,0.9218026729172937,0.9774717483195438,-0.022526357000154654,-3.1816828250991035e-07,-0.008241146035547153,-0.008641756431595704,,0.04129233748053866,0.09791593207559038,0.19752164209501194,0.11183981955827839,0.08845720930344637,0.12446516279313023,0.15784011682832272,0.15783954419102236,0.08512122229887209,0.0883265257474284,0.089720319177162
2268,28075,,0,no residential sales in 2016,,,,,,,,,,,,,,,,,,,,,,,,,
2269,53013,WA,55,skipped (fewer than 100 sales),,,,,,,,,,,,,,,,,,,,,,,,,
2270,46135,SD,238,ok,acceptable (VEI within +/-10),0.8357589285714286,17.40162299463568,1.030239510007541,-0.02507260927366052,0.9921965020479895,0.904007669151148,0.7019645858678196,0.8786144762439742,-0.12138420504652074,-5.952532038443396e-07,-0.025393529689169192,-0.026881094554739082,,0.21571242778722502,0.16629699275963586,0.1470942505225458,0.03412159144253456,0.1560442720762874,0.24546770280567795,0.2044988284023388,0.2044986600765683,0.14678254386069403,0.14712597290331744,0.14126046995775585
2271,01129,,0,no residential sales in 2016,,,,,,,,,,,,,,,,,,,,,,,,,
2272,12053,FL,5226,ok,acceptable (VEI within +/-10),0.7411335140771638,17.97695783274057,1.0235879367891176,-0.0029665240256158843,-4.0738979795576205,0.9488261206617763,0.743145697900015,0.9668416398505549,-0.033146010791678795,-2.7697662391258013e-07,-0.01683666215136559,-0.01650611237033406,,0.20506245674320073,0.14716291851591945,0.07406810345042793,0.13864563777913103,0.1403570003911579,,0.14301311066186972,0.1429974573841108,0.12114318358614257,0.13824089753238353,0.1284034963718977
2273,30073,MT,0,no residential sales in 2016,,,,,,,,,,,,,,,,,,,,,,,,,
2274,18023,IN,404,ok,acceptable (VEI significance <= 10),0.8055334781202348,25.82897019131826,1.1354301899037305,-0.07565690689194511,-17.974151351266435,0.7453404898198318,0.6209815282439796,0.7407635840111706,-0.2592011550583087,-6.883069874131696e-07,-0.09796040115119142,-0.1071373942968663,,,,,0.2334675408057532,,,,,0.2342586286315464,,
2275,32013,NV,0,no residential sales in 2016,,,,,,,,,,,,,,,,,,,,,,,,,
2276,45071,SC,252,ok,acceptable (confidence intervals overlap),0.9870890116635973,46.701836499634865,1.2174138733969264,-0.07343712661197649,-13.295019034525902,0.8421804318726941,0.8227753255032765,0.8240312410665623,-0.17596110434129686,-1.8710311761629503e-06,-0.07694291139219578,-0.07914490903605365,0.12294422424704259,,,,,,,,,,,
2277,41045,OR,245,ok,acceptable (VEI within +/-10),0.9603636363636363,18.017277424648633,1.0243220355013554,0.004285589315783584,-2.224684865820898,0.9178652875522917,0.8769538771026478,0.9331259769883824,-0.06687261887558053,-5.580576193190642e-07,-0.024090919951579304,-0.02405234433228176,,0.21941841596042613,0.15934996843049765,,0.07503966602517838,0.16126027338307627,0.15033808323493839,0.14732384901356027,0.14732223421999288,0.15086456110300928,0.1644898902156633,0.16649929188921975
2278,22039,,0,no residential sales in 2016,,,,,,,,,,,,,,,,,,,,,,,,,
2279,53019,WA,137,ok,acceptable (VEI within +/-10),0.9853107344632769,33.75376005340843,1.1185714695354887,-0.02548500708385936,-8.274295776284363,0.8664262926117922,0.8086280687757057,0.9085938308344971,-0.09138747041965065,-1.2694488231698225e-06,-0.05995687904153191,-0.0666018472659815,0.12202678464200281,,,0.23025980256062203,0.16586348147181762,,,,,,,0.23899587847015785
2280,30009,MT,0,no residential sales in 2016,,,,,,,,,,,,,,,,,,,,,,,,,
2281,28153,,0,no residential sales in 2016,,,,,,,,,,,,,,,,,,,,,,,,,
2282,30081,MT,0,no residential sales in 2016,,,,,,,,,,,,,,,,,,,,,,,,,
2283,51650,VA,1771,ok,UNACCEPTABLE regressivity,1.00342468758134,15.639832764778285,1.0538939160127887,-0.10091574029372118,-28.847437856856477,0.875561759009802,0.8820164641442748,0.8276221769374534,-0.17237877823867026,-2.7129710220034416e-08,-0.04207274297364494,-0.03801550132814979,0.14434290744756625,0.17862306087878171,0.21785563833509297,0.2219067940372027,,0.18305964058609597,0.15138137060657034,0.20546056743998617,0.20546082289944534,0.18642791777184775,0.18393915312561784,0.1735628892559407
2284,48049,TX,364,ok,acceptable (VEI within +/-10),0.8440762307937364,27.335767832552406,1.1050694034473665,0.010801129080007764,3.558830540314843,0.8521854484441297,0.42485516070895896,0.9449453576157182,-0.054995011962354554,-4.790863515964141e-07,-0.06317622587845984,-0.09165271723495394,,,,,,,,0.21452339442966753,0.21437636744947344,0.2036664283749727,,
2285,17135,IL,0,no residential sales in 2016,,,,,,,,,,,,,,,,,,,,,,,,,
2286,39169,OH,0,no residential sales in 2016,,,,,,,,,,,,,,,,,,,,,,,,,
2287,27111,MN,1387,ok,acceptable (VEI within +/-10),0.87,20.9532135887596,1.0350592759080082,0.005080757658469303,4.29668291170049,0.9503782863998186,0.7647780987267491,0.9648589875055434,-0.03513433026418161,-2.3125817094341108e-07,-0.020764414962537225,-0.026799613005997536,,0.2278882027547341,0.18241526890952212,,,0.16785339738632946,,0.1857181667319613,0.18568130301547792,0.15693327161546536,0.16489423631412625,0.1700758152391091
2288,32015,NV,0,no residential sales in 2016,,,,,,,,,,,,,,,,,,,,,,,,,
2289,22127,,0,no residential sales in 2016,,,,,,,,,,,,,,,,,,,,,,,,,
2290,23009,ME,0,no residential sales in 2016,,,,,,,,,,,,,,,,,,,,,,,,,
2291,21007,,0,no residential sales in 2016,,,,,,,,,,,,,,,,,,,,,,,,,
2292,08071,,0,no residential sales in 2016,,,,,,,,,,,,,,,,,,,,,,,,,
2293,13107,GA,222,ok,acceptable (VEI significance <= 10),1.0880545454545456,38.208787438951056,1.1699466716629339,-0.03169849273298459,-16.58903253714022,0.866492124354126,0.7924539203909423,0.8650415328419715,-0.13496090235321165,-1.1425616573170025e-06,-0.0689404237187139,-0.08320182352065486,,,,0.22372107147672432,,,,,,,,
2294,19045,IA,0,no residential sales in 2016,,,,,,,,,,,,,,,,,,,,,,,,,
2295,12033,FL,4933,ok,acceptable (VEI significance <= 10),0.782016,18.579189475807702,1.0530952304764842,-0.03515839469853777,-11.65124086932564,0.9256154984221575,0.7043216947297071,0.917664534803782,-0.0823316903292784,-1.807868034985011e-07,-0.03052730123920866,-0.03089645637063554,,0.2097096413695018,0.2095510184829395,0.21894906649020074,,0.1974008242993406,,0.21610779023112833,0.21610470982443425,0.165467627436746,0.19670262453737236,0.1975713430306222
2296,20159,KS,82,skipped (fewer than 100 sales),,,,,,,,,,,,,,,,,,,,,,,,,
2297,01037,,0,no residential sales in 2016,,,,,,,,,,,,,,,,,,,,,,,,,
2298,40081,OK,312,ok,acceptable (confidence intervals overlap),0.7085211781206171,39.03764686157836,1.1297989509485644,0.011113684858653064,12.949202663319056,0.809118020741876,0.38653819900007524,0.8989328866488906,-0.10094988058672368,-9.490119509754335e-07,-0.0819947092513802,-0.1154029024765344,,,,,,,,,,0.20565851404320548,,
2299,47131,TN,0,no residential sales in 2016,,,,,,,,,,,,,,,,,,,,,,,,,
2300,27093,MN,281,ok,acceptable (VEI within +/-10),0.8819261266606269,15.423333659567334,1.0104067285207565,0.009134188290988767,5.079969489160272,0.982200364929805,0.8546193499136028,0.9474903730156438,-0.052508531911750915,-1.9408764299901097e-07,-0.0049505848384490125,-0.005275875146405484,,0.18949231783212517,0.10076574871612654,,,0.08055677703008898,0.1893375139858016,0.12864569744014656,0.12864466226159632,0.0982599718003283,0.07729920209104182,0.0752341273639885
2301,46035,SD,0,no residential sales in 2016,,,,,,,,,,,,,,,,,,,,,,,,,
2302,18067,IN,1648,ok,UNACCEPTABLE regressivity,0.9465259215743869,24.05526950727807,1.1534756186216608,-0.1288278378120839,-45.13647692413365,0.7747678745708139,0.34675208462373014,0.7752991597211502,-0.22469969536809561,-3.404820531967041e-07,-0.0889477938465082,-0.10084722786582123,,0.24518338338254617,,,,,,,,0.16281534080576682,,
2303,25003,MA,0,no residential sales in 2016,,,,,,,,,,,,,,,,,,,,,,,,,
2304,19155,,0,no residential sales in 2016,,,,,,,,,,,,,,,,,,,,,,,,,
2305,28149,,0,no residential sales in 2016,,,,,,,,,,,,,,,,,,,,,,,,,
2306,13047,GA,955,ok,acceptable (VEI within +/-10),0.8914193548387097,13.407606202786024,1.006556390841616,0.007465783364381047,-5.17236386533543,1.002076191599684,0.8743061610080927,0.9756203869912752,-0.024377320991230023,-1.3345408434601668e-07,0.0005752307436155402,0.0015659222303625597,,0.1641248790120672,0.07716951714023167,,0.12485578729212285,,0.1491672743755968,0.09378478494582815,0.09378028258245158,0.07453716200401651,,
2307,25009,MA,0,no residential sales in 2016,,,,,,,,,,,,,,,,,,,,,,,,,
2308,21001,KY,38,skipped (fewer than 100 sales),,,,,,,,,,,,,,,,,,,,,,,,,
2309,17133,,0,no residential sales in 2016,,,,,,,,,,,,,,,,,,,,,,,,,
2310,08037,CO,4,skipped (fewer than 100 sales),,,,,,,,,,,,,,,,,,,,,,,,,
2311,21069,KY,101,ok,acceptable (VEI within +/-10),1.0,0.003510973453238118,1.0000157044974562,-1.6696616541337926e-05,0.0,0.9999857489975823,1.0000014945572526,0.9999759039800226,-2.4096268801695767e-05,-1.1833241135177463e-10,-6.799917251942844e-06,-5.817329250312753e-06,0.0,4.5767794744402996e-05,0.00015294045560017378,0.004561830673907015,0.0,0.00013939611878684426,3.6173559458683596e-06,0.003026756114353871,0.0030206914156039183,0.00015335701613393595,0.000139257774106113,0.002669971281493556
2312,15001,HI,2521,ok,acceptable (VEI within +/-10),0.895483870967742,18.21650822681735,1.040842964835202,-0.0061097547150211935,-5.1474424028596495,0.9710472936569858,0.7217067906692991,0.9743468294971912,-0.025650808931608777,-1.7034386195174357e-08,-0.015627038146365013,-0.022750527222118677,,0.21048643567680672,0.18426065812595388,0.1383548432778729,0.2206745047091493,0.17756732755257806,,0.17639906072320535,0.17640703509075453,0.14863568066596047,0.17685874714168315,0.213514413170062
2313,13157,GA,2260,ok,acceptable (confidence intervals overlap),0.6894026217839886,51.743492295827586,1.9183088767520111,-0.024921915465833392,-36.076623504162974,0.3216712180166236,0.001312288634355009,0.021200997909614678,-0.9788053839279708,-1.9217885909093945e-07,-0.39151100301032193,-0.48199887296945043,,,,0.22113226142343073,,,,,,0.14468785896720665,,
2314,41021,,0,no residential sales in 2016,,,,,,,,,,,,,,,,,,,,,,,,,
2315,26037,MI,1047,ok,acceptable (VEI within +/-10),0.9718181818181818,11.51895541621963,1.0173137230508436,-0.02868988831916431,-8.40606485812285,0.9545831355818917,0.9097690806251523,0.9336942407106608,-0.06630614658135596,-3.1673878498165253e-07,-0.012413586405227273,-0.012013030190236584,,0.13979923796307273,0.1339446189072017,0.1613360801612396,0.15397871329987717,0.10976412116973029,0.1593242808627901,0.1516958105733733,0.1516960280423496,0.13217232883476177,0.10896787503851024,0.10303936841193105
2316,20065,KS,0,no residential sales in 2016,,,,,,,,,,,,,,,,,,,,,,,,,
2317,27065,MN,331,ok,acceptable (VEI significance <= 10),0.9121951219512195,23.480763386317143,1.1016852374630461,-0.05446423612333592,-20.266946190185447,0.768040783226513,0.47630190459390087,0.833171121135448,-0.16682560657391513,-1.007675466955227e-06,-0.08091180509865015,-0.09601006145642854,,0.24334329054196846,0.24874047505485192,0.2222135754160812,,,,0.24687652192158793,0.24687502907674028,0.18330302136328727,,
2318,34015,NJ,0,no residential sales in 2016,,,,,,,,,,,,,,,,,,,,,,,,,
2319,31179,,0,no residential sales in 2016,,,,,,,,,,,,,,,,,,,,,,,,,
2320,18079,IN,206,ok,acceptable (VEI significance <= 10),0.8110733347262056,22.311898895709096,1.0848712069074293,-0.11091896042666934,-21.82080431876901,0.6815052744751455,0.43286672336679677,0.6901985522932945,-0.3097972346334087,-1.7536367917013695e-06,-0.08727103875186604,-0.09688478541793355,,0.23822709943521092,0.24989474006610923,0.2361379524816864,0.21656026274330162,,,,,0.204609131952244,,
2321,36041,NY,158,ok,acceptable (VEI significance <= 10),1.0423351158645278,23.412077652075205,1.1071851660946006,-0.08016148841848053,-22.422130436600913,0.9043279263089359,0.8755949391995339,0.8693781292906992,-0.13062376345394297,-7.160808280153233e-07,-0.04402066776858704,-0.05157346787266359,0.22886232709829327,,0.23353589971435473,,,0.20977465898008496,0.23703477004747792,,,,0.2094897514590115,0.21586672304868387
2322,37051,NC,0,no residential sales in 2016,,,,,,,,,,,,,,,,,,,,,,,,,
2323,26015,MI,1190,ok,acceptable (VEI within +/-10),0.8964495798319327,24.007301496100837,1.054758343446532,-0.023790490749042756,3.372574139605616,0.89872200573829,0.7199297812980749,0.8821673306973626,-0.11783161515282588,-5.693933216920298e-07,-0.034897692970037086,-0.03674174900328353,,,0.21709054479398285,0.16954297004963464,,0.20792692346646627,,0.23777579436561785,0.23777497050213534,0.18234477010389372,0.2008640117637757,0.20523953198979858
2324,18091,IN,947,ok,acceptable (confidence intervals overlap),0.8932907348242811,20.840855683527906,1.078369645042498,-0.06925294719299215,-15.165501309712422,0.8456484084068844,0.6565866631431729,0.8272670821858429,-0.17273267009421764,-3.403284536642906e-07,-0.056626603751863236,-0.05969246123317351,,0.23909071383085295,0.2391085787078667,0.22324024519665764,0.2131664552048929,0.23124717183172885,,0.23560413026930985,0.23560653864545486,0.19247396333373581,0.23250938632070423,
2325,48237,TX,42,skipped (fewer than 100 sales),,,,,,,,,,,,,,,,,,,,,,,,,
2326,05085,AR,1109,ok,acceptable (VEI within +/-10),0.9614754098360656,14.87375374217899,1.011828263454979,0.019838221541322473,2.493167087806989,0.9460984072797803,0.8812253157880966,1.012927750725334,0.01293152738506362,-2.1655843414362424e-07,-0.017063528921672733,-0.01942537873984973,,0.1800193472003058,0.10497777849112552,,,0.12236757448644883,0.17877167620154666,,,0.10370404361718506,0.12162110417480258,0.12223639926832638
2327,16019,ID,2145,ok,acceptable (VEI within +/-10),0.9200883392226148,12.000829755675719,1.015732480941692,-0.02364693282495803,-8.979201496208288,0.9234417641990318,0.8320403757124538,0.9064161616639592,-0.09358347500003338,-3.7106727717550763e-07,-0.018051103619018738,-0.01791805611859809,,0.14381106179640746,0.12307021944239356,0.11106692192968701,0.14602100738500334,0.12247963301025355,0.16740031751114884,0.12678034113606887,0.12678015178973406,0.11616581079652677,0.12191113513921885,0.12103394301835722
2328,54049,WV,565,ok,acceptable (VEI significance <= 10),0.9160714285714285,29.785784897265202,1.1223767121796424,-0.10422599112689016,-25.55134316997994,0.7822935781813084,0.6487833803362946,0.7444797848237003,-0.2555166739675778,-1.9433418837590746e-06,-0.07511248928891323,-0.07370354291599934,,,,,,,,,,,,
2329,22121,,0,no residential sales in 2016,,,,,,,,,,,,,,,,,,,,,,,,,
2330,51041,VA,5672,ok,acceptable (VEI within +/-10),0.9478260869565217,7.215778749327855,1.0005855966155104,0.005690500258470625,1.1818299275297826,1.0041936623187384,0.9753169875836475,0.9907686733150854,-0.00923077105953511,-1.7809402032446057e-09,0.0011239023295916972,0.002274000840226109,,0.09051445425976684,0.023845217571558296,,,,0.1608700254182627,0.04309900516358213,0.04309842234832926,0.023894543156168204,,
2331,09160,CT,0,no residential sales in 2016,,,,,,,,,,,,,,,,,,,,,,,,,
2332,16015,ID,165,ok,acceptable (VEI within +/-10),0.8882935251798562,24.483653599175543,1.0244130951775294,0.0502296883403319,5.661903978295854,0.9028128849441591,0.7931887958116836,0.9835410463900406,-0.016455528587372457,-3.871780426747948e-07,-0.028275827999442615,-0.03314445698212842,,,0.16588978585954625,,,0.18907155296655953,0.20607551496406007,0.10761943897940866,0.1075986761231363,0.1535331605401131,0.17515814847991656,0.17179494683586854
2333,47177,TN,0,no residential sales in 2016,,,,,,,,,,,,,,,,,,,,,,,,,
2334,16047,,0,no residential sales in 2016,,,,,,,,,,,,,,,,,,,,,,,,,
2335,01041,AL,70,skipped (fewer than 100 sales),,,,,,,,,,,,,,,,,,,,,,,,,
2336,55127,WI,1899,ok,acceptable (VEI within +/-10),0.9762162162162162,13.956545182792295,1.046947041045789,-0.01521339145950682,-6.30362671710752,0.9298311182720074,0.7419831884790524,0.9434640878125563,-0.056535740877444174,-6.150927127208219e-08,-0.029858877888812474,-0.037137155315911885,,0.1646804532188367,0.2116362325962857,0.12416946354993239,0.15713856549273855,0.20541815621786283,,0.15676168020046816,0.15676092197000802,0.15527941710482418,0.2068225229500456,0.22489805384136577
2337,36017,NY,581,ok,UNACCEPTABLE regressivity,1.03538,38.51884618464851,1.2202564805209495,-0.16757493048127348,-42.47643946856071,0.6767439956591319,0.6031071155772536,0.701009375843123,-0.2989892205350863,-3.0860890611021784e-06,-0.12981044697996702,-0.13954496566513974,,,,,,,,,,,,
2338,47087,TN,226,ok,acceptable (VEI significance <= 10),0.9314729950900164,35.65252498624063,1.1626798563012921,-0.09952080819634151,-24.703034843511283,0.7829843737112834,0.6977111024767689,0.7729325460690197,-0.2270588940101267,-2.672644593445476e-06,-0.08672458090537138,-0.08728620551145361,,,,,,,,,,,,
2339,16017,ID,678,ok,acceptable (VEI significance <= 10),0.7667123498753683,26.207699182441953,1.015836584961428,0.0756399476150259,17.78393374205029,0.9616710844086894,0.7589192760225947,0.9447435261441715,-0.05525246283170175,-1.3111017916287155e-07,-0.01153582716620516,-0.008110401045208881,,,0.12047291261275951,,,0.11905162032531123,,0.17291306453342076,0.17289719407567497,0.11557875737586801,0.11291282505953232,0.08981235938926396
2340,48167,TX,5917,ok,UNACCEPTABLE progressivity,0.825015309246785,25.54623136044243,1.0433522569436602,0.07221790758148383,22.4931761197657,0.8716059294470889,0.47511454972894807,0.8564062675299557,-0.1435896883082486,-1.448638209700505e-07,-0.03999418480254224,-0.0455167299496817,,,0.1887135810858803,,,0.23935306564130415,,,,0.12734436057670362,0.21698999352973317,0.21913881749856082
2341,08081,CO,193,ok,acceptable (VEI within +/-10),0.9134371584699453,17.641527290559075,1.0336300951921136,-0.030963807921376024,-7.431608429954771,0.8622412668770526,0.7771123045322746,0.8744600636922065,-0.1255387689011799,-7.943525766050191e-07,-0.03616402505966865,-0.03626320794996585,,0.2005889415533094,0.18450004212503918,0.16261626681430721,0.1153804723710873,0.16061278581876484,0.21547680927914847,0.18805416235980146,0.18805254818746844,0.16173943215598605,0.17346801914097768,0.1842197526002993
2342,42009,PA,463,ok,UNACCEPTABLE regressivity,0.9039106145251397,31.199666223369032,1.1272617749424603,-0.07837164669324793,-23.013597487063485,0.8443466813656032,0.6864641843639521,0.8503000199519157,-0.14969183881871073,-8.301164545760098e-07,-0.06495123709553674,-0.07056964378117425,,,,,,,,,,,,
2343,40151,OK,127,ok,acceptable (confidence intervals overlap),0.7625314685314686,34.11539464026079,1.5834724918062832,-0.012215269857413781,16.61960990223493,0.6040067057451229,0.056658861027908285,0.7308450205213591,-0.2691312523198722,-2.2372719990132359e-07,-0.23739059957446096,-0.364068638196954,,,,0.13464298225572727,,,,,,0.11464664627086853,,
2344,36107,NY,482,ok,acceptable (VEI significance <= 10),0.9968294318060669,25.401366084888128,1.1052336348123737,-0.09164030245702845,-21.140063555789823,0.8109247892505337,0.6062034334217443,0.811685359782427,-0.18831565517891072,-5.203973906388892e-07,-0.06705035831953632,-0.06998586021094266,0.16181444184401567,,,,,,,,,0.23895145876565083,,
2345,02261,AK,27,skipped (fewer than 100 sales),,,,,,,,,,,,,,,,,,,,,,,,,
2346,19133,,0,no residential sales in 2016,,,,,,,,,,,,,,,,,,,,,,,,,
2347,50003,VT,547,ok,acceptable (confidence intervals overlap),1.0670520231213874,21.73406498737501,1.0553068036986553,-0.036888394572864885,-12.677485201061454,0.908167985258858,0.9382237661475856,0.8914268709491677,-0.10858008227555863,-2.6620630244266453e-07,-0.03540275921493907,-0.0346272699723551,,0.23603390373919494,0.20663964468328874,0.2214329292451975,0.19461059714025697,0.19132840376531668,0.16793573859995614,0.23074713929971444,0.2307678288729371,0.24989280630787297,0.2016137840923884,0.2029889227729979
2348,29101,MO,697,ok,UNACCEPTABLE progressivity,0.682004289335153,25.94902021537346,1.031763020654206,0.08673502892673195,28.536674478379215,0.8727736993157124,0.5479379560346899,1.005203754208221,0.00523614536863624,-2.1383310978151363e-07,-0.03792586736183723,-0.042703708668500706,,,0.1573131768323214,,,0.19875948460857715,,,,0.13166104482769878,0.20639320783765766,0.21071779114547934
2349,13067,GA,14041,ok,UNACCEPTABLE progressivity,0.8591194968553459,12.437258044559098,1.0442120356376312,0.026093188776085356,12.52197129346759,0.9522376973978918,0.6710379053050608,1.0078139579850458,0.007815065005701026,-4.153347818941944e-09,-0.02178989126644182,-0.034546556741337664,,0.14762149224365229,0.1882610472354946,,,0.17331233591552261,,,,0.14162346584594807,0.17220350581760044,0.20309436400675762
2350,13225,GA,377,ok,acceptable (VEI within +/-10),0.993048128342246,33.278306104655506,1.1444736171095495,-0.059690255697101346,-9.398672644585657,0.7892971591214655,0.5968460203231122,0.7112077959584779,-0.28879270133413865,-1.6188793479589578e-06,-0.07897975440959715,-0.08659558701058856,0.2260085201880143,,,,0.1709741972431213,,,,,,,
2351,29055,MO,107,ok,acceptable (confidence intervals overlap),0.6865548273913447,28.26195141236112,1.0839996477363356,-0.10532404090540862,-17.709591765080877,0.7278753189719805,0.4569891560307113,0.7049006246176,-0.29509645364680026,-1.684563740941924e-06,-0.07278598854650498,-0.07849822970917986,,,0.24581269788640753,0.224191949099142,0.21665030649798908,,,,,0.21353511205566636,0.24447363628278862,0.24567989222583148
2352,13299,GA,355,ok,acceptable (confidence intervals overlap),1.0004460431654676,34.18655015497191,1.1463380176553908,-0.05486155752638119,-32.550667600056386,0.8253935547113472,0.7076328758551693,0.8446437715880537,-0.1553493059483733,-2.2092524522944287e-06,-0.07507847312966476,-0.08458539397957132,0.14441795178707492,,,,,,,,,,,
2353,42113,,0,no residential sales in 2016,,,,,,,,,,,,,,,,,,,,,,,,,
2354,48181,TX,1727,ok,UNACCEPTABLE progressivity,0.8226770293609672,28.552903659082027,1.039736877499911,0.0814362985344725,25.171976692914196,0.915315462513509,0.5461926301248338,0.8182475405563262,-0.18175017427178208,-3.0890485582046804e-07,-0.028859226471956267,-0.03400835085935827,,,0.19284677033725173,,,0.22287894562714602,,,,0.1528282567943419,0.20274619728041418,0.2003267008302827
2355,26087,MI,1375,ok,acceptable (VEI within +/-10),0.9175627240143369,25.03021544571781,1.0761009038403673,-0.04193731272393055,-9.205033129328688,0.8132567290749352,0.6230404215879732,0.7939974326122341,-0.20600053227828913,-9.683313711668478e-07,-0.0592656390461852,-0.06391918052676848,,0.24600763780099713,0.24097812591550494,0.19025695307152063,0.151242630737747,,,,,0.22486736341816996,0.2473996184437386,0.24988021791440163
2356,21061,KY,0,no residential sales in 2016,,,,,,,,,,,,,,,,,,,,,,,,,
2357,18029,IN,416,ok,acceptable (VEI significance <= 10),0.8154778674156258,17.75590903506162,1.0429455866269643,-0.07200801693949224,-14.247335772729775,0.7981515023130629,0.672343296474331,0.8068603615009686,-0.19313633031552227,-7.508976120791099e-07,-0.05016714489591112,-0.04980992259220285,,0.20517756877902937,0.1862256712919216,0.1846142003010327,0.20908431967313,0.20754863558356598,,0.1924582106242806,0.1924563439906747,0.17259776004990277,0.20525488097930963,0.20251777371557844
2358,48349,TX,443,ok,acceptable (VEI significance <= 10),0.8375181774115366,29.80952860093257,1.0547901579862664,0.07260928607287771,22.297299859341187,0.9137993201618178,0.3892215495283796,0.9219330018712362,-0.07805845037618775,-3.129627522484962e-07,-0.03386229256574724,-0.053742771642661946,,,0.2077344053490818,,,0.22245982350861543,,0.2253216211321663,0.22531185719499883,0.1625446045289506,0.23312589380570847,0.23231420111988627
2359,45079,SC,5783,ok,acceptable (VEI within +/-10),0.8801261829652997,26.2179454072174,1.197376182071157,-0.02219046474489576,-7.373053786128359,0.8417743720664459,0.5278689735874174,0.8043491395682327,-0.19564547552139985,-2.0521899083488905e-08,-0.08834263717139423,-0.10928968003386297,,,,0.21376898230527522,0.17726588842167532,,,,,0.22567801204879678,,
2360,08017,CO,23,skipped (fewer than 100 sales),,,,,,,,,,,,,,,,,,,,,,,,,
2361,47105,TN,0,no residential sales in 2016,,,,,,,,,,,,,,,,,,,,,,,,,
2362,51159,VA,81,skipped (fewer than 100 sales),,,,,,,,,,,,,,,,,,,,,,,,,
2363,40061,,0,no residential sales in 2016,,,,,,,,,,,,,,,,,,,,,,,,,
2364,47111,TN,0,no residential sales in 2016,,,,,,,,,,,,,,,,,,,,,,,,,
2365,24047,MD,240,ok,acceptable (VEI within +/-10),0.9617306501547989,6.806229126914517,1.0075801124877304,-0.000571283812438629,0.8073842921868812,0.9893202925791711,0.9277218374810018,0.9889946543598475,-0.011005109971390823,-3.367478169299433e-08,-0.00417939644653309,-0.0053232657396757865,,0.08232131051654117,0.11423852082532057,0.04950963177029764,0.05180475751271753,0.11103923620840374,0.20623623615777295,0.07908210293909908,0.07907991922490165,0.1179460632835766,0.11196474035509152,0.09191598521709156
2366,53035,WA,4294,ok,acceptable (VEI within +/-10),0.7029668395317825,14.931039581957108,1.013768276242357,0.027295058922495338,6.029945534108397,0.9635086928617512,0.5714988640798032,0.9711822860151756,-0.028816260368986556,-2.2954583780591305e-08,-0.011163863899638304,-0.013709406286385173,,0.17623499209633606,0.11082004056995766,,,0.10628654794279258,,0.09118192365141777,0.0911803843848329,0.07467745543352738,0.10346967796356389,0.11705166543497354
2367,12109,FL,8194,ok,acceptable (VEI within +/-10),0.761195071621757,16.9432813751271,1.0105631412241447,0.03872024951526147,6.078340323175233,0.9848714504278447,0.6844653479108462,0.9564350835603227,-0.043560009038975306,-3.2505495477861196e-08,-0.005093255528514362,-0.0049912662794378004,,0.19168316797942384,0.09853278443082003,,,0.0857807832503103,,0.16404914712307084,0.16404214704666806,0.07910044727106909,0.08235462871632175,0.07879044068357205
2368,38091,ND,0,no residential sales in 2016,,,,,,,,,,,,,,,,,,,,,,,,,
2369,51077,VA,243,ok,acceptable (VEI within +/-10),0.9084210526315789,34.343813611963256,1.353389392788837,-0.04358256353334457,-9.00891480175866,0.719344315832807,0.03223054290208151,0.7786937270178462,-0.22130647900809178,-1.6042671822696848e-07,-0.1491621845300668,-0.2301866590038395,,,,0.18160214812279776,0.1838928487888507,,,,,0.14086076876793005,,
2370,37189,,0,no residential sales in 2016,,,,,,,,,,,,,,,,,,,,,,,,,
2371,30031,MT,0,no residential sales in 2016,,,,,,,,,,,,,,,,,,,,,,,,,
2372,54083,,0,no residential sales in 2016,,,,,,,,,,,,,,,,,,,,,,,,,
2373,21089,KY,29,skipped (fewer than 100 sales),,,,,,,,,,,,,,,,,,,,,,,,,
2374,21133,,0,no residential sales in 2016,,,,,,,,,,,,,,,,,,,,,,,,,
2375,51145,VA,602,ok,acceptable (VEI within +/-10),0.9072972691265374,11.09839137436765,1.013627412141561,-0.012272233753056016,-6.694690131627573,0.9660616768203827,0.8539444132564816,0.956813735327317,-0.04318551188718842,-1.4181202936504634e-07,-0.009768176409096663,-0.010376350316272598,,0.13451702410664454,0.13562305980560552,0.11480569844622449,0.19729046318668483,0.10338226518293046,0.20512815973994167,0.13610304906467574,0.1360988436025486,0.09829063694837167,0.10203676047505088,0.10858607250413553
2376,45069,,0,no residential sales in 2016,,,,,,,,,,,,,,,,,,,,,,,,,
2377,06021,CA,0,no residential sales in 2016,,,,,,,,,,,,,,,,,,,,,,,,,
2378,47115,TN,561,ok,acceptable (confidence intervals overlap),1.0,33.72114267936329,1.161584918225244,-0.09566533223766556,-16.342361111111103,0.8299371890638564,0.7348076941007827,0.7782783036297317,-0.22172420067878615,-1.94268130890785e-06,-0.07286156901022411,-0.08033303748793119,0.0,,,,0.2371633070787633,,,,,,,
2379,39093,OH,0,no residential sales in 2016,,,,,,,,,,,,,,,,,,,,,,,,,
2380,47027,TN,0,no residential sales in 2016,,,,,,,,,,,,,,,,,,,,,,,,,
2381,42073,PA,0,no residential sales in 2016,,,,,,,,,,,,,,,,,,,,,,,,,
2382,45065,,0,no residential sales in 2016,,,,,,,,,,,,,,,,,,,,,,,,,
2383,08107,CO,908,ok,UNACCEPTABLE progressivity,0.7969219385867554,17.60287514811312,0.9693636832216261,0.07170614421762465,31.95665612818425,1.0411759855113778,0.8226402645571942,1.0728823734264246,0.07288474735787615,4.9433928136722633e-08,0.017437404189290406,0.015588677350569236,,0.19791292095014035,,,,,,,,,,
2384,51063,VA,0,no residential sales in 2016,,,,,,,,,,,,,,,,,,,,,,,,,
2385,18153,,0,no residential sales in 2016,,,,,,,,,,,,,,,,,,,,,,,,,
2386,28127,,0,no residential sales in 2016,,,,,,,,,,,,,,,,,,,,,,,,,
2387,31017,,0,no residential sales in 2016,,,,,,,,,,,,,,,,,,,,,,,,,
2388,19065,,0,no residential sales in 2016,,,,,,,,,,,,,,,,,,,,,,,,,
2389,17025,IL,0,no residential sales in 2016,,,,,,,,,,,,,,,,,,,,,,,,,
2390,56003,,0,no residential sales in 2016,,,,,,,,,,,,,,,,,,,,,,,,,
2391,19009,,0,no residential sales in 2016,,,,,,,,,,,,,,,,,,,,,,,,,
2392,23015,ME,0,no residential sales in 2016,,,,,,,,,,,,,,,,,,,,,,,,,
2393,18135,IN,260,ok,acceptable (VEI significance <= 10),0.8734517601043025,32.489420415229446,1.1728960935222819,-0.1603305402243255,-32.454927342173534,0.6558655168284482,0.2606162152895332,0.5909968035164664,-0.40900507051162877,-1.6534301723135672e-06,-0.11771362319251066,-0.12761374494874267,,,,,,,,,,0.2144397097469727,,
2394,26083,MI,0,no residential sales in 2016,,,,,,,,,,,,,,,,,,,,,,,,,
2395,01059,AL,335,ok,acceptable (VEI within +/-10),1.0,23.546147910308246,1.096879169585192,-0.055841807491430896,-9.714285714285719,0.8396359071913001,0.771979244119008,0.8687933629370912,-0.1312046726088371,-1.4092917363242369e-06,-0.06364460820504547,-0.07141966470363226,0.0,0.237744673127442,0.2478590716862107,0.21082974290716466,0.2155929975270588,,,0.22555742491600927,0.2255659378039848,0.24193398547951606,,
2396,17075,IL,0,no residential sales in 2016,,,,,,,,,,,,,,,,,,,,,,,,,
2397,27083,,0,no residential sales in 2016,,,,,,,,,,,,,,,,,,,,,,,,,
2398,38049,,0,no residential sales in 2016,,,,,,,,,,,,,,,,,,,,,,,,,
2399,51740,VA,1569,ok,UNACCEPTABLE regressivity,1.0924836601307188,30.648679562472637,1.1542772031766113,-0.281255423236487,-89.27511000876324,0.5805643971796759,0.3233185211110686,0.5220931338914468,-0.4779046081582532,-2.074423597363261e-06,-0.11885949713036892,-0.12042270726757565,,,,,,,,,,,,
2400,42105,PA,0,no residential sales in 2016,,,,,,,,,,,,,,,,,,,,,,,,,
2401,20027,,0,no residential sales in 2016,,,,,,,,,,,,,,,,,,,,,,,,,
2402,31101,NE,0,no residential sales in 2016,,,,,,,,,,,,,,,,,,,,,,,,,
2403,25017,MA,0,no residential sales in 2016,,,,,,,,,,,,,,,,,,,,,,,,,
2404,05083,AR,307,ok,acceptable (VEI within +/-10),0.9492857142857143,41.52125080605668,1.1775936779389735,0.0036018331139667146,9.912951035820544,0.7407002550535774,0.43624484409171094,0.7848826959918448,-0.21509264236407674,-2.091845576014934e-06,-0.11095899558129618,-0.14066117273980883,,,,,,,,,,,,
2405,05123,AR,0,no residential sales in 2016,,,,,,,,,,,,,,,,,,,,,,,,,
2406,39157,OH,1207,ok,acceptable (VEI within +/-10),0.8818137254901961,16.78005783072074,1.029916025280262,-0.01914630480743213,-7.255659178276925,0.9178942984374706,0.7794168678556814,0.9254775433407616,-0.07451927018614386,-6.470548225968047e-07,-0.024403442438743372,-0.02542662393244255,,0.19565151355062274,0.17341730930455634,0.16753494484664216,0.1456463094496825,0.150124921235319,0.23992932138836728,0.16611730998647872,0.1661121514700303,0.144225660747842,0.14867877168507576,0.16027811764316968
2407,31149,NE,0,no residential sales in 2016,,,,,,,,,,,,,,,,,,,,,,,,,
2408,25015,MA,0,no residential sales in 2016,,,,,,,,,,,,,,,,,,,,,,,,,
2409,56005,WY,348,ok,acceptable (confidence intervals overlap),0.9028965386042955,14.999332439021625,1.022260313776953,-0.039638895820479025,-10.705687026121145,0.8244612562137194,0.7695629591529832,0.843830728292529,-0.15616838417002982,-6.55812714654856e-07,-0.03505972821505399,-0.03446003752443283,,0.17784264372030448,0.13812441218609325,0.1190896772857339,0.11729531443758655,0.15783453429943292,0.15798803979420917,0.1594470783995559,0.15944611236943784,0.12832575955725023,0.15876306492005354,0.1727753856718849
2410,12001,FL,4032,ok,acceptable (VEI within +/-10),0.7643133997785161,13.189213953692347,1.0419622255295307,-0.0025363918627892466,0.13840548349886078,0.9424864842238299,0.5014046637571011,0.9677446621058826,-0.032252110356339785,-7.032151219015938e-09,-0.023892260215682137,-0.03273492202824113,,0.15617127070191567,0.18378493724224565,0.052039766937422786,,0.18949891767706245,,0.12827971788365894,0.1282704889337638,0.07763396078369346,0.18926669031216384,0.1918172304633757
2411,27031,MN,185,ok,acceptable (VEI within +/-10),0.9512345679012346,21.377465675254268,1.0272121765263782,0.0024840167434960437,-0.13103415273135313,0.9526207146757053,0.8780613555116076,0.9351102933571864,-0.06488994801330371,-3.5632341575925254e-07,-0.01556789475662268,-0.01873029351088107,,0.23280361950475953,0.1513432058766738,,0.02431648426211592,0.15202266504638148,0.17312385049176018,0.1555487937529547,0.15554859041077926,0.1544310529612198,0.12837216194852347,0.12754043228560505
2412,26085,,0,no residential sales in 2016,,,,,,,,,,,,,,,,,,,,,,,,,
2413,47181,TN,234,ok,acceptable (confidence intervals overlap),0.9584658187599364,37.549653062619804,1.1296528239885186,-0.043178451806281166,-17.81680785509574,0.8601708336984574,0.7905934740826307,0.8471341132281746,-0.15286656627373585,-1.8499454826159167e-06,-0.060645515887914,-0.07200451580244382,,,,0.23072103362139393,,,,,,,,
2414,48019,TX,315,ok,acceptable (VEI within +/-10),0.8116751269035533,31.653719668780916,11.589196542473287,0.006243025710245116,9.55717424106807,0.2919775101639476,0.0002138599056609417,0.646212769959322,-0.35377206956502344,-1.2618183079556132e-09,-0.6622968314588831,-0.9089704404186614,,,,0.09552748953194928,,,,,,0.018643758101860405,,
2415,01091,,0,no residential sales in 2016,,,,,,,,,,,,,,,,,,,,,,,,,
2416,55085,WI,0,no residential sales in 2016,,,,,,,,,,,,,,,,,,,,,,,,,
2417,45025,,0,no residential sales in 2016,,,,,,,,,,,,,,,,,,,,,,,,,
2418,54061,WV,990,ok,acceptable (VEI within +/-10),0.8361550151975684,17.02849440055988,1.058278636623775,-0.009231822646013887,-8.063944954747749,0.8933503340569743,0.7439147963823053,0.9224558631993484,-0.07754083910764667,-8.695060865095528e-09,-0.043215527688667876,-0.04524824196667221,,0.19747902780649423,0.21101621998265818,0.07838615658353024,0.1628513647855281,0.191466705056516,,0.17739250559686975,0.17738780176978605,0.19981008346270737,0.18999909880048826,0.17486828671523136
2419,28085,,0,no residential sales in 2016,,,,,,,,,,,,,,,,,,,,,,,,,
2420,21231,KY,0,no residential sales in 2016,,,,,,,,,,,,,,,,,,,,,,,,,
2421,05131,AR,0,no residential sales in 2016,,,,,,,,,,,,,,,,,,,,,,,,,
2422,01117,,0,no residential sales in 2016,,,,,,,,,,,,,,,,,,,,,,,,,
2423,12087,FL,2574,ok,acceptable (VEI within +/-10),0.7765732007291979,14.199756814081201,1.0307051300776715,0.004984607184372078,2.3516032102174753,0.9545477901018646,0.547102959020978,0.9815141388130335,-0.018484682176587174,-8.24394795916004e-09,-0.019991951088482063,-0.027312300443809168,,0.17012434978865348,0.14535232358580988,,,0.15560761324630187,,0.10650012025070685,0.10649846673514389,0.10071667568635216,0.1549662604586392,0.20553553454326498
2424,47091,TN,281,ok,UNACCEPTABLE regressivity,1.0210526315789474,42.83021309879913,1.4091149634516673,-0.14717217377926645,-39.700222489516584,0.717140284416041,0.2703685353410689,0.7270341436700408,-0.27296754590625555,-3.3536728747155105e-07,-0.1541949951687549,-0.19682906405548373,,,,,,,,,,0.21222950334589993,,
2425,01049,,0,no residential sales in 2016,,,,,,,,,,,,,,,,,,,,,,,,,
2426,38105,ND,353,ok,acceptable (VEI within +/-10),1.0259130434782608,19.767744541510172,1.029738252779657,0.017428584465575884,-1.2934193164772256,0.8113517323139434,0.7746262187619684,0.8635698256685607,-0.1364289734506961,-7.154757738695756e-07,-0.0417254414937156,-0.04562234635458773,,0.2103005714659446,0.17633525326217223,,0.05244039023038404,0.19089451192182288,0.1976316200643775,0.18900832191810152,0.18900733215807913,0.18369007535227413,0.17650382188779526,0.17668586923500473
2427,05105,,0,no residential sales in 2016,,,,,,,,,,,,,,,,,,,,,,,,,
2428,41047,,0,no residential sales in 2016,,,,,,,,,,,,,,,,,,,,,,,,,
2429,20197,KS,0,no residential sales in 2016,,,,,,,,,,,,,,,,,,,,,,,,,
2430,32005,NV,1348,ok,acceptable (VEI significance <= 10),0.6096571758154337,21.03299089740458,1.0015385463026125,0.0629922160225275,17.901324849288045,1.0137830486735164,0.5741070263765617,1.0017739663103309,0.001777074752626744,-2.054810462122758e-09,0.005018490159240052,0.0012110017414390661,,0.2305026890179509,0.04511682427749909,,,,,,,0.03348976198151275,,
2431,48039,TX,5458,ok,UNACCEPTABLE progressivity,0.8151327143316671,33.24797767246345,3.153902589482265,0.037487930917982734,18.33986394943436,0.18359611530820624,-2.8009078384442365e-05,0.3367638153634025,-0.6632274136314976,-1.3447879361677121e-09,-0.6048382689557699,-0.6979787570218927,,,,,,,,,,0.007692948924758999,,
2432,16051,ID,301,ok,acceptable (VEI within +/-10),0.7751127049180327,15.381924993934087,1.020412747508889,-0.008476809577525467,-0.7459315083733774,0.8560303947264504,0.6534927434061453,0.8730328630734707,-0.12696551217243845,-4.824151588707097e-07,-0.029997822168783106,-0.031387891454751404,,0.18673066727805898,0.14515837365879178,0.09930568218402819,0.08440898174642439,0.1540419126786362,0.234083722629739,0.15262344880521597,0.15262294870352802,0.10718379656645417,0.15184800556102093,0.1518090452726242
2433,54019,WV,382,ok,UNACCEPTABLE regressivity,1.022389896373057,55.67082629662706,3.5222855872747583,-0.15289534438192798,-58.36465010375575,0.5465705737812359,0.05947924259178399,0.7016200523585036,-0.29837203057993983,-4.1571560445321764e-08,-0.3761759742484998,-0.5936531883555898,,,,,,,,,,0.08195799040682362,,
2434,36035,NY,675,ok,UNACCEPTABLE regressivity,0.95,38.25660575063225,1.245325145853844,-0.213328933386893,-51.2804601866111,0.7528483108811648,0.4766483435868838,0.6801024967215796,-0.31989912726990755,-1.2892304094308507e-06,-0.10839355519845828,-0.11117151508745993,,,,,,,,,,,,
2435,29183,MO,0,no residential sales in 2016,,,,,,,,,,,,,,,,,,,,,,,,,
2436,29031,MO,0,no residential sales in 2016,,,,,,,,,,,,,,,,,,,,,,,,,
2437,19043,,0,no residential sales in 2016,,,,,,,,,,,,,,,,,,,,,,,,,
2438,48147,TX,336,ok,acceptable (VEI within +/-10),0.7780028169722579,31.32836106934869,1.0841182258892847,0.011675207921869374,3.585038392837631,0.8140554102346985,0.5191750867952991,0.7618366800432776,-0.23815904728110085,-8.814751196834548e-07,-0.06498880246409944,-0.07590005497602248,,,,,,,,,,0.19882192187266604,,
2439,19173,,0,no residential sales in 2016,,,,,,,,,,,,,,,,,,,,,,,,,
2440,05059,,0,no residential sales in 2016,,,,,,,,,,,,,,,,,,,,,,,,,
2441,01099,AL,73,skipped (fewer than 100 sales),,,,,,,,,,,,,,,,,,,,,,,,,
2442,29510,MO,0,no residential sales in 2016,,,,,,,,,,,,,,,,,,,,,,,,,
2443,48427,TX,160,ok,acceptable (confidence intervals overlap),0.601922077922078,54.76733508209815,1.523522919005746,-0.022270816638434308,18.62251759483252,0.6345786105281165,0.16348219153667612,0.619816492887017,-0.3801722966808885,-3.936691841348884e-07,-0.21678042785586826,-0.3053608446856537,,,,0.17850165744193305,,,,,,0.18462835251332146,,
2444,51800,VA,1485,ok,acceptable (VEI within +/-10),0.9708,9.888192716388433,1.0087755693612277,-0.016680929283276125,-0.749318143905235,0.9731459610719266,0.9567767253285117,0.9432153031328125,-0.05678515205165588,-1.7726781447165686e-07,-0.006121587149173768,-0.004986736072557951,,0.12122290534792751,0.08505164151688217,0.09994198373763355,0.04574532241330077,0.06099377739797315,0.07538619588153139,0.10796503373955678,0.10796595495739716,0.08743527049301653,0.06017742095734929,0.06121047289226734
2445,05129,AR,0,no residential sales in 2016,,,,,,,,,,,,,,,,,,,,,,,,,
2446,22051,LA,0,no residential sales in 2016,,,,,,,,,,,,,,,,,,,,,,,,,
2447,19029,,0,no residential sales in 2016,,,,,,,,,,,,,,,,,,,,,,,,,
2448,17067,,0,no residential sales in 2016,,,,,,,,,,,,,,,,,,,,,,,,,
2449,19139,IA,0,no residential sales in 2016,,,,,,,,,,,,,,,,,,,,,,,,,
2450,42121,PA,0,no residential sales in 2016,,,,,,,,,,,,,,,,,,,,,,,,,
2451,29225,,0,no residential sales in 2016,,,,,,,,,,,,,,,,,,,,,,,,,
2452,08095,,0,no residential sales in 2016,,,,,,,,,,,,,,,,,,,,,,,,,
2453,01001,,0,no residential sales in 2016,,,,,,,,,,,,,,,,,,,,,,,,,
2454,55131,WI,0,no residential sales in 2016,,,,,,,,,,,,,,,,,,,,,,,,,
2455,02130,AK,158,ok,acceptable (VEI within +/-10),0.8284680606649071,13.454403478507901,1.0283780557151163,-0.03638392018766934,-9.186759829600865,0.837002402592595,0.6784962838603219,0.9078163438619514,-0.09218208927967758,-3.69406571911894e-07,-0.03856375478228169,-0.04186460452619789,,0.16648192097566908,0.1840418133867678,0.15673426635092474,0.14066090467885,0.16201199911807487,,0.19864792694501185,0.1986464804788759,0.12182957975752988,0.15838383023664315,0.15904970116923148
2456,37075,NC,128,ok,acceptable (confidence intervals overlap),0.9368727272727273,29.201454504486307,1.04171780040545,0.023570122061455985,10.662110000029296,0.9348474850788581,0.9331363596811589,0.9342344391315188,-0.06576278235572147,-3.471989130804261e-07,-0.027352285189976344,-0.020894820129035097,,,0.1592917360820081,,,0.21148590346346224,0.18396278813702704,0.19053348853246385,0.19052164566211074,0.18032398293520366,0.19711703818918094,0.14455735594642793
2457,53041,WA,0,no residential sales in 2016,,,,,,,,,,,,,,,,,,,,,,,,,
2458,35047,,0,no residential sales in 2016,,,,,,,,,,,,,,,,,,,,,,,,,
2459,01077,AL,1652,ok,acceptable (VEI within +/-10),0.9985113447703375,16.90525373667466,1.0527244416224226,-0.02325051384690913,-1.5107717455325453,0.9205904857121202,0.6066628255630997,0.9300688903578451,-0.06993078839857039,-2.2964911742484808e-07,-0.03153831961705733,-0.03835737514370785,0.08873779733876042,0.19282912183595552,0.21957600333498184,0.19448170596736286,0.05936806984280911,0.20149150836576504,,0.19439363563421866,0.19439479079521005,0.1572679358081807,0.20152205520350422,0.2297217486426469
2460,22045,LA,0,no residential sales in 2016,,,,,,,,,,,,,,,,,,,,,,,,,
2461,35006,NM,49,skipped (fewer than 100 sales),,,,,,,,,,,,,,,,,,,,,,,,,
2462,48015,TX,216,ok,acceptable (VEI within +/-10),0.8402599905970851,21.284632025834252,1.0139412352597421,0.037966194383375666,2.528373482362698,0.9515706951417949,0.8305050071719131,0.9387145304956043,-0.0612833774169649,-1.1987408118437923e-07,-0.015397977473870172,-0.012733348211390494,,0.24175971113191633,0.13370020015301892,,,0.11054145477252136,0.22952335350906614,0.16852192191627222,0.16851441284103894,0.126497219104235,0.12006833683100215,0.1283309006137205
2463,21187,KY,0,no residential sales in 2016,,,,,,,,,,,,,,,,,,,,,,,,,
2464,29223,,0,no residential sales in 2016,,,,,,,,,,,,,,,,,,,,,,,,,
2465,24005,MD,3049,ok,acceptable (VEI within +/-10),0.952,6.225453171187743,1.0104745567425153,-0.020444595336314,-3.187008407149197,0.9747464367065987,0.9323874162069552,0.9590653714919407,-0.04093460958154891,-1.2483711490095348e-08,-0.008061787877750692,-0.006928867631802671,,0.07742929202458045,0.0967602706198436,0.12291352149938803,0.1005297348115548,0.07998201458283337,0.07157428770437295,0.1131474398015997,0.11314737803147852,0.0883109829207615,0.07993769918945631,0.09427959521443248
2466,49033,,0,no residential sales in 2016,,,,,,,,,,,,,,,,,,,,,,,,,
2467,40009,OK,207,ok,UNACCEPTABLE progressivity,0.9035087719298246,33.926683454363975,1.0972549605465176,0.04518681866779859,24.506379556915153,0.8433653008985268,0.3472563007303995,0.8578993851049049,-0.1420837592498636,-5.178448692333258e-07,-0.06261950692874119,-0.08767150526382039,,,,,,,,,,0.21980567694651365,,
2468,29097,MO,0,no residential sales in 2016,,,,,,,,,,,,,,,,,,,,,,,,,
2469,13033,GA,251,ok,acceptable (VEI within +/-10),0.9372,42.41288101541047,1.2064867534712664,-0.008662990447358004,8.309655915289714,0.8662731554325293,0.5704272315738516,0.8816466548363694,-0.1183356443925133,-4.944567810196339e-07,-0.07564044193264707,-0.1087076049078981,,,,0.1898364913536748,,,,,,,,
2470,21193,,0,no residential sales in 2016,,,,,,,,,,,,,,,,,,,,,,,,,
2471,19193,IA,0,no residential sales in 2016,,,,,,,,,,,,,,,,,,,,,,,,,
2472,08023,,0,no residential sales in 2016,,,,,,,,,,,,,,,,,,,,,,,,,
2473,13279,GA,271,ok,acceptable (VEI within +/-10),1.0051176470588234,30.45963663124824,1.1769110066354964,-0.039638399121248655,-2.08405924505885,0.7991352715898106,0.6226783569432519,0.8387131463812905,-0.16128251824116444,-1.0211101504949764e-06,-0.09492721947841853,-0.12421066062689423,0.0555141896971753,,,,0.18791731104968876,,,,,,,
2474,19025,,0,no residential sales in 2016,,,,,,,,,,,,,,,,,,,,,,,,,
2475,31003,NE,0,no residential sales in 2016,,,,,,,,,,,,,,,,,,,,,,,,,
2476,20133,,0,no residential sales in 2016,,,,,,,,,,,,,,,,,,,,,,,,,
2477,12045,FL,539,ok,UNACCEPTABLE regressivity,0.7051282051282052,35.73233394854786,6.777885971431516,-0.1341386366439108,-100.65572192513368,0.3981995529276923,-0.000879501642053654,0.2767652846804861,-0.7232267845133324,-7.594967709356896e-08,-0.4853431391138301,-0.7893649548291239,,,,,,,,,,0.08621968621216447,,
2478,42131,,0,no residential sales in 2016,,,,,,,,,,,,,,,,,,,,,,,,,
2479,51051,,0,no residential sales in 2016,,,,,,,,,,,,,,,,,,,,,,,,,
2480,32027,NV,0,no residential sales in 2016,,,,,,,,,,,,,,,,,,,,,,,,,
2481,29069,MO,223,ok,acceptable (VEI significance <= 10),0.6395348837209303,33.51910903614424,1.4184437798060652,-0.08620398294376143,-17.401940355824674,0.5064435211557233,0.02725254306420267,0.5282618099031411,-0.47171114288719734,-7.910255928737099e-07,-0.23801319793959475,-0.30956057393047787,,,,,,,,,,0.12322308266887005,,
2482,21165,,0,no residential sales in 2016,,,,,,,,,,,,,,,,,,,,,,,,,
2483,56031,,0,no residential sales in 2016,,,,,,,,,,,,,,,,,,,,,,,,,
2484,28105,,0,no residential sales in 2016,,,,,,,,,,,,,,,,,,,,,,,,,
2485,08113,CO,0,no residential sales in 2016,,,,,,,,,,,,,,,,,,,,,,,,,
2486,54109,WV,78,skipped (fewer than 100 sales),,,,,,,,,,,,,,,,,,,,,,,,,
2487,45081,SC,88,skipped (fewer than 100 sales),,,,,,,,,,,,,,,,,,,,,,,,,
2488,35001,NM,7685,ok,acceptable (VEI within +/-10),0.8048456140350877,15.368054886538692,1.0333607352065761,-0.013516915057049935,0.431412232270768,0.8869038711828389,0.4701037363675038,0.8935909478511169,-0.10640789057456698,-4.568645176769089e-08,-0.03218972016110522,-0.03324665595700771,,0.1807795258146259,0.17611841877411538,0.09256494821593658,,0.17233323982517335,,0.15233188476603604,0.15233031721162926,0.09044695932046082,0.17093284219735633,0.1792571908419187
2489,37019,NC,0,no residential sales in 2016,,,,,,,,,,,,,,,,,,,,,,,,,
2490,20175,,0,no residential sales in 2016,,,,,,,,,,,,,,,,,,,,,,,,,
2491,37179,NC,4204,ok,acceptable (VEI within +/-10),0.8866666666666667,9.792047701366029,0.9962499595848936,0.021800158337373886,9.899006432245498,1.0107241970314826,0.8843932470652641,1.013034580422551,0.013035359848615726,2.0561105814324434e-08,0.0035994718608189924,0.0032725911014024334,,0.12036549779815311,,,,,0.20157853946350848,,,,,
2492,55115,WI,0,no residential sales in 2016,,,,,,,,,,,,,,,,,,,,,,,,,
2493,26111,MI,0,no residential sales in 2016,,,,,,,,,,,,,,,,,,,,,,,,,
2494,21137,KY,48,skipped (fewer than 100 sales),,,,,,,,,,,,,,,,,,,,,,,,,
2495,20031,KS,73,skipped (fewer than 100 sales),,,,,,,,,,,,,,,,,,,,,,,,,
2496,55065,WI,0,no residential sales in 2016,,,,,,,,,,,,,,,,,,,,,,,,,
2497,42077,PA,4373,ok,UNACCEPTABLE regressivity,0.912,15.832044414157046,1.0584912497222063,-0.08893491520787455,-32.44858645495041,0.8639469452683975,0.7363844069458091,0.8402229064027699,-0.1597772698160413,-5.083587410703386e-08,-0.044684286310733956,-0.04652919589322568,,0.18403828282821724,0.22159144544189502,0.23075312672340698,,0.21262088488434516,0.2461856693567774,0.2072688590398582,0.20726866872392216,0.17582507026235483,0.2152024370572509,0.21948726666285828
2498,10005,DE,4595,ok,acceptable (VEI significance <= 10),0.1543874766623582,39.512025403390766,1.9667424788844252,0.018578291790634225,14.33975587284982,0.33829055944403175,6.0519529299713604e-05,0.5143084085970544,-0.48565515869382314,-4.1069179174055e-10,-0.4075881397675918,-0.5086146443307464,,,,,,,,,,0.0008869628406160373,,
2499,13185,GA,1691,ok,acceptable (VEI within +/-10),0.9344060854300761,31.047146173075753,1.365566199658667,-0.020524206870745496,-9.37384058257612,0.6220399916158341,0.1407718209583565,0.7060644545779502,-0.29393182250730976,-5.9082712252934085e-08,-0.19042370021839816,-0.24160788249779563,,,,0.21374981944642021,0.23140934197810437,,,,,0.10845614157725195,,
2500,51163,VA,217,ok,acceptable (confidence intervals overlap),0.9828571428571429,24.178939369169257,1.116129884757758,-0.11110691281501625,-14.409302200925444,0.7989708001152959,0.6366315811595867,0.743820525337198,-0.25618019812005277,-7.899928340094949e-07,-0.07372371550322421,-0.08031691420795228,0.15140295127350548,,,,0.22143276854181784,,,,,0.23986087860159827,,
2501,12037,FL,435,ok,acceptable (VEI within +/-10),0.7154244604316546,31.712521403860077,1.1123609636720453,-0.028497670061679435,-2.5424172221408403,0.9163882962313733,0.6185575516214675,0.7900347596842969,-0.20995732637646633,-2.415690669954402e-07,-0.04097597547693321,-0.03577775467823163,,,,,0.20846980054321393,,,,,0.20115284829735114,,0.21738666975113058
2502,51195,VA,297,ok,UNACCEPTABLE regressivity,1.0666666666666667,41.558987749630944,1.2809247165932585,-0.1481258845890354,-39.772643008474574,0.7047039576304821,0.4091229362320446,0.7032396847774592,-0.29676009281111065,-2.6739664781482387e-06,-0.13667522182033198,-0.1569409941902178,,,,,,,,,,,,
2503,13301,GA,48,skipped (fewer than 100 sales),,,,,,,,,,,,,,,,,,,,,,,,,
2504,12069,FL,11462,ok,UNACCEPTABLE regressivity,0.7314544081052257,36.15860254498113,1.5235514602061773,-0.09929434516109387,-31.241431946632872,0.3772752920662566,0.34492542290693523,0.12346269877031808,-0.8765370837641765,-1.3157379403179532e-07,-0.30181065590694844,-0.34572546909278223,,,,,,,,,,,,
2505,51119,VA,208,ok,acceptable (VEI within +/-10),0.9865336134453782,17.944023398843953,1.0263902920806443,-0.02755296799179688,3.556144899685121,0.9813700320429056,1.0105922365149078,0.9333397424682057,-0.06666103974563123,-2.371532267125996e-07,-0.006742981522457336,-0.0019374180237883287,0.14204589829988098,0.20522600673709515,0.1713359883121072,0.22223313396370478,0.17022976742984203,0.08526563436268497,0.13786304098950755,0.19853650973951364,0.19853696230450726,0.1915597875151738,0.12617073446877364,0.024021135978804536
2506,18109,IN,1053,ok,acceptable (VEI within +/-10),0.8560533841754051,18.175649506229018,1.0279629861482182,-0.018931619177851165,-9.052586882065208,0.9033794335160346,0.7675558908760605,0.8834945561077606,-0.11650432125075347,-4.980464121412791e-07,-0.02620126380827159,-0.02577443847025629,,0.198955646324225,0.16188257539518974,0.12191931128037665,0.1521578687045412,0.16246591451719158,,0.1765719306966165,0.17657115661201933,0.15096465663957379,0.1596118283471163,0.1566172579388362
2507,48397,TX,2377,ok,acceptable (VEI significance <= 10),0.8351070950468541,28.31714660310514,1.0605945261111442,0.10941312962186563,14.693053860513277,0.7138515808021132,0.4141634050651616,0.5421718062763865,-0.45782785037108553,-4.285419612565487e-07,-0.07155868957536882,-0.06969261336039345,,,0.22430026099717887,,,,,,,0.20413612806266246,,
2508,12133,FL,340,ok,acceptable (VEI significance <= 10),0.7695450769230769,33.23341284946044,1.1390258410870948,-0.06516801223303025,-13.857144988101716,0.8142401637343216,0.5968335979750036,0.8292951738535599,-0.17069734013605672,-1.545457098212147e-06,-0.07867618432741064,-0.08572183227500596,,,,,,,,,,0.2474263990204851,,
2509,40027,OK,4515,ok,acceptable (VEI within +/-10),0.9135076923076924,12.62298923783773,1.020845541366449,0.011029550555437207,8.649836628951457,0.9177356101147834,0.6983850172066065,0.9556771870593697,-0.04431901703484021,-9.71445575035984e-08,-0.02464302379476746,-0.0269156086253608,,0.15105571382732097,0.13946178732776135,,,0.15331168824305666,,0.12440283709619329,0.12439727479217964,0.09987681160884608,0.1518562163547806,0.1560008184957768
2510,01025,,0,no residential sales in 2016,,,,,,,,,,,,,,,,,,,,,,,,,
2511,40127,OK,130,ok,acceptable (confidence intervals overlap),0.5987752314814815,54.80969978667032,1.420098110871293,-0.09787042007463839,-25.553502872595622,0.5816654219565165,0.20628555222555012,0.6390653443870782,-0.3609043950123347,-1.7023018618281444e-06,-0.20883873398777109,-0.24924040549280124,,,,,,,,,,0.21854937110883588,,
2512,54101,,0,no residential sales in 2016,,,,,,,,,,,,,,,,,,,,,,,,,
2513,27141,MN,1674,ok,acceptable (VEI within +/-10),0.8739615751032074,9.635361016090075,1.0011505648097554,0.01567993580570348,8.057671037464683,0.9857215846164772,0.8952984790900099,1.0009521709896405,0.0009547284167074804,-1.2061990386068043e-08,-0.0033762398251071524,-0.0027822570325741758,,0.11878028537665328,0.02992988745745946,,,0.047489022735298474,0.19239725116060347,,,0.02734084142373226,0.046735393983109504,0.04222106378602445
2514,27113,MN,0,no residential sales in 2016,,,,,,,,,,,,,,,,,,,,,,,,,
2515,27079,MN,474,ok,acceptable (VEI within +/-10),0.919361130779816,14.019224531198057,1.0280998552240777,-0.030171173920739355,-8.735292108854013,0.9262816354554104,0.8338281907276667,0.9247036678557746,-0.07529500764009535,-4.1075491693233545e-07,-0.022609065461138167,-0.02371357748428604,,0.16581313073618772,0.14760485489777084,0.1663238971479803,0.18027884604790587,0.15792623144779055,0.23056174986304157,0.15125580595929716,0.15126988076934295,0.1353959728311233,0.15712961759188926,0.15389978612625754
2516,48309,TX,2933,ok,acceptable (VEI within +/-10),0.8361635220125786,20.325387902590744,1.0314309172289489,0.019375004984660864,2.2658795302664836,0.9281434108264627,0.6591455348813118,0.9425615993043466,-0.05743638747634596,-6.030688724695951e-08,-0.024747700274529105,-0.02994055264442519,,0.2248085620734195,0.1758984897962543,,,0.18043723466225664,,0.16046680291571555,0.16046360915984947,0.11627696776701406,0.17678793986333263,0.1878517353084044
2517,12011,FL,43207,ok,acceptable (VEI within +/-10),0.8108648648648649,14.887833200922449,1.014414636961956,0.008238036094982432,3.2525680624140754,0.9924815826807087,0.7077510415388109,0.98363049709191,-0.01636828455201619,-2.8055461158413687e-09,-0.0033125455508300483,-0.006626155301850956,,0.17416607227439604,0.12256376239650749,,,0.07089189535561526,,0.09721378477657411,0.09721039571104088,0.08343318511989894,0.07038618553252088,0.09004799770926827
2518,19169,IA,795,ok,acceptable (VEI significance <= 10),0.8870270270270271,9.309756275512546,0.9939944509113041,0.03966063670656593,12.112825126369621,1.0379203549634073,0.9325017670113332,1.0257569842083383,0.025757594936024236,1.0356648873119887e-07,0.009248272220885756,0.009807909553779748,,0.11438109325537368,,,,,0.12872799094750695,,,,,
2519,27053,MN,21481,ok,acceptable (VEI within +/-10),0.8985074626865671,10.520616205948633,1.0070438324973552,0.010817711946892265,6.524638918735358,0.9864291996616948,0.8196369356566731,0.9880350632419918,-0.011964304861885072,-1.4383721014837357e-08,-0.00460150916300095,-0.0054914232342198055,,0.12714626292328796,0.0841666990237307,,,0.07162198605249621,,0.06250131844231523,0.06249874307501899,0.07076957245173388,0.07104400843012401,0.08069568594056342
2520,20189,,0,no residential sales in 2016,,,,,,,,,,,,,,,,,,,,,,,,,
2521,39067,OH,175,ok,acceptable (VEI within +/-10),0.7064615384615385,51.405875317852534,1.5053418286644418,-0.12127048083808052,-1.993142925799424,0.5422990124665483,0.0852555864590088,0.549394706818591,-0.45059569457968385,-9.774629908583882e-07,-0.23062114072245143,-0.28771021792874296,,,,,0.06695107378219967,,,,,0.16213864852337573,,
2522,36007,NY,1920,ok,UNACCEPTABLE regressivity,0.9955121385706491,27.685077451638413,1.2254689546306234,-0.13999555329636146,-31.92809353510704,0.6137628399158478,0.16527681996816226,0.6264414588753184,-0.3735500156623964,-8.012859481658197e-07,-0.1506273120037045,-0.17413520291945384,0.16062300005931007,,,,,,,,,0.18411790415384793,,
2523,26095,MI,0,no residential sales in 2016,,,,,,,,,,,,,,,,,,,,,,,,,
2524,19179,IA,0,no residential sales in 2016,,,,,,,,,,,,,,,,,,,,,,,,,
2525,31127,NE,0,no residential sales in 2016,,,,,,,,,,,,,,,,,,,,,,,,,
2526,19109,,0,no residential sales in 2016,,,,,,,,,,,,,,,,,,,,,,,,,
2527,29001,,0,no residential sales in 2016,,,,,,,,,,,,,,,,,,,,,,,,,
2528,20147,KS,0,no residential sales in 2016,,,,,,,,,,,,,,,,,,,,,,,,,
2529,18013,IN,146,ok,acceptable (confidence intervals overlap),0.8962709534765589,25.542298239527536,1.0499897099009268,-0.020899444503646253,-10.488067128110197,0.8734951751783387,0.7909691562554033,0.8841686878396698,-0.11582510015195469,-7.838215004761334e-07,-0.03736702899067246,-0.03618924583685179,,,0.17029884003003024,0.10589646199506589,0.19057255768279882,0.1701203714131926,0.20796979988787273,0.23257958497639944,0.23259658165438116,0.19926396999213913,0.17260427581011187,0.19572988361949392
2530,30111,MT,0,no residential sales in 2016,,,,,,,,,,,,,,,,,,,,,,,,,
2531,24019,MD,139,ok,UNACCEPTABLE regressivity,0.978125,25.035950618044623,1.1160948465046518,-0.09017759609706841,-43.85893575064587,0.8423830065308043,0.8509876649016089,0.8435635544942365,-0.15645635612200137,-8.576447952748846e-07,-0.06352455734779361,-0.06426453919313602,0.16047400621496025,,,,,0.23691621969436225,0.18104466259962476,,,,0.23329194575342402,0.1891316969212888
2532,19157,IA,0,no residential sales in 2016,,,,,,,,,,,,,,,,,,,,,,,,,
2533,39043,OH,0,no residential sales in 2016,,,,,,,,,,,,,,,,,,,,,,,,,
2534,46019,,0,no residential sales in 2016,,,,,,,,,,,,,,,,,,,,,,,,,
2535,13031,GA,917,ok,acceptable (VEI within +/-10),0.927821052631579,17.134988097367113,1.0374444862699068,-0.003280730446731685,5.804661081455625,0.9156131516454784,0.6354817513730736,0.9491418035373866,-0.05085559521186925,-3.649684020474178e-07,-0.029282908267033836,-0.03594446714694466,,0.20463726384275743,0.18391862752171081,0.06736907162635754,,0.1833225134097893,,0.1682372399999907,0.1682297642698757,0.16393778762102423,0.18462593066383431,0.1839741855830268
2536,21149,KY,0,no residential sales in 2016,,,,,,,,,,,,,,,,,,,,,,,,,
2537,47081,TN,0,no residential sales in 2016,,,,,,,,,,,,,,,,,,,,,,,,,
2538,17131,IL,0,no residential sales in 2016,,,,,,,,,,,,,,,,,,,,,,,,,
2539,48009,,0,no residential sales in 2016,,,,,,,,,,,,,,,,,,,,,,,,,
2540,47051,TN,0,no residential sales in 2016,,,,,,,,,,,,,,,,,,,,,,,,,
2541,34039,NJ,0,no residential sales in 2016,,,,,,,,,,,,,,,,,,,,,,,,,
2542,48107,TX,36,skipped (fewer than 100 sales),,,,,,,,,,,,,,,,,,,,,,,,,
2543,05141,,0,no residential sales in 2016,,,,,,,,,,,,,,,,,,,,,,,,,
2544,49021,UT,493,ok,acceptable (VEI within +/-10),0.785994641661085,29.08415724314603,1.076577790769397,0.015232692402092395,6.535907195933297,0.6895621211116352,0.5219284015202488,0.5819659684580362,-0.41803319378580117,-1.2829219654789615e-06,-0.07490015568985653,-0.07368650595330029,,,0.2433836040571719,,,,,,,0.24511985007090092,,
2545,53059,,0,no residential sales in 2016,,,,,,,,,,,,,,,,,,,,,,,,,
2546,47189,TN,3427,ok,acceptable (VEI within +/-10),0.8975609756097561,22.85124542790716,1.0278113580623673,0.04452750204647318,5.4168682037226175,0.9268179165011955,0.7502773461628998,0.8326895387981441,-0.16730901212402555,-3.5730591834430775e-07,-0.019616159993481874,-0.019389067982994224,,0.2405864081442763,0.16310255360121173,,,0.1705990055019009,,,,0.16982166534622964,0.14740052435923653,0.13234107178359966
2547,36121,NY,439,ok,UNACCEPTABLE regressivity,0.9910802775024777,26.569200138198237,1.0915249666685647,-0.09484126325613458,-17.928821101765028,0.8408115894448993,0.8876308587906718,0.8152715272662907,-0.1847294880600137,-1.707951279347779e-06,-0.056537960930080455,-0.05207830270266256,0.21997478343490412,,0.24483283038564754,,,0.2424189641755903,0.16899395913747725,,,,0.24128104563892291,0.2277434213495544
2548,26115,MI,0,no residential sales in 2016,,,,,,,,,,,,,,,,,,,,,,,,,
2549,27041,MN,754,ok,acceptable (VEI within +/-10),0.9062575130711525,12.74662779706087,1.0179303542641456,-0.01291747812599709,-2.6295081114509746,0.9617148531554112,0.8755812261208528,0.9617311007861866,-0.03826816254945418,-1.7326595860472225e-07,-0.01329362145627222,-0.014678495493986476,,0.15679484768237734,0.14450097656668645,0.09719591420333697,0.10461063699170808,0.14460069070319284,0.18711229960779244,0.13660608540003347,0.1366051921891241,0.13558264099716508,0.1447339101949099,0.13609322792116424
2550,39097,OH,0,no residential sales in 2016,,,,,,,,,,,,,,,,,,,,,,,,,
2551,38103,ND,0,no residential sales in 2016,,,,,,,,,,,,,,,,,,,,,,,,,
2552,18059,IN,1149,ok,acceptable (VEI within +/-10),0.8966183574879227,14.161801265124454,1.0360656580814784,-0.06725706068333123,-9.370767662953272,0.816399022590528,0.6903779336713172,0.8308391443039447,-0.16915950930647441,-7.933268347477444e-07,-0.04487173181872617,-0.04681947025599009,,0.1689216178149136,0.1751365113979595,0.17205809722614718,0.1724555505084156,0.17704099298888884,0.24987093177454225,0.1757769814862046,0.17577651784708237,0.16034821835472723,0.17746054118627333,0.19871285092391763
2553,48143,TX,331,ok,acceptable (VEI within +/-10),0.8329993738259236,20.694386247936045,1.0184415440910124,0.035333277052352424,7.749024102555184,0.9386568365178731,0.7090276377468026,0.9584273103054358,-0.041570510791034895,-3.1251326369944854e-07,-0.018173896063427897,-0.02521300123206016,,0.228298641183113,0.12272874375225176,,,0.13139963618852524,,0.12091647454581346,0.12091484583007346,0.11196482362154665,0.13531596549628677,0.14083046565960078
2554,42023,,0,no residential sales in 2016,,,,,,,,,,,,,,,,,,,,,,,,,
2555,26139,MI,4729,ok,acceptable (VEI within +/-10),0.8816120906801007,11.651581413727683,1.0036608890981347,0.013458031389472653,2.8769767340726204,0.9924756125842674,0.8594410912307117,0.9890579420683149,-0.010940732435373168,-4.655009351172584e-08,-0.0021198125588914873,-0.0024230740038615473,,0.13905233485562032,0.0569828932051255,,,0.04083818230170657,0.1828870475746942,0.057118865018163656,0.05711630220730189,0.05107274410420648,0.04026844222109554,0.041486507671969354
2556,21217,KY,240,ok,acceptable (VEI within +/-10),0.9090909090909091,16.96304208942811,1.0327535486342243,-0.00631094650073845,-1.0316322629969443,0.9157789655148241,0.7976661630227212,0.940571854212888,-0.05942397398815424,-5.760471947061824e-07,-0.029029010495069674,-0.032404536049549515,,0.20246196321365598,0.1741204904843724,0.14328786406186747,0.07838443096307834,0.18188339407430434,,0.1892280482619675,0.1892252284351069,0.1630169323043791,0.18626769763250348,0.17701064610844786
2557,19051,,0,no residential sales in 2016,,,,,,,,,,,,,,,,,,,,,,,,,
2558,39035,OH,0,no residential sales in 2016,,,,,,,,,,,,,,,,,,,,,,,,,
2559,36003,NY,450,ok,UNACCEPTABLE regressivity,0.9689635746606335,34.8228754481602,1.2433474365685764,-0.17700539209652832,-35.0706433292167,0.6671747992967486,0.3302903115376759,0.6729660699941804,-0.3270316554060445,-2.698273081489935e-06,-0.13711889154579393,-0.15836162670729204,,,,,,,,,,,,
2560,38081,ND,38,skipped (fewer than 100 sales),,,,,,,,,,,,,,,,,,,,,,,,,
2561,19007,,0,no residential sales in 2016,,,,,,,,,,,,,,,,,,,,,,,,,
2562,41053,OR,1353,ok,acceptable (VEI within +/-10),0.9045454545454545,10.332842359013299,1.0043808292418017,0.01609686463927716,1.7304159178397505,0.9716695486023788,0.9190616663530878,0.9789379692302521,-0.02106112398435916,-4.5722935213952166e-08,-0.006002535358283101,-0.006321223750266114,,0.12679020864194557,0.0624916541140373,,,0.061320679692792944,0.11387025726965579,0.0580053643462508,0.05800436821759622,0.05965865314613287,0.060206011257456477,0.060876778495612266
2563,28111,,0,no residential sales in 2016,,,,,,,,,,,,,,,,,,,,,,,,,
2564,51037,VA,0,no residential sales in 2016,,,,,,,,,,,,,,,,,,,,,,,,,
2565,35005,NM,376,ok,acceptable (VEI significance <= 10),0.8407936473668816,19.027243884448716,0.9922576361926635,0.06421601745780041,12.544355522512216,1.022477265387357,0.9097550997640629,1.0227754349057334,0.022778987749395605,4.0680462998425455e-08,0.007183049814061926,0.00851894442227219,,0.2212119562256161,,,,,0.21503454617080725,,,,,
2566,47057,TN,298,ok,acceptable (VEI significance <= 10),0.913907802901784,32.621431233653766,1.1181916245235544,-0.03439820449620355,-12.014770113569972,0.84443492023548,0.6740771096237906,0.8484122592754758,-0.15158552478365073,-1.19214606131644e-06,-0.06655553398163616,-0.08491597668151951,,,,0.2302494114640088,0.21684071671959382,,,,,0.23200041495556606,,
2567,55081,,0,no residential sales in 2016,,,,,,,,,,,,,,,,,,,,,,,,,
2568,12023,FL,1013,ok,UNACCEPTABLE regressivity,0.8297906976744186,22.793436285689832,1.0992472340752821,-0.049585242650931664,-19.134562364272846,0.9015675300614652,0.5927380738351803,0.8994940185140258,-0.10050438314296674,-6.537847261665041e-08,-0.04589224439344597,-0.0547260772362943,,,,0.217474603115681,,,,,,0.169036860773519,,
2569,28087,MS,311,ok,acceptable (VEI significance <= 10),0.6910672853828306,21.967017791236014,1.0360418392099717,0.008342308782162229,15.529268973006628,0.9217548777090008,0.5016272529773259,0.8995143705906524,-0.10048328835851358,-1.4415265680716697e-07,-0.022918533512158445,-0.02593404753101236,,0.23157502858471268,0.15751864748007596,,,0.15262643006070006,,0.17459208153035374,0.17458975587556427,0.0957074343381375,0.14134544525911538,0.15302163421795187
2570,55005,WI,1190,ok,acceptable (VEI within +/-10),0.974588698809613,15.064534877526611,1.032608053005587,-0.018585752126465672,-4.17470992064173,0.9219990593903115,0.8438272669175351,0.9388378781081459,-0.061160438416226565,-5.245749031350821e-07,-0.026261468041498093,-0.029741281791464624,,0.18376190836744846,0.17965771481599024,0.14923275534138397,0.14674325043054298,0.18228589401950304,0.2223393772061502,0.18890022452196875,0.18890063384831718,0.16259882424035058,0.17822337863483806,0.186363515104427
2571,13017,GA,186,ok,acceptable (VEI within +/-10),1.0113151476251603,34.59555537667737,1.1079926373367188,-0.00972269711716606,-8.931553537813016,0.8717252880648789,0.8764732373227568,0.9161836943601256,-0.08380977061280627,-1.8138326236795959e-06,-0.0586165967067398,-0.06174665696284354,0.12536745789870515,,,0.16264667284527418,0.23795124046288424,,0.1973074356866908,,,,,
2572,38025,ND,10,skipped (fewer than 100 sales),,,,,,,,,,,,,,,,,,,,,,,,,
2573,40107,OK,80,skipped (fewer than 100 sales),,,,,,,,,,,,,,,,,,,,,,,,,
2574,47125,TN,0,no residential sales in 2016,,,,,,,,,,,,,,,,,,,,,,,,,
2575,36015,NY,934,ok,UNACCEPTABLE regressivity,1.0015,19.3021344935041,1.0733758708976058,-0.09149360419990457,-28.307479731108756,0.8789260873208649,0.7899852370876568,0.8323547243340075,-0.1676464051412336,-9.873739475991042e-07,-0.04411313209972101,-0.043064211030664046,0.1295054072101647,0.2203428013186862,0.23720168555425902,,,0.23147765799339245,,0.24319009677304265,0.24318986489285388,0.23392369506459496,0.2324402704438462,0.22584589423424897
2576,19131,,0,no residential sales in 2016,,,,,,,,,,,,,,,,,,,,,,,,,
2577,47015,TN,0,no residential sales in 2016,,,,,,,,,,,,,,,,,,,,,,,,,
2578,40149,,0,no residential sales in 2016,,,,,,,,,,,,,,,,,,,,,,,,,
2579,13035,GA,358,ok,acceptable (VEI within +/-10),0.9612362971904007,9.466239805515077,1.0218019528801667,-0.01841150174592088,-8.460937081380154,0.9409328302073985,0.8440303829601179,0.955672998637772,-0.04432516916330719,-4.268598199137686e-07,-0.01936071950505691,-0.022529570307099567,,0.11477550481651387,0.13567613185681568,0.15355700278270143,0.18564111773713124,0.12888563858948343,0.2053222676183973,0.1253446428695572,0.12533944508644357,0.1423935016200534,0.1296367027798417,0.12413377980227727
2580,51007,,0,no residential sales in 2016,,,,,,,,,,,,,,,,,,,,,,,,,
2581,27021,,0,no residential sales in 2016,,,,,,,,,,,,,,,,,,,,,,,,,
2582,17201,IL,3362,ok,acceptable (VEI significance <= 10),0.9439323529411765,13.159119076556212,1.0277131840469431,-0.03395570924219344,-10.724713718918384,0.9145443567426288,0.8309693154504515,0.916617221352452,-0.08338169135508945,-6.593486300351557e-07,-0.02505951337269141,-0.02666929251559491,,0.1597846716786303,0.16304103673697715,0.16746874021854205,0.1903992370754017,0.15786860136153255,0.20898205166875683,0.1655683007376305,0.16556787717257537,0.14998025169631118,0.15764475595657002,0.15580712060366306
2583,37079,NC,169,ok,acceptable (confidence intervals overlap),1.0267948717948718,45.86067090467006,1.2352128493946226,-0.06640174725720212,-20.12471129966827,0.8286548328672895,0.691001515551493,0.827321617556064,-0.1726793119864491,-1.7391233700264315e-06,-0.08862908268109648,-0.11342991518093437,0.2096054149681883,,,,,,,,,,,
2584,17189,,0,no residential sales in 2016,,,,,,,,,,,,,,,,,,,,,,,,,
2585,56007,WY,78,skipped (fewer than 100 sales),,,,,,,,,,,,,,,,,,,,,,,,,
2586,29115,,0,no residential sales in 2016,,,,,,,,,,,,,,,,,,,,,,,,,
2587,19187,IA,0,no residential sales in 2016,,,,,,,,,,,,,,,,,,,,,,,,,
2588,18033,IN,554,ok,acceptable (VEI within +/-10),0.8313278360310835,18.771848111703324,1.0280382554786733,-0.009610239768889436,-8.045425710748148,0.9148020004565242,0.7380267149754408,0.8896173790575216,-0.11038133870697288,-4.761851166149192e-07,-0.02434714452494946,-0.023404770424563903,,0.210716071776553,0.15473296051593258,0.09212820668735801,0.16896227647986586,0.153503256297332,,0.17416074809788534,0.17415853080077004,0.13484831954103757,0.14604351321632825,0.1412888316978898
2589,37153,NC,421,ok,acceptable (VEI within +/-10),1.0150066666666666,29.030439512015203,1.1519659679796714,-0.028219013889171817,3.1663721967890686,0.822303546590296,0.3228653505904995,0.863638651237394,-0.13635726630772577,-1.0573248441315088e-06,-0.08099075436424696,-0.11058196390046438,0.14179555402893823,,,0.21729897012265165,,,,,,0.2288615869053254,,
2590,17017,IL,90,skipped (fewer than 100 sales),,,,,,,,,,,,,,,,,,,,,,,,,
2591,21055,KY,11,skipped (fewer than 100 sales),,,,,,,,,,,,,,,,,,,,,,,,,
2592,17039,IL,190,ok,acceptable (VEI significance <= 10),0.9711642512077294,11.00052511505787,1.0363269639255677,-0.0386985766497439,-11.747179211342916,0.919502059008509,0.8049760527823361,0.916532002811434,-0.08346701388962667,-6.700391435513119e-07,-0.028321096487897046,-0.032227414694673495,,0.13904101208856787,0.18073253679697143,0.2068720930491936,0.2264218603888758,0.18546120063527363,0.21642152615543486,0.18071311427982872,0.18071106968399134,0.1579500977991359,0.1857613846707511,0.18816920829217954
2593,37003,NC,346,ok,acceptable (confidence intervals overlap),0.9174521623419827,17.786453699996738,1.0345559456122804,-0.012022158858717914,-11.921687652757667,0.9397055492164034,0.8544048604344743,0.9611688460521405,-0.038829021176171194,-3.568213881723965e-07,-0.023385967759366855,-0.025391882773844854,,0.19742840050887886,0.18682315232629224,0.09415141810352864,0.23687685141309603,0.18971983188087138,0.22129537358177806,0.16854661905302815,0.1685338599248901,0.17806239326352308,0.18958965308779688,0.1894766558597229
2594,29037,MO,1541,ok,acceptable (confidence intervals overlap),0.7267356881851401,19.375379654837005,1.018630395681202,0.03619712242429076,12.64019502373483,0.9225257794020866,0.6636639865414268,0.9214726718930503,-0.07852447835106133,-2.301113099613159e-07,-0.02071286424506047,-0.02249391337372253,,0.21184037822697144,0.1308241808139928,,,0.14960099502078522,,0.14875904296026476,0.14876161418098743,0.10373975777166516,0.14125213168092562,0.1484708288583391
2595,13001,GA,157,ok,acceptable (confidence intervals overlap),0.9733470588235295,29.612412076099208,1.065085099784502,0.0008236940645626063,15.606688166914578,0.9071993618021889,0.8299997225074075,0.9479025803661679,-0.05209124603842688,-1.1309673346036174e-06,-0.037988932049422,-0.04492029631841454,0.22096934812545754,,0.19106325216668416,0.08333571080440565,,0.19623326843371522,,0.2369466505980938,0.23694067904945962,0.1927418184060585,0.19550428324614164,0.20708676242195392
2596,45077,,0,no residential sales in 2016,,,,,,,,,,,,,,,,,,,,,,,,,
2597,16061,,0,no residential sales in 2016,,,,,,,,,,,,,,,,,,,,,,,,,
2598,54073,,0,no residential sales in 2016,,,,,,,,,,,,,,,,,,,,,,,,,
2599,36079,NY,1145,ok,acceptable (VEI within +/-10),0.9596363636363636,18.74477974547444,1.0571238613467269,-0.05684765058082997,-6.535809018567639,0.8139225339417449,0.6651246947553154,0.8268719634198537,-0.1731272332305248,-3.132781253441143e-07,-0.0540005805488144,-0.057098330765462224,,0.21391596990378695,0.22228928875636253,0.19703136760788367,0.21184100231700217,0.22280998083627845,,0.22286208233386526,0.2228619488258479,0.17571682586024384,0.22174142226567675,0.2245096947977978
2600,32510,NV,0,no residential sales in 2016,,,,,,,,,,,,,,,,,,,,,,,,,
2601,47113,TN,0,no residential sales in 2016,,,,,,,,,,,,,,,,,,,,,,,,,
2602,36053,NY,820,ok,acceptable (VEI significance <= 10),0.9487684231778719,17.82908579920531,1.0585534819705555,-0.04926245720727904,-13.09623319381082,0.8780844489299497,0.7769510194618903,0.8866134749931913,-0.11336903119763665,-4.960226141609317e-07,-0.04323286730908049,-0.043752134770797424,,0.20366774379786234,0.22892910525957721,0.22731210471635,0.1756838353086775,0.21538304454428073,,0.22378100065969161,0.22375328104042633,0.2014764272230278,0.21686692473165015,0.21872546440691515
2603,38069,,0,no residential sales in 2016,,,,,,,,,,,,,,,,,,,,,,,,,
2604,46093,SD,0,no residential sales in 2016,,,,,,,,,,,,,,,,,,,,,,,,,
2605,21115,KY,18,skipped (fewer than 100 sales),,,,,,,,,,,,,,,,,,,,,,,,,
2606,48493,TX,658,ok,UNACCEPTABLE progressivity,0.7486073608360326,37.06883811744198,1.020504497839177,0.13606746411322365,44.024877438373515,0.9193434598651758,0.5233852095282118,0.8163112670128942,-0.18368305537955934,-1.9070100172844633e-07,-0.023199169824639654,-0.0327950175840106,,,0.1338735751813464,,,0.21795920793337528,,,,0.12441586350549967,0.173938663800482,0.16061867441848854
2607,48233,TX,207,ok,acceptable (VEI within +/-10),0.7692796610169491,20.8319239654569,1.0344548498238832,0.0003179125427192425,0.7831767995775886,0.9271386082895499,0.6569380306635986,0.9300155316955081,-0.06998127920442708,-4.743322180526209e-07,-0.026014904379302317,-0.035533981160403405,,0.221085184962419,0.21545168424839584,0.053055582578265745,0.11952193739419434,0.21607573615813003,,0.1849755082837228,0.18497696284930468,0.149981431588887,0.21242515704748832,0.21602035595302266
2608,16083,ID,1256,ok,acceptable (VEI within +/-10),0.7849810942588662,19.868517107276894,1.0342097417562541,0.037255385667951106,7.992386624806439,0.8640316953254922,0.47507463555805496,0.8351578204594783,-0.1648399052409063,-3.8142981320138246e-07,-0.03459674092450138,-0.03722704129103005,,0.2188926886490818,0.1761721972614155,,,0.18966645036349872,,0.21342405456248453,0.21342299696316208,0.13077227640217606,0.17224759854572158,0.17578782274689508
2609,47085,TN,0,no residential sales in 2016,,,,,,,,,,,,,,,,,,,,,,,,,
2610,16025,ID,22,skipped (fewer than 100 sales),,,,,,,,,,,,,,,,,,,,,,,,,
2611,36119,NY,5385,ok,UNACCEPTABLE progressivity,0.7555,46.43158200375882,0.990206382472853,0.18555680299604277,106.17721815934382,1.0518870717451438,0.6159298096650806,0.9992716065031502,-0.0007063263584888153,8.640434049832397e-09,0.020410870476702314,0.03259779099494475,,,,,,,,0.03975079992960358,0.038985874332963896,,,
2612,31067,NE,0,no residential sales in 2016,,,,,,,,,,,,,,,,,,,,,,,,,
2613,29035,,0,no residential sales in 2016,,,,,,,,,,,,,,,,,,,,,,,,,
2614,36091,NY,3229,ok,acceptable (VEI within +/-10),0.9143518518518519,15.709875943064093,1.0222508172514173,0.0027004209997280523,6.060810717210091,0.926427343174554,0.8051593057106727,0.9290377933421996,-0.07096118734682509,-1.854248057417168e-07,-0.02016709344310086,-0.023259651867419295,,0.18247717417185808,0.1494557822324964,,,0.14383552049532294,0.23117272949818446,0.1504074855192241,0.15040496868534048,0.13242525972108826,0.13942351024148708,0.15374198111956625
2615,28067,,0,no residential sales in 2016,,,,,,,,,,,,,,,,,,,,,,,,,
2616,18009,IN,120,ok,acceptable (VEI significance <= 10),0.8508652482269503,24.84071962108365,1.1635298115679404,-0.12709948609032637,-24.54232842749653,0.7192475454105869,0.22365497980140864,0.7376560782496269,-0.26234183165461206,-1.1281045474331014e-06,-0.1049674449260729,-0.12769281187869463,,0.24381060984487546,,,,,,,,0.15241990984670875,,
2617,54037,WV,900,ok,acceptable (VEI within +/-10),0.915395554102648,16.378748216386466,1.0093201476221638,0.016377647653183638,-1.138091835614692,0.978203073542059,0.8896260391420454,0.9784877099491234,-0.021508432530120147,-1.5552406380725422e-07,-0.005789357014607477,-0.005217179990360643,,0.18894952514573102,0.09961412798999762,,0.03255409882009074,0.07338522662489429,0.15983964311373522,0.09423191347576534,0.09422739327766308,0.10060397872364393,0.0745052695255203,0.07752161320726644
2618,40101,OK,770,ok,acceptable (VEI within +/-10),0.897469281553398,21.393520163198634,1.0683138533987353,-0.012098813971345159,-8.195985436469421,0.9180319799306081,0.4537276497112847,0.9272768880406175,-0.0727180872012922,-1.99025077306125e-07,-0.0341665779795608,-0.04718489256034997,,0.24137315736798326,0.24399660455201747,0.15615696002393722,0.2066847462642498,0.2418366524011842,,0.22409860174044804,0.2240935992394138,0.14114025476562067,0.24126127662077632,0.24553651378208688
2619,31087,NE,58,skipped (fewer than 100 sales),,,,,,,,,,,,,,,,,,,,,,,,,
2620,39121,,0,no residential sales in 2016,,,,,,,,,,,,,,,,,,,,,,,,,
2621,31001,,0,no residential sales in 2016,,,,,,,,,,,,,,,,,,,,,,,,,
2622,45015,SC,0,no residential sales in 2016,,,,,,,,,,,,,,,,,,,,,,,,,
2623,13077,GA,2978,ok,acceptable (VEI within +/-10),0.8793539973539973,14.639511810499481,1.0184541280960087,0.028942505879745055,7.080716003199798,0.9562632131499039,0.6257760054476815,1.002908010112985,0.0029111509424726077,-2.892737814288709e-08,-0.014141808777593967,-0.02007784344434982,,0.1735079577272186,0.13018631371142647,,,0.12205815905652664,,,,0.09801812923346703,0.11243718247521546,0.14350615897075447
2624,20037,KS,248,ok,acceptable (VEI within +/-10),0.8111705407285121,21.885922238674535,1.0361593745997146,-0.006125535723584132,-2.390825523495259,0.9156182293039477,0.7392499165152848,0.8946601851443639,-0.10533261442636076,-6.094001440891582e-07,-0.02748264647270071,-0.025703244361718225,,0.2360134738747486,0.18004721826655198,0.12616723323960607,0.11360075337274972,0.1567013944805142,,0.20121720842431648,0.2012135819323608,0.14414763846629522,0.15032296782314147,0.1491924785675247
2625,53049,,0,no residential sales in 2016,,,,,,,,,,,,,,,,,,,,,,,,,
2626,01015,AL,1374,ok,acceptable (VEI within +/-10),1.0,27.491862899289575,1.141983057944581,-0.09855393906077901,-9.902325860493576,0.7544072954502145,0.49841801851888773,0.7118602571311625,-0.288139122536071,-1.2733470053778414e-06,-0.0906642575079506,-0.10090149707020668,0.0,,,,0.13841801121609934,,,,,,,
2627,20017,,0,no residential sales in 2016,,,,,,,,,,,,,,,,,,,,,,,,,
2628,48073,TX,359,ok,acceptable (confidence intervals overlap),0.8272307692307692,30.359384161551425,1.1758833718132415,0.013667720290606722,19.702910875587932,0.7867183888252414,0.1975969996999716,0.8755953466112755,-0.12439908116606649,-3.6486405139747993e-07,-0.10074086396937187,-0.1518624495996106,,,,,,,,,,0.16989560436287302,,
2629,18005,,0,no residential sales in 2016,,,,,,,,,,,,,,,,,,,,,,,,,
2630,51185,VA,0,no residential sales in 2016,,,,,,,,,,,,,,,,,,,,,,,,,
2631,38009,,0,no residential sales in 2016,,,,,,,,,,,,,,,,,,,,,,,,,
2632,13211,GA,282,ok,acceptable (VEI within +/-10),0.9338708156529938,16.588526372698205,1.0276798083229715,0.0028823088215298473,1.8828612875322708,0.947553327210215,0.79642729730969,0.9796988620625822,-0.02029971225824531,-2.0113637924680635e-07,-0.020647106458515863,-0.03262894873972244,,0.1901087288654878,0.15476491170714501,0.10776854511733025,0.05743705462755471,0.18872218006748684,,0.15213102371854384,0.152118249871298,0.1716560313021734,0.18893829063763495,0.21064680891909907
2633,39047,OH,362,ok,acceptable (VEI significance <= 10),0.8473975692269139,21.319242101695828,1.087020740988937,-0.07580215555616994,-23.892467645315914,0.83454552152577,0.7199278099691117,0.8416355514449061,-0.1583592174907416,-1.6452773764288456e-07,-0.06350950405821809,-0.06274983538827028,,0.24359810846880886,,0.24121686257302302,,,,,,0.21523517072875295,,
2634,47033,TN,170,ok,acceptable (VEI within +/-10),1.0,19.870024170675503,1.0708745712490895,-0.03030455458918946,-5.767823115782833,0.8594958928044966,0.7977120414793056,0.9110801692901475,-0.0889160846158289,-1.3396011872345244e-06,-0.053546168431765295,-0.061976087467251695,0.0,0.2299783854869618,0.20508265000072692,0.1898431875899625,0.12290590709015654,0.2459670661496677,0.22864639633361666,0.23599843657561845,0.2359971515034446,0.23928033239726254,0.21596024100628872,0.22429005695977994
2635,31035,,0,no residential sales in 2016,,,,,,,,,,,,,,,,,,,,,,,,,
2636,08055,CO,182,ok,acceptable (confidence intervals overlap),0.8620319496592963,32.73283387441916,1.141551360181866,0.0010418395968691812,-13.473737224737198,0.7926656279683418,0.42219611806813656,0.8907207385759849,-0.1092656447922939,-8.74765241184833e-07,-0.09265044239715392,-0.123661897750311,,,,0.01890354697308451,0.18207166891924512,,,,,0.24703718068917196,,
2637,31073,NE,0,no residential sales in 2016,,,,,,,,,,,,,,,,,,,,,,,,,
2638,02150,,0,no residential sales in 2016,,,,,,,,,,,,,,,,,,,,,,,,,
2639,16001,ID,0,no residential sales in 2016,,,,,,,,,,,,,,,,,,,,,,,,,
2640,23027,ME,0,no residential sales in 2016,,,,,,,,,,,,,,,,,,,,,,,,,
2641,36037,NY,530,ok,UNACCEPTABLE regressivity,0.9426942340305258,16.527815359341382,1.0737574087806683,-0.11381881963703082,-22.333007617846587,0.7890364180303482,0.6198021610478989,0.7977565970422712,-0.20224280010742582,-1.1176446618939387e-06,-0.06488916189285332,-0.0666291403116892,,0.19754041979260092,0.23529466104527016,0.2295434197967026,0.2054428553298622,0.22922992587374771,,0.2345891568346696,0.23458908185503471,0.1842183733658808,0.2334888640789702,0.24222004244807263
2642,08057,CO,27,skipped (fewer than 100 sales),,,,,,,,,,,,,,,,,,,,,,,,,
2643,26125,MI,11999,ok,UNACCEPTABLE progressivity,0.8842372881355932,15.688275220765625,0.9854089112515428,0.04349429826316018,20.93343240312054,1.0362479824813988,0.9053516083372971,1.0331021710804795,0.033103177394361714,7.999851497879072e-08,0.01340661607069804,0.013835496887368737,,0.18182921159433094,,,,,0.21253367616388802,,,,,
2644,05091,AR,0,no residential sales in 2016,,,,,,,,,,,,,,,,,,,,,,,,,
2645,13295,GA,1050,ok,acceptable (VEI significance <= 10),0.9141538386097054,30.952817006951374,1.160499773586347,-0.0905420508405855,-18.84736138209016,0.7835576529180672,0.5355755967094457,0.7568449851694109,-0.24315324575935882,-9.887387561140756e-07,-0.08876708106572506,-0.10070442222279707,,,,,0.24586821815007312,,,,,0.24640288369690094,,
2646,18043,IN,1115,ok,acceptable (VEI within +/-10),0.8586866167913549,18.574659269938433,1.0298319769713349,-0.004792544655937063,3.836854380240634,0.9039209749671908,0.7079635597436565,0.9015962484110637,-0.09840221413990625,-4.388870210817714e-07,-0.027292802055238985,-0.02947079770404115,,0.20592076160227443,0.16975478974287703,0.05810021518569378,,0.1726914342869497,,0.17315479822645308,0.1731526393595358,0.1596682355989456,0.16950966122547168,0.17141971688453067
2647,08041,CO,0,no residential sales in 2016,,,,,,,,,,,,,,,,,,,,,,,,,
2648,48405,TX,22,skipped (fewer than 100 sales),,,,,,,,,,,,,,,,,,,,,,,,,
2649,51187,VA,0,no residential sales in 2016,,,,,,,,,,,,,,,,,,,,,,,,,
2650,48187,TX,2501,ok,UNACCEPTABLE progressivity,0.8743086243763364,36.47896734879946,3.278710057364828,0.12361245691311643,63.77491233281727,0.1349107495286395,-4.156584102607966e-05,0.16211014048760006,-0.8378886567531442,-2.882421266407437e-09,-0.6412998982927995,-0.7106327242264987,,,,,,,,,,0.015238250500627297,,
2651,02090,AK,979,ok,UNACCEPTABLE regressivity,0.7749613601236476,15.253678972187267,1.0330097411349883,-0.09249112873789221,-27.349121005422155,0.8050603978528691,0.6434566781124939,0.8111812147878015,-0.18881723834435857,-6.751697235284978e-07,-0.039662363358633046,-0.03953054036313275,,0.1809773931292377,0.1797665311491479,0.20253621183178078,,0.15461285264786834,0.24421058868415246,0.18431022225219829,0.18430984550672352,0.13711180974127546,0.15001288561327608,0.1533085365798638
2652,19089,,0,no residential sales in 2016,,,,,,,,,,,,,,,,,,,,,,,,,
2653,17045,,0,no residential sales in 2016,,,,,,,,,,,,,,,,,,,,,,,,,
2654,48007,,0,no residential sales in 2016,,,,,,,,,,,,,,,,,,,,,,,,,
2655,51135,VA,0,no residential sales in 2016,,,,,,,,,,,,,,,,,,,,,,,,,
2656,51113,VA,11,skipped (fewer than 100 sales),,,,,,,,,,,,,,,,,,,,,,,,,
2657,49035,UT,18542,ok,acceptable (VEI within +/-10),0.8542055846416895,14.805744975924148,1.0228467135695685,0.0011541037176508958,2.319263431495685,0.8994371743722588,0.561140913374668,0.8936402674316882,-0.10635921739100411,-1.3409813269078922e-08,-0.02582625055540122,-0.026014573325277457,,0.17487928865730035,0.14063880117856584,,,0.14337146793707992,,0.14378747398566435,0.14378706623345844,0.08557461214712522,0.14046944889938293,0.1417756038283271
2658,26023,MI,0,no residential sales in 2016,,,,,,,,,,,,,,,,,,,,,,,,,
2659,30001,MT,0,no residential sales in 2016,,,,,,,,,,,,,,,,,,,,,,,,,
2660,01021,,0,no residential sales in 2016,,,,,,,,,,,,,,,,,,,,,,,,,
2661,20019,KS,28,skipped (fewer than 100 sales),,,,,,,,,,,,,,,,,,,,,,,,,
2662,48175,TX,41,skipped (fewer than 100 sales),,,,,,,,,,,,,,,,,,,,,,,,,
2663,41033,OR,1590,ok,acceptable (VEI significance <= 10),0.9386134886572655,17.911960017773147,1.0022131599935862,0.04721884983064192,11.051416328677766,1.0276244663004621,0.9370421883540075,0.9733742937274246,-0.026625839923558124,-3.448244692854187e-08,0.007030158581543544,0.008215439477497033,,0.19896539370419933,0.04868950131806987,,,,0.11845477840911978,0.08153233046427423,0.08153256677957958,0.05182772326475126,,
2664,12029,FL,297,ok,UNACCEPTABLE regressivity,0.8096385542168675,37.10314810962261,1.2065331075728203,-0.1241785223898923,-33.32219987353915,0.7840967683916333,0.5523134236752978,0.7214664749176706,-0.27853146020645636,-2.0319193366682025e-06,-0.10002736683472335,-0.11082029299116436,,,,,,,,,,,,
2665,48297,TX,68,skipped (fewer than 100 sales),,,,,,,,,,,,,,,,,,,,,,,,,
2666,22053,,0,no residential sales in 2016,,,,,,,,,,,,,,,,,,,,,,,,,
2667,19117,,0,no residential sales in 2016,,,,,,,,,,,,,,,,,,,,,,,,,
2668,47137,TN,0,no residential sales in 2016,,,,,,,,,,,,,,,,,,,,,,,,,
2669,12105,FL,17824,ok,UNACCEPTABLE regressivity,0.747280103159424,35.06646337280808,1.857491107504485,-0.10292938259511164,-103.22657640760158,0.342435625069786,0.025880342267325777,0.11523910119660924,-0.8847632039259874,-1.859644024512758e-07,-0.37864376184160164,-0.47033850140493816,,,,,,,,,,0.15651889525740612,,
2670,29147,,0,no residential sales in 2016,,,,,,,,,,,,,,,,,,,,,,,,,
2671,48339,TX,9772,ok,UNACCEPTABLE progressivity,0.862874354703723,33.6700603256069,5.090732451741728,0.10441534199602912,64.82710968541834,0.4004631377178277,0.0005069807618626214,0.7149463031586826,-0.28502783902652107,-1.2964968121336887e-09,-0.5229984242731356,-0.8012602507649627,,,,,,,,,,0.04627355369388925,,
2672,19123,IA,0,no residential sales in 2016,,,,,,,,,,,,,,,,,,,,,,,,,
2673,42055,PA,0,no residential sales in 2016,,,,,,,,,,,,,,,,,,,,,,,,,
2674,42079,PA,3863,ok,UNACCEPTABLE regressivity,1.1172727272727272,41.679076663263736,1.238487650483565,-0.22698589104513467,-72.58552139629539,0.7287816354676421,0.6180242271909188,0.6329597763356037,-0.3670391152165092,-1.7650941393213002e-06,-0.11378844906369667,-0.11089097251331537,,,,,,,,,,,,
2675,27043,,0,no residential sales in 2016,,,,,,,,,,,,,,,,,,,,,,,,,
2676,18149,IN,282,ok,acceptable (VEI significance <= 10),0.8656138924401859,22.1747994032246,1.064968315148056,-0.0791401211126032,-14.498631040725446,0.7944194338398175,0.6728021643222473,0.7881707734812442,-0.21182672392897067,-1.5065444298428105e-06,-0.05987000532727982,-0.06026290174735682,,0.24001472659638395,0.2242387036475984,0.23396796981532203,0.2111893877549477,0.23467613180942742,,0.24307138897903593,0.24307090301280745,0.21022033417677813,0.22807662522368746,0.23035937896205153
2677,47025,TN,0,no residential sales in 2016,,,,,,,,,,,,,,,,,,,,,,,,,
2678,34035,NJ,0,no residential sales in 2016,,,,,,,,,,,,,,,,,,,,,,,,,
2679,13161,GA,111,ok,acceptable (VEI significance <= 10),0.9363384615384616,35.22365278300518,1.8558765743470356,-0.07821062854184752,-21.03454380010359,0.6443443068622803,0.19729763186199248,0.790772918920403,-0.20922086658528366,-1.0716309450776281e-07,-0.24666932561737953,-0.3454500230131423,,,,,,,,,,0.19728583610143396,,
2680,42119,PA,0,no residential sales in 2016,,,,,,,,,,,,,,,,,,,,,,,,,
2681,29019,MO,2658,ok,UNACCEPTABLE progressivity,0.7245876623376624,29.720500236478983,1.1372985903436519,0.06736871353497743,32.06820822936585,0.6637672839904091,0.20646315964558187,0.6306393789508311,-0.36935008776882444,-9.032326195085979e-08,-0.11540428421301407,-0.13275024192389817,,,,,,,,,,0.09749811557783279,,
2682,31167,,0,no residential sales in 2016,,,,,,,,,,,,,,,,,,,,,,,,,
2683,17177,,0,no residential sales in 2016,,,,,,,,,,,,,,,,,,,,,,,,,
2684,40105,,0,no residential sales in 2016,,,,,,,,,,,,,,,,,,,,,,,,,
2685,55113,WI,0,no residential sales in 2016,,,,,,,,,,,,,,,,,,,,,,,,,
2686,21031,,0,no residential sales in 2016,,,,,,,,,,,,,,,,,,,,,,,,,
2687,47035,TN,0,no residential sales in 2016,,,,,,,,,,,,,,,,,,,,,,,,,
2688,51131,VA,0,no residential sales in 2016,,,,,,,,,,,,,,,,,,,,,,,,,
2689,48325,TX,596,ok,acceptable (VEI significance <= 10),0.79249463426758,33.84230249069926,1.054242288194175,0.05895066627467237,20.142348481103845,0.9155180982506551,0.587539033656008,0.7781049722649088,-0.22189319602736157,-4.7221310445973873e-07,-0.029128697684589255,-0.03200123548562006,,,0.21165773822788456,,,0.23575308951903667,,,,0.20040286789542497,0.20367265006806035,0.1931945648853313
2690,21121,,0,no residential sales in 2016,,,,,,,,,,,,,,,,,,,,,,,,,
2691,06019,CA,0,no residential sales in 2016,,,,,,,,,,,,,,,,,,,,,,,,,
2692,40123,OK,413,ok,UNACCEPTABLE progressivity,0.792703448275862,34.48422657057511,1.0813658806675177,0.04650686770787353,37.19904589574328,0.8422840722389598,0.4355626488035384,0.8413340137962158,-0.15864712422483335,-7.863644948319823e-07,-0.058881769185473276,-0.07776508178856845,,,0.23751196532188296,,,,,,,0.18188456933255048,,
2693,16003,,0,no residential sales in 2016,,,,,,,,,,,,,,,,,,,,,,,,,
2694,51103,VA,220,ok,acceptable (VEI within +/-10),1.0,20.340097530136386,1.0439760421379052,-0.0011030401917637956,-6.190538727803152,0.9255695619141089,0.8519859672376252,0.9657700518892518,-0.0342286963160243,-2.2933017969019333e-07,-0.030493390402265064,-0.04223436600934982,0.0,0.23299638265122904,0.21157783716172499,0.06252494648384224,0.16847494298775564,0.21648963241733774,0.24288020088208892,0.1653327292597797,0.16533001223173197,0.21088361052708426,0.21627291915706495,0.2342180987912766
2695,47163,TN,0,no residential sales in 2016,,,,,,,,,,,,,,,,,,,,,,,,,
2696,55063,WI,539,ok,acceptable (VEI significance <= 10),0.921600653327889,12.826472272702762,0.9995699992909628,0.03147859456893159,15.042430610429548,0.9732771354945134,0.8789602866486474,1.0266350313439077,0.026638168594584982,7.832495424229774e-09,-0.007299983239469787,-0.00980326515521246,,0.1489481414761416,,,,0.07516609316759186,0.17177712019630548,,,,0.07404838751872957,0.0841996182266264
2697,36051,NY,471,ok,acceptable (VEI significance <= 10),0.9586206896551724,15.38756488768864,1.12683594838958,-0.07212901101566188,-11.55853579285229,0.8199451495048535,0.5179083855786273,0.8699983346244718,-0.13000117083581464,-7.778286327364827e-08,-0.07745512530050513,-0.09407501661577,,0.1844534439404045,,0.24225593150777597,0.2142611355004434,,,0.24011963062299777,0.2401172693110205,0.18923890051849815,,
2698,13283,GA,43,skipped (fewer than 100 sales),,,,,,,,,,,,,,,,,,,,,,,,,
2699,26003,,0,no residential sales in 2016,,,,,,,,,,,,,,,,,,,,,,,,,
2700,31047,NE,202,ok,acceptable (VEI significance <= 10),0.9721183352512467,16.153901469458404,1.0529514907173232,-0.056180230303722226,-12.942404643872012,0.8365827527557027,0.7475469142470411,0.877556257290416,-0.1224282375813137,-1.3238435716668675e-06,-0.049529109586355036,-0.055299871270309,,0.19826182020767974,0.22644222050187532,0.22978488947200237,0.20615205618365534,0.21532258768626475,,0.2206193884042712,0.22061200533215944,0.19985911998716485,0.2199654058173673,0.2290178763535963
2701,47175,TN,0,no residential sales in 2016,,,,,,,,,,,,,,,,,,,,,,,,,
2702,08025,CO,53,skipped (fewer than 100 sales),,,,,,,,,,,,,,,,,,,,,,,,,
2703,33011,NH,0,no residential sales in 2016,,,,,,,,,,,,,,,,,,,,,,,,,
2704,20163,KS,0,no residential sales in 2016,,,,,,,,,,,,,,,,,,,,,,,,,
2705,39115,OH,0,no residential sales in 2016,,,,,,,,,,,,,,,,,,,,,,,,,
2706,39013,OH,0,no residential sales in 2016,,,,,,,,,,,,,,,,,,,,,,,,,
2707,08097,CO,0,no residential sales in 2016,,,,,,,,,,,,,,,,,,,,,,,,,
2708,34031,NJ,0,no residential sales in 2016,,,,,,,,,,,,,,,,,,,,,,,,,
2709,21037,KY,0,no residential sales in 2016,,,,,,,,,,,,,,,,,,,,,,,,,
2710,31033,,0,no residential sales in 2016,,,,,,,,,,,,,,,,,,,,,,,,,
2711,45001,SC,198,ok,acceptable (VEI significance <= 10),0.9560770750988142,32.71464746880931,1.1456536548476062,-0.09721862422303293,-22.8401805989399,0.8586875973529858,0.7793733987979489,0.8320670616769167,-0.16793227670693295,-2.2760868864250104e-06,-0.0592593541307771,-0.06283041329027195,0.24220140831610243,,,,,,,,,,,
2712,51023,VA,0,no residential sales in 2016,,,,,,,,,,,,,,,,,,,,,,,,,
2713,38075,,0,no residential sales in 2016,,,,,,,,,,,,,,,,,,,,,,,,,
2714,48077,TX,80,skipped (fewer than 100 sales),,,,,,,,,,,,,,,,,,,,,,,,,
2715,27099,,0,no residential sales in 2016,,,,,,,,,,,,,,,,,,,,,,,,,
2716,23007,ME,0,no residential sales in 2016,,,,,,,,,,,,,,,,,,,,,,,,,
2717,13247,GA,1429,ok,acceptable (VEI within +/-10),0.836,23.377027209420344,1.0805436839727274,-0.009404851859271248,-3.3517265822165903,0.8772722907118281,0.3218508384642935,0.8672979213840772,-0.1326998959922582,-1.2058752455407378e-07,-0.045329588339221294,-0.05548428665538285,,0.23827803961474073,0.24835539090311265,0.12295381849677292,0.10053084584006128,0.2403098342905259,,0.24959072451622757,0.2495865388747112,0.12277873553017656,0.24861527170427733,
2718,18085,IN,1091,ok,acceptable (VEI within +/-10),0.836445589182228,19.255252389013332,1.0053945379812046,0.02879155355875061,9.341330560784591,0.9996075608625011,0.8588283315586334,0.9702536997078077,-0.029744717650318865,-5.095449829464384e-08,-0.00012037910588702516,0.0029037791933451684,,0.21571551720200385,0.06487994946683193,,,0.03024052450121893,0.22667395294143858,0.1004829258593285,0.1004791407227735,0.061820499551471744,0.030175799765335555,
2719,47107,TN,0,no residential sales in 2016,,,,,,,,,,,,,,,,,,,,,,,,,
2720,39133,OH,1778,ok,acceptable (VEI within +/-10),0.8572475321687488,13.648169628415328,1.0265668305995366,-0.030159734548679467,-8.678923177151345,0.927223509184534,0.7892813061346774,0.9249271644980726,-0.07506466735462046,-3.3346901250138474e-07,-0.022174733335577734,-0.020984393212333252,,0.15894683055959657,0.1572314530297595,0.15729742965652574,0.1819619258401603,0.14724034519684392,,0.15798877579924767,0.1579861238085101,0.14678353783120807,0.14675035116712692,0.14206398862220368
2721,48419,TX,110,ok,acceptable (confidence intervals overlap),0.7540977777777778,34.207837160541985,1.0705297990679834,0.02044416893727683,13.873548627909539,0.8891733316794933,0.6135700469598437,0.8949349785918902,-0.10505663599007181,-7.607117582977061e-07,-0.04318438580389472,-0.04964105678126951,,,0.2214380688326004,,,,,0.23263237207325543,0.2326235036100449,0.200967720182665,,0.23222250592173396
2722,41059,OR,784,ok,acceptable (VEI within +/-10),0.9620568181818182,15.079831821151942,1.0468298896168482,-0.028231177095367172,-7.53360536849982,0.8899874233942912,0.711288468079771,0.9030958168940743,-0.09690412075114828,-1.088064522529733e-07,-0.03451021689953837,-0.03930250321187434,,0.17389649793706471,0.1998097437420823,0.17113897398742528,0.16779041986740195,0.19295935025569264,,0.18636889562996267,0.1863688459241919,0.15805382324528905,0.17846197811688647,0.1729589023181417
2723,36089,,0,no residential sales in 2016,,,,,,,,,,,,,,,,,,,,,,,,,
2724,53003,,0,no residential sales in 2016,,,,,,,,,,,,,,,,,,,,,,,,,
2725,29153,,0,no residential sales in 2016,,,,,,,,,,,,,,,,,,,,,,,,,
2726,48219,TX,177,ok,acceptable (VEI within +/-10),0.7736119775421085,25.276134678558066,1.0541681177374849,0.021451081754272388,6.8363036328631654,0.8667264444228272,0.5376670185323532,0.9903190825544914,-0.009499203341079484,-5.701448850344226e-07,-0.0485852186786353,-0.06459073400598725,,,0.1920626581608801,,,0.22033344793252313,,0.08287464241044318,0.08094866449465074,0.12963412325367896,0.22506104696488843,
2727,18081,IN,1543,ok,acceptable (VEI within +/-10),0.8715942028985507,13.845572606187185,1.0252800293206843,-0.033728818864527756,-4.07051720190578,0.9015692123959054,0.7950936929719145,0.8878081327885735,-0.11219111782904834,-3.680031721788828e-07,-0.02729677644451467,-0.026744869534330196,,0.16562547027088032,0.14468502023230623,0.15744943265097502,0.08375132463002018,0.1582608754451597,0.2364794108937928,0.1596464834070538,0.1596455560840681,0.13220256140267783,0.1568580534781347,0.1560284005056859
2728,05047,,0,no residential sales in 2016,,,,,,,,,,,,,,,,,,,,,,,,,
2729,05053,,0,no residential sales in 2016,,,,,,,,,,,,,,,,,,,,,,,,,
2730,42015,PA,574,ok,acceptable (confidence intervals overlap),0.5405187037037037,32.33908103714568,1.1126671888157047,-0.09929318943909791,-33.93576957861061,0.805799931163028,0.37548727287278366,0.7596970968770367,-0.24029472906673469,-4.964586602435677e-07,-0.06868633451198458,-0.06697775648820481,,,,,,,,,,0.150345886811024,,
2731,41027,OR,328,ok,acceptable (VEI within +/-10),0.8678590935028939,16.675646159851734,1.021356055075226,0.011122521655344525,5.848420769788036,0.8978110429224265,0.7060151634049981,0.9050473869375699,-0.09495119770460354,-2.3526310170798752e-07,-0.024123867074776095,-0.024641175119896497,,0.19126388177009682,0.14445719174081045,,,0.1465865213213918,,0.16171411496889415,0.16171361407207083,0.12489755416962596,0.13807790690684701,0.13213708535930038
2732,25011,MA,0,no residential sales in 2016,,,,,,,,,,,,,,,,,,,,,,,,,
2733,51115,,0,no residential sales in 2016,,,,,,,,,,,,,,,,,,,,,,,,,
2734,26073,,0,no residential sales in 2016,,,,,,,,,,,,,,,,,,,,,,,,,
2735,24011,MD,133,ok,acceptable (VEI within +/-10),0.9856,16.376701576561196,1.0462961534677715,-0.08343594202005426,-2.4423358802842317,0.8961078496496957,0.907859845609134,0.8521884207279872,-0.14781306638724365,-8.102200406544606e-07,-0.03001910405156316,-0.0308159621937385,0.08949301617872556,0.19385023135642854,0.1837899854356521,,0.08487420931698897,0.14125266919585064,0.1771479048647368,0.2243839483128416,0.22438702214427497,0.21992055045808723,0.14230463558292777,0.14554152466524561
2736,48001,TX,334,ok,acceptable (VEI within +/-10),0.8641151515151515,21.301196174164236,1.0481722889938567,-0.033650778016159844,-6.85435746889868,0.9017929036109976,0.7386934129454,0.8883522549213548,-0.11164474785538082,-8.385695708814748e-07,-0.03220527044317856,-0.034274827012104936,,0.22990012387355474,0.2005564246652539,0.20396627491656893,0.20368871811652872,0.18384028614889836,,0.2395577458561659,0.23954913159259486,0.16841243415779472,0.18185558465256688,0.1799656233763434
2737,55075,WI,552,ok,acceptable (VEI within +/-10),0.9892191015313159,18.398139152546072,1.0457414244209513,-0.018337418019676793,1.3775922937689606,0.9158267309877848,0.8866433704030576,0.9381117771148189,-0.06188383706200766,-8.084825258460616e-07,-0.032146151576378124,-0.0332702741291373,0.1983831680451129,0.2123509677118065,0.20017294556694523,0.20893339103261713,,0.19328411058693828,0.19853206143418436,0.2021801497115979,0.2021642737019243,0.20870792940538624,0.1919839534320663,0.18144794420195162
2738,27085,,0,no residential sales in 2016,,,,,,,,,,,,,,,,,,,,,,,,,
2739,45061,SC,51,skipped (fewer than 100 sales),,,,,,,,,,,,,,,,,,,,,,,,,
2740,35015,,0,no residential sales in 2016,,,,,,,,,,,,,,,,,,,,,,,,,
2741,16079,ID,0,no residential sales in 2016,,,,,,,,,,,,,,,,,,,,,,,,,
2742,38033,,0,no residential sales in 2016,,,,,,,,,,,,,,,,,,,,,,,,,
2743,26089,MI,0,no residential sales in 2016,,,,,,,,,,,,,,,,,,,,,,,,,
2744,01115,AL,1744,ok,acceptable (VEI within +/-10),0.9286366792929293,14.881738105903448,1.0176068668880967,0.00501251585732997,6.3719552510696165,0.953535247129087,0.8109069091203361,0.9728991759925998,-0.027100018568085586,-2.257073890515914e-08,-0.015595722939558687,-0.01800456869571576,,0.17459173185185387,0.13125797465863936,,,0.11470312513359882,,0.11843757531784108,0.1184369601436656,0.11565970584787146,0.11391642620308337,0.13022882102315875
2745,25023,MA,0,no residential sales in 2016,,,,,,,,,,,,,,,,,,,,,,,,,
2746,13265,GA,21,skipped (fewer than 100 sales),,,,,,,,,,,,,,,,,,,,,,,,,
2747,31097,NE,0,no residential sales in 2016,,,,,,,,,,,,,,,,,,,,,,,,,
2748,19101,,0,no residential sales in 2016,,,,,,,,,,,,,,,,,,,,,,,,,
2749,47133,TN,0,no residential sales in 2016,,,,,,,,,,,,,,,,,,,,,,,,,
2750,13147,GA,455,ok,acceptable (VEI within +/-10),0.8970964912280702,24.585700221645528,1.0692906085601985,-0.005744024682743762,-2.071995311956702,0.9057666692220423,0.6679986156302934,0.9490389311177421,-0.050958203939532924,-4.222380241732834e-07,-0.04133536990317088,-0.05889529004100513,,,0.24134621127014466,0.09997449826447835,0.08888405787403632,0.2458669507422878,,0.21006185017665133,0.21008691120075978,0.18776451228270738,0.24554399817156555,
2751,08115,CO,38,skipped (fewer than 100 sales),,,,,,,,,,,,,,,,,,,,,,,,,
2752,48367,TX,2956,ok,UNACCEPTABLE progressivity,0.7220301043630242,36.34082802623875,2.7743045196336142,0.09753378367829066,37.25043700004553,0.3534696280428521,6.737817320083085e-05,0.643554133060347,-0.35641931301132324,-1.1903239420039326e-09,-0.4758501413807663,-0.6399816931271614,,,,,,,,,,0.010894228484144524,,
2753,16045,ID,0,no residential sales in 2016,,,,,,,,,,,,,,,,,,,,,,,,,
2754,49027,UT,127,ok,acceptable (VEI significance <= 10),0.8355115961800819,26.04155205883369,1.0968056293247757,-0.16208641158254655,-27.405190678065626,0.6447546458758281,0.5106396481978611,0.587158880539032,-0.412840354876579,-1.971039875319504e-06,-0.09689875816598303,-0.09910947829555838,,0.2391219211115484,,,,,,,,0.24905742852067528,,
2755,39069,OH,0,no residential sales in 2016,,,,,,,,,,,,,,,,,,,,,,,,,
2756,18145,IN,507,ok,acceptable (VEI within +/-10),0.8681372549019608,19.29662878404068,1.0931282515475775,-0.0682278617046736,-9.595577825209338,0.8124238378999467,0.5702360858038518,0.8280233106694639,-0.17197527563631573,-8.32746206506891e-08,-0.07073925609556642,-0.07637791730136079,,0.2174400573149984,0.2398386002664298,0.20668338303773104,0.13125143125886607,0.23013723397415206,,0.22762644256665207,0.227612488889822,0.15221372039488829,0.22916612668357525,
2757,01127,AL,916,ok,acceptable (VEI within +/-10),1.0,22.931899441747873,1.085520872444021,-0.02556783090452666,-5.621355397951144,0.9171199616321287,0.8350224359862314,0.92516764280903,-0.07483247048322787,-7.380394051592254e-07,-0.03940911416841897,-0.04769804184087367,0.0,,0.24971947052001553,0.2217699206740363,0.18479804824122698,,,,,0.24699249943612303,,
2758,55089,WI,1325,ok,acceptable (VEI within +/-10),0.92608,10.310356216566577,1.003425649874046,0.0033793957848806265,4.233308316349663,0.9960621056281688,0.9318375783283533,0.977446193209049,-0.022553585497734934,-2.6404802021633017e-08,-0.001225852121576665,0.0014345000510876948,,0.12586372966826376,0.05095962722689307,,,0.03598255646633625,0.15503130417423885,0.09032735931771492,0.0903270506233195,0.048521619882034676,0.035234493429064026,
2759,29113,MO,1026,ok,acceptable (VEI significance <= 10),0.6474985273079189,32.23311570441256,1.0747689471123163,0.09338226958913043,18.56539357826861,0.6675560890359686,0.29705380163172457,0.7274126612145628,-0.27256074971630023,-7.131171185047202e-07,-0.08661512656629267,-0.09135858486507509,,,0.2434194799433337,,,,,,,0.16989327568264337,,
2760,40007,OK,43,skipped (fewer than 100 sales),,,,,,,,,,,,,,,,,,,,,,,,,
2761,26035,,0,no residential sales in 2016,,,,,,,,,,,,,,,,,,,,,,,,,
2762,29007,,0,no residential sales in 2016,,,,,,,,,,,,,,,,,,,,,,,,,
2763,42101,,0,no residential sales in 2016,,,,,,,,,,,,,,,,,,,,,,,,,
2764,54065,WV,0,no residential sales in 2016,,,,,,,,,,,,,,,,,,,,,,,,,
2765,06099,CA,0,no residential sales in 2016,,,,,,,,,,,,,,,,,,,,,,,,,
2766,22001,LA,374,ok,acceptable (VEI within +/-10),1.0,11.527201658619626,1.0238622873514047,-0.008116966075334377,0.0,0.9683424254382343,0.8357474191469996,0.9672163644036453,-0.03277883047156099,-3.2745155736919516e-07,-0.012606916925839373,-0.016449404692047587,0.0,0.13615561030175827,0.14059475733125518,0.2084135580522609,0.0,0.1355792107490425,,0.2096427933797759,0.2096359459627366,0.15123765754370674,0.13712590704484728,0.12793647910178657
2767,37167,NC,0,no residential sales in 2016,,,,,,,,,,,,,,,,,,,,,,,,,
2768,26099,MI,0,no residential sales in 2016,,,,,,,,,,,,,,,,,,,,,,,,,
2769,25021,MA,0,no residential sales in 2016,,,,,,,,,,,,,,,,,,,,,,,,,
2770,48467,TX,470,ok,acceptable (VEI significance <= 10),0.7594836585477152,29.45634389501046,1.073062435080536,0.022494575294476106,18.187434224320988,0.8309059590618568,0.4015331810154365,0.776385972245507,-0.22360675321050227,-8.162764493193826e-07,-0.05526289596004186,-0.0637685727727837,,,0.23696188153785677,,,,,,,0.18776727073659139,,
2771,05119,AR,0,no residential sales in 2016,,,,,,,,,,,,,,,,,,,,,,,,,
2772,28059,MS,1344,ok,acceptable (VEI significance <= 10),0.6977130842633026,30.125190437981523,1.0472573730088783,0.07643898402532562,15.96303903930226,0.8418543608310848,0.6452516778440708,0.7010489119175819,-0.2989481933678019,-4.1131646662069394e-07,-0.04602286591954141,-0.041928952547719334,,,0.20737824571508712,,,,,,,0.19558678045752245,0.2147782093070558,0.21272949256689552
2773,06111,CA,0,no residential sales in 2016,,,,,,,,,,,,,,,,,,,,,,,,,
2774,33013,NH,0,no residential sales in 2016,,,,,,,,,,,,,,,,,,,,,,,,,
2775,54081,,0,no residential sales in 2016,,,,,,,,,,,,,,,,,,,,,,,,,
2776,39131,OH,391,ok,UNACCEPTABLE progressivity,0.7100595238095239,52.76671954643153,1.1086675339972574,0.11813914165828562,58.28723263359245,0.8383984734047949,0.4527587457051586,1.0389896876285496,0.03917858801627092,-2.3935855209107143e-07,-0.08122774431286195,-0.1063025279668508,,,,,,,,,,0.24233027814841201,,
2777,12093,FL,817,ok,acceptable (VEI within +/-10),0.7667884615384616,24.30181236552172,1.10940553396948,-0.04090639728257235,-0.9015659440947406,0.8978742909451808,0.4956437251158675,0.8966582801787969,-0.10333676534220934,-1.949327911065281e-07,-0.05121108618414105,-0.06360404450490798,,,,,0.11457178875942849,,,,,0.1581803022432497,,
2778,55051,WI,82,skipped (fewer than 100 sales),,,,,,,,,,,,,,,,,,,,,,,,,
2779,01007,,0,no residential sales in 2016,,,,,,,,,,,,,,,,,,,,,,,,,
2780,54041,,0,no residential sales in 2016,,,,,,,,,,,,,,,,,,,,,,,,,
2781,55101,WI,0,no residential sales in 2016,,,,,,,,,,,,,,,,,,,,,,,,,
2782,51011,VA,0,no residential sales in 2016,,,,,,,,,,,,,,,,,,,,,,,,,
2783,26011,,0,no residential sales in 2016,,,,,,,,,,,,,,,,,,,,,,,,,
2784,18073,IN,371,ok,acceptable (VEI within +/-10),0.8625886524822695,18.81303392389482,1.0384306200864069,-0.05664357409131322,-3.616815907728416,0.8190157947423371,0.6850471856633337,0.7944260099594398,-0.20557369929677216,-9.275236079741735e-07,-0.04269964785757008,-0.042683075776069,,0.19567702872867343,0.1811770137811226,0.16619446511715624,0.10800553382419392,0.1898992818461842,,0.1950579499286191,0.1950582476665516,0.15995056782183978,0.1844466356812431,0.1840648375140165
2785,48423,TX,2388,ok,acceptable (VEI significance <= 10),0.8755617791085283,16.723516478810566,1.0070901573590592,0.03911195497395551,14.718264670165158,0.9724919775739861,0.7990464559792838,1.005003006519956,0.005009588266734715,-7.308182826407952e-08,-0.008386396728049528,-0.01018289151429208,,0.1946610221003799,0.08068933334691321,,,0.10358713458566644,,,,0.07363323131554088,0.09211456862027771,0.10929037072821184
2786,22089,LA,0,no residential sales in 2016,,,,,,,,,,,,,,,,,,,,,,,,,
2787,36065,NY,2519,ok,UNACCEPTABLE regressivity,0.9189733333333333,33.088047680081644,1.1750648712369378,-0.20297505525452034,-66.64787609506308,0.7329138668119453,0.462957773271428,0.69761581468468,-0.3023822869887954,-1.505482555796585e-06,-0.1006689897926707,-0.10101519205561726,,,,,,,,,,,,
2788,42107,,0,no residential sales in 2016,,,,,,,,,,,,,,,,,,,,,,,,,
2789,39055,OH,0,no residential sales in 2016,,,,,,,,,,,,,,,,,,,,,,,,,
2790,30021,MT,0,no residential sales in 2016,,,,,,,,,,,,,,,,,,,,,,,,,
2791,56015,WY,82,skipped (fewer than 100 sales),,,,,,,,,,,,,,,,,,,,,,,,,
2792,05139,,0,no residential sales in 2016,,,,,,,,,,,,,,,,,,,,,,,,,
2793,49047,,0,no residential sales in 2016,,,,,,,,,,,,,,,,,,,,,,,,,
2794,36031,NY,639,ok,acceptable (confidence intervals overlap),1.0044650089753808,23.73382813789477,1.1034559143248328,-0.055905302736766645,-24.94123943089034,0.9079662478810354,0.8266570661241346,0.8992444410843048,-0.10075592646411137,-2.536800699568508e-07,-0.0446940652576977,-0.051419077954681924,0.03107749525004881,,,,,0.24985215798534527,,,,,0.24937791722676456,
2795,48361,TX,856,ok,acceptable (VEI within +/-10),0.8472750805712561,21.4615903465359,1.0595856593138109,0.008353383124233003,7.298354564538927,0.8818565260410638,0.5022840598999896,0.948706073372465,-0.051286842509923186,-2.849040384832417e-07,-0.044097492760944546,-0.056075330007685276,,0.23677535840727668,0.21965496554771155,,,0.22432159271002455,,0.1771868265913832,0.17717851110063265,0.1331424945639444,0.2214864751595996,
2796,19159,,0,no residential sales in 2016,,,,,,,,,,,,,,,,,,,,,,,,,
2797,26117,MI,932,ok,acceptable (confidence intervals overlap),0.820654179420409,26.992327973226036,1.083785899981248,-0.03851742581622933,-15.466613743429884,0.8003036555471855,0.6308357100972264,0.8088461824807839,-0.19114298061432097,-1.0391237971771832e-06,-0.06590356194773506,-0.07003985599674789,,,0.24843399456361093,0.21275460268443333,0.24652797418367595,,,,,0.21943293526702895,,
2798,19003,IA,0,no residential sales in 2016,,,,,,,,,,,,,,,,,,,,,,,,,
2799,51181,,0,no residential sales in 2016,,,,,,,,,,,,,,,,,,,,,,,,,
2800,29185,MO,83,skipped (fewer than 100 sales),,,,,,,,,,,,,,,,,,,,,,,,,
2801,21239,KY,0,no residential sales in 2016,,,,,,,,,,,,,,,,,,,,,,,,,
2802,54091,WV,117,ok,acceptable (confidence intervals overlap),0.7942857142857143,31.46984229295365,1.0713955280154552,0.014326800579296719,13.176268701637884,0.9322412279463981,0.601336341989997,0.9608951250751822,-0.0390731331472513,-4.162747111677121e-07,-0.031271998083441055,-0.040305783535462325,,,0.24835622884089545,,,0.21468215918395153,,0.19454569265526442,0.1944518320412587,0.19447343133378237,0.20772073817750655,0.23226808860668113
2803,48469,TX,872,ok,acceptable (VEI significance <= 10),0.881776169118997,18.021151911473808,1.0237195153023229,0.02493758220407769,12.824483227818682,0.9361368452115254,0.6489684229221894,0.982809890466839,-0.017186373718597277,-1.4105277504980696e-07,-0.02080685176371766,-0.026080149723621826,,0.20256118673923829,0.15369394968422648,,,0.1602258272671596,,0.08996207223642072,0.08994404593330368,0.11232968638087426,0.15900742753558528,0.16355993954281425
2804,29189,MO,0,no residential sales in 2016,,,,,,,,,,,,,,,,,,,,,,,,,
2805,32007,NV,0,no residential sales in 2016,,,,,,,,,,,,,,,,,,,,,,,,,
2806,12013,FL,119,ok,UNACCEPTABLE regressivity,0.9981777777777778,50.22459908961021,1.308197386758637,-0.218213836651385,-71.46293016063721,0.6808701906134834,0.6147149017669108,0.6559088384486068,-0.3440914905764616,-6.611812807158002e-06,-0.13675719952274812,-0.14229515964049821,0.0326813692531354,,,,,,,,,,,
2807,34003,NJ,0,no residential sales in 2016,,,,,,,,,,,,,,,,,,,,,,,,,
2808,28047,,0,no residential sales in 2016,,,,,,,,,,,,,,,,,,,,,,,,,
2809,35049,NM,1535,ok,UNACCEPTABLE progressivity,0.7605846774193549,26.47386613265582,1.0276189786215442,0.06626391670775562,21.6421926512891,0.9416365518112828,0.6396898138983281,0.9069679938169383,-0.09302980171953494,-1.2216176326529098e-07,-0.018798795412660274,-0.019048255002736214,,,0.1413646526013568,,,0.1403037205875288,,0.20121504179925395,0.20121218447126965,0.1292949194411743,0.14452303625691654,0.14536598575936674
2810,27133,MN,130,ok,acceptable (VEI within +/-10),0.8522718034295005,16.919111821208933,1.028313054914089,-0.0005436746202786421,1.3688903727332644,0.9300711569436168,0.784441113263596,0.9683522227199268,-0.03162752506554526,-5.209827973158756e-07,-0.023435438386639973,-0.023129753914076012,,0.1969110160563443,0.15524932356441573,0.057453026965392666,0.1660566368314709,0.20656100593792093,0.23495618353241687,0.125719869292471,0.12530456033522114,0.15664697170732064,0.2105663782029414,0.1409379579190837
2811,12027,FL,538,ok,acceptable (confidence intervals overlap),0.7610779727095516,29.66072871158199,1.1837836961450865,-0.08304207604853144,-10.32616899411123,0.7854088268910797,0.40358553505913713,0.751870617188531,-0.24812047604976484,-8.213232102346277e-07,-0.09826502431358475,-0.11269972580952037,,,,,0.18852375523793058,,,,,0.2255848100121555,,
2812,51820,VA,336,ok,acceptable (VEI within +/-10),0.89921875,11.767935516303975,1.0105970524360655,-0.0038303260199466674,-1.9433562563250537,0.9619495103877741,0.8498450874334577,0.9512100829248418,-0.04878928261209891,-1.8362580370033593e-07,-0.009742885357738151,-0.008521415542655175,,0.14990595422045286,0.10038253828367188,0.047010186098834505,0.08033407510714137,0.08908303711828766,0.1789574705197857,0.10860430299312807,0.10860319139545238,0.08709579864317658,0.0869967949263309,0.08222443934179743
2813,08039,CO,0,no residential sales in 2016,,,,,,,,,,,,,,,,,,,,,,,,,
2814,31163,NE,0,no residential sales in 2016,,,,,,,,,,,,,,,,,,,,,,,,,
2815,31185,,0,no residential sales in 2016,,,,,,,,,,,,,,,,,,,,,,,,,
2816,18071,IN,465,ok,acceptable (VEI within +/-10),0.8080260303687635,18.960239160437407,1.0343520262042059,-0.025268216073503488,-7.107569413750333,0.8586963687899012,0.6988595132753637,0.860360235904935,-0.13963647691687964,-6.856245542800176e-07,-0.0366762015875044,-0.03632182110774673,,0.213993073284344,0.1600381322087665,0.1034527959943977,0.22697083229642973,0.1933491680783216,,0.17606707285871098,0.17606607588692172,0.1314192001729639,0.178504185365253,0.1673970625010988
2817,54053,,0,no residential sales in 2016,,,,,,,,,,,,,,,,,,,,,,,,,
2818,39033,OH,560,ok,acceptable (confidence intervals overlap),0.8840716004755323,43.95803140848233,1.2286321540491536,-0.11368799719319514,-19.202514260605742,0.694018298847214,0.5978230836811173,0.6869685804223177,-0.3130176296359091,-1.8976682437340177e-06,-0.12647828006587059,-0.12628314860959255,,,,,,,,,,,,
2819,53001,WA,195,ok,acceptable (VEI within +/-10),0.8948717948717949,12.835133368506026,1.0098575235324478,0.022094737312594558,9.30075281638756,0.9451819679507248,0.813567704816071,1.0030455197620622,0.0030536992975109217,-2.517363483709844e-07,-0.013809056283773824,-0.015796227118870965,,0.15978007339572653,0.09320504095040412,,,0.11990298951172515,0.22042087043835093,,,0.07269950491923984,0.08949470122765346,0.11442345891869463
2820,28043,MS,43,skipped (fewer than 100 sales),,,,,,,,,,,,,,,,,,,,,,,,,
2821,19049,IA,0,no residential sales in 2016,,,,,,,,,,,,,,,,,,,,,,,,,
2822,55019,WI,0,no residential sales in 2016,,,,,,,,,,,,,,,,,,,,,,,,,
2823,37099,,0,no residential sales in 2016,,,,,,,,,,,,,,,,,,,,,,,,,
2824,17001,,0,no residential sales in 2016,,,,,,,,,,,,,,,,,,,,,,,,,
2825,21117,,0,no residential sales in 2016,,,,,,,,,,,,,,,,,,,,,,,,,
2826,48121,TX,19463,ok,UNACCEPTABLE progressivity,0.8250420984455958,35.41219820577298,8.994637755639317,-0.004865363919912859,66.54366211565986,0.27130762122763796,0.0014628884356103762,0.16779063004895592,-0.8322083420317041,-1.1455578019053982e-09,-0.667099133242685,-0.8730885880181329,,,,0.09517863825900005,,,,,,0.06175602674712635,,
2827,22107,,0,no residential sales in 2016,,,,,,,,,,,,,,,,,,,,,,,,,
2828,39173,OH,1878,ok,acceptable (VEI within +/-10),0.8118072142334877,18.61091010229654,1.0580792744410816,0.02634507217757112,8.594731461129337,0.8762832808016086,0.3301904335897676,0.9845662556704017,-0.015420596613977738,-1.358308635431917e-07,-0.04517664744873251,-0.059908703564500065,,0.20815125017005362,0.21851666030352598,,,0.22494385445222603,,0.09094747269239609,0.09092350929106811,0.10233273519755019,0.22195181112526063,0.24848025798564505
2829,19039,,0,no residential sales in 2016,,,,,,,,,,,,,,,,,,,,,,,,,
2830,20103,KS,759,ok,acceptable (VEI within +/-10),0.9092029264536003,13.9411809632644,1.0158846890462736,0.0015222075496455125,-0.3153137693445889,0.9378294209505641,0.8188702363604726,0.9502393804050496,-0.04975924075598997,-2.739668251500791e-07,-0.01719714634832359,-0.019998911000826958,,0.16981768002748304,0.12917276148983525,,0.022270421046244306,0.14120082695096223,0.2266847676366859,0.12609325700861423,0.12609718114201043,0.11271978864016839,0.1226866092133479,0.1217063485988961
2831,05057,AR,168,ok,UNACCEPTABLE regressivity,1.2406810035842293,622.8218063622111,7.711807424636712,-2.7707668355579345,-1263.5274124800908,0.6552069091540398,0.679179468501295,0.3747850340009715,-0.6253329687347297,-0.00010546387094596062,-0.2060297652284373,-0.2235237990627703,,,,,,,,,,,,
2832,27143,MN,193,ok,acceptable (VEI within +/-10),0.8755244755244755,22.912653069248538,1.0181705969556933,0.01228743182754204,2.947679102356547,0.9875081570055666,0.8728886575468481,0.9539344341242153,-0.046062763696021726,-1.9011090558438328e-07,-0.004621135329526238,-0.0024990502320676455,,,0.10917779979125117,,,0.07642645313632448,0.18629338909757337,0.17946988467452235,0.17946660239351853,0.11847440231108958,0.07212163477879373,0.05185788489115648
2833,47059,TN,0,no residential sales in 2016,,,,,,,,,,,,,,,,,,,,,,,,,
2834,31019,NE,0,no residential sales in 2016,,,,,,,,,,,,,,,,,,,,,,,,,
2835,45019,SC,8790,ok,acceptable (VEI significance <= 10),0.8376555069888083,15.67396187537773,1.0075001240746262,0.024156126494242095,12.048785861690488,0.9917374353146324,0.8220592502100423,1.002326431027304,0.0023280180842471737,-1.3406623374505556e-09,-0.0039897878860724045,-0.008558870555874787,,0.17936137257544146,0.09936469596493296,,,0.09791541551214576,0.1945417873223112,,,0.07135550492794089,0.09639044315524907,0.09727496889706057
2836,06029,CA,0,no residential sales in 2016,,,,,,,,,,,,,,,,,,,,,,,,,
2837,38101,ND,756,ok,acceptable (VEI within +/-10),0.9219304078014184,12.589049619840527,1.011379511373053,-0.003755567941125922,-2.752626416182534,0.9434304897088915,0.9463178510213388,0.9261380347005319,-0.07386173998380847,-7.148225030891115e-08,-0.01417850311727653,-0.0129531153848359,,0.15287655310502363,0.11161712305338826,0.059039839977691716,0.08338726573061502,0.10168424242849179,0.07589530850619654,0.1306287005752203,0.13062851770029402,0.12170092478140751,0.1020421265609766,0.09485404916434223
2838,38099,ND,76,skipped (fewer than 100 sales),,,,,,,,,,,,,,,,,,,,,,,,,
2839,41039,OR,5782,ok,acceptable (VEI within +/-10),0.9333817349755592,11.554920586872708,1.0104839783092887,0.009231812600819898,4.110134124394362,0.9666564836202898,0.8638564340526417,0.9674247999475608,-0.0325747188392727,-5.025906596803786e-09,-0.009577814287794029,-0.010269619134501307,,0.138843335361766,0.1081272967958912,,,0.08918485541681057,0.22194163339852244,0.09311274407094314,0.09311239901670283,0.08087770033125276,0.08863244537508684,0.08980584523921548
2840,13255,GA,1342,ok,UNACCEPTABLE regressivity,0.8461851674641149,44.1883897221324,2.0096978280684747,-0.22628559163909082,-140.44005145786033,0.322682713634706,0.07856834343759607,0.06543742289144401,-0.9345676230969092,-7.68758970487777e-07,-0.38687037186364237,-0.47218483326682503,,,,,,,,,,,,
2841,48245,TX,2136,ok,acceptable (VEI significance <= 10),0.8693131460377763,18.152832009397944,1.058500627220843,0.029925245202162637,17.41850879411851,0.9244026828414028,0.5853370417579116,0.9859435286716866,-0.014053363007823233,-1.0456432166416987e-08,-0.03402710916341256,-0.051375821276789635,,0.21049288210451558,0.2114193799349462,,,0.2111775220472403,,0.09113998840379811,0.09113549203675786,0.15440082177816314,0.21100181593821224,0.2181162227731581
2842,51520,VA,0,no residential sales in 2016,,,,,,,,,,,,,,,,,,,,,,,,,
2843,17149,,0,no residential sales in 2016,,,,,,,,,,,,,,,,,,,,,,,,,
2844,48323,TX,369,ok,UNACCEPTABLE progressivity,0.7828747628083491,37.854136730288516,1.0689088178176942,0.059244984167792156,23.165454637466723,0.8319500920718953,0.606274647111208,0.805560006104047,-0.19442472427565716,-1.16975631420235e-06,-0.05255618751144797,-0.05464462775179535,,,0.21582060470299183,,,,,,,0.23271848725014138,,0.23261201949847896
2845,53033,WA,38214,ok,acceptable (VEI within +/-10),0.8465411136615049,10.470303564128692,1.0046531280755338,0.011941134810079277,4.426806780118397,0.9921222284378932,0.7971645218232509,0.9937816436004707,-0.006217917543746139,-7.28092305886396e-10,-0.003043012793140898,-0.004036143140526027,,0.12685322217848788,0.06873185462934905,,,0.0558740598036424,,0.05002883625844513,0.05002719648780401,0.056452434273980966,0.05478638280681388,0.07348016455134583
2846,12043,FL,136,ok,acceptable (confidence intervals overlap),0.825015,30.555744768754327,1.1075903573782482,-0.038974339457239916,-14.330821690687872,0.7858596563939516,0.5867624516115145,0.7547720583874917,-0.2452235920443847,-2.231059003739508e-06,-0.07888266570823776,-0.08804721423288608,,,,0.23689084167103217,0.22819275177683887,,,,,0.24690518278503618,,
2847,40031,OK,1207,ok,UNACCEPTABLE regressivity,1.02186941580756,40.214004014328026,1.6456970749885613,-0.19213558429162295,-43.058038167156944,0.4951335116996009,0.01445507089251071,0.5646410453837597,-0.4353521966950949,-1.1717686486313171e-07,-0.2728297054513036,-0.34548319232092384,,,,,,,,,,0.08858008039134259,,
2848,01067,,0,no residential sales in 2016,,,,,,,,,,,,,,,,,,,,,,,,,
2849,47045,TN,0,no residential sales in 2016,,,,,,,,,,,,,,,,,,,,,,,,,
2850,37195,NC,874,ok,acceptable (VEI within +/-10),1.0140845070422535,19.68154532518271,1.0711686155178324,-0.05743422574766435,-6.163065213722636,0.8823213026251145,0.8322600740808729,0.8696953271286851,-0.13030493735591087,-5.136670642463283e-07,-0.044031855467143055,-0.045039334654009,,0.22801399706304415,,,0.17027408602653088,0.22512630803290604,0.199057777554271,,,0.22778837607221009,0.2240893312071264,0.20870615252483252
2851,17085,IL,0,no residential sales in 2016,,,,,,,,,,,,,,,,,,,,,,,,,
