FIPS,Year,n_sales
01001,2013,496
01001,2017,503
01001,2019,811
01001,2021,485
01001,2022,1757
01001,2023,886
01001,2024,924
01001,2025,779
01003,2013,4800
01003,2014,5618
01003,2015,5663
01003,2016,6737
01003,2017,6360
01003,2018,6870
01003,2019,6782
01003,2020,8526
01003,2021,12354
01003,2022,12206
01003,2023,9694
01003,2024,8583
01005,2019,113
01005,2020,283
01005,2021,105
01005,2022,77
01005,2023,77
01007,2014,98
01007,2015,96
01007,2017,113
01007,2018,185
01007,2019,151
01007,2020,106
01007,2021,247
01007,2022,272
01007,2023,253
01007,2024,249
01009,2013,514
01009,2014,522
01009,2018,420
01009,2020,646
01009,2021,680
01009,2022,1301
01009,2023,759
01009,2024,746
01013,2014,127
01013,2015,96
01013,2016,137
01013,2018,88
01013,2019,210
01013,2020,161
01015,2016,1579
01015,2017,1890
01015,2018,1937
01015,2019,1791
01015,2020,1827
01015,2021,2237
01017,2015,331
01017,2016,301
01017,2018,414
01017,2019,530
01017,2020,442
01017,2021,658
01017,2022,688
01017,2023,666
01017,2024,864
01019,2015,443
01019,2017,398
01019,2018,539
01019,2019,506
01019,2020,572
01019,2021,913
01019,2022,800
01019,2023,733
01019,2024,858
01019,2025,889
01021,2013,419
01021,2018,646
01021,2019,625
01021,2020,745
01021,2021,967
01021,2022,832
01021,2023,808
01021,2024,798
01025,2021,197
01025,2022,262
01025,2023,190
01025,2024,361
01027,2013,93
01027,2014,109
01027,2015,96
01027,2016,97
01027,2017,132
01027,2018,145
01027,2019,167
01027,2020,151
01027,2021,166
01027,2022,152
01027,2023,118
01027,2024,140
01029,2021,290
01029,2022,322
01029,2023,356
01029,2024,342
01031,2014,633
01031,2015,797
01031,2017,757
01031,2018,717
01031,2019,984
01031,2020,1225
01031,2021,1415
01031,2022,1615
01031,2023,1155
01031,2024,1038
01033,2016,1209
01033,2017,510
01033,2018,610
01033,2019,979
01033,2020,1197
01033,2021,1364
01033,2022,1132
01033,2023,1014
01033,2024,1017
01035,2020,131
01035,2021,228
01035,2022,188
01035,2023,144
01037,2018,118
01037,2021,150
01037,2022,234
01037,2023,255
01037,2024,271
01039,2013,367
01039,2018,461
01039,2019,555
01039,2020,532
01039,2021,786
01039,2022,714
01039,2023,592
01039,2024,608
01041,2013,104
01041,2014,101
01041,2015,93
01041,2016,94
01041,2017,47
01041,2023,50
01043,2017,1120
01043,2018,2061
01043,2019,2237
01043,2020,2574
01043,2021,2943
01043,2022,2830
01043,2023,2539
01043,2024,2224
01043,2025,2035
01045,2013,429
01045,2014,478
01045,2015,666
01045,2017,486
01045,2018,601
01045,2019,651
01045,2020,702
01045,2021,711
01045,2022,941
01045,2023,940
01045,2024,931
01047,2015,245
01047,2017,238
01047,2018,256
01047,2019,291
01047,2020,355
01047,2021,481
01047,2022,431
01047,2023,554
01047,2024,553
01049,2014,632
01049,2017,847
01049,2018,936
01049,2019,878
01049,2020,784
01049,2021,759
01051,2014,1011
01051,2016,816
01051,2017,1504
01051,2018,1480
01051,2019,1752
01051,2020,1985
01051,2021,2149
01051,2022,1865
01051,2023,1711
01051,2024,1917
01053,2014,256
01053,2015,499
01053,2017,136
01053,2021,276
01053,2022,304
01055,2013,917
01055,2015,1217
01055,2016,1033
01055,2017,1803
01055,2019,1507
01057,2014,164
01057,2015,234
01057,2016,180
01057,2021,288
01057,2022,289
01057,2023,259
01057,2024,379
01059,2013,203
01059,2014,357
01059,2015,384
01059,2016,389
01059,2017,235
01059,2018,332
01059,2019,317
01059,2020,236
01059,2021,238
01059,2022,659
01059,2023,575
01059,2024,496
01059,2025,375
01061,2014,322
01061,2017,326
01061,2019,279
01061,2020,366
01061,2021,542
01061,2022,694
01061,2023,733
01061,2024,748
01067,2014,194
01067,2017,280
01067,2018,301
01067,2019,352
01067,2020,432
01067,2021,381
01067,2022,542
01067,2023,357
01067,2024,306
01069,2017,1678
01069,2018,1792
01069,2019,818
01069,2020,2267
01069,2021,2483
01069,2022,2132
01069,2023,1711
01069,2024,1673
01071,2013,277
01071,2014,435
01071,2016,309
01071,2017,481
01071,2018,900
01071,2019,832
01071,2020,526
01071,2021,404
01071,2023,527
01073,2013,10559
01073,2014,11233
01073,2015,12209
01073,2016,14084
01073,2017,14724
01073,2018,15863
01073,2019,15652
01073,2020,15695
01073,2021,17549
01073,2022,16156
01073,2024,15659
01077,2014,1552
01077,2015,1884
01077,2016,1985
01077,2017,1802
01077,2018,1595
01077,2019,1769
01077,2020,2215
01077,2021,2198
01077,2022,1813
01077,2023,1657
01077,2024,1903
01077,2025,1061
01079,2013,255
01079,2014,357
01079,2015,432
01079,2016,305
01079,2017,356
01079,2018,360
01079,2019,313
01081,2014,2153
01081,2018,2394
01081,2019,3532
01081,2022,4590
01081,2023,2715
01083,2015,1892
01083,2016,2208
01083,2017,2412
01083,2018,2416
01083,2019,2516
01083,2020,3143
01083,2021,3353
01083,2022,2725
01083,2023,2136
01083,2024,1860
01085,2013,56
01085,2014,41
01085,2015,31
01085,2016,34
01085,2017,46
01085,2018,31
01085,2019,52
01085,2020,41
01085,2021,47
01085,2022,40
01085,2023,53
01085,2024,28
01089,2014,5314
01089,2015,5875
01089,2016,7499
01089,2017,7783
01089,2018,8278
01089,2019,10267
01089,2020,10343
01089,2021,12182
01089,2022,11378
01089,2023,9007
01089,2024,9619
01089,2025,7855
01091,2017,113
01091,2018,181
01091,2019,210
01091,2020,168
01091,2021,215
01091,2022,223
01091,2023,130
01091,2024,86
01093,2013,302
01093,2014,239
01093,2015,426
01093,2016,473
01093,2017,335
01093,2018,347
01093,2019,308
01093,2020,341
01093,2021,319
01093,2022,347
01095,2014,1322
01095,2015,1258
01095,2017,1566
01095,2020,1783
01095,2021,2271
01095,2023,1812
01097,2013,5865
01097,2016,6588
01097,2017,7189
01097,2018,5557
01097,2019,7144
01097,2020,7349
01097,2021,9100
01097,2022,9102
01097,2023,8565
01097,2024,8764
01099,2013,104
01099,2014,95
01099,2015,152
01099,2016,78
01099,2017,236
01099,2018,243
01099,2019,266
01099,2020,249
01099,2021,258
01099,2022,256
01099,2023,173
01099,2024,243
01101,2013,2829
01101,2014,3126
01101,2017,3706
01101,2018,3895
01101,2019,3714
01101,2020,3814
01101,2021,5871
01101,2022,5473
01101,2023,4477
01101,2024,4666
01101,2025,3649
01103,2013,1684
01103,2015,1551
01103,2019,2187
01103,2020,2288
01103,2021,2723
01103,2022,2286
01103,2023,2377
01105,2013,42
01105,2015,43
01105,2016,28
01105,2017,19
01105,2018,51
01105,2020,62
01105,2021,66
01105,2022,24
01107,2013,53
01107,2014,49
01107,2016,39
01107,2017,76
01107,2018,109
01107,2019,96
01107,2020,71
01107,2021,88
01107,2022,96
01107,2023,56
01109,2014,260
01109,2016,280
01109,2017,276
01109,2018,336
01109,2019,268
01109,2020,237
01109,2021,362
01109,2022,489
01109,2023,611
01109,2024,532
01111,2016,303
01111,2017,304
01111,2018,312
01111,2021,578
01111,2022,461
01111,2023,534
01111,2024,655
01113,2014,539
01113,2017,285
01113,2018,262
01113,2019,311
01113,2020,735
01113,2021,614
01113,2022,639
01113,2023,559
01115,2014,1668
01115,2015,1418
01115,2016,2286
01115,2017,2275
01115,2018,2558
01115,2019,2165
01115,2020,2384
01115,2021,2832
01115,2022,2540
01115,2023,2015
01115,2024,2047
01117,2014,4412
01117,2015,4920
01117,2017,5330
01117,2019,4257
01117,2020,5417
01117,2021,6197
01117,2022,5229
01117,2023,4129
01117,2024,4331
01119,2013,134
01119,2014,139
01119,2015,184
01119,2016,106
01119,2018,112
01119,2019,129
01119,2020,135
01119,2021,142
01119,2022,143
01119,2023,114
01119,2024,39
01121,2017,822
01121,2018,1522
01121,2019,1683
01121,2020,1890
01121,2021,2096
01121,2022,1890
01121,2023,1791
01121,2024,1329
01123,2013,343
01123,2014,342
01123,2016,311
01123,2017,388
01123,2018,238
01123,2019,266
01125,2014,2535
01125,2018,4085
01125,2019,4201
01125,2020,4465
01125,2021,4837
01125,2022,4659
01125,2023,3821
01125,2024,3885
01127,2015,1051
01127,2016,1081
01127,2017,832
01127,2018,911
01127,2019,903
01127,2020,862
01127,2021,966
01127,2022,927
01127,2023,791
01127,2024,868
01129,2022,217
01129,2023,162
01129,2024,166
01131,2019,57
01131,2021,62
01131,2022,145
01131,2024,72
01133,2013,382
01133,2014,447
01133,2015,462
01133,2016,468
01133,2017,411
01133,2018,454
01133,2019,411
01133,2020,545
01133,2021,562
01133,2022,821
01133,2023,810
01133,2024,751
02020,2014,3566
02020,2015,4406
02020,2016,4155
02020,2017,3943
02020,2018,4029
02020,2019,3993
02020,2020,5711
02020,2021,5852
02020,2022,4575
02020,2023,3050
02020,2024,3084
02090,2014,655
02090,2015,751
02090,2016,1081
02090,2017,1157
02090,2018,1188
02090,2019,1313
02090,2020,1647
02090,2021,1732
02090,2022,1595
02090,2023,1028
02090,2024,992
02090,2025,1114
02110,2014,325
02110,2015,492
02110,2016,496
02110,2017,410
02110,2018,417
02110,2019,482
02110,2020,528
02110,2021,607
02110,2022,472
02110,2023,294
02110,2024,287
02110,2025,296
02122,2014,746
02122,2015,347
02122,2016,689
02122,2017,664
02122,2018,899
02122,2019,792
02122,2020,1064
02122,2021,1299
02122,2022,975
02122,2023,651
02130,2014,104
02130,2015,94
02130,2016,171
02130,2017,165
02130,2018,157
02130,2019,161
02130,2020,162
02130,2021,214
02130,2022,163
02130,2023,96
02130,2024,97
02150,2013,137
02150,2014,91
02150,2018,113
02150,2019,127
02150,2020,133
02150,2021,152
02150,2022,131
02150,2023,89
02150,2024,77
02150,2025,70
02170,2014,1553
02170,2018,1793
02170,2019,2072
02170,2020,2751
02170,2021,2919
02180,2012,24
02180,2016,29
02180,2017,30
02180,2018,40
02180,2019,26
02180,2020,23
02180,2021,50
02180,2022,30
02180,2023,15
02180,2024,25
02180,2025,20
02195,2013,15
02195,2014,16
02195,2015,27
02195,2016,26
02195,2017,25
02195,2018,24
02195,2019,23
02195,2020,17
02195,2021,26
02195,2022,21
02195,2023,11
02195,2025,18
02220,2014,53
02220,2015,50
02220,2016,77
02220,2017,64
02220,2018,61
02220,2019,67
02220,2020,84
02220,2021,100
02220,2022,65
02220,2023,50
02261,2013,33
02261,2016,28
02261,2017,44
02261,2018,29
02261,2019,23
02261,2020,27
04001,2014,311
04001,2015,331
04001,2016,353
04001,2017,371
04001,2018,350
04001,2019,362
04001,2020,459
04001,2021,589
04001,2022,418
04001,2023,348
04001,2024,325
04003,2021,3103
04003,2022,3118
04003,2023,2372
04003,2024,2218
04003,2025,1773
04005,2015,2677
04005,2016,2969
04005,2017,3060
04005,2018,3013
04005,2019,2910
04005,2020,3549
04005,2021,2864
04005,2022,2762
04005,2023,2011
04005,2024,2058
04007,2021,1652
04007,2022,1212
04007,2023,957
04007,2024,833
04009,2022,556
04009,2023,462
04009,2024,547
04009,2025,382
04011,2022,62
04011,2023,64
04011,2024,62
04011,2025,45
04012,2018,430
04012,2019,435
04012,2020,449
04012,2021,476
04012,2022,479
04012,2023,349
04012,2025,273
04013,2015,96204
04013,2016,106561
04013,2017,109120
04013,2018,109102
04013,2019,115655
04013,2020,120591
04013,2021,130222
04013,2022,101707
04013,2023,75826
04013,2024,64218
04013,2025,54389
04015,2015,5964
04015,2016,6221
04015,2017,6677
04015,2018,7061
04015,2019,7519
04015,2021,9160
04015,2022,8203
04015,2023,6504
04015,2024,6150
04015,2025,4816
04017,2015,1958
04017,2023,2184
04017,2024,2191
04017,2025,1842
04019,2015,18602
04019,2016,21074
04019,2017,22970
04019,2018,23133
04019,2019,23880
04019,2020,18950
04019,2021,20941
04019,2022,23669
04019,2023,17737
04019,2024,17685
04019,2025,13460
04021,2014,8978
04021,2016,10378
04021,2017,12167
04021,2018,14086
04021,2019,14702
04021,2020,16938
04021,2021,18209
04021,2022,15672
04021,2023,11032
04021,2024,6021
04021,2025,5694
04023,2015,557
04023,2016,640
04023,2017,714
04023,2018,779
04023,2019,771
04023,2020,905
04023,2021,893
04023,2022,982
04023,2023,699
04023,2024,593
04023,2025,389
04025,2021,9274
04025,2022,7444
04025,2023,5503
04025,2024,3641
04027,2014,2906
04027,2015,3374
04027,2016,3803
04027,2017,4311
04027,2018,4228
04027,2019,4866
04027,2020,5108
04027,2021,5983
04027,2022,4852
04027,2023,3677
04027,2024,3454
04027,2025,2585
05001,2013,208
05001,2014,179
05001,2015,177
05001,2017,128
05001,2018,208
05001,2019,234
05001,2021,393
05001,2022,352
05001,2023,297
05001,2024,337
05001,2025,325
05003,2017,175
05003,2018,207
05003,2019,188
05003,2020,216
05003,2021,353
05003,2022,343
05003,2023,243
05003,2024,316
05003,2025,325
05005,2017,769
05005,2018,885
05005,2019,974
05005,2020,1153
05005,2021,1488
05005,2022,1178
05005,2023,1036
05005,2024,1086
05005,2025,1177
05007,2014,6090
05007,2015,6610
05007,2016,7394
05007,2017,7554
05007,2018,8035
05007,2019,8187
05007,2020,8604
05007,2021,9574
05007,2022,8235
05007,2023,6443
05007,2024,6559
05007,2025,5220
05009,2014,467
05009,2015,433
05009,2016,536
05009,2017,596
05009,2018,654
05009,2019,646
05009,2020,758
05009,2021,769
05009,2022,657
05009,2023,597
05009,2024,295
05009,2025,594
05011,2014,47
05011,2015,57
05011,2016,56
05011,2017,74
05011,2018,87
05011,2019,86
05011,2020,111
05011,2021,141
05011,2022,152
05011,2023,148
05011,2024,136
05013,2013,26
05013,2014,40
05013,2015,30
05013,2018,66
05013,2020,59
05013,2021,84
05013,2022,63
05013,2023,57
05013,2024,77
05015,2014,336
05015,2017,336
05015,2018,503
05015,2019,402
05015,2020,597
05015,2021,675
05015,2022,517
05015,2023,572
05015,2024,519
05017,2013,128
05017,2014,98
05017,2017,130
05017,2018,135
05017,2019,145
05017,2020,142
05017,2021,197
05017,2022,144
05017,2023,116
05017,2024,137
05017,2025,169
05019,2014,147
05019,2015,219
05019,2017,135
05019,2018,124
05019,2019,123
05019,2021,212
05019,2022,384
05019,2023,315
05019,2024,331
05019,2025,265
05021,2014,112
05021,2017,269
05021,2018,260
05021,2019,277
05021,2020,268
05021,2021,353
05021,2022,354
05021,2023,337
05021,2024,167
05023,2014,471
05023,2015,467
05023,2016,546
05023,2017,557
05023,2018,708
05023,2019,731
05023,2020,840
05023,2021,1065
05023,2022,835
05023,2023,622
05023,2024,625
05023,2025,712
05025,2014,51
05025,2015,45
05025,2017,63
05025,2018,73
05025,2019,90
05025,2020,85
05025,2021,97
05025,2022,105
05025,2023,83
05025,2024,113
05025,2025,82
05027,2015,218
05027,2016,252
05027,2017,308
05027,2018,314
05027,2019,303
05027,2020,291
05027,2021,239
05027,2022,362
05027,2023,289
05027,2024,303
05027,2025,278
05029,2014,134
05029,2017,276
05029,2018,312
05029,2019,396
05029,2020,395
05029,2021,437
05029,2022,436
05029,2023,298
05029,2024,322
05029,2025,469
05031,2014,1841
05031,2015,1984
05031,2016,1782
05031,2017,2191
05031,2018,2034
05031,2019,2112
05031,2020,2808
05031,2021,2547
05031,2022,1932
05031,2023,1623
05031,2024,1165
05031,2025,1575
05033,2014,760
05033,2015,736
05033,2016,925
05033,2017,998
05033,2018,1192
05033,2019,1195
05033,2020,1260
05033,2021,1455
05033,2022,1285
05033,2023,1026
05033,2024,1119
05033,2025,1053
05035,2015,491
05035,2016,498
05035,2017,572
05035,2018,621
05035,2019,709
05035,2020,743
05035,2021,822
05035,2022,1030
05035,2023,815
05035,2024,762
05037,2014,153
05037,2015,125
05037,2016,155
05037,2017,175
05037,2018,136
05037,2019,186
05037,2020,187
05037,2021,320
05037,2022,312
05037,2023,262
05037,2024,297
05037,2025,251
05039,2013,70
05039,2014,89
05039,2017,61
05039,2018,78
05039,2019,79
05039,2020,76
05039,2021,98
05039,2022,90
05039,2023,95
05039,2024,100
05039,2025,95
05041,2013,94
05041,2014,85
05041,2015,119
05041,2017,87
05041,2018,64
05041,2019,67
05041,2020,100
05041,2021,155
05041,2022,160
05041,2023,136
05041,2024,150
05041,2025,136
05043,2014,138
05043,2015,159
05043,2016,173
05043,2017,243
05043,2018,257
05043,2019,278
05043,2020,207
05043,2021,246
05043,2022,213
05043,2023,217
05043,2024,99
05045,2014,1995
05045,2015,1794
05045,2016,2187
05045,2017,2419
05045,2018,2504
05045,2019,2367
05045,2020,2840
05045,2021,2781
05045,2022,1789
05045,2023,1735
05045,2024,901
05045,2025,1700
05047,2013,121
05047,2015,183
05047,2017,199
05047,2018,255
05047,2019,181
05047,2020,338
05047,2021,420
05047,2022,396
05047,2023,282
05047,2024,336
05047,2025,359
05049,2013,215
05049,2014,265
05049,2015,311
05049,2016,273
05049,2017,210
05049,2020,314
05049,2021,398
05049,2022,360
05049,2023,251
05049,2024,208
05051,2014,2021
05051,2015,1864
05051,2016,2238
05051,2017,2375
05051,2018,2639
05051,2019,2770
05051,2020,3043
05051,2021,2972
05051,2022,863
05051,2023,1773
05051,2024,925
05051,2025,1741
05053,2012,170
05053,2014,206
05053,2017,180
05053,2018,254
05053,2019,261
05053,2020,289
05053,2021,371
05053,2022,383
05053,2023,320
05053,2024,361
05053,2025,271
05055,2014,834
05055,2015,513
05055,2016,813
05055,2017,930
05055,2018,920
05055,2019,943
05055,2020,1065
05055,2021,1127
05055,2022,1036
05055,2023,921
05055,2024,928
05055,2025,891
05057,2014,139
05057,2015,146
05057,2016,183
05057,2017,220
05057,2018,187
05057,2019,272
05057,2020,190
05057,2021,325
05057,2022,305
05057,2023,217
05057,2024,257
05057,2025,321
05059,2017,377
05059,2018,441
05059,2019,497
05059,2020,409
05059,2021,610
05059,2022,578
05059,2023,510
05059,2024,533
05059,2025,799
05061,2013,128
05061,2014,123
05061,2015,104
05061,2016,131
05061,2017,156
05061,2018,199
05061,2019,204
05061,2020,200
05061,2021,307
05061,2022,188
05061,2023,133
05061,2024,182
05061,2025,174
05063,2014,363
05063,2015,371
05063,2016,379
05063,2017,474
05063,2018,608
05063,2019,621
05063,2020,660
05063,2021,754
05063,2022,765
05063,2023,570
05063,2024,646
05065,2016,170
05065,2017,203
05065,2018,330
05065,2019,319
05065,2020,314
05065,2021,310
05065,2022,225
05065,2023,274
05065,2024,331
05065,2025,238
05067,2014,125
05067,2015,193
05067,2017,178
05067,2018,188
05067,2019,258
05067,2020,256
05067,2021,326
05067,2022,281
05067,2023,231
05067,2024,276
05067,2025,219
05069,2014,258
05069,2015,551
05069,2016,865
05069,2017,868
05069,2018,843
05069,2019,779
05069,2020,966
05069,2021,1104
05069,2022,1012
05069,2023,868
05069,2024,455
05071,2017,281
05071,2018,320
05071,2019,337
05071,2020,370
05071,2021,521
05071,2022,549
05071,2023,338
05071,2024,402
05071,2025,405
05073,2015,48
05073,2020,53
05073,2021,105
05073,2022,83
05073,2023,69
05073,2024,85
05075,2014,218
05075,2015,222
05075,2016,215
05075,2017,216
05075,2018,246
05075,2019,287
05075,2020,245
05075,2021,334
05075,2022,259
05075,2023,264
05075,2024,291
05075,2025,248
05077,2013,64
05077,2014,87
05077,2015,76
05077,2016,38
05077,2017,51
05077,2018,37
05077,2019,46
05077,2020,62
05077,2021,50
05077,2022,69
05077,2023,71
05077,2024,31
05079,2014,70
05079,2015,57
05079,2016,96
05079,2017,94
05079,2018,97
05079,2019,58
05079,2020,57
05079,2021,61
05079,2022,148
05079,2023,79
05079,2024,104
05081,2014,154
05081,2015,180
05081,2016,117
05081,2017,172
05081,2018,176
05081,2019,156
05081,2020,160
05081,2021,170
05081,2022,191
05081,2023,143
05081,2024,104
05083,2013,148
05083,2015,210
05083,2016,329
05083,2017,281
05083,2018,347
05083,2019,357
05083,2020,305
05083,2021,409
05083,2022,427
05083,2023,310
05083,2024,148
05085,2014,546
05085,2015,1417
05085,2016,1494
05085,2017,1570
05085,2018,1132
05085,2019,1271
05085,2020,1985
05085,2021,2210
05085,2022,1872
05085,2023,1120
05085,2024,1004
05085,2025,1043
05087,2013,171
05087,2014,241
05087,2015,200
05087,2016,160
05087,2017,240
05087,2018,284
05087,2019,260
05087,2020,262
05087,2021,436
05087,2022,330
05087,2023,301
05087,2024,260
05087,2025,271
05089,2017,350
05089,2018,419
05089,2019,299
05089,2020,380
05089,2021,559
05089,2022,230
05089,2023,315
05091,2014,361
05091,2015,413
05091,2016,423
05091,2017,505
05091,2018,519
05091,2019,584
05091,2020,648
05091,2021,751
05091,2022,871
05091,2023,580
05091,2024,576
05093,2013,415
05093,2015,574
05093,2021,522
05093,2022,411
05093,2023,415
05093,2024,478
05093,2025,230
05095,2013,98
05095,2014,79
05095,2016,82
05095,2017,75
05095,2018,87
05095,2019,72
05095,2020,96
05095,2021,104
05095,2022,97
05095,2023,89
05095,2024,42
05097,2016,64
05097,2017,85
05097,2018,112
05097,2019,81
05097,2020,108
05097,2021,138
05097,2022,190
05097,2023,159
05097,2024,164
05097,2025,158
05099,2015,80
05099,2017,99
05099,2018,89
05099,2019,91
05099,2020,101
05099,2021,128
05099,2022,95
05099,2023,110
05101,2015,90
05101,2016,73
05101,2017,135
05101,2018,98
05101,2019,103
05101,2020,158
05101,2021,190
05101,2022,186
05101,2023,109
05101,2024,70
05103,2014,218
05103,2015,257
05103,2017,338
05103,2018,305
05103,2019,294
05103,2020,279
05103,2021,447
05103,2022,494
05103,2023,373
05103,2024,423
05105,2015,116
05105,2017,142
05105,2018,174
05105,2019,128
05105,2020,137
05105,2021,157
05105,2022,184
05105,2023,144
05105,2024,72
05107,2014,104
05107,2015,111
05107,2016,264
05107,2017,237
05107,2018,284
05107,2019,230
05107,2020,273
05107,2021,316
05107,2022,294
05107,2023,188
05107,2024,242
05107,2025,237
05109,2017,163
05109,2018,193
05109,2019,186
05109,2020,186
05109,2021,210
05109,2022,232
05109,2023,135
05111,2017,187
05111,2018,171
05111,2020,247
05111,2021,417
05111,2022,488
05111,2023,434
05111,2024,459
05111,2025,453
05113,2014,322
05113,2015,305
05113,2016,287
05113,2017,285
05113,2018,390
05113,2019,374
05113,2020,469
05113,2021,593
05113,2022,491
05113,2023,357
05113,2024,398
05113,2025,351
05115,2015,950
05115,2016,807
05115,2017,788
05115,2018,900
05115,2019,1101
05115,2020,1191
05115,2021,1834
05115,2022,1275
05115,2023,922
05115,2024,1094
05115,2025,1022
05117,2014,45
05117,2015,53
05117,2017,81
05117,2018,75
05117,2019,75
05117,2020,76
05117,2021,88
05117,2022,96
05117,2023,101
05117,2024,49
05119,2014,6534
05119,2015,7247
05119,2016,7772
05119,2017,7316
05119,2018,8007
05119,2019,8092
05119,2020,9310
05119,2021,9782
05119,2022,7631
05119,2023,6049
05119,2025,5954
05121,2015,195
05121,2017,256
05121,2018,295
05121,2019,319
05121,2020,327
05121,2021,434
05121,2022,488
05121,2023,304
05121,2024,309
05121,2025,403
05123,2014,195
05123,2015,129
05123,2016,200
05123,2017,196
05123,2018,267
05123,2019,267
05123,2020,243
05123,2021,304
05123,2022,309
05123,2023,191
05123,2024,242
05123,2025,270
05125,2014,2317
05125,2015,2373
05125,2016,2287
05125,2017,2991
05125,2018,2940
05125,2019,3174
05125,2020,3519
05125,2021,3457
05125,2022,2508
05125,2023,2215
05125,2024,1296
05125,2025,1828
05127,2013,108
05127,2014,135
05127,2015,107
05127,2017,133
05127,2018,155
05127,2019,145
05127,2020,172
05127,2021,277
05127,2022,284
05127,2023,191
05127,2024,190
05127,2025,265
05129,2016,72
05129,2017,79
05129,2018,113
05129,2019,126
05129,2020,164
05129,2021,223
05129,2022,170
05129,2023,166
05129,2024,152
05129,2025,152
05131,2014,1794
05131,2015,2006
05131,2016,1836
05131,2017,1974
05131,2018,2299
05131,2019,2405
05131,2020,2635
05131,2021,2900
05131,2022,1938
05131,2023,1824
05131,2024,1351
05131,2025,1645
05133,2014,203
05133,2015,217
05133,2016,124
05133,2017,141
05133,2018,169
05133,2019,161
05133,2020,173
05133,2021,166
05133,2022,172
05133,2023,113
05133,2024,111
05135,2013,278
05135,2014,361
05135,2018,458
05135,2019,524
05135,2020,553
05135,2021,726
05135,2022,691
05135,2023,542
05135,2024,512
05135,2025,572
05137,2015,110
05137,2016,139
05137,2017,161
05137,2018,206
05137,2019,236
05137,2020,273
05137,2021,356
05137,2022,323
05137,2023,267
05137,2024,277
05137,2025,288
05139,2020,323
05139,2021,618
05139,2022,747
05139,2023,439
05139,2024,590
05139,2025,757
05141,2013,215
05141,2014,207
05141,2017,335
05141,2018,361
05141,2019,381
05141,2020,500
05141,2021,589
05141,2022,486
05141,2023,437
05141,2024,448
05143,2014,2976
05143,2015,4462
05143,2016,4060
05143,2017,3958
05143,2018,4263
05143,2019,4314
05143,2020,4761
05143,2021,4865
05143,2022,3443
05143,2023,3528
05143,2024,2057
05143,2025,2834
05145,2014,1044
05145,2016,817
05145,2017,1042
05145,2018,1334
05145,2019,1416
05145,2020,1500
05145,2021,1582
05145,2022,1137
05145,2023,972
05145,2024,435
05145,2025,1031
05147,2014,46
05147,2015,75
05147,2016,24
05147,2017,61
05147,2018,72
05147,2019,56
05147,2020,61
05147,2021,88
05147,2022,87
05147,2023,96
05147,2024,39
05149,2013,117
05149,2014,212
05149,2015,198
05149,2017,236
05149,2018,223
05149,2019,433
05149,2020,322
05149,2021,398
05149,2022,321
05149,2023,273
05149,2024,98
06001,2014,17371
06001,2015,17855
06001,2016,17762
06001,2017,18189
06001,2018,17516
06001,2019,17066
06001,2020,16365
06001,2021,21476
06001,2022,15545
06001,2024,12219
06001,2025,9527
06003,2014,51
06003,2015,71
06003,2016,83
06003,2017,95
06003,2018,85
06003,2019,85
06003,2020,110
06003,2021,112
06003,2022,69
06003,2023,70
06003,2024,75
06005,2014,646
06005,2015,723
06005,2016,885
06005,2017,870
06005,2018,876
06005,2019,865
06005,2020,1025
06005,2021,1156
06005,2022,871
06005,2023,678
06005,2025,535
06007,2014,2872
06007,2015,3271
06007,2016,3469
06007,2017,3524
06007,2018,3765
06007,2019,4903
06007,2020,4109
06007,2021,4238
06007,2022,3348
06007,2023,2634
06007,2025,1968
06009,2014,939
06009,2015,1217
06009,2016,1192
06009,2017,1310
06009,2018,1255
06009,2019,1240
06009,2020,1532
06009,2021,1550
06009,2022,1182
06009,2023,814
06009,2025,800
06011,2014,208
06011,2015,284
06011,2016,201
06011,2017,242
06011,2018,211
06011,2019,227
06011,2020,271
06011,2021,287
06011,2022,196
06011,2023,117
06011,2024,150
06011,2025,118
06013,2014,15968
06013,2015,17979
06013,2016,17182
06013,2017,17145
06013,2018,16488
06013,2019,15721
06013,2021,20100
06013,2022,8861
06013,2023,10746
06013,2024,11169
06013,2025,9227
06015,2014,274
06015,2015,358
06015,2016,389
06015,2017,366
06015,2018,405
06015,2019,340
06015,2020,394
06015,2021,478
06015,2022,394
06015,2023,286
06015,2024,285
06017,2014,3985
06017,2015,4164
06017,2016,4881
06017,2017,4946
06017,2018,4545
06017,2019,4169
06017,2020,5569
06017,2021,5394
06017,2022,4146
06017,2023,3010
06017,2024,3166
06017,2025,2755
06019,2014,10633
06019,2015,11641
06019,2016,12046
06019,2017,13208
06019,2018,13128
06019,2019,12483
06019,2020,12503
06019,2021,13905
06019,2022,11998
06019,2023,9022
06019,2025,7142
06021,2014,252
06021,2015,280
06021,2016,337
06021,2017,284
06021,2018,345
06021,2019,334
06021,2020,287
06021,2021,309
06021,2022,295
06021,2023,234
06021,2024,186
06021,2025,192
06023,2014,1456
06023,2015,1549
06023,2016,1748
06023,2017,1717
06023,2018,1779
06023,2019,1812
06023,2020,1855
06023,2021,1992
06023,2022,1531
06023,2023,1231
06023,2024,1460
06023,2025,1174
06025,2014,1548
06025,2015,1648
06025,2016,1633
06025,2017,1663
06025,2018,1653
06025,2019,1739
06025,2020,1543
06025,2021,1795
06025,2022,1381
06025,2023,1151
06025,2025,853
06027,2014,176
06027,2015,179
06027,2016,203
06027,2017,219
06027,2018,244
06027,2019,150
06027,2020,161
06027,2021,250
06027,2022,197
06027,2023,158
06027,2024,181
06027,2025,142
06029,2014,11822
06029,2015,12661
06029,2016,12834
06029,2017,13469
06029,2018,13607
06029,2019,13352
06029,2020,13643
06029,2021,15954
06029,2022,13583
06029,2023,9922
06029,2024,10278
06029,2025,8097
06031,2014,1304
06031,2015,1504
06031,2016,1741
06031,2017,1796
06031,2018,1773
06031,2019,1818
06031,2020,1828
06031,2021,1898
06031,2022,1866
06031,2023,1587
06031,2025,1345
06033,2014,843
06033,2015,981
06033,2016,1087
06033,2017,1149
06033,2018,1129
06033,2019,1042
06033,2020,1103
06033,2021,1462
06033,2022,1187
06033,2023,923
06033,2024,999
06033,2025,805
06035,2014,415
06035,2015,430
06035,2016,441
06035,2017,474
06035,2018,537
06035,2019,525
06035,2020,525
06035,2021,594
06035,2022,540
06035,2023,401
06035,2024,401
06035,2025,365
06037,2014,77798
06037,2015,85429
06037,2016,85153
06037,2018,80845
06037,2019,78576
06037,2020,67727
06037,2021,96890
06037,2022,68264
06037,2023,53636
06037,2024,56559
06037,2025,49654
06039,2014,1589
06039,2015,1855
06039,2016,2174
06039,2017,2217
06039,2018,2293
06039,2019,2433
06039,2020,2694
06039,2021,3167
06039,2022,2630
06039,2023,2103
06039,2025,1420
06041,2014,3519
06041,2015,3595
06041,2016,2993
06041,2017,3428
06041,2018,3203
06041,2019,3382
06041,2020,3556
06041,2021,4325
06041,2023,2467
06041,2024,2656
06041,2025,2390
06043,2014,328
06043,2015,384
06043,2016,422
06043,2017,422
06043,2018,377
06043,2019,366
06043,2020,432
06043,2021,438
06043,2022,341
06043,2023,272
06045,2014,853
06045,2015,1004
06045,2016,1079
06045,2017,1061
06045,2018,1063
06045,2019,1131
06045,2020,1298
06045,2021,1285
06045,2022,1016
06045,2023,791
06045,2025,781
06047,2014,2664
06047,2015,3448
06047,2016,3606
06047,2017,3890
06047,2018,4194
06047,2019,3789
06047,2020,4249
06047,2021,4499
06047,2022,3246
06047,2023,2475
06047,2024,2474
06047,2025,1698
06049,2014,117
06049,2015,101
06049,2016,94
06049,2017,125
06049,2018,132
06049,2019,121
06049,2020,164
06049,2021,204
06049,2022,146
06049,2023,118
06049,2024,104
06051,2014,492
06051,2015,493
06051,2016,559
06051,2017,667
06051,2018,575
06051,2019,651
06051,2020,763
06051,2021,812
06051,2022,593
06051,2023,420
06051,2025,392
06053,2014,3307
06053,2015,3750
06053,2016,3863
06053,2017,4228
06053,2018,3981
06053,2019,3993
06053,2020,3843
06053,2021,4411
06053,2022,1708
06053,2023,2576
06053,2024,2550
06053,2025,2357
06055,2014,1474
06055,2015,1727
06055,2016,1750
06055,2017,1670
06055,2018,1594
06055,2019,1608
06055,2020,1815
06055,2021,2098
06055,2022,1366
06055,2023,1132
06055,2025,1001
06057,2014,2196
06057,2015,2501
06057,2016,2597
06057,2017,2666
06057,2018,2631
06057,2019,2573
06057,2020,3045
06057,2021,3127
06057,2022,2526
06057,2023,1898
06057,2024,1935
06057,2025,1718
06059,2014,31821
06059,2015,34258
06059,2016,35360
06059,2017,35144
06059,2018,32319
06059,2019,33028
06059,2020,33630
06059,2021,40213
06059,2022,27722
06059,2023,22162
06059,2024,22435
06059,2025,18940
06061,2014,8012
06061,2015,9417
06061,2016,9950
06061,2017,10179
06061,2018,9609
06061,2019,9226
06061,2020,10962
06061,2021,12382
06061,2022,9821
06061,2023,8096
06061,2025,5757
06063,2014,468
06063,2015,515
06063,2016,504
06063,2017,617
06063,2018,594
06063,2019,598
06063,2020,761
06063,2021,766
06063,2022,598
06063,2023,474
06063,2025,481
06065,2014,37469
06065,2015,40526
06065,2016,42709
06065,2017,45734
06065,2018,44796
06065,2019,43914
06065,2020,47194
06065,2021,55147
06065,2022,39858
06065,2023,30022
06065,2025,26413
06067,2014,20937
06067,2015,24350
06067,2016,25844
06067,2017,26007
06067,2018,25561
06067,2019,24798
06067,2020,24523
06067,2021,27677
06067,2022,21739
06067,2023,15900
06067,2024,17568
06067,2025,13796
06069,2014,721
06069,2015,777
06069,2016,870
06069,2017,968
06069,2018,1208
06069,2019,1048
06069,2020,1117
06069,2021,1469
06069,2022,868
06069,2023,720
06069,2025,503
06071,2014,26732
06071,2015,29112
06071,2016,30847
06071,2017,33482
06071,2018,30544
06071,2019,30476
06071,2020,33459
06071,2021,38652
06071,2022,28503
06071,2023,21538
06071,2024,21599
06071,2025,17165
06073,2014,38425
06073,2015,42466
06073,2016,43624
06073,2017,43038
06073,2018,40528
06073,2019,40677
06073,2020,42379
06073,2021,48087
06073,2022,33758
06073,2023,26049
06073,2024,26814
06073,2025,23238
06075,2014,6124
06075,2015,5994
06075,2016,6244
06075,2017,6400
06075,2018,6448
06075,2019,6192
06075,2020,5310
06075,2021,7787
06075,2022,6571
06075,2023,4823
06075,2024,5334
06075,2025,5431
06077,2014,8181
06077,2015,6285
06077,2016,10772
06077,2017,11232
06077,2018,10964
06077,2019,10838
06077,2020,11368
06077,2021,13317
06077,2022,11057
06077,2024,8728
06077,2025,5753
06079,2014,4117
06079,2015,4795
06079,2016,4754
06079,2017,4630
06079,2018,4637
06079,2019,4504
06079,2020,4854
06079,2021,5449
06079,2022,3926
06079,2023,3087
06079,2024,3258
06079,2025,2617
06081,2014,7378
06081,2015,7038
06081,2016,6842
06081,2017,6845
06081,2018,6591
06081,2019,6188
06081,2020,6255
06081,2021,8753
06081,2022,6276
06081,2023,4867
06081,2025,4551
06083,2014,3808
06083,2015,2806
06083,2016,4488
06083,2017,4656
06083,2018,4504
06083,2019,4560
06083,2020,4772
06083,2021,5292
06083,2022,3817
06083,2023,2728
06083,2025,2715
06085,2014,18487
06085,2015,19312
06085,2016,18088
06085,2017,18590
06085,2018,17631
06085,2019,16173
06085,2020,16393
06085,2021,22193
06085,2022,15681
06085,2023,11722
06085,2024,13897
06085,2025,11554
06087,2014,2469
06087,2015,2858
06087,2016,2498
06087,2017,2660
06087,2018,2606
06087,2019,2480
06087,2020,2601
06087,2021,3097
06087,2022,2092
06087,2023,1636
06087,2025,1712
06089,2014,2748
06089,2015,3162
06089,2016,3514
06089,2017,3420
06089,2018,3702
06089,2019,3705
06089,2020,3845
06089,2021,4363
06089,2022,3483
06089,2023,2496
06089,2024,2596
06089,2025,2299
06091,2014,57
06091,2015,57
06091,2016,63
06091,2017,60
06091,2018,70
06091,2019,72
06091,2020,87
06091,2021,77
06091,2022,66
06091,2023,59
06091,2025,38
06093,2014,667
06093,2015,741
06093,2016,865
06093,2017,904
06093,2018,919
06093,2019,891
06093,2020,899
06093,2021,979
06093,2022,849
06093,2023,636
06093,2025,589
06095,2014,5832
06095,2015,6938
06095,2016,7298
06095,2017,7180
06095,2018,6653
06095,2019,7070
06095,2020,6988
06095,2021,8124
06095,2022,6476
06095,2023,4649
06095,2024,4776
06095,2025,3422
06097,2014,6436
06097,2015,6772
06097,2016,7117
06097,2017,6636
06097,2018,6575
06097,2019,6533
06097,2020,7171
06097,2021,8969
06097,2022,6334
06097,2023,4645
06097,2024,5072
06097,2025,4485
06099,2014,6214
06099,2015,7284
06099,2016,7340
06099,2017,7691
06099,2018,7007
06099,2019,6832
06099,2020,6689
06099,2021,7637
06099,2022,5866
06099,2023,4337
06099,2024,4746
06099,2025,4019
06101,2014,1076
06101,2015,1203
06101,2016,1435
06101,2017,1268
06101,2018,1249
06101,2019,1274
06101,2020,1243
06101,2021,1398
06101,2022,1124
06101,2023,833
06101,2025,615
06103,2014,971
06103,2015,1033
06103,2016,1070
06103,2017,1075
06103,2018,1133
06103,2019,1275
06103,2020,1164
06103,2021,1253
06103,2022,947
06103,2023,797
06103,2025,626
06105,2014,375
06105,2015,407
06105,2016,507
06105,2017,335
06105,2018,274
06105,2019,389
06105,2020,465
06105,2021,404
06105,2022,299
06105,2023,268
06105,2024,271
06105,2025,264
06107,2014,4092
06107,2015,4503
06107,2016,5241
06107,2017,5118
06107,2018,5224
06107,2019,5159
06107,2020,5285
06107,2021,5306
06107,2022,4502
06107,2023,3821
06107,2024,3650
06107,2025,2959
06109,2014,1082
06109,2015,1146
06109,2016,1277
06109,2017,1395
06109,2018,1322
06109,2019,1217
06109,2020,1589
06109,2021,1835
06109,2022,1403
06109,2024,1017
06109,2025,917
06111,2014,8876
06111,2015,10445
06111,2016,10253
06111,2017,10158
06111,2018,9827
06111,2019,10002
06111,2020,10075
06111,2021,11531
06111,2022,8771
06111,2023,6002
06111,2024,6396
06111,2025,5744
06113,2014,2146
06113,2015,2393
06113,2016,2540
06113,2017,2614
06113,2018,2319
06113,2019,2403
06113,2020,2516
06113,2021,3082
06113,2022,2094
06113,2023,1911
06113,2025,1567
06115,2014,1410
06115,2015,1475
06115,2016,1632
06115,2017,1527
06115,2018,1782
06115,2019,1689
06115,2020,1900
06115,2021,2103
06115,2022,1888
06115,2023,1347
06115,2025,900
08001,2014,9302
08001,2015,10478
08001,2016,10390
08001,2017,10900
08001,2018,10776
08001,2019,10728
08001,2020,11697
08001,2021,13094
08001,2022,11310
08001,2023,8467
08001,2024,8483
08003,2013,209
08003,2014,187
08003,2015,222
08003,2016,190
08003,2017,240
08003,2018,276
08003,2019,232
08003,2020,265
08003,2022,269
08003,2023,183
08003,2024,184
08005,2013,12508
08005,2014,13305
08005,2015,14312
08005,2016,14644
08005,2017,14760
08005,2018,13710
08005,2019,13992
08005,2020,12705
08005,2021,16214
08005,2022,12545
08005,2023,9547
08005,2024,9431
08007,2014,359
08007,2015,489
08007,2016,310
08007,2017,583
08007,2018,642
08007,2019,587
08007,2020,771
08007,2021,868
08007,2022,516
08007,2023,685
08007,2024,581
08009,2013,35
08009,2014,38
08009,2015,45
08009,2016,46
08009,2017,40
08009,2018,36
08009,2019,45
08009,2020,45
08009,2021,60
08009,2022,41
08009,2023,52
08009,2024,54
08011,2014,56
08011,2016,40
08011,2017,48
08011,2018,67
08011,2019,70
08011,2020,64
08011,2021,73
08011,2022,55
08011,2023,55
08011,2024,67
08013,2014,5833
08013,2015,6522
08013,2016,5956
08013,2017,6013
08013,2018,5971
08013,2019,6225
08013,2020,6293
08013,2021,6698
08013,2022,5260
08013,2023,4262
08013,2024,4866
08013,2025,4223
08014,2014,1516
08014,2015,1656
08014,2016,1625
08014,2017,1702
08014,2018,1606
08014,2019,1693
08014,2020,1583
08014,2021,1717
08014,2022,1496
08014,2023,1122
08014,2024,1211
08014,2025,989
08015,2014,538
08015,2015,538
08015,2016,670
08015,2017,763
08015,2018,795
08015,2019,777
08015,2020,913
08015,2021,970
08015,2022,576
08015,2023,514
08015,2024,546
08017,2013,20
08017,2014,22
08017,2015,29
08017,2016,27
08017,2017,27
08017,2018,19
08017,2019,32
08017,2020,27
08017,2021,30
08017,2022,10
08017,2023,18
08017,2024,18
08019,2014,260
08019,2015,304
08019,2016,306
08019,2017,280
08019,2018,304
08019,2019,264
08019,2020,306
08019,2021,376
08019,2022,296
08019,2023,220
08019,2024,218
08021,2013,53
08021,2014,67
08021,2015,72
08021,2016,74
08021,2017,99
08021,2018,105
08021,2019,101
08021,2020,107
08021,2021,122
08021,2022,133
08021,2023,89
08021,2024,82
08023,2013,101
08023,2014,116
08023,2015,136
08023,2017,71
08023,2018,61
08023,2019,60
08023,2020,108
08023,2021,97
08023,2022,82
08023,2023,72
08023,2024,82
08025,2012,37
08025,2013,45
08025,2014,55
08025,2015,58
08025,2016,61
08025,2017,88
08025,2018,53
08025,2019,47
08025,2020,60
08025,2021,66
08025,2022,51
08025,2023,55
08025,2024,28
08027,2015,157
08027,2016,166
08027,2017,175
08027,2018,194
08027,2019,223
08027,2020,273
08027,2021,270
08027,2022,188
08027,2023,174
08027,2024,148
08029,2014,462
08029,2016,653
08029,2017,756
08029,2018,740
08029,2019,714
08029,2020,811
08029,2021,847
08029,2022,674
08029,2023,553
08029,2024,529
08031,2014,14946
08031,2015,15528
08031,2016,15541
08031,2017,15301
08031,2018,15133
08031,2019,15526
08031,2020,15681
08031,2021,17012
08031,2022,13332
08031,2023,10643
08031,2024,10383
08033,2018,42
08033,2019,39
08033,2020,38
08033,2021,54
08033,2022,31
08033,2023,28
08033,2024,27
08035,2014,9269
08035,2015,10059
08035,2016,9412
08035,2017,10381
08035,2018,9998
08035,2019,10112
08035,2020,11085
08035,2021,11929
08035,2022,10502
08035,2023,7975
08035,2024,7949
08037,2014,1372
08037,2015,1534
08037,2016,1556
08037,2017,1715
08037,2018,1717
08037,2019,1698
08037,2020,2046
08037,2021,1877
08037,2022,1693
08037,2023,1291
08037,2024,1285
08039,2014,604
08039,2015,639
08039,2016,664
08039,2017,729
08039,2018,660
08039,2019,702
08039,2020,793
08039,2021,930
08039,2022,913
08039,2023,641
08039,2024,623
08041,2014,13161
08041,2015,15572
08041,2016,18983
08041,2017,20337
08041,2018,19881
08041,2019,19591
08041,2020,21004
08041,2021,22846
08041,2022,16239
08041,2023,8359
08041,2024,12986
08041,2025,10787
08043,2012,726
08043,2015,1035
08043,2016,1118
08043,2017,1159
08043,2018,1147
08043,2019,1156
08043,2020,1225
08043,2021,1312
08043,2022,1040
08043,2023,885
08043,2024,740
08045,2014,1051
08045,2015,1192
08045,2016,1309
08045,2017,1325
08045,2018,1446
08045,2019,1384
08045,2020,1581
08045,2021,1764
08045,2022,1241
08045,2023,884
08045,2024,922
08047,2014,160
08047,2015,173
08047,2016,177
08047,2017,174
08047,2018,189
08047,2019,168
08047,2020,203
08047,2021,252
08047,2022,192
08047,2023,173
08047,2024,141
08049,2014,754
08049,2015,967
08049,2016,1151
08049,2017,1275
08049,2018,1263
08049,2019,1243
08049,2020,1346
08049,2021,1391
08049,2022,1005
08049,2023,810
08049,2024,896
08051,2016,372
08051,2017,457
08051,2018,497
08051,2019,497
08051,2020,812
08051,2021,885
08051,2022,555
08051,2023,480
08051,2024,427
08055,2014,120
08055,2015,179
08055,2016,196
08055,2017,198
08055,2018,234
08055,2019,207
08055,2020,217
08055,2021,268
08055,2022,208
08055,2023,184
08055,2024,177
08057,2014,22
08057,2015,25
08057,2016,29
08057,2017,30
08057,2018,17
08057,2019,40
08057,2020,36
08057,2021,39
08057,2022,36
08057,2023,27
08057,2024,22
08059,2014,12170
08059,2015,13091
08059,2016,13048
08059,2017,12796
08059,2018,12179
08059,2019,11922
08059,2020,12729
08059,2021,13645
08059,2022,11022
08059,2023,9280
08059,2024,9443
08063,2017,58
08063,2018,92
08063,2019,94
08063,2020,131
08063,2021,169
08063,2022,146
08063,2023,115
08063,2024,83
08065,2014,112
08065,2015,115
08065,2016,231
08065,2017,227
08065,2018,210
08065,2019,201
08065,2020,207
08065,2021,285
08065,2022,228
08065,2023,173
08065,2024,179
08067,2013,1184
08067,2014,1202
08067,2015,1208
08067,2016,1263
08067,2017,1350
08067,2018,1458
08067,2019,1365
08067,2020,1519
08067,2021,1742
08067,2022,1396
08067,2023,962
08067,2024,968
08067,2025,897
08069,2014,8239
08069,2015,8508
08069,2016,8458
08069,2017,8717
08069,2018,8408
08069,2019,8103
08069,2020,9037
08069,2021,10148
08069,2022,8445
08069,2024,5751
08069,2025,4998
08071,2013,177
08071,2015,211
08071,2017,215
08071,2018,295
08071,2019,263
08071,2020,307
08071,2021,323
08071,2022,311
08071,2023,203
08071,2024,171
08071,2025,184
08073,2015,94
08073,2016,78
08073,2017,92
08073,2018,103
08073,2019,98
08073,2020,104
08073,2021,102
08073,2022,103
08073,2023,99
08073,2024,86
08075,2013,302
08075,2014,177
08075,2015,369
08075,2017,399
08075,2018,386
08075,2019,389
08075,2020,375
08075,2021,430
08075,2022,464
08075,2023,363
08075,2024,308
08077,2014,2988
08077,2015,3335
08077,2016,3697
08077,2017,4368
08077,2018,4603
08077,2019,4582
08077,2020,4726
08077,2021,4727
08077,2022,3871
08077,2024,2715
08079,2012,24
08079,2014,24
08079,2015,37
08079,2016,41
08079,2017,57
08079,2018,44
08079,2019,35
08079,2020,53
08079,2021,65
08079,2022,49
08079,2023,34
08079,2024,60
08081,2013,158
08081,2015,168
08081,2016,220
08081,2017,292
08081,2018,299
08081,2019,282
08081,2020,321
08081,2021,376
08081,2022,343
08081,2023,235
08081,2024,235
08083,2014,327
08083,2015,435
08083,2016,446
08083,2017,436
08083,2018,571
08083,2019,539
08083,2020,590
08083,2021,619
08083,2022,276
08083,2023,377
08083,2024,379
08085,2014,679
08085,2015,724
08085,2016,887
08085,2017,1017
08085,2018,1054
08085,2019,1020
08085,2020,1132
08085,2021,1332
08085,2022,1144
08085,2023,807
08085,2024,856
08087,2013,406
08087,2014,437
08087,2015,506
08087,2016,488
08087,2017,469
08087,2018,586
08087,2019,573
08087,2020,589
08087,2021,637
08087,2022,416
08087,2023,414
08087,2024,414
08089,2014,233
08089,2015,261
08089,2016,215
08089,2017,263
08089,2018,278
08089,2019,292
08089,2020,283
08089,2021,356
08089,2022,216
08089,2023,206
08089,2024,277
08091,2012,112
08091,2015,169
08091,2016,187
08091,2017,233
08091,2018,196
08091,2019,204
08091,2020,223
08091,2021,252
08091,2022,167
08091,2023,118
08091,2024,132
08093,2015,915
08093,2016,965
08093,2017,997
08093,2018,919
08093,2019,794
08093,2020,1029
08093,2021,1122
08093,2022,781
08093,2023,569
08093,2024,615
08095,2014,101
08095,2017,97
08095,2018,88
08095,2019,79
08095,2020,100
08095,2021,83
08095,2022,102
08095,2023,65
08095,2024,60
08097,2014,688
08097,2015,627
08097,2016,503
08097,2017,671
08097,2018,739
08097,2019,697
08097,2020,974
08097,2021,1099
08097,2022,638
08097,2023,663
08097,2024,727
08099,2014,148
08099,2015,180
08099,2016,185
08099,2017,164
08099,2018,159
08099,2019,200
08099,2020,170
08099,2021,182
08099,2022,93
08099,2023,121
08101,2014,2666
08101,2015,3007
08101,2016,3329
08101,2017,3725
08101,2018,3699
08101,2019,3761
08101,2020,4079
08101,2021,4413
08101,2022,3788
08101,2023,2847
08101,2024,2509
08103,2012,96
08103,2013,119
08103,2014,92
08103,2015,120
08103,2016,107
08103,2017,114
08103,2018,138
08103,2019,147
08103,2020,178
08103,2021,208
08103,2022,171
08103,2023,114
08103,2024,137
08105,2013,176
08105,2014,189
08105,2015,227
08105,2016,274
08105,2017,272
08105,2018,258
08105,2019,271
08105,2020,315
08105,2021,376
08105,2022,311
08105,2023,213
08105,2024,185
08107,2012,674
08107,2014,801
08107,2015,897
08107,2016,981
08107,2017,1071
08107,2018,996
08107,2019,984
08107,2020,1271
08107,2021,1357
08107,2022,999
08107,2023,806
08107,2024,756
08109,2013,91
08109,2014,88
08109,2015,108
08109,2017,126
08109,2018,129
08109,2019,137
08109,2020,150
08109,2021,212
08109,2022,149
08109,2023,117
08109,2024,130
08111,2013,23
08111,2016,41
08111,2017,36
08111,2018,37
08111,2019,40
08111,2020,56
08111,2021,52
08111,2022,34
08111,2023,35
08111,2024,31
08113,2015,360
08113,2016,374
08113,2017,442
08113,2018,356
08113,2019,356
08113,2020,523
08113,2021,479
08113,2023,307
08113,2024,320
08115,2013,50
08115,2014,55
08115,2015,64
08115,2016,43
08115,2017,52
08115,2018,43
08115,2019,35
08115,2020,40
08115,2021,51
08115,2022,61
08115,2023,54
08115,2024,42
08117,2013,1210
08117,2014,1554
08117,2015,1812
08117,2016,1794
08117,2017,1870
08117,2018,1731
08117,2019,1695
08117,2020,1986
08117,2021,2541
08117,2022,1763
08117,2023,1321
08117,2024,1161
08119,2014,655
08119,2015,828
08119,2016,905
08119,2017,963
08119,2018,965
08119,2019,876
08119,2020,1019
08119,2021,1069
08119,2022,865
08119,2023,673
08119,2024,780
08121,2012,70
08121,2013,71
08121,2016,49
08121,2018,64
08121,2019,74
08121,2020,99
08121,2021,62
08121,2022,63
08121,2023,81
08121,2024,90
08123,2014,6755
08123,2015,7665
08123,2016,8018
08123,2017,7838
08123,2018,8182
08123,2019,8722
08123,2020,9112
08123,2021,10508
08123,2022,8521
08123,2023,7297
08123,2024,6787
08123,2025,5154
08125,2013,152
08125,2014,168
08125,2015,135
08125,2016,120
08125,2017,135
08125,2018,143
08125,2019,153
08125,2020,147
08125,2021,181
08125,2022,50
08125,2023,89
08125,2024,116
09110,2014,10512
09110,2015,10992
09110,2016,11907
09110,2017,12076
09110,2018,12617
09110,2019,13564
09110,2020,14536
09110,2021,16680
09110,2022,14416
09110,2023,11085
09110,2024,10981
09110,2025,9065
09120,2014,3150
09120,2015,3498
09120,2016,3686
09120,2017,3986
09120,2018,4181
09120,2019,3881
09120,2020,4534
09120,2021,5436
09120,2022,4261
09120,2023,3109
09120,2024,3128
09120,2025,2538
09130,2014,2028
09130,2015,2175
09130,2016,2383
09130,2017,2733
09130,2018,2680
09130,2019,2761
09130,2020,3184
09130,2021,3521
09130,2022,2796
09130,2023,2276
09130,2024,2244
09130,2025,1937
09140,2014,4591
09140,2015,5223
09140,2016,4885
09140,2017,5910
09140,2018,5518
09140,2019,6788
09140,2020,7190
09140,2021,8360
09140,2022,7451
09140,2023,5674
09140,2024,5373
09140,2025,4531
09150,2014,1205
09150,2015,1178
09150,2016,1288
09150,2017,1464
09150,2018,1113
09150,2019,1342
09150,2020,1545
09150,2021,1581
09150,2022,1313
09150,2023,1003
09150,2024,1036
09150,2025,891
09160,2014,1326
09160,2015,1521
09160,2016,1593
09160,2017,1642
09160,2018,1782
09160,2019,1836
09160,2020,2506
09160,2021,2520
09160,2022,2041
09160,2023,1620
09160,2024,1629
09160,2025,1339
09170,2014,5340
09170,2015,5949
09170,2016,6481
09170,2017,6862
09170,2018,7288
09170,2019,7193
09170,2020,7822
09170,2021,9178
09170,2022,7384
09170,2023,6199
09170,2024,6153
09170,2025,4998
09180,2014,2769
09180,2015,2885
09180,2016,2961
09180,2017,3577
09180,2018,3334
09180,2019,3603
09180,2020,3948
09180,2021,4286
09180,2022,3773
09180,2023,3002
09180,2024,2909
09180,2025,2475
09190,2014,7083
09190,2015,7488
09190,2016,7388
09190,2017,7828
09190,2018,8285
09190,2019,7525
09190,2020,10461
09190,2021,12031
09190,2022,8974
09190,2023,6653
09190,2024,6836
09190,2025,5770
10001,2014,2589
10001,2015,2718
10001,2016,2743
10001,2017,3411
10001,2018,3601
10001,2019,3346
10001,2020,4104
10001,2021,5222
10001,2022,3643
10001,2023,3194
10001,2024,3062
10001,2025,2477
10003,2014,6130
10003,2015,6329
10003,2016,5799
10003,2017,3058
10003,2018,3815
10003,2019,4071
10003,2020,3255
10003,2021,3744
10003,2022,2877
10003,2023,1544
10003,2024,3164
10005,2014,3988
10005,2015,4093
10005,2016,4855
10005,2017,5939
10005,2018,6710
10005,2019,7023
10005,2020,8520
10005,2021,8987
10005,2022,7310
10005,2023,5497
10005,2024,5737
10005,2025,4531
11001,2014,6837
11001,2015,7227
11001,2016,8616
11001,2017,9738
11001,2018,9751
11001,2019,9801
11001,2020,9930
11001,2021,11825
11001,2022,9741
11001,2023,7254
11001,2025,6436
12001,2013,5246
12001,2014,5528
12001,2015,5618
12001,2016,5797
12001,2017,5827
12001,2018,5473
12001,2019,5271
12001,2020,5429
12001,2021,6390
12001,2022,5793
12001,2024,4473
12001,2025,3669
12003,2014,303
12003,2015,344
12003,2016,499
12003,2017,574
12003,2018,448
12003,2019,362
12003,2020,450
12003,2021,608
12003,2022,479
12003,2023,428
12003,2024,291
12003,2025,248
12005,2014,5169
12005,2015,5710
12005,2016,7299
12005,2017,7593
12005,2018,6823
12005,2019,7938
12005,2020,8316
12005,2021,10248
12005,2022,8645
12005,2024,4832
12007,2014,296
12007,2015,358
12007,2016,609
12007,2017,478
12007,2018,442
12007,2019,450
12007,2020,463
12007,2021,509
12007,2022,474
12007,2024,313
12007,2025,304
12009,2014,15814
12009,2015,17462
12009,2016,20997
12009,2017,19301
12009,2018,18296
12009,2019,18017
12009,2020,19055
12009,2021,23216
12009,2022,20599
12009,2023,17120
12009,2025,12319
12011,2013,43339
12011,2014,42632
12011,2015,45570
12011,2016,58526
12011,2017,54642
12011,2018,44516
12011,2019,42527
12011,2020,40027
12011,2021,52274
12011,2022,45194
12011,2023,34752
12011,2024,31876
12011,2025,25569
12013,2014,112
12013,2015,112
12013,2016,209
12013,2017,192
12013,2018,112
12013,2019,137
12013,2020,164
12013,2021,153
12013,2022,148
12013,2024,116
12015,2014,7794
12015,2015,8830
12015,2016,10355
12015,2017,9973
12015,2018,9336
12015,2019,9310
12015,2020,10744
12015,2021,13641
12015,2022,10264
12015,2024,8590
12015,2025,6380
12017,2014,5956
12017,2015,5570
12017,2016,5754
12017,2017,5659
12017,2018,5989
12017,2019,5554
12017,2020,6208
12017,2021,7470
12017,2022,6619
12017,2024,4389
12017,2025,3562
12019,2014,4330
12019,2015,4898
12019,2016,6481
12019,2017,6067
12019,2018,5257
12019,2019,5419
12019,2020,5801
12019,2021,6992
12019,2022,5743
12019,2023,2673
12019,2024,1336
12021,2014,16320
12021,2015,22731
12021,2016,19077
12021,2017,15370
12021,2018,15356
12021,2019,15999
12021,2020,18881
12021,2021,24285
12021,2022,17410
12021,2023,14287
12023,2014,926
12023,2015,993
12023,2016,1537
12023,2017,1434
12023,2018,1283
12023,2019,1233
12023,2020,1320
12023,2021,1463
12023,2022,1430
12023,2024,985
12027,2014,453
12027,2015,538
12027,2016,720
12027,2017,591
12027,2018,526
12027,2019,570
12027,2020,544
12027,2021,644
12027,2024,268
12029,2014,305
12029,2015,318
12029,2016,357
12029,2017,309
12029,2018,346
12029,2019,337
12029,2020,416
12029,2021,434
12029,2022,373
12029,2024,297
12029,2025,244
12031,2014,16681
12031,2015,18109
12031,2016,27024
12031,2017,24578
12031,2018,21979
12031,2019,22335
12031,2020,22986
12031,2021,30419
12031,2022,25615
12031,2023,18725
12031,2024,18228
12031,2025,15744
12033,2014,5119
12033,2015,5383
12033,2016,8589
12033,2017,8020
12033,2018,6149
12033,2019,5993
12033,2020,6553
12033,2021,8260
12033,2022,7098
12033,2024,4932
12035,2014,3709
12035,2015,3832
12035,2016,4106
12035,2017,4434
12035,2018,4786
12035,2019,4818
12035,2020,6021
12035,2021,7420
12035,2022,5902
12035,2024,4076
12037,2014,406
12037,2015,428
12037,2016,589
12037,2017,563
12037,2018,411
12037,2019,418
12037,2020,524
12037,2021,650
12037,2024,346
12037,2025,274
12039,2014,401
12039,2015,428
12039,2016,790
12039,2017,730
12039,2018,483
12039,2019,497
12039,2020,535
12039,2021,563
12039,2022,650
12039,2023,504
12039,2024,405
12039,2025,344
12041,2013,224
12041,2015,301
12041,2016,404
12041,2017,393
12041,2018,314
12041,2019,378
12041,2020,415
12041,2021,439
12041,2022,407
12041,2024,204
12041,2025,204
12043,2014,138
12043,2015,143
12043,2016,151
12043,2017,152
12043,2018,181
12043,2019,170
12043,2020,152
12043,2021,231
12043,2022,397
12043,2023,312
12043,2024,290
12043,2025,182
12045,2014,448
12045,2015,517
12045,2016,707
12045,2017,678
12045,2018,525
12045,2019,587
12045,2020,651
12045,2021,770
12045,2022,658
12045,2024,355
12047,2014,138
12047,2015,134
12047,2016,213
12047,2017,155
12047,2018,165
12047,2019,138
12047,2020,153
12047,2021,165
12047,2022,167
12047,2023,121
12047,2024,112
12047,2025,118
12049,2014,249
12049,2015,266
12049,2016,325
12049,2017,343
12049,2018,284
12049,2019,273
12049,2020,282
12049,2021,325
12049,2022,316
12049,2023,225
12049,2024,235
12049,2025,142
12051,2014,598
12051,2015,638
12051,2016,791
12051,2017,856
12051,2018,830
12051,2019,819
12051,2020,971
12051,2021,1338
12051,2022,1084
12051,2023,869
12051,2024,629
12053,2014,4682
12053,2015,5324
12053,2016,7782
12053,2017,7097
12053,2018,6486
12053,2019,6889
12053,2020,6880
12053,2021,8106
12053,2022,7098
12053,2023,5623
12053,2024,4562
12055,2015,2752
12055,2016,2662
12055,2017,2852
12055,2018,3099
12055,2019,3052
12055,2020,3321
12055,2021,4007
12055,2022,3417
12055,2024,2263
12057,2013,25898
12057,2014,25366
12057,2015,29487
12057,2016,40910
12057,2017,39379
12057,2018,34644
12057,2019,34739
12057,2020,34196
12057,2021,36393
12057,2022,33082
12057,2023,26129
12057,2024,24577
12059,2014,106
12059,2015,136
12059,2016,233
12059,2017,161
12059,2018,170
12059,2019,187
12059,2020,181
12059,2021,181
12059,2022,192
12059,2024,147
12059,2025,138
12061,2014,5129
12061,2015,5795
12061,2016,5714
12061,2017,5947
12061,2018,5820
12061,2019,5916
12061,2020,6223
12061,2021,7460
12061,2022,5991
12061,2024,3932
12063,2014,365
12063,2015,396
12063,2016,633
12063,2017,581
12063,2018,407
12063,2019,469
12063,2020,470
12063,2021,657
12063,2022,565
12063,2023,428
12063,2024,407
12065,2014,144
12065,2015,132
12065,2016,237
12065,2017,245
12065,2018,215
12065,2019,185
12065,2020,215
12065,2021,285
12065,2022,233
12065,2024,148
12065,2025,120
12067,2014,57
12067,2015,56
12067,2016,96
12067,2017,95
12067,2018,63
12067,2019,58
12067,2020,83
12067,2021,98
12067,2022,69
12067,2024,40
12067,2025,44
12069,2014,9321
12069,2015,10024
12069,2016,13607
12069,2017,13724
12069,2018,11517
12069,2019,11553
12069,2020,11332
12069,2021,13858
12069,2022,13154
12069,2023,13249
12069,2024,11732
12069,2025,7196
12071,2013,24418
12071,2014,24949
12071,2015,29079
12071,2016,27616
12071,2017,28145
12071,2018,31424
12071,2019,31046
12071,2020,34981
12071,2021,46716
12071,2022,36094
12071,2023,30897
12071,2024,25949
12071,2025,18579
12073,2014,4138
12073,2015,4496
12073,2016,6143
12073,2017,5991
12073,2018,5275
12073,2019,5213
12073,2020,5327
12073,2021,6380
12073,2022,5512
12073,2024,3838
12075,2014,754
12075,2015,805
12075,2016,1462
12075,2017,1170
12075,2018,1053
12075,2019,1005
12075,2020,1214
12075,2021,1468
12075,2022,1366
12075,2024,1081
12075,2025,865
12077,2014,65
12077,2015,67
12077,2016,106
12077,2017,88
12077,2018,57
12077,2019,59
12077,2020,74
12077,2021,96
12077,2022,83
12077,2023,94
12077,2024,50
12079,2014,156
12079,2015,151
12079,2016,265
12079,2017,228
12079,2018,198
12079,2019,184
12079,2020,180
12079,2021,249
12079,2022,229
12079,2024,139
12081,2013,11224
12081,2014,11205
12081,2015,11813
12081,2016,14591
12081,2017,13631
12081,2018,12804
12081,2019,12757
12081,2020,14156
12081,2021,17743
12081,2022,15444
12081,2023,14803
12081,2024,14045
12081,2025,9851
12083,2014,8887
12083,2015,9533
12083,2016,16807
12083,2017,14571
12083,2018,11745
12083,2019,12500
12083,2020,14243
12083,2021,17975
12083,2022,16683
12083,2023,14949
12085,2014,3498
12085,2015,3766
12085,2016,3318
12085,2017,3243
12085,2018,3325
12085,2019,3141
12085,2020,3508
12085,2021,4228
12085,2022,3253
12085,2023,3178
12085,2024,3989
12085,2025,3171
12086,2014,47981
12086,2015,46591
12086,2016,43630
12086,2017,40728
12086,2018,43428
12086,2019,40017
12086,2020,37976
12086,2021,56708
12086,2022,50839
12086,2023,35871
12086,2024,33200
12086,2025,24954
12087,2014,3122
12087,2015,3388
12087,2016,3034
12087,2017,2655
12087,2018,3727
12087,2019,3605
12087,2020,3573
12087,2021,4511
12087,2022,3086
12087,2023,2152
12087,2024,2016
12089,2014,2126
12089,2015,2626
12089,2016,3804
12089,2017,3643
12089,2018,3260
12089,2019,3183
12089,2020,3508
12089,2021,4318
12089,2022,3841
12089,2023,3336
12089,2024,2744
12089,2025,1848
12091,2014,4506
12091,2015,5158
12091,2016,5542
12091,2017,6058
12091,2018,6208
12091,2019,6694
12091,2020,6787
12091,2021,7997
12091,2022,7325
12091,2023,5288
12091,2024,4145
12093,2014,837
12093,2015,862
12093,2016,1112
12093,2017,1045
12093,2018,917
12093,2019,855
12093,2020,934
12093,2021,1244
12093,2022,1133
12093,2023,952
12093,2024,775
12093,2025,633
12095,2014,24401
12095,2015,27306
12095,2016,35481
12095,2017,33339
12095,2018,30599
12095,2019,29997
12095,2020,26721
12095,2021,31823
12095,2022,26849
12095,2023,21847
12095,2024,21330
12095,2025,14905
12097,2014,8991
12097,2015,9684
12097,2016,12765
12097,2017,12811
12097,2018,12497
12097,2019,13491
12097,2020,13361
12097,2021,17654
12097,2022,16121
12097,2024,7640
12097,2025,5733
12099,2014,40013
12099,2015,41255
12099,2016,42822
12099,2017,40639
12099,2018,41324
12099,2019,39391
12099,2020,39673
12099,2021,51278
12099,2022,42034
12099,2024,28349
12101,2014,13216
12101,2015,15609
12101,2016,23269
12101,2017,21601
12101,2018,18718
12101,2019,18858
12101,2020,19769
12101,2021,24046
12101,2022,22355
12101,2024,18845
12101,2025,11403
12103,2014,23022
12103,2015,26554
12103,2016,34816
12103,2017,32998
12103,2018,27489
12103,2019,27500
12103,2020,25948
12103,2021,30346
12103,2022,24963
12103,2023,20803
12103,2024,19104
12103,2025,16998
12105,2014,14608
12105,2015,15872
12105,2016,21539
12105,2017,20982
12105,2018,20582
12105,2020,21896
12105,2021,27872
12105,2022,26844
12105,2023,22896
12105,2025,12748
12107,2014,1395
12107,2015,1713
12107,2016,2305
12107,2017,2122
12107,2018,1839
12107,2019,1820
12107,2020,2098
12107,2021,2400
12107,2022,2191
12107,2023,1867
12107,2024,1686
12109,2014,7672
12109,2015,8089
12109,2016,10929
12109,2017,10869
12109,2018,10500
12109,2019,10911
12109,2020,12684
12109,2021,14846
12109,2022,12795
12109,2023,11488
12109,2024,11251
12109,2025,8088
12111,2014,9139
12111,2015,9496
12111,2016,13283
12111,2017,11962
12111,2018,11332
12111,2019,11651
12111,2020,13487
12111,2021,17101
12111,2022,14702
12111,2023,11791
12111,2024,10908
12113,2014,4001
12113,2015,4382
12113,2016,6951
12113,2017,6683
12113,2018,5707
12113,2019,5710
12113,2020,6371
12113,2021,7291
12113,2022,6181
12113,2023,4915
12113,2024,4974
12115,2014,14156
12115,2015,16035
12115,2016,19742
12115,2017,18668
12115,2018,16677
12115,2019,17204
12115,2020,19014
12115,2021,23364
12115,2022,17657
12115,2023,15669
12115,2024,13996
12117,2014,11538
12117,2015,12198
12117,2016,11309
12117,2017,9271
12117,2018,10040
12117,2019,10014
12117,2020,9695
12117,2021,11246
12117,2023,7136
12117,2024,6075
12119,2014,5648
12119,2015,5316
12119,2016,6687
12119,2017,6627
12119,2018,5829
12119,2019,6280
12119,2020,6234
12119,2021,9700
12119,2022,8409
12119,2024,6472
12119,2025,4812
12121,2014,485
12121,2015,569
12121,2016,760
12121,2017,730
12121,2018,647
12121,2019,640
12121,2020,688
12121,2021,753
12121,2022,742
12121,2024,477
12123,2014,326
12123,2015,307
12123,2016,660
12123,2017,603
12123,2018,398
12123,2019,401
12123,2020,477
12123,2021,561
12123,2022,462
12123,2024,295
12123,2025,297
12125,2014,71
12125,2015,60
12125,2016,165
12125,2017,147
12125,2018,102
12125,2019,89
12125,2020,138
12125,2021,135
12125,2022,136
12125,2024,41
12125,2025,79
12127,2014,13316
12127,2015,14757
12127,2016,15292
12127,2017,15732
12127,2018,17006
12127,2019,16771
12127,2020,17339
12127,2021,21560
12127,2022,18274
12127,2023,15332
12127,2024,13749
12127,2025,9713
12129,2014,623
12129,2015,701
12129,2016,782
12129,2017,816
12129,2018,853
12129,2019,861
12129,2020,1094
12129,2021,1182
12129,2022,1109
12129,2024,612
12131,2014,3572
12131,2015,5238
12131,2016,4902
12131,2017,4352
12131,2018,4518
12131,2019,4842
12131,2020,5772
12131,2021,6573
12131,2022,5989
12131,2024,3089
12131,2025,2542
12133,2014,282
12133,2015,288
12133,2016,378
12133,2017,376
12133,2018,334
12133,2019,385
12133,2020,390
12133,2021,390
12133,2022,422
12133,2024,321
12133,2025,238
13001,2013,156
13001,2014,159
13001,2015,189
13001,2016,176
13001,2017,203
13001,2018,185
13001,2019,167
13001,2020,193
13001,2021,203
13001,2022,205
13001,2023,194
13001,2024,203
13003,2014,52
13003,2015,46
13003,2016,48
13003,2017,50
13003,2018,44
13003,2019,57
13003,2020,59
13003,2021,56
13003,2022,76
13003,2023,59
13003,2024,55
13005,2013,89
13005,2014,107
13005,2015,103
13005,2016,101
13005,2017,107
13005,2018,116
13005,2019,108
13005,2020,99
13005,2021,124
13005,2022,102
13005,2023,119
13005,2024,225
13007,2011,9
13007,2015,25
13007,2016,23
13007,2017,28
13007,2018,34
13007,2019,34
13007,2020,14
13007,2021,18
13007,2022,33
13007,2023,18
13007,2024,16
13009,2014,484
13009,2015,597
13009,2016,562
13009,2017,740
13009,2018,810
13009,2019,760
13009,2020,722
13009,2021,853
13009,2022,831
13009,2023,522
13009,2024,577
13009,2025,377
13011,2013,225
13011,2014,175
13011,2015,199
13011,2016,248
13011,2017,286
13011,2018,287
13011,2019,354
13011,2020,399
13011,2021,419
13011,2022,408
13011,2023,316
13011,2024,330
13011,2025,163
13013,2013,1903
13013,2014,1776
13013,2015,1945
13013,2016,1961
13013,2017,2235
13013,2018,2381
13013,2019,2090
13013,2020,2601
13013,2021,2791
13013,2022,2804
13013,2023,1945
13013,2024,1476
13015,2013,1886
13015,2014,1688
13015,2015,2015
13015,2016,2261
13015,2017,2447
13015,2018,2704
13015,2019,2659
13015,2020,2735
13015,2021,3055
13015,2022,2738
13015,2023,2006
13015,2024,1621
13017,2014,225
13017,2015,240
13017,2016,209
13017,2017,212
13017,2018,185
13017,2019,232
13017,2020,236
13017,2021,269
13017,2022,278
13017,2023,245
13017,2024,236
13019,2013,171
13019,2014,200
13019,2015,220
13019,2016,212
13019,2017,222
13019,2018,253
13019,2019,256
13019,2020,247
13019,2021,324
13019,2022,296
13019,2023,288
13019,2024,261
13021,2014,2310
13021,2015,2448
13021,2016,2456
13021,2017,2413
13021,2018,2662
13021,2019,2691
13021,2020,3120
13021,2021,3959
13021,2022,4137
13021,2023,3009
13021,2024,3043
13021,2025,2328
13023,2013,113
13023,2014,136
13023,2015,138
13023,2016,123
13023,2017,125
13023,2018,179
13023,2019,182
13023,2020,191
13023,2021,174
13023,2022,184
13023,2023,130
13023,2024,145
13025,2015,200
13025,2016,227
13025,2017,221
13025,2018,247
13025,2019,224
13025,2020,262
13025,2021,327
13025,2022,326
13025,2023,277
13025,2024,247
13027,2013,136
13027,2014,146
13027,2015,152
13027,2016,153
13027,2017,170
13027,2018,175
13027,2019,218
13027,2020,196
13027,2021,239
13027,2022,206
13027,2023,166
13027,2024,174
13029,2014,821
13029,2015,984
13029,2016,1050
13029,2017,1083
13029,2018,1230
13029,2019,1225
13029,2020,1652
13029,2021,1779
13029,2022,1565
13029,2023,1093
13029,2024,984
13031,2014,914
13031,2015,1152
13031,2016,1138
13031,2017,1238
13031,2018,1286
13031,2019,1423
13031,2020,1268
13031,2021,1624
13031,2022,1196
13033,2013,219
13033,2014,254
13033,2015,264
13033,2016,275
13033,2017,284
13033,2018,296
13033,2019,349
13033,2020,295
13033,2021,353
13033,2022,360
13033,2023,278
13033,2024,260
13035,2014,409
13035,2015,436
13035,2016,466
13035,2017,567
13035,2018,515
13035,2019,558
13035,2020,602
13035,2021,718
13035,2022,587
13035,2023,355
13035,2024,385
13037,2013,44
13037,2014,45
13037,2015,38
13037,2016,47
13037,2017,40
13037,2018,39
13037,2019,60
13037,2020,36
13037,2021,54
13037,2022,37
13037,2023,25
13037,2024,64
13039,2014,821
13039,2015,996
13039,2016,1055
13039,2017,1279
13039,2018,1283
13039,2019,1318
13039,2020,1464
13039,2021,1895
13039,2022,1565
13039,2023,1087
13039,2024,1059
13043,2014,107
13043,2015,120
13043,2016,103
13043,2017,165
13043,2018,135
13043,2019,130
13043,2020,162
13043,2021,157
13043,2022,152
13043,2023,151
13043,2024,126
13045,2014,2073
13045,2015,2023
13045,2016,2285
13045,2017,2491
13045,2018,3043
13045,2019,2917
13045,2020,3208
13045,2021,3698
13045,2022,3204
13045,2023,2198
13045,2024,2406
13045,2025,1731
13047,2013,834
13047,2014,823
13047,2015,1118
13047,2016,1131
13047,2017,1317
13047,2018,1282
13047,2019,1349
13047,2020,1487
13047,2021,1583
13047,2022,1266
13047,2023,870
13047,2024,941
13049,2013,97
13049,2014,97
13049,2015,123
13049,2016,136
13049,2017,96
13049,2018,167
13049,2019,149
13049,2020,139
13049,2021,196
13049,2022,196
13049,2023,137
13049,2024,115
13051,2014,4574
13051,2015,5068
13051,2016,5258
13051,2017,5877
13051,2018,6416
13051,2019,6712
13051,2020,6844
13051,2021,8723
13051,2022,7372
13051,2023,5781
13051,2024,5554
13051,2025,3836
13053,2013,28
13053,2015,25
13053,2016,32
13053,2017,27
13053,2018,40
13053,2019,38
13053,2020,30
13053,2021,34
13053,2022,22
13053,2023,27
13053,2024,22
13055,2013,181
13055,2014,253
13055,2015,255
13055,2016,268
13055,2017,291
13055,2018,302
13055,2019,326
13055,2020,325
13055,2021,362
13055,2022,362
13055,2024,81
13057,2014,6246
13057,2015,6705
13057,2016,7876
13057,2017,7599
13057,2018,7569
13057,2019,7285
13057,2020,7927
13057,2021,8368
13057,2022,6767
13057,2023,5387
13057,2024,5468
13057,2025,3785
13059,2014,1888
13059,2015,2103
13059,2016,2421
13059,2017,2512
13059,2018,2401
13059,2019,2869
13059,2020,2561
13059,2021,3196
13059,2022,2228
13059,2023,1570
13059,2024,1698
13059,2025,1128
13061,2014,49
13061,2015,60
13061,2016,50
13061,2017,45
13061,2018,47
13061,2019,64
13061,2020,62
13061,2023,30
13061,2024,60
13063,2014,4235
13063,2016,5026
13063,2017,4718
13063,2018,5340
13063,2019,5591
13063,2020,5230
13063,2021,6260
13063,2022,5012
13063,2023,3459
13063,2024,3340
13065,2014,57
13065,2015,70
13065,2016,58
13065,2017,60
13065,2018,59
13065,2019,73
13065,2020,62
13065,2021,84
13065,2022,72
13065,2023,47
13065,2024,81
13067,2014,12770
13067,2015,14665
13067,2016,16040
13067,2017,16363
13067,2018,16767
13067,2019,16427
13067,2020,15770
13067,2021,18716
13067,2022,14767
13067,2023,11258
13067,2024,11251
13067,2025,9338
13069,2014,336
13069,2015,384
13069,2016,416
13069,2017,427
13069,2018,411
13069,2019,412
13069,2020,451
13069,2021,524
13069,2022,486
13069,2023,352
13069,2024,367
13071,2013,386
13071,2014,457
13071,2015,476
13071,2016,464
13071,2017,478
13071,2018,501
13071,2019,498
13071,2020,580
13071,2021,694
13071,2022,692
13071,2023,413
13071,2024,494
13073,2014,3451
13073,2015,3944
13073,2016,4382
13073,2017,4390
13073,2018,4745
13073,2019,4793
13073,2020,4937
13073,2021,5565
13073,2022,4436
13073,2023,2954
13073,2024,3095
13073,2025,2076
13075,2013,185
13075,2014,179
13075,2015,202
13075,2016,185
13075,2017,188
13075,2018,170
13075,2019,228
13075,2020,238
13075,2021,274
13075,2022,329
13075,2023,209
13075,2024,229
13077,2014,3279
13077,2015,3230
13077,2016,3871
13077,2017,3683
13077,2018,3875
13077,2019,3476
13077,2020,4120
13077,2021,4452
13077,2022,3543
13077,2023,2425
13077,2025,1860
13079,2016,184
13079,2017,167
13079,2018,178
13079,2019,154
13079,2020,147
13079,2021,187
13079,2022,189
13079,2023,157
13079,2024,153
13081,2013,215
13081,2014,229
13081,2015,204
13081,2016,228
13081,2017,211
13081,2018,228
13081,2019,283
13081,2020,389
13081,2021,388
13081,2022,359
13081,2023,256
13081,2024,251
13083,2013,216
13083,2014,222
13083,2015,248
13083,2016,255
13083,2017,264
13083,2018,253
13083,2019,241
13083,2020,303
13083,2021,371
13083,2022,322
13083,2023,217
13083,2024,261
13085,2013,740
13085,2014,710
13085,2015,774
13085,2016,1080
13085,2017,956
13085,2018,907
13085,2019,1029
13085,2020,975
13085,2021,961
13085,2022,660
13085,2023,791
13085,2024,613
13087,2013,247
13087,2014,304
13087,2015,306
13087,2016,333
13087,2017,344
13087,2018,374
13087,2019,449
13087,2020,399
13087,2021,499
13087,2022,454
13087,2023,322
13087,2024,329
13089,2014,12817
13089,2016,15126
13089,2017,15633
13089,2018,15860
13089,2019,15357
13089,2020,14875
13089,2021,18411
13089,2022,13990
13089,2023,10133
13089,2025,8276
13091,2013,109
13091,2014,150
13091,2015,165
13091,2016,167
13091,2017,147
13091,2018,147
13091,2019,188
13091,2020,181
13091,2021,256
13091,2022,211
13091,2023,187
13091,2024,212
13093,2013,94
13093,2014,91
13093,2015,80
13093,2016,78
13093,2017,99
13093,2018,108
13093,2019,106
13093,2020,123
13093,2021,127
13093,2022,139
13093,2023,88
13093,2024,90
13095,2014,836
13095,2015,930
13095,2016,935
13095,2017,897
13095,2018,980
13095,2019,1134
13095,2020,1311
13095,2021,1447
13095,2022,1596
13095,2023,1133
13095,2024,1030
13097,2013,2682
13097,2014,2220
13097,2015,2430
13097,2016,2715
13097,2017,2798
13097,2018,3119
13097,2019,3315
13097,2020,3582
13097,2021,5089
13097,2022,3289
13097,2023,2319
13097,2024,2230
13099,2013,77
13099,2014,94
13099,2015,94
13099,2016,105
13099,2017,88
13099,2018,94
13099,2019,117
13099,2020,130
13099,2021,132
13099,2022,117
13099,2023,99
13099,2024,96
13101,2013,28
13101,2014,23
13101,2015,28
13101,2016,24
13101,2017,15
13101,2018,32
13101,2019,28
13101,2020,26
13101,2021,26
13101,2022,32
13101,2023,19
13101,2024,27
13103,2013,1610
13103,2014,1520
13103,2015,1760
13103,2016,1767
13103,2017,1827
13103,2018,1806
13103,2019,1801
13103,2020,1900
13103,2021,2204
13103,2022,1778
13103,2023,1441
13103,2024,1126
13105,2013,226
13105,2014,250
13105,2015,268
13105,2016,275
13105,2017,272
13105,2018,309
13105,2019,314
13105,2020,347
13105,2021,424
13105,2022,409
13105,2023,277
13105,2024,258
13107,2013,229
13107,2014,239
13107,2015,215
13107,2016,244
13107,2017,262
13107,2018,279
13107,2019,262
13107,2020,267
13107,2021,322
13107,2022,317
13107,2023,238
13107,2024,211
13109,2013,92
13109,2014,106
13109,2015,97
13109,2016,126
13109,2017,128
13109,2018,127
13109,2019,122
13109,2020,136
13109,2021,139
13109,2022,162
13109,2023,114
13109,2024,117
13111,2013,655
13111,2014,734
13111,2015,806
13111,2016,995
13111,2017,1036
13111,2018,1098
13111,2019,1079
13111,2020,1419
13111,2021,1594
13111,2022,1292
13111,2023,982
13111,2024,858
13113,2013,2351
13113,2014,2299
13113,2015,2282
13113,2016,2660
13113,2017,2614
13113,2018,2765
13113,2019,2762
13113,2020,3022
13113,2021,3332
13113,2022,2234
13113,2023,1833
13113,2024,1673
13115,2014,1339
13115,2015,1481
13115,2016,1596
13115,2017,1748
13115,2018,1844
13115,2019,1942
13115,2020,1961
13115,2021,2237
13115,2022,1995
13115,2023,1423
13115,2024,1533
13117,2014,6009
13117,2015,6482
13117,2016,7431
13117,2017,7014
13117,2018,7010
13117,2019,6557
13117,2020,6744
13117,2021,7006
13117,2022,3280
13117,2023,4239
13117,2024,4351
13117,2025,3983
13119,2013,275
13119,2014,306
13119,2015,311
13119,2016,376
13119,2017,371
13119,2018,418
13119,2019,445
13119,2020,517
13119,2021,600
13119,2022,545
13119,2023,339
13119,2024,346
13121,2014,19996
13121,2015,21043
13121,2016,23874
13121,2017,24825
13121,2018,25317
13121,2019,25478
13121,2020,25521
13121,2021,29765
13121,2022,21516
13121,2023,15920
13121,2025,11829
13123,2013,957
13123,2014,875
13123,2015,997
13123,2016,1009
13123,2017,1124
13123,2018,1154
13123,2019,1288
13123,2020,1518
13123,2021,1715
13123,2022,1490
13123,2023,933
13123,2024,951
13125,2013,23
13125,2014,25
13125,2015,17
13125,2016,11
13125,2017,27
13125,2018,31
13125,2019,30
13125,2020,37
13125,2021,32
13125,2022,36
13125,2023,29
13125,2024,33
13127,2014,1910
13127,2015,2142
13127,2016,2135
13127,2017,2483
13127,2018,2493
13127,2019,2461
13127,2020,3048
13127,2021,3803
13127,2022,2826
13127,2023,2007
13127,2024,1767
13127,2025,1538
13129,2014,718
13129,2015,766
13129,2016,886
13129,2017,883
13129,2018,979
13129,2019,1043
13129,2020,1108
13129,2021,1207
13129,2022,1125
13129,2023,793
13129,2024,757
13131,2013,195
13131,2014,243
13131,2015,272
13131,2016,256
13131,2017,277
13131,2018,283
13131,2019,320
13131,2020,316
13131,2021,416
13131,2022,377
13131,2023,291
13131,2024,279
13133,2014,428
13133,2015,534
13133,2016,602
13133,2017,667
13133,2018,672
13133,2019,716
13133,2020,989
13133,2021,947
13133,2022,735
13133,2023,574
13133,2024,530
13135,2014,14670
13135,2015,15997
13135,2016,18588
13135,2018,16880
13135,2019,18145
13135,2020,18561
13135,2021,22267
13135,2022,16491
13135,2023,12656
13135,2025,9131
13137,2013,600
13137,2014,647
13137,2015,659
13137,2016,799
13137,2017,845
13137,2018,911
13137,2019,938
13137,2020,1032
13137,2021,1274
13137,2022,985
13137,2023,782
13137,2024,737
13137,2025,531
13139,2014,3773
13139,2015,4014
13139,2016,4263
13139,2017,4523
13139,2018,4492
13139,2019,4439
13139,2020,5371
13139,2021,6246
13139,2022,4541
13139,2023,3512
13139,2024,3061
13141,2013,143
13141,2014,147
13141,2015,157
13141,2016,159
13141,2017,186
13141,2018,211
13141,2019,220
13141,2020,298
13141,2021,261
13141,2022,203
13141,2023,150
13141,2024,174
13143,2014,517
13143,2015,523
13143,2016,531
13143,2017,579
13143,2018,573
13143,2019,657
13143,2020,630
13143,2021,810
13143,2022,662
13143,2023,481
13143,2024,474
13145,2013,622
13145,2014,651
13145,2015,733
13145,2016,745
13145,2017,798
13145,2018,775
13145,2019,788
13145,2020,804
13145,2021,970
13145,2022,768
13145,2023,549
13145,2024,601
13147,2013,330
13147,2014,382
13147,2015,407
13147,2016,533
13147,2017,506
13147,2018,607
13147,2019,613
13147,2020,699
13147,2021,825
13147,2022,661
13147,2023,481
13147,2024,441
13149,2013,94
13149,2014,104
13149,2015,113
13149,2016,148
13149,2017,114
13149,2018,127
13149,2019,161
13149,2020,179
13149,2021,172
13149,2022,208
13149,2023,149
13149,2024,141
13151,2014,4755
13151,2015,5282
13151,2016,6117
13151,2018,6866
13151,2019,6530
13151,2020,6975
13151,2021,7924
13151,2022,6394
13151,2023,4413
13151,2024,4244
13151,2025,3127
13153,2013,2781
13153,2014,2747
13153,2015,2887
13153,2016,3319
13153,2017,3247
13153,2018,3531
13153,2019,3817
13153,2020,4085
13153,2021,4708
13153,2022,4106
13153,2023,3128
13153,2024,3109
13155,2013,87
13155,2014,78
13155,2015,78
13155,2016,82
13155,2017,96
13155,2018,77
13155,2019,118
13155,2020,98
13155,2021,123
13155,2022,128
13155,2023,85
13155,2024,111
13157,2013,2151
13157,2014,1850
13157,2015,1977
13157,2016,2320
13157,2017,2388
13157,2018,2530
13157,2019,2453
13157,2020,2849
13157,2021,2655
13157,2022,2252
13157,2023,2192
13157,2024,1536
13159,2014,295
13159,2015,293
13159,2016,305
13159,2017,385
13159,2018,380
13159,2019,429
13159,2020,429
13159,2021,510
13159,2022,483
13159,2023,362
13159,2024,268
13161,2014,134
13161,2015,133
13161,2016,126
13161,2017,157
13161,2018,154
13161,2019,167
13161,2020,173
13161,2021,174
13161,2022,202
13161,2023,191
13161,2024,138
13163,2013,128
13163,2014,127
13163,2015,142
13163,2016,145
13163,2017,138
13163,2018,171
13163,2019,185
13163,2020,174
13163,2021,200
13163,2022,230
13163,2023,149
13163,2024,172
13165,2014,88
13165,2015,89
13165,2016,81
13165,2017,108
13165,2018,104
13165,2019,105
13165,2020,94
13165,2021,124
13165,2022,91
13165,2023,96
13165,2024,103
13167,2013,72
13167,2014,68
13167,2015,67
13167,2016,82
13167,2017,70
13167,2018,97
13167,2019,93
13167,2020,99
13167,2021,102
13167,2022,109
13167,2023,85
13167,2024,83
13169,2014,343
13169,2015,364
13169,2016,390
13169,2017,424
13169,2018,484
13169,2019,452
13169,2020,495
13169,2021,604
13169,2022,583
13169,2023,410
13169,2024,374
13171,2013,412
13171,2014,258
13171,2015,284
13171,2016,301
13171,2017,332
13171,2018,368
13171,2019,406
13171,2020,493
13171,2021,569
13171,2022,543
13171,2023,372
13171,2024,308
13173,2013,136
13173,2014,148
13173,2015,148
13173,2016,155
13173,2017,158
13173,2018,211
13173,2019,187
13173,2020,213
13173,2021,281
13173,2022,248
13173,2023,187
13173,2024,177
13175,2014,586
13175,2015,580
13175,2016,684
13175,2017,685
13175,2018,740
13175,2019,783
13175,2020,783
13175,2021,910
13175,2022,824
13175,2023,655
13175,2024,573
13177,2013,449
13177,2014,515
13177,2015,477
13177,2016,538
13177,2017,592
13177,2018,541
13177,2019,680
13177,2020,667
13177,2021,721
13177,2022,379
13177,2023,496
13177,2024,455
13179,2013,679
13179,2014,792
13179,2015,817
13179,2016,878
13179,2017,1117
13179,2018,1114
13179,2019,1209
13179,2020,1393
13179,2021,2060
13179,2022,1666
13179,2023,1222
13179,2024,1168
13181,2013,124
13181,2014,138
13181,2015,164
13181,2016,155
13181,2017,177
13181,2018,166
13181,2019,193
13181,2020,247
13181,2021,262
13181,2022,206
13181,2023,166
13181,2024,137
13181,2025,118
13183,2013,319
13183,2014,299
13183,2015,302
13183,2016,301
13183,2017,343
13183,2018,362
13183,2019,349
13183,2020,489
13183,2021,614
13183,2022,568
13183,2023,474
13183,2024,438
13185,2014,1577
13185,2015,1898
13185,2016,1882
13185,2017,2057
13185,2018,2262
13185,2019,2554
13185,2020,2817
13185,2021,3450
13185,2022,2847
13185,2023,1833
13185,2024,1810
13187,2013,620
13187,2014,615
13187,2015,626
13187,2016,761
13187,2017,829
13187,2018,753
13187,2019,784
13187,2020,813
13187,2021,970
13187,2022,849
13187,2023,556
13187,2024,613
13189,2013,217
13189,2014,204
13189,2015,201
13189,2016,246
13189,2017,234
13189,2018,238
13189,2019,285
13189,2020,287
13189,2021,347
13189,2022,308
13191,2014,217
13191,2015,205
13191,2016,284
13191,2017,280
13191,2018,296
13191,2019,253
13191,2020,376
13191,2021,460
13191,2022,408
13191,2023,324
13191,2024,322
13193,2013,79
13193,2014,71
13193,2015,79
13193,2016,94
13193,2017,92
13193,2018,116
13193,2019,106
13193,2020,120
13193,2021,148
13193,2022,165
13193,2023,106
13193,2024,127
13195,2013,306
13195,2014,366
13195,2015,396
13195,2016,499
13195,2017,500
13195,2018,469
13195,2019,515
13195,2020,579
13195,2021,664
13195,2022,538
13195,2023,452
13195,2024,364
13197,2013,80
13197,2014,68
13197,2015,75
13197,2016,102
13197,2017,81
13197,2018,91
13197,2019,89
13197,2020,79
13197,2021,91
13197,2022,76
13197,2023,99
13197,2024,92
13199,2013,289
13199,2014,273
13199,2015,280
13199,2016,451
13199,2017,360
13199,2018,393
13199,2019,390
13199,2020,407
13199,2021,459
13199,2022,446
13199,2023,391
13199,2024,368
13201,2013,61
13201,2014,65
13201,2015,55
13201,2016,79
13201,2017,54
13201,2018,63
13201,2019,79
13201,2020,62
13201,2021,81
13201,2022,67
13201,2023,58
13201,2024,84
13205,2013,177
13205,2014,198
13205,2015,191
13205,2016,184
13205,2017,200
13205,2018,215
13205,2019,242
13205,2020,243
13205,2021,289
13205,2022,239
13205,2023,202
13205,2024,197
13207,2014,434
13207,2015,512
13207,2016,486
13207,2017,515
13207,2018,599
13207,2019,677
13207,2020,634
13207,2021,746
13207,2022,689
13207,2023,477
13207,2024,379
13209,2014,104
13209,2015,103
13209,2016,96
13209,2017,79
13209,2018,87
13209,2019,88
13209,2020,86
13209,2021,76
13209,2022,104
13209,2023,105
13209,2024,75
13211,2013,282
13211,2014,285
13211,2015,369
13211,2016,350
13211,2017,428
13211,2018,492
13211,2019,471
13211,2020,510
13211,2021,575
13211,2022,489
13211,2023,332
13211,2024,285
13213,2013,406
13213,2014,394
13213,2015,430
13213,2016,471
13213,2017,492
13213,2018,550
13213,2019,509
13213,2020,599
13213,2021,693
13213,2022,615
13213,2023,499
13213,2024,489
13215,2013,2489
13215,2014,2525
13215,2015,2615
13215,2016,2795
13215,2017,2957
13215,2018,3066
13215,2019,3371
13215,2020,3241
13215,2021,4371
13215,2022,3852
13215,2023,3001
13215,2024,3018
13215,2025,2477
13217,2014,1824
13217,2015,2075
13217,2016,2347
13217,2017,2631
13217,2018,2946
13217,2019,3118
13217,2020,3135
13217,2021,4037
13217,2022,2787
13217,2023,1943
13217,2024,1670
13219,2013,918
13219,2014,798
13219,2015,888
13219,2016,982
13219,2017,1075
13219,2018,974
13219,2019,939
13219,2020,1006
13219,2021,1023
13219,2022,727
13219,2023,591
13219,2024,587
13221,2013,210
13221,2014,206
13221,2015,249
13221,2016,250
13221,2017,261
13221,2018,302
13221,2019,297
13221,2020,334
13221,2021,320
13221,2022,315
13221,2023,261
13221,2024,189
13223,2013,4957
13223,2014,4589
13223,2015,4193
13223,2016,5085
13223,2017,5051
13223,2018,5478
13223,2019,5157
13223,2020,5451
13223,2021,6290
13223,2022,5299
13223,2023,3384
13223,2024,3270
13225,2013,367
13225,2014,367
13225,2015,455
13225,2016,426
13225,2017,435
13225,2018,490
13225,2019,555
13225,2020,576
13225,2021,628
13225,2022,571
13225,2023,453
13225,2024,454
13227,2013,582
13227,2014,559
13227,2015,641
13227,2016,782
13227,2017,828
13227,2018,855
13227,2019,926
13227,2020,1157
13227,2021,1254
13227,2022,1107
13227,2023,858
13227,2024,721
13229,2013,153
13229,2014,225
13229,2015,241
13229,2016,258
13229,2017,299
13229,2018,325
13229,2019,336
13229,2020,351
13229,2021,408
13229,2022,398
13229,2023,324
13229,2024,285
13231,2013,254
13231,2014,282
13231,2015,303
13231,2016,362
13231,2017,387
13231,2018,397
13231,2019,397
13231,2020,448
13231,2021,534
13231,2022,441
13231,2023,260
13231,2024,256
13233,2014,581
13233,2015,633
13233,2016,671
13233,2017,730
13233,2018,839
13233,2019,765
13233,2020,852
13233,2021,868
13233,2022,864
13233,2023,690
13233,2024,682
13235,2013,113
13235,2014,110
13235,2015,123
13235,2016,137
13235,2017,107
13235,2018,152
13235,2019,142
13235,2020,168
13235,2021,237
13235,2022,168
13235,2023,153
13235,2024,133
13237,2014,456
13237,2015,467
13237,2016,652
13237,2017,669
13237,2018,764
13237,2019,771
13237,2020,959
13237,2021,1046
13237,2022,820
13237,2023,620
13237,2024,596
13239,2013,58
13239,2014,57
13239,2015,58
13239,2016,69
13239,2017,82
13239,2018,77
13239,2019,80
13239,2020,102
13239,2021,100
13239,2022,105
13239,2023,71
13239,2024,78
13241,2014,379
13241,2015,441
13241,2016,458
13241,2017,536
13241,2018,589
13241,2019,602
13241,2020,746
13241,2021,724
13241,2022,613
13241,2023,425
13241,2024,458
13243,2013,66
13243,2014,76
13243,2015,52
13243,2016,67
13243,2017,73
13243,2018,56
13243,2019,62
13243,2020,76
13243,2021,81
13243,2022,62
13243,2023,57
13243,2024,78
13245,2014,2818
13245,2015,3018
13245,2016,3117
13245,2017,3125
13245,2018,3546
13245,2019,3610
13245,2020,3513
13245,2021,4660
13245,2022,4085
13245,2023,3390
13245,2024,2737
13245,2025,2160
13247,2013,1834
13247,2014,1711
13247,2015,1375
13247,2016,1655
13247,2017,1733
13247,2018,1915
13247,2019,2111
13247,2020,2179
13247,2021,2556
13247,2022,2064
13247,2023,1423
13247,2024,1227
13249,2013,55
13249,2014,50
13249,2015,60
13249,2016,47
13249,2017,59
13249,2018,64
13249,2019,57
13249,2020,74
13249,2021,57
13249,2022,76
13249,2023,52
13249,2024,46
13251,2013,133
13251,2014,125
13251,2015,142
13251,2016,187
13251,2017,138
13251,2018,173
13251,2019,185
13251,2020,180
13251,2021,225
13251,2022,187
13251,2023,136
13251,2024,125
13253,2013,113
13253,2014,115
13253,2015,123
13253,2016,159
13253,2017,152
13253,2018,129
13253,2019,172
13253,2020,181
13253,2021,236
13253,2022,211
13253,2023,152
13253,2024,160
13255,2014,1386
13255,2015,1114
13255,2016,1496
13255,2017,1527
13255,2018,1801
13255,2019,1920
13255,2020,1727
13255,2021,2349
13255,2022,1912
13255,2023,1448
13255,2024,1285
13257,2013,313
13257,2014,363
13257,2015,363
13257,2016,416
13257,2017,465
13257,2018,472
13257,2019,566
13257,2020,568
13257,2021,669
13257,2022,615
13257,2023,482
13257,2024,469
13259,2013,40
13259,2015,55
13259,2016,51
13259,2017,39
13259,2018,57
13259,2019,50
13259,2020,44
13259,2021,66
13259,2022,52
13259,2023,49
13259,2024,27
13261,2013,283
13261,2014,259
13261,2015,295
13261,2016,325
13261,2017,351
13261,2018,401
13261,2019,402
13261,2020,428
13261,2021,537
13261,2022,469
13261,2023,430
13261,2024,385
13263,2013,69
13263,2015,47
13263,2016,48
13263,2017,52
13263,2018,62
13263,2019,74
13263,2020,66
13263,2021,84
13263,2022,65
13263,2023,55
13263,2024,59
13265,2013,22
13265,2014,28
13265,2015,25
13265,2016,23
13265,2017,14
13265,2018,19
13265,2019,26
13265,2020,27
13265,2021,19
13265,2022,27
13265,2023,18
13265,2024,17
13267,2013,198
13267,2014,229
13267,2015,238
13267,2016,200
13267,2017,233
13267,2018,219
13267,2019,247
13267,2020,248
13267,2021,316
13267,2022,317
13267,2023,269
13267,2024,193
13269,2013,77
13269,2014,67
13269,2015,72
13269,2016,84
13269,2017,83
13269,2018,92
13269,2019,92
13269,2020,99
13269,2021,100
13269,2022,137
13269,2023,94
13269,2024,78
13271,2013,72
13271,2014,83
13271,2015,88
13271,2016,100
13271,2017,93
13271,2018,104
13271,2019,119
13271,2020,104
13271,2021,166
13271,2022,144
13271,2023,143
13271,2024,122
13273,2013,94
13273,2014,107
13273,2015,65
13273,2016,89
13273,2017,103
13273,2018,88
13273,2019,103
13273,2020,104
13273,2021,146
13273,2022,136
13273,2023,140
13273,2024,109
13275,2013,645
13275,2014,699
13275,2015,679
13275,2016,769
13275,2017,876
13275,2018,786
13275,2019,860
13275,2020,945
13275,2021,1166
13275,2022,923
13275,2023,670
13275,2024,676
13277,2013,380
13277,2014,417
13277,2015,470
13277,2016,544
13277,2017,549
13277,2018,601
13277,2019,572
13277,2020,630
13277,2021,719
13277,2022,633
13277,2023,470
13277,2024,433
13279,2014,300
13279,2015,266
13279,2016,305
13279,2017,273
13279,2018,262
13279,2019,233
13279,2020,227
13279,2021,243
13279,2022,235
13279,2023,212
13279,2024,125
13281,2013,334
13281,2014,370
13281,2015,417
13281,2016,419
13281,2017,528
13281,2018,470
13281,2019,524
13281,2020,625
13281,2021,651
13281,2022,530
13281,2023,378
13281,2024,312
13283,2013,55
13283,2014,47
13283,2015,46
13283,2016,51
13283,2017,44
13283,2018,66
13283,2019,55
13283,2020,69
13283,2021,62
13283,2022,55
13283,2023,65
13283,2024,57
13285,2013,908
13285,2014,953
13285,2015,937
13285,2016,1099
13285,2017,1160
13285,2018,1291
13285,2019,1288
13285,2020,1483
13285,2021,1871
13285,2022,1415
13285,2023,1010
13285,2024,986
13287,2014,79
13287,2015,72
13287,2016,78
13287,2017,79
13287,2018,93
13287,2019,112
13287,2020,85
13287,2021,107
13287,2022,99
13287,2023,87
13287,2024,70
13289,2013,73
13289,2014,76
13289,2015,73
13289,2016,61
13289,2017,75
13289,2018,72
13289,2019,72
13289,2020,63
13289,2021,95
13289,2022,110
13289,2023,79
13289,2024,90
13291,2013,682
13291,2015,757
13291,2016,895
13291,2017,954
13291,2018,1001
13291,2019,1001
13291,2020,1200
13291,2021,1276
13291,2022,1026
13291,2023,720
13291,2024,722
13293,2014,291
13293,2015,407
13293,2016,444
13293,2017,409
13293,2018,447
13293,2019,477
13293,2020,556
13293,2021,654
13293,2022,619
13293,2023,411
13293,2024,449
13295,2013,852
13295,2014,940
13295,2015,1057
13295,2016,1173
13295,2017,1248
13295,2018,1306
13295,2019,1320
13295,2020,1404
13295,2021,1596
13295,2022,1465
13295,2023,1203
13295,2024,1202
13297,2014,1672
13297,2015,1900
13297,2016,2210
13297,2017,2401
13297,2018,2501
13297,2019,2406
13297,2020,2489
13297,2021,3057
13297,2022,2750
13297,2023,1753
13297,2024,1438
13299,2013,311
13299,2014,367
13299,2015,354
13299,2016,403
13299,2017,478
13299,2018,482
13299,2019,520
13299,2020,497
13299,2021,672
13299,2022,762
13299,2023,499
13299,2024,453
13301,2013,48
13301,2014,64
13301,2015,50
13301,2016,51
13301,2017,60
13301,2018,64
13301,2019,63
13301,2020,71
13301,2021,65
13301,2022,70
13301,2023,57
13301,2024,48
13303,2013,168
13303,2014,159
13303,2015,146
13303,2016,165
13303,2017,204
13303,2018,191
13303,2019,207
13303,2020,222
13303,2021,262
13303,2022,255
13303,2023,220
13303,2024,192
13305,2013,309
13305,2014,363
13305,2016,432
13305,2017,466
13305,2018,456
13305,2019,473
13305,2020,470
13305,2021,597
13305,2022,685
13305,2023,462
13305,2024,391
13307,2013,27
13307,2014,29
13307,2015,18
13307,2016,23
13307,2017,17
13307,2018,38
13307,2019,28
13307,2020,23
13307,2021,24
13307,2022,22
13307,2023,28
13307,2024,22
13309,2013,35
13309,2014,49
13309,2015,44
13309,2016,41
13309,2017,55
13309,2018,42
13309,2019,47
13309,2020,47
13309,2021,49
13309,2022,35
13309,2023,49
13309,2024,52
13311,2014,508
13311,2015,586
13311,2016,730
13311,2017,722
13311,2018,751
13311,2019,785
13311,2020,865
13311,2021,883
13311,2022,747
13311,2023,679
13311,2024,683
13311,2025,396
13313,2013,1102
13313,2014,1056
13313,2016,1349
13313,2017,1277
13313,2018,1345
13313,2019,1386
13313,2020,1417
13313,2021,1837
13313,2022,1076
13313,2023,963
13313,2024,970
13315,2013,56
13315,2014,46
13315,2015,67
13315,2016,43
13315,2017,43
13315,2018,53
13315,2019,72
13315,2020,79
13315,2021,82
13315,2022,92
13315,2023,64
13315,2024,59
13317,2013,112
13317,2014,97
13317,2015,99
13317,2016,127
13317,2017,114
13317,2018,115
13317,2019,134
13317,2020,122
13317,2021,97
13317,2022,122
13317,2023,105
13317,2024,126
13319,2013,93
13319,2014,114
13319,2015,108
13319,2016,89
13319,2017,100
13319,2018,105
13319,2019,106
13319,2020,104
13319,2021,118
13319,2022,133
13319,2023,99
13319,2024,125
13321,2012,147
13321,2013,166
13321,2014,190
13321,2015,190
13321,2016,188
13321,2017,193
13321,2018,198
13321,2019,235
13321,2020,202
13321,2021,250
13321,2022,255
15001,2014,2953
15001,2015,2998
15001,2016,2832
15001,2017,3277
15001,2018,2174
15001,2019,3103
15001,2020,3627
15001,2021,4042
15001,2022,3283
15001,2023,1254
15001,2024,2572
15001,2025,2011
15003,2014,10179
15003,2015,10079
15003,2016,8831
15003,2017,7506
15003,2018,7593
15003,2019,9214
15003,2020,9953
15003,2021,13826
15003,2022,11607
15003,2023,7825
15003,2024,8691
15003,2025,7996
15007,2014,972
15007,2015,863
15007,2016,814
15007,2017,760
15007,2018,481
15007,2019,950
15007,2020,994
15007,2021,1454
15007,2022,994
15007,2023,746
15007,2024,778
15007,2025,839
15009,2015,2154
15009,2016,2315
15009,2018,2014
15009,2019,2577
15009,2020,2766
15009,2021,3903
15009,2022,2937
15009,2023,2121
15009,2024,1995
15009,2025,1503
16001,2012,7172
16001,2015,10311
16001,2016,11338
16001,2017,11634
16001,2018,11238
16001,2019,11417
16001,2020,12631
16001,2021,14206
16001,2022,9289
16001,2023,6262
16001,2024,7556
16001,2025,7504
16003,2018,100
16003,2019,75
16003,2020,84
16003,2021,63
16003,2022,46
16003,2023,48
16003,2024,69
16003,2025,28
16005,2012,834
16005,2016,1112
16005,2017,1346
16005,2018,1494
16005,2019,1565
16005,2020,1860
16005,2021,2216
16005,2022,1443
16005,2023,997
16005,2024,1065
16005,2025,970
16007,2014,84
16007,2015,67
16007,2016,92
16007,2017,104
16007,2018,113
16007,2019,113
16007,2020,156
16007,2021,191
16007,2022,106
16007,2023,71
16007,2024,71
16007,2025,68
16009,2013,69
16009,2014,94
16009,2015,95
16009,2016,113
16009,2017,121
16009,2018,141
16009,2019,123
16009,2020,130
16009,2021,170
16009,2022,124
16009,2023,79
16009,2024,90
16009,2025,78
16011,2014,370
16011,2015,375
16011,2016,464
16011,2017,507
16011,2018,540
16011,2019,618
16011,2020,761
16011,2021,910
16011,2022,589
16011,2023,426
16011,2024,389
16011,2025,348
16013,2013,359
16013,2016,390
16013,2017,467
16013,2018,499
16013,2019,505
16013,2020,577
16013,2021,674
16013,2022,358
16013,2023,217
16013,2024,239
16015,2012,101
16015,2013,131
16015,2014,139
16015,2015,148
16015,2016,179
16015,2017,226
16015,2018,224
16015,2019,247
16015,2020,283
16015,2021,288
16015,2022,212
16015,2023,154
16015,2024,138
16017,2014,489
16017,2015,547
16017,2016,761
16017,2017,873
16017,2018,1026
16017,2019,988
16017,2020,1184
16017,2021,1226
16017,2022,815
16017,2023,549
16017,2024,487
16017,2025,521
16019,2013,1485
16019,2014,1528
16019,2015,1689
16019,2016,2359
16019,2017,2342
16019,2018,2259
16019,2019,2646
16019,2021,3155
16019,2022,2149
16019,2023,1514
16019,2024,1332
16019,2025,1297
16021,2013,98
16021,2014,102
16021,2015,106
16021,2016,170
16021,2017,149
16021,2018,179
16021,2019,198
16021,2020,235
16021,2021,267
16021,2022,149
16021,2023,116
16021,2024,114
16021,2025,106
16023,2015,16
16023,2016,21
16023,2017,33
16023,2018,27
16023,2019,33
16023,2020,34
16023,2021,50
16023,2022,25
16023,2023,31
16023,2024,29
16023,2025,23
16025,2016,25
16025,2017,22
16025,2018,12
16025,2019,35
16025,2020,22
16025,2021,57
16025,2022,33
16025,2023,19
16025,2024,16
16025,2025,23
16027,2014,3425
16027,2019,5615
16027,2020,6455
16027,2021,7653
16027,2022,5169
16027,2023,3841
16027,2024,4703
16027,2025,4477
16029,2014,59
16029,2015,57
16029,2016,75
16029,2017,81
16029,2018,90
16029,2019,105
16029,2020,136
16029,2021,133
16029,2022,86
16029,2023,68
16029,2024,81
16029,2025,70
16031,2013,126
16031,2014,150
16031,2015,150
16031,2016,178
16031,2017,191
16031,2019,262
16031,2020,373
16031,2021,392
16031,2022,304
16031,2023,183
16031,2024,199
16035,2019,112
16035,2020,112
16035,2021,115
16035,2022,114
16035,2023,79
16035,2024,69
16035,2025,82
16037,2011,23
16037,2015,45
16037,2016,60
16037,2017,47
16037,2018,85
16037,2020,63
16037,2021,55
16037,2022,47
16037,2023,37
16037,2024,31
16039,2012,297
16039,2016,455
16039,2017,541
16039,2018,609
16039,2019,697
16039,2020,784
16039,2021,925
16041,2013,119
16041,2014,119
16041,2015,157
16041,2016,167
16041,2017,224
16041,2018,203
16041,2019,255
16041,2020,101
16041,2021,280
16041,2022,177
16041,2023,116
16041,2024,108
16041,2025,112
16043,2013,144
16043,2014,134
16043,2015,157
16043,2016,183
16043,2017,223
16043,2018,246
16043,2019,259
16043,2020,339
16043,2021,393
16043,2022,243
16043,2023,153
16043,2024,156
16043,2025,172
16045,2014,235
16045,2015,287
16045,2016,280
16045,2017,301
16045,2018,312
16045,2019,298
16045,2020,377
16045,2021,518
16045,2023,191
16045,2024,240
16045,2025,224
16047,2018,168
16047,2019,169
16047,2020,201
16047,2021,251
16047,2022,189
16047,2023,130
16047,2024,107
16047,2025,114
16049,2016,167
16049,2017,171
16049,2018,182
16049,2019,219
16049,2020,252
16049,2021,291
16049,2022,212
16049,2023,141
16049,2024,120
16049,2025,118
16051,2013,283
16051,2014,281
16051,2015,336
16051,2016,350
16051,2017,433
16051,2018,452
16051,2019,415
16051,2020,466
16051,2021,478
16051,2022,315
16051,2023,184
16051,2024,207
16053,2014,215
16053,2016,270
16053,2018,367
16053,2019,338
16053,2020,414
16053,2021,495
16053,2022,324
16053,2023,252
16053,2024,223
16053,2025,205
16055,2013,2400
16055,2015,2788
16055,2016,2837
16055,2017,3047
16055,2018,3749
16055,2019,4242
16055,2020,4755
16055,2021,4877
16055,2022,3034
16055,2023,1906
16055,2024,2359
16055,2025,2291
16057,2014,330
16057,2017,449
16057,2018,428
16057,2019,457
16057,2020,508
16057,2021,590
16057,2022,394
16057,2023,250
16057,2024,278
16059,2013,66
16059,2016,84
16059,2017,108
16059,2018,125
16059,2019,113
16059,2020,125
16059,2021,125
16059,2022,113
16059,2023,71
16059,2024,61
16059,2025,83
16061,2011,29
16061,2015,29
16061,2017,44
16061,2018,53
16061,2019,61
16061,2020,79
16061,2021,60
16061,2022,44
16061,2023,35
16061,2024,33
16061,2025,24
16063,2019,72
16063,2020,72
16063,2021,81
16063,2022,86
16063,2023,44
16063,2024,46
16063,2025,40
16065,2018,150
16065,2019,392
16065,2020,475
16065,2021,553
16065,2022,371
16065,2023,266
16065,2024,243
16065,2025,244
16067,2016,125
16067,2017,250
16067,2018,249
16067,2019,291
16067,2020,335
16067,2021,403
16067,2022,288
16067,2023,245
16067,2024,180
16067,2025,186
16069,2014,469
16069,2018,656
16069,2019,631
16069,2020,761
16069,2021,784
16069,2022,572
16069,2023,446
16069,2024,387
16069,2025,391
16071,2013,43
16071,2014,48
16071,2015,44
16071,2016,59
16071,2017,71
16071,2018,74
16071,2019,75
16071,2020,92
16071,2021,106
16071,2022,96
16071,2023,42
16071,2024,50
16071,2025,51
16073,2016,107
16073,2017,137
16073,2018,166
16073,2019,159
16073,2020,174
16073,2021,219
16073,2022,131
16073,2023,96
16073,2024,192
16075,2014,288
16075,2015,278
16075,2020,534
16075,2021,594
16075,2022,411
16075,2023,248
16075,2024,273
16075,2025,292
16077,2013,51
16077,2016,68
16077,2017,75
16077,2018,74
16077,2019,77
16077,2020,83
16077,2021,122
16077,2022,96
16077,2023,66
16077,2024,40
16079,2014,123
16079,2015,110
16079,2016,163
16079,2017,219
16079,2018,267
16079,2019,256
16079,2020,302
16079,2021,360
16079,2022,246
16079,2023,194
16079,2024,214
16079,2025,208
16081,2015,101
16081,2016,130
16081,2017,162
16081,2018,134
16081,2019,173
16081,2020,259
16081,2021,276
16081,2022,179
16081,2023,111
16081,2024,114
16081,2025,83
16083,2012,872
16083,2015,1197
16083,2016,1530
16083,2017,1609
16083,2018,1558
16083,2019,1825
16083,2020,2224
16083,2021,2542
16083,2022,1751
16083,2023,1037
16083,2024,1214
16083,2025,1107
16085,2013,304
16085,2015,221
16085,2016,294
16085,2017,357
16085,2018,428
16085,2019,414
16085,2020,567
16085,2021,558
16085,2022,372
16085,2023,229
16085,2025,276
16087,2017,133
16087,2018,160
16087,2019,147
16087,2020,153
16087,2021,215
16087,2022,147
16087,2023,89
16087,2024,95
16087,2025,104
17001,2017,826
17001,2018,1254
17001,2019,1207
17001,2020,1274
17001,2021,1379
17001,2022,1273
17001,2023,1078
17001,2024,1072
17005,2015,153
17005,2016,181
17005,2018,147
17005,2019,246
17005,2020,264
17005,2021,350
17005,2022,272
17005,2023,275
17007,2014,775
17007,2015,775
17007,2016,890
17007,2017,870
17007,2018,713
17007,2019,808
17007,2020,960
17007,2021,862
17007,2022,249
17007,2023,519
17007,2024,343
17009,2020,84
17009,2021,96
17009,2022,123
17009,2023,75
17009,2024,71
17011,2013,343
17011,2014,413
17011,2015,407
17011,2016,376
17011,2017,291
17011,2018,166
17011,2019,431
17011,2020,471
17011,2021,532
17011,2022,299
17011,2023,409
17011,2024,496
17015,2013,217
17015,2014,173
17015,2015,252
17015,2016,290
17015,2017,323
17015,2018,197
17015,2019,246
17015,2020,329
17015,2021,370
17015,2022,272
17015,2023,260
17015,2024,239
17017,2013,207
17017,2015,214
17017,2016,102
17017,2017,151
17017,2018,197
17017,2019,177
17017,2020,167
17017,2021,214
17017,2022,217
17017,2023,166
17017,2024,168
17019,2013,2548
17019,2016,2917
17019,2017,3225
17019,2018,3133
17019,2019,3198
17019,2020,3343
17019,2021,3942
17019,2022,3431
17019,2024,2864
17021,2011,483
17021,2013,513
17021,2014,532
17021,2015,399
17021,2016,314
17021,2017,333
17021,2019,405
17021,2020,437
17021,2021,382
17021,2022,518
17021,2023,513
17021,2024,519
17023,2013,217
17023,2014,243
17023,2016,211
17023,2017,251
17023,2018,277
17023,2019,275
17023,2020,318
17023,2021,341
17023,2022,285
17023,2023,245
17023,2024,233
17025,2012,160
17025,2013,169
17025,2015,170
17025,2016,176
17025,2017,210
17025,2018,215
17025,2019,188
17025,2020,207
17025,2021,270
17025,2022,180
17025,2023,217
17025,2024,241
17027,2013,410
17027,2015,513
17027,2016,311
17027,2017,434
17027,2018,552
17027,2019,564
17027,2020,681
17027,2021,710
17027,2022,526
17027,2023,524
17027,2024,300
17029,2013,686
17029,2014,706
17029,2015,697
17029,2016,469
17029,2017,736
17029,2018,772
17029,2019,825
17029,2020,792
17029,2021,913
17029,2022,870
17029,2023,858
17029,2024,838
17031,2013,69228
17031,2014,72511
17031,2015,75618
17031,2016,80660
17031,2017,82532
17031,2018,83613
17031,2019,78778
17031,2020,67495
17031,2021,107677
17031,2022,77175
17031,2023,67783
17031,2024,65364
17033,2013,299
17033,2018,318
17033,2019,272
17033,2020,255
17033,2021,333
17033,2022,312
17033,2023,255
17033,2024,266
17035,2012,125
17035,2013,147
17035,2015,106
17035,2016,147
17035,2017,133
17035,2018,198
17035,2019,165
17035,2020,152
17035,2021,172
17035,2022,144
17035,2023,116
17035,2024,99
17037,2013,1196
17037,2014,1154
17037,2015,1375
17037,2016,1541
17037,2017,1677
17037,2018,1787
17037,2019,1690
17037,2020,1639
17037,2021,2036
17037,2022,1769
17037,2023,1385
17037,2024,1341
17039,2013,234
17039,2014,217
17039,2015,276
17039,2016,234
17039,2017,243
17039,2019,252
17039,2020,274
17039,2021,322
17039,2022,161
17039,2023,232
17039,2024,142
17041,2012,293
17041,2013,317
17041,2014,271
17041,2018,351
17041,2019,293
17041,2020,312
17041,2021,381
17041,2022,365
17041,2023,308
17041,2024,106
17043,2013,12648
17043,2014,13522
17043,2015,14288
17043,2016,15447
17043,2017,13382
17043,2018,10697
17043,2019,14800
17043,2020,14943
17043,2021,19901
17043,2022,16054
17043,2023,11773
17043,2024,11519
17045,2013,262
17045,2017,169
17045,2018,190
17045,2019,260
17045,2020,279
17045,2021,297
17045,2022,251
17047,2012,37
17047,2013,35
17047,2014,39
17047,2017,68
17047,2018,78
17047,2019,80
17047,2020,64
17047,2021,61
17047,2022,77
17047,2023,53
17047,2024,88
17049,2012,391
17049,2013,524
17049,2014,402
17049,2015,356
17049,2016,514
17049,2017,540
17049,2018,496
17049,2019,527
17049,2020,525
17049,2021,579
17049,2022,508
17049,2023,412
17049,2024,406
17051,2011,262
17051,2019,211
17051,2020,289
17051,2021,298
17051,2022,301
17051,2023,278
17051,2024,246
17053,2013,148
17053,2014,189
17053,2015,239
17053,2016,215
17053,2017,235
17053,2018,269
17053,2019,230
17053,2020,247
17053,2021,321
17053,2022,301
17053,2023,265
17053,2024,242
17055,2015,181
17055,2016,249
17057,2012,511
17057,2013,511
17057,2015,447
17057,2016,473
17057,2017,539
17057,2018,257
17057,2019,281
17057,2020,348
17057,2021,507
17057,2022,419
17057,2023,436
17057,2024,367
17059,2012,58
17059,2013,50
17059,2014,18
17059,2015,43
17059,2017,25
17059,2018,28
17059,2019,51
17059,2020,44
17059,2021,41
17059,2022,38
17059,2023,36
17059,2024,52
17063,2015,662
17063,2016,896
17063,2017,1075
17063,2018,1031
17063,2019,1031
17063,2020,1055
17063,2021,1254
17063,2022,1060
17063,2023,782
17063,2024,835
17065,2012,95
17065,2013,94
17065,2014,108
17065,2015,74
17065,2017,41
17065,2018,95
17065,2019,103
17065,2020,94
17065,2021,117
17065,2022,107
17065,2023,96
17065,2024,118
17067,2017,222
17067,2018,269
17067,2019,272
17067,2020,264
17067,2021,334
17067,2022,325
17067,2023,281
17067,2024,338
17069,2017,47
17069,2018,43
17069,2019,49
17069,2020,47
17069,2021,33
17069,2022,24
17069,2023,30
17069,2024,34
17071,2010,90
17071,2014,123
17071,2015,132
17071,2016,123
17071,2017,108
17071,2018,115
17071,2019,126
17071,2020,111
17071,2021,171
17071,2023,92
17073,2013,783
17073,2015,877
17073,2016,876
17073,2017,868
17073,2018,883
17073,2019,872
17073,2020,937
17073,2021,861
17073,2022,961
17073,2023,830
17073,2024,757
17075,2013,375
17075,2014,245
17075,2016,303
17075,2017,424
17075,2018,452
17075,2019,392
17075,2020,461
17075,2021,544
17075,2022,357
17075,2023,366
17075,2024,470
17077,2012,392
17077,2014,541
17077,2015,557
17077,2016,445
17077,2017,445
17077,2018,424
17077,2019,307
17077,2020,339
17077,2021,720
17077,2022,622
17079,2016,117
17079,2017,99
17079,2018,146
17079,2019,141
17079,2020,119
17079,2021,151
17079,2022,111
17079,2023,109
17079,2024,105
17081,2013,399
17081,2014,391
17081,2015,173
17081,2016,207
17081,2017,390
17081,2018,320
17081,2019,236
17081,2020,412
17081,2021,508
17081,2022,415
17081,2023,443
17081,2024,419
17083,2015,173
17083,2016,218
17083,2017,249
17083,2018,247
17083,2019,359
17083,2020,347
17083,2021,375
17083,2022,389
17083,2023,352
17083,2024,333
17085,2014,297
17085,2015,293
17085,2016,364
17085,2017,438
17085,2018,509
17085,2019,444
17085,2020,673
17085,2021,678
17085,2022,493
17085,2023,441
17085,2024,428
17087,2015,193
17087,2016,174
17087,2017,130
17087,2018,109
17087,2019,113
17087,2020,133
17087,2021,160
17087,2022,219
17087,2023,223
17087,2024,211
17089,2013,8113
17089,2014,8224
17089,2015,8429
17089,2016,8469
17089,2017,8800
17089,2018,8663
17089,2019,8808
17089,2020,8854
17089,2021,11623
17089,2022,9401
17089,2023,7064
17089,2024,7011
17091,2013,858
17091,2014,956
17091,2015,1148
17091,2016,1450
17091,2017,1707
17091,2018,1847
17091,2019,1801
17091,2020,1686
17091,2021,2179
17091,2022,1961
17091,2023,1683
17091,2024,1607
17093,2013,2813
17093,2014,2683
17093,2015,2658
17093,2016,3066
17093,2017,3301
17093,2018,3387
17093,2019,3206
17093,2020,3071
17093,2021,4010
17093,2022,3242
17093,2023,2337
17093,2024,2072
17095,2013,462
17095,2015,541
17095,2017,687
17095,2018,760
17095,2019,533
17095,2020,757
17095,2021,844
17095,2022,827
17095,2023,691
17095,2024,651
17097,2012,7343
17097,2014,10449
17097,2015,10896
17097,2016,11419
17097,2017,11906
17097,2018,11764
17097,2019,11369
17097,2020,11162
17097,2021,15970
17097,2022,13762
17097,2023,9389
17097,2024,9009
17099,2012,941
17099,2015,1476
17099,2016,1615
17099,2017,1703
17099,2018,1696
17099,2019,1680
17099,2020,1733
17099,2021,2186
17099,2022,1789
17099,2023,1517
17099,2024,1532
17101,2015,96
17101,2017,193
17101,2018,178
17101,2019,159
17101,2020,198
17101,2021,224
17101,2022,227
17101,2023,194
17101,2024,73
17103,2013,469
17103,2014,489
17103,2015,490
17103,2016,531
17103,2017,628
17103,2018,647
17103,2019,659
17103,2020,759
17103,2021,786
17103,2022,689
17103,2023,574
17103,2024,628
17105,2013,398
17105,2016,315
17105,2018,187
17105,2019,516
17105,2020,550
17105,2021,694
17105,2022,414
17107,2012,180
17107,2013,217
17107,2014,384
17107,2015,378
17107,2016,477
17107,2017,406
17107,2018,445
17107,2019,426
17107,2020,480
17107,2021,562
17107,2022,546
17107,2023,463
17107,2024,483
17109,2013,365
17109,2014,418
17109,2015,383
17109,2016,357
17109,2017,368
17109,2018,365
17109,2019,378
17109,2020,405
17109,2021,617
17109,2022,215
17109,2023,345
17109,2024,320
17111,2013,4989
17111,2016,5566
17111,2017,5877
17111,2018,6141
17111,2019,6094
17111,2020,6402
17111,2021,8335
17111,2022,6408
17111,2023,5057
17111,2024,5078
17113,2013,2903
17113,2014,2655
17113,2015,2762
17113,2016,1947
17113,2017,2697
17113,2018,2995
17113,2019,2898
17113,2020,3054
17113,2021,3713
17113,2022,3072
17113,2024,2542
17115,2013,1582
17115,2014,1198
17115,2015,1118
17115,2016,846
17115,2017,956
17115,2018,1770
17115,2019,1905
17115,2020,2077
17115,2021,2013
17115,2022,2399
17115,2023,603
17115,2024,1993
17117,2014,361
17117,2015,608
17117,2016,430
17117,2017,672
17117,2018,720
17117,2019,647
17117,2020,710
17117,2021,647
17117,2022,607
17117,2023,507
17117,2024,505
17119,2013,3380
17119,2014,4208
17119,2015,3187
17119,2016,3896
17119,2017,4492
17119,2018,4953
17119,2019,5097
17119,2020,5507
17119,2021,6127
17119,2022,5209
17119,2023,4616
17119,2024,4235
17121,2012,222
17121,2015,518
17121,2016,529
17121,2017,524
17121,2018,566
17121,2019,515
17121,2020,613
17121,2021,690
17121,2022,619
17121,2023,556
17121,2024,576
17123,2013,43
17123,2014,106
17123,2018,141
17123,2019,129
17123,2020,173
17123,2021,184
17123,2022,193
17125,2012,132
17125,2015,145
17125,2016,214
17125,2017,224
17125,2018,225
17125,2019,221
17125,2020,225
17125,2021,302
17125,2022,206
17125,2023,173
17125,2024,267
17127,2013,65
17127,2014,105
17127,2015,173
17127,2016,173
17127,2017,170
17127,2018,165
17127,2019,177
17127,2020,195
17127,2021,264
17127,2022,267
17127,2024,219
17129,2013,189
17129,2014,194
17129,2017,80
17129,2018,221
17129,2019,257
17129,2020,298
17129,2021,290
17129,2022,278
17129,2023,223
17131,2014,229
17131,2015,239
17131,2016,223
17131,2017,242
17131,2018,357
17131,2019,340
17131,2020,267
17131,2021,367
17131,2022,293
17131,2023,274
17131,2024,82
17133,2017,273
17133,2018,713
17133,2019,691
17133,2020,759
17133,2021,754
17133,2022,621
17133,2023,485
17133,2024,458
17135,2013,394
17135,2015,393
17135,2016,431
17135,2017,462
17135,2018,426
17135,2019,324
17135,2020,503
17135,2021,450
17135,2022,466
17135,2023,416
17135,2024,405
17137,2013,566
17137,2014,610
17137,2015,424
17137,2016,645
17137,2017,580
17137,2018,556
17137,2019,568
17137,2020,676
17137,2021,711
17137,2022,610
17137,2023,504
17137,2024,555
17139,2013,165
17139,2014,149
17139,2019,214
17139,2020,261
17139,2021,288
17139,2022,129
17139,2023,177
17139,2024,201
17141,2013,674
17141,2014,641
17141,2015,708
17141,2016,653
17141,2017,779
17141,2018,917
17141,2019,910
17141,2020,1034
17141,2021,974
17141,2022,845
17141,2023,700
17141,2024,699
17143,2013,2532
17143,2014,2101
17143,2015,2252
17143,2016,2431
17143,2017,2482
17143,2018,3716
17143,2019,3248
17143,2020,3660
17143,2021,4213
17143,2022,4348
17143,2023,3448
17143,2024,3464
17145,2015,241
17145,2016,233
17145,2017,206
17145,2018,199
17145,2019,209
17145,2020,246
17145,2021,261
17145,2022,217
17145,2023,244
17145,2024,273
17147,2013,308
17147,2014,349
17147,2015,303
17147,2016,347
17147,2017,347
17147,2018,351
17147,2019,377
17147,2020,360
17147,2021,418
17147,2022,349
17147,2023,297
17147,2024,245
17149,2018,280
17149,2019,278
17149,2020,289
17149,2021,391
17149,2022,317
17149,2023,335
17149,2024,317
17151,2019,67
17151,2020,70
17151,2021,102
17151,2022,97
17151,2023,72
17157,2013,312
17157,2014,287
17157,2016,194
17157,2017,334
17157,2018,329
17157,2019,328
17157,2020,427
17157,2021,447
17157,2022,320
17157,2023,356
17157,2024,349
17161,2017,1691
17161,2018,2677
17161,2019,2541
17161,2020,2711
17161,2021,3218
17161,2022,2920
17161,2023,2306
17161,2024,2233
17163,2013,3471
17163,2014,3529
17163,2016,4366
17163,2017,4404
17163,2018,4352
17163,2019,4520
17163,2020,5098
17163,2021,5832
17163,2022,5184
17163,2023,4324
17163,2024,4377
17165,2012,148
17165,2013,220
17165,2014,227
17165,2015,273
17165,2016,256
17165,2017,288
17165,2018,339
17165,2019,320
17165,2020,308
17165,2021,366
17165,2022,380
17165,2023,435
17165,2024,353
17167,2013,3797
17167,2014,3880
17167,2015,4103
17167,2017,2597
17167,2018,3705
17167,2019,4095
17167,2020,4203
17167,2021,4501
17167,2022,4061
17167,2023,3574
17167,2024,3609
17169,2012,120
17169,2015,114
17169,2016,42
17169,2019,139
17169,2020,120
17169,2021,138
17169,2022,129
17169,2023,109
17169,2024,107
17171,2015,51
17171,2016,48
17171,2017,44
17171,2018,37
17171,2019,46
17171,2020,52
17171,2021,72
17171,2022,52
17171,2023,49
17171,2024,48
17173,2013,241
17173,2014,172
17173,2015,280
17173,2016,292
17173,2017,364
17173,2018,359
17173,2019,295
17173,2020,340
17173,2021,354
17173,2022,323
17173,2023,289
17173,2024,295
17175,2013,51
17175,2015,29
17175,2017,68
17175,2018,62
17175,2019,90
17175,2020,87
17175,2021,75
17175,2022,67
17175,2023,63
17175,2024,79
17177,2013,631
17177,2015,646
17177,2017,667
17177,2018,643
17177,2019,589
17177,2020,653
17177,2021,792
17177,2022,826
17177,2023,664
17177,2024,669
17179,2013,2340
17179,2016,2109
17179,2017,2422
17179,2018,2534
17179,2019,2507
17179,2020,2721
17179,2021,3299
17179,2022,2983
17179,2023,2364
17179,2024,2274
17181,2013,132
17181,2016,192
17181,2018,229
17181,2019,227
17181,2020,239
17181,2021,180
17181,2022,209
17181,2023,237
17181,2024,213
17183,2018,982
17183,2019,1214
17183,2020,1270
17183,2021,1533
17183,2022,1342
17183,2023,1282
17183,2024,1176
17185,2012,158
17185,2013,185
17185,2014,174
17185,2015,157
17185,2016,173
17185,2018,163
17185,2019,107
17185,2020,84
17185,2021,189
17185,2022,177
17185,2023,108
17187,2014,211
17187,2015,230
17187,2016,250
17187,2017,183
17187,2018,234
17187,2019,215
17187,2020,256
17187,2021,264
17187,2022,190
17187,2023,202
17187,2024,191
17189,2018,141
17189,2019,151
17189,2020,178
17189,2021,206
17189,2022,252
17189,2023,207
17189,2024,193
17191,2014,128
17191,2015,179
17191,2017,151
17191,2018,139
17191,2019,202
17191,2020,233
17191,2021,249
17191,2022,190
17191,2023,211
17191,2024,181
17193,2019,196
17193,2020,197
17193,2021,223
17193,2022,225
17193,2023,204
17193,2024,201
17195,2013,808
17195,2014,837
17195,2015,830
17195,2016,736
17195,2017,700
17195,2018,454
17195,2019,994
17195,2020,957
17195,2021,1128
17195,2022,1064
17195,2023,845
17195,2024,873
17197,2013,9864
17197,2014,11029
17197,2015,12634
17197,2016,12385
17197,2017,13141
17197,2018,12097
17197,2019,12063
17197,2020,11951
17197,2021,15196
17197,2022,12686
17197,2023,9346
17197,2024,8945
17199,2017,787
17199,2018,1349
17199,2019,1365
17199,2020,1376
17199,2021,1708
17199,2022,1581
17199,2023,1332
17199,2024,1278
17201,2014,2403
17201,2015,3538
17201,2016,3946
17201,2017,4735
17201,2018,5956
17201,2019,5287
17201,2020,5178
17201,2021,6028
17201,2022,5347
17201,2024,4352
17203,2017,414
17203,2018,681
17203,2019,686
17203,2020,796
17203,2021,304
17203,2022,691
17203,2023,630
17203,2024,619
18001,2013,334
18001,2014,390
18001,2016,238
18001,2017,348
18001,2018,327
18001,2019,331
18001,2020,373
18001,2021,397
18001,2022,312
18001,2023,401
18001,2024,348
18003,2013,4568
18003,2014,4765
18003,2016,6515
18003,2017,8455
18003,2018,7760
18003,2019,8082
18003,2020,7634
18003,2021,8309
18003,2022,7347
18003,2024,5784
18005,2014,1030
18005,2017,1413
18005,2018,1658
18005,2019,1231
18005,2020,1262
18005,2021,1409
18005,2022,1637
18005,2023,1373
18005,2024,1257
18007,2013,161
18007,2014,156
18007,2016,132
18007,2017,165
18007,2018,74
18007,2019,85
18007,2020,116
18007,2021,164
18007,2022,162
18007,2023,148
18007,2024,165
18009,2013,96
18009,2014,113
18009,2016,140
18009,2017,282
18009,2018,258
18009,2019,214
18009,2020,225
18009,2021,243
18009,2022,223
18009,2023,218
18009,2024,232
18011,2013,1137
18011,2014,753
18011,2017,1397
18011,2018,1274
18011,2019,1362
18011,2020,1683
18011,2021,2214
18011,2022,1255
18011,2023,1285
18011,2024,1131
18013,2016,158
18013,2017,458
18013,2018,441
18013,2019,270
18013,2020,377
18013,2021,275
18013,2022,313
18013,2023,259
18013,2024,271
18015,2014,288
18015,2016,354
18015,2017,336
18015,2018,366
18015,2019,394
18015,2020,344
18015,2021,418
18015,2022,340
18015,2023,283
18015,2024,275
18017,2013,571
18017,2014,613
18017,2016,642
18017,2017,338
18017,2018,367
18017,2021,592
18017,2022,569
18017,2024,586
18019,2013,2013
18019,2014,1278
18019,2017,2914
18019,2021,1703
18019,2022,1602
18019,2023,1431
18019,2024,1179
18021,2014,514
18021,2016,516
18021,2017,408
18021,2018,428
18021,2019,454
18021,2020,466
18021,2021,347
18021,2022,478
18021,2023,449
18021,2024,199
18023,2014,389
18023,2016,485
18023,2017,695
18023,2018,571
18023,2019,556
18023,2020,479
18023,2021,622
18023,2022,509
18023,2023,418
18023,2024,438
18025,2013,231
18025,2014,202
18025,2016,310
18025,2017,304
18025,2018,267
18025,2019,144
18025,2020,140
18025,2021,209
18025,2023,188
18025,2024,90
18027,2013,479
18027,2014,489
18027,2016,496
18027,2017,424
18027,2018,401
18027,2019,299
18027,2020,472
18027,2022,142
18027,2023,313
18027,2024,218
18029,2016,487
18029,2017,966
18029,2018,933
18029,2019,718
18029,2020,828
18029,2021,892
18029,2022,748
18029,2023,574
18029,2024,541
18031,2013,207
18031,2016,273
18031,2017,476
18031,2018,565
18031,2019,402
18031,2020,404
18031,2021,481
18031,2022,477
18031,2023,369
18031,2024,375
18033,2014,493
18033,2016,655
18033,2017,750
18033,2018,733
18033,2019,750
18033,2020,784
18033,2021,602
18033,2022,773
18033,2023,724
18033,2024,763
18035,2013,925
18035,2014,799
18035,2016,1209
18035,2017,1190
18035,2018,1179
18035,2019,1345
18035,2020,1524
18035,2021,2256
18035,2022,1958
18035,2023,1499
18035,2024,1540
18037,2014,585
18037,2016,522
18037,2017,733
18037,2018,734
18037,2019,650
18037,2020,683
18037,2021,770
18037,2022,656
18037,2023,642
18037,2024,363
18039,2013,1943
18039,2014,2120
18039,2016,2256
18039,2017,2509
18039,2018,2691
18039,2019,2339
18039,2020,2704
18039,2021,3388
18039,2022,2657
18039,2024,2272
18041,2013,155
18041,2017,353
18041,2018,441
18041,2019,364
18041,2021,186
18041,2022,488
18041,2023,415
18041,2024,376
18043,2013,1445
18043,2014,1074
18043,2016,1265
18043,2017,1745
18043,2018,1354
18043,2019,1400
18043,2020,1523
18043,2021,1766
18043,2022,1488
18043,2023,1389
18043,2024,1195
18045,2020,232
18045,2021,291
18045,2022,236
18045,2023,287
18045,2024,232
18047,2013,418
18047,2014,426
18047,2016,429
18047,2017,268
18047,2018,424
18047,2019,395
18047,2020,480
18047,2021,181
18047,2022,359
18047,2023,352
18047,2024,252
18049,2013,389
18049,2014,361
18049,2016,426
18049,2017,443
18049,2018,442
18049,2019,355
18049,2020,397
18049,2021,164
18049,2022,203
18049,2023,104
18049,2024,138
18051,2013,540
18051,2014,237
18051,2016,400
18051,2017,570
18051,2021,585
18051,2022,377
18051,2023,531
18051,2024,562
18053,2013,554
18053,2014,528
18053,2017,979
18053,2018,976
18053,2019,904
18053,2020,834
18053,2021,1295
18053,2022,1122
18053,2023,1046
18053,2024,1141
18055,2013,198
18055,2014,243
18055,2016,239
18055,2017,283
18055,2018,311
18055,2019,322
18055,2020,351
18055,2021,604
18055,2022,531
18055,2023,442
18055,2024,381
18057,2013,6644
18057,2014,6721
18057,2016,7160
18057,2017,7546
18057,2018,8128
18057,2019,8180
18057,2020,9110
18057,2021,9903
18057,2022,8222
18057,2023,5511
18057,2024,5576
18059,2013,1035
18059,2014,1136
18059,2016,1496
18059,2017,1891
18059,2018,1996
18059,2019,1937
18059,2020,2027
18059,2021,2575
18059,2022,768
18059,2023,1185
18061,2013,657
18061,2014,674
18061,2016,749
18061,2017,821
18061,2018,686
18061,2019,601
18061,2020,718
18061,2021,406
18061,2022,517
18061,2023,493
18061,2024,461
18063,2014,2595
18063,2016,3121
18063,2017,4216
18063,2018,4548
18063,2019,4094
18063,2020,4328
18063,2021,4646
18063,2022,3156
18063,2023,2421
18063,2024,2624
18065,2013,517
18065,2014,720
18065,2016,552
18065,2017,1020
18065,2018,1005
18065,2019,841
18065,2020,781
18065,2021,1071
18065,2022,804
18065,2023,814
18065,2024,759
18067,2013,1693
18067,2014,1740
18067,2016,1997
18067,2017,661
18067,2018,1993
18067,2019,1693
18067,2020,1573
18067,2021,1716
18067,2022,1447
18067,2024,1494
18069,2013,475
18069,2014,261
18069,2016,361
18069,2017,481
18069,2018,456
18069,2019,641
18069,2020,664
18069,2021,650
18069,2022,584
18069,2023,580
18069,2024,690
18071,2013,749
18071,2014,428
18071,2016,515
18071,2017,763
18071,2018,855
18071,2019,805
18071,2020,853
18071,2021,776
18071,2022,673
18071,2023,544
18071,2024,547
18073,2014,354
18073,2016,440
18073,2017,611
18073,2018,602
18073,2019,642
18073,2020,665
18073,2021,631
18073,2022,482
18073,2023,376
18073,2024,383
18075,2013,365
18075,2014,372
18075,2016,342
18075,2017,154
18075,2018,196
18075,2019,255
18075,2020,307
18075,2021,187
18075,2022,254
18075,2023,285
18075,2024,254
18077,2014,611
18077,2016,661
18077,2017,618
18077,2018,587
18077,2019,613
18077,2020,661
18077,2021,720
18077,2023,541
18077,2024,482
18079,2014,256
18079,2016,236
18079,2017,306
18079,2018,332
18079,2019,333
18079,2020,372
18079,2021,462
18079,2022,446
18079,2023,145
18079,2024,446
18081,2013,2533
18081,2014,2379
18081,2016,1948
18081,2017,2890
18081,2018,3035
18081,2019,3324
18081,2020,3662
18081,2021,4185
18081,2022,3184
18081,2023,2655
18081,2024,2416
18083,2013,533
18083,2014,568
18083,2016,564
18083,2017,427
18083,2018,422
18083,2019,358
18083,2020,465
18083,2021,641
18083,2023,598
18083,2024,588
18085,2013,1045
18085,2014,1118
18085,2016,1207
18085,2017,1752
18085,2018,1797
18085,2019,1691
18085,2020,1658
18085,2021,1958
18085,2022,1462
18085,2023,1196
18085,2024,1485
18087,2013,740
18087,2014,768
18087,2016,814
18087,2017,327
18087,2018,429
18087,2019,465
18087,2020,508
18087,2021,384
18087,2022,558
18087,2023,384
18087,2024,430
18089,2013,4569
18089,2014,4848
18089,2016,6054
18089,2017,6248
18089,2018,6927
18089,2019,7697
18089,2020,8348
18089,2021,10656
18089,2023,7347
18089,2024,7201
18091,2014,1058
18091,2016,1082
18091,2017,1233
18091,2018,1236
18091,2019,1470
18091,2020,1516
18091,2021,1934
18091,2022,1552
18091,2024,1364
18093,2018,857
18093,2019,553
18093,2020,601
18093,2021,797
18093,2022,588
18093,2023,550
18093,2024,781
18095,2013,1073
18095,2014,923
18095,2016,1348
18095,2017,2499
18095,2018,2343
18095,2019,1881
18095,2020,2080
18095,2021,3046
18095,2022,2841
18095,2023,2402
18095,2024,2273
18097,2013,14224
18097,2014,14638
18097,2016,12076
18097,2017,22395
18097,2018,20753
18097,2019,19114
18097,2020,19516
18097,2021,21150
18097,2022,19670
18097,2023,14578
18097,2024,14407
18099,2014,415
18099,2016,627
18099,2017,501
18099,2018,515
18099,2019,566
18099,2020,654
18099,2021,731
18099,2022,761
18099,2024,482
18101,2013,52
18101,2014,40
18101,2016,115
18101,2018,60
18101,2019,67
18101,2020,65
18101,2021,123
18101,2022,109
18101,2023,120
18101,2024,135
18103,2013,245
18103,2014,284
18103,2016,333
18103,2017,509
18103,2018,487
18103,2019,484
18103,2020,466
18103,2021,552
18103,2022,458
18103,2023,416
18103,2024,485
18105,2014,1491
18105,2016,1871
18105,2017,2695
18105,2018,2642
18105,2019,2438
18105,2020,2558
18105,2021,2557
18105,2022,1912
18105,2023,1650
18105,2024,1299
18107,2013,402
18107,2014,452
18107,2016,548
18107,2017,596
18107,2018,616
18107,2019,677
18107,2020,660
18107,2021,885
18107,2022,761
18107,2023,647
18107,2024,718
18109,2013,897
18109,2014,883
18109,2016,1204
18109,2017,1234
18109,2018,1243
18109,2019,1432
18109,2020,1411
18109,2021,1603
18109,2022,352
18109,2023,1053
18109,2024,1134
18111,2013,290
18111,2014,280
18111,2016,298
18111,2017,316
18111,2018,243
18111,2019,273
18111,2020,291
18111,2021,144
18111,2023,64
18111,2024,188
18113,2014,877
18113,2016,918
18113,2017,574
18113,2018,693
18113,2019,667
18113,2020,715
18113,2021,831
18113,2022,803
18113,2023,708
18113,2024,532
18115,2013,50
18115,2014,50
18115,2016,72
18115,2017,115
18115,2018,98
18115,2019,80
18115,2020,77
18115,2021,109
18115,2022,109
18115,2023,72
18115,2024,64
18117,2013,167
18117,2014,101
18117,2018,205
18117,2019,174
18117,2020,178
18117,2021,312
18117,2022,317
18117,2023,287
18117,2024,307
18119,2013,404
18119,2014,188
18119,2016,322
18119,2017,534
18119,2018,489
18119,2019,326
18119,2020,370
18119,2021,436
18119,2022,453
18119,2023,320
18119,2024,287
18121,2013,272
18121,2014,257
18121,2016,309
18121,2018,151
18121,2019,186
18121,2020,256
18121,2021,229
18121,2022,325
18121,2023,228
18121,2024,200
18123,2013,235
18123,2014,212
18123,2016,243
18123,2017,335
18123,2018,353
18123,2019,266
18123,2020,271
18123,2021,410
18123,2022,344
18123,2023,276
18123,2024,290
18125,2013,227
18125,2014,227
18125,2016,229
18125,2017,247
18125,2018,181
18125,2019,211
18125,2020,199
18125,2021,130
18125,2022,92
18125,2023,193
18125,2024,242
18127,2013,2086
18127,2014,2078
18127,2016,2571
18127,2017,2881
18127,2018,3068
18127,2019,3300
18127,2020,3686
18127,2021,3870
18127,2022,3286
18127,2023,2382
18127,2024,2332
18129,2013,262
18129,2014,158
18129,2016,289
18129,2017,273
18129,2018,293
18129,2019,336
18129,2020,418
18129,2021,468
18129,2022,389
18129,2023,344
18129,2024,324
18131,2013,92
18131,2014,176
18131,2016,97
18131,2017,219
18131,2018,202
18131,2022,196
18131,2023,229
18131,2024,199
18133,2013,393
18133,2014,340
18133,2016,332
18133,2017,386
18133,2018,591
18133,2019,518
18133,2020,829
18133,2021,761
18133,2022,776
18133,2023,563
18133,2024,604
18135,2013,270
18135,2014,280
18135,2016,300
18135,2017,257
18135,2018,336
18135,2019,356
18135,2020,403
18135,2021,406
18135,2022,392
18135,2023,294
18135,2024,268
18137,2013,180
18137,2014,173
18137,2016,456
18137,2017,361
18137,2018,402
18137,2019,397
18137,2020,517
18137,2021,496
18137,2022,262
18137,2023,417
18137,2024,308
18139,2013,146
18139,2014,156
18139,2016,177
18139,2017,281
18139,2018,195
18139,2019,225
18139,2020,210
18139,2021,343
18139,2022,234
18139,2023,243
18139,2024,223
18141,2014,2485
18141,2016,3372
18141,2017,3302
18141,2018,4007
18141,2019,3777
18141,2020,4138
18141,2021,5248
18141,2022,4402
18141,2023,3696
18141,2024,3797
18143,2013,248
18143,2014,263
18143,2016,248
18143,2017,275
18143,2018,300
18143,2019,318
18143,2020,384
18143,2021,608
18143,2022,254
18143,2023,420
18143,2024,480
18145,2013,504
18145,2014,427
18145,2016,614
18145,2017,937
18145,2018,875
18145,2019,842
18145,2020,817
18145,2021,528
18145,2022,833
18145,2023,589
18145,2024,577
18147,2013,332
18147,2014,204
18147,2016,297
18147,2017,280
18147,2018,247
18147,2019,310
18147,2020,338
18147,2021,403
18147,2022,357
18147,2023,280
18147,2024,310
18149,2013,303
18149,2014,253
18149,2016,325
18149,2017,475
18149,2018,485
18149,2019,457
18149,2020,473
18149,2021,571
18149,2022,481
18149,2023,372
18149,2024,323
18151,2013,843
18151,2014,507
18151,2016,599
18151,2017,1042
18151,2018,1028
18151,2019,811
18151,2020,948
18151,2021,946
18151,2022,704
18151,2023,837
18151,2024,273
18153,2017,351
18153,2018,345
18153,2019,190
18153,2020,128
18153,2021,259
18153,2022,315
18153,2023,225
18153,2024,217
18155,2014,120
18155,2016,210
18155,2017,232
18155,2018,176
18155,2019,164
18155,2020,230
18155,2021,98
18155,2022,209
18155,2023,173
18155,2024,136
18157,2013,2209
18157,2014,2190
18157,2016,2606
18157,2017,2642
18157,2018,2645
18157,2019,2708
18157,2020,2918
18157,2021,3691
18157,2022,2859
18157,2024,1988
18159,2013,290
18159,2014,275
18159,2016,299
18159,2017,110
18159,2018,291
18159,2019,285
18159,2020,289
18159,2021,268
18159,2023,225
18159,2024,246
18161,2013,205
18161,2014,179
18161,2016,205
18161,2017,105
18161,2018,98
18161,2019,129
18161,2020,184
18161,2021,210
18161,2022,207
18161,2023,208
18161,2024,203
18163,2013,2480
18163,2014,2170
18163,2016,2633
18163,2017,2678
18163,2018,2791
18163,2019,3110
18163,2020,3307
18163,2021,4198
18163,2022,3733
18163,2023,3050
18163,2024,2857
18165,2013,293
18165,2014,202
18165,2017,195
18165,2018,162
18165,2019,110
18165,2020,199
18165,2021,246
18165,2022,293
18165,2023,283
18165,2024,262
18167,2013,929
18167,2014,902
18167,2016,1162
18167,2017,1213
18167,2018,1163
18167,2019,1220
18167,2020,1566
18167,2021,1680
18167,2022,1676
18167,2023,1482
18167,2024,1539
18169,2013,287
18169,2014,315
18169,2016,370
18169,2017,429
18169,2018,555
18169,2019,506
18169,2020,597
18169,2021,569
18169,2022,602
18169,2023,527
18169,2024,498
18171,2013,133
18171,2014,137
18171,2016,143
18171,2017,118
18171,2018,109
18171,2019,119
18171,2021,122
18171,2022,47
18171,2023,120
18171,2024,121
18173,2013,931
18173,2014,959
18173,2016,1069
18173,2017,1077
18173,2018,1145
18173,2019,1315
18173,2020,1433
18173,2021,1797
18173,2022,1489
18173,2023,920
18173,2024,1004
18175,2013,370
18175,2014,241
18175,2016,408
18175,2017,540
18175,2018,569
18175,2019,459
18175,2020,443
18175,2021,497
18175,2022,530
18175,2023,426
18175,2024,332
18177,2013,666
18177,2014,1189
18177,2016,637
18177,2017,1024
18177,2018,988
18177,2019,804
18177,2020,985
18177,2021,1166
18177,2022,1034
18177,2023,899
18177,2024,849
18179,2013,195
18179,2017,514
18179,2018,496
18179,2019,434
18179,2020,422
18179,2021,458
18179,2022,424
18179,2023,379
18179,2024,399
18181,2014,551
18181,2016,634
18181,2017,358
18181,2018,390
18181,2019,386
18181,2020,556
18181,2021,665
18181,2022,246
18181,2023,542
18181,2024,487
18183,2014,684
18183,2016,761
18183,2017,498
18183,2018,500
18183,2019,655
18183,2020,623
18183,2021,306
18183,2022,672
18183,2023,462
18183,2024,511
19001,2021,233
19001,2022,173
19001,2023,130
19001,2024,130
19001,2025,99
19003,2014,32
19003,2015,40
19003,2016,37
19003,2017,45
19003,2018,50
19003,2019,64
19003,2020,32
19003,2021,39
19003,2022,48
19003,2023,49
19003,2024,55
19005,2014,153
19005,2015,126
19005,2016,199
19005,2017,187
19005,2018,211
19005,2019,193
19005,2020,242
19005,2021,330
19005,2022,339
19005,2023,277
19005,2024,249
19005,2025,227
19007,2021,731
19007,2022,579
19007,2023,463
19007,2024,443
19007,2025,464
19009,2014,86
19009,2015,86
19009,2020,82
19009,2021,124
19009,2022,147
19009,2023,132
19009,2024,104
19009,2025,130
19011,2014,303
19011,2015,314
19011,2018,403
19011,2019,300
19011,2020,371
19011,2021,569
19011,2022,628
19011,2023,515
19011,2024,471
19011,2025,422
19013,2014,1859
19013,2015,1495
19013,2016,1541
19013,2017,1200
19013,2018,2031
19013,2019,1692
19013,2020,2254
19013,2021,2878
19013,2022,2684
19013,2023,2243
19013,2024,2377
19013,2025,2008
19015,2014,364
19015,2015,386
19015,2016,290
19015,2017,299
19015,2018,480
19015,2019,435
19015,2020,552
19015,2021,611
19015,2022,620
19015,2023,475
19015,2024,559
19015,2025,400
19017,2014,414
19017,2015,357
19017,2017,244
19017,2018,366
19017,2019,221
19017,2020,363
19017,2021,444
19017,2022,487
19017,2023,393
19017,2024,367
19017,2025,344
19019,2014,206
19019,2021,350
19019,2022,469
19019,2023,317
19019,2024,276
19019,2025,296
19021,2015,194
19021,2018,226
19021,2020,209
19021,2021,370
19021,2022,404
19021,2023,285
19021,2024,288
19021,2025,268
19023,2014,173
19023,2015,174
19023,2018,170
19023,2021,261
19023,2022,319
19023,2023,230
19023,2024,229
19025,2021,207
19025,2022,248
19025,2023,223
19025,2024,196
19027,2014,259
19027,2015,243
19027,2016,240
19027,2017,195
19027,2018,217
19027,2020,249
19027,2021,436
19027,2022,464
19027,2023,258
19027,2024,340
19027,2025,264
19029,2018,180
19029,2020,207
19029,2021,409
19029,2022,263
19029,2023,228
19029,2024,237
19031,2014,308
19031,2018,309
19031,2019,284
19031,2020,315
19031,2021,574
19031,2022,398
19031,2023,326
19031,2024,340
19033,2020,990
19033,2021,1121
19033,2022,897
19033,2023,931
19033,2024,758
19033,2025,808
19035,2014,121
19035,2016,148
19035,2017,175
19035,2018,188
19035,2019,223
19035,2020,207
19035,2021,311
19035,2022,231
19035,2023,241
19035,2024,258
19035,2025,198
19037,2020,133
19037,2021,304
19037,2022,236
19037,2023,211
19037,2024,215
19037,2025,194
19039,2021,238
19039,2022,208
19039,2023,153
19039,2024,157
19041,2014,237
19041,2018,271
19041,2019,267
19041,2020,319
19041,2021,375
19041,2022,400
19041,2023,327
19041,2024,367
19041,2025,273
19043,2015,219
19043,2018,238
19043,2020,233
19043,2021,381
19043,2022,381
19043,2023,312
19043,2024,271
19043,2025,288
19045,2014,497
19045,2015,525
19045,2016,426
19045,2017,360
19045,2018,505
19045,2019,390
19045,2020,380
19045,2021,792
19045,2022,694
19045,2023,609
19045,2024,838
19045,2025,864
19047,2015,131
19047,2017,134
19047,2021,324
19047,2022,367
19047,2023,243
19047,2024,286
19047,2025,253
19049,2014,1821
19049,2015,2011
19049,2016,2754
19049,2017,2805
19049,2018,3056
19049,2019,2893
19049,2020,3324
19049,2021,4068
19049,2022,3506
19049,2023,2840
19051,2014,82
19051,2015,115
19051,2018,96
19051,2021,89
19051,2022,148
19051,2023,153
19051,2024,166
19051,2025,153
19053,2020,99
19053,2021,202
19053,2022,171
19053,2023,142
19053,2024,134
19055,2014,196
19055,2015,207
19055,2016,161
19055,2017,170
19055,2018,271
19055,2019,265
19055,2020,297
19055,2021,337
19055,2022,395
19055,2023,306
19055,2024,334
19055,2025,289
19057,2014,628
19057,2015,497
19057,2016,407
19057,2017,486
19057,2018,635
19057,2019,557
19057,2020,672
19057,2021,898
19057,2022,859
19057,2023,697
19057,2024,768
19057,2025,661
19059,2013,543
19059,2014,427
19059,2015,498
19059,2016,266
19059,2018,386
19059,2019,471
19059,2020,364
19059,2021,803
19059,2022,671
19059,2023,644
19059,2024,566
19059,2025,581
19061,2014,1462
19061,2015,1259
19061,2018,1219
19061,2019,1626
19061,2020,1814
19061,2021,1987
19061,2022,1889
19061,2023,1547
19061,2024,1469
19061,2025,1479
19063,2014,96
19063,2015,85
19063,2018,111
19063,2019,96
19063,2020,123
19063,2021,237
19063,2022,212
19063,2023,177
19063,2024,203
19063,2025,152
19065,2017,151
19065,2018,327
19065,2019,316
19065,2020,314
19065,2021,453
19065,2022,466
19065,2023,421
19065,2024,380
19065,2025,335
19067,2014,215
19067,2015,192
19067,2016,149
19067,2017,153
19067,2018,210
19067,2019,175
19067,2020,198
19067,2021,378
19067,2022,316
19067,2023,281
19067,2024,269
19067,2025,247
19069,2020,103
19069,2021,214
19069,2022,234
19069,2023,159
19069,2024,148
19069,2025,162
19071,2019,102
19071,2020,94
19071,2021,208
19071,2022,181
19071,2023,141
19071,2024,145
19071,2025,129
19073,2015,127
19073,2018,117
19073,2019,90
19073,2020,127
19073,2021,228
19073,2022,201
19073,2023,190
19073,2024,164
19073,2025,162
19075,2015,89
19075,2018,156
19075,2019,127
19075,2020,161
19075,2021,253
19075,2022,287
19075,2023,223
19075,2024,215
19075,2025,206
19077,2014,114
19077,2015,180
19077,2020,164
19077,2021,334
19077,2022,332
19077,2023,254
19077,2024,274
19077,2025,222
19079,2015,118
19079,2016,202
19079,2017,265
19079,2018,238
19079,2019,252
19079,2020,271
19079,2021,305
19079,2022,271
19079,2023,240
19079,2024,198
19079,2025,120
19081,2014,134
19081,2015,119
19081,2018,159
19081,2020,140
19081,2021,255
19081,2022,209
19081,2023,167
19081,2024,203
19081,2025,190
19083,2014,120
19083,2015,174
19083,2016,260
19083,2017,291
19083,2018,289
19083,2019,331
19083,2020,262
19083,2021,330
19083,2022,296
19083,2023,268
19083,2024,272
19083,2025,165
19085,2018,227
19085,2019,211
19085,2020,232
19085,2021,405
19085,2022,320
19085,2023,275
19085,2024,284
19085,2025,250
19087,2014,203
19087,2015,187
19087,2018,261
19087,2019,198
19087,2021,341
19087,2022,357
19087,2023,300
19087,2024,302
19087,2025,267
19089,2014,104
19089,2015,92
19089,2017,82
19089,2018,134
19089,2019,152
19089,2020,170
19089,2021,211
19089,2022,206
19089,2023,169
19089,2024,150
19089,2025,119
19091,2018,121
19091,2020,120
19091,2021,225
19091,2022,167
19091,2023,150
19091,2024,172
19091,2025,168
19093,2018,80
19093,2020,73
19093,2021,167
19093,2022,124
19093,2023,122
19093,2024,122
19095,2014,196
19095,2015,161
19095,2016,221
19095,2017,264
19095,2018,241
19095,2019,223
19095,2020,294
19095,2021,271
19095,2022,274
19095,2023,228
19095,2024,225
19095,2025,238
19097,2014,171
19097,2015,250
19097,2018,252
19097,2020,192
19097,2021,334
19097,2022,380
19097,2023,301
19097,2024,289
19097,2025,297
19099,2014,291
19099,2015,301
19099,2017,280
19099,2018,439
19099,2019,278
19099,2020,589
19099,2021,752
19099,2022,821
19099,2023,721
19099,2024,674
19099,2025,678
19101,2014,132
19101,2015,128
19101,2018,190
19101,2020,201
19101,2021,373
19101,2022,376
19101,2023,316
19101,2024,283
19101,2025,281
19103,2014,2355
19103,2015,2475
19103,2016,1905
19103,2017,1969
19103,2018,2825
19103,2019,2714
19103,2020,2858
19103,2021,3393
19103,2022,2741
19103,2023,2354
19103,2024,2385
19103,2025,2425
19105,2013,184
19105,2014,158
19105,2015,175
19105,2016,147
19105,2017,153
19105,2018,216
19105,2019,199
19105,2020,263
19105,2021,354
19105,2022,378
19105,2023,345
19105,2024,339
19105,2025,282
19107,2021,246
19107,2022,209
19107,2023,181
19107,2024,161
19107,2025,164
19109,2014,218
19109,2015,211
19109,2018,206
19109,2019,186
19109,2020,231
19109,2021,263
19109,2022,340
19109,2023,273
19109,2024,269
19109,2025,283
19111,2014,233
19111,2015,254
19111,2016,208
19111,2017,277
19111,2018,443
19111,2019,491
19111,2020,468
19111,2021,643
19111,2022,672
19111,2023,537
19111,2024,595
19111,2025,559
19113,2013,4101
19113,2014,3605
19113,2015,3839
19113,2017,2399
19113,2018,4821
19113,2019,4596
19113,2020,4711
19113,2021,5641
19113,2022,5102
19113,2023,4157
19113,2025,4070
19115,2015,103
19115,2016,78
19115,2017,117
19115,2018,129
19115,2019,129
19115,2020,146
19115,2021,173
19115,2022,203
19115,2023,138
19115,2024,126
19115,2025,156
19117,2015,99
19117,2018,119
19117,2019,114
19117,2021,258
19117,2022,263
19117,2023,190
19117,2024,189
19119,2014,150
19119,2015,137
19119,2018,145
19119,2019,147
19119,2020,103
19119,2021,216
19119,2022,168
19119,2023,194
19119,2024,209
19119,2025,173
19121,2014,268
19121,2015,248
19121,2016,193
19121,2017,219
19121,2018,286
19121,2019,239
19121,2020,320
19121,2021,326
19121,2022,325
19121,2023,295
19121,2024,282
19121,2025,235
19123,2014,241
19123,2015,203
19123,2016,171
19123,2017,134
19123,2018,288
19123,2019,280
19123,2020,344
19123,2021,293
19123,2022,320
19123,2023,314
19123,2024,337
19123,2025,326
19125,2020,649
19125,2021,789
19125,2022,732
19125,2023,659
19125,2024,675
19125,2025,459
19127,2020,499
19127,2021,728
19127,2022,761
19127,2023,630
19127,2024,635
19127,2025,568
19129,2018,247
19129,2019,220
19129,2020,251
19129,2021,436
19129,2022,371
19129,2023,305
19129,2024,269
19129,2025,287
19131,2020,119
19131,2021,260
19131,2022,253
19131,2023,196
19131,2024,196
19131,2025,178
19133,2014,108
19133,2015,96
19133,2018,107
19133,2019,116
19133,2021,235
19133,2022,211
19133,2023,147
19133,2024,191
19135,2014,126
19135,2015,84
19135,2018,100
19135,2019,87
19135,2020,81
19135,2021,75
19135,2022,154
19135,2023,129
19135,2024,140
19137,2014,108
19137,2015,85
19137,2017,80
19137,2018,153
19137,2019,112
19137,2021,71
19137,2022,117
19137,2023,195
19137,2024,198
19137,2025,143
19139,2014,540
19139,2015,434
19139,2016,701
19139,2017,694
19139,2018,631
19139,2019,608
19139,2020,715
19139,2021,760
19139,2022,825
19139,2023,668
19139,2024,673
19139,2025,541
19141,2014,145
19141,2015,162
19141,2016,190
19141,2017,162
19141,2018,165
19141,2019,167
19141,2020,256
19141,2021,357
19141,2022,341
19141,2023,292
19141,2024,287
19141,2025,235
19143,2021,144
19143,2022,137
19143,2023,108
19143,2024,103
19143,2025,98
19145,2020,137
19145,2021,347
19145,2022,412
19145,2023,263
19145,2024,348
19145,2025,262
19147,2020,165
19147,2021,231
19147,2022,230
19147,2023,161
19147,2024,153
19147,2025,165
19149,2020,395
19149,2021,464
19149,2022,408
19149,2023,352
19149,2024,360
19149,2025,409
19151,2014,71
19151,2015,79
19151,2016,65
19151,2017,81
19151,2018,114
19151,2019,131
19151,2020,89
19151,2021,107
19151,2022,126
19151,2023,106
19151,2024,132
19151,2025,115
19153,2014,8733
19153,2015,9553
19153,2016,7272
19153,2017,8593
19153,2018,11125
19153,2019,10631
19153,2020,11767
19153,2021,12963
19153,2022,11130
19153,2023,9178
19153,2025,9231
19155,2014,662
19155,2017,1543
19155,2018,1537
19155,2019,1579
19155,2020,1725
19155,2021,2011
19155,2022,1712
19155,2023,1506
19155,2024,1623
19155,2025,1503
19157,2014,236
19157,2015,208
19157,2016,173
19157,2018,251
19157,2019,229
19157,2020,270
19157,2021,438
19157,2022,400
19157,2023,325
19157,2024,332
19157,2025,330
19159,2014,76
19159,2021,125
19159,2022,113
19159,2023,118
19159,2024,107
19159,2025,129
19161,2021,181
19161,2022,220
19161,2023,177
19161,2024,217
19161,2025,209
19163,2012,2631
19163,2014,2839
19163,2015,2199
19163,2016,1660
19163,2017,1971
19163,2018,2440
19163,2019,1248
19163,2020,3288
19163,2021,4332
19163,2022,3951
19163,2023,3161
19163,2024,3177
19163,2025,2822
19165,2014,108
19165,2018,126
19165,2021,247
19165,2022,258
19165,2023,187
19165,2024,198
19165,2025,203
19167,2014,404
19167,2018,518
19167,2019,395
19167,2020,525
19167,2021,669
19167,2022,661
19167,2023,584
19167,2024,603
19167,2025,559
19169,2014,1213
19169,2015,1208
19169,2016,921
19169,2017,759
19169,2018,1217
19169,2019,1065
19169,2020,1431
19169,2021,1624
19169,2022,1615
19169,2023,1212
19169,2024,1229
19169,2025,1211
19171,2014,188
19171,2015,157
19171,2018,178
19171,2021,282
19171,2022,344
19171,2023,281
19171,2024,262
19173,2020,95
19173,2021,176
19173,2022,143
19173,2023,122
19173,2024,91
19175,2014,125
19175,2015,121
19175,2018,111
19175,2019,127
19175,2020,172
19175,2021,311
19175,2022,273
19175,2023,222
19175,2024,244
19175,2025,199
19177,2021,146
19177,2022,143
19177,2023,110
19177,2024,100
19177,2025,106
19179,2014,521
19179,2015,425
19179,2016,305
19179,2017,291
19179,2018,526
19179,2019,429
19179,2020,528
19179,2021,714
19179,2022,749
19179,2023,610
19179,2024,685
19179,2025,602
19181,2014,805
19181,2016,884
19181,2017,500
19181,2019,1083
19181,2020,1262
19181,2021,1337
19181,2022,1293
19181,2023,1117
19181,2025,1094
19183,2014,280
19183,2015,275
19183,2016,203
19183,2017,225
19183,2018,310
19183,2019,234
19183,2020,293
19183,2021,481
19183,2022,501
19183,2023,390
19183,2024,346
19183,2025,384
19185,2021,126
19185,2022,173
19185,2023,141
19185,2024,136
19187,2014,498
19187,2015,479
19187,2016,365
19187,2017,298
19187,2018,598
19187,2019,504
19187,2020,586
19187,2021,824
19187,2022,830
19187,2023,597
19187,2024,702
19187,2025,611
19189,2014,117
19189,2015,94
19189,2018,98
19189,2020,79
19189,2021,230
19189,2022,220
19189,2023,196
19189,2024,217
19189,2025,161
19191,2014,163
19191,2015,217
19191,2016,145
19191,2017,125
19191,2018,202
19191,2019,237
19191,2020,287
19191,2021,344
19191,2022,333
19191,2023,253
19191,2024,241
19191,2025,271
19193,2014,1453
19193,2015,910
19193,2016,858
19193,2017,853
19193,2018,1562
19193,2019,1125
19193,2020,1553
19193,2021,1896
19193,2022,1954
19193,2023,1518
19193,2024,1522
19193,2025,1315
19195,2018,87
19195,2019,76
19195,2020,61
19195,2021,140
19195,2022,140
19195,2023,100
19195,2024,129
19195,2025,108
19197,2015,143
19197,2018,183
19197,2019,173
19197,2021,117
19197,2022,291
19197,2023,254
19197,2024,224
19197,2025,234
20001,2014,66
20001,2015,73
20001,2016,83
20001,2017,79
20001,2018,100
20001,2019,100
20001,2020,113
20001,2021,134
20001,2022,83
20001,2023,94
20001,2024,116
20001,2025,68
20003,2014,63
20003,2015,85
20003,2016,78
20003,2017,95
20003,2018,146
20003,2019,125
20003,2020,132
20003,2021,206
20003,2022,51
20007,2020,100
20007,2021,131
20007,2022,61
20009,2019,354
20009,2020,456
20009,2021,664
20009,2022,189
20011,2014,109
20011,2015,112
20011,2016,140
20011,2017,138
20011,2018,198
20011,2019,150
20011,2020,183
20011,2021,253
20011,2022,241
20011,2023,113
20011,2024,116
20013,2014,38
20013,2015,48
20013,2016,44
20013,2017,49
20013,2018,50
20013,2019,51
20013,2020,80
20013,2021,113
20013,2022,98
20013,2023,72
20013,2024,64
20013,2025,74
20015,2017,1025
20015,2018,1107
20015,2019,1165
20015,2020,1215
20015,2021,1415
20015,2022,805
20015,2023,1059
20015,2024,995
20015,2025,890
20017,2015,22
20017,2017,20
20017,2018,21
20017,2019,24
20017,2020,31
20017,2021,38
20017,2022,35
20017,2023,20
20017,2024,20
20017,2025,13
20019,2014,27
20019,2015,34
20019,2016,38
20019,2017,63
20019,2018,54
20019,2019,66
20019,2020,75
20019,2021,109
20019,2022,33
20021,2014,174
20021,2015,202
20021,2016,200
20021,2017,239
20021,2018,300
20021,2019,343
20021,2020,428
20021,2021,108
20023,2014,35
20023,2015,21
20023,2016,28
20023,2017,37
20023,2018,44
20023,2019,76
20023,2020,68
20023,2021,89
20023,2022,29
20025,2015,25
20025,2016,30
20025,2017,38
20025,2018,39
20025,2019,29
20025,2020,29
20025,2021,62
20025,2022,29
20027,2018,102
20027,2019,139
20027,2020,158
20027,2021,215
20027,2022,61
20029,2018,97
20029,2019,142
20029,2020,176
20029,2021,69
20031,2014,85
20031,2015,70
20031,2016,100
20031,2017,102
20031,2018,99
20031,2019,139
20031,2020,186
20031,2021,194
20031,2022,58
20035,2015,129
20035,2016,295
20035,2017,295
20035,2018,294
20035,2019,361
20035,2020,392
20035,2021,473
20037,2014,244
20037,2015,282
20037,2016,290
20037,2017,301
20037,2018,416
20037,2019,451
20037,2020,477
20037,2021,618
20037,2022,581
20037,2023,385
20037,2024,390
20037,2025,237
20041,2020,269
20041,2021,151
20045,2014,1112
20045,2015,723
20045,2016,1451
20045,2017,1272
20045,2018,1264
20045,2019,1466
20045,2020,1606
20045,2021,1975
20045,2022,1261
20045,2023,704
20045,2024,889
20045,2025,953
20053,2018,50
20053,2019,106
20053,2020,128
20053,2021,128
20053,2022,47
20055,2018,415
20055,2019,413
20055,2020,469
20055,2021,502
20055,2022,388
20055,2023,245
20055,2024,284
20055,2025,270
20059,2020,302
20059,2021,638
20059,2022,211
20061,2017,466
20061,2018,422
20061,2019,446
20061,2020,546
20061,2021,713
20061,2022,619
20061,2023,461
20061,2024,468
20061,2025,334
20063,2014,23
20063,2015,33
20063,2016,30
20063,2017,41
20063,2018,33
20063,2019,37
20063,2020,52
20063,2021,44
20063,2022,17
20065,2014,26
20065,2015,30
20065,2016,23
20065,2017,32
20065,2018,27
20065,2019,51
20065,2020,53
20065,2021,69
20065,2022,22
20069,2014,35
20069,2015,38
20069,2016,42
20069,2017,51
20069,2018,44
20069,2019,52
20069,2020,58
20069,2021,59
20069,2022,66
20069,2023,49
20069,2024,40
20073,2017,42
20073,2018,56
20073,2019,41
20073,2020,49
20073,2021,82
20073,2022,54
20073,2023,47
20073,2024,40
20073,2025,45
20075,2014,13
20075,2015,25
20075,2016,30
20075,2017,12
20075,2018,35
20075,2019,30
20075,2020,43
20075,2021,47
20075,2022,18
20079,2016,288
20079,2017,456
20079,2018,489
20079,2019,435
20079,2020,540
20079,2021,706
20079,2022,198
20085,2017,118
20085,2018,167
20085,2019,167
20085,2020,223
20085,2021,118
20087,2014,158
20087,2015,216
20087,2016,257
20087,2017,247
20087,2018,265
20087,2019,219
20087,2020,283
20087,2021,267
20087,2022,202
20087,2023,203
20087,2024,211
20087,2025,124
20089,2014,44
20089,2015,60
20089,2016,53
20089,2017,57
20089,2018,70
20089,2019,62
20089,2020,81
20089,2021,28
20091,2013,8872
20091,2015,8728
20091,2016,4044
20091,2017,8073
20091,2018,9542
20091,2019,8924
20091,2020,9226
20091,2021,9573
20091,2022,7160
20091,2023,4890
20091,2024,6350
20099,2019,290
20099,2020,351
20099,2021,132
20103,2014,665
20103,2015,795
20103,2016,873
20103,2017,1013
20103,2018,1435
20103,2019,1338
20103,2020,1435
20103,2021,1182
20103,2022,1024
20103,2023,878
20103,2025,871
20105,2014,27
20105,2015,30
20105,2016,40
20105,2017,38
20105,2018,24
20105,2019,59
20105,2020,55
20105,2021,17
20107,2018,311
20107,2019,366
20107,2020,532
20107,2021,141
20109,2015,37
20109,2016,36
20109,2017,42
20109,2018,37
20109,2019,46
20109,2020,49
20109,2021,23
20111,2014,259
20111,2015,281
20111,2016,344
20111,2017,334
20111,2018,484
20111,2019,376
20111,2020,433
20111,2021,666
20111,2022,386
20111,2023,331
20111,2024,277
20111,2025,204
20113,2020,402
20113,2021,177
20115,2020,119
20115,2021,279
20115,2022,82
20119,2014,70
20119,2015,59
20119,2016,54
20119,2017,74
20119,2018,66
20119,2019,71
20119,2020,83
20119,2021,25
20121,2022,502
20121,2023,387
20121,2024,415
20121,2025,361
20123,2014,71
20123,2015,85
20123,2016,88
20123,2017,80
20123,2018,91
20123,2019,110
20123,2020,145
20123,2021,71
20125,2019,259
20125,2020,708
20125,2021,318
20133,2020,186
20133,2021,355
20133,2022,181
20135,2014,35
20135,2015,30
20135,2016,45
20135,2017,37
20135,2018,59
20135,2019,31
20135,2020,56
20135,2021,19
20137,2015,58
20137,2016,82
20137,2017,62
20137,2018,88
20137,2019,81
20137,2020,88
20137,2021,66
20141,2019,23
20141,2020,83
20141,2021,86
20141,2022,19
20145,2019,121
20145,2020,117
20145,2021,72
20147,2014,56
20147,2015,62
20147,2016,54
20147,2017,70
20147,2018,72
20147,2019,73
20147,2020,78
20147,2021,155
20149,2014,359
20149,2017,297
20149,2018,272
20149,2019,333
20149,2020,402
20149,2021,280
20149,2022,425
20149,2023,354
20149,2024,351
20149,2025,297
20151,2015,69
20151,2016,94
20151,2017,124
20151,2018,116
20151,2019,144
20151,2020,214
20151,2021,280
20151,2022,92
20159,2014,91
20159,2015,107
20159,2016,100
20159,2017,120
20159,2018,93
20159,2019,145
20159,2020,189
20159,2021,246
20159,2022,88
20161,2017,618
20161,2018,956
20161,2019,858
20161,2020,1107
20161,2021,270
20163,2014,52
20163,2015,58
20163,2016,47
20163,2017,51
20163,2018,75
20163,2019,80
20163,2020,97
20163,2021,123
20163,2022,37
20165,2014,47
20165,2015,38
20165,2016,39
20165,2017,38
20165,2018,51
20165,2019,50
20165,2020,62
20165,2021,80
20165,2022,26
20167,2017,100
20167,2018,124
20167,2019,130
20167,2020,171
20167,2021,227
20167,2022,74
20169,2017,610
20169,2018,494
20169,2019,586
20169,2020,742
20169,2021,886
20169,2022,762
20169,2023,580
20169,2024,698
20173,2018,7277
20173,2019,7977
20173,2020,8942
20173,2021,9913
20173,2022,7631
20173,2023,6245
20173,2025,6755
20175,2017,118
20175,2018,221
20175,2019,231
20175,2020,268
20175,2021,329
20175,2022,107
20177,2014,1877
20177,2017,2178
20177,2018,2439
20177,2019,2228
20177,2020,2628
20177,2021,2669
20177,2022,2633
20177,2023,2148
20181,2017,81
20181,2018,95
20181,2019,82
20181,2020,137
20181,2021,152
20185,2016,59
20185,2017,57
20185,2018,60
20185,2019,71
20185,2020,76
20185,2021,99
20185,2022,40
20187,2014,16
20187,2015,7
20187,2016,21
20187,2017,27
20187,2018,20
20187,2019,27
20187,2020,28
20187,2021,42
20187,2022,12
20189,2019,62
20189,2020,84
20189,2021,85
20189,2022,22
20191,2020,442
20193,2015,103
20193,2016,86
20193,2017,100
20193,2018,116
20193,2019,101
20193,2020,142
20193,2021,186
20193,2022,61
20197,2014,56
20197,2015,54
20197,2016,77
20197,2017,72
20197,2018,92
20197,2019,79
20197,2020,70
20197,2021,100
20197,2022,89
20197,2023,63
20197,2024,79
20197,2025,48
20203,2014,14
20203,2015,20
20203,2016,21
20203,2017,28
20203,2018,26
20203,2019,35
20203,2020,43
20203,2021,32
20205,2017,67
20205,2018,125
20205,2019,160
20205,2020,198
20205,2021,77
20207,2014,53
20207,2015,38
20207,2016,40
20207,2017,46
20207,2018,47
20207,2019,55
20207,2020,60
20207,2021,88
20207,2022,36
20209,2014,1189
20209,2015,1695
20209,2016,1711
20209,2017,1733
20209,2018,2512
20209,2019,1744
20209,2020,1825
20209,2021,2092
20209,2022,1963
20209,2023,1595
20209,2024,1821
21001,2013,231
21001,2016,275
21001,2017,274
21001,2018,369
21001,2019,346
21001,2020,239
21001,2021,486
21001,2022,642
21001,2023,610
21001,2024,502
21003,2012,357
21003,2015,236
21003,2016,234
21003,2017,224
21003,2018,335
21003,2019,268
21003,2020,375
21003,2021,431
21003,2022,313
21003,2023,298
21003,2024,356
21003,2025,181
21005,2013,405
21005,2014,407
21005,2015,439
21005,2016,260
21005,2017,470
21005,2018,526
21005,2019,575
21005,2020,537
21005,2021,655
21005,2022,637
21005,2023,625
21005,2024,456
21007,2013,77
21007,2015,60
21007,2017,101
21007,2018,118
21007,2019,130
21007,2020,87
21007,2021,86
21007,2022,167
21007,2023,144
21007,2024,137
21007,2025,146
21009,2014,731
21009,2015,655
21009,2016,539
21009,2017,566
21009,2018,557
21009,2019,291
21009,2020,713
21009,2021,924
21009,2022,827
21009,2023,684
21009,2024,677
21009,2025,491
21011,2013,120
21011,2015,120
21011,2017,167
21011,2018,171
21011,2019,152
21011,2020,133
21011,2021,215
21011,2022,271
21011,2023,348
21011,2024,240
21013,2011,165
21013,2016,252
21013,2017,243
21013,2018,257
21013,2019,284
21013,2020,298
21013,2021,322
21013,2022,528
21013,2023,417
21013,2024,398
21015,2013,2221
21015,2015,2317
21015,2017,2675
21015,2018,2879
21015,2019,2856
21015,2020,3074
21015,2021,3295
21015,2022,2868
21015,2023,2267
21015,2024,2337
21015,2025,1881
21017,2011,162
21017,2014,256
21017,2016,257
21017,2017,310
21017,2018,315
21017,2019,378
21017,2020,331
21017,2021,465
21017,2022,463
21017,2023,433
21017,2024,356
21019,2012,581
21019,2015,370
21019,2016,611
21019,2017,733
21019,2018,811
21019,2019,659
21019,2020,754
21019,2021,1127
21019,2022,1262
21019,2023,1172
21019,2024,884
21021,2012,511
21021,2020,307
21021,2021,447
21021,2022,353
21021,2023,361
21021,2024,423
21023,2013,149
21023,2015,130
21023,2016,130
21023,2017,169
21023,2018,174
21023,2019,146
21023,2020,146
21023,2021,155
21023,2022,145
21023,2023,117
21023,2024,61
21025,2011,67
21025,2016,58
21025,2017,55
21025,2018,84
21025,2019,74
21025,2021,162
21025,2022,219
21025,2023,206
21025,2024,166
21027,2013,291
21027,2015,219
21027,2016,257
21027,2017,444
21027,2018,480
21027,2019,555
21027,2020,472
21027,2021,780
21027,2022,848
21027,2023,769
21027,2024,609
21027,2025,588
21029,2017,1765
21029,2018,1759
21029,2019,1915
21029,2020,1910
21029,2021,2198
21029,2022,1887
21029,2023,1548
21029,2024,1457
21031,2015,150
21031,2018,180
21031,2019,169
21031,2020,178
21031,2021,453
21031,2022,395
21031,2023,383
21031,2024,223
21031,2025,180
21033,2013,161
21033,2018,134
21033,2019,129
21033,2020,137
21033,2021,301
21033,2022,366
21033,2023,354
21033,2024,238
21035,2011,446
21035,2015,472
21035,2016,511
21035,2017,732
21035,2018,751
21035,2019,685
21035,2020,759
21035,2021,1115
21035,2022,1021
21035,2023,834
21035,2024,781
21037,2016,1675
21037,2017,1788
21037,2018,2010
21037,2019,2094
21037,2020,2112
21037,2021,2430
21037,2022,2444
21037,2023,1900
21037,2024,1803
21039,2016,39
21039,2017,38
21039,2018,39
21039,2019,32
21039,2020,39
21039,2021,78
21039,2022,45
21039,2023,41
21039,2024,41
21039,2025,38
21041,2013,91
21041,2014,75
21041,2016,188
21041,2017,216
21041,2018,227
21041,2019,268
21041,2020,126
21041,2021,211
21041,2022,260
21041,2023,246
21041,2024,214
21041,2025,177
21043,2014,230
21043,2015,165
21043,2016,289
21043,2017,297
21043,2018,305
21043,2019,348
21043,2020,286
21043,2021,458
21043,2022,508
21043,2023,527
21043,2024,336
21045,2019,152
21045,2020,272
21045,2021,268
21045,2022,302
21045,2023,224
21047,2013,798
21047,2014,805
21047,2015,671
21047,2016,913
21047,2017,1032
21047,2018,1026
21047,2019,1210
21047,2020,1301
21047,2021,1595
21047,2022,1607
21047,2023,1457
21047,2024,1157
21047,2025,1091
21049,2013,531
21049,2015,476
21049,2016,750
21049,2017,665
21049,2018,558
21049,2019,806
21049,2020,699
21049,2021,705
21049,2022,666
21049,2023,509
21049,2024,620
21051,2018,129
21051,2019,120
21051,2021,211
21051,2022,285
21051,2023,281
21051,2024,164
21053,2013,62
21053,2015,73
21053,2018,108
21053,2019,110
21053,2020,50
21053,2021,160
21053,2022,181
21053,2023,174
21053,2024,122
21055,2013,88
21055,2014,86
21055,2016,78
21055,2018,132
21055,2019,132
21055,2020,101
21055,2021,158
21055,2022,218
21055,2023,259
21055,2024,201
21057,2011,86
21057,2015,135
21057,2016,185
21057,2017,149
21057,2018,136
21057,2019,157
21057,2020,164
21057,2021,204
21057,2022,206
21057,2023,129
21057,2024,138
21059,2014,767
21059,2015,1886
21059,2017,1478
21059,2018,1698
21059,2019,2052
21059,2020,1633
21059,2021,1879
21059,2022,1867
21059,2023,1478
21059,2024,1620
21059,2025,795
21061,2013,154
21061,2015,198
21061,2016,183
21061,2017,286
21061,2018,311
21061,2019,295
21061,2020,182
21061,2021,417
21061,2022,500
21061,2023,500
21061,2024,336
21063,2014,24
21063,2016,33
21063,2017,35
21063,2018,46
21063,2019,54
21063,2020,46
21063,2021,60
21063,2022,113
21063,2023,101
21063,2024,70
21065,2013,136
21065,2014,151
21065,2015,154
21065,2016,182
21065,2017,178
21065,2018,196
21065,2019,246
21065,2020,273
21065,2021,296
21065,2022,470
21065,2023,406
21065,2024,222
21065,2025,246
21067,2012,5623
21067,2014,6252
21067,2015,6829
21067,2017,7707
21067,2018,7078
21067,2019,7490
21067,2020,7068
21067,2021,7571
21067,2022,6431
21067,2023,5195
21067,2024,5127
21067,2025,4090
21069,2012,140
21069,2015,196
21069,2016,186
21069,2017,241
21069,2018,268
21069,2019,246
21069,2020,272
21069,2021,357
21069,2022,448
21069,2023,459
21069,2024,254
21069,2025,262
21071,2017,243
21071,2018,205
21071,2019,254
21071,2020,226
21071,2021,434
21071,2022,706
21071,2023,727
21071,2024,475
21071,2025,452
21073,2017,620
21073,2018,663
21073,2020,157
21073,2021,185
21073,2022,360
21073,2023,253
21073,2024,546
21073,2025,560
21075,2013,64
21075,2015,82
21075,2016,81
21075,2017,108
21075,2018,94
21075,2019,102
21075,2020,101
21075,2021,146
21075,2022,158
21075,2023,169
21075,2024,130
21075,2025,98
21077,2014,123
21077,2016,208
21077,2017,166
21077,2018,221
21077,2019,201
21077,2020,71
21077,2021,252
21077,2022,204
21077,2023,176
21077,2024,205
21077,2025,183
21079,2012,166
21079,2016,202
21079,2018,212
21079,2019,257
21079,2020,231
21079,2021,446
21079,2022,465
21079,2023,444
21079,2024,316
21079,2025,291
21081,2012,241
21081,2014,278
21081,2017,402
21081,2018,384
21081,2019,462
21081,2020,446
21081,2021,575
21081,2022,641
21081,2023,527
21081,2024,461
21081,2025,457
21083,2013,431
21083,2015,416
21083,2016,526
21083,2017,496
21083,2018,495
21083,2019,508
21083,2020,620
21083,2021,630
21083,2022,703
21083,2023,581
21083,2024,303
21085,2013,686
21085,2014,370
21085,2015,713
21085,2016,891
21085,2017,1013
21085,2018,256
21085,2019,742
21085,2020,959
21085,2021,837
21085,2022,936
21085,2023,712
21085,2024,712
21085,2025,662
21087,2013,108
21087,2015,98
21087,2018,168
21087,2019,149
21087,2020,106
21087,2021,249
21087,2022,341
21087,2023,291
21087,2024,202
21087,2025,204
21089,2011,324
21089,2014,428
21089,2015,441
21089,2016,360
21089,2017,402
21089,2018,515
21089,2019,633
21089,2020,572
21089,2021,732
21089,2022,855
21089,2023,963
21089,2024,607
21089,2025,607
21091,2012,139
21091,2014,111
21091,2015,85
21091,2016,71
21091,2017,80
21091,2018,93
21091,2019,77
21091,2020,104
21091,2021,118
21091,2022,118
21091,2023,86
21091,2024,94
21091,2025,59
21093,2012,1438
21093,2015,1075
21093,2016,2097
21093,2017,2324
21093,2018,2234
21093,2019,2299
21093,2020,2544
21093,2021,2759
21093,2022,2771
21093,2023,2554
21093,2024,1968
21095,2013,86
21095,2017,209
21095,2018,226
21095,2019,221
21095,2020,219
21095,2021,81
21097,2013,143
21097,2017,278
21097,2018,295
21097,2019,303
21097,2020,372
21097,2021,502
21097,2022,426
21097,2023,340
21097,2024,295
21097,2025,253
21101,2014,470
21101,2016,539
21101,2017,693
21101,2018,660
21101,2019,717
21101,2020,704
21101,2021,914
21101,2022,890
21101,2023,878
21101,2024,688
21101,2025,653
21103,2013,197
21103,2014,196
21103,2015,215
21103,2016,202
21103,2017,246
21103,2018,260
21103,2019,291
21103,2020,300
21103,2021,381
21103,2022,435
21103,2023,368
21103,2024,313
21103,2025,245
21105,2011,77
21105,2017,89
21105,2018,58
21105,2019,62
21105,2020,82
21105,2021,86
21105,2022,76
21107,2014,434
21107,2015,475
21107,2016,521
21107,2017,686
21107,2018,756
21107,2019,733
21107,2020,665
21107,2021,957
21107,2022,1114
21107,2023,649
21107,2024,584
21107,2025,625
21109,2020,78
21109,2021,267
21109,2022,234
21109,2023,266
21109,2024,167
21111,2013,12745
21111,2017,15581
21111,2018,16612
21111,2019,16487
21111,2020,15411
21111,2021,18734
21111,2022,17798
21111,2023,13302
21111,2024,12796
21113,2014,649
21113,2015,1000
21113,2016,850
21113,2017,1068
21113,2018,1121
21113,2019,1100
21113,2020,1240
21113,2021,1470
21113,2022,1325
21113,2023,957
21113,2024,872
21115,2015,172
21115,2016,173
21115,2017,175
21115,2018,225
21115,2019,304
21115,2021,393
21115,2022,423
21115,2023,371
21115,2024,283
21117,2014,2908
21117,2015,2760
21117,2017,3246
21117,2018,3720
21117,2019,3634
21117,2020,3731
21117,2021,4259
21117,2022,3964
21117,2023,2958
21117,2024,2580
21117,2025,2390
21119,2016,71
21119,2017,89
21119,2018,90
21119,2021,130
21119,2022,156
21119,2023,194
21119,2024,200
21119,2025,208
21121,2021,199
21121,2022,530
21121,2023,604
21121,2024,311
21123,2013,125
21123,2015,221
21123,2016,237
21123,2018,317
21123,2019,214
21123,2020,261
21123,2021,312
21123,2022,257
21123,2023,237
21125,2012,574
21125,2015,425
21125,2017,793
21125,2018,788
21125,2019,883
21125,2020,1050
21125,2021,986
21125,2022,1143
21125,2023,1201
21125,2024,1261
21125,2025,1234
21127,2016,169
21127,2018,166
21127,2019,163
21127,2020,157
21127,2021,183
21127,2022,189
21127,2023,145
21129,2013,59
21129,2015,92
21129,2019,103
21129,2020,77
21129,2021,132
21129,2022,128
21129,2023,89
21131,2013,37
21131,2014,24
21131,2015,37
21131,2016,51
21131,2017,54
21131,2018,48
21131,2019,53
21131,2020,68
21131,2021,50
21131,2022,62
21131,2023,51
21133,2013,111
21133,2015,75
21133,2017,116
21133,2018,155
21133,2019,141
21133,2020,155
21133,2021,175
21133,2022,228
21135,2013,122
21135,2016,120
21135,2017,175
21135,2018,182
21135,2019,161
21135,2020,87
21135,2021,248
21135,2022,331
21135,2023,248
21135,2024,187
21137,2012,221
21137,2015,266
21137,2016,329
21137,2017,410
21137,2018,400
21137,2019,453
21137,2020,474
21137,2021,410
21137,2022,645
21137,2023,661
21137,2024,424
21137,2025,400
21139,2016,72
21139,2017,81
21139,2018,114
21139,2019,93
21139,2020,112
21139,2021,122
21139,2022,129
21139,2023,105
21139,2024,123
21139,2025,49
21141,2012,269
21141,2016,323
21141,2017,586
21141,2018,499
21141,2019,531
21141,2020,445
21141,2021,439
21141,2022,666
21141,2023,600
21141,2024,449
21141,2025,593
21143,2016,113
21143,2017,204
21143,2018,210
21143,2019,233
21143,2020,205
21143,2021,405
21143,2022,338
21143,2023,372
21143,2024,256
21143,2025,234
21145,2017,1015
21145,2018,1160
21145,2019,1182
21145,2020,1211
21145,2021,1588
21145,2022,1549
21145,2023,1403
21145,2024,1429
21147,2016,116
21147,2018,164
21147,2019,204
21147,2021,350
21147,2022,371
21147,2023,368
21147,2024,223
21149,2010,46
21149,2014,53
21149,2015,63
21149,2016,60
21149,2018,79
21149,2019,88
21149,2020,84
21149,2021,90
21149,2022,78
21149,2023,86
21149,2024,91
21149,2025,41
21151,2016,961
21151,2017,1720
21151,2018,1713
21151,2019,1727
21151,2020,1836
21151,2021,2079
21151,2022,2148
21151,2023,1726
21151,2024,1507
21155,2012,184
21155,2015,182
21155,2017,252
21155,2018,176
21155,2019,341
21155,2020,360
21155,2021,477
21155,2022,460
21155,2023,487
21155,2024,322
21155,2025,367
21157,2010,315
21157,2014,320
21157,2015,293
21157,2016,431
21157,2017,524
21157,2018,486
21157,2019,497
21157,2020,565
21157,2021,413
21157,2022,688
21157,2023,590
21157,2024,521
21159,2013,40
21159,2014,34
21159,2018,51
21159,2019,49
21159,2021,81
21159,2022,114
21159,2023,108
21159,2024,80
21161,2012,247
21161,2015,275
21161,2016,253
21161,2017,255
21161,2018,305
21161,2019,206
21161,2020,251
21161,2021,276
21161,2022,261
21161,2023,196
21161,2024,212
21163,2014,287
21163,2015,371
21163,2016,357
21163,2017,399
21163,2018,428
21163,2019,449
21163,2020,492
21163,2021,833
21163,2022,918
21163,2023,925
21163,2024,628
21165,2011,68
21165,2014,53
21165,2017,60
21165,2018,78
21165,2019,64
21165,2021,119
21165,2022,169
21165,2023,129
21165,2024,71
21167,2010,288
21167,2014,325
21167,2015,369
21167,2016,375
21167,2017,422
21167,2018,500
21167,2019,529
21167,2020,491
21167,2021,690
21167,2022,807
21167,2023,643
21167,2024,504
21169,2013,94
21169,2015,80
21169,2016,94
21169,2017,100
21169,2018,107
21169,2019,141
21169,2020,131
21169,2021,262
21169,2022,220
21169,2023,248
21169,2024,191
21171,2015,139
21171,2016,62
21171,2017,125
21171,2018,110
21171,2019,102
21171,2020,95
21171,2021,96
21171,2022,105
21171,2023,91
21171,2024,118
21173,2012,363
21173,2014,161
21173,2015,306
21173,2016,480
21173,2017,525
21173,2018,513
21173,2019,432
21173,2020,379
21173,2021,418
21173,2022,356
21173,2023,311
21173,2024,333
21175,2016,71
21175,2017,98
21175,2018,88
21175,2019,90
21175,2020,86
21175,2021,114
21175,2022,165
21175,2023,168
21175,2024,185
21175,2025,194
21177,2012,305
21177,2016,418
21177,2017,470
21177,2018,376
21177,2019,493
21177,2020,414
21177,2021,622
21177,2022,894
21177,2023,637
21177,2024,572
21177,2025,450
21179,2012,670
21179,2014,508
21179,2015,819
21179,2016,651
21179,2017,842
21179,2018,902
21179,2019,910
21179,2020,888
21179,2021,1207
21179,2022,1254
21179,2023,1286
21179,2024,947
21181,2013,118
21181,2014,74
21181,2015,116
21181,2018,87
21181,2019,104
21181,2020,116
21181,2021,104
21181,2022,129
21181,2023,100
21183,2010,70
21183,2019,91
21183,2020,192
21183,2021,243
21183,2022,224
21183,2023,212
21183,2024,193
21183,2025,115
21185,2013,875
21185,2017,1519
21185,2018,1531
21185,2019,1487
21185,2020,1495
21185,2021,1554
21185,2022,1448
21185,2023,1400
21185,2024,1051
21187,2012,122
21187,2015,148
21187,2016,155
21187,2017,228
21187,2018,258
21187,2019,263
21187,2020,232
21187,2021,430
21187,2022,390
21187,2023,384
21187,2024,280
21187,2025,283
21189,2010,28
21189,2015,26
21189,2018,26
21189,2019,16
21189,2020,24
21189,2021,18
21189,2022,31
21189,2024,11
21191,2010,128
21191,2013,180
21191,2015,176
21191,2016,213
21191,2017,210
21191,2018,234
21191,2019,235
21191,2020,248
21191,2021,291
21191,2022,255
21191,2023,283
21191,2024,263
21191,2025,248
21193,2013,133
21193,2018,126
21193,2019,131
21193,2020,141
21193,2021,237
21193,2022,314
21193,2023,328
21193,2024,206
21193,2025,212
21195,2012,395
21195,2014,286
21195,2016,370
21195,2017,405
21195,2018,433
21195,2019,487
21195,2020,471
21195,2021,719
21195,2022,746
21195,2023,732
21195,2024,605
21195,2025,498
21197,2013,161
21197,2016,173
21197,2017,152
21197,2018,194
21197,2019,203
21197,2020,167
21197,2021,358
21197,2022,357
21197,2023,451
21197,2024,263
21199,2014,1401
21199,2015,1591
21199,2016,787
21199,2017,920
21199,2018,1528
21199,2019,1657
21199,2020,1596
21199,2021,1230
21199,2022,1080
21199,2023,988
21199,2024,960
21199,2025,515
21201,2013,15
21201,2015,32
21201,2017,33
21201,2018,42
21201,2019,21
21201,2020,33
21201,2021,27
21201,2022,21
21201,2023,38
21201,2024,24
21201,2025,19
21203,2016,187
21203,2017,198
21203,2018,236
21203,2019,254
21203,2020,157
21203,2021,214
21203,2022,388
21203,2023,479
21203,2024,284
21205,2013,189
21205,2014,260
21205,2016,268
21205,2017,270
21205,2018,290
21205,2019,317
21205,2020,213
21205,2021,425
21205,2022,503
21205,2023,399
21205,2024,347
21205,2025,311
21207,2015,257
21207,2016,364
21207,2017,396
21207,2018,460
21207,2019,465
21207,2020,564
21207,2021,708
21207,2022,802
21207,2023,831
21207,2024,539
21207,2025,528
21209,2011,739
21209,2014,1025
21209,2015,1263
21209,2016,1377
21209,2017,1510
21209,2018,1411
21209,2019,1502
21209,2020,1543
21209,2021,1654
21209,2022,1555
21209,2023,1267
21209,2024,1048
21211,2013,510
21211,2014,622
21211,2015,713
21211,2016,977
21211,2017,1087
21211,2018,1188
21211,2019,1114
21211,2020,1068
21211,2021,1166
21211,2022,1131
21211,2023,1027
21211,2024,771
21213,2015,213
21213,2016,300
21213,2017,369
21213,2018,396
21213,2019,421
21213,2020,377
21213,2021,523
21213,2022,504
21213,2023,497
21213,2024,304
21215,2014,196
21215,2017,424
21215,2018,480
21215,2019,397
21215,2020,463
21215,2021,475
21215,2022,434
21215,2023,404
21215,2024,289
21217,2012,284
21217,2014,304
21217,2015,233
21217,2016,282
21217,2017,402
21217,2018,451
21217,2019,427
21217,2020,350
21217,2021,630
21217,2022,634
21217,2023,646
21217,2024,490
21217,2025,389
21219,2013,244
21219,2015,198
21219,2016,250
21219,2017,250
21219,2018,204
21219,2019,173
21219,2020,132
21219,2021,114
21219,2022,119
21219,2023,199
21219,2024,264
21219,2025,257
21221,2017,358
21221,2018,350
21221,2019,370
21221,2020,319
21221,2021,611
21221,2022,771
21221,2023,838
21221,2024,588
21221,2025,566
21223,2013,86
21223,2015,85
21223,2016,90
21223,2017,96
21223,2018,137
21223,2019,163
21223,2020,104
21223,2021,189
21223,2022,206
21223,2023,181
21223,2024,131
21223,2025,112
21225,2017,160
21225,2018,192
21225,2019,187
21225,2020,167
21225,2021,229
21225,2022,272
21225,2023,247
21225,2024,186
21225,2025,155
21227,2015,2149
21227,2017,2291
21227,2018,2650
21227,2019,2453
21227,2020,2778
21227,2021,3214
21227,2022,3826
21227,2023,2809
21227,2024,1828
21229,2010,130
21229,2016,134
21229,2017,232
21229,2018,215
21229,2019,249
21229,2020,207
21229,2021,297
21229,2022,338
21229,2023,319
21229,2024,187
21229,2025,228
21231,2012,191
21231,2016,277
21231,2017,294
21231,2018,359
21231,2019,380
21231,2020,278
21231,2021,489
21231,2022,575
21231,2023,591
21231,2024,384
21231,2025,311
21233,2012,141
21233,2015,134
21233,2016,118
21233,2017,112
21233,2018,103
21233,2019,125
21233,2020,107
21233,2021,216
21233,2022,255
21233,2023,273
21233,2024,163
21233,2025,174
21235,2015,375
21235,2016,472
21235,2017,738
21235,2018,809
21235,2019,901
21235,2020,960
21235,2021,778
21235,2022,729
21235,2023,562
21235,2024,470
21237,2020,23
21237,2021,26
21237,2022,42
21237,2023,105
21237,2024,96
21237,2025,71
21239,2010,316
21239,2016,377
21239,2017,491
21239,2018,445
21239,2019,448
21239,2020,430
21239,2021,425
21239,2022,468
21239,2023,378
21239,2024,462
22001,2013,340
22001,2014,398
22001,2015,424
22001,2016,483
22001,2017,522
22001,2018,477
22001,2019,542
22001,2020,533
22001,2021,629
22001,2022,724
22001,2023,564
22001,2024,542
22003,2015,100
22003,2017,146
22003,2018,148
22003,2019,147
22003,2020,138
22003,2021,192
22003,2022,230
22003,2023,187
22003,2024,210
22005,2017,2008
22005,2018,2011
22005,2019,2675
22005,2020,3022
22005,2021,3583
22005,2022,2743
22005,2023,1799
22005,2024,1525
22007,2013,209
22007,2015,60
22007,2016,202
22007,2017,180
22007,2018,213
22007,2019,188
22007,2020,157
22007,2021,205
22007,2022,226
22007,2023,216
22007,2024,174
22009,2013,319
22009,2015,295
22009,2017,366
22009,2018,401
22009,2019,349
22009,2021,494
22009,2022,632
22009,2023,451
22009,2024,437
22011,2014,224
22011,2015,330
22011,2016,333
22011,2017,446
22011,2018,431
22011,2019,416
22011,2020,490
22011,2021,638
22011,2022,620
22011,2023,495
22011,2024,495
22013,2015,54
22013,2016,76
22013,2017,94
22013,2018,111
22013,2019,100
22013,2020,88
22013,2021,104
22013,2022,107
22013,2023,68
22015,2014,2063
22015,2015,1161
22015,2016,1982
22015,2017,2410
22015,2018,1932
22015,2019,2368
22015,2020,2634
22015,2021,2749
22015,2022,2777
22015,2023,2051
22015,2024,993
22017,2013,3340
22017,2014,3262
22017,2015,2075
22017,2017,3524
22017,2018,3529
22017,2019,3874
22017,2020,4089
22017,2021,4773
22017,2022,4522
22017,2023,3588
22017,2024,4545
22019,2015,2050
22019,2016,2194
22019,2017,2483
22019,2018,2545
22019,2019,2788
22019,2020,2801
22019,2021,3919
22019,2022,3500
22019,2023,2567
22019,2024,2469
22021,2016,68
22021,2017,116
22021,2018,108
22021,2019,108
22021,2020,127
22021,2021,123
22021,2022,112
22021,2023,105
22021,2024,70
22023,2013,85
22023,2015,80
22023,2016,95
22023,2017,78
22023,2018,76
22023,2019,77
22023,2020,58
22025,2013,124
22025,2015,81
22025,2017,117
22025,2020,87
22027,2018,96
22027,2019,131
22027,2020,129
22027,2021,113
22027,2022,132
22027,2023,118
22027,2024,136
22029,2014,161
22029,2015,149
22029,2017,182
22029,2018,206
22029,2019,162
22029,2020,57
22031,2015,270
22031,2017,283
22031,2019,304
22031,2020,305
22031,2021,461
22031,2022,831
22031,2023,318
22031,2024,286
22033,2013,6071
22033,2014,6147
22033,2015,6533
22033,2016,7914
22033,2017,8037
22033,2018,7237
22033,2019,7087
22033,2020,7827
22033,2021,9552
22033,2022,8462
22033,2023,9960
22033,2024,8624
22035,2015,24
22035,2016,36
22035,2017,42
22035,2018,33
22035,2019,29
22035,2020,37
22037,2013,111
22037,2014,121
22037,2015,122
22037,2017,180
22037,2018,158
22037,2019,129
22037,2020,188
22037,2021,179
22037,2022,206
22037,2023,118
22037,2024,132
22039,2013,374
22039,2015,270
22039,2017,201
22039,2018,215
22039,2019,356
22039,2020,234
22041,2014,128
22041,2017,186
22041,2018,191
22041,2019,179
22041,2020,96
22043,2014,135
22043,2017,278
22043,2018,193
22043,2019,259
22043,2020,155
22045,2014,323
22045,2016,272
22045,2021,758
22045,2022,573
22045,2023,624
22045,2024,521
22047,2013,254
22047,2015,235
22047,2016,225
22047,2017,265
22047,2018,273
22047,2019,305
22047,2020,310
22047,2021,331
22047,2022,342
22047,2023,255
22047,2024,267
22049,2013,157
22049,2015,111
22049,2017,156
22049,2018,111
22049,2019,133
22049,2020,144
22049,2021,126
22049,2022,185
22049,2023,137
22049,2024,180
22051,2014,5079
22051,2015,5620
22051,2016,5989
22051,2017,5839
22051,2018,5719
22051,2019,5617
22051,2020,5713
22051,2021,6656
22051,2022,6403
22051,2023,4640
22051,2024,4570
22053,2013,299
22053,2014,291
22053,2015,348
22053,2017,422
22053,2018,407
22053,2019,380
22053,2020,359
22053,2021,396
22053,2022,432
22053,2023,363
22053,2024,319
22055,2013,4539
22055,2015,3845
22055,2017,4129
22055,2018,4408
22055,2019,4513
22055,2020,5122
22055,2021,6145
22055,2022,5965
22055,2023,3865
22055,2024,3410
22057,2013,987
22057,2014,1118
22057,2015,585
22057,2016,1092
22057,2017,1063
22057,2018,1223
22057,2019,1357
22057,2020,1376
22057,2021,1303
22057,2022,1653
22057,2023,1151
22057,2024,933
22059,2013,151
22059,2017,148
22059,2018,193
22059,2019,176
22059,2020,148
22059,2021,193
22059,2022,202
22059,2023,162
22059,2024,168
22061,2013,508
22061,2015,455
22061,2017,473
22061,2018,463
22061,2019,557
22061,2020,576
22061,2021,527
22061,2024,450
22063,2017,3071
22063,2018,2684
22063,2019,3076
22063,2020,3580
22063,2021,3218
22063,2022,3139
22063,2023,2887
22063,2024,6663
22065,2014,29
22065,2015,56
22065,2016,75
22065,2017,66
22065,2018,47
22065,2019,59
22065,2020,60
22065,2021,49
22065,2022,77
22065,2023,73
22065,2024,83
22067,2017,303
22067,2018,286
22067,2019,301
22067,2020,178
22069,2013,405
22069,2014,403
22069,2015,375
22069,2018,178
22069,2019,342
22069,2020,404
22069,2021,421
22069,2022,373
22069,2023,284
22069,2024,309
22071,2013,4975
22071,2014,5234
22071,2015,5848
22071,2016,5643
22071,2017,5710
22071,2018,5636
22071,2019,6010
22071,2020,5774
22071,2021,6548
22071,2022,4359
22073,2013,1771
22073,2014,1794
22073,2015,1888
22073,2016,1862
22073,2017,1945
22073,2018,1096
22073,2019,1245
22073,2020,1746
22073,2021,2164
22073,2022,2775
22073,2023,2068
22073,2024,2041
22075,2014,178
22075,2015,208
22075,2017,221
22075,2018,196
22075,2019,224
22075,2020,244
22075,2021,238
22075,2022,374
22075,2023,213
22075,2024,206
22077,2013,190
22077,2015,215
22077,2017,229
22077,2018,191
22077,2019,222
22077,2020,241
22077,2021,287
22077,2022,185
22077,2023,233
22077,2024,193
22079,2013,1496
22079,2014,1598
22079,2015,1426
22079,2016,1604
22079,2017,1642
22079,2018,1461
22079,2019,1526
22079,2020,1676
22079,2021,2194
22079,2022,2345
22079,2023,1841
22079,2024,1743
22081,2013,35
22081,2014,34
22081,2015,37
22081,2017,37
22081,2018,51
22081,2019,55
22081,2020,48
22081,2021,40
22081,2024,20
22083,2011,74
22083,2013,123
22083,2014,146
22083,2015,180
22083,2016,167
22083,2017,159
22083,2018,143
22083,2019,160
22083,2020,92
22085,2014,307
22085,2016,316
22085,2017,335
22085,2018,324
22085,2019,353
22085,2020,386
22085,2021,475
22085,2022,427
22085,2023,358
22085,2024,257
22087,2014,465
22087,2015,535
22087,2016,607
22087,2017,728
22087,2018,743
22087,2019,739
22087,2020,766
22087,2023,523
22087,2024,445
22089,2013,584
22089,2014,592
22089,2015,612
22089,2016,631
22089,2017,798
22089,2018,768
22089,2019,815
22089,2020,746
22089,2021,733
22089,2022,840
22089,2023,508
22089,2024,490
22093,2013,157
22093,2014,127
22093,2015,125
22093,2016,166
22093,2017,182
22093,2018,149
22093,2019,161
22093,2020,86
22097,2013,675
22097,2015,822
22097,2017,787
22097,2019,1114
22097,2020,1095
22097,2021,930
22097,2022,1240
22097,2023,878
22097,2024,972
22099,2013,428
22099,2014,596
22099,2015,343
22099,2016,468
22099,2017,416
22099,2018,588
22099,2019,669
22099,2020,660
22099,2021,623
22099,2022,550
22099,2023,447
22099,2024,499
22101,2013,356
22101,2014,342
22101,2015,287
22101,2016,235
22101,2017,197
22101,2018,250
22101,2019,296
22101,2020,323
22101,2021,348
22101,2022,555
22101,2023,434
22101,2024,456
22103,2013,3645
22103,2014,4950
22103,2015,5296
22103,2016,5617
22103,2017,5911
22103,2018,5891
22103,2019,5387
22103,2020,6299
22103,2021,6690
22103,2022,6083
22103,2023,4049
22103,2024,3844
22105,2014,1255
22105,2015,1180
22105,2016,1834
22105,2017,2011
22105,2018,1911
22105,2019,2135
22105,2020,1771
22105,2021,2038
22105,2022,2446
22105,2023,1816
22105,2024,1372
22107,2013,81
22107,2014,68
22107,2015,67
22107,2017,54
22107,2018,68
22107,2019,86
22107,2020,29
22109,2013,839
22109,2014,1108
22109,2015,1204
22109,2017,1046
22109,2018,994
22109,2019,1287
22109,2020,1180
22109,2021,1629
22109,2022,1845
22109,2023,1185
22109,2024,1005
22111,2013,166
22111,2014,195
22111,2016,141
22111,2017,187
22111,2018,206
22111,2019,220
22111,2020,225
22111,2021,195
22111,2022,277
22111,2023,194
22111,2024,205
22113,2013,427
22113,2017,346
22113,2018,318
22113,2019,381
22113,2020,460
22113,2021,545
22113,2022,317
22113,2023,537
22113,2024,270
22115,2013,338
22115,2014,366
22115,2015,370
22115,2017,424
22115,2018,431
22115,2019,459
22115,2020,449
22115,2021,567
22115,2022,674
22115,2023,496
22115,2024,469
22117,2013,283
22117,2015,198
22117,2017,348
22117,2018,351
22117,2019,456
22117,2020,402
22117,2021,445
22117,2022,573
22117,2023,460
22117,2024,436
22119,2010,236
22119,2017,278
22119,2018,269
22119,2019,443
22119,2020,518
22119,2021,476
22119,2022,625
22119,2023,476
22119,2024,432
22121,2013,339
22121,2014,365
22121,2015,374
22121,2017,470
22121,2018,425
22121,2019,412
22121,2020,451
22121,2021,487
22121,2022,434
22121,2023,289
22121,2024,232
22123,2010,77
22123,2014,100
22123,2015,86
22123,2016,94
22123,2017,118
22123,2018,89
22123,2019,98
22123,2020,54
22125,2013,115
22125,2014,143
22125,2015,79
22125,2017,164
22125,2018,147
22125,2019,151
22125,2020,136
22125,2021,171
22125,2022,163
22125,2023,143
22125,2024,113
22127,2023,49
22127,2024,150
23001,2013,655
23001,2014,650
23001,2015,864
23001,2016,1137
23001,2017,1018
23001,2018,1258
23001,2019,1489
23001,2020,1487
23001,2021,1685
23001,2022,1929
23001,2023,1402
23001,2024,1517
23003,2014,259
23003,2016,428
23003,2017,400
23003,2018,497
23003,2019,548
23003,2020,675
23003,2021,829
23003,2022,967
23003,2023,639
23003,2024,577
23005,2013,2072
23005,2014,2778
23005,2015,3661
23005,2016,3957
23005,2017,4025
23005,2018,3804
23005,2019,4612
23005,2020,4368
23005,2021,4829
23005,2022,5081
23005,2023,4234
23005,2024,3958
23007,2015,172
23007,2016,227
23007,2017,253
23007,2018,274
23007,2019,346
23007,2020,368
23007,2021,404
23007,2022,628
23007,2023,490
23007,2024,488
23009,2013,211
23009,2014,362
23009,2015,417
23009,2016,533
23009,2017,608
23009,2018,595
23009,2019,639
23009,2020,707
23009,2021,661
23009,2022,774
23009,2023,614
23009,2024,653
23011,2014,844
23011,2015,1073
23011,2016,1197
23011,2017,1411
23011,2018,1495
23011,2019,1641
23011,2020,1824
23011,2021,2091
23011,2022,2066
23011,2023,1746
23011,2024,1747
23013,2013,246
23013,2014,286
23013,2015,372
23013,2016,442
23013,2017,464
23013,2018,495
23013,2019,492
23013,2020,493
23013,2021,613
23013,2022,662
23013,2023,565
23013,2024,586
23015,2013,154
23015,2014,236
23015,2015,283
23015,2016,414
23015,2017,423
23015,2018,419
23015,2019,467
23015,2020,467
23015,2021,459
23015,2022,584
23015,2023,479
23015,2024,503
23017,2015,405
23017,2016,472
23017,2017,538
23017,2018,606
23017,2019,727
23017,2020,754
23017,2021,870
23017,2022,1206
23017,2023,970
23017,2024,910
23019,2013,599
23019,2014,973
23019,2015,1127
23019,2016,1508
23019,2017,1497
23019,2018,1656
23019,2019,1804
23019,2020,1904
23019,2021,1916
23019,2022,2108
23019,2023,1879
23019,2024,1929
23021,2014,92
23021,2015,102
23021,2016,131
23021,2017,146
23021,2018,175
23021,2019,169
23021,2020,225
23021,2021,205
23021,2022,281
23021,2023,249
23021,2024,260
23023,2013,251
23023,2014,336
23023,2015,329
23023,2016,478
23023,2017,449
23023,2018,498
23023,2019,494
23023,2020,546
23023,2021,512
23023,2022,586
23023,2023,497
23023,2024,511
23023,2025,231
23025,2014,232
23025,2015,303
23025,2016,407
23025,2017,451
23025,2018,455
23025,2019,566
23025,2020,588
23025,2021,654
23025,2022,730
23025,2023,633
23025,2024,584
23027,2013,177
23027,2014,233
23027,2015,260
23027,2016,306
23027,2017,307
23027,2018,293
23027,2019,354
23027,2020,377
23027,2021,452
23027,2022,520
23027,2023,406
23027,2024,503
23029,2015,146
23029,2016,168
23029,2017,202
23029,2018,218
23029,2019,224
23029,2020,300
23029,2021,350
23029,2022,534
23029,2023,398
23029,2024,318
23031,2013,1441
23031,2014,1902
23031,2015,2455
23031,2016,2917
23031,2017,3249
23031,2018,3300
23031,2019,3635
23031,2020,3915
23031,2021,4125
23031,2022,4024
23031,2023,3213
23031,2024,3534
24001,2014,737
24001,2015,679
24001,2016,887
24001,2017,994
24001,2018,1003
24001,2019,1088
24001,2020,1094
24001,2021,1410
24001,2022,1298
24001,2023,1156
24001,2024,1185
24001,2025,1003
24003,2014,8196
24003,2015,8814
24003,2016,12005
24003,2017,11886
24003,2018,11649
24003,2019,12423
24003,2020,12628
24003,2021,15615
24003,2022,12008
24003,2023,8362
24003,2024,8667
24003,2025,7657
24005,2014,9498
24005,2015,10513
24005,2016,12570
24005,2017,13200
24005,2018,12696
24005,2019,12926
24005,2020,11730
24005,2021,16153
24005,2022,15422
24005,2023,11833
24005,2024,11943
24005,2025,9760
24009,2014,1291
24009,2015,1496
24009,2016,1846
24009,2017,2022
24009,2018,1925
24009,2019,1959
24009,2020,2121
24009,2021,2589
24009,2022,1978
24009,2023,1323
24009,2024,1419
24009,2025,1184
24011,2014,408
24011,2015,503
24011,2016,545
24011,2017,593
24011,2018,543
24011,2019,621
24011,2020,598
24011,2021,726
24011,2022,688
24011,2023,479
24011,2024,511
24011,2025,417
24013,2014,2239
24013,2015,2515
24013,2016,2979
24013,2017,2981
24013,2018,2906
24013,2019,2992
24013,2020,3203
24013,2021,3614
24013,2022,3055
24013,2023,2103
24013,2024,2057
24013,2025,1854
24015,2014,1351
24015,2015,1367
24015,2016,1697
24015,2017,1854
24015,2018,1789
24015,2019,1983
24015,2020,2053
24015,2021,2461
24015,2022,2174
24015,2023,1462
24015,2024,1589
24015,2025,1300
24017,2014,2551
24017,2015,2801
24017,2016,3208
24017,2017,3541
24017,2018,3155
24017,2019,3459
24017,2020,3451
24017,2021,4780
24017,2022,3879
24017,2023,3142
24017,2024,2960
24017,2025,2613
24019,2014,535
24019,2015,674
24019,2016,661
24019,2017,615
24019,2018,661
24019,2019,680
24019,2020,733
24019,2021,1027
24019,2022,990
24019,2023,837
24019,2024,807
24019,2025,655
24021,2014,3991
24021,2015,4325
24021,2016,5219
24021,2017,6009
24021,2018,6241
24021,2019,6659
24021,2020,7111
24021,2021,8839
24021,2022,6455
24021,2023,4743
24021,2024,4605
24021,2025,3942
24023,2014,588
24023,2015,551
24023,2016,678
24023,2017,737
24023,2018,758
24023,2019,756
24023,2020,1011
24023,2021,1037
24023,2022,813
24023,2023,676
24023,2024,614
24023,2025,549
24025,2014,3399
24025,2015,3651
24025,2016,4722
24025,2017,4813
24025,2018,5023
24025,2019,5174
24025,2020,5261
24025,2021,6144
24025,2022,4803
24025,2023,3579
24025,2024,3665
24025,2025,3105
24027,2014,4341
24027,2015,4547
24027,2016,5533
24027,2017,5691
24027,2018,5248
24027,2019,5451
24027,2020,5140
24027,2021,6575
24027,2022,5364
24027,2023,3836
24027,2024,3774
24027,2025,3303
24029,2014,289
24029,2015,318
24029,2016,423
24029,2017,429
24029,2018,417
24029,2019,429
24029,2020,522
24029,2021,662
24029,2022,481
24029,2023,434
24029,2024,420
24029,2025,308
24031,2014,12228
24031,2015,12765
24031,2016,13921
24031,2017,15106
24031,2018,14804
24031,2019,14384
24031,2020,14029
24031,2021,19580
24031,2022,15008
24031,2023,10745
24031,2024,11101
24031,2025,9215
24033,2014,9112
24033,2015,10210
24033,2016,12110
24033,2017,14142
24033,2018,15207
24033,2019,14360
24033,2020,13066
24033,2021,15880
24033,2022,14636
24033,2023,10732
24033,2024,10963
24033,2025,9138
24035,2014,924
24035,2015,958
24035,2016,1040
24035,2017,1213
24035,2018,1173
24035,2019,1190
24035,2020,1455
24035,2021,1695
24035,2022,1304
24035,2023,1074
24035,2024,1119
24035,2025,834
24037,2014,1305
24037,2015,1565
24037,2016,1865
24037,2017,2035
24037,2018,2109
24037,2019,2258
24037,2020,2505
24037,2021,2900
24037,2022,2287
24037,2023,1697
24037,2024,1691
24037,2025,1414
24039,2014,292
24039,2015,298
24039,2016,358
24039,2017,419
24039,2018,402
24039,2019,427
24039,2020,397
24039,2021,598
24039,2022,546
24039,2023,420
24039,2024,417
24039,2025,337
24041,2014,666
24041,2015,748
24041,2016,758
24041,2017,877
24041,2018,886
24041,2019,893
24041,2020,1074
24041,2021,1150
24041,2022,915
24041,2023,731
24041,2024,739
24041,2025,623
24043,2014,1933
24043,2015,2162
24043,2016,2502
24043,2017,2627
24043,2018,2554
24043,2019,2651
24043,2020,2769
24043,2021,3279
24043,2022,2956
24043,2023,2283
24043,2024,2161
24043,2025,1708
24045,2014,1236
24045,2015,1352
24045,2016,1593
24045,2017,1780
24045,2018,1812
24045,2019,1803
24045,2020,1786
24045,2021,2345
24045,2022,2084
24045,2023,1642
24045,2024,1594
24045,2025,1179
24047,2014,2069
24047,2015,2322
24047,2016,2377
24047,2017,2976
24047,2018,3006
24047,2019,3040
24047,2020,3640
24047,2021,4165
24047,2022,3131
24047,2023,2600
24047,2024,2471
24047,2025,1964
24510,2014,8525
24510,2015,9790
24510,2016,10932
24510,2017,10646
24510,2018,11394
24510,2019,11720
24510,2020,8166
24510,2021,16546
24510,2022,17310
24510,2023,16395
24510,2024,12831
24510,2025,11662
25001,2014,2149
25001,2015,5818
25001,2016,6350
25001,2017,6640
25001,2018,6548
25001,2019,6471
25001,2020,7623
25001,2021,7416
25001,2022,5730
25001,2023,4582
25001,2024,4633
25001,2025,3819
25003,2015,1785
25003,2016,1926
25003,2017,2030
25003,2018,2124
25003,2019,2271
25003,2020,2407
25003,2021,2406
25003,2022,2328
25003,2023,1877
25003,2024,1864
25003,2025,1574
25005,2014,4254
25005,2015,5860
25005,2016,7195
25005,2017,7822
25005,2018,7825
25005,2019,7646
25005,2020,7949
25005,2021,8648
25005,2022,7008
25005,2023,5452
25005,2024,5274
25005,2025,4336
25007,2014,222
25007,2015,494
25007,2016,473
25007,2017,520
25007,2018,489
25007,2019,466
25007,2020,615
25007,2021,580
25007,2022,354
25007,2023,340
25007,2024,297
25007,2025,239
25009,2015,11003
25009,2016,11065
25009,2017,11655
25009,2018,11334
25009,2019,11474
25009,2020,11365
25009,2021,11746
25009,2022,9886
25009,2023,7531
25009,2024,7915
25009,2025,6278
25011,2014,472
25011,2015,826
25011,2016,892
25011,2017,992
25011,2018,931
25011,2019,991
25011,2020,1025
25011,2021,1104
25011,2022,940
25011,2023,809
25011,2024,805
25011,2025,666
25013,2015,5030
25013,2016,5807
25013,2017,6136
25013,2018,6387
25013,2019,6452
25013,2020,6528
25013,2021,7166
25013,2022,6344
25013,2023,5155
25013,2024,5285
25013,2025,4253
25015,2014,619
25015,2015,1939
25015,2016,1856
25015,2017,2055
25015,2018,2094
25015,2019,2063
25015,2020,2014
25015,2021,2269
25015,2022,2007
25015,2023,1546
25015,2024,1540
25015,2025,1332
25017,2014,9877
25017,2015,19775
25017,2016,20134
25017,2017,20342
25017,2018,20028
25017,2019,19603
25017,2020,19595
25017,2021,22957
25017,2022,19187
25017,2023,14751
25017,2024,15253
25017,2025,13127
25019,2014,421
25019,2015,405
25019,2016,418
25019,2017,423
25019,2018,407
25019,2019,361
25019,2020,587
25019,2021,578
25019,2022,372
25019,2023,256
25019,2024,278
25019,2025,262
25021,2014,6992
25021,2015,10033
25021,2016,10158
25021,2017,10476
25021,2018,10185
25021,2019,10011
25021,2020,10177
25021,2021,11162
25021,2022,9101
25021,2023,7174
25021,2024,7375
25021,2025,6253
25023,2014,4416
25023,2015,7634
25023,2016,8459
25023,2017,8884
25023,2018,8941
25023,2019,8751
25023,2020,9049
25023,2021,9234
25023,2022,7541
25023,2023,6095
25023,2024,6162
25023,2025,5011
25025,2014,6834
25025,2015,7590
25025,2016,7237
25025,2017,7434
25025,2018,7057
25025,2019,7055
25025,2020,6304
25025,2021,8569
25025,2022,7348
25025,2023,5587
25025,2024,5885
25025,2025,5273
25027,2014,7197
25027,2015,11356
25027,2016,12466
25027,2017,13237
25027,2018,13203
25027,2019,12751
25027,2020,13424
25027,2021,14349
25027,2022,12456
25027,2023,9798
25027,2024,9687
25027,2025,8036
26001,2012,254
26001,2017,286
26001,2018,239
26001,2019,344
26001,2020,459
26001,2021,515
26001,2022,391
26001,2023,304
26001,2024,288
26003,2013,133
26003,2014,103
26003,2017,134
26003,2018,166
26003,2019,173
26003,2020,233
26003,2021,267
26003,2022,252
26003,2023,190
26003,2024,175
26005,2013,1808
26005,2014,1867
26005,2015,2121
26005,2016,2247
26005,2017,2255
26005,2018,2233
26005,2019,2058
26005,2020,2122
26005,2021,2186
26005,2022,1898
26005,2023,1540
26005,2024,1637
26005,2025,1490
26007,2013,385
26007,2015,537
26007,2017,524
26007,2018,587
26007,2019,578
26007,2020,606
26007,2021,728
26007,2022,579
26007,2023,476
26007,2024,497
26009,2013,528
26009,2014,338
26009,2015,463
26009,2017,714
26009,2018,684
26009,2019,711
26009,2020,761
26009,2021,806
26009,2022,566
26009,2023,569
26009,2024,502
26011,2013,217
26011,2014,136
26011,2017,180
26011,2018,343
26011,2019,426
26011,2020,434
26011,2021,510
26011,2022,402
26011,2023,325
26011,2024,303
26011,2025,139
26013,2014,96
26013,2015,92
26013,2016,137
26013,2017,137
26013,2018,157
26013,2019,137
26013,2020,161
26013,2021,212
26013,2022,148
26013,2023,123
26013,2024,164
26015,2014,1021
26015,2015,1136
26015,2016,1342
26015,2017,1326
26015,2018,1320
26015,2019,1323
26015,2020,1336
26015,2021,1440
26015,2022,1238
26015,2023,969
26015,2024,985
26015,2025,896
26017,2014,1356
26017,2015,1495
26017,2016,1623
26017,2017,1793
26017,2018,1895
26017,2019,1855
26017,2020,1849
26017,2021,2112
26017,2022,1916
26017,2023,1550
26017,2024,1559
26017,2025,1410
26019,2011,183
26019,2016,387
26019,2017,509
26019,2018,513
26019,2019,446
26019,2020,469
26019,2021,468
26019,2022,365
26019,2023,326
26019,2024,221
26021,2014,1906
26021,2015,2318
26021,2016,2645
26021,2017,2557
26021,2018,2715
26021,2019,2701
26021,2020,2625
26021,2021,3090
26021,2022,2596
26021,2023,2056
26021,2024,2163
26021,2025,1832
26023,2013,839
26023,2014,316
26023,2015,374
26023,2016,735
26023,2017,765
26023,2018,765
26023,2019,766
26023,2020,841
26023,2021,825
26023,2022,771
26023,2023,662
26023,2024,692
26023,2025,599
26025,2014,1979
26025,2015,2194
26025,2016,2318
26025,2017,2316
26025,2018,2354
26025,2019,2422
26025,2020,2272
26025,2021,2695
26025,2022,2526
26025,2023,2168
26025,2024,2143
26025,2025,1930
26027,2011,666
26027,2015,905
26027,2016,962
26027,2017,1013
26027,2018,910
26027,2019,844
26027,2020,882
26027,2021,1001
26027,2022,858
26027,2023,802
26027,2024,769
26027,2025,747
26031,2012,392
26031,2014,335
26031,2015,436
26031,2016,454
26031,2017,631
26031,2018,574
26031,2019,537
26031,2020,657
26031,2021,732
26031,2022,820
26031,2023,724
26031,2024,644
26031,2025,589
26033,2011,388
26033,2017,398
26033,2018,662
26033,2019,725
26033,2020,785
26033,2021,845
26033,2022,695
26033,2023,543
26033,2024,605
26035,2014,367
26035,2017,357
26035,2018,342
26035,2019,481
26035,2020,1004
26035,2021,1099
26035,2022,1017
26035,2023,870
26035,2024,854
26037,2011,744
26037,2015,1081
26037,2016,1239
26037,2017,1168
26037,2018,1254
26037,2019,1299
26037,2020,1264
26037,2021,1417
26037,2022,1176
26037,2023,921
26037,2024,981
26037,2025,834
26039,2013,176
26039,2015,231
26039,2016,188
26039,2017,358
26039,2018,371
26039,2019,336
26039,2020,394
26039,2021,431
26039,2022,499
26039,2023,519
26039,2024,480
26039,2025,410
26041,2017,622
26041,2018,651
26041,2019,583
26041,2020,677
26041,2021,751
26041,2022,674
26041,2023,578
26041,2024,542
26043,2017,498
26043,2018,507
26043,2019,484
26043,2020,520
26043,2021,594
26043,2022,524
26043,2023,471
26043,2024,429
26043,2025,156
26045,2013,1508
26045,2014,1518
26045,2015,1605
26045,2016,1895
26045,2017,1905
26045,2018,1909
26045,2019,1772
26045,2020,1774
26045,2021,2024
26045,2022,1766
26045,2023,1422
26045,2024,1371
26045,2025,1256
26047,2014,471
26047,2015,551
26047,2016,528
26047,2017,630
26047,2018,787
26047,2019,686
26047,2020,695
26047,2021,696
26047,2022,730
26047,2023,674
26047,2024,616
26047,2025,531
26049,2012,6142
26049,2014,2717
26049,2015,4075
26049,2016,5660
26049,2017,6079
26049,2018,7056
26049,2019,7043
26049,2020,6770
26049,2021,8402
26049,2022,7471
26049,2023,6315
26049,2024,6368
26049,2025,5629
26051,2014,790
26051,2015,318
26051,2016,556
26051,2017,569
26051,2018,698
26051,2019,642
26051,2020,627
26051,2021,936
26051,2022,741
26051,2023,684
26051,2024,598
26051,2025,341
26053,2020,415
26053,2021,474
26053,2022,365
26053,2023,407
26053,2024,372
26053,2025,312
26055,2012,2131
26055,2014,2239
26055,2016,2460
26055,2017,2466
26055,2018,2041
26055,2019,2198
26055,2020,2171
26055,2021,2849
26055,2022,1522
26055,2023,1415
26055,2024,1098
26057,2013,218
26057,2017,395
26057,2018,528
26057,2019,540
26057,2020,545
26057,2021,727
26057,2022,515
26057,2023,433
26057,2024,477
26059,2012,969
26059,2013,750
26059,2015,872
26059,2016,879
26059,2017,903
26059,2018,858
26059,2019,876
26059,2020,942
26059,2021,985
26059,2022,818
26059,2023,773
26059,2024,871
26059,2025,770
26061,2014,342
26061,2015,404
26061,2016,463
26061,2017,579
26061,2018,477
26061,2019,495
26061,2020,605
26061,2021,678
26061,2022,585
26061,2023,448
26061,2024,489
26061,2025,249
26065,2014,4092
26065,2015,4264
26065,2016,4482
26065,2017,4884
26065,2018,4881
26065,2019,4950
26065,2020,4831
26065,2021,5702
26065,2022,5117
26065,2023,4054
26065,2024,3983
26065,2025,3604
26067,2014,726
26067,2015,577
26067,2016,505
26067,2017,753
26067,2018,1052
26067,2019,815
26067,2020,926
26067,2021,1034
26067,2022,917
26067,2023,683
26067,2024,724
26067,2025,465
26069,2013,544
26069,2014,340
26069,2015,607
26069,2016,709
26069,2017,819
26069,2018,780
26069,2019,752
26069,2020,869
26069,2021,855
26069,2022,796
26069,2023,647
26069,2024,708
26069,2025,718
26071,2018,260
26071,2019,271
26071,2020,365
26071,2021,469
26071,2022,363
26071,2023,245
26071,2024,101
26073,2017,749
26073,2019,892
26073,2020,672
26073,2021,682
26073,2022,498
26073,2023,706
26073,2024,659
26075,2013,1528
26075,2014,2040
26075,2015,2426
26075,2016,2709
26075,2017,2837
26075,2018,2913
26075,2019,2983
26075,2020,2818
26075,2021,3181
26077,2014,3948
26077,2015,4203
26077,2016,4810
26077,2017,4961
26077,2018,4733
26077,2019,4606
26077,2020,4372
26077,2021,4903
26077,2022,4452
26077,2023,3554
26077,2024,3445
26077,2025,3209
26079,2014,297
26079,2015,152
26079,2016,406
26079,2018,282
26079,2019,373
26079,2020,418
26079,2021,458
26079,2022,400
26079,2023,329
26081,2013,11385
26081,2015,12393
26081,2016,13056
26081,2017,12386
26081,2018,12486
26081,2019,11908
26081,2020,12165
26081,2021,13454
26081,2022,10849
26081,2023,8778
26081,2024,8594
26081,2025,7489
26083,2014,51
26083,2015,63
26083,2016,53
26083,2017,66
26083,2018,91
26083,2019,76
26083,2020,86
26083,2021,118
26083,2022,73
26083,2023,60
26083,2024,63
26085,2017,420
26085,2018,438
26085,2019,447
26085,2020,526
26085,2021,549
26085,2022,438
26085,2023,434
26085,2024,409
26087,2013,682
26087,2014,896
26087,2015,736
26087,2016,1587
26087,2017,1699
26087,2018,1599
26087,2019,1285
26087,2020,1504
26087,2021,1726
26087,2022,1502
26087,2023,1182
26087,2024,1116
26087,2025,997
26089,2014,487
26089,2015,405
26089,2016,648
26089,2017,748
26089,2018,614
26089,2019,631
26089,2020,743
26089,2021,652
26089,2022,428
26089,2023,395
26089,2024,292
26091,2014,1289
26091,2016,1379
26091,2017,1684
26091,2018,1437
26091,2019,1676
26091,2020,1791
26091,2021,1889
26093,2012,2959
26093,2014,3132
26093,2016,3796
26093,2017,4030
26093,2018,3682
26093,2019,3612
26093,2020,3675
26093,2021,4015
26093,2022,3474
26093,2023,2697
26093,2024,2633
26093,2025,2343
26095,2013,115
26095,2014,135
26095,2016,129
26095,2017,141
26095,2018,123
26095,2019,165
26095,2020,166
26095,2021,140
26095,2022,153
26095,2023,128
26099,2013,4619
26099,2014,5039
26099,2015,12170
26099,2016,13069
26099,2017,13183
26099,2018,12136
26099,2019,12195
26099,2020,11192
26099,2021,13520
26099,2022,11515
26099,2023,9255
26099,2024,8932
26099,2025,7811
26101,2014,402
26101,2015,492
26101,2016,612
26101,2017,543
26101,2018,601
26101,2019,656
26101,2020,683
26101,2021,727
26101,2022,634
26101,2023,503
26101,2024,479
26103,2012,600
26103,2014,713
26103,2015,487
26103,2017,876
26103,2018,1374
26103,2019,1273
26103,2020,1390
26103,2021,1522
26103,2022,1325
26103,2023,1124
26103,2024,999
26103,2025,843
26105,2015,361
26105,2016,484
26105,2017,572
26105,2018,564
26105,2019,526
26105,2020,551
26105,2021,694
26105,2022,626
26105,2023,535
26105,2024,512
26105,2025,462
26107,2013,501
26107,2014,553
26107,2016,690
26107,2017,822
26107,2018,769
26107,2019,570
26107,2020,815
26107,2021,994
26107,2022,458
26107,2023,719
26107,2024,729
26107,2025,718
26109,2013,449
26109,2014,371
26109,2015,313
26109,2016,328
26109,2017,322
26109,2018,292
26109,2019,310
26109,2020,376
26109,2021,367
26109,2022,372
26109,2023,361
26109,2024,347
26111,2012,706
26111,2014,539
26111,2016,1393
26111,2017,1581
26111,2018,1597
26111,2019,1563
26111,2020,1823
26111,2021,1909
26111,2022,1679
26111,2023,1385
26111,2024,1328
26111,2025,1127
26113,2014,143
26113,2017,345
26113,2018,364
26113,2019,340
26113,2020,304
26113,2021,391
26113,2022,328
26113,2023,293
26113,2024,275
26113,2025,74
26115,2013,2514
26115,2014,2280
26115,2015,2276
26115,2016,2385
26115,2017,2520
26115,2018,2536
26115,2019,2428
26115,2020,2410
26115,2021,2928
26115,2022,2420
26115,2023,2008
26115,2024,2033
26115,2025,1891
26117,2014,901
26117,2015,750
26117,2016,1058
26117,2017,1285
26117,2018,893
26117,2019,771
26117,2020,806
26117,2021,1394
26117,2022,1315
26117,2023,1162
26117,2024,1048
26117,2025,1114
26119,2014,237
26119,2015,293
26119,2016,386
26119,2017,353
26119,2018,403
26119,2019,382
26119,2020,439
26119,2021,450
26119,2022,345
26119,2023,290
26121,2013,2385
26121,2014,2183
26121,2015,2484
26121,2016,2853
26121,2017,2777
26121,2018,2500
26121,2019,2327
26121,2020,3316
26121,2021,3755
26121,2022,3427
26121,2023,2878
26121,2024,2849
26121,2025,2574
26123,2014,551
26123,2015,406
26123,2017,1031
26123,2018,972
26123,2019,1002
26123,2020,1030
26123,2021,1016
26123,2022,951
26123,2023,788
26123,2024,786
26125,2011,19882
26125,2014,21366
26125,2015,21993
26125,2016,13598
26125,2017,17085
26125,2018,21530
26125,2019,12970
26125,2020,20522
26125,2021,19067
26125,2022,21021
26125,2023,11637
26125,2024,14013
26127,2013,383
26127,2016,414
26127,2017,482
26127,2018,482
26127,2019,385
26127,2020,475
26127,2021,538
26127,2022,399
26127,2023,479
26127,2024,478
26127,2025,330
26129,2014,338
26129,2018,217
26129,2019,569
26129,2020,741
26129,2021,688
26129,2022,689
26129,2023,525
26129,2024,426
26131,2013,174
26131,2014,134
26131,2015,118
26131,2017,97
26131,2018,126
26131,2019,137
26131,2020,187
26131,2021,201
26131,2022,194
26131,2023,130
26135,2011,175
26135,2016,241
26135,2017,286
26135,2018,271
26135,2019,247
26135,2020,307
26135,2021,329
26135,2022,254
26135,2023,220
26135,2024,232
26137,2013,485
26137,2016,561
26137,2017,626
26137,2018,655
26137,2019,637
26137,2020,705
26137,2021,807
26137,2022,810
26137,2023,715
26137,2024,607
26137,2025,519
26139,2014,4835
26139,2015,5178
26139,2016,5382
26139,2017,5373
26139,2018,4953
26139,2019,5087
26139,2020,5333
26139,2021,5453
26139,2022,4658
26139,2023,3732
26139,2024,3827
26139,2025,3265
26141,2014,161
26141,2016,233
26141,2018,386
26141,2019,341
26141,2020,418
26141,2021,401
26141,2022,318
26141,2023,278
26141,2024,294
26143,2013,922
26143,2014,933
26143,2015,673
26143,2016,943
26143,2018,1064
26143,2019,881
26143,2020,943
26143,2021,1129
26143,2022,1080
26143,2023,945
26143,2024,867
26143,2025,820
26145,2013,1880
26145,2014,1885
26145,2016,3086
26145,2017,2536
26145,2018,2650
26145,2019,2593
26145,2020,2770
26145,2021,3564
26145,2022,3242
26145,2023,2846
26145,2024,2897
26145,2025,2615
26147,2013,1692
26147,2014,1573
26147,2015,1648
26147,2016,1507
26147,2017,1610
26147,2018,1971
26147,2019,1811
26147,2020,1768
26147,2022,1742
26147,2023,1485
26147,2024,1481
26147,2025,1324
26149,2012,1009
26149,2014,889
26149,2015,1012
26149,2016,1098
26149,2017,1126
26149,2018,1060
26149,2019,1015
26149,2020,1082
26149,2021,1204
26149,2022,1072
26149,2023,886
26149,2024,973
26149,2025,906
26151,2014,725
26151,2015,741
26151,2016,610
26151,2017,620
26151,2018,811
26151,2019,689
26151,2020,591
26151,2021,729
26151,2022,612
26151,2023,656
26151,2024,649
26151,2025,509
26155,2014,832
26155,2015,1169
26155,2016,1230
26155,2017,1135
26155,2018,797
26155,2019,443
26155,2020,1015
26155,2021,1343
26155,2022,1284
26155,2023,1012
26155,2024,1089
26155,2025,912
26157,2013,337
26157,2016,355
26157,2017,404
26157,2018,391
26157,2019,426
26157,2020,407
26157,2021,492
26157,2022,502
26157,2023,436
26157,2024,385
26157,2025,379
26159,2013,1033
26159,2014,1060
26159,2015,1248
26159,2016,1412
26159,2017,1452
26159,2018,1474
26159,2019,1440
26159,2020,1542
26159,2021,1796
26159,2022,1743
26159,2023,1451
26159,2024,1310
26159,2025,1121
26161,2013,5106
26161,2014,4979
26161,2015,5665
26161,2016,5498
26161,2017,5806
26161,2018,5501
26161,2019,5430
26161,2020,5090
26161,2021,6367
26161,2022,5314
26161,2023,4326
26161,2024,4019
26161,2025,3780
26163,2010,10988
26163,2012,16491
26163,2013,24655
26163,2015,22740
26163,2016,23686
26163,2017,25905
26163,2018,28413
26163,2019,27711
26163,2020,18800
26163,2021,32886
26163,2022,31636
26163,2023,26455
26163,2024,27685
26163,2025,17672
26165,2017,228
26165,2018,748
26165,2019,709
26165,2020,714
26165,2021,793
26165,2022,679
26165,2023,517
27001,2012,491
27001,2014,596
27001,2016,682
27001,2017,751
27001,2018,745
27001,2019,676
27001,2020,850
27001,2021,626
27001,2022,602
27001,2023,509
27001,2024,460
27001,2025,466
27003,2014,5188
27003,2015,6030
27003,2016,6653
27003,2017,6832
27003,2018,6874
27003,2019,6717
27003,2020,6628
27003,2021,7815
27003,2022,6169
27003,2023,4957
27003,2024,5201
27003,2025,4111
27005,2014,891
27005,2015,994
27005,2016,744
27005,2017,688
27005,2018,867
27005,2019,894
27005,2020,1124
27005,2021,1065
27005,2022,1217
27005,2023,947
27005,2024,885
27005,2025,764
27007,2011,576
27007,2014,928
27007,2015,871
27007,2016,686
27007,2018,851
27007,2019,873
27007,2021,1024
27007,2022,712
27007,2023,653
27007,2024,588
27007,2025,693
27009,2013,602
27009,2014,465
27009,2015,645
27009,2016,671
27009,2018,802
27009,2021,908
27009,2022,876
27009,2023,623
27009,2024,684
27009,2025,574
27011,2016,127
27011,2017,122
27011,2018,107
27011,2019,117
27011,2020,126
27011,2021,102
27011,2022,118
27011,2023,104
27011,2024,102
27013,2014,923
27013,2015,1049
27013,2016,1172
27013,2017,1137
27013,2018,1155
27013,2019,1101
27013,2020,1180
27013,2021,1035
27013,2022,914
27013,2023,768
27013,2024,741
27013,2025,756
27015,2016,330
27015,2017,496
27015,2018,438
27015,2019,433
27015,2020,506
27015,2021,571
27015,2022,568
27015,2023,472
27015,2024,437
27017,2013,295
27017,2014,297
27017,2015,345
27017,2016,483
27017,2017,568
27017,2018,526
27017,2019,454
27017,2020,643
27017,2021,650
27017,2022,515
27017,2023,428
27017,2024,469
27019,2014,2091
27019,2015,2409
27019,2016,2630
27019,2017,2774
27019,2018,2518
27019,2019,2506
27019,2020,2640
27019,2021,2986
27019,2022,2771
27019,2023,2234
27019,2024,2180
27019,2025,1734
27021,2015,381
27021,2017,849
27021,2018,888
27021,2019,869
27021,2020,1342
27021,2021,1124
27021,2022,1010
27021,2023,816
27021,2024,798
27023,2015,166
27023,2017,152
27023,2018,190
27023,2019,176
27023,2020,195
27023,2021,228
27023,2022,315
27023,2023,249
27023,2024,206
27023,2025,156
27025,2014,1094
27025,2020,1479
27025,2021,546
27025,2022,1090
27025,2023,923
27025,2024,1019
27027,2014,1262
27027,2015,1571
27027,2016,1444
27027,2017,1309
27027,2018,1276
27027,2019,1304
27027,2020,1439
27027,2021,1573
27027,2022,530
27027,2023,441
27027,2024,680
27027,2025,917
27029,2016,107
27029,2017,79
27029,2018,82
27029,2019,85
27029,2020,127
27029,2021,83
27029,2022,84
27031,2014,168
27031,2015,206
27031,2016,205
27031,2017,226
27031,2018,244
27031,2019,226
27031,2020,362
27031,2021,285
27031,2022,217
27031,2023,187
27031,2024,206
27033,2016,197
27033,2017,158
27033,2018,167
27033,2019,161
27033,2020,261
27033,2021,200
27033,2022,200
27033,2023,157
27033,2024,174
27033,2025,136
27035,2014,2093
27035,2015,2178
27035,2016,2177
27035,2017,2080
27035,2018,1908
27035,2019,1636
27035,2020,2759
27035,2021,2461
27035,2022,1805
27035,2023,1687
27035,2024,1834
27035,2025,1401
27037,2013,6670
27037,2014,7023
27037,2015,8089
27037,2016,8801
27037,2017,7739
27037,2018,8993
27037,2019,8720
27037,2020,8435
27037,2021,9530
27037,2022,8082
27037,2023,6126
27039,2015,384
27039,2016,426
27039,2017,417
27039,2018,340
27039,2019,420
27039,2020,463
27039,2021,508
27039,2022,484
27039,2023,431
27039,2024,381
27039,2025,234
27041,2014,605
27041,2016,875
27041,2017,460
27041,2018,1080
27041,2019,1119
27041,2020,1282
27041,2021,1339
27041,2022,1104
27041,2023,1009
27041,2024,923
27043,2013,233
27043,2015,253
27043,2017,226
27043,2018,271
27043,2019,302
27043,2020,317
27043,2021,378
27043,2022,402
27043,2023,332
27043,2024,285
27043,2025,230
27045,2013,341
27045,2014,248
27045,2015,202
27045,2016,283
27045,2017,345
27045,2018,388
27045,2019,446
27045,2020,448
27045,2021,488
27045,2022,370
27045,2023,334
27045,2024,317
27045,2025,351
27047,2019,553
27047,2020,623
27047,2021,581
27047,2022,544
27047,2023,491
27047,2024,465
27047,2025,406
27049,2014,778
27049,2015,520
27049,2016,633
27049,2017,810
27049,2018,704
27049,2019,789
27049,2020,1011
27049,2021,1186
27049,2022,1357
27049,2023,1040
27049,2024,871
27049,2025,750
27051,2018,136
27051,2019,133
27051,2020,179
27051,2021,213
27051,2022,180
27051,2023,183
27051,2024,140
27051,2025,102
27053,2014,20965
27053,2015,23503
27053,2016,24761
27053,2017,23391
27053,2018,24072
27053,2019,25695
27053,2020,25461
27053,2021,30558
27053,2022,25762
27053,2023,19399
27053,2024,19546
27055,2014,127
27055,2015,242
27055,2016,186
27055,2017,216
27055,2018,288
27055,2019,325
27055,2020,326
27055,2021,386
27055,2022,420
27055,2023,400
27055,2024,311
27055,2025,281
27057,2014,437
27057,2015,707
27057,2016,476
27057,2018,661
27057,2019,713
27057,2020,850
27057,2021,958
27057,2022,968
27057,2023,852
27057,2024,728
27059,2018,1091
27059,2019,1128
27059,2020,1088
27059,2021,762
27059,2022,891
27059,2023,652
27059,2024,641
27059,2025,1011
27061,2018,874
27061,2019,639
27061,2020,913
27061,2021,1131
27061,2022,973
27061,2023,757
27061,2024,802
27063,2017,136
27063,2018,163
27063,2019,137
27063,2020,169
27063,2021,138
27063,2022,145
27063,2023,128
27063,2024,162
27063,2025,112
27065,2013,204
27065,2015,396
27065,2016,386
27065,2017,365
27065,2018,408
27065,2020,450
27065,2021,523
27065,2022,544
27065,2023,492
27065,2024,424
27065,2025,357
27067,2016,833
27067,2017,917
27067,2018,1006
27067,2019,927
27067,2020,1005
27067,2021,1114
27067,2022,749
27067,2023,641
27067,2024,691
27067,2025,639
27069,2016,27
27069,2017,30
27069,2018,26
27069,2019,26
27069,2020,31
27069,2021,36
27069,2022,31
27069,2023,35
27069,2024,38
27071,2013,115
27071,2014,170
27071,2015,268
27071,2016,160
27071,2017,195
27071,2018,220
27071,2019,267
27071,2020,314
27071,2021,316
27071,2022,271
27071,2023,205
27071,2024,248
27073,2017,94
27073,2018,97
27073,2019,114
27073,2020,113
27073,2021,186
27073,2022,196
27073,2023,165
27073,2024,135
27075,2015,257
27075,2016,224
27075,2017,244
27075,2018,284
27075,2019,342
27075,2020,450
27075,2021,453
27075,2022,330
27075,2023,258
27075,2024,293
27075,2025,275
27077,2018,177
27077,2019,183
27077,2020,204
27077,2021,221
27077,2022,156
27077,2023,131
27077,2024,137
27077,2025,102
27079,2013,494
27079,2014,378
27079,2015,503
27079,2016,535
27079,2017,630
27079,2018,588
27079,2019,645
27079,2020,770
27079,2021,241
27079,2022,534
27079,2023,434
27079,2024,430
27079,2025,445
27081,2017,105
27081,2018,153
27081,2020,153
27081,2021,77
27081,2022,57
27081,2023,66
27081,2024,58
27081,2025,67
27083,2018,446
27083,2019,300
27083,2020,472
27083,2021,496
27083,2022,498
27083,2023,466
27083,2024,371
27083,2025,333
27085,2019,750
27085,2020,773
27085,2021,748
27085,2022,625
27085,2023,517
27085,2024,503
27087,2015,78
27087,2016,51
27087,2017,59
27087,2018,62
27087,2019,66
27087,2020,83
27087,2021,80
27087,2022,67
27087,2023,40
27087,2024,65
27087,2025,63
27089,2016,83
27089,2017,97
27089,2018,92
27089,2019,100
27089,2020,99
27089,2021,67
27089,2022,105
27089,2023,108
27089,2024,64
27089,2025,72
27091,2013,328
27091,2015,345
27091,2016,250
27091,2017,322
27091,2018,314
27091,2019,382
27091,2020,413
27091,2021,436
27091,2022,485
27091,2023,431
27091,2024,363
27091,2025,304
27093,2016,330
27093,2017,339
27093,2018,527
27093,2019,468
27093,2020,499
27093,2021,530
27093,2022,550
27093,2023,416
27093,2024,417
27093,2025,388
27095,2018,754
27095,2019,733
27095,2020,821
27095,2021,927
27095,2022,805
27095,2023,609
27095,2024,559
27095,2025,538
27097,2017,473
27097,2018,658
27097,2019,576
27097,2020,667
27097,2021,512
27097,2022,958
27097,2023,772
27097,2024,730
27097,2025,613
27099,2018,799
27099,2020,798
27099,2021,858
27099,2022,714
27099,2023,648
27099,2024,637
27099,2025,534
27101,2017,179
27101,2018,90
27101,2019,105
27101,2020,91
27101,2021,79
27101,2022,73
27101,2023,75
27101,2024,71
27101,2025,68
27103,2017,592
27103,2018,562
27103,2019,566
27103,2020,605
27103,2021,568
27103,2022,505
27103,2023,381
27103,2024,417
27103,2025,484
27105,2016,233
27105,2017,222
27105,2018,274
27105,2019,242
27105,2020,277
27105,2021,238
27105,2022,281
27105,2023,224
27105,2024,225
27105,2025,207
27107,2018,77
27107,2019,75
27107,2020,95
27107,2021,58
27107,2022,84
27107,2023,78
27107,2024,84
27107,2025,74
27109,2012,2473
27109,2014,3130
27109,2015,3835
27109,2016,4057
27109,2017,3444
27109,2018,3507
27109,2019,3528
27109,2020,3634
27109,2021,3862
27109,2022,2897
27109,2023,2557
27109,2024,2634
27111,2014,1375
27111,2016,1681
27111,2017,1463
27111,2018,1707
27111,2019,1722
27111,2020,2224
27111,2021,1491
27111,2023,1084
27111,2024,1192
27111,2025,1004
27113,2013,161
27113,2014,173
27113,2016,240
27113,2017,220
27113,2018,265
27113,2019,231
27113,2020,238
27113,2021,307
27113,2022,252
27113,2023,234
27113,2024,196
27115,2014,635
27115,2016,814
27115,2018,468
27115,2019,799
27115,2020,913
27115,2021,610
27115,2022,1203
27115,2023,1068
27115,2024,903
27115,2025,790
27117,2015,82
27117,2017,86
27117,2018,149
27117,2019,130
27117,2020,106
27117,2021,145
27117,2022,206
27117,2023,203
27117,2024,187
27117,2025,144
27119,2016,280
27119,2017,272
27119,2018,325
27119,2019,372
27119,2020,409
27119,2021,397
27119,2022,460
27119,2023,387
27119,2024,399
27121,2020,291
27121,2021,246
27121,2022,228
27121,2023,174
27121,2024,182
27121,2025,171
27123,2015,8398
27123,2017,8473
27123,2018,8274
27123,2019,7799
27123,2020,8379
27123,2021,10330
27123,2022,9460
27123,2023,7673
27123,2025,5984
27125,2017,16
27125,2018,32
27125,2019,21
27125,2020,49
27125,2021,48
27125,2022,44
27125,2023,36
27125,2024,31
27125,2025,40
27127,2018,239
27127,2019,227
27127,2020,273
27127,2021,208
27127,2022,207
27127,2023,190
27127,2024,175
27127,2025,174
27129,2017,249
27129,2018,173
27129,2019,156
27129,2020,196
27129,2021,262
27129,2022,321
27129,2023,299
27129,2024,273
27129,2025,210
27131,2014,1012
27131,2015,1072
27131,2016,1198
27131,2017,1297
27131,2018,1129
27131,2019,1172
27131,2020,1222
27131,2021,1429
27131,2022,1328
27131,2023,984
27131,2024,936
27131,2025,861
27133,2016,156
27133,2017,142
27133,2018,132
27133,2019,139
27133,2020,136
27133,2021,206
27133,2022,208
27133,2023,172
27133,2024,179
27133,2025,134
27135,2017,128
27135,2018,115
27135,2019,93
27135,2020,117
27135,2021,120
27135,2022,146
27135,2023,174
27135,2024,169
27135,2025,153
27137,2014,3686
27137,2015,3994
27137,2016,4016
27137,2017,3515
27137,2018,4509
27137,2019,4447
27137,2020,4561
27137,2021,5735
27137,2022,5066
27137,2023,4082
27137,2024,4124
27139,2019,3357
27139,2020,3518
27139,2021,3764
27139,2022,3235
27139,2023,2729
27139,2024,2577
27139,2025,2069
27141,2013,1628
27141,2014,1780
27141,2015,2077
27141,2016,1972
27141,2017,2109
27141,2018,1474
27141,2019,2142
27141,2020,2377
27141,2022,1808
27141,2023,1427
27141,2024,1484
27141,2025,1338
27143,2016,219
27143,2017,236
27143,2018,280
27143,2019,330
27143,2020,338
27143,2021,178
27143,2022,286
27143,2023,242
27143,2024,219
27143,2025,267
27145,2017,2087
27145,2018,2718
27145,2019,2523
27145,2020,2852
27145,2021,2721
27145,2022,2275
27145,2023,1886
27145,2024,2090
27145,2025,2091
27147,2016,809
27147,2017,753
27147,2018,738
27147,2019,754
27147,2020,846
27147,2021,905
27147,2022,655
27147,2023,501
27147,2024,518
27147,2025,464
27149,2019,153
27149,2020,144
27149,2021,129
27149,2022,140
27149,2023,134
27149,2024,133
27149,2025,107
27151,2019,132
27151,2020,166
27151,2021,163
27151,2022,172
27151,2023,159
27151,2024,164
27151,2025,130
27153,2016,387
27153,2017,488
27153,2018,567
27153,2019,551
27153,2020,572
27153,2021,670
27153,2022,695
27153,2023,582
27153,2024,519
27153,2025,474
27155,2016,63
27155,2017,75
27155,2018,64
27155,2019,58
27155,2020,60
27155,2021,54
27155,2022,84
27155,2023,64
27155,2024,66
27155,2025,43
27157,2017,343
27157,2018,377
27157,2019,449
27157,2020,478
27157,2021,491
27157,2022,430
27157,2023,319
27157,2024,385
27157,2025,377
27159,2016,239
27159,2017,230
27159,2018,327
27159,2019,281
27159,2020,327
27159,2021,374
27159,2022,306
27159,2023,251
27159,2024,245
27159,2025,180
27161,2015,333
27161,2016,290
27161,2017,418
27161,2018,404
27161,2019,388
27161,2020,370
27161,2021,339
27161,2022,287
27161,2023,297
27161,2024,283
27163,2013,5070
27163,2015,4984
27163,2016,5711
27163,2017,5453
27163,2018,5483
27163,2019,6083
27163,2020,6389
27163,2021,7214
27163,2022,7036
27163,2023,5405
27163,2024,5485
27165,2014,112
27165,2016,176
27165,2018,201
27165,2019,184
27165,2020,199
27165,2021,179
27165,2022,215
27165,2023,162
27165,2024,206
27165,2025,130
27167,2017,118
27167,2018,114
27167,2019,121
27167,2020,89
27167,2021,195
27167,2022,135
27167,2023,121
27167,2024,97
27167,2025,74
27169,2018,788
27169,2019,831
27169,2020,841
27169,2021,942
27169,2022,972
27169,2023,650
27169,2024,622
27169,2025,456
27171,2017,3279
27171,2018,3783
27171,2019,3533
27171,2020,3982
27171,2021,4439
27171,2022,3322
27171,2023,2695
27171,2024,2821
27171,2025,2426
27173,2016,117
27173,2017,141
27173,2018,152
27173,2019,164
27173,2020,170
27173,2021,136
27173,2022,110
27173,2023,113
27173,2024,96
27173,2025,94
28001,2017,145
28001,2018,178
28001,2019,188
28003,2019,27
28003,2020,86
28003,2021,82
28003,2022,44
28003,2023,86
28007,2013,27
28007,2014,32
28007,2015,35
28007,2017,58
28007,2018,43
28007,2019,39
28007,2020,47
28007,2021,18
28009,2015,25
28009,2017,44
28009,2018,44
28009,2019,48
28009,2020,19
28009,2021,45
28009,2022,50
28009,2023,35
28009,2024,58
28011,2014,138
28011,2017,319
28011,2018,216
28011,2019,223
28011,2021,215
28011,2023,143
28013,2016,37
28013,2021,30
28013,2022,84
28013,2023,47
28013,2024,73
28017,2013,37
28017,2014,34
28017,2015,38
28017,2016,51
28017,2017,41
28017,2019,41
28017,2020,45
28017,2021,36
28017,2022,83
28017,2023,72
28017,2024,62
28017,2025,104
28023,2014,52
28023,2017,44
28023,2018,71
28023,2019,70
28023,2020,74
28025,2017,60
28025,2018,95
28025,2019,65
28025,2020,93
28025,2021,115
28025,2022,92
28025,2023,74
28025,2024,93
28029,2014,57
28029,2017,55
28029,2018,191
28029,2019,79
28029,2020,73
28029,2021,101
28029,2022,115
28029,2023,88
28029,2024,108
28029,2025,147
28031,2014,37
28031,2017,43
28031,2018,53
28031,2019,67
28031,2020,32
28033,2013,2506
28033,2014,1969
28033,2015,1576
28033,2016,1288
28033,2017,2902
28033,2019,3380
28033,2020,3826
28033,2021,4415
28033,2022,2432
28033,2024,1721
28035,2014,353
28035,2015,441
28035,2016,401
28035,2017,623
28035,2018,733
28035,2019,686
28035,2020,821
28035,2021,864
28035,2022,707
28035,2023,424
28039,2018,147
28039,2019,72
28039,2021,69
28043,2016,46
28043,2017,63
28043,2018,74
28043,2019,87
28043,2020,88
28043,2021,109
28045,2021,405
28045,2022,490
28045,2023,321
28045,2024,446
28047,2013,1081
28047,2017,2514
28047,2018,2352
28047,2019,2201
28047,2020,2650
28047,2021,3722
28047,2022,2603
28047,2023,1645
28047,2024,1864
28047,2025,1890
28049,2014,793
28049,2015,1442
28049,2016,1441
28049,2017,1516
28049,2018,1716
28049,2019,1034
28057,2014,32
28057,2015,81
28057,2018,71
28057,2019,82
28057,2020,122
28057,2021,86
28059,2013,1001
28059,2015,740
28059,2016,1482
28059,2017,1882
28059,2018,1587
28059,2019,1655
28059,2020,1687
28059,2021,1366
28059,2022,1681
28059,2023,1326
28059,2024,1209
28061,2012,16
28061,2014,37
28061,2017,36
28061,2018,44
28061,2019,30
28061,2020,38
28067,2014,162
28067,2017,344
28067,2018,300
28067,2019,314
28067,2020,370
28067,2021,123
28071,2014,446
28071,2015,731
28071,2016,1018
28071,2017,826
28071,2018,853
28071,2019,829
28071,2020,909
28071,2021,1227
28071,2022,760
28071,2023,569
28071,2024,580
28073,2013,521
28073,2014,291
28073,2015,432
28073,2017,672
28073,2018,497
28073,2019,563
28073,2020,895
28075,2017,236
28075,2021,390
28075,2022,613
28075,2023,485
28075,2024,398
28075,2025,277
28077,2014,19
28077,2017,39
28077,2018,32
28077,2019,28
28077,2020,35
28077,2021,34
28077,2022,46
28077,2023,38
28079,2017,48
28079,2018,44
28079,2019,59
28079,2020,58
28079,2022,94
28079,2023,83
28079,2024,98
28079,2025,48
28081,2016,830
28081,2017,1267
28081,2018,1051
28081,2019,1444
28081,2020,1859
28081,2021,738
28081,2023,980
28085,2015,76
28085,2018,179
28085,2019,198
28085,2020,140
28085,2021,246
28085,2022,226
28085,2023,163
28085,2024,192
28087,2016,337
28087,2017,460
28087,2018,488
28087,2019,499
28087,2020,479
28087,2021,486
28087,2022,508
28087,2023,374
28087,2024,416
28087,2025,472
28089,2014,1512
28089,2015,1670
28089,2016,835
28089,2017,1707
28089,2018,1758
28089,2019,1726
28089,2020,2211
28089,2021,2229
28089,2022,1443
28089,2023,918
28089,2024,1056
28089,2025,1034
28091,2017,52
28091,2018,83
28091,2019,82
28091,2021,115
28091,2022,141
28091,2023,79
28091,2024,114
28091,2025,150
28093,2018,261
28093,2019,302
28093,2020,389
28093,2021,452
28093,2022,465
28093,2023,295
28093,2024,386
28093,2025,435
28095,2016,153
28095,2017,140
28095,2018,218
28095,2019,199
28095,2020,235
28095,2021,250
28095,2022,299
28095,2023,249
28099,2014,33
28099,2017,74
28099,2018,92
28099,2019,108
28099,2020,107
28101,2017,47
28101,2018,45
28101,2019,58
28101,2022,70
28101,2023,45
28101,2024,27
28105,2013,541
28105,2014,594
28105,2019,624
28105,2020,452
28105,2021,325
28105,2022,367
28105,2023,318
28105,2024,287
28107,2013,50
28107,2014,70
28107,2015,71
28107,2016,46
28107,2017,42
28109,2022,715
28109,2023,609
28109,2024,378
28111,2017,26
28111,2018,27
28111,2021,20
28111,2022,31
28111,2023,34
28111,2024,49
28111,2025,54
28113,2013,239
28113,2014,246
28113,2015,194
28113,2016,246
28113,2017,293
28113,2018,345
28113,2019,304
28113,2020,308
28113,2021,402
28113,2022,324
28113,2023,246
28113,2024,278
28113,2025,307
28115,2014,44
28115,2015,124
28115,2016,173
28115,2017,69
28115,2018,117
28115,2021,69
28115,2022,91
28115,2023,82
28117,2014,89
28117,2015,68
28117,2016,130
28117,2020,110
28117,2021,206
28117,2022,187
28117,2023,158
28117,2024,165
28121,2015,905
28121,2016,1391
28121,2017,2169
28121,2018,1905
28121,2019,1985
28121,2020,2316
28121,2021,2221
28121,2022,1448
28121,2023,740
28121,2024,1190
28123,2017,94
28123,2018,89
28123,2019,127
28123,2020,124
28123,2021,110
28123,2022,124
28123,2023,96
28123,2024,49
28127,2017,86
28127,2018,80
28127,2019,86
28127,2020,83
28127,2021,121
28127,2022,205
28127,2023,130
28127,2024,144
28129,2014,25
28129,2016,25
28129,2017,23
28129,2018,32
28129,2019,38
28129,2020,32
28129,2021,43
28129,2022,61
28129,2023,40
28129,2024,58
28129,2025,68
28133,2016,52
28133,2017,60
28133,2021,74
28133,2022,128
28133,2023,64
28133,2024,87
28137,2013,95
28137,2014,100
28137,2015,81
28137,2016,109
28137,2017,153
28137,2018,69
28137,2019,85
28137,2020,92
28137,2021,150
28137,2022,173
28137,2023,144
28137,2024,204
28139,2014,42
28139,2016,42
28139,2017,59
28139,2019,80
28139,2020,86
28139,2021,115
28139,2022,121
28139,2023,93
28139,2024,111
28141,2014,85
28141,2015,98
28141,2016,111
28141,2017,106
28141,2020,129
28141,2021,169
28141,2022,136
28141,2023,102
28145,2014,45
28145,2015,97
28145,2016,156
28145,2020,114
28145,2021,55
28149,2014,172
28149,2015,214
28149,2018,261
28149,2019,159
28149,2020,68
28149,2021,198
28149,2022,90
28151,2015,212
28151,2017,288
28151,2018,319
28151,2019,347
28151,2020,416
28151,2021,273
28151,2022,478
28151,2023,355
28153,2017,64
28153,2018,72
28153,2019,67
28153,2020,32
28153,2021,42
28153,2022,38
28153,2023,29
28155,2015,25
28155,2017,18
28155,2018,31
28155,2019,39
28155,2020,57
28155,2021,48
28155,2022,44
28155,2023,18
28155,2024,23
28159,2012,24
28159,2014,21
28159,2015,36
28159,2016,15
28159,2017,40
28159,2018,38
28159,2019,55
28159,2020,45
28159,2021,20
28163,2014,97
28163,2015,101
28163,2016,91
28163,2017,69
28163,2018,76
28163,2019,74
28163,2020,91
29001,2017,152
29001,2018,266
29001,2019,250
29001,2020,229
29001,2021,211
29003,2017,140
29003,2018,193
29003,2019,54
29005,2012,60
29005,2020,39
29005,2021,52
29005,2022,45
29005,2023,49
29005,2024,38
29005,2025,29
29007,2012,111
29007,2019,286
29007,2020,261
29007,2021,354
29007,2022,338
29007,2023,221
29007,2024,272
29009,2014,264
29009,2016,332
29009,2017,370
29009,2018,416
29009,2020,492
29009,2021,546
29009,2022,454
29009,2023,357
29009,2024,325
29009,2025,375
29011,2011,78
29011,2015,67
29011,2019,76
29011,2020,142
29011,2021,158
29011,2022,203
29011,2023,118
29011,2024,133
29013,2013,97
29013,2015,97
29013,2017,122
29013,2018,104
29013,2019,112
29013,2020,191
29013,2021,285
29013,2022,212
29013,2023,163
29013,2024,169
29015,2012,20
29015,2016,34
29015,2017,71
29015,2018,29
29015,2021,48
29019,2014,2541
29019,2015,2822
29019,2016,2807
29019,2017,2778
29019,2019,3174
29019,2020,3740
29019,2021,4095
29019,2022,3039
29019,2023,2226
29019,2024,2309
29019,2025,2163
29021,2014,833
29021,2015,861
29021,2017,1087
29021,2018,970
29021,2019,1028
29021,2020,1290
29021,2021,1485
29021,2022,1256
29021,2023,992
29021,2024,1078
29021,2025,1039
29023,2012,347
29023,2014,399
29023,2015,340
29023,2016,451
29023,2017,551
29023,2018,538
29023,2019,589
29023,2020,755
29023,2021,835
29023,2022,739
29023,2023,591
29023,2024,632
29025,2017,63
29025,2018,86
29025,2019,87
29025,2020,120
29025,2021,141
29025,2022,85
29025,2023,70
29025,2024,103
29027,2016,230
29027,2017,507
29027,2018,504
29027,2019,477
29027,2020,501
29027,2021,662
29027,2022,606
29027,2023,453
29027,2024,444
29029,2019,1161
29029,2020,2240
29029,2021,2227
29029,2022,1727
29029,2023,1191
29029,2024,1150
29029,2025,1265
29031,2014,905
29031,2015,1063
29031,2016,1132
29031,2017,1188
29031,2018,1184
29031,2019,1043
29031,2020,1249
29031,2021,1288
29031,2022,1213
29031,2023,937
29031,2024,879
29031,2025,786
29033,2017,54
29033,2022,97
29033,2023,85
29033,2024,77
29033,2025,83
29035,2019,72
29035,2020,74
29035,2021,79
29035,2022,96
29035,2023,78
29035,2024,47
29037,2013,1255
29037,2014,1311
29037,2015,1330
29037,2016,1838
29037,2017,2164
29037,2018,2128
29037,2019,2105
29037,2020,2173
29037,2021,2380
29037,2022,1702
29037,2024,1555
29037,2025,1341
29039,2013,157
29039,2014,129
29039,2015,161
29039,2016,191
29039,2017,233
29039,2018,217
29039,2019,208
29039,2020,255
29039,2021,298
29039,2022,205
29039,2023,201
29039,2024,200
29039,2025,174
29041,2014,34
29041,2015,30
29041,2020,66
29041,2021,97
29041,2022,96
29041,2023,74
29041,2024,80
29041,2025,61
29043,2011,905
29043,2013,1293
29043,2014,691
29043,2015,1423
29043,2016,1792
29043,2017,1844
29043,2018,1805
29043,2019,1974
29043,2020,2315
29043,2021,2031
29043,2022,1507
29045,2017,32
29045,2018,43
29045,2019,55
29045,2020,59
29045,2021,95
29045,2022,68
29045,2023,63
29045,2024,60
29047,2014,3428
29047,2015,4046
29047,2016,3905
29047,2017,4093
29047,2018,4233
29047,2019,3597
29047,2020,4308
29047,2021,4827
29047,2022,3278
29047,2023,2531
29047,2024,3077
29047,2025,2892
29049,2019,362
29049,2020,373
29049,2021,477
29049,2022,322
29049,2023,266
29049,2024,244
29051,2017,963
29051,2018,863
29051,2019,1130
29051,2020,1245
29051,2021,1378
29051,2022,1059
29051,2023,903
29051,2024,1015
29051,2025,896
29053,2017,180
29053,2018,157
29053,2019,165
29053,2021,333
29053,2022,264
29053,2023,184
29053,2024,176
29055,2013,166
29055,2014,144
29055,2015,123
29055,2016,115
29055,2017,138
29055,2018,156
29055,2019,173
29055,2020,190
29055,2021,283
29055,2022,308
29055,2023,190
29055,2024,210
29059,2014,117
29059,2015,162
29059,2016,165
29059,2017,220
29059,2018,242
29059,2019,221
29059,2020,244
29059,2021,292
29059,2022,226
29059,2023,192
29059,2024,178
29061,2017,63
29061,2018,99
29061,2021,121
29061,2022,101
29061,2023,87
29061,2024,78
29063,2012,65
29063,2016,52
29063,2017,66
29063,2018,81
29063,2019,82
29063,2020,74
29063,2021,112
29063,2022,102
29063,2023,67
29063,2024,88
29067,2017,77
29067,2018,87
29067,2019,100
29067,2020,86
29067,2021,158
29067,2022,144
29067,2023,101
29067,2024,85
29067,2025,94
29069,2013,195
29069,2014,212
29069,2015,190
29069,2016,240
29069,2017,240
29069,2018,281
29069,2019,262
29069,2020,254
29069,2021,396
29069,2022,286
29069,2023,235
29069,2024,231
29069,2025,350
29071,2014,1382
29071,2015,1480
29071,2016,1728
29071,2017,1810
29071,2018,1615
29071,2019,1503
29071,2020,1627
29071,2021,1588
29071,2022,1460
29071,2023,1197
29071,2024,1091
29071,2025,945
29073,2016,84
29073,2017,131
29073,2018,176
29073,2019,159
29073,2020,185
29073,2021,208
29073,2022,222
29073,2023,133
29073,2024,140
29073,2025,184
29075,2019,33
29075,2020,70
29075,2021,86
29075,2022,66
29075,2023,58
29075,2024,64
29077,2014,3281
29077,2015,3876
29077,2016,4201
29077,2017,4798
29077,2018,4718
29077,2019,5249
29077,2020,5883
29077,2021,6622
29077,2022,4973
29077,2023,3845
29077,2024,4351
29077,2025,4060
29079,2017,90
29079,2018,60
29079,2019,82
29079,2020,54
29079,2021,88
29079,2023,52
29079,2024,35
29081,2017,41
29081,2018,65
29081,2019,58
29081,2020,60
29081,2021,50
29081,2022,21
29083,2016,122
29083,2017,130
29083,2018,82
29091,2013,318
29091,2014,325
29091,2015,342
29091,2017,418
29091,2018,456
29091,2019,459
29091,2020,553
29091,2021,658
29091,2022,521
29091,2023,428
29091,2025,388
29095,2014,7252
29095,2016,8646
29095,2017,11189
29095,2018,9754
29095,2019,9213
29095,2020,10092
29095,2021,11998
29095,2022,10059
29095,2024,9076
29095,2025,11617
29097,2014,1545
29097,2015,1536
29097,2016,983
29097,2017,1416
29097,2018,1663
29097,2019,1610
29097,2020,2036
29097,2021,2431
29097,2022,2332
29097,2023,1856
29097,2025,1701
29099,2013,2572
29099,2015,3113
29099,2016,3510
29099,2017,3964
29099,2018,3775
29099,2019,4264
29099,2020,4864
29099,2021,5050
29099,2022,3947
29099,2023,3035
29099,2025,2696
29101,2014,572
29101,2015,660
29101,2016,761
29101,2017,831
29101,2019,974
29101,2020,1036
29101,2021,1165
29101,2022,813
29101,2023,702
29101,2024,677
29105,2013,381
29105,2014,391
29105,2015,417
29105,2016,503
29105,2017,492
29105,2018,505
29105,2019,596
29105,2020,568
29105,2021,700
29105,2022,548
29105,2023,400
29105,2024,419
29105,2025,375
29107,2016,248
29107,2017,296
29107,2018,321
29107,2019,265
29107,2020,351
29107,2021,449
29107,2022,468
29107,2023,248
29107,2024,350
29107,2025,325
29109,2014,380
29109,2015,327
29109,2016,432
29109,2017,506
29109,2018,548
29109,2019,588
29109,2020,638
29109,2021,694
29109,2022,617
29109,2023,414
29109,2024,459
29109,2025,458
29111,2017,92
29111,2018,79
29111,2019,100
29111,2020,93
29111,2021,152
29111,2022,106
29111,2023,89
29111,2024,93
29113,2013,674
29113,2014,716
29113,2015,914
29113,2016,1059
29113,2017,1198
29113,2018,1201
29113,2019,1240
29113,2020,1471
29113,2021,1658
29115,2011,115
29115,2015,124
29115,2018,144
29115,2019,109
29115,2020,142
29115,2021,175
29115,2022,161
29115,2023,123
29115,2024,142
29115,2025,72
29117,2011,103
29117,2015,81
29117,2016,129
29117,2017,119
29117,2018,165
29117,2019,173
29117,2020,214
29117,2021,248
29117,2022,191
29117,2023,139
29117,2024,139
29119,2014,135
29119,2015,83
29119,2016,145
29119,2017,175
29119,2018,174
29119,2019,192
29119,2020,233
29119,2021,290
29119,2022,163
29119,2023,157
29119,2024,187
29119,2025,163
29121,2015,140
29121,2016,174
29121,2017,147
29121,2018,167
29121,2019,190
29121,2020,179
29121,2021,191
29121,2022,213
29121,2023,150
29121,2024,151
29121,2025,102
29123,2012,90
29123,2013,84
29123,2014,83
29123,2017,86
29123,2018,143
29123,2019,149
29123,2020,161
29123,2021,205
29123,2022,168
29123,2023,88
29123,2024,134
29125,2015,67
29125,2017,80
29125,2018,81
29125,2019,119
29125,2020,111
29125,2021,109
29125,2022,95
29125,2023,71
29125,2024,98
29125,2025,74
29127,2012,180
29127,2014,194
29127,2015,182
29127,2017,176
29127,2018,203
29127,2019,173
29127,2020,271
29127,2021,398
29127,2022,368
29127,2023,272
29127,2024,282
29131,2015,217
29131,2016,335
29131,2017,358
29131,2018,394
29131,2019,392
29131,2020,437
29131,2021,565
29131,2022,366
29131,2023,272
29131,2024,298
29133,2018,73
29133,2019,76
29133,2021,164
29133,2022,131
29133,2023,123
29133,2024,127
29135,2011,102
29135,2016,155
29135,2017,190
29135,2018,185
29135,2019,190
29135,2020,203
29135,2021,235
29135,2022,192
29135,2023,143
29135,2024,147
29137,2015,53
29137,2016,82
29137,2017,103
29137,2018,100
29137,2019,101
29137,2020,101
29137,2021,127
29137,2022,144
29137,2023,73
29137,2024,73
29137,2025,83
29141,2017,366
29141,2018,326
29141,2019,238
29141,2020,449
29141,2021,610
29141,2022,467
29141,2023,364
29141,2025,369
29143,2014,83
29143,2015,96
29143,2016,122
29143,2017,160
29143,2018,113
29143,2019,157
29143,2020,184
29143,2021,204
29143,2022,156
29143,2023,102
29143,2024,131
29145,2014,599
29145,2018,731
29145,2019,568
29145,2020,621
29145,2021,956
29145,2022,798
29145,2024,685
29147,2017,217
29147,2018,225
29147,2019,280
29147,2020,284
29147,2021,334
29149,2019,121
29149,2020,119
29149,2021,197
29149,2022,133
29149,2023,73
29149,2024,83
29151,2017,121
29151,2018,135
29151,2019,131
29151,2020,157
29151,2021,175
29151,2022,106
29151,2023,67
29151,2024,86
29153,2019,40
29153,2020,108
29153,2021,121
29153,2022,95
29153,2023,82
29153,2024,90
29153,2025,87
29155,2013,83
29155,2015,85
29155,2016,65
29155,2017,87
29155,2018,83
29155,2019,88
29155,2020,77
29155,2021,136
29155,2022,75
29155,2023,69
29155,2024,100
29155,2025,73
29157,2014,179
29157,2015,181
29157,2016,198
29157,2017,245
29157,2018,185
29157,2019,206
29157,2020,218
29157,2021,254
29157,2022,204
29157,2023,151
29157,2024,168
29159,2015,242
29159,2016,447
29159,2017,507
29159,2019,635
29159,2020,668
29159,2021,673
29159,2022,602
29159,2023,502
29159,2024,492
29161,2013,307
29161,2014,367
29161,2015,340
29161,2016,106
29161,2017,180
29161,2018,239
29161,2019,193
29161,2020,262
29161,2022,171
29161,2023,473
29161,2024,414
29161,2025,314
29163,2017,146
29163,2018,203
29163,2019,187
29163,2020,170
29163,2021,279
29163,2022,154
29163,2023,108
29163,2024,151
29165,2013,1419
29165,2015,1389
29165,2016,1944
29165,2017,1954
29165,2018,2200
29165,2019,1949
29165,2020,2145
29165,2021,2050
29165,2022,1475
29165,2023,1093
29165,2025,1200
29167,2016,283
29167,2017,390
29167,2018,430
29167,2019,464
29167,2020,505
29167,2021,635
29167,2023,309
29167,2024,333
29169,2017,522
29169,2018,532
29169,2019,512
29169,2021,487
29169,2023,320
29169,2024,643
29173,2013,66
29173,2017,103
29173,2018,138
29173,2019,145
29173,2020,128
29173,2021,177
29173,2022,133
29173,2023,106
29173,2024,92
29173,2025,95
29175,2017,148
29175,2018,285
29175,2019,256
29175,2020,338
29175,2021,453
29175,2022,360
29175,2023,298
29175,2024,335
29175,2025,365
29179,2017,24
29179,2020,56
29179,2021,78
29179,2022,86
29179,2023,57
29179,2024,55
29179,2025,49
29181,2020,131
29181,2021,241
29181,2022,135
29181,2023,98
29181,2024,120
29183,2014,7305
29183,2015,8951
29183,2016,9016
29183,2017,8704
29183,2018,8616
29183,2019,8736
29183,2020,10231
29183,2021,9272
29183,2022,7266
29183,2023,5296
29183,2025,5290
29185,2013,59
29185,2014,67
29185,2015,66
29185,2016,92
29185,2017,77
29185,2018,124
29185,2019,128
29185,2020,132
29185,2021,157
29185,2022,95
29185,2023,70
29185,2024,88
29186,2014,106
29186,2015,128
29186,2016,146
29186,2017,134
29186,2018,183
29186,2019,244
29186,2020,252
29186,2021,249
29186,2022,218
29186,2023,162
29186,2024,168
29187,2019,389
29187,2020,1018
29187,2021,1109
29187,2022,857
29187,2023,751
29187,2024,681
29189,2014,16144
29189,2015,16769
29189,2016,18151
29189,2017,19670
29189,2018,18475
29189,2019,21549
29189,2020,20620
29189,2021,23088
29189,2022,16544
29189,2023,12840
29189,2025,12315
29195,2015,224
29195,2016,242
29195,2017,242
29195,2018,205
29195,2019,317
29195,2020,309
29195,2021,383
29195,2022,325
29195,2023,231
29195,2024,240
29195,2025,172
29201,2017,436
29201,2018,427
29201,2019,469
29201,2020,524
29201,2021,578
29201,2023,406
29201,2024,270
29201,2025,384
29203,2019,63
29203,2020,90
29203,2021,84
29203,2022,54
29203,2023,56
29203,2024,61
29203,2025,63
29205,2017,67
29205,2018,58
29205,2019,67
29205,2020,69
29205,2021,76
29205,2022,69
29205,2023,62
29205,2024,57
29207,2014,170
29207,2015,266
29207,2016,258
29207,2018,326
29207,2019,370
29207,2020,367
29207,2021,428
29207,2022,411
29207,2023,307
29207,2024,314
29207,2025,238
29209,2012,332
29209,2014,412
29209,2015,366
29209,2016,636
29209,2017,609
29209,2018,608
29209,2019,721
29209,2020,873
29209,2021,1067
29209,2022,866
29209,2023,562
29209,2025,602
29211,2017,22
29211,2018,26
29211,2019,30
29211,2020,24
29211,2021,26
29211,2022,42
29211,2023,19
29211,2024,30
29213,2014,571
29213,2015,450
29213,2016,784
29213,2017,885
29213,2018,946
29213,2019,1003
29213,2021,1433
29213,2022,1156
29213,2023,812
29213,2025,786
29215,2013,144
29215,2015,144
29215,2016,235
29215,2017,222
29215,2018,246
29215,2019,292
29215,2020,335
29215,2021,391
29215,2022,303
29215,2023,177
29215,2024,209
29215,2025,241
29217,2012,170
29217,2014,145
29217,2015,158
29217,2017,126
29217,2018,93
29217,2019,83
29217,2020,125
29217,2021,120
29217,2022,76
29217,2023,82
29219,2011,324
29219,2015,501
29219,2016,546
29219,2017,659
29219,2019,683
29219,2020,863
29219,2021,954
29219,2022,683
29219,2023,468
29219,2024,424
29221,2013,75
29221,2014,34
29221,2016,110
29221,2017,41
29221,2018,49
29221,2019,34
29221,2020,29
29221,2021,30
29221,2022,27
29223,2012,52
29223,2019,36
29223,2020,55
29223,2021,87
29223,2022,95
29223,2023,57
29223,2024,98
29225,2023,136
29225,2024,420
29229,2019,197
29229,2020,259
29229,2021,317
29229,2022,248
29229,2023,158
29229,2024,162
29229,2025,180
29510,2013,3126
29510,2014,3224
29510,2015,4149
29510,2016,4888
29510,2017,5150
29510,2018,6079
29510,2019,6272
29510,2020,7156
29510,2021,8183
29510,2022,5781
29510,2023,4169
29510,2024,4205
29510,2025,3818
30001,2014,57
30001,2015,59
30001,2016,94
30001,2017,121
30001,2018,124
30001,2019,137
30001,2020,158
30001,2021,176
30001,2022,121
30001,2023,86
30001,2024,70
30001,2025,68
30007,2015,75
30007,2016,81
30007,2017,109
30007,2018,110
30007,2019,107
30007,2020,172
30007,2021,214
30007,2022,141
30007,2023,135
30007,2024,116
30007,2025,58
30009,2014,114
30009,2015,143
30009,2016,175
30009,2017,153
30009,2018,159
30009,2019,228
30009,2020,230
30009,2021,215
30013,2014,1070
30013,2015,1145
30013,2016,1201
30013,2017,1215
30013,2018,1225
30013,2019,1432
30013,2020,1696
30013,2021,1727
30013,2022,1231
30013,2023,946
30013,2024,958
30013,2025,853
30021,2014,90
30021,2015,69
30021,2016,76
30021,2017,70
30021,2018,91
30021,2019,116
30021,2020,115
30021,2021,123
30021,2022,103
30021,2023,78
30021,2024,79
30021,2025,47
30023,2015,55
30023,2016,96
30023,2018,51
30023,2019,113
30023,2020,141
30023,2021,181
30023,2022,116
30023,2023,74
30023,2024,75
30023,2025,88
30027,2014,96
30027,2015,108
30027,2016,116
30027,2017,113
30027,2018,165
30027,2019,140
30027,2020,142
30027,2021,188
30027,2022,110
30027,2023,77
30027,2024,77
30027,2025,83
30029,2014,1605
30029,2015,1811
30029,2016,1726
30029,2017,2014
30029,2018,1830
30029,2019,2098
30029,2020,2681
30029,2021,2724
30029,2022,1645
30029,2023,1134
30029,2024,1171
30029,2025,1109
30031,2014,1800
30031,2015,1809
30031,2016,2243
30031,2017,2123
30031,2018,2063
30031,2019,2102
30031,2020,2733
30031,2021,2704
30031,2022,1680
30031,2023,1208
30031,2024,1230
30031,2025,1197
30035,2015,40
30035,2016,43
30035,2017,51
30035,2018,63
30035,2019,64
30035,2020,49
30035,2021,87
30035,2022,50
30035,2023,55
30035,2024,50
30039,2025,247
30043,2014,140
30043,2015,164
30043,2016,115
30043,2017,157
30043,2018,176
30043,2019,175
30043,2020,224
30043,2021,228
30043,2022,150
30043,2023,105
30043,2024,93
30043,2025,124
30047,2014,253
30047,2015,235
30047,2016,331
30047,2017,332
30047,2018,338
30047,2019,348
30047,2020,530
30047,2021,532
30047,2022,301
30047,2023,170
30047,2024,203
30047,2025,205
30049,2014,955
30049,2015,1075
30049,2016,1209
30049,2017,1168
30049,2018,1151
30049,2019,1198
30049,2020,1558
30049,2021,1536
30049,2022,1021
30049,2023,657
30049,2024,776
30049,2025,711
30053,2014,173
30053,2016,226
30053,2017,254
30053,2018,287
30053,2019,296
30053,2020,409
30053,2021,532
30053,2022,340
30053,2023,171
30053,2024,211
30053,2025,217
30057,2017,72
30057,2018,101
30057,2019,120
30057,2020,159
30057,2021,114
30057,2022,138
30057,2023,86
30057,2024,112
30057,2025,134
30059,2014,19
30059,2015,21
30059,2016,18
30059,2017,21
30059,2018,23
30059,2019,16
30059,2020,32
30059,2021,44
30059,2022,26
30059,2023,16
30059,2024,17
30059,2025,8
30061,2014,40
30061,2015,40
30061,2016,72
30061,2017,69
30061,2018,84
30061,2019,103
30061,2020,128
30061,2021,109
30061,2022,72
30061,2023,50
30061,2024,41
30061,2025,59
30063,2014,1303
30063,2015,1599
30063,2016,1680
30063,2017,1746
30063,2018,1755
30063,2019,1682
30063,2020,2191
30063,2021,1998
30063,2022,1391
30063,2023,930
30063,2024,929
30063,2025,949
30067,2014,156
30067,2015,193
30067,2016,229
30067,2017,257
30067,2018,303
30067,2019,271
30067,2020,297
30067,2021,282
30067,2022,194
30067,2023,183
30067,2024,169
30067,2025,109
30073,2014,40
30073,2015,49
30073,2016,44
30073,2017,49
30073,2018,50
30073,2019,67
30073,2020,70
30073,2021,76
30073,2022,51
30073,2023,43
30073,2024,46
30073,2025,28
30077,2017,54
30077,2018,53
30077,2019,59
30077,2020,105
30077,2021,103
30077,2022,55
30077,2023,52
30077,2024,55
30077,2025,45
30081,2014,377
30081,2015,522
30081,2016,639
30081,2017,632
30081,2018,735
30081,2019,804
30081,2020,875
30081,2021,1073
30081,2022,656
30081,2023,424
30081,2024,416
30081,2025,405
30087,2014,77
30087,2015,80
30087,2016,58
30087,2017,59
30087,2018,58
30087,2019,71
30087,2020,68
30087,2021,106
30087,2022,59
30087,2023,54
30087,2024,59
30087,2025,46
30089,2014,70
30089,2017,104
30089,2018,90
30089,2019,140
30089,2020,193
30089,2021,214
30089,2022,152
30089,2023,70
30089,2024,105
30089,2025,120
30093,2016,220
30093,2017,372
30093,2018,416
30093,2019,382
30093,2020,399
30093,2021,666
30093,2022,531
30093,2023,348
30093,2024,420
30093,2025,411
30097,2014,28
30097,2016,12
30097,2017,25
30097,2018,22
30097,2019,40
30097,2020,47
30097,2021,43
30097,2022,30
30097,2023,18
30097,2024,25
30097,2025,26
30101,2014,32
30101,2015,37
30101,2016,44
30101,2017,38
30101,2018,60
30101,2019,42
30101,2020,48
30101,2021,51
30101,2022,59
30101,2023,47
30101,2024,39
30101,2025,22
30111,2014,2313
30111,2015,2601
30111,2016,2242
30111,2017,2034
30111,2018,1867
30111,2019,2273
30111,2020,3305
30111,2021,3278
30111,2022,2378
30111,2023,1667
30111,2024,1717
30111,2025,1803
31001,2017,181
31001,2018,357
31001,2019,321
31001,2020,491
31001,2021,642
31001,2022,501
31001,2023,528
31001,2024,528
31003,2014,92
31003,2015,58
31003,2016,62
31003,2017,53
31003,2018,83
31003,2019,66
31003,2020,69
31003,2021,91
31003,2022,93
31003,2023,108
31003,2024,113
31011,2012,92
31011,2015,77
31011,2016,82
31011,2017,94
31011,2018,88
31011,2019,104
31011,2020,96
31011,2021,81
31011,2022,76
31011,2023,73
31011,2024,67
31013,2014,197
31013,2015,208
31013,2016,163
31013,2017,195
31013,2018,169
31013,2019,196
31013,2020,210
31013,2021,192
31013,2022,99
31013,2023,128
31013,2024,143
31015,2012,33
31015,2014,33
31015,2015,10
31015,2016,11
31015,2017,23
31015,2018,21
31015,2019,15
31015,2020,21
31015,2021,41
31015,2022,24
31015,2023,32
31015,2024,40
31017,2017,50
31017,2018,57
31017,2019,67
31017,2020,65
31017,2021,68
31017,2022,73
31017,2023,76
31017,2024,84
31019,2014,448
31019,2015,390
31019,2016,448
31019,2017,549
31019,2018,600
31019,2019,560
31019,2020,644
31019,2021,1023
31019,2022,735
31019,2023,681
31019,2024,852
31021,2013,73
31021,2015,83
31021,2017,102
31021,2018,85
31021,2019,89
31021,2020,125
31021,2021,152
31021,2022,143
31021,2023,114
31021,2024,140
31023,2017,92
31023,2018,130
31023,2019,121
31023,2020,147
31023,2021,110
31023,2022,94
31023,2023,144
31023,2024,144
31025,2017,344
31025,2018,532
31025,2019,581
31025,2020,619
31025,2021,697
31025,2022,569
31025,2023,466
31025,2024,543
31027,2013,156
31027,2014,134
31027,2015,148
31027,2016,135
31027,2017,131
31027,2018,123
31027,2019,105
31027,2020,141
31027,2021,178
31027,2022,124
31027,2023,162
31027,2024,127
31029,2011,58
31029,2013,67
31029,2015,85
31029,2016,79
31029,2017,59
31029,2018,57
31029,2019,64
31029,2020,72
31029,2021,96
31029,2022,88
31029,2023,81
31029,2024,25
31031,2015,31
31031,2016,43
31031,2017,103
31031,2018,98
31031,2019,81
31031,2020,84
31031,2021,96
31031,2022,71
31031,2023,57
31031,2024,44
31033,2017,143
31033,2018,279
31033,2019,263
31033,2020,279
31033,2021,246
31033,2022,202
31033,2023,191
31033,2024,125
31035,2017,47
31035,2018,84
31035,2019,99
31035,2020,124
31035,2021,135
31035,2022,131
31035,2023,118
31035,2024,124
31037,2014,65
31037,2015,71
31037,2016,64
31037,2017,80
31037,2018,84
31037,2019,77
31037,2020,84
31037,2021,131
31037,2022,112
31037,2023,112
31037,2024,124
31039,2013,61
31039,2014,62
31039,2016,75
31039,2017,99
31039,2018,121
31039,2019,123
31039,2020,139
31039,2021,164
31039,2022,123
31039,2023,165
31039,2024,149
31041,2014,165
31041,2015,152
31041,2016,195
31041,2017,63
31041,2019,91
31041,2020,114
31041,2021,43
31041,2023,41
31041,2024,134
31043,2014,180
31043,2016,184
31043,2017,209
31043,2018,193
31043,2019,224
31043,2020,184
31043,2021,253
31043,2022,185
31043,2023,222
31043,2024,183
31045,2012,62
31045,2015,108
31045,2016,114
31045,2017,157
31045,2018,123
31045,2019,122
31045,2020,162
31045,2021,153
31045,2022,170
31045,2023,158
31045,2024,133
31047,2013,236
31047,2014,238
31047,2015,131
31047,2016,233
31047,2017,271
31047,2018,280
31047,2019,292
31047,2020,279
31047,2021,433
31047,2022,336
31047,2023,326
31047,2024,393
31049,2013,36
31049,2014,43
31049,2015,37
31049,2016,35
31049,2017,29
31049,2018,42
31049,2019,52
31049,2020,55
31049,2021,58
31049,2022,39
31049,2023,27
31051,2014,95
31051,2015,91
31051,2016,107
31051,2017,71
31051,2018,85
31051,2019,76
31051,2020,113
31051,2021,140
31051,2022,103
31051,2023,97
31051,2024,68
31053,2015,699
31053,2016,543
31053,2017,710
31053,2018,747
31053,2019,727
31053,2020,776
31053,2021,898
31053,2022,827
31053,2023,664
31053,2024,447
31055,2014,10333
31055,2015,11220
31055,2016,11395
31055,2017,11801
31055,2018,11776
31055,2019,11643
31055,2020,12044
31055,2021,13163
31055,2022,6633
31055,2023,9775
31057,2014,40
31057,2015,48
31057,2016,30
31057,2017,39
31057,2018,42
31057,2019,29
31057,2020,43
31057,2021,41
31057,2022,32
31057,2023,29
31057,2024,14
31059,2013,97
31059,2014,97
31059,2015,109
31059,2016,101
31059,2017,115
31059,2018,111
31059,2019,99
31059,2020,121
31059,2021,132
31059,2022,122
31059,2023,100
31059,2024,123
31061,2014,43
31061,2015,57
31061,2016,50
31061,2017,54
31061,2018,68
31061,2019,36
31061,2020,79
31061,2021,87
31061,2022,70
31061,2023,56
31061,2024,41
31063,2020,33
31063,2021,55
31063,2022,41
31063,2023,52
31063,2024,55
31063,2025,46
31065,2012,104
31065,2014,105
31065,2015,103
31065,2016,124
31065,2017,83
31065,2018,113
31065,2019,100
31065,2020,98
31065,2021,71
31065,2022,75
31065,2023,68
31065,2024,41
31067,2014,246
31067,2015,244
31067,2016,253
31067,2017,307
31067,2018,320
31067,2019,316
31067,2020,382
31067,2021,490
31067,2022,460
31067,2023,457
31067,2024,421
31069,2012,76
31069,2013,54
31069,2014,54
31069,2015,54
31069,2016,36
31069,2017,39
31069,2018,36
31069,2019,27
31069,2020,44
31069,2021,58
31069,2022,67
31069,2023,40
31069,2024,50
31071,2013,40
31071,2015,48
31071,2016,41
31071,2017,40
31071,2019,60
31071,2020,53
31071,2021,60
31071,2022,56
31071,2023,51
31071,2024,46
31073,2014,48
31073,2015,60
31073,2016,34
31073,2017,33
31073,2018,46
31073,2019,45
31073,2020,56
31073,2021,50
31073,2022,41
31073,2023,51
31073,2024,36
31077,2010,34
31077,2015,42
31077,2016,40
31077,2017,33
31077,2018,22
31077,2019,41
31077,2020,40
31077,2021,41
31077,2022,38
31077,2023,33
31077,2024,22
31079,2014,892
31079,2015,837
31079,2016,944
31079,2017,1052
31079,2019,908
31079,2020,958
31079,2021,1097
31079,2022,589
31079,2023,830
31079,2024,787
31081,2010,122
31081,2017,131
31081,2018,157
31081,2019,163
31081,2020,199
31081,2021,221
31081,2022,162
31081,2023,199
31081,2024,180
31083,2015,96
31083,2016,82
31083,2017,72
31083,2018,62
31083,2019,100
31083,2020,119
31083,2021,103
31083,2022,64
31083,2023,70
31087,2013,56
31087,2014,52
31087,2016,59
31087,2017,68
31087,2018,59
31087,2019,64
31087,2020,81
31087,2021,90
31087,2022,73
31087,2023,61
31087,2024,32
31089,2015,67
31089,2016,155
31089,2017,167
31089,2018,142
31089,2019,144
31089,2020,156
31089,2021,160
31089,2022,146
31089,2023,155
31089,2024,82
31093,2017,100
31093,2018,103
31093,2019,91
31093,2020,117
31093,2021,113
31093,2022,97
31093,2023,108
31093,2024,114
31095,2014,49
31095,2015,149
31095,2016,146
31095,2017,124
31095,2018,137
31095,2019,146
31095,2020,110
31095,2021,140
31095,2023,134
31095,2024,149
31097,2014,67
31097,2015,75
31097,2016,51
31097,2017,62
31097,2018,82
31097,2019,71
31097,2020,81
31097,2021,89
31097,2022,80
31097,2023,76
31097,2024,39
31099,2014,56
31099,2017,114
31099,2018,96
31099,2019,129
31099,2020,106
31099,2021,105
31099,2022,62
31099,2023,124
31099,2024,96
31101,2010,95
31101,2015,159
31101,2016,147
31101,2017,176
31101,2018,175
31101,2019,192
31101,2020,194
31101,2021,224
31101,2022,126
31101,2023,201
31101,2024,180
31105,2013,94
31105,2014,81
31105,2015,91
31105,2016,68
31105,2017,91
31105,2018,72
31105,2019,84
31105,2020,107
31105,2021,103
31105,2022,61
31105,2023,47
31105,2024,23
31107,2018,85
31107,2019,110
31107,2020,134
31107,2021,161
31107,2022,141
31107,2023,178
31107,2024,148
31109,2013,5347
31109,2014,5635
31109,2015,6101
31109,2016,5976
31109,2017,6435
31109,2018,6390
31109,2019,6432
31109,2020,6788
31109,2021,6602
31109,2022,5333
31109,2023,4930
31109,2024,5696
31109,2025,5380
31111,2014,450
31111,2016,387
31111,2017,480
31111,2018,494
31111,2019,490
31111,2020,563
31111,2021,749
31111,2022,705
31111,2023,573
31111,2024,619
31119,2013,477
31119,2014,442
31119,2015,317
31119,2016,452
31119,2017,574
31119,2018,567
31119,2019,651
31119,2020,653
31119,2021,765
31119,2022,684
31119,2023,519
31119,2024,570
31121,2012,86
31121,2014,122
31121,2015,121
31121,2016,137
31121,2017,127
31121,2018,175
31121,2019,144
31121,2020,126
31121,2021,160
31121,2022,112
31121,2023,137
31121,2024,160
31123,2013,87
31123,2014,97
31123,2015,94
31123,2016,100
31123,2017,86
31123,2018,88
31123,2019,82
31123,2020,87
31123,2021,61
31123,2022,85
31123,2023,63
31123,2024,57
31125,2014,41
31125,2015,62
31125,2016,69
31125,2017,62
31125,2018,57
31125,2019,53
31125,2020,69
31125,2021,80
31125,2022,62
31125,2023,63
31125,2024,71
31127,2016,71
31127,2017,74
31127,2019,149
31127,2020,152
31127,2021,175
31127,2022,145
31127,2023,149
31127,2024,148
31129,2011,78
31129,2014,86
31129,2015,95
31129,2016,91
31129,2017,87
31129,2018,82
31129,2019,62
31129,2020,100
31129,2021,97
31129,2022,88
31129,2023,99
31129,2024,88
31131,2012,138
31131,2014,195
31131,2015,200
31131,2016,205
31131,2017,249
31131,2018,254
31131,2019,233
31131,2020,258
31131,2021,310
31131,2022,255
31131,2023,292
31131,2024,295
31133,2012,28
31133,2013,35
31133,2016,24
31133,2017,49
31133,2018,35
31133,2019,49
31133,2020,55
31133,2021,50
31133,2022,45
31133,2023,74
31133,2024,70
31135,2014,64
31135,2015,65
31135,2017,60
31135,2018,57
31135,2019,46
31135,2020,61
31135,2021,97
31135,2022,76
31135,2023,55
31135,2024,48
31137,2013,147
31137,2014,93
31137,2015,73
31137,2016,154
31137,2017,155
31137,2018,148
31137,2019,165
31137,2020,193
31137,2021,182
31137,2022,172
31137,2023,152
31137,2024,136
31139,2014,82
31139,2015,70
31139,2016,89
31139,2017,94
31139,2018,86
31139,2019,112
31139,2020,111
31139,2021,147
31139,2022,146
31139,2023,121
31139,2024,118
31141,2017,410
31141,2018,604
31141,2019,517
31141,2020,639
31141,2021,697
31141,2022,652
31141,2023,465
31141,2024,457
31143,2013,70
31143,2014,86
31143,2015,96
31143,2017,84
31143,2018,83
31143,2019,99
31143,2020,105
31143,2021,123
31143,2022,102
31143,2023,90
31143,2024,53
31145,2014,99
31145,2016,111
31145,2017,149
31145,2018,163
31145,2019,147
31145,2020,154
31145,2021,278
31145,2022,223
31145,2023,210
31145,2024,202
31145,2025,182
31147,2015,157
31147,2016,158
31147,2017,145
31147,2018,157
31147,2019,171
31147,2020,130
31147,2021,95
31147,2022,103
31147,2023,87
31147,2024,123
31147,2025,47
31149,2014,22
31149,2015,42
31149,2016,27
31149,2017,32
31149,2018,33
31149,2019,33
31149,2020,28
31149,2021,31
31149,2022,39
31149,2023,33
31149,2024,24
31151,2017,99
31151,2018,160
31151,2019,182
31151,2020,183
31151,2021,198
31151,2022,151
31151,2023,180
31151,2024,189
31153,2012,3155
31153,2014,3727
31153,2015,4232
31153,2016,4373
31153,2017,4401
31153,2018,4402
31153,2019,4550
31153,2020,4562
31153,2021,4382
31153,2022,3705
31153,2023,3528
31153,2024,4202
31153,2025,3934
31155,2016,341
31155,2017,378
31155,2018,530
31155,2019,484
31155,2020,539
31155,2021,488
31155,2022,358
31155,2023,351
31155,2024,418
31157,2012,539
31157,2014,356
31157,2015,404
31157,2016,307
31157,2018,348
31157,2019,384
31157,2020,595
31157,2021,892
31157,2022,844
31157,2023,573
31157,2024,627
31159,2013,202
31159,2015,167
31159,2016,211
31159,2017,271
31159,2018,258
31159,2019,248
31159,2020,370
31159,2021,308
31159,2022,330
31159,2023,242
31159,2024,259
31161,2012,77
31161,2014,79
31161,2015,84
31161,2016,73
31161,2017,93
31161,2018,82
31161,2019,79
31161,2020,124
31161,2021,112
31161,2022,116
31161,2023,68
31161,2024,44
31163,2013,44
31163,2015,54
31163,2016,61
31163,2017,44
31163,2018,71
31163,2019,61
31163,2020,67
31163,2021,79
31163,2022,71
31163,2023,66
31167,2013,83
31167,2014,73
31167,2015,68
31167,2017,78
31167,2018,92
31167,2019,98
31167,2020,84
31167,2021,82
31167,2022,65
31167,2023,77
31167,2024,89
31169,2013,117
31169,2014,114
31169,2015,107
31169,2016,107
31169,2017,98
31169,2018,106
31169,2019,96
31169,2020,101
31169,2021,163
31169,2022,134
31169,2023,144
31169,2024,107
31173,2013,47
31173,2014,49
31173,2015,44
31173,2016,47
31173,2017,37
31173,2018,45
31173,2019,45
31173,2020,44
31173,2021,81
31173,2022,74
31173,2023,75
31173,2024,50
31175,2014,81
31175,2015,73
31175,2016,73
31175,2017,91
31175,2018,79
31175,2019,51
31175,2020,108
31175,2021,63
31175,2022,51
31175,2023,62
31175,2024,44
31177,2014,227
31177,2015,294
31177,2016,334
31177,2017,355
31177,2018,395
31177,2019,311
31177,2020,355
31177,2021,424
31177,2022,311
31177,2023,304
31177,2024,289
31179,2013,70
31179,2014,87
31179,2015,74
31179,2017,77
31179,2018,84
31179,2019,103
31179,2020,110
31179,2021,135
31179,2022,133
31179,2023,113
31179,2024,119
31181,2014,42
31181,2015,66
31181,2016,60
31181,2017,69
31181,2018,78
31181,2019,67
31181,2020,66
31181,2021,101
31181,2022,89
31181,2023,93
31181,2024,84
31183,2013,12
31183,2014,25
31183,2015,14
31183,2016,17
31183,2017,15
31183,2018,13
31183,2019,22
31183,2020,13
31183,2021,18
31183,2022,17
31183,2023,14
31183,2024,18
31185,2017,147
31185,2018,242
31185,2019,216
31185,2020,252
31185,2021,334
31185,2022,214
31185,2023,234
31185,2024,220
32001,2014,423
32001,2015,435
32001,2016,598
32001,2017,568
32001,2018,654
32001,2019,621
32001,2020,489
32001,2021,620
32001,2022,589
32001,2023,441
32001,2024,435
32001,2025,388
32003,2014,46076
32003,2015,48459
32003,2016,51762
32003,2017,57807
32003,2018,58054
32003,2019,55735
32003,2020,53362
32003,2021,70266
32003,2022,55456
32003,2023,42889
32003,2024,44985
32003,2025,32725
32005,2014,1232
32005,2015,1311
32005,2016,1625
32005,2017,1581
32005,2018,1596
32005,2019,1519
32005,2020,1737
32005,2021,1618
32005,2022,1145
32005,2023,1036
32005,2024,1188
32005,2025,980
32007,2014,939
32007,2015,1025
32007,2016,1098
32007,2017,1149
32007,2018,1301
32007,2019,1203
32007,2020,1338
32007,2021,1445
32007,2022,1288
32007,2023,1009
32007,2024,984
32007,2025,839
32011,2014,40
32011,2015,48
32011,2016,25
32011,2017,35
32011,2018,41
32011,2019,40
32011,2020,48
32011,2021,46
32011,2022,60
32011,2023,50
32011,2024,55
32011,2025,44
32013,2014,374
32013,2015,373
32013,2016,382
32013,2017,403
32013,2018,543
32013,2019,531
32013,2020,624
32013,2021,594
32013,2022,622
32013,2023,493
32013,2024,488
32013,2025,441
32015,2014,122
32015,2015,111
32015,2016,134
32015,2017,96
32015,2018,116
32015,2019,138
32015,2020,123
32015,2021,168
32015,2022,146
32015,2023,105
32015,2024,129
32015,2025,134
32017,2014,68
32017,2015,88
32017,2016,71
32017,2017,80
32017,2018,89
32017,2019,81
32017,2020,101
32017,2021,149
32017,2022,115
32017,2023,77
32017,2024,80
32017,2025,89
32019,2014,1535
32019,2015,1742
32019,2016,1827
32019,2017,2105
32019,2018,2246
32019,2019,2014
32019,2020,2069
32019,2021,2393
32019,2022,1835
32019,2023,1402
32019,2024,1475
32019,2025,1224
32021,2017,55
32021,2018,83
32021,2019,43
32021,2021,116
32021,2022,130
32021,2023,106
32021,2024,111
32021,2025,107
32023,2014,843
32023,2015,1177
32023,2016,1374
32023,2017,1551
32023,2018,2158
32023,2019,1675
32023,2020,1784
32023,2021,2611
32023,2022,2072
32023,2023,1652
32023,2024,1757
32023,2025,1393
32027,2014,69
32027,2015,73
32027,2016,61
32027,2017,93
32027,2020,94
32027,2021,232
32027,2022,171
32027,2023,190
32027,2024,143
32027,2025,108
32029,2014,122
32029,2015,130
32029,2016,114
32029,2017,147
32029,2018,114
32029,2019,134
32029,2020,135
32029,2021,145
32029,2022,156
32029,2023,116
32029,2024,116
32029,2025,89
32031,2013,9191
32031,2014,9588
32031,2015,10066
32031,2016,11073
32031,2017,11737
32031,2018,11071
32031,2019,11365
32031,2020,11305
32031,2021,12451
32031,2022,9228
32031,2023,7311
32031,2024,7578
32031,2025,6683
32033,2017,206
32033,2018,214
32033,2019,219
32033,2020,261
32033,2021,275
32033,2022,364
32033,2023,287
32033,2024,306
32033,2025,252
32510,2014,553
32510,2015,993
32510,2016,972
32510,2017,1236
32510,2018,1118
32510,2019,1053
32510,2020,520
32510,2021,1249
32510,2022,1057
32510,2023,787
32510,2025,751
33001,2013,1103
33001,2014,1091
33001,2015,1551
33001,2016,1664
33001,2017,1647
33001,2018,1609
33001,2019,1598
33001,2020,1640
33001,2021,1506
33001,2022,1208
33001,2023,909
33001,2024,882
33003,2013,1060
33003,2014,1275
33003,2015,1433
33003,2016,1496
33003,2017,1315
33003,2018,1693
33003,2019,1416
33003,2020,1416
33003,2021,1348
33003,2022,1044
33003,2023,810
33003,2024,833
33005,2013,524
33005,2014,690
33005,2015,910
33005,2016,1111
33005,2017,997
33005,2018,1334
33005,2019,1270
33005,2020,1149
33005,2021,1265
33005,2022,1085
33005,2023,833
33005,2024,829
33007,2013,372
33007,2014,418
33007,2015,404
33007,2016,525
33007,2017,474
33007,2018,725
33007,2019,410
33007,2020,574
33007,2021,655
33007,2022,569
33007,2023,478
33007,2024,420
33009,2013,1184
33009,2014,1465
33009,2015,1754
33009,2016,1621
33009,2017,1528
33009,2018,1925
33009,2019,1621
33009,2020,1528
33009,2021,1771
33009,2022,1370
33009,2023,1170
33009,2024,1039
33011,2013,4102
33011,2014,5543
33011,2015,6244
33011,2016,7190
33011,2017,7305
33011,2018,7427
33011,2019,6993
33011,2020,6838
33011,2021,6598
33011,2022,5647
33011,2023,4333
33011,2024,4210
33013,2013,1507
33013,2014,2041
33013,2015,2082
33013,2016,2435
33013,2017,2737
33013,2018,2771
33013,2019,2558
33013,2020,2570
33013,2021,2298
33013,2022,2126
33013,2023,1566
33013,2024,1630
33015,2013,3973
33015,2014,5183
33015,2015,6042
33015,2016,6378
33015,2017,6141
33015,2018,5772
33015,2019,5407
33015,2020,5584
33015,2021,5366
33015,2022,4561
33015,2023,3434
33015,2024,3501
33017,2013,1101
33017,2014,1906
33017,2015,1985
33017,2016,2280
33017,2017,2366
33017,2018,2544
33017,2019,2176
33017,2020,2025
33017,2021,2008
33017,2022,1682
33017,2023,1165
33017,2024,1258
33019,2013,660
33019,2014,625
33019,2015,672
33019,2016,784
33019,2017,817
33019,2018,786
33019,2019,690
33019,2020,760
33019,2021,691
33019,2022,669
33019,2023,505
33019,2024,511
34001,2014,3524
34001,2015,4065
34001,2016,5577
34001,2017,5766
34001,2018,6302
34001,2019,6268
34001,2020,6327
34001,2021,7753
34001,2022,7220
34001,2023,5042
34001,2024,5041
34001,2025,4154
34003,2014,9231
34003,2015,9699
34003,2016,10321
34003,2017,11317
34003,2018,12314
34003,2019,10985
34003,2020,10136
34003,2021,16373
34003,2022,13032
34003,2023,9503
34003,2024,8505
34003,2025,8121
34005,2014,5505
34005,2015,6267
34005,2016,6697
34005,2017,8017
34005,2018,8347
34005,2019,8283
34005,2020,7750
34005,2021,10244
34005,2022,9595
34005,2024,6194
34005,2025,5290
34007,2014,5360
34007,2015,5895
34007,2016,7794
34007,2017,8399
34007,2018,8925
34007,2019,8565
34007,2020,8541
34007,2021,9463
34007,2022,10236
34007,2023,7022
34007,2024,6657
34007,2025,5903
34009,2014,3161
34009,2015,3647
34009,2016,3543
34009,2017,4325
34009,2018,4521
34009,2019,4084
34009,2020,4589
34009,2021,5476
34009,2022,4000
34009,2024,3030
34009,2025,3019
34011,2014,1201
34011,2015,1435
34011,2016,1469
34011,2017,1658
34011,2018,1866
34011,2019,1977
34011,2020,1960
34011,2021,2429
34011,2022,2432
34011,2023,1879
34011,2024,1824
34011,2025,1488
34013,2014,6335
34013,2015,6880
34013,2016,8706
34013,2017,8524
34013,2018,9146
34013,2019,8768
34013,2020,8766
34013,2021,11026
34013,2022,9371
34013,2024,6607
34013,2025,5554
34015,2014,3228
34015,2015,3647
34015,2016,4208
34015,2017,5071
34015,2018,5414
34015,2019,5482
34015,2020,5551
34015,2021,6658
34015,2022,5444
34015,2024,3999
34015,2025,3516
34017,2014,5154
34017,2015,6144
34017,2016,6115
34017,2017,6368
34017,2018,6420
34017,2019,5576
34017,2020,4418
34017,2021,7600
34017,2022,6779
34017,2023,4812
34017,2024,4781
34017,2025,4249
34019,2014,1675
34019,2015,1738
34019,2016,1917
34019,2017,2045
34019,2018,2192
34019,2019,2107
34019,2020,2475
34019,2021,2837
34019,2022,2250
34019,2023,1662
34019,2024,1729
34019,2025,1145
34021,2014,4225
34021,2015,4638
34021,2016,5375
34021,2017,5820
34021,2018,6240
34021,2019,6044
34021,2020,5486
34021,2021,7016
34021,2022,5879
34021,2024,4486
34021,2025,3522
34023,2014,7554
34023,2015,7893
34023,2016,9108
34023,2017,10772
34023,2018,12043
34023,2019,10854
34023,2020,10269
34023,2021,13008
34023,2022,11551
34023,2023,8438
34023,2024,7822
34023,2025,6326
34025,2014,8631
34025,2015,9227
34025,2016,9823
34025,2017,11123
34025,2018,12256
34025,2019,11127
34025,2020,11266
34025,2021,14084
34025,2022,11129
34025,2023,8366
34025,2024,8402
34025,2025,6845
34027,2014,6103
34027,2015,6708
34027,2016,7199
34027,2017,7558
34027,2018,7629
34027,2019,7283
34027,2020,7501
34027,2021,8771
34027,2022,8945
34027,2024,5778
34027,2025,5026
34029,2014,10037
34029,2015,12150
34029,2016,13180
34029,2017,14870
34029,2018,16297
34029,2019,15465
34029,2020,16816
34029,2021,18823
34029,2022,14602
34029,2023,11128
34029,2024,10864
34029,2025,9333
34031,2014,3846
34031,2015,4608
34031,2016,5470
34031,2017,6111
34031,2018,6428
34031,2019,5845
34031,2020,5342
34031,2021,7048
34031,2022,5964
34031,2024,4009
34031,2025,3521
34033,2014,660
34033,2015,646
34033,2016,808
34033,2017,982
34033,2018,1100
34033,2019,1098
34033,2020,1130
34033,2021,1458
34033,2022,1356
34033,2023,1088
34033,2024,975
34035,2014,4250
34035,2015,4771
34035,2016,5065
34035,2017,5126
34035,2018,5261
34035,2019,5248
34035,2020,5262
34035,2021,6495
34035,2022,5365
34035,2024,3909
34037,2014,2002
34037,2015,2301
34037,2016,2606
34037,2017,3250
34037,2018,3526
34037,2019,3295
34037,2020,3218
34037,2021,4547
34037,2022,4037
34037,2023,2738
34037,2024,2603
34039,2014,5069
34039,2015,6070
34039,2016,7415
34039,2017,7664
34039,2018,8145
34039,2019,7435
34039,2020,6874
34039,2021,8383
34039,2022,6908
34039,2023,5253
34039,2024,4872
34039,2025,4159
34041,2014,1195
34041,2015,1341
34041,2016,1484
34041,2017,1785
34041,2018,2150
34041,2019,2180
34041,2020,1964
34041,2021,2449
34041,2022,2098
34041,2023,1538
34041,2024,1511
35001,2013,8057
35001,2014,7316
35001,2015,8615
35001,2016,8923
35001,2017,10230
35001,2018,10595
35001,2019,10946
35001,2020,12635
35001,2021,13411
35001,2022,9444
35001,2023,6439
35001,2024,6287
35005,2014,421
35005,2015,431
35005,2016,442
35005,2017,514
35005,2018,627
35005,2019,757
35005,2020,684
35005,2021,830
35005,2022,691
35005,2023,532
35005,2024,553
35005,2025,505
35006,2014,50
35006,2016,52
35006,2017,66
35006,2018,82
35006,2019,73
35006,2020,77
35006,2021,90
35006,2022,83
35006,2023,73
35006,2024,59
35007,2013,92
35007,2015,87
35007,2017,185
35007,2018,180
35007,2019,213
35007,2020,315
35007,2021,310
35007,2022,226
35007,2023,163
35007,2024,172
35009,2014,408
35009,2015,496
35009,2016,567
35009,2017,518
35009,2018,653
35009,2019,609
35009,2020,706
35009,2021,903
35009,2022,888
35009,2023,606
35009,2024,567
35009,2025,335
35013,2014,1753
35013,2015,1669
35013,2016,2024
35013,2017,2290
35013,2018,2540
35013,2019,2596
35013,2020,2909
35013,2021,3418
35013,2022,2632
35013,2023,1644
35013,2024,1021
35013,2025,1311
35015,2017,263
35015,2018,309
35015,2019,358
35015,2020,472
35015,2021,479
35015,2022,378
35015,2023,325
35015,2024,322
35025,2017,533
35025,2018,741
35025,2019,891
35025,2020,839
35025,2021,902
35025,2022,698
35025,2023,591
35025,2024,558
35027,2014,257
35027,2015,259
35027,2017,346
35027,2018,390
35027,2019,407
35027,2020,532
35027,2021,603
35027,2022,415
35027,2023,267
35027,2024,272
35027,2025,259
35028,2011,213
35028,2013,222
35028,2014,204
35028,2017,347
35028,2018,377
35028,2019,345
35028,2020,369
35028,2021,400
35028,2022,319
35028,2023,230
35028,2024,280
35028,2025,235
35029,2019,64
35029,2020,69
35029,2021,163
35029,2022,116
35029,2023,88
35029,2024,115
35029,2025,121
35031,2014,112
35031,2015,151
35031,2017,80
35031,2018,139
35031,2019,147
35031,2022,171
35031,2023,105
35031,2024,86
35031,2025,102
35035,2014,479
35035,2015,550
35035,2016,615
35035,2017,663
35035,2018,794
35035,2019,811
35035,2020,1011
35035,2021,1236
35035,2022,939
35035,2023,617
35035,2024,692
35035,2025,633
35037,2015,29
35037,2016,50
35037,2017,50
35037,2018,57
35037,2019,49
35037,2020,44
35037,2021,89
35037,2022,76
35037,2023,35
35037,2024,36
35037,2025,55
35039,2015,69
35039,2016,148
35039,2017,159
35039,2018,169
35039,2019,158
35039,2020,178
35039,2021,255
35039,2022,179
35039,2023,119
35039,2024,130
35041,2015,128
35041,2016,138
35041,2017,158
35041,2018,140
35041,2019,145
35041,2020,203
35041,2021,249
35041,2022,187
35041,2023,142
35041,2024,132
35043,2013,1328
35043,2014,2046
35043,2016,2535
35043,2017,2576
35043,2018,2618
35043,2019,3003
35043,2020,3603
35043,2021,3965
35043,2022,2643
35043,2023,1902
35043,2024,1909
35045,2014,846
35045,2015,812
35045,2016,812
35045,2017,934
35045,2018,967
35045,2019,947
35045,2020,1098
35045,2021,1452
35045,2022,1099
35045,2023,781
35045,2024,663
35047,2018,179
35047,2019,74
35047,2021,212
35047,2022,120
35049,2014,1598
35049,2015,1714
35049,2016,1742
35049,2017,2187
35049,2018,2229
35049,2019,2406
35049,2020,2498
35049,2021,2739
35049,2022,1779
35049,2023,1204
35049,2024,890
35049,2025,1195
35051,2014,53
35051,2015,51
35051,2016,73
35051,2017,116
35051,2018,113
35051,2019,112
35051,2020,132
35051,2021,181
35051,2022,98
35051,2023,91
35051,2025,81
35053,2016,49
35053,2017,67
35053,2018,70
35053,2019,72
35053,2020,87
35053,2021,116
35053,2022,72
35053,2023,50
35053,2024,67
35055,2017,214
35055,2018,243
35055,2019,270
35055,2020,307
35055,2021,333
35055,2022,281
35055,2023,139
35055,2024,178
35055,2025,145
35057,2014,76
35057,2017,110
35057,2018,134
35057,2019,131
35057,2020,143
35057,2021,192
35057,2022,188
35057,2023,143
35057,2024,129
35061,2011,428
35061,2013,697
35061,2015,613
35061,2016,775
35061,2017,951
35061,2018,1046
35061,2019,1130
35061,2020,1308
35061,2021,1436
35061,2022,973
35061,2023,904
35061,2024,784
36001,2014,3250
36001,2015,3459
36001,2016,3588
36001,2017,3583
36001,2018,3206
36001,2019,1630
36001,2020,1724
36001,2021,4458
36001,2022,4556
36001,2023,3714
36001,2024,3450
36003,2014,599
36003,2015,553
36003,2016,534
36003,2017,507
36003,2018,601
36003,2019,390
36003,2020,449
36003,2021,610
36003,2022,620
36003,2023,566
36003,2024,428
36005,2014,2488
36005,2015,2843
36005,2016,3385
36005,2017,4231
36005,2018,4465
36005,2019,3395
36005,2020,2511
36005,2021,3208
36005,2022,3500
36005,2023,2608
36005,2024,2596
36005,2025,2143
36007,2014,2004
36007,2015,2280
36007,2016,2197
36007,2017,2376
36007,2018,2580
36007,2019,2750
36007,2020,2397
36007,2021,3402
36007,2022,3116
36007,2023,2861
36007,2024,2361
36009,2014,944
36009,2015,1004
36009,2016,1054
36009,2017,667
36009,2018,1159
36009,2019,1280
36009,2020,623
36009,2021,782
36009,2022,1147
36009,2023,1096
36009,2024,1106
36011,2014,906
36011,2015,1031
36011,2016,813
36011,2017,906
36011,2018,992
36011,2019,1178
36011,2020,1125
36011,2021,1239
36011,2022,1537
36011,2023,1338
36011,2024,1174
36013,2014,1576
36013,2015,1692
36013,2016,1864
36013,2017,1701
36013,2020,1135
36013,2021,2431
36013,2022,2858
36013,2023,2362
36013,2024,1802
36015,2014,983
36015,2015,1048
36015,2016,1098
36015,2017,1163
36015,2018,1396
36015,2019,1371
36015,2020,1242
36015,2021,1436
36015,2022,1358
36015,2023,1159
36015,2024,1192
36017,2014,538
36017,2015,597
36017,2016,665
36017,2017,638
36017,2018,488
36017,2019,221
36017,2020,268
36017,2021,660
36017,2022,714
36017,2023,671
36017,2024,549
36019,2014,807
36019,2015,918
36019,2016,993
36019,2017,899
36019,2018,879
36019,2019,709
36019,2020,607
36019,2021,719
36019,2022,599
36019,2023,552
36019,2024,511
36021,2014,818
36021,2015,850
36021,2016,887
36021,2017,941
36021,2018,924
36021,2019,978
36021,2020,1136
36021,2021,1261
36021,2022,1059
36021,2023,844
36021,2024,851
36023,2014,412
36023,2015,540
36023,2016,435
36023,2017,556
36023,2018,452
36023,2019,452
36023,2020,379
36023,2021,497
36023,2022,456
36023,2023,520
36023,2024,544
36025,2014,607
36025,2015,655
36025,2016,731
36025,2017,850
36025,2018,798
36025,2019,905
36025,2020,1045
36025,2021,1326
36025,2022,1041
36025,2023,910
36025,2024,780
36027,2014,2868
36027,2015,3073
36027,2016,3811
36027,2017,4043
36027,2018,3496
36027,2019,2445
36027,2020,3479
36027,2021,4726
36027,2022,4183
36027,2023,3088
36027,2024,1976
36029,2014,11377
36029,2015,11953
36029,2016,12894
36029,2017,13141
36029,2018,13658
36029,2019,13777
36029,2020,13085
36029,2021,15330
36029,2022,13778
36029,2023,11357
36029,2024,10995
36031,2014,585
36031,2015,620
36031,2016,727
36031,2017,731
36031,2018,570
36031,2019,761
36031,2020,952
36031,2021,1036
36031,2022,874
36031,2023,676
36031,2024,629
36033,2014,416
36033,2015,311
36033,2016,295
36033,2017,325
36033,2018,408
36033,2019,292
36033,2020,692
36033,2021,825
36033,2022,782
36033,2023,790
36033,2024,715
36035,2014,633
36035,2015,689
36035,2016,782
36035,2017,794
36035,2018,716
36035,2019,865
36035,2020,820
36035,2021,1035
36035,2022,1079
36035,2023,870
36035,2024,835
36037,2014,503
36037,2015,582
36037,2016,618
36037,2017,611
36037,2018,414
36037,2019,596
36037,2020,647
36037,2021,783
36037,2022,848
36037,2023,655
36037,2024,643
36039,2014,656
36039,2015,758
36039,2016,835
36039,2017,1034
36039,2018,1076
36039,2019,1027
36039,2020,1219
36039,2021,1288
36039,2022,1180
36039,2023,862
36039,2024,791
36041,2014,153
36041,2015,155
36041,2016,174
36041,2017,155
36041,2018,150
36041,2019,191
36041,2020,232
36041,2021,191
36041,2022,238
36041,2023,185
36041,2024,171
36043,2014,655
36043,2015,678
36043,2016,818
36043,2017,679
36043,2018,310
36043,2019,444
36043,2020,703
36043,2021,966
36043,2022,899
36043,2023,727
36043,2024,712
36045,2014,1143
36045,2015,1143
36045,2016,1329
36045,2017,1350
36045,2018,961
36045,2019,1076
36045,2020,1745
36045,2021,2264
36045,2022,2641
36045,2023,2202
36045,2024,1958
36047,2014,8965
36047,2015,9040
36047,2016,9519
36047,2017,11425
36047,2018,10728
36047,2019,8921
36047,2020,6116
36047,2021,11327
36047,2022,11691
36047,2023,7724
36047,2024,7819
36047,2025,6357
36049,2014,376
36049,2015,345
36049,2016,362
36049,2017,431
36049,2018,318
36049,2019,361
36049,2020,268
36049,2021,579
36049,2022,523
36049,2023,404
36049,2024,403
36051,2014,636
36051,2015,583
36051,2016,565
36051,2017,726
36051,2018,774
36051,2019,864
36051,2020,849
36051,2021,914
36051,2022,845
36051,2023,700
36051,2024,716
36053,2014,839
36053,2015,853
36053,2016,959
36053,2017,862
36053,2018,712
36053,2019,621
36053,2020,799
36053,2021,1072
36053,2022,1115
36053,2023,908
36053,2024,929
36055,2014,9856
36055,2015,10781
36055,2016,9159
36055,2017,10572
36055,2018,11755
36055,2019,11792
36055,2020,11324
36055,2021,12509
36055,2022,11396
36055,2023,9686
36055,2024,9525
36057,2014,465
36057,2015,568
36057,2016,646
36057,2017,638
36057,2018,837
36057,2019,726
36057,2020,429
36057,2021,743
36057,2022,812
36057,2023,729
36057,2024,662
36059,2013,8356
36059,2014,11600
36059,2015,11180
36059,2016,14142
36059,2017,15200
36059,2018,15417
36059,2019,15348
36059,2020,13880
36059,2021,17763
36059,2022,15486
36059,2023,10669
36059,2024,10912
36059,2025,8838
36061,2014,6489
36061,2015,6145
36061,2016,6862
36061,2017,11742
36061,2018,10249
36061,2019,6268
36061,2020,3894
36061,2021,8987
36061,2022,9227
36061,2023,6378
36061,2024,6056
36063,2014,1397
36063,2015,1669
36063,2016,754
36063,2017,977
36063,2018,1485
36063,2019,1597
36063,2020,1615
36063,2021,2130
36063,2022,1986
36063,2023,1653
36063,2024,1703
36065,2014,2344
36065,2015,2497
36065,2016,2847
36065,2017,2498
36065,2018,1718
36065,2019,1956
36065,2020,2633
36065,2021,2790
36065,2022,1092
36065,2023,1261
36065,2024,1788
36067,2014,5702
36067,2015,6358
36067,2016,6307
36067,2017,6240
36067,2018,4969
36067,2019,4464
36067,2020,4521
36067,2021,6809
36067,2022,7014
36067,2023,6068
36067,2024,5905
36069,2014,1499
36069,2015,1613
36069,2016,1747
36069,2017,1705
36069,2018,1723
36069,2019,1941
36069,2020,1829
36069,2021,2050
36069,2022,1912
36069,2023,1447
36069,2024,1434
36071,2014,3317
36071,2015,4063
36071,2016,4865
36071,2017,5967
36071,2018,6068
36071,2019,5916
36071,2020,5684
36071,2021,6830
36071,2022,7364
36071,2023,4841
36073,2014,430
36073,2015,461
36073,2016,453
36073,2017,493
36073,2018,539
36073,2019,536
36073,2020,576
36073,2021,652
36073,2022,628
36073,2023,520
36073,2024,502
36075,2014,1033
36075,2015,966
36075,2016,1039
36075,2017,1177
36075,2018,1276
36075,2019,1369
36075,2020,1456
36075,2021,1851
36075,2022,1675
36075,2023,1401
36075,2024,1302
36077,2014,651
36077,2015,718
36077,2016,836
36077,2017,808
36077,2018,666
36077,2019,583
36077,2020,555
36077,2021,1110
36077,2022,1184
36077,2023,842
36077,2024,856
36079,2014,926
36079,2015,1050
36079,2016,1314
36079,2017,1335
36079,2018,1611
36079,2019,1438
36079,2020,1589
36079,2021,1994
36079,2022,1587
36079,2023,1209
36081,2014,9184
36081,2015,9705
36081,2016,11544
36081,2017,13061
36081,2018,12805
36081,2019,10448
36081,2020,7520
36081,2021,12556
36081,2022,12619
36081,2023,9017
36081,2024,8988
36081,2025,7469
36083,2014,1614
36083,2015,1753
36083,2016,2213
36083,2017,2023
36083,2018,2416
36083,2019,2284
36083,2020,2242
36083,2021,2620
36083,2022,2717
36083,2023,2115
36083,2024,1998
36085,2014,3734
36085,2015,4252
36085,2016,5226
36085,2017,5448
36085,2018,5367
36085,2019,4654
36085,2020,4007
36085,2021,6915
36085,2022,5591
36085,2023,3809
36085,2024,4202
36085,2025,3685
36087,2014,1538
36087,2015,2378
36087,2016,3120
36087,2017,2932
36087,2018,3263
36087,2019,3251
36087,2020,3533
36087,2021,4665
36087,2022,3904
36087,2023,2971
36089,2014,1140
36089,2015,905
36089,2017,559
36089,2018,1037
36089,2019,1015
36089,2020,1042
36089,2021,1716
36089,2022,1765
36089,2023,1735
36089,2024,1540
36091,2014,3122
36091,2015,3379
36091,2016,3851
36091,2017,3938
36091,2018,2791
36091,2019,1922
36091,2020,2968
36091,2021,4597
36091,2022,3959
36091,2023,3178
36091,2024,2995
36093,2014,1638
36093,2015,2315
36093,2016,2312
36093,2017,2472
36093,2018,2638
36093,2019,2436
36093,2020,2259
36093,2021,1938
36093,2022,2670
36093,2023,2182
36093,2024,2011
36095,2014,398
36095,2015,501
36095,2016,581
36095,2017,617
36095,2018,523
36095,2019,467
36095,2020,547
36095,2021,598
36095,2022,618
36095,2023,373
36097,2014,238
36097,2015,248
36097,2016,240
36097,2017,184
36097,2018,158
36097,2019,278
36097,2020,263
36097,2021,359
36097,2022,331
36097,2023,253
36097,2024,262
36099,2014,376
36099,2015,384
36099,2016,403
36099,2017,433
36099,2018,471
36099,2019,488
36099,2020,455
36099,2021,528
36099,2022,481
36099,2023,387
36099,2024,293
36101,2014,1161
36101,2015,1234
36101,2016,1242
36101,2017,1331
36101,2018,1513
36101,2019,1471
36101,2020,1469
36101,2021,1754
36101,2022,1689
36101,2023,1437
36101,2024,1395
36103,2014,15773
36103,2015,16676
36103,2016,18547
36103,2017,21391
36103,2018,16304
36103,2020,16386
36103,2021,17346
36103,2022,17573
36103,2023,18367
36103,2024,15761
36105,2014,1137
36105,2015,1317
36105,2016,1569
36105,2017,1524
36105,2018,1489
36105,2019,1152
36105,2020,1942
36105,2021,2459
36105,2022,2346
36105,2023,1892
36105,2024,1515
36107,2014,455
36107,2015,460
36107,2016,544
36107,2017,539
36107,2018,541
36107,2019,636
36107,2020,423
36107,2021,810
36107,2022,813
36107,2023,588
36107,2024,561
36109,2014,1042
36109,2015,1025
36109,2016,1036
36109,2017,1030
36109,2018,979
36109,2019,980
36109,2020,917
36109,2021,1182
36109,2022,1108
36109,2023,872
36109,2024,331
36111,2014,1938
36111,2015,2173
36111,2016,2479
36111,2017,2821
36111,2018,2677
36111,2019,2797
36111,2020,3094
36111,2021,3835
36111,2022,3096
36111,2023,2083
36111,2024,2046
36113,2014,904
36113,2015,970
36113,2016,1145
36113,2017,1220
36113,2018,1169
36113,2019,1251
36113,2020,1402
36113,2021,1422
36113,2022,1350
36113,2023,1028
36113,2024,1037
36115,2014,674
36115,2015,697
36115,2016,907
36115,2017,930
36115,2018,923
36115,2019,679
36115,2020,951
36115,2021,1131
36115,2022,1095
36115,2023,857
36115,2024,814
36117,2014,1025
36117,2015,1060
36117,2016,1219
36117,2017,1429
36117,2018,1493
36117,2019,1446
36117,2020,1463
36117,2021,1618
36117,2022,1466
36117,2023,1098
36117,2024,1049
36119,2013,7417
36119,2014,7363
36119,2015,7397
36119,2016,9085
36119,2017,9927
36119,2018,6435
36119,2019,7543
36119,2020,7402
36119,2021,9660
36119,2022,9226
36119,2023,7684
36119,2024,7499
36121,2014,398
36121,2015,443
36121,2016,510
36121,2017,466
36121,2018,508
36121,2019,416
36121,2020,506
36121,2021,628
36121,2022,488
36121,2023,462
36121,2024,245
36123,2014,324
36123,2015,360
36123,2016,355
36123,2017,394
36123,2018,459
36123,2019,464
36123,2020,407
36123,2021,366
36123,2022,353
36123,2023,280
36123,2024,288
37001,2014,1922
37001,2015,2153
37001,2016,2881
37001,2017,2943
37001,2018,3119
37001,2019,3181
37001,2020,3313
37001,2021,3973
37001,2022,3425
37001,2023,3006
37001,2024,3079
37001,2025,2454
37003,2012,283
37003,2014,347
37003,2015,400
37003,2016,443
37003,2017,543
37003,2018,552
37003,2019,494
37003,2020,495
37003,2021,537
37003,2022,613
37003,2023,541
37003,2024,510
37003,2025,507
37005,2013,220
37005,2014,252
37005,2015,210
37005,2017,253
37005,2018,319
37005,2019,342
37005,2020,545
37005,2021,702
37005,2022,482
37005,2023,487
37005,2024,466
37005,2025,492
37007,2011,136
37007,2015,179
37007,2016,173
37007,2017,208
37007,2018,223
37007,2022,301
37007,2023,246
37009,2014,416
37009,2015,360
37009,2018,637
37009,2019,576
37009,2020,893
37009,2021,988
37009,2022,780
37009,2023,639
37009,2024,615
37009,2025,579
37011,2012,351
37011,2015,348
37011,2017,443
37011,2018,712
37011,2019,823
37011,2020,1065
37011,2021,1173
37011,2022,1017
37011,2023,715
37013,2013,678
37013,2016,447
37013,2017,1028
37013,2018,879
37013,2019,839
37013,2020,774
37013,2021,727
37013,2022,754
37013,2023,637
37013,2024,694
37013,2025,249
37015,2013,127
37015,2014,108
37015,2015,100
37015,2017,96
37015,2018,146
37015,2019,149
37015,2020,195
37015,2021,181
37015,2022,218
37015,2023,189
37015,2024,177
37017,2013,195
37017,2014,244
37017,2015,220
37017,2017,230
37017,2018,302
37017,2019,295
37017,2020,341
37017,2021,473
37017,2022,387
37017,2023,447
37017,2024,355
37017,2025,319
37019,2014,4759
37019,2015,4542
37019,2016,5773
37019,2017,6727
37019,2018,6910
37019,2019,6824
37019,2020,9180
37019,2021,10359
37019,2022,7738
37019,2023,7588
37019,2024,7153
37019,2025,5392
37021,2014,4350
37021,2015,5146
37021,2016,5231
37021,2017,5073
37021,2018,5395
37021,2019,5389
37021,2020,5547
37021,2021,6165
37021,2022,5805
37021,2023,4368
37021,2025,3677
37023,2013,851
37023,2014,900
37023,2015,830
37023,2016,1245
37023,2017,1358
37023,2018,1497
37023,2019,1501
37023,2020,1359
37023,2021,1782
37023,2022,1724
37023,2023,1471
37023,2024,1389
37023,2025,1280
37025,2014,3595
37025,2015,2792
37025,2016,4059
37025,2017,4735
37025,2018,5044
37025,2019,5250
37025,2020,5622
37025,2021,6205
37025,2022,4214
37025,2023,3759
37025,2024,4035
37025,2025,2891
37027,2017,863
37027,2018,1237
37027,2019,1012
37027,2020,1310
37027,2021,1565
37027,2022,1483
37027,2023,1538
37027,2024,1276
37027,2025,986
37029,2014,113
37029,2016,181
37029,2017,209
37029,2018,249
37029,2019,251
37029,2020,282
37029,2021,257
37029,2022,247
37029,2023,185
37029,2024,145
37029,2025,156
37031,2015,1663
37031,2016,2170
37031,2017,2608
37031,2019,2614
37031,2020,3483
37031,2021,3726
37031,2022,2758
37031,2023,2125
37031,2024,1961
37031,2025,1673
37033,2019,284
37033,2020,295
37033,2021,348
37033,2022,331
37033,2023,310
37033,2024,286
37033,2025,246
37035,2014,2012
37035,2015,2135
37035,2018,3093
37035,2019,3096
37035,2020,3114
37035,2021,3563
37035,2022,3508
37035,2023,2995
37035,2024,2972
37035,2025,2715
37037,2013,1449
37037,2014,1419
37037,2015,1630
37037,2016,1893
37037,2017,2205
37037,2018,2221
37037,2019,2150
37037,2020,2094
37037,2021,2566
37037,2022,1978
37037,2023,1596
37037,2024,1584
37037,2025,1338
37039,2012,388
37039,2015,554
37039,2016,583
37039,2017,921
37039,2018,885
37039,2019,957
37039,2020,1118
37039,2021,1253
37039,2022,1075
37039,2023,924
37039,2024,880
37039,2025,776
37041,2014,201
37041,2015,143
37041,2016,161
37041,2018,215
37041,2019,214
37041,2020,183
37041,2021,200
37041,2022,223
37041,2023,200
37041,2024,245
37041,2025,106
37043,2014,246
37043,2015,239
37043,2016,246
37043,2018,419
37043,2019,407
37043,2020,534
37043,2021,603
37043,2022,448
37043,2023,333
37043,2024,306
37043,2025,248
37045,2014,895
37045,2015,995
37045,2016,759
37045,2017,996
37045,2018,1485
37045,2019,1520
37045,2020,1679
37045,2021,2169
37045,2022,2011
37045,2023,1646
37045,2024,1452
37045,2025,1358
37047,2018,481
37047,2019,442
37047,2020,496
37047,2021,599
37047,2022,651
37047,2023,814
37047,2024,584
37047,2025,442
37049,2014,1429
37049,2016,1193
37049,2017,1861
37049,2018,2193
37049,2019,2142
37049,2020,2661
37049,2021,3325
37049,2022,3081
37049,2023,2130
37049,2024,2229
37049,2025,1997
37051,2014,3497
37051,2015,3651
37051,2016,4292
37051,2017,4617
37051,2018,5155
37051,2019,6332
37051,2021,9142
37051,2022,8002
37051,2023,6043
37051,2024,5702
37053,2015,831
37053,2016,915
37053,2017,963
37053,2018,1004
37053,2019,1127
37053,2020,1554
37053,2021,1594
37053,2022,1158
37053,2023,922
37053,2024,788
37053,2025,600
37055,2016,873
37055,2017,810
37055,2018,1540
37055,2019,1405
37055,2020,2470
37055,2021,2889
37055,2022,2049
37055,2023,1381
37055,2024,1336
37055,2025,1232
37057,2014,2079
37057,2015,1933
37057,2016,1940
37057,2017,3124
37057,2018,3380
37057,2019,3410
37057,2020,3687
37057,2021,4389
37057,2022,4005
37057,2023,3561
37057,2024,3470
37057,2025,2417
37059,2013,529
37059,2014,625
37059,2015,422
37059,2016,540
37059,2017,628
37059,2018,769
37059,2019,684
37059,2020,947
37059,2021,1068
37059,2022,981
37059,2023,922
37059,2024,740
37059,2025,706
37061,2013,377
37061,2018,511
37061,2019,501
37061,2020,636
37061,2021,754
37061,2022,730
37061,2023,567
37061,2024,596
37061,2025,552
37063,2014,5095
37063,2015,5634
37063,2016,6925
37063,2017,6951
37063,2018,7301
37063,2019,7416
37063,2020,7528
37063,2021,8134
37063,2022,6304
37063,2023,4471
37063,2024,5120
37063,2025,4418
37067,2014,4910
37067,2015,5474
37067,2016,6218
37067,2018,7699
37067,2019,7792
37067,2020,7723
37067,2021,8718
37067,2022,8145
37067,2023,5933
37067,2025,5598
37069,2014,1041
37069,2015,1069
37069,2016,1480
37069,2017,1657
37069,2018,1750
37069,2019,1826
37069,2020,2028
37069,2021,2653
37069,2022,2223
37069,2023,2298
37069,2024,1731
37069,2025,1313
37071,2014,3070
37071,2016,3648
37071,2017,5082
37071,2018,5297
37071,2019,5679
37071,2020,2110
37071,2021,7256
37071,2022,5864
37071,2023,4519
37071,2024,5155
37071,2025,3708
37073,2014,87
37073,2015,73
37073,2016,84
37073,2017,118
37073,2018,109
37073,2019,128
37073,2020,159
37073,2021,125
37073,2022,148
37073,2023,122
37073,2024,142
37073,2025,106
37075,2013,116
37075,2016,138
37075,2017,167
37075,2018,182
37075,2019,157
37075,2020,205
37075,2021,228
37075,2022,228
37075,2023,176
37075,2024,173
37075,2025,125
37077,2013,662
37077,2014,749
37077,2015,993
37077,2016,976
37077,2018,1081
37077,2019,1137
37077,2020,1261
37077,2021,1199
37077,2022,1062
37077,2023,764
37077,2024,766
37077,2025,685
37079,2013,80
37079,2015,172
37079,2016,196
37079,2017,202
37079,2018,154
37079,2019,171
37079,2021,82
37079,2022,172
37079,2023,161
37079,2024,172
37079,2025,69
37081,2014,7175
37081,2015,8430
37081,2016,9602
37081,2017,10197
37081,2018,9965
37081,2019,9942
37081,2020,11074
37081,2021,12893
37081,2022,11326
37081,2023,8742
37083,2014,482
37083,2015,517
37083,2016,356
37083,2017,539
37083,2018,569
37083,2019,500
37083,2020,813
37083,2021,1113
37083,2022,954
37083,2023,785
37083,2024,826
37083,2025,640
37085,2014,2014
37085,2015,2051
37085,2016,2455
37085,2017,2850
37085,2018,2928
37085,2019,3036
37085,2020,3591
37085,2021,4381
37085,2022,3907
37085,2023,3524
37085,2024,3852
37085,2025,2821
37087,2014,920
37087,2015,1040
37087,2016,1303
37087,2017,1552
37087,2018,1481
37087,2019,1434
37087,2020,1778
37087,2021,1952
37087,2022,1686
37087,2023,1448
37087,2024,1324
37087,2025,1291
37089,2014,2110
37089,2015,2413
37089,2016,2637
37089,2017,2584
37089,2018,2526
37089,2019,2513
37089,2020,2527
37089,2021,3009
37089,2022,2570
37089,2023,2174
37089,2024,2135
37089,2025,2048
37091,2014,169
37091,2015,131
37091,2017,143
37091,2018,167
37091,2019,188
37091,2021,282
37091,2022,250
37091,2023,180
37091,2024,181
37091,2025,171
37093,2013,705
37093,2014,694
37093,2015,785
37093,2016,982
37093,2017,1148
37093,2018,1301
37093,2019,1295
37093,2020,1570
37093,2021,1800
37093,2022,1517
37093,2023,1215
37093,2024,1404
37093,2025,1254
37095,2017,44
37095,2018,55
37095,2019,56
37095,2020,60
37095,2021,87
37095,2022,84
37095,2023,60
37095,2024,64
37097,2014,2903
37097,2015,2923
37097,2016,3947
37097,2017,4365
37097,2018,4513
37097,2019,4781
37097,2020,5127
37097,2021,5906
37097,2022,5032
37097,2023,4350
37097,2024,3927
37099,2017,774
37099,2018,937
37099,2019,805
37099,2020,1415
37099,2021,1468
37099,2022,1200
37099,2023,905
37099,2024,875
37099,2025,753
37101,2014,3917
37101,2015,4152
37101,2016,5022
37101,2017,5495
37101,2018,6147
37101,2019,6437
37101,2020,7136
37101,2021,8293
37101,2022,6556
37101,2023,5418
37101,2024,5536
37101,2025,4114
37103,2014,81
37103,2015,74
37103,2017,88
37103,2018,91
37103,2019,116
37103,2020,123
37103,2021,162
37103,2022,125
37103,2023,106
37103,2024,107
37103,2025,95
37105,2014,601
37105,2016,843
37105,2017,930
37105,2018,1089
37105,2019,1095
37105,2020,1281
37105,2021,1482
37105,2022,1302
37105,2023,1159
37105,2024,1425
37105,2025,1218
37107,2011,305
37107,2013,471
37107,2014,426
37107,2017,452
37107,2018,573
37107,2019,556
37107,2020,716
37107,2021,959
37107,2022,990
37107,2023,961
37107,2024,824
37107,2025,656
37109,2014,1357
37109,2015,1527
37109,2016,1254
37109,2017,1976
37109,2018,2356
37109,2019,2215
37109,2020,2442
37109,2021,3003
37109,2022,2380
37109,2023,1937
37109,2024,1863
37109,2025,1568
37111,2013,470
37111,2014,516
37111,2016,534
37111,2017,718
37111,2019,622
37111,2020,880
37111,2021,1018
37111,2022,887
37111,2023,660
37111,2024,611
37111,2025,607
37113,2013,505
37113,2017,863
37113,2018,1163
37113,2020,1677
37113,2021,1634
37113,2022,1232
37113,2023,1107
37113,2024,986
37113,2025,882
37115,2013,217
37115,2014,225
37115,2019,348
37115,2020,383
37115,2021,420
37115,2022,385
37115,2023,358
37115,2024,311
37117,2012,89
37117,2014,158
37117,2017,140
37117,2018,159
37117,2019,176
37117,2020,220
37117,2021,300
37117,2022,331
37117,2023,251
37117,2024,305
37117,2025,235
37119,2014,13348
37119,2015,17765
37119,2016,23200
37119,2017,26366
37119,2018,24284
37119,2019,27103
37119,2020,24620
37119,2021,31543
37119,2022,24694
37119,2023,19433
37121,2014,188
37121,2017,207
37121,2018,308
37121,2019,316
37121,2020,372
37121,2021,397
37121,2022,348
37121,2023,280
37121,2024,224
37121,2025,245
37123,2014,400
37123,2015,399
37123,2017,316
37123,2018,540
37123,2020,715
37123,2021,906
37123,2022,733
37123,2023,597
37123,2024,609
37123,2025,565
37125,2013,1722
37125,2014,1884
37125,2015,1794
37125,2017,2272
37125,2018,2484
37125,2019,2810
37125,2020,3271
37125,2021,3512
37125,2022,2787
37125,2023,2239
37125,2024,1997
37127,2014,1008
37127,2015,1059
37127,2017,1370
37127,2018,1565
37127,2019,1607
37127,2020,1738
37127,2021,2056
37127,2022,1766
37127,2023,1452
37127,2024,1429
37127,2025,1227
37129,2014,4647
37129,2015,5095
37129,2016,6226
37129,2017,6640
37129,2018,6830
37129,2019,6537
37129,2020,7847
37129,2021,8699
37129,2022,6433
37129,2023,4768
37129,2024,4751
37129,2025,4058
37131,2013,102
37131,2014,150
37131,2015,149
37131,2016,150
37131,2017,193
37131,2018,177
37131,2019,183
37131,2020,225
37131,2021,225
37131,2022,223
37131,2023,178
37131,2024,208
37131,2025,89
37133,2014,3148
37133,2016,3587
37133,2017,4252
37133,2018,4956
37133,2019,6236
37133,2020,7133
37133,2021,8165
37133,2022,7405
37133,2023,5197
37133,2024,5297
37133,2025,4188
37135,2014,1940
37135,2015,2362
37135,2016,2489
37135,2017,2512
37135,2018,2375
37135,2020,2393
37135,2021,2805
37135,2022,2324
37135,2023,1768
37135,2024,1709
37135,2025,1541
37137,2014,198
37137,2019,217
37137,2020,407
37137,2021,515
37137,2022,503
37137,2023,487
37137,2024,315
37137,2025,282
37139,2013,426
37139,2014,456
37139,2016,342
37139,2017,442
37139,2018,746
37139,2019,774
37139,2020,860
37139,2021,1132
37139,2022,985
37139,2023,751
37139,2024,727
37141,2012,998
37141,2013,1219
37141,2014,1190
37141,2016,1710
37141,2017,1872
37141,2018,1840
37141,2019,2093
37141,2020,2281
37141,2021,2585
37141,2022,2092
37141,2023,1677
37141,2024,1606
37143,2014,124
37143,2015,150
37143,2017,148
37143,2018,186
37143,2020,315
37143,2021,374
37143,2022,296
37143,2023,254
37143,2024,245
37143,2025,212
37145,2014,442
37145,2015,466
37145,2018,732
37145,2019,734
37145,2020,793
37145,2021,986
37145,2022,927
37145,2023,934
37145,2024,666
37145,2025,543
37147,2014,2238
37147,2015,2363
37147,2016,1874
37147,2017,2672
37147,2018,2818
37147,2019,2460
37147,2020,3724
37147,2021,4323
37147,2022,3364
37147,2023,2965
37147,2024,2616
37147,2025,2174
37149,2017,293
37149,2018,456
37149,2019,419
37149,2020,637
37149,2021,760
37149,2022,624
37149,2023,481
37149,2024,398
37149,2025,347
37151,2014,1371
37151,2015,1605
37151,2016,1991
37151,2018,2107
37151,2019,2238
37151,2020,2335
37151,2021,2777
37151,2022,2601
37151,2023,2356
37151,2024,2181
37151,2025,1931
37153,2014,410
37153,2016,483
37153,2018,579
37153,2019,583
37153,2020,637
37153,2021,746
37153,2022,738
37153,2023,521
37153,2024,576
37153,2025,482
37155,2018,688
37155,2020,1011
37155,2021,1143
37155,2022,1151
37155,2023,1087
37155,2024,982
37155,2025,839
37157,2014,984
37157,2015,1083
37157,2017,1319
37157,2018,1393
37157,2019,1497
37157,2020,1577
37157,2021,1959
37157,2022,2195
37157,2023,2277
37157,2024,1780
37157,2025,1743
37159,2014,1601
37159,2015,1971
37159,2016,2213
37159,2017,2540
37159,2018,2594
37159,2019,2847
37159,2020,3295
37159,2021,3852
37159,2022,3528
37159,2023,2691
37159,2024,2568
37159,2025,2076
37161,2013,780
37161,2018,1218
37161,2019,1344
37161,2020,1557
37161,2021,1828
37161,2022,1612
37161,2023,1256
37161,2024,1110
37161,2025,960
37163,2014,486
37163,2015,411
37163,2017,427
37163,2018,572
37163,2019,568
37163,2020,658
37163,2021,807
37163,2022,828
37163,2023,770
37163,2024,675
37163,2025,604
37165,2015,266
37165,2016,260
37165,2017,307
37165,2018,370
37165,2019,373
37165,2020,489
37165,2021,538
37165,2022,613
37165,2023,499
37165,2024,470
37165,2025,411
37167,2014,663
37167,2015,798
37167,2016,1009
37167,2017,1126
37167,2018,1130
37167,2019,1240
37167,2020,1349
37167,2021,1648
37167,2022,1662
37167,2023,1427
37167,2024,1222
37167,2025,821
37169,2014,443
37169,2015,474
37169,2016,545
37169,2017,520
37169,2018,617
37169,2019,579
37169,2020,681
37169,2021,824
37169,2022,831
37169,2023,691
37169,2024,653
37169,2025,618
37171,2013,649
37171,2016,559
37171,2017,639
37171,2018,928
37171,2019,870
37171,2020,1173
37171,2021,1337
37171,2022,1339
37171,2023,1216
37171,2024,1127
37171,2025,911
37173,2014,120
37173,2015,203
37173,2016,201
37173,2017,244
37173,2018,263
37173,2019,262
37173,2020,316
37173,2021,441
37173,2022,333
37173,2023,283
37173,2024,267
37173,2025,254
37175,2014,492
37175,2015,666
37175,2016,746
37175,2017,820
37175,2018,892
37175,2019,859
37175,2020,951
37175,2021,1185
37175,2022,962
37175,2023,762
37175,2024,706
37175,2025,622
37177,2013,44
37177,2014,38
37177,2015,33
37177,2016,56
37177,2017,48
37177,2018,70
37177,2019,85
37177,2020,81
37177,2021,110
37177,2022,100
37177,2023,84
37177,2024,90
37177,2025,73
37179,2014,4954
37179,2015,5438
37179,2016,5173
37179,2017,5603
37179,2018,5972
37179,2019,6202
37179,2020,5591
37179,2021,7318
37179,2022,6237
37179,2023,4536
37179,2024,4523
37179,2025,3252
37181,2014,396
37181,2015,419
37181,2016,441
37181,2017,532
37181,2018,666
37181,2019,616
37181,2020,616
37181,2021,798
37181,2022,764
37181,2023,622
37181,2024,534
37181,2025,501
37183,2014,19744
37183,2015,18254
37183,2016,21447
37183,2017,25277
37183,2018,25044
37183,2019,25967
37183,2020,27287
37183,2021,29753
37183,2022,24387
37183,2023,20570
37183,2024,21356
37185,2010,174
37185,2014,181
37185,2017,268
37185,2018,258
37185,2019,285
37185,2021,440
37185,2022,397
37185,2023,341
37185,2024,301
37185,2025,254
37187,2013,68
37187,2014,72
37187,2015,76
37187,2016,90
37187,2017,111
37187,2018,109
37187,2019,115
37187,2020,147
37187,2021,185
37187,2023,173
37187,2024,152
37187,2025,129
37189,2013,800
37189,2017,808
37189,2018,1475
37189,2019,1386
37189,2020,1655
37189,2021,1768
37189,2022,1467
37189,2023,1225
37189,2024,1101
37189,2025,919
37191,2014,1156
37191,2015,1042
37191,2017,887
37191,2018,1502
37191,2020,2122
37191,2021,2482
37191,2022,2576
37191,2023,1858
37191,2024,2015
37191,2025,1545
37193,2017,655
37193,2018,962
37193,2019,1131
37193,2020,1189
37193,2021,1191
37193,2022,1022
37193,2023,841
37193,2024,884
37195,2014,653
37195,2016,1078
37195,2017,1187
37195,2018,1263
37195,2019,1312
37195,2020,1397
37195,2021,1595
37195,2022,1704
37195,2023,1255
37195,2024,1153
37195,2025,1036
37197,2013,332
37197,2014,343
37197,2015,294
37197,2016,381
37197,2017,441
37197,2018,468
37197,2019,464
37197,2020,502
37197,2021,616
37197,2022,681
37197,2023,551
37197,2024,561
37197,2025,535
37199,2014,257
37199,2017,283
37199,2018,383
37199,2019,315
37199,2020,521
37199,2021,594
37199,2022,470
37199,2023,453
37199,2024,351
37199,2025,326
38003,2014,120
38003,2015,130
38003,2016,107
38003,2017,175
38003,2018,152
38003,2019,132
38003,2020,136
38003,2021,227
38003,2022,192
38003,2023,186
38003,2024,187
38009,2019,72
38009,2020,87
38009,2021,112
38009,2022,94
38009,2023,76
38009,2024,78
38011,2014,30
38011,2015,32
38011,2016,27
38011,2017,14
38011,2018,25
38011,2019,37
38011,2020,41
38011,2021,42
38011,2022,49
38011,2023,61
38011,2024,52
38013,2014,14
38013,2015,19
38013,2016,20
38013,2018,15
38013,2019,18
38013,2020,24
38013,2021,27
38013,2022,33
38013,2023,21
38013,2024,21
38015,2014,2038
38015,2016,1792
38015,2017,1754
38015,2018,1525
38015,2019,1873
38015,2020,2254
38015,2021,2578
38015,2022,1931
38015,2023,1380
38015,2024,1455
38017,2013,3675
38017,2014,3333
38017,2015,2978
38017,2016,3651
38017,2017,3579
38017,2018,3550
38017,2019,3613
38017,2020,4274
38017,2021,4670
38017,2022,3784
38017,2023,2579
38017,2024,2444
38019,2013,40
38019,2014,29
38019,2015,35
38019,2016,34
38019,2017,32
38019,2018,43
38019,2019,44
38019,2020,58
38019,2021,58
38019,2022,60
38019,2023,52
38019,2024,49
38021,2019,51
38021,2020,60
38021,2021,64
38021,2022,68
38021,2023,57
38021,2024,60
38023,2016,12
38023,2018,14
38023,2019,20
38023,2020,30
38023,2021,30
38023,2022,18
38023,2023,29
38023,2024,27
38023,2025,11
38025,2014,22
38025,2016,12
38025,2018,37
38025,2019,41
38025,2020,31
38025,2021,37
38025,2022,36
38025,2023,36
38025,2024,36
38029,2017,30
38029,2018,35
38029,2019,29
38029,2020,43
38029,2021,50
38029,2022,45
38029,2023,42
38029,2024,49
38029,2025,37
38031,2016,31
38031,2017,30
38031,2018,38
38031,2019,50
38031,2020,41
38031,2021,47
38031,2022,45
38031,2023,36
38031,2024,23
38033,2012,5
38033,2013,13
38033,2014,15
38033,2015,12
38033,2017,9
38033,2018,22
38033,2019,25
38033,2020,21
38033,2021,31
38033,2022,23
38033,2023,18
38033,2024,18
38035,2014,856
38035,2017,671
38035,2018,669
38035,2020,1127
38035,2021,1279
38035,2022,906
38035,2023,636
38035,2024,808
38037,2015,8
38037,2016,10
38037,2017,8
38037,2018,18
38037,2019,15
38037,2020,16
38037,2021,29
38037,2022,21
38037,2023,24
38037,2024,15
38039,2014,15
38039,2015,19
38039,2016,18
38039,2018,26
38039,2019,27
38039,2020,37
38039,2021,30
38039,2022,30
38039,2023,27
38039,2024,21
38041,2013,23
38041,2015,22
38041,2016,10
38041,2017,29
38041,2018,22
38041,2019,17
38041,2020,36
38041,2021,30
38041,2022,24
38041,2023,45
38041,2024,51
38043,2016,24
38043,2018,27
38043,2019,25
38043,2020,22
38043,2021,17
38043,2022,25
38043,2023,22
38043,2024,19
38045,2014,42
38045,2015,47
38045,2016,22
38045,2018,45
38045,2019,56
38045,2020,54
38045,2021,70
38045,2022,54
38045,2023,50
38045,2024,61
38049,2019,50
38049,2020,56
38049,2021,64
38049,2022,74
38049,2023,59
38049,2024,77
38051,2016,27
38051,2018,40
38051,2019,36
38051,2020,48
38051,2021,62
38051,2022,50
38051,2023,54
38051,2024,48
38053,2018,147
38053,2019,324
38053,2020,187
38053,2021,231
38053,2022,247
38053,2023,154
38053,2024,134
38055,2016,123
38055,2017,109
38055,2018,111
38055,2019,145
38055,2020,137
38055,2021,140
38055,2022,95
38055,2023,54
38057,2016,78
38057,2017,109
38057,2018,63
38057,2019,89
38057,2020,75
38057,2021,145
38057,2022,146
38057,2023,115
38057,2024,149
38057,2025,158
38059,2013,668
38059,2014,649
38059,2015,479
38059,2016,519
38059,2017,585
38059,2018,555
38059,2019,508
38059,2020,722
38059,2021,751
38059,2022,499
38059,2023,444
38059,2024,440
38061,2014,84
38061,2015,43
38061,2018,90
38061,2019,80
38061,2020,84
38061,2021,88
38061,2022,96
38061,2023,99
38061,2024,95
38063,2017,16
38063,2018,34
38063,2019,22
38063,2020,38
38063,2021,27
38063,2022,25
38063,2023,25
38063,2024,23
38067,2016,74
38067,2017,54
38067,2018,55
38067,2019,55
38067,2020,98
38067,2021,111
38067,2022,111
38067,2023,88
38067,2024,103
38069,2018,47
38069,2019,50
38069,2020,57
38069,2021,53
38069,2022,67
38069,2023,56
38069,2024,46
38071,2016,138
38071,2019,132
38071,2020,116
38071,2021,159
38071,2022,153
38071,2023,129
38071,2024,134
38073,2016,52
38073,2017,39
38073,2018,52
38073,2019,52
38073,2020,62
38073,2021,84
38073,2022,66
38073,2023,56
38073,2024,56
38075,2019,32
38075,2020,33
38075,2021,44
38075,2022,35
38075,2023,30
38075,2024,32
38077,2013,127
38077,2014,127
38077,2015,124
38077,2016,132
38077,2017,183
38077,2018,199
38077,2019,211
38077,2020,227
38077,2021,232
38077,2022,123
38077,2023,83
38079,2018,28
38079,2020,31
38079,2021,45
38079,2022,39
38079,2023,41
38079,2024,37
38079,2025,30
38081,2015,38
38081,2016,40
38081,2018,32
38081,2019,50
38081,2020,54
38081,2021,46
38081,2022,40
38081,2023,37
38081,2024,59
38089,2013,516
38089,2014,515
38089,2015,441
38089,2017,473
38089,2019,701
38089,2020,612
38089,2021,768
38089,2022,131
38089,2023,533
38089,2024,517
38091,2013,13
38091,2015,11
38091,2016,29
38091,2018,22
38091,2019,13
38091,2020,17
38091,2021,22
38091,2022,20
38091,2023,21
38091,2024,17
38093,2013,261
38093,2016,243
38093,2017,302
38093,2018,267
38093,2019,269
38093,2020,329
38093,2021,365
38093,2022,195
38093,2023,198
38093,2024,197
38093,2025,207
38095,2017,16
38095,2018,29
38095,2019,33
38095,2020,32
38095,2021,39
38095,2022,25
38095,2023,29
38095,2024,19
38097,2018,47
38097,2019,105
38097,2020,87
38097,2021,128
38097,2022,107
38097,2023,99
38097,2024,91
38097,2025,104
38099,2013,89
38099,2014,87
38099,2015,65
38099,2016,87
38099,2017,104
38099,2018,95
38099,2019,114
38099,2020,141
38099,2021,161
38099,2022,139
38099,2023,160
38099,2024,159
38101,2014,1056
38101,2015,752
38101,2016,885
38101,2017,953
38101,2018,1056
38101,2019,1185
38101,2020,1278
38101,2021,1718
38101,2022,1427
38101,2023,1185
38101,2024,1183
38103,2016,25
38103,2018,59
38103,2019,36
38103,2020,51
38103,2021,71
38103,2022,54
38103,2023,52
38103,2024,53
38103,2025,33
38105,2012,447
38105,2016,380
38105,2017,491
38105,2018,717
38105,2019,752
38105,2020,644
38105,2021,659
38105,2022,654
38105,2023,555
38105,2024,571
39001,2014,256
39001,2015,226
39001,2016,412
39001,2017,432
39001,2018,474
39001,2019,499
39001,2020,543
39001,2021,597
39001,2022,266
39001,2023,403
39001,2024,550
39003,2013,1397
39003,2014,1401
39003,2015,1564
39003,2016,1704
39003,2017,1818
39003,2018,1947
39003,2019,1974
39003,2020,1892
39003,2021,2175
39003,2022,2172
39003,2024,1738
39005,2013,419
39005,2015,631
39005,2016,758
39005,2017,815
39005,2018,921
39005,2019,726
39005,2020,883
39005,2021,928
39005,2022,510
39005,2023,681
39005,2024,822
39007,2013,1201
39007,2014,1286
39007,2015,1451
39007,2016,1644
39007,2017,1652
39007,2018,1700
39007,2019,1714
39007,2020,1783
39007,2021,1722
39007,2022,1922
39007,2023,1855
39007,2024,1694
39009,2013,628
39009,2014,360
39009,2015,683
39009,2016,760
39009,2017,775
39009,2018,764
39009,2019,693
39009,2020,696
39009,2021,705
39009,2022,453
39009,2023,615
39009,2024,791
39011,2013,759
39011,2014,763
39011,2015,797
39011,2016,923
39011,2017,955
39011,2018,937
39011,2019,887
39011,2020,912
39011,2021,890
39011,2022,456
39011,2023,701
39011,2024,832
39013,2013,860
39013,2014,889
39013,2015,835
39013,2016,896
39013,2017,980
39013,2018,940
39013,2019,939
39013,2020,786
39013,2021,1064
39013,2022,1047
39013,2023,959
39013,2024,978
39015,2013,562
39015,2014,517
39015,2015,591
39015,2016,750
39015,2017,812
39015,2018,803
39015,2019,874
39015,2020,933
39015,2021,847
39015,2022,442
39015,2023,692
39015,2024,723
39017,2013,5587
39017,2014,5490
39017,2015,6039
39017,2016,6878
39017,2017,6867
39017,2018,7096
39017,2019,7010
39017,2020,5656
39017,2021,7548
39017,2022,6938
39017,2023,5712
39017,2024,5587
39019,2013,463
39019,2014,271
39019,2015,340
39019,2016,134
39019,2017,412
39019,2018,456
39019,2019,457
39019,2020,316
39019,2021,320
39019,2022,168
39019,2023,225
39019,2024,421
39021,2013,555
39021,2014,614
39021,2015,669
39021,2016,729
39021,2017,570
39021,2018,726
39021,2019,687
39021,2020,707
39021,2021,701
39021,2022,371
39021,2023,349
39021,2024,585
39023,2013,1789
39023,2014,1853
39023,2015,1972
39023,2016,2287
39023,2017,2214
39023,2018,2342
39023,2019,2415
39023,2020,2514
39023,2021,2853
39023,2022,2788
39023,2023,2292
39023,2024,2513
39025,2013,3221
39025,2015,2227
39025,2016,2457
39025,2017,3312
39025,2018,3904
39025,2019,3997
39025,2020,4121
39025,2021,4577
39025,2022,3918
39025,2023,3199
39025,2024,3061
39027,2016,681
39027,2017,752
39027,2018,746
39027,2019,697
39027,2020,784
39027,2021,339
39027,2022,276
39027,2023,279
39027,2024,561
39029,2016,857
39029,2017,448
39029,2018,572
39029,2019,1048
39029,2020,1369
39029,2021,1250
39029,2022,1023
39029,2023,1448
39029,2024,1442
39031,2014,456
39031,2015,448
39031,2016,537
39031,2017,530
39031,2018,689
39031,2019,732
39031,2020,683
39031,2021,804
39031,2022,580
39031,2023,561
39031,2024,601
39033,2013,576
39033,2014,560
39033,2015,691
39033,2016,633
39033,2018,705
39033,2019,776
39033,2020,762
39033,2021,850
39033,2022,695
39033,2023,750
39033,2024,830
39035,2014,15241
39035,2015,17964
39035,2016,20542
39035,2017,21582
39035,2018,22665
39035,2019,23723
39035,2020,23010
39035,2021,27899
39035,2022,24552
39035,2024,21027
39037,2013,771
39037,2014,664
39037,2015,809
39037,2016,836
39037,2017,875
39037,2018,940
39037,2019,878
39037,2020,859
39037,2021,955
39037,2022,661
39037,2023,604
39037,2024,696
39039,2012,457
39039,2013,579
39039,2014,515
39039,2015,517
39039,2016,739
39039,2017,684
39039,2018,721
39039,2019,694
39039,2020,695
39039,2021,777
39039,2022,515
39039,2023,580
39039,2024,585
39041,2013,5098
39041,2014,4346
39041,2015,3345
39041,2016,4312
39041,2017,4081
39041,2018,4553
39041,2019,4896
39041,2020,4876
39041,2021,5431
39041,2022,5346
39041,2023,4088
39041,2024,3478
39043,2013,984
39043,2014,1027
39043,2015,1160
39043,2016,1375
39043,2017,1420
39043,2018,1496
39043,2019,1437
39043,2020,1605
39043,2021,1912
39043,2022,1608
39043,2023,1212
39043,2024,1249
39045,2013,2164
39045,2014,2549
39045,2015,2428
39045,2016,3244
39045,2017,3294
39045,2018,3228
39045,2019,3359
39045,2020,3476
39045,2021,3244
39045,2022,1381
39045,2023,2744
39045,2024,2607
39047,2012,310
39047,2013,378
39047,2016,439
39047,2017,456
39047,2018,510
39047,2019,548
39047,2020,465
39047,2021,629
39047,2022,447
39047,2023,437
39047,2024,458
39049,2013,19830
39049,2014,19937
39049,2015,22136
39049,2016,22112
39049,2017,23692
39049,2018,24443
39049,2019,25391
39049,2020,24096
39049,2021,28017
39049,2022,25016
39049,2024,19333
39051,2013,522
39051,2014,433
39051,2015,530
39051,2016,590
39051,2017,543
39051,2018,600
39051,2019,613
39051,2020,680
39051,2021,555
39051,2022,341
39051,2023,514
39051,2024,523
39053,2012,330
39053,2013,339
39053,2015,231
39053,2016,370
39053,2017,449
39053,2018,442
39053,2019,388
39053,2020,421
39053,2021,489
39053,2022,443
39053,2023,376
39053,2024,445
39055,2013,1218
39055,2014,1218
39055,2015,1147
39055,2016,1446
39055,2017,1279
39055,2018,1460
39055,2019,1498
39055,2020,1592
39055,2021,1507
39055,2022,882
39055,2023,453
39055,2024,982
39057,2014,2267
39057,2015,2498
39057,2016,2602
39057,2017,3128
39057,2018,3080
39057,2019,3009
39057,2020,2924
39057,2021,2308
39057,2022,1869
39057,2023,2372
39057,2024,2495
39059,2013,658
39059,2014,561
39059,2015,357
39059,2016,724
39059,2017,674
39059,2018,777
39059,2019,802
39059,2020,848
39059,2021,911
39059,2022,688
39059,2023,840
39059,2024,732
39061,2013,12800
39061,2014,10360
39061,2015,10452
39061,2016,15110
39061,2017,15426
39061,2018,16056
39061,2019,15555
39061,2020,16147
39061,2021,17653
39061,2022,14670
39061,2023,12355
39061,2024,12183
39063,2012,1039
39063,2014,979
39063,2015,1123
39063,2016,1395
39063,2017,1428
39063,2018,1349
39063,2019,1519
39063,2020,1465
39063,2021,1667
39063,2022,867
39063,2023,487
39063,2024,1023
39065,2013,383
39065,2014,388
39065,2015,447
39065,2016,414
39065,2017,490
39065,2018,504
39065,2019,467
39065,2020,495
39065,2021,487
39065,2022,366
39065,2023,375
39065,2024,457
39067,2013,245
39067,2014,194
39067,2015,195
39067,2016,193
39067,2017,228
39067,2018,236
39067,2019,249
39067,2020,222
39067,2021,233
39067,2022,220
39067,2023,255
39067,2024,285
39069,2013,332
39069,2014,173
39069,2015,429
39069,2016,431
39069,2017,434
39069,2018,431
39069,2019,436
39069,2020,449
39069,2021,474
39069,2022,359
39069,2023,356
39069,2024,391
39071,2013,676
39071,2014,792
39071,2015,802
39071,2016,881
39071,2017,851
39071,2018,885
39071,2019,913
39071,2020,953
39071,2021,927
39071,2022,648
39071,2023,641
39071,2024,779
39073,2013,416
39073,2014,450
39073,2015,416
39073,2016,528
39073,2017,556
39073,2018,628
39073,2019,623
39073,2020,631
39073,2021,580
39073,2022,336
39073,2023,389
39073,2024,493
39075,2014,372
39075,2015,378
39075,2016,478
39075,2017,447
39075,2018,376
39075,2019,124
39075,2020,503
39075,2021,474
39075,2022,264
39075,2023,421
39075,2024,507
39077,2013,938
39077,2014,694
39077,2015,791
39077,2016,909
39077,2017,832
39077,2018,960
39077,2019,915
39077,2020,1050
39077,2021,1182
39077,2022,892
39077,2023,755
39077,2024,789
39079,2012,447
39079,2013,453
39079,2015,404
39079,2016,605
39079,2017,489
39079,2018,580
39079,2019,597
39079,2020,587
39079,2021,659
39079,2022,588
39079,2023,522
39079,2024,517
39081,2020,916
39081,2021,923
39081,2022,621
39081,2023,915
39081,2024,926
39083,2013,1037
39083,2014,935
39083,2015,894
39083,2016,949
39083,2017,1110
39083,2018,414
39083,2019,937
39083,2020,1143
39083,2021,1366
39083,2022,560
39083,2023,602
39083,2024,885
39085,2013,3222
39085,2014,3239
39085,2015,3917
39085,2016,4162
39085,2017,4245
39085,2018,4327
39085,2019,4586
39085,2020,4488
39085,2021,4919
39085,2022,4850
39085,2023,3838
39087,2013,660
39087,2014,648
39087,2015,753
39087,2016,711
39087,2017,638
39087,2018,431
39087,2019,526
39087,2020,849
39087,2021,1012
39087,2022,656
39087,2023,800
39089,2019,3899
39089,2020,3884
39089,2021,4204
39089,2023,2186
39089,2024,2868
39091,2016,1056
39091,2018,1128
39091,2019,1185
39091,2020,1143
39091,2021,1122
39091,2022,761
39091,2023,979
39091,2024,987
39093,2013,4498
39093,2014,3785
39093,2015,4417
39093,2016,4716
39093,2017,5050
39093,2018,5779
39093,2019,6544
39093,2020,6853
39093,2021,7172
39093,2022,5432
39093,2023,5407
39093,2024,5079
39095,2013,6039
39095,2014,5585
39095,2015,5983
39095,2016,7700
39095,2017,7761
39095,2018,8322
39095,2019,8016
39095,2020,7807
39095,2021,9627
39095,2022,9075
39095,2024,6969
39097,2013,508
39097,2014,529
39097,2015,514
39097,2016,706
39097,2017,732
39097,2018,784
39097,2019,742
39097,2020,837
39097,2021,712
39097,2022,509
39097,2023,666
39097,2024,699
39099,2013,3151
39099,2014,2712
39099,2015,3429
39099,2016,2882
39099,2017,3176
39099,2018,3579
39099,2019,3894
39099,2020,4064
39099,2021,4629
39099,2022,4699
39099,2024,3900
39101,2012,760
39101,2014,822
39101,2015,941
39101,2016,942
39101,2017,987
39101,2018,1045
39101,2019,1143
39101,2020,1086
39101,2021,850
39101,2022,544
39101,2023,812
39101,2024,1046
39103,2013,2882
39103,2014,2785
39103,2015,3037
39103,2016,3423
39103,2017,3418
39103,2018,3539
39103,2019,3423
39103,2020,3516
39103,2021,3270
39103,2022,2761
39103,2023,2499
39103,2024,2353
39105,2013,263
39105,2014,290
39105,2016,320
39105,2017,304
39105,2018,385
39105,2019,314
39105,2020,374
39105,2021,345
39105,2022,262
39105,2023,302
39105,2024,325
39107,2013,630
39107,2014,632
39107,2015,284
39107,2016,702
39107,2017,677
39107,2018,682
39107,2019,669
39107,2020,710
39107,2021,713
39107,2022,437
39107,2023,571
39107,2024,505
39109,2014,1321
39109,2015,1803
39109,2016,2098
39109,2017,2014
39109,2018,2384
39109,2019,2294
39109,2020,2402
39109,2021,1989
39109,2022,1457
39109,2023,2028
39109,2024,1772
39111,2015,87
39111,2016,148
39111,2017,170
39111,2018,159
39111,2019,182
39111,2020,146
39111,2021,161
39111,2022,175
39111,2023,201
39111,2024,204
39113,2012,6243
39113,2014,6357
39113,2015,6259
39113,2016,10048
39113,2017,10606
39113,2018,11228
39113,2019,11186
39113,2020,10123
39113,2021,13407
39113,2022,8313
39113,2023,9049
39113,2024,9968
39115,2013,219
39115,2014,202
39115,2015,208
39115,2016,258
39115,2017,254
39115,2018,244
39115,2019,278
39115,2021,313
39115,2022,186
39115,2023,282
39115,2024,237
39117,2015,678
39117,2016,818
39117,2017,451
39117,2018,758
39117,2019,633
39117,2020,785
39117,2021,891
39117,2022,613
39117,2023,671
39117,2024,321
39119,2013,1162
39119,2015,1402
39119,2016,1616
39119,2017,1706
39119,2018,1652
39119,2019,1711
39119,2020,1604
39119,2021,1637
39119,2022,1100
39119,2023,1541
39119,2024,1524
39121,2017,123
39121,2018,141
39121,2019,171
39121,2020,133
39121,2021,207
39121,2022,79
39121,2023,135
39121,2024,133
39123,2013,981
39123,2014,817
39123,2015,1067
39123,2016,1281
39123,2017,1306
39123,2018,1345
39123,2019,1146
39123,2020,1258
39123,2021,1073
39123,2022,1086
39123,2023,956
39123,2024,992
39125,2013,267
39125,2014,160
39125,2015,261
39125,2016,297
39125,2017,355
39125,2018,370
39125,2019,320
39125,2020,315
39125,2021,386
39125,2022,273
39125,2023,287
39125,2024,311
39127,2012,320
39127,2013,404
39127,2014,399
39127,2015,447
39127,2016,497
39127,2017,556
39127,2018,594
39127,2019,598
39127,2020,554
39127,2021,539
39127,2022,407
39127,2023,550
39127,2024,467
39129,2013,822
39129,2014,902
39129,2015,853
39129,2016,1002
39129,2017,1017
39129,2018,1121
39129,2019,1093
39129,2020,990
39129,2021,946
39129,2022,973
39129,2023,887
39129,2024,838
39131,2012,233
39131,2013,334
39131,2014,166
39131,2015,269
39131,2016,430
39131,2017,409
39131,2018,471
39131,2019,492
39131,2020,522
39131,2021,503
39131,2022,416
39131,2023,433
39131,2024,448
39133,2013,1846
39133,2014,1875
39133,2015,2039
39133,2016,2119
39133,2017,2228
39133,2018,2231
39133,2019,2492
39133,2020,2391
39133,2021,2349
39133,2023,1387
39133,2024,1954
39135,2013,591
39135,2014,584
39135,2016,750
39135,2017,675
39135,2018,783
39135,2019,854
39135,2020,839
39135,2021,674
39135,2022,223
39137,2013,390
39137,2014,326
39137,2015,393
39137,2016,450
39137,2017,431
39137,2018,443
39137,2019,428
39137,2020,455
39137,2021,418
39137,2023,172
39137,2024,359
39139,2012,1496
39139,2014,1585
39139,2015,1813
39139,2016,1764
39139,2017,2103
39139,2018,2224
39139,2019,2219
39139,2020,2130
39139,2021,2273
39139,2022,2009
39139,2023,1922
39139,2024,1939
39141,2013,1029
39141,2014,1050
39141,2015,1070
39141,2016,1156
39141,2017,1165
39141,2018,1257
39141,2019,1255
39141,2020,1278
39141,2021,1334
39141,2022,1055
39141,2023,1136
39141,2024,1059
39143,2013,736
39143,2014,743
39143,2015,802
39143,2016,914
39143,2017,936
39143,2018,1034
39143,2019,914
39143,2020,1051
39143,2021,1006
39143,2022,746
39143,2023,815
39143,2024,886
39145,2015,807
39145,2016,891
39145,2017,992
39145,2018,1045
39145,2019,1064
39145,2020,1203
39145,2021,1348
39145,2022,897
39145,2023,1054
39145,2024,1068
39147,2013,659
39147,2014,545
39147,2015,604
39147,2016,776
39147,2017,819
39147,2018,897
39147,2019,851
39147,2020,854
39147,2021,831
39147,2022,840
39147,2023,785
39147,2024,786
39149,2013,607
39149,2014,652
39149,2015,624
39149,2016,819
39149,2017,889
39149,2018,812
39149,2019,791
39149,2020,842
39149,2021,825
39149,2022,202
39149,2023,502
39149,2024,739
39151,2013,4952
39151,2014,5053
39151,2015,5742
39151,2016,5809
39151,2017,6327
39151,2018,6809
39151,2019,6760
39151,2020,7200
39151,2021,7700
39151,2022,4320
39151,2023,3815
39151,2024,6057
39151,2025,5278
39153,2013,7920
39153,2014,7853
39153,2015,8660
39153,2016,9252
39153,2017,10057
39153,2018,10479
39153,2019,10408
39153,2020,10949
39153,2021,12016
39153,2023,9825
39153,2024,9403
39153,2025,8223
39155,2013,2362
39155,2014,2392
39155,2015,2795
39155,2016,2900
39155,2017,3130
39155,2018,3116
39155,2019,3042
39155,2020,3141
39155,2021,3337
39155,2022,2362
39155,2023,2775
39155,2024,2964
39157,2013,1296
39157,2014,965
39157,2016,1460
39157,2017,1451
39157,2018,1588
39157,2019,1578
39157,2020,1513
39157,2021,1573
39157,2022,1020
39157,2023,1231
39157,2024,1353
39159,2013,721
39159,2018,1561
39159,2019,1589
39159,2020,1620
39159,2021,1693
39159,2022,974
39159,2023,1119
39159,2024,902
39161,2013,460
39161,2015,231
39161,2016,480
39161,2017,518
39161,2018,556
39161,2019,480
39161,2020,480
39161,2021,606
39161,2022,343
39161,2023,454
39161,2024,513
39163,2014,147
39163,2015,99
39163,2016,179
39163,2017,215
39163,2018,195
39163,2019,233
39163,2020,222
39163,2021,219
39163,2022,129
39165,2013,4421
39165,2014,4133
39165,2016,2640
39165,2017,4914
39165,2018,5153
39165,2019,5492
39165,2020,5393
39165,2021,5698
39165,2022,4501
39165,2023,3528
39165,2024,3481
39167,2013,739
39167,2014,480
39167,2015,856
39167,2016,861
39167,2017,861
39167,2018,928
39167,2019,957
39167,2020,856
39167,2021,888
39167,2022,769
39167,2023,858
39167,2024,906
39169,2013,1489
39169,2014,1453
39169,2015,1578
39169,2016,1728
39169,2017,1810
39169,2018,1890
39169,2019,1869
39169,2020,1805
39169,2021,1806
39169,2022,529
39169,2023,1299
39169,2024,1436
39171,2013,504
39171,2014,239
39171,2015,539
39171,2016,633
39171,2017,620
39171,2018,680
39171,2019,640
39171,2020,622
39171,2021,706
39171,2022,235
39171,2023,375
39171,2024,558
39173,2013,1836
39173,2014,1964
39173,2015,2295
39173,2016,2395
39173,2017,2272
39173,2018,2476
39173,2019,2393
39173,2020,2355
39173,2021,2503
39173,2023,1877
39175,2013,265
39175,2014,230
39175,2015,243
39175,2017,289
39175,2018,260
39175,2019,287
39175,2020,306
39175,2021,306
39175,2023,195
39175,2024,300
39175,2025,276
40001,2014,91
40001,2016,139
40001,2017,135
40001,2018,146
40001,2019,168
40001,2020,205
40001,2021,271
40001,2022,328
40001,2023,185
40001,2024,196
40003,2014,102
40003,2015,95
40003,2016,84
40003,2017,63
40003,2018,49
40003,2019,46
40003,2020,29
40003,2021,52
40003,2022,46
40003,2023,44
40003,2024,52
40005,2014,128
40005,2015,82
40005,2017,113
40005,2018,135
40005,2019,148
40005,2020,90
40005,2021,115
40005,2022,88
40005,2023,87
40005,2024,98
40007,2014,77
40007,2015,57
40007,2016,48
40007,2017,56
40007,2018,52
40007,2019,45
40007,2020,44
40007,2021,54
40007,2022,44
40007,2023,51
40007,2024,38
40009,2014,257
40009,2015,250
40009,2016,229
40009,2017,295
40009,2018,316
40009,2019,318
40009,2020,296
40009,2021,423
40009,2022,546
40009,2023,349
40009,2024,321
40011,2014,100
40011,2015,92
40011,2016,73
40011,2017,76
40011,2018,115
40011,2019,108
40011,2020,102
40011,2021,105
40011,2022,152
40011,2023,109
40011,2024,134
40013,2014,612
40013,2015,540
40013,2016,592
40013,2017,766
40013,2018,733
40013,2019,845
40013,2020,808
40013,2021,1015
40013,2022,1240
40013,2023,788
40013,2024,734
40015,2014,235
40015,2015,203
40015,2017,278
40015,2018,253
40015,2019,233
40015,2020,276
40015,2021,322
40015,2022,279
40015,2023,279
40015,2024,431
40015,2025,560
40017,2014,3804
40017,2015,3841
40017,2016,4121
40017,2017,4147
40017,2018,4522
40017,2019,4720
40017,2020,5628
40017,2021,6313
40017,2022,5854
40017,2023,4667
40017,2024,3630
40019,2014,655
40019,2015,682
40019,2016,653
40019,2017,781
40019,2018,723
40019,2019,836
40019,2020,822
40019,2021,1077
40019,2022,1092
40019,2023,800
40019,2024,771
40021,2014,550
40021,2015,519
40021,2016,664
40021,2017,657
40021,2018,756
40021,2019,631
40021,2020,726
40021,2021,699
40021,2022,472
40021,2023,684
40021,2024,597
40023,2015,85
40023,2016,101
40023,2017,134
40023,2018,138
40023,2019,154
40023,2020,136
40023,2021,184
40023,2022,200
40023,2023,139
40023,2024,147
40027,2014,5971
40027,2015,5513
40027,2016,5651
40027,2017,5689
40027,2018,5920
40027,2019,6025
40027,2020,6619
40027,2021,7453
40027,2022,6814
40027,2023,4581
40027,2024,4447
40029,2014,58
40029,2015,47
40029,2016,37
40029,2017,46
40029,2018,49
40029,2019,58
40029,2020,38
40029,2021,61
40029,2022,60
40029,2023,52
40029,2024,42
40031,2014,1030
40031,2016,1416
40031,2017,1663
40031,2018,1722
40031,2019,1788
40031,2020,2101
40031,2021,2903
40031,2022,3270
40031,2023,2180
40031,2024,2255
40033,2014,59
40033,2015,50
40033,2016,60
40033,2017,59
40033,2018,64
40033,2019,67
40033,2020,58
40033,2021,72
40033,2022,103
40033,2023,87
40033,2024,75
40035,2014,181
40035,2015,181
40035,2016,181
40035,2017,185
40035,2018,147
40035,2019,173
40035,2020,134
40035,2021,150
40035,2022,137
40035,2023,147
40035,2024,108
40037,2014,873
40037,2015,827
40037,2016,1025
40037,2017,1107
40037,2018,1125
40037,2019,1156
40037,2020,1145
40037,2021,1419
40037,2022,1390
40037,2023,1073
40037,2024,1061
40039,2014,528
40039,2015,404
40039,2016,230
40039,2017,298
40039,2018,370
40039,2019,423
40039,2020,356
40039,2021,462
40039,2022,432
40039,2023,368
40039,2024,298
40041,2014,383
40041,2016,456
40041,2017,631
40041,2018,610
40041,2019,883
40041,2020,1232
40041,2021,1297
40041,2022,1215
40041,2023,966
40041,2024,918
40043,2014,96
40043,2015,59
40043,2016,65
40043,2017,54
40043,2018,75
40043,2019,61
40043,2020,44
40043,2021,57
40043,2022,72
40043,2023,54
40043,2024,44
40045,2014,84
40045,2015,53
40045,2016,30
40045,2017,44
40045,2018,46
40045,2019,50
40045,2020,35
40045,2021,32
40045,2022,25
40045,2023,30
40045,2024,31
40047,2014,1118
40047,2015,849
40047,2016,571
40047,2017,1032
40047,2018,1094
40047,2019,1132
40047,2020,1048
40047,2021,1225
40047,2022,1417
40047,2023,1093
40047,2024,1175
40049,2014,341
40049,2015,310
40049,2016,258
40049,2017,337
40049,2018,367
40049,2019,352
40049,2020,467
40049,2021,513
40049,2022,474
40049,2023,421
40049,2024,458
40051,2014,877
40051,2015,819
40051,2016,371
40051,2017,974
40051,2018,1026
40051,2019,982
40051,2020,983
40051,2021,1273
40051,2022,1220
40051,2023,1029
40051,2024,930
40053,2014,61
40053,2015,38
40053,2016,33
40053,2017,44
40053,2018,51
40053,2019,50
40053,2020,60
40053,2021,67
40053,2022,81
40053,2023,86
40053,2024,79
40055,2014,73
40055,2015,101
40055,2016,68
40055,2017,73
40055,2018,78
40055,2019,61
40055,2020,46
40055,2021,71
40055,2022,58
40055,2023,67
40055,2024,70
40057,2014,33
40057,2015,38
40057,2016,26
40057,2017,51
40057,2018,38
40057,2019,29
40057,2020,29
40057,2021,36
40057,2022,70
40057,2023,34
40057,2024,46
40059,2014,46
40059,2015,44
40059,2016,43
40059,2017,44
40059,2018,48
40059,2019,19
40059,2020,37
40059,2021,41
40059,2022,35
40059,2023,32
40059,2024,30
40061,2014,133
40061,2015,88
40061,2017,133
40061,2018,125
40061,2019,107
40061,2020,168
40061,2021,176
40061,2022,127
40061,2023,169
40061,2024,162
40063,2014,146
40063,2015,178
40063,2016,127
40063,2017,166
40063,2018,133
40063,2019,139
40063,2020,137
40063,2021,160
40063,2022,130
40063,2023,109
40063,2024,108
40065,2014,400
40065,2015,359
40065,2016,369
40065,2017,438
40065,2018,393
40065,2019,478
40065,2020,503
40065,2021,608
40065,2022,589
40065,2023,527
40065,2024,504
40067,2014,64
40067,2015,23
40067,2016,38
40067,2017,18
40067,2018,28
40067,2019,33
40067,2022,43
40067,2023,39
40067,2024,67
40069,2014,124
40069,2015,99
40069,2016,104
40069,2017,102
40069,2018,99
40069,2019,123
40069,2020,108
40069,2021,118
40069,2022,155
40069,2023,133
40069,2024,130
40071,2014,740
40071,2015,710
40071,2016,678
40071,2017,703
40071,2018,745
40071,2019,708
40071,2020,755
40071,2021,941
40071,2022,981
40071,2023,795
40071,2024,837
40073,2014,225
40073,2015,217
40073,2016,121
40073,2017,214
40073,2018,249
40073,2019,271
40073,2020,254
40073,2021,277
40073,2022,269
40073,2023,225
40073,2024,198
40075,2018,72
40075,2019,120
40075,2020,101
40075,2021,129
40075,2022,184
40075,2023,163
40075,2024,179
40077,2014,99
40077,2016,63
40077,2017,76
40077,2018,93
40077,2019,117
40077,2020,101
40077,2021,162
40077,2022,158
40077,2023,130
40077,2024,105
40079,2015,487
40079,2016,694
40079,2017,699
40079,2018,772
40079,2019,695
40079,2020,705
40079,2021,832
40079,2022,672
40079,2023,705
40079,2024,709
40081,2014,497
40081,2015,377
40081,2016,340
40081,2017,473
40081,2018,479
40081,2019,524
40081,2020,553
40081,2021,678
40081,2022,662
40081,2023,584
40081,2024,541
40083,2013,707
40083,2016,911
40083,2017,955
40083,2018,1076
40083,2019,1222
40083,2020,1404
40083,2021,1563
40083,2022,1318
40083,2023,1077
40083,2024,1106
40085,2014,122
40085,2015,101
40085,2016,96
40085,2017,132
40085,2018,126
40085,2019,145
40085,2020,163
40085,2021,172
40085,2022,219
40085,2023,178
40085,2024,150
40087,2014,862
40087,2015,723
40087,2016,782
40087,2017,927
40087,2018,939
40087,2019,1042
40087,2020,1229
40087,2021,1270
40087,2022,1029
40087,2023,971
40087,2024,868
40089,2014,288
40089,2016,298
40089,2017,475
40089,2018,420
40089,2019,666
40089,2020,858
40089,2021,1025
40089,2022,1002
40089,2023,603
40089,2024,504
40091,2014,490
40091,2015,327
40091,2016,261
40091,2017,358
40091,2018,362
40091,2019,411
40091,2020,485
40091,2021,558
40091,2022,607
40091,2023,453
40091,2024,497
40093,2014,107
40093,2015,81
40093,2016,70
40093,2017,108
40093,2018,80
40093,2019,110
40093,2020,100
40093,2021,112
40093,2022,110
40093,2023,98
40093,2024,119
40095,2014,245
40095,2015,222
40095,2016,252
40095,2017,302
40095,2018,318
40095,2019,308
40095,2020,385
40095,2021,451
40095,2022,405
40095,2023,367
40095,2024,369
40097,2014,559
40097,2015,548
40097,2016,521
40097,2017,556
40097,2018,588
40097,2019,615
40097,2020,741
40097,2021,845
40097,2022,851
40097,2023,736
40097,2024,604
40099,2014,221
40099,2015,138
40099,2016,151
40099,2017,202
40099,2018,207
40099,2019,211
40099,2020,245
40099,2021,292
40099,2022,317
40099,2023,240
40099,2024,245
40101,2014,514
40101,2015,645
40101,2016,931
40101,2017,888
40101,2018,1044
40101,2019,1073
40101,2020,1088
40101,2021,1237
40101,2022,1025
40101,2023,1043
40101,2024,1044
40103,2014,173
40103,2015,144
40103,2016,128
40103,2017,176
40103,2018,176
40103,2019,168
40103,2020,194
40103,2021,219
40103,2022,255
40103,2023,205
40103,2024,197
40105,2014,166
40105,2015,95
40105,2017,118
40105,2018,118
40105,2019,109
40105,2020,118
40105,2021,163
40105,2022,209
40105,2023,166
40105,2024,157
40107,2015,88
40107,2016,91
40107,2017,121
40107,2018,92
40107,2019,134
40107,2020,144
40107,2021,168
40107,2022,159
40107,2023,142
40107,2024,189
40109,2014,15071
40109,2016,9378
40109,2017,13452
40109,2018,17040
40109,2019,17345
40109,2020,17925
40109,2021,21098
40109,2022,19245
40109,2023,14051
40109,2024,13461
40111,2014,461
40111,2015,264
40111,2016,342
40111,2017,415
40111,2018,429
40111,2019,521
40111,2020,516
40111,2021,596
40111,2022,638
40111,2023,599
40111,2024,571
40113,2013,546
40113,2014,550
40113,2015,440
40113,2018,480
40113,2019,618
40113,2020,748
40113,2021,880
40113,2022,795
40113,2023,709
40113,2024,721
40115,2014,426
40115,2015,297
40115,2016,279
40115,2017,384
40115,2018,405
40115,2019,437
40115,2020,517
40115,2021,642
40115,2022,575
40115,2023,505
40115,2024,532
40117,2014,215
40117,2015,191
40117,2016,127
40117,2017,144
40117,2018,183
40117,2019,181
40117,2020,160
40117,2021,145
40117,2022,114
40117,2023,118
40117,2024,118
40119,2014,1214
40119,2015,612
40119,2017,820
40119,2018,933
40119,2019,1222
40119,2020,1422
40119,2021,1487
40119,2022,1506
40119,2023,1288
40119,2024,1281
40121,2014,760
40121,2015,646
40121,2016,602
40121,2017,720
40121,2018,805
40121,2019,763
40121,2020,895
40121,2021,1090
40121,2022,1008
40121,2023,947
40121,2024,835
40123,2014,565
40123,2015,530
40123,2016,439
40123,2017,606
40123,2018,575
40123,2019,700
40123,2020,684
40123,2021,850
40123,2022,767
40123,2023,631
40123,2024,603
40125,2014,1158
40125,2015,1078
40125,2016,1042
40125,2017,1010
40125,2018,1165
40125,2019,1126
40125,2020,1278
40125,2021,1461
40125,2022,1487
40125,2023,1222
40125,2024,1125
40127,2014,168
40127,2015,129
40127,2016,139
40127,2017,135
40127,2018,122
40127,2019,117
40127,2020,122
40127,2021,130
40127,2022,120
40127,2023,109
40127,2024,94
40129,2014,36
40129,2015,23
40129,2016,18
40129,2017,14
40129,2018,23
40129,2019,26
40129,2020,18
40129,2021,26
40129,2022,33
40129,2023,31
40129,2024,19
40131,2014,1533
40131,2015,1175
40131,2016,1798
40131,2017,1876
40131,2018,1934
40131,2019,1925
40131,2020,2080
40131,2021,2417
40131,2022,2066
40131,2023,1633
40131,2024,1543
40133,2015,191
40133,2016,193
40133,2017,263
40133,2018,260
40133,2019,294
40133,2020,249
40133,2021,358
40133,2022,375
40133,2023,327
40133,2024,309
40135,2014,533
40135,2015,387
40135,2016,430
40135,2017,476
40135,2018,595
40135,2019,603
40135,2020,668
40135,2021,807
40135,2022,717
40135,2023,606
40135,2024,611
40137,2014,626
40137,2015,570
40137,2016,537
40137,2017,537
40137,2018,616
40137,2019,699
40137,2020,693
40137,2021,869
40137,2022,878
40137,2023,825
40137,2024,847
40139,2014,190
40139,2015,101
40139,2016,175
40139,2017,188
40139,2018,179
40139,2019,211
40139,2020,248
40139,2021,286
40139,2022,263
40139,2023,205
40139,2024,210
40141,2014,103
40141,2015,90
40141,2016,77
40141,2017,90
40141,2018,71
40141,2019,81
40141,2020,102
40141,2021,115
40141,2022,161
40141,2023,157
40141,2024,163
40143,2014,11090
40143,2015,11362
40143,2016,9240
40143,2017,7778
40143,2018,12678
40143,2019,12957
40143,2020,14178
40143,2021,16149
40143,2022,14797
40143,2024,11064
40145,2014,1435
40145,2015,1154
40145,2016,1378
40145,2017,1597
40145,2018,1711
40145,2019,1805
40145,2020,2192
40145,2021,2142
40145,2022,2413
40145,2023,1722
40145,2024,1691
40147,2014,948
40147,2015,789
40147,2016,923
40147,2017,926
40147,2018,882
40147,2019,1072
40147,2020,1132
40147,2021,1296
40147,2022,1313
40147,2023,1102
40147,2024,987
40149,2018,115
40149,2019,126
40149,2020,142
40149,2021,200
40149,2022,218
40149,2023,200
40149,2024,183
40151,2014,154
40151,2015,145
40151,2016,133
40151,2017,151
40151,2018,137
40151,2019,121
40151,2020,151
40151,2021,174
40151,2022,194
40151,2023,120
40151,2024,51
40153,2014,336
40153,2015,247
40153,2016,166
40153,2017,269
40153,2018,312
40153,2019,294
40153,2020,259
40153,2021,373
40153,2022,364
40153,2023,322
40153,2024,319
41001,2016,393
41001,2017,332
41001,2018,349
41001,2019,342
41001,2020,353
41001,2021,357
41001,2022,311
41001,2023,251
41001,2024,257
41001,2025,133
41003,2012,912
41003,2014,1180
41003,2015,1370
41003,2016,1328
41003,2017,1189
41003,2018,1325
41003,2019,1252
41003,2020,1246
41003,2021,1625
41003,2022,1234
41003,2023,803
41003,2024,902
41003,2025,801
41005,2014,7417
41005,2015,8867
41005,2016,9017
41005,2017,8697
41005,2018,8274
41005,2019,8151
41005,2020,8815
41005,2021,9881
41005,2022,7411
41005,2023,5203
41005,2025,5074
41007,2013,537
41007,2014,681
41007,2015,977
41007,2016,931
41007,2017,994
41007,2018,971
41007,2019,851
41007,2020,943
41007,2021,1052
41007,2022,911
41007,2023,702
41007,2024,698
41007,2025,622
41009,2014,756
41009,2015,1058
41009,2016,1119
41009,2017,1180
41009,2018,1042
41009,2019,980
41009,2020,1040
41009,2021,1140
41009,2022,916
41009,2023,617
41009,2024,629
41009,2025,598
41011,2014,848
41011,2015,1054
41011,2016,1175
41011,2017,1311
41011,2018,1358
41011,2019,1371
41011,2020,1339
41011,2021,1557
41011,2022,1281
41011,2023,901
41011,2024,968
41011,2025,965
41013,2013,417
41013,2015,588
41013,2016,703
41013,2017,755
41013,2018,694
41013,2019,681
41013,2020,827
41013,2021,816
41013,2022,667
41013,2023,511
41013,2024,508
41013,2025,438
41015,2014,310
41015,2015,391
41015,2016,283
41015,2017,271
41015,2020,474
41015,2021,728
41015,2022,304
41015,2023,394
41015,2024,401
41015,2025,347
41017,2014,5550
41017,2015,6462
41017,2016,6871
41017,2017,6547
41017,2018,6746
41017,2019,6648
41017,2020,7460
41017,2021,7515
41017,2022,5470
41017,2023,4220
41017,2024,4618
41017,2025,3874
41019,2013,1038
41019,2014,1179
41019,2015,1498
41019,2016,1846
41019,2017,1726
41019,2018,1838
41019,2019,1970
41019,2020,2064
41019,2021,2127
41019,2022,1659
41019,2023,722
41019,2024,1364
41019,2025,1193
41021,2020,31
41021,2021,46
41021,2022,105
41021,2023,34
41021,2025,27
41023,2014,73
41023,2016,94
41023,2017,90
41023,2018,114
41023,2019,123
41023,2020,108
41023,2021,182
41023,2022,126
41023,2023,107
41023,2024,93
41025,2014,67
41025,2015,71
41025,2016,103
41025,2017,117
41025,2018,122
41025,2019,108
41025,2020,110
41025,2021,159
41025,2022,131
41025,2023,91
41025,2025,110
41027,2013,330
41027,2014,303
41027,2015,328
41027,2016,385
41027,2017,365
41027,2018,344
41027,2019,369
41027,2020,395
41027,2021,372
41027,2022,295
41027,2023,176
41027,2024,211
41029,2014,3147
41029,2015,3749
41029,2016,3981
41029,2017,3972
41029,2018,3928
41029,2019,3791
41029,2020,3862
41029,2021,4290
41029,2022,3530
41029,2023,2540
41029,2024,2707
41029,2025,2414
41031,2013,241
41031,2014,358
41031,2015,310
41031,2016,432
41031,2017,498
41031,2018,507
41031,2019,471
41031,2020,562
41031,2021,629
41031,2022,528
41031,2024,357
41031,2025,310
41033,2014,1208
41033,2015,1556
41033,2016,1773
41033,2017,1572
41033,2018,1595
41033,2019,1575
41033,2020,1562
41033,2021,1745
41033,2022,487
41033,2023,1073
41033,2024,1126
41033,2025,1039
41035,2013,990
41035,2014,1062
41035,2015,1199
41035,2016,1283
41035,2017,1519
41035,2018,1686
41035,2019,1416
41035,2020,1514
41035,2021,1803
41035,2022,1564
41035,2023,1152
41035,2024,1139
41035,2025,971
41037,2019,133
41037,2020,187
41037,2021,182
41037,2022,167
41037,2023,92
41037,2024,104
41039,2014,4712
41039,2015,6025
41039,2016,6704
41039,2017,6803
41039,2018,6570
41039,2019,6133
41039,2020,6047
41039,2021,6795
41039,2022,5791
41039,2023,4254
41039,2025,4136
41041,2013,657
41041,2014,877
41041,2015,1144
41041,2016,1251
41041,2017,1420
41041,2018,1454
41041,2019,1488
41041,2020,1563
41041,2021,1782
41041,2022,1333
41041,2024,1053
41043,2014,1671
41043,2015,2100
41043,2016,2597
41043,2017,2661
41043,2018,2655
41043,2019,2351
41043,2020,2448
41043,2021,2575
41043,2022,2017
41043,2023,1386
41043,2024,1385
41043,2025,1369
41045,2014,217
41045,2015,212
41045,2016,278
41045,2017,315
41045,2018,379
41045,2019,389
41045,2020,363
41045,2021,461
41045,2022,348
41045,2023,272
41045,2024,268
41045,2025,246
41047,2019,5705
41047,2020,5784
41047,2021,6006
41047,2022,4665
41047,2023,3490
41047,2024,3545
41047,2025,3130
41049,2015,96
41049,2016,132
41049,2017,156
41049,2018,166
41049,2019,153
41049,2020,158
41049,2021,211
41049,2022,171
41049,2023,159
41049,2024,158
41049,2025,245
41051,2014,12673
41051,2015,14912
41051,2016,14453
41051,2017,13295
41051,2018,13078
41051,2019,12996
41051,2020,13588
41051,2021,16415
41051,2022,13257
41051,2023,9248
41051,2025,8791
41053,2014,1043
41053,2015,1425
41053,2016,1568
41053,2017,1475
41053,2018,1652
41053,2019,1559
41053,2020,1616
41053,2021,1669
41053,2022,1260
41053,2023,912
41053,2024,911
41053,2025,852
41057,2013,545
41057,2014,706
41057,2015,917
41057,2016,857
41057,2017,948
41057,2018,963
41057,2019,940
41057,2020,1039
41057,2021,1125
41057,2022,863
41057,2023,666
41057,2024,575
41059,2014,766
41059,2015,867
41059,2016,930
41059,2017,876
41059,2018,863
41059,2020,955
41059,2021,1123
41059,2022,972
41059,2023,740
41059,2024,740
41061,2013,300
41061,2014,234
41061,2015,236
41061,2016,397
41061,2017,401
41061,2018,443
41061,2019,382
41061,2020,423
41061,2021,389
41061,2022,461
41061,2023,302
41061,2024,297
41061,2025,255
41063,2014,57
41063,2015,70
41063,2016,74
41063,2018,77
41063,2019,64
41063,2020,92
41063,2021,176
41063,2022,106
41063,2023,94
41063,2024,97
41065,2016,421
41065,2017,474
41065,2018,478
41065,2019,341
41065,2020,398
41065,2021,362
41065,2022,384
41065,2023,308
41065,2024,294
41065,2025,297
41067,2014,9230
41067,2015,11393
41067,2016,11507
41067,2017,10943
41067,2018,10072
41067,2019,10053
41067,2020,10861
41067,2021,12053
41067,2022,9322
41067,2023,6610
41067,2024,7409
41067,2025,6034
41069,2013,10
41069,2015,13
41069,2016,27
41069,2017,28
41069,2018,20
41069,2019,17
41069,2020,21
41069,2021,26
41069,2022,26
41069,2023,23
41069,2024,16
41069,2025,26
41071,2014,1424
41071,2015,1981
41071,2016,1993
41071,2017,1899
41071,2018,1683
41071,2019,1770
41071,2020,1865
41071,2021,1914
41071,2022,1758
41071,2023,1261
41071,2024,1263
41071,2025,1056
42001,2014,1178
42001,2015,630
42001,2016,1361
42001,2017,1448
42001,2018,1530
42001,2019,1501
42001,2020,1610
42001,2021,1738
42001,2022,1533
42001,2023,1198
42001,2024,1134
42001,2025,1119
42003,2014,17353
42003,2015,17385
42003,2016,19229
42003,2017,19891
42003,2018,20787
42003,2019,20701
42003,2020,21180
42003,2021,25353
42003,2022,23395
42003,2023,19159
42003,2024,18596
42005,2014,652
42005,2015,668
42005,2016,703
42005,2017,799
42005,2018,822
42005,2019,822
42005,2020,819
42005,2021,1089
42005,2022,1080
42005,2023,851
42005,2024,926
42005,2025,785
42007,2014,2260
42007,2015,2313
42007,2016,2489
42007,2017,2582
42007,2018,2930
42007,2019,2729
42007,2020,2747
42007,2021,3522
42007,2022,2973
42007,2023,2514
42007,2024,2485
42007,2025,2328
42009,2014,440
42009,2016,513
42009,2017,467
42009,2018,536
42009,2019,627
42009,2020,627
42009,2021,711
42009,2022,646
42009,2023,526
42009,2024,532
42009,2025,507
42011,2014,4952
42011,2015,5292
42011,2016,6160
42011,2017,6548
42011,2018,6774
42011,2019,6999
42011,2020,6468
42011,2021,8036
42011,2022,6851
42011,2023,5243
42011,2024,5310
42011,2025,4472
42013,2014,1485
42013,2015,1577
42013,2016,1442
42013,2017,1600
42013,2018,1520
42013,2019,1633
42013,2020,1756
42013,2021,1902
42013,2022,1775
42013,2023,1517
42013,2024,1517
42013,2025,1474
42015,2014,586
42015,2015,608
42015,2016,641
42015,2017,726
42015,2018,719
42015,2019,823
42015,2020,790
42015,2021,901
42015,2022,921
42015,2023,782
42015,2024,802
42015,2025,625
42017,2014,7542
42017,2015,8317
42017,2016,9049
42017,2017,9302
42017,2018,9205
42017,2019,9256
42017,2020,9061
42017,2021,10286
42017,2022,8463
42017,2023,6493
42019,2014,2339
42019,2015,2362
42019,2016,2767
42019,2017,2787
42019,2018,3005
42019,2019,3357
42019,2020,3025
42019,2021,3774
42019,2022,3254
42019,2023,2643
42019,2024,2658
42019,2025,2238
42021,2014,1068
42021,2016,963
42021,2017,1473
42021,2018,1506
42021,2019,1714
42021,2020,1879
42021,2021,1833
42023,2017,93
42023,2018,46
42023,2019,83
42023,2020,87
42023,2021,111
42023,2022,95
42023,2023,79
42023,2024,74
42025,2014,1117
42025,2015,1139
42025,2016,1346
42025,2017,1498
42025,2018,1336
42025,2019,1464
42025,2020,1677
42025,2021,1966
42025,2022,1761
42025,2023,1409
42025,2024,1436
42025,2025,1199
42027,2014,1429
42027,2015,1587
42027,2016,1796
42027,2017,1825
42027,2018,1910
42027,2019,1885
42027,2020,1891
42027,2021,1807
42027,2022,1765
42027,2023,1509
42027,2024,1497
42027,2025,1333
42029,2014,6982
42029,2015,6720
42029,2016,7886
42029,2017,7719
42029,2018,8351
42029,2019,8154
42029,2020,8545
42029,2021,10286
42029,2022,8281
42029,2023,6349
42029,2024,6368
42031,2014,239
42031,2017,343
42031,2018,418
42031,2019,392
42031,2020,391
42031,2021,476
42031,2022,485
42031,2023,414
42031,2024,490
42031,2025,396
42033,2014,885
42033,2015,840
42033,2017,810
42033,2018,892
42033,2019,976
42033,2020,1021
42033,2021,1084
42033,2022,1134
42033,2023,976
42033,2024,945
42033,2025,657
42035,2014,421
42035,2015,323
42035,2016,398
42035,2017,436
42035,2018,418
42035,2019,519
42035,2020,478
42035,2021,550
42035,2022,545
42035,2023,490
42035,2024,482
42035,2025,510
42037,2014,646
42037,2015,723
42037,2016,769
42037,2017,808
42037,2018,858
42037,2019,881
42037,2020,866
42037,2021,959
42037,2022,918
42037,2023,721
42037,2024,653
42037,2025,600
42039,2014,705
42039,2015,1028
42039,2016,987
42039,2017,691
42039,2018,785
42039,2019,1042
42039,2020,946
42039,2021,1324
42039,2022,1284
42039,2023,1063
42039,2024,1097
42039,2025,992
42041,2014,3616
42041,2015,3871
42041,2016,4296
42041,2017,4263
42041,2018,4392
42041,2019,4397
42041,2020,4695
42041,2021,5006
42041,2022,4632
42041,2023,3488
42041,2024,3652
42041,2025,2844
42043,2014,2860
42043,2015,2945
42043,2016,4004
42043,2017,4465
42043,2018,4483
42043,2019,4872
42043,2020,5114
42043,2021,5859
42043,2022,5261
42043,2023,4132
42043,2024,4216
42043,2025,3600
42045,2014,6719
42045,2015,7592
42045,2016,8224
42045,2017,8868
42045,2018,8607
42045,2019,9110
42045,2020,7780
42045,2021,12482
42045,2022,10326
42045,2023,7337
42045,2024,7227
42047,2013,405
42047,2015,321
42047,2016,299
42047,2017,477
42047,2018,476
42047,2019,401
42047,2020,435
42047,2021,535
42047,2022,558
42047,2023,571
42047,2024,471
42049,2014,3042
42049,2015,2041
42049,2016,2934
42049,2017,3157
42049,2018,3399
42049,2019,3282
42049,2020,3357
42049,2021,4081
42049,2022,3632
42049,2023,3101
42049,2024,3100
42049,2025,2756
42051,2014,1272
42051,2015,1302
42051,2016,1410
42051,2017,1681
42051,2018,1755
42051,2019,1749
42051,2020,1688
42051,2021,1830
42051,2022,1875
42051,2023,1621
42051,2024,1601
42051,2025,1585
42053,2014,167
42053,2015,190
42053,2016,215
42053,2017,149
42053,2018,138
42053,2019,159
42053,2020,171
42053,2023,141
42053,2024,151
42055,2014,1711
42055,2015,2000
42055,2016,2130
42055,2017,2274
42055,2018,2419
42055,2019,2365
42055,2020,2446
42055,2021,2918
42055,2022,2527
42055,2023,2006
42055,2024,2034
42055,2025,1838
42057,2014,62
42057,2017,99
42057,2018,120
42057,2019,143
42057,2020,158
42057,2021,159
42057,2022,152
42057,2023,109
42057,2024,109
42059,2013,261
42059,2014,329
42059,2015,276
42059,2016,268
42059,2017,383
42059,2018,388
42059,2019,373
42059,2020,343
42059,2021,479
42059,2022,506
42059,2023,472
42059,2024,554
42061,2014,516
42061,2015,433
42061,2016,434
42061,2017,527
42061,2018,581
42061,2019,613
42061,2020,609
42061,2021,696
42061,2022,618
42061,2023,500
42061,2024,522
42063,2014,811
42063,2015,792
42063,2016,716
42063,2017,472
42063,2018,766
42063,2020,908
42063,2021,1137
42063,2022,1054
42063,2023,954
42063,2024,969
42063,2025,894
42065,2012,513
42065,2015,495
42065,2016,567
42065,2017,712
42065,2018,690
42065,2019,683
42065,2020,691
42065,2021,824
42065,2022,756
42065,2023,684
42065,2024,702
42065,2025,639
42067,2014,215
42067,2015,197
42067,2016,187
42067,2017,242
42067,2018,250
42067,2019,248
42067,2020,259
42067,2021,358
42067,2022,311
42067,2023,284
42067,2024,257
42067,2025,249
42069,2014,2196
42069,2015,2171
42069,2016,2444
42069,2017,2643
42069,2018,2682
42069,2019,2919
42069,2020,3087
42069,2021,3786
42069,2022,3610
42069,2023,2836
42069,2024,3016
42069,2025,2485
42071,2014,6604
42071,2015,7306
42071,2016,7933
42071,2017,4550
42071,2018,6681
42071,2019,8054
42071,2020,8018
42071,2021,8778
42071,2022,7657
42071,2023,6230
42071,2024,6083
42073,2014,1145
42073,2015,526
42073,2016,1062
42073,2017,1182
42073,2018,1274
42073,2019,1362
42073,2020,1387
42073,2021,1681
42073,2022,1576
42073,2023,1297
42073,2024,1263
42073,2025,1124
42075,2014,1669
42075,2015,1903
42075,2016,2016
42075,2017,2078
42075,2018,2181
42075,2019,2257
42075,2020,2270
42075,2021,2523
42075,2022,2266
42075,2023,1846
42075,2024,1979
42075,2025,1643
42077,2014,4521
42077,2015,5040
42077,2016,5314
42077,2017,5418
42077,2018,5733
42077,2019,5957
42077,2020,5540
42077,2021,6511
42077,2022,5718
42077,2023,4226
42077,2024,4572
42077,2025,3715
42079,2014,3571
42079,2015,3927
42079,2016,4320
42079,2017,4295
42079,2018,4700
42079,2019,4526
42079,2020,4790
42079,2021,5924
42079,2022,5515
42079,2023,4507
42079,2024,4542
42079,2025,3957
42081,2015,1309
42081,2016,1281
42081,2017,1317
42081,2018,1485
42081,2019,1459
42081,2020,1423
42081,2021,1738
42081,2022,1559
42081,2023,1327
42081,2024,1277
42081,2025,1088
42083,2014,490
42083,2015,369
42083,2016,421
42083,2017,443
42083,2018,448
42083,2019,517
42083,2020,523
42083,2021,584
42083,2022,411
42083,2023,439
42083,2024,462
42083,2025,422
42085,2014,1085
42085,2015,998
42085,2016,1146
42085,2017,1145
42085,2018,1125
42085,2019,1235
42085,2020,1648
42085,2021,2156
42085,2022,1956
42085,2023,1867
42085,2024,1715
42085,2025,1841
42087,2012,383
42087,2016,351
42087,2017,586
42087,2018,641
42087,2019,681
42087,2020,584
42087,2021,684
42087,2022,681
42087,2023,592
42087,2024,560
42089,2014,3195
42089,2015,3522
42089,2016,4073
42089,2017,4217
42089,2018,3922
42089,2019,3822
42089,2021,5524
42089,2022,4396
42089,2023,3415
42089,2024,3437
42089,2025,2808
42091,2014,9942
42091,2015,10680
42091,2016,11448
42091,2017,12418
42091,2018,12306
42091,2019,12810
42091,2020,11959
42091,2021,14276
42091,2022,13605
42091,2023,9126
42091,2024,8577
42093,2014,182
42093,2015,156
42093,2016,171
42093,2017,228
42093,2018,252
42093,2019,261
42093,2020,255
42093,2021,280
42093,2022,226
42093,2023,192
42093,2024,175
42093,2025,205
42095,2014,3869
42095,2015,4232
42095,2016,4615
42095,2017,4877
42095,2018,5372
42095,2019,5390
42095,2020,5090
42095,2021,5924
42095,2022,5298
42095,2023,3989
42095,2024,3776
42095,2025,3310
42097,2014,1081
42097,2015,1118
42097,2016,1171
42097,2017,1293
42097,2018,1308
42097,2019,1414
42097,2020,1318
42097,2021,1454
42097,2022,1427
42097,2023,1384
42097,2024,1392
42097,2025,1277
42099,2014,533
42099,2015,589
42099,2016,605
42099,2017,610
42099,2018,695
42099,2019,603
42099,2020,664
42099,2021,780
42099,2022,655
42099,2023,577
42099,2024,618
42099,2025,520
42101,2012,16334
42101,2014,17138
42101,2022,32743
42101,2023,19906
42101,2024,20121
42101,2025,18309
42103,2015,1088
42103,2016,1185
42103,2017,1866
42103,2018,1835
42103,2019,1844
42103,2020,2465
42103,2021,2594
42103,2022,2077
42103,2023,1640
42103,2024,1582
42103,2025,1417
42105,2012,212
42105,2015,224
42105,2016,216
42105,2017,243
42105,2018,283
42105,2019,303
42105,2020,333
42105,2021,382
42105,2022,321
42105,2023,306
42105,2024,272
42105,2025,271
42107,2011,1120
42107,2015,1545
42107,2017,1858
42107,2018,2042
42107,2020,2077
42107,2021,2697
42107,2022,2749
42107,2023,2332
42107,2024,2663
42107,2025,2295
42109,2014,216
42109,2015,374
42109,2016,404
42109,2017,394
42109,2018,379
42109,2019,407
42109,2020,399
42109,2021,463
42109,2022,421
42109,2023,345
42109,2024,334
42109,2025,311
42111,2014,752
42111,2015,826
42111,2016,874
42111,2017,869
42111,2018,930
42111,2019,930
42111,2020,985
42111,2021,1167
42111,2022,946
42111,2023,942
42111,2024,895
42111,2025,849
42113,2012,118
42113,2014,130
42113,2015,105
42113,2017,154
42113,2019,183
42113,2020,207
42113,2021,229
42113,2022,188
42113,2023,136
42113,2024,172
42113,2025,143
42115,2014,304
42115,2015,267
42115,2016,354
42115,2017,391
42115,2018,447
42115,2019,457
42115,2020,522
42115,2021,548
42115,2022,475
42115,2023,433
42115,2024,383
42115,2025,387
42117,2014,403
42117,2015,445
42117,2016,459
42117,2017,559
42117,2018,592
42117,2019,594
42117,2020,623
42117,2021,761
42117,2022,648
42117,2023,507
42117,2024,521
42117,2025,495
42119,2014,391
42119,2015,448
42119,2016,437
42119,2017,551
42119,2018,533
42119,2019,572
42119,2020,577
42119,2021,660
42119,2022,488
42119,2023,402
42119,2024,387
42119,2025,416
42121,2014,650
42121,2015,501
42121,2016,600
42121,2017,647
42121,2018,701
42121,2019,768
42121,2020,749
42121,2021,920
42121,2022,795
42121,2023,639
42121,2024,690
42121,2025,626
42123,2013,502
42123,2014,560
42123,2015,563
42123,2016,379
42123,2017,334
42123,2018,374
42123,2019,420
42123,2020,356
42123,2021,498
42123,2022,492
42123,2023,585
42123,2024,613
42125,2013,2913
42125,2014,2845
42125,2015,3089
42125,2016,2994
42125,2017,3203
42125,2018,3803
42125,2019,3820
42125,2020,4072
42125,2021,4548
42125,2022,4645
42125,2023,3813
42125,2024,3396
42127,2014,839
42127,2016,827
42127,2017,1133
42127,2018,1157
42127,2019,1192
42127,2020,1506
42127,2021,1671
42127,2022,1366
42127,2023,1152
42127,2024,1138
42127,2025,919
42129,2014,4179
42129,2015,4888
42129,2016,4991
42129,2017,5233
42129,2018,5429
42129,2019,5479
42129,2020,5571
42129,2021,6214
42129,2022,5846
42129,2023,4724
42129,2024,4783
42129,2025,4538
42131,2018,382
42131,2019,389
42131,2020,328
42131,2021,443
42131,2022,288
42131,2023,214
42131,2024,215
42131,2025,181
42133,2014,6315
42133,2015,6891
42133,2016,7482
42133,2017,7891
42133,2018,7899
42133,2019,8300
42133,2020,8528
42133,2021,9811
42133,2022,9092
42133,2023,6972
42133,2024,7062
42133,2025,5447
44001,2014,560
44001,2015,651
44001,2016,688
44001,2017,798
44001,2018,784
44001,2019,802
44001,2020,857
44001,2021,932
44001,2022,697
44001,2023,526
44001,2024,547
44001,2025,499
44003,2013,1688
44003,2014,2119
44003,2015,2387
44003,2016,2661
44003,2017,3077
44003,2018,2954
44003,2019,2898
44003,2020,3068
44003,2021,3583
44003,2022,2736
44003,2023,2103
44003,2024,2258
44003,2025,1542
44005,2014,1013
44005,2015,1101
44005,2016,1207
44005,2017,1131
44005,2018,1271
44005,2019,1202
44005,2020,1530
44005,2021,1675
44005,2022,1203
44005,2023,968
44005,2024,1119
44005,2025,873
44007,2014,5209
44007,2015,6466
44007,2016,7577
44007,2017,8293
44007,2018,8282
44007,2019,6945
44007,2020,8745
44007,2021,10428
44007,2022,8434
44007,2023,6338
44007,2024,6566
44007,2025,5283
44009,2014,1674
44009,2015,1749
44009,2016,1996
44009,2017,2203
44009,2018,2143
44009,2019,2366
44009,2020,2507
44009,2021,2352
44009,2022,1979
44009,2023,1593
44009,2024,1572
44009,2025,1337
45001,2015,293
45001,2016,233
45001,2017,251
45001,2018,317
45001,2019,289
45001,2020,327
45001,2021,377
45001,2022,351
45001,2023,291
45003,2018,3547
45003,2019,3971
45003,2020,4138
45003,2021,4881
45003,2022,4380
45003,2023,2760
45003,2025,2223
45005,2013,51
45005,2014,64
45005,2015,20
45005,2016,50
45005,2017,62
45005,2018,70
45005,2019,65
45005,2020,68
45005,2021,82
45005,2023,78
45005,2024,88
45005,2025,69
45007,2014,3573
45007,2015,3845
45007,2016,3213
45007,2017,4432
45007,2018,4737
45007,2019,4868
45007,2020,5004
45007,2021,5737
45007,2022,4848
45007,2023,3471
45007,2024,3674
45009,2011,64
45009,2015,81
45009,2020,112
45009,2021,105
45009,2022,161
45009,2023,102
45009,2024,123
45011,2012,146
45011,2017,201
45011,2018,199
45011,2019,177
45011,2020,190
45011,2021,356
45011,2022,293
45011,2023,243
45011,2024,208
45013,2014,5496
45013,2016,6296
45013,2017,7382
45013,2018,8031
45013,2019,7682
45013,2020,8920
45013,2021,10416
45013,2022,8046
45013,2023,6196
45013,2024,5429
45015,2013,3786
45015,2014,4369
45015,2015,5111
45015,2016,5461
45015,2017,5825
45015,2018,6163
45015,2019,6910
45015,2020,6899
45015,2021,6778
45015,2022,7274
45015,2023,6417
45015,2024,6585
45017,2012,104
45017,2015,125
45017,2016,163
45017,2017,178
45017,2018,179
45017,2019,178
45017,2020,185
45017,2021,245
45017,2022,202
45017,2023,173
45017,2024,138
45019,2015,9686
45019,2016,10600
45019,2017,11242
45019,2019,11280
45019,2020,12247
45019,2021,14461
45019,2022,10521
45019,2023,8233
45019,2024,7758
45021,2013,449
45021,2014,547
45021,2015,669
45021,2017,847
45021,2018,991
45021,2019,1296
45021,2020,1266
45021,2021,1504
45021,2022,1578
45021,2023,1231
45021,2024,851
45021,2025,788
45023,2010,266
45023,2017,280
45023,2018,267
45023,2020,402
45023,2021,636
45023,2022,644
45023,2023,534
45023,2024,619
45023,2025,444
45025,2010,402
45025,2014,370
45025,2018,428
45025,2019,449
45025,2020,607
45025,2021,856
45025,2022,752
45025,2023,642
45025,2024,627
45027,2013,331
45027,2014,369
45027,2016,342
45027,2017,432
45027,2018,448
45027,2019,457
45027,2020,542
45027,2021,736
45027,2022,596
45027,2023,471
45027,2024,480
45029,2014,502
45029,2015,515
45029,2016,561
45029,2017,578
45029,2018,653
45029,2019,622
45029,2020,688
45029,2021,911
45029,2022,918
45029,2023,769
45029,2024,628
45031,2016,278
45031,2017,763
45031,2018,806
45031,2019,742
45031,2020,773
45031,2021,952
45031,2022,931
45031,2023,804
45031,2024,865
45031,2025,721
45033,2013,177
45033,2014,269
45033,2015,273
45033,2016,126
45033,2018,236
45033,2019,258
45033,2020,286
45033,2021,147
45033,2022,158
45033,2023,240
45033,2024,318
45033,2025,263
45035,2013,2129
45035,2014,3119
45035,2015,3192
45035,2016,3287
45035,2017,3195
45035,2018,3177
45035,2019,3893
45035,2020,4456
45035,2021,5359
45035,2022,4081
45035,2023,3753
45035,2024,3856
45035,2025,2408
45037,2013,312
45037,2016,398
45037,2017,362
45037,2018,400
45037,2019,504
45037,2020,568
45037,2021,595
45037,2022,632
45037,2023,527
45037,2024,435
45037,2025,329
45039,2012,170
45039,2014,148
45039,2016,181
45039,2017,271
45039,2018,326
45039,2019,309
45039,2020,291
45039,2021,337
45039,2022,381
45039,2023,305
45039,2024,303
45041,2015,1704
45041,2016,1727
45041,2017,1985
45041,2018,1931
45041,2019,2171
45041,2020,2242
45041,2021,2626
45041,2022,2331
45041,2023,1957
45041,2024,1671
45043,2012,1068
45043,2014,1310
45043,2016,1516
45043,2017,816
45043,2018,725
45043,2019,768
45043,2020,934
45043,2021,1105
45043,2022,1993
45043,2023,1495
45043,2024,1452
45045,2014,8345
45045,2015,10783
45045,2016,11650
45045,2017,12265
45045,2018,12514
45045,2019,13113
45045,2020,13220
45045,2021,15350
45045,2022,13032
45045,2023,10173
45045,2024,8772
45047,2010,778
45047,2014,793
45047,2015,1001
45047,2016,955
45047,2017,1262
45047,2018,1316
45047,2019,1301
45047,2020,1362
45047,2021,1690
45047,2022,1246
45047,2023,661
45047,2024,1403
45049,2013,144
45049,2014,114
45049,2015,107
45049,2016,108
45049,2017,174
45049,2018,196
45049,2020,224
45049,2021,242
45049,2022,214
45049,2023,173
45049,2024,271
45051,2014,9352
45051,2015,13466
45051,2016,13600
45051,2017,13418
45051,2018,15520
45051,2019,15928
45051,2020,17951
45051,2021,22380
45051,2023,11124
45051,2024,11432
45053,2014,428
45053,2015,524
45053,2016,531
45053,2017,784
45053,2018,735
45053,2019,1055
45053,2020,1084
45053,2021,1392
45053,2022,1133
45053,2023,1202
45053,2024,1470
45053,2025,1425
45055,2015,997
45055,2017,828
45055,2018,1326
45055,2019,1377
45055,2020,1413
45055,2021,1734
45055,2022,1684
45055,2023,1375
45055,2024,1441
45055,2025,946
45057,2018,2746
45057,2019,3012
45057,2020,3106
45057,2021,3544
45057,2022,2826
45057,2023,2148
45057,2024,1743
45059,2013,573
45059,2014,507
45059,2015,491
45059,2017,928
45059,2018,944
45059,2019,1024
45059,2020,943
45059,2021,1222
45059,2022,1063
45059,2023,858
45059,2024,752
45061,2013,83
45061,2014,63
45061,2015,77
45061,2016,61
45061,2017,80
45061,2018,83
45061,2019,76
45061,2020,66
45061,2021,87
45061,2022,75
45061,2023,47
45061,2024,39
45063,2013,4984
45063,2014,5328
45063,2016,5780
45063,2017,6474
45063,2018,7486
45063,2019,7626
45063,2020,7924
45063,2022,5787
45063,2023,4947
45063,2024,6009
45065,2012,69
45065,2014,114
45065,2015,144
45065,2018,144
45065,2019,168
45065,2020,220
45065,2021,346
45065,2022,163
45065,2023,188
45065,2024,127
45069,2010,99
45069,2014,51
45069,2017,140
45069,2018,148
45069,2019,136
45069,2020,135
45069,2021,179
45069,2022,145
45069,2023,135
45069,2024,43
45071,2012,403
45071,2013,458
45071,2014,448
45071,2016,294
45071,2017,595
45071,2018,569
45071,2019,633
45071,2020,622
45071,2021,697
45071,2022,704
45071,2023,550
45071,2024,415
45071,2025,256
45073,2014,1329
45073,2020,902
45073,2021,2460
45073,2022,2237
45073,2023,1852
45073,2024,1713
45073,2025,1512
45075,2014,758
45075,2015,554
45075,2016,651
45075,2017,846
45075,2018,916
45075,2019,895
45075,2020,732
45075,2021,1253
45075,2022,1257
45075,2023,1054
45075,2024,1040
45077,2008,1484
45077,2015,1697
45077,2017,1963
45077,2018,2108
45077,2019,2193
45077,2020,2276
45077,2021,2683
45077,2022,2526
45077,2023,1878
45077,2024,1785
45079,2013,6621
45079,2014,5713
45079,2015,6302
45079,2016,7630
45079,2017,8436
45079,2018,9370
45079,2019,9084
45079,2020,9256
45079,2021,11359
45079,2023,5090
45081,2014,161
45081,2015,168
45081,2016,110
45081,2017,230
45081,2018,225
45081,2019,228
45081,2020,275
45081,2021,313
45081,2022,301
45081,2023,215
45081,2024,213
45083,2014,5054
45083,2015,5113
45083,2016,6433
45083,2017,7338
45083,2018,8210
45083,2019,8710
45083,2020,9234
45083,2021,10982
45083,2022,9920
45083,2023,7530
45083,2024,6552
45083,2025,4718
45085,2013,1208
45085,2014,1281
45085,2015,1189
45085,2016,1454
45085,2017,1555
45085,2018,1795
45085,2019,1893
45085,2020,1931
45085,2021,2309
45085,2022,2093
45085,2023,1738
45085,2024,1357
45085,2025,1154
45087,2014,251
45087,2017,221
45087,2018,232
45087,2019,247
45087,2020,203
45087,2021,192
45087,2022,250
45087,2023,131
45087,2024,103
45089,2015,207
45089,2016,169
45089,2018,166
45089,2019,141
45089,2020,179
45089,2021,215
45089,2022,232
45089,2023,240
45089,2024,213
45091,2013,5147
45091,2014,5715
45091,2016,6846
45091,2017,7453
45091,2018,7762
45091,2019,7924
45091,2020,7585
45091,2021,8417
45091,2022,6767
45091,2023,5223
45091,2024,5204
45091,2025,4375
46005,2013,140
46005,2015,163
46005,2016,281
46005,2017,298
46005,2018,243
46005,2019,270
46005,2020,258
46005,2021,375
46005,2022,308
46005,2023,257
46005,2024,269
46013,2011,414
46013,2014,554
46015,2013,60
46015,2018,46
46015,2019,58
46015,2020,70
46015,2021,57
46015,2023,42
46015,2024,40
46019,2018,92
46019,2019,87
46019,2020,92
46019,2021,113
46019,2022,187
46019,2023,136
46019,2024,119
46019,2025,115
46021,2016,37
46021,2017,20
46021,2018,27
46021,2019,23
46021,2020,25
46021,2021,25
46021,2022,25
46021,2023,20
46021,2024,27
46021,2025,7
46027,2019,177
46027,2020,190
46027,2021,276
46027,2022,287
46027,2023,209
46027,2024,198
46027,2025,71
46029,2015,469
46029,2016,535
46029,2017,489
46029,2018,447
46029,2019,582
46029,2020,518
46029,2021,691
46029,2022,535
46029,2023,423
46029,2024,492
46033,2015,99
46033,2016,78
46033,2017,247
46033,2018,275
46033,2019,232
46033,2020,304
46033,2021,296
46033,2022,216
46033,2023,184
46033,2024,148
46035,2013,122
46035,2016,311
46035,2017,335
46035,2018,320
46035,2019,256
46039,2014,82
46039,2015,80
46039,2016,66
46039,2017,73
46039,2018,60
46039,2019,64
46039,2020,79
46039,2021,85
46039,2022,57
46039,2023,48
46059,2013,76
46059,2014,75
46059,2015,75
46065,2011,259
46065,2015,209
46065,2016,313
46065,2017,284
46065,2018,298
46065,2019,108
46065,2023,220
46065,2024,204
46065,2025,91
46067,2013,64
46067,2014,50
46067,2015,57
46067,2016,82
46067,2017,70
46067,2018,85
46067,2019,76
46067,2020,68
46067,2021,91
46073,2012,31
46073,2015,25
46073,2016,22
46073,2017,19
46073,2018,32
46073,2019,25
46073,2020,16
46073,2021,39
46073,2022,25
46073,2023,27
46073,2024,19
46093,2016,346
46093,2017,459
46093,2018,443
46093,2019,457
46093,2020,346
46093,2021,426
46093,2022,319
46099,2014,3152
46099,2015,1219
46099,2017,1257
46099,2018,2835
46099,2019,3562
46099,2020,2820
46099,2021,3277
46099,2022,1569
46099,2023,2639
46099,2024,2643
46103,2017,1314
46103,2018,1505
46103,2019,1666
46103,2020,2015
46103,2021,2133
46103,2022,1440
46103,2023,1467
46103,2024,584
46111,2014,35
46111,2015,25
46111,2016,24
46111,2017,22
46111,2018,40
46111,2019,37
46111,2020,25
46111,2021,29
46111,2022,27
46111,2023,25
46111,2024,22
46115,2015,39
46115,2016,77
46115,2017,78
46115,2018,69
46115,2019,70
46115,2020,62
46115,2021,117
46115,2022,80
46115,2023,91
46115,2024,79
46115,2025,23
46117,2013,55
46117,2014,52
46117,2015,73
46117,2017,19
46117,2020,37
46117,2021,62
46117,2022,49
46117,2023,31
46127,2012,147
46127,2013,204
46127,2014,194
46127,2015,168
46127,2016,217
46127,2017,299
46127,2018,362
46127,2019,286
46127,2020,339
46127,2021,342
46127,2022,255
46127,2023,259
46127,2024,99
46135,2013,274
46135,2014,226
46135,2015,215
46135,2016,287
46135,2017,321
46135,2018,317
46135,2019,346
46135,2020,353
46135,2021,367
46135,2023,152
46135,2024,348
46135,2025,301
47001,2013,1236
47001,2014,1141
47001,2015,1274
47001,2016,1387
47001,2017,1369
47001,2018,1448
47001,2019,1555
47001,2020,1363
47001,2021,1757
47001,2022,1713
47001,2024,1182
47003,2014,922
47003,2015,1025
47003,2016,1121
47003,2017,1112
47003,2018,1011
47003,2019,1183
47003,2020,1189
47003,2021,1348
47003,2022,1117
47003,2023,872
47003,2024,860
47005,2013,394
47005,2014,368
47005,2015,360
47005,2016,353
47005,2017,425
47005,2018,394
47005,2019,389
47005,2020,469
47005,2021,549
47005,2022,415
47005,2023,402
47005,2024,370
47007,2014,202
47007,2015,205
47007,2016,213
47007,2017,204
47007,2018,215
47007,2019,210
47007,2020,257
47007,2021,280
47007,2022,271
47007,2023,244
47007,2024,199
47009,2013,2546
47009,2014,2670
47009,2015,2867
47009,2016,3122
47009,2017,3281
47009,2018,3175
47009,2019,3093
47009,2020,3469
47009,2021,3678
47009,2022,2551
47009,2023,1998
47009,2024,2127
47011,2019,2128
47011,2020,2368
47011,2021,2585
47011,2022,2465
47011,2024,2058
47013,2013,749
47013,2014,763
47013,2015,737
47013,2016,773
47013,2017,711
47013,2018,797
47013,2019,851
47013,2020,923
47013,2021,966
47013,2022,976
47013,2023,774
47013,2024,671
47015,2014,298
47015,2015,294
47015,2016,315
47015,2017,361
47015,2018,329
47015,2019,330
47015,2020,336
47015,2021,324
47015,2022,222
47015,2023,245
47015,2024,282
47017,2013,533
47017,2014,490
47017,2015,517
47017,2016,519
47017,2017,527
47017,2018,551
47017,2019,544
47017,2020,550
47017,2021,697
47017,2022,520
47017,2023,441
47017,2024,461
47019,2014,858
47019,2015,957
47019,2016,1000
47019,2017,965
47019,2018,1010
47019,2019,1061
47019,2020,1141
47019,2021,1478
47019,2022,1325
47019,2024,1028
47019,2025,922
47021,2014,922
47021,2015,995
47021,2016,1023
47021,2017,1046
47021,2018,950
47021,2019,1007
47021,2020,1124
47021,2021,1053
47021,2022,639
47021,2023,739
47021,2024,764
47023,2014,264
47023,2017,293
47023,2018,291
47023,2019,313
47023,2020,313
47023,2021,277
47023,2022,147
47023,2023,221
47023,2024,226
47023,2025,209
47025,2014,482
47025,2015,554
47025,2016,521
47025,2017,533
47025,2018,543
47025,2019,543
47025,2020,587
47025,2021,702
47025,2022,679
47025,2023,623
47025,2024,450
47027,2014,152
47027,2015,146
47027,2016,165
47027,2017,117
47027,2018,146
47027,2019,148
47027,2020,154
47027,2021,199
47027,2022,185
47027,2023,199
47027,2024,182
47029,2013,516
47029,2014,544
47029,2015,555
47029,2016,566
47029,2017,527
47029,2018,511
47029,2019,623
47029,2020,616
47029,2021,757
47029,2022,776
47029,2023,619
47029,2024,526
47031,2014,1102
47031,2015,1195
47031,2016,1369
47031,2017,1286
47031,2018,1376
47031,2019,1476
47031,2020,1399
47031,2021,1533
47031,2022,1507
47031,2024,1224
47033,2014,214
47033,2015,241
47033,2016,196
47033,2017,218
47033,2018,226
47033,2019,232
47033,2020,236
47033,2021,247
47033,2022,211
47033,2023,226
47033,2024,237
47035,2014,1489
47035,2015,1588
47035,2016,1629
47035,2017,1811
47035,2018,1771
47035,2019,1920
47035,2020,1817
47035,2021,2106
47035,2022,1870
47035,2024,1256
47037,2014,7572
47037,2015,7716
47037,2016,7814
47037,2017,7861
47037,2018,7512
47037,2019,16740
47037,2020,17264
47037,2021,19762
47037,2022,14585
47037,2023,12043
47037,2024,11732
47039,2014,274
47039,2015,280
47039,2016,302
47039,2017,275
47039,2018,277
47039,2019,287
47039,2020,370
47039,2021,421
47039,2022,326
47039,2023,309
47039,2024,280
47041,2013,388
47041,2014,429
47041,2015,445
47041,2016,483
47041,2017,518
47041,2018,555
47041,2019,562
47041,2020,593
47041,2021,748
47041,2022,581
47041,2023,481
47041,2024,474
47043,2014,1078
47043,2015,1213
47043,2016,1284
47043,2017,1249
47043,2018,1249
47043,2019,1396
47043,2020,1390
47043,2021,1519
47043,2022,1272
47043,2023,1145
47043,2024,1071
47045,2014,729
47045,2015,685
47045,2016,692
47045,2017,735
47045,2018,657
47045,2019,654
47045,2020,726
47045,2021,777
47045,2022,532
47045,2023,484
47045,2024,542
47047,2014,901
47047,2015,1046
47047,2016,1087
47047,2017,1060
47047,2018,1023
47047,2019,1124
47047,2020,1303
47047,2021,1228
47047,2022,1173
47047,2024,943
47049,2014,396
47049,2015,440
47049,2016,477
47049,2017,399
47049,2018,437
47049,2019,460
47049,2020,587
47049,2021,676
47049,2022,541
47049,2023,438
47049,2024,406
47051,2014,852
47051,2015,909
47051,2016,931
47051,2017,970
47051,2018,1109
47051,2019,1065
47051,2020,1242
47051,2021,1391
47051,2022,1186
47051,2023,875
47051,2024,866
47053,2014,980
47053,2015,1028
47053,2016,1002
47053,2017,1035
47053,2018,1011
47053,2019,1241
47053,2020,1228
47053,2021,1245
47053,2022,710
47053,2023,816
47053,2024,899
47055,2014,534
47055,2015,563
47055,2016,585
47055,2017,652
47055,2018,648
47055,2019,621
47055,2020,665
47055,2021,740
47055,2022,707
47055,2023,564
47055,2024,542
47057,2014,332
47057,2015,372
47057,2016,352
47057,2017,379
47057,2018,393
47057,2019,399
47057,2020,487
47057,2021,543
47057,2022,473
47057,2023,371
47057,2024,387
47059,2014,1083
47059,2015,1122
47059,2016,1171
47059,2017,1073
47059,2018,1110
47059,2019,1197
47059,2020,1267
47059,2021,1261
47059,2022,1408
47059,2024,1215
47061,2014,216
47061,2015,240
47061,2016,230
47061,2017,246
47061,2018,215
47061,2019,275
47061,2020,281
47061,2021,334
47061,2022,210
47061,2023,215
47061,2024,221
47063,2013,966
47063,2014,996
47063,2015,1098
47063,2016,1174
47063,2017,1119
47063,2018,1200
47063,2019,1215
47063,2020,1184
47063,2021,1377
47063,2022,1419
47063,2024,1276
47063,2025,1061
47065,2015,6431
47065,2017,8633
47065,2018,8728
47065,2019,9387
47065,2020,9134
47065,2021,10521
47065,2022,8402
47065,2023,6500
47065,2024,6917
47067,2014,68
47067,2015,108
47067,2016,70
47067,2017,77
47067,2018,104
47067,2019,81
47067,2020,137
47067,2021,136
47067,2022,103
47067,2023,100
47067,2024,94
47069,2014,302
47069,2015,343
47069,2016,366
47069,2017,329
47069,2018,339
47069,2019,297
47069,2020,338
47069,2021,445
47069,2022,349
47069,2023,306
47069,2024,326
47071,2014,624
47071,2015,678
47071,2016,625
47071,2017,705
47071,2018,648
47071,2019,714
47071,2020,905
47071,2021,1075
47071,2022,721
47071,2023,610
47071,2024,419
47073,2014,1233
47073,2015,973
47073,2016,958
47073,2017,964
47073,2018,1006
47073,2019,1076
47073,2020,1288
47073,2021,1446
47073,2022,1305
47073,2024,1040
47075,2014,199
47075,2015,211
47075,2016,218
47075,2017,223
47075,2018,271
47075,2019,229
47075,2020,265
47075,2021,370
47075,2022,279
47075,2023,203
47075,2024,228
47077,2014,403
47077,2015,434
47077,2016,435
47077,2017,455
47077,2018,481
47077,2019,398
47077,2020,425
47077,2021,489
47077,2022,439
47077,2023,368
47077,2024,386
47079,2013,690
47079,2014,705
47079,2015,756
47079,2016,745
47079,2017,741
47079,2018,704
47079,2019,703
47079,2020,774
47079,2021,981
47079,2022,751
47079,2023,620
47079,2024,596
47081,2014,478
47081,2016,587
47081,2017,558
47081,2018,564
47081,2019,587
47081,2020,603
47081,2021,576
47081,2022,750
47081,2023,621
47081,2024,532
47083,2014,141
47083,2015,152
47083,2016,168
47083,2017,194
47083,2018,171
47083,2019,154
47083,2020,157
47083,2021,204
47083,2022,178
47083,2023,141
47083,2024,135
47085,2014,381
47085,2015,368
47085,2016,414
47085,2017,385
47085,2018,414
47085,2019,398
47085,2020,407
47085,2021,534
47085,2022,458
47085,2023,348
47085,2024,344
47087,2014,219
47087,2015,232
47087,2016,256
47087,2017,264
47087,2018,268
47087,2019,238
47087,2020,255
47087,2021,305
47087,2022,261
47087,2023,224
47087,2024,214
47089,2014,956
47089,2015,1031
47089,2016,1163
47089,2017,1094
47089,2018,1126
47089,2019,1123
47089,2020,1206
47089,2021,1047
47089,2022,1056
47089,2025,332
47091,2014,303
47091,2015,289
47091,2016,317
47091,2017,285
47091,2018,303
47091,2019,363
47091,2020,422
47091,2021,469
47091,2022,384
47091,2023,335
47091,2024,303
47093,2017,10662
47093,2018,11522
47093,2019,11415
47093,2020,12315
47093,2021,13369
47093,2022,10512
47093,2023,8522
47093,2024,9027
47093,2025,7289
47095,2014,69
47095,2015,59
47095,2016,66
47095,2017,73
47095,2018,55
47095,2019,54
47095,2020,90
47095,2021,96
47095,2022,85
47095,2023,83
47095,2024,70
47097,2014,318
47097,2015,336
47097,2016,315
47097,2017,333
47097,2018,319
47097,2019,284
47097,2020,317
47097,2021,434
47097,2022,293
47097,2023,287
47097,2024,299
47099,2014,809
47099,2015,880
47099,2016,899
47099,2017,924
47099,2018,893
47099,2019,915
47099,2020,1008
47099,2021,1094
47099,2022,1074
47099,2023,858
47099,2024,832
47101,2013,244
47101,2014,240
47101,2015,267
47101,2016,297
47101,2017,321
47101,2018,292
47101,2019,275
47101,2020,310
47101,2021,371
47101,2022,300
47101,2023,277
47101,2024,248
47103,2014,707
47103,2015,701
47103,2016,762
47103,2017,732
47103,2018,795
47103,2019,757
47103,2020,756
47103,2021,884
47103,2022,810
47103,2023,678
47103,2024,663
47105,2014,1239
47105,2015,1495
47105,2016,1549
47105,2017,1635
47105,2018,1569
47105,2019,1707
47105,2020,1818
47105,2021,2002
47105,2022,1963
47105,2024,1351
47107,2014,797
47107,2015,896
47107,2016,890
47107,2017,908
47107,2018,922
47107,2019,1006
47107,2020,1027
47107,2021,1312
47107,2022,909
47107,2023,824
47107,2024,762
47109,2014,421
47109,2015,437
47109,2016,448
47109,2017,457
47109,2018,459
47109,2019,413
47109,2020,523
47109,2021,539
47109,2022,374
47109,2023,395
47109,2024,405
47111,2014,450
47111,2015,482
47111,2016,556
47111,2017,541
47111,2018,560
47111,2019,636
47111,2020,605
47111,2021,655
47111,2022,601
47111,2024,534
47113,2014,1737
47113,2015,1877
47113,2016,2036
47113,2017,1991
47113,2018,2074
47113,2019,2310
47113,2020,2148
47113,2021,2149
47113,2022,2188
47113,2024,1855
47115,2014,540
47115,2015,640
47115,2016,636
47115,2017,653
47115,2018,756
47115,2019,706
47115,2020,839
47115,2021,1066
47115,2022,850
47115,2024,714
47117,2014,917
47117,2015,852
47117,2016,885
47117,2017,1043
47117,2018,985
47117,2019,939
47117,2020,974
47117,2021,1094
47117,2022,861
47117,2023,684
47117,2024,681
47119,2022,1118
47119,2023,2358
47119,2024,2795
47121,2014,218
47121,2015,251
47121,2016,218
47121,2017,231
47121,2018,207
47121,2019,207
47121,2020,271
47121,2021,323
47121,2022,243
47121,2023,196
47121,2024,199
47123,2014,814
47123,2015,852
47123,2016,955
47123,2017,970
47123,2018,1064
47123,2019,1053
47123,2020,1119
47123,2021,1373
47123,2022,1130
47123,2023,923
47123,2024,829
47125,2013,4299
47125,2014,4571
47125,2015,4722
47125,2016,5341
47125,2017,6121
47125,2018,6683
47125,2019,6573
47125,2020,7478
47125,2022,6912
47125,2023,4378
47125,2024,5088
47127,2014,118
47127,2015,124
47127,2016,165
47127,2017,144
47127,2018,141
47127,2019,135
47127,2020,137
47127,2021,158
47127,2022,138
47127,2023,129
47127,2024,118
47129,2013,290
47129,2014,294
47129,2015,308
47129,2016,299
47129,2017,289
47129,2018,289
47129,2019,339
47129,2020,351
47129,2021,424
47129,2022,352
47129,2023,323
47129,2024,318
47131,2014,508
47131,2015,487
47131,2016,487
47131,2017,460
47131,2018,490
47131,2019,513
47131,2020,538
47131,2021,687
47131,2022,523
47131,2023,493
47131,2024,445
47133,2013,369
47133,2014,396
47133,2015,386
47133,2016,446
47133,2017,462
47133,2018,476
47133,2019,469
47133,2020,531
47133,2021,612
47133,2022,440
47133,2023,390
47133,2024,382
47135,2013,147
47135,2014,187
47135,2015,183
47135,2016,175
47135,2017,207
47135,2018,187
47135,2019,181
47135,2020,209
47135,2021,226
47135,2022,212
47135,2023,215
47135,2024,175
47137,2014,145
47137,2015,140
47137,2016,121
47137,2017,128
47137,2018,125
47137,2019,119
47137,2020,140
47137,2021,170
47137,2022,138
47137,2023,134
47137,2024,141
47139,2014,304
47139,2015,393
47139,2016,356
47139,2017,340
47139,2018,421
47139,2019,430
47139,2020,476
47139,2021,456
47139,2022,536
47139,2024,423
47139,2025,332
47141,2014,1430
47141,2015,1585
47141,2016,1642
47141,2017,1669
47141,2018,1567
47141,2019,1641
47141,2020,1831
47141,2021,2023
47141,2022,1442
47141,2023,1205
47141,2024,1192
47143,2013,514
47143,2014,482
47143,2015,511
47143,2016,603
47143,2017,561
47143,2018,646
47143,2019,616
47143,2020,693
47143,2021,726
47143,2022,646
47143,2023,542
47143,2024,521
47145,2013,923
47145,2015,1006
47145,2016,1081
47145,2017,1123
47145,2018,1250
47145,2019,1412
47145,2020,1369
47145,2021,1592
47145,2022,1357
47145,2023,1130
47145,2024,1061
47147,2014,1399
47147,2015,1611
47147,2016,1767
47147,2017,1656
47147,2018,1715
47147,2019,1735
47147,2020,1923
47147,2021,1853
47147,2022,1408
47147,2023,1415
47147,2024,1381
47149,2013,3666
47149,2014,3761
47149,2015,3894
47149,2016,4238
47149,2017,3879
47149,2018,3664
47149,2019,7429
47149,2020,7633
47149,2021,9151
47149,2022,7259
47149,2023,5835
47149,2024,6010
47149,2025,4395
47151,2014,206
47151,2015,238
47151,2016,238
47151,2017,203
47151,2018,291
47151,2019,303
47151,2020,269
47151,2021,320
47151,2022,314
47151,2023,278
47151,2024,246
47153,2014,260
47153,2015,308
47153,2016,361
47153,2017,312
47153,2018,344
47153,2019,309
47153,2020,393
47153,2021,486
47153,2022,350
47153,2023,257
47153,2024,237
47155,2014,1675
47155,2015,1800
47155,2016,2036
47155,2017,2143
47155,2018,1899
47155,2019,2134
47155,2020,1843
47155,2021,1943
47155,2022,1688
47155,2024,1367
47157,2014,14294
47157,2016,14920
47157,2017,16662
47157,2018,17150
47157,2019,17037
47157,2020,17284
47157,2021,19548
47157,2022,18821
47157,2024,13901
47157,2025,11978
47159,2014,334
47159,2015,382
47159,2016,400
47159,2017,418
47159,2018,418
47159,2019,405
47159,2020,461
47159,2021,476
47159,2022,432
47159,2024,340
47161,2013,268
47161,2014,264
47161,2015,272
47161,2016,266
47161,2017,312
47161,2018,319
47161,2019,325
47161,2020,327
47161,2021,352
47161,2022,295
47161,2023,213
47161,2024,231
47163,2014,2475
47163,2016,2694
47163,2017,2862
47163,2018,2971
47163,2019,3318
47163,2020,3564
47163,2021,4086
47163,2022,3412
47163,2023,2863
47163,2024,2631
47165,2020,5317
47165,2021,5624
47165,2022,3113
47165,2023,3546
47165,2024,3294
47167,2014,898
47167,2015,978
47167,2016,1110
47167,2017,1149
47167,2018,1109
47167,2019,1084
47167,2020,1190
47167,2021,1266
47167,2022,766
47167,2023,914
47167,2024,795
47169,2014,194
47169,2015,233
47169,2016,247
47169,2017,270
47169,2018,217
47169,2019,213
47169,2020,240
47169,2021,260
47169,2022,249
47169,2023,229
47169,2024,185
47171,2014,207
47171,2015,224
47171,2016,294
47171,2017,267
47171,2018,255
47171,2019,326
47171,2020,343
47171,2021,407
47171,2022,358
47171,2024,352
47171,2025,291
47173,2014,341
47173,2015,362
47173,2016,364
47173,2017,392
47173,2018,381
47173,2019,409
47173,2020,526
47173,2021,543
47173,2022,397
47173,2023,314
47173,2024,310
47175,2013,134
47175,2014,174
47175,2015,163
47175,2016,399
47175,2017,370
47175,2018,115
47175,2019,142
47175,2020,191
47175,2021,209
47175,2022,241
47175,2023,204
47175,2024,163
47177,2013,785
47177,2014,775
47177,2015,843
47177,2016,858
47177,2017,876
47177,2018,911
47177,2019,896
47177,2020,948
47177,2021,1028
47177,2022,554
47177,2023,766
47177,2024,757
47179,2014,2180
47179,2015,2332
47179,2016,2552
47179,2017,2570
47179,2018,2591
47179,2019,2820
47179,2020,2981
47179,2021,3367
47179,2022,3068
47179,2024,2553
47181,2014,238
47181,2016,276
47181,2017,276
47181,2018,249
47181,2019,226
47181,2020,320
47181,2021,382
47181,2022,270
47181,2023,305
47181,2024,277
47183,2014,522
47183,2015,560
47183,2016,555
47183,2017,518
47183,2018,538
47183,2019,602
47183,2020,582
47183,2021,680
47183,2022,642
47183,2023,488
47183,2024,516
47185,2013,521
47185,2014,519
47185,2015,584
47185,2016,577
47185,2017,525
47185,2018,558
47185,2019,642
47185,2020,666
47185,2021,768
47185,2022,746
47185,2023,534
47185,2024,531
47187,2014,6411
47187,2015,6659
47187,2016,7006
47187,2017,6980
47187,2018,6986
47187,2019,7145
47187,2020,7702
47187,2021,7465
47187,2023,4775
47187,2024,5208
47187,2025,4856
47189,2014,3457
47189,2015,3638
47189,2016,3899
47189,2017,4064
47189,2018,3891
47189,2019,4133
47189,2020,4296
47189,2021,4510
47189,2022,3853
47189,2024,3130
48001,2014,358
48001,2015,236
48001,2016,381
48001,2017,371
48001,2018,371
48001,2019,387
48001,2020,377
48001,2021,483
48001,2022,425
48001,2023,325
48001,2024,289
48005,2014,561
48005,2015,648
48005,2016,698
48005,2017,717
48005,2018,720
48005,2019,693
48005,2020,753
48005,2021,995
48005,2022,769
48005,2023,661
48005,2024,711
48005,2025,592
48007,2014,446
48007,2017,413
48007,2018,401
48007,2019,487
48007,2020,638
48007,2021,779
48007,2022,546
48007,2023,422
48007,2024,376
48009,2014,83
48009,2015,69
48009,2017,104
48009,2018,88
48009,2019,112
48009,2020,97
48009,2021,135
48009,2022,129
48009,2023,113
48009,2024,76
48013,2014,346
48013,2015,272
48013,2016,410
48013,2017,473
48013,2018,442
48013,2019,466
48013,2020,433
48013,2021,584
48013,2022,577
48013,2023,444
48013,2024,377
48015,2014,312
48015,2015,280
48015,2016,254
48015,2017,252
48015,2018,256
48015,2019,244
48015,2021,364
48015,2022,380
48015,2023,338
48015,2024,346
48015,2025,263
48019,2014,274
48019,2015,284
48019,2016,346
48019,2017,340
48019,2018,292
48019,2019,308
48019,2020,359
48019,2021,398
48019,2022,362
48019,2023,240
48019,2024,228
48019,2025,213
48021,2014,1201
48021,2015,1201
48021,2016,1295
48021,2017,1407
48021,2018,1315
48021,2019,1706
48021,2020,1919
48021,2021,2095
48021,2022,1697
48021,2023,1658
48021,2025,919
48025,2014,95
48025,2015,97
48025,2016,123
48025,2017,131
48025,2018,155
48025,2019,138
48025,2020,139
48025,2021,214
48025,2022,183
48025,2023,174
48025,2024,139
48027,2014,4605
48027,2015,2775
48027,2016,5632
48027,2017,6497
48027,2018,6547
48027,2019,7382
48027,2020,8835
48027,2021,10188
48027,2022,8358
48027,2023,6332
48027,2024,6098
48027,2025,4390
48029,2014,22858
48029,2015,25648
48029,2016,27333
48029,2017,27984
48029,2018,27189
48029,2019,27230
48029,2020,30153
48029,2021,33432
48029,2022,30910
48029,2023,25635
48029,2025,16119
48031,2014,132
48031,2015,138
48031,2016,195
48031,2017,114
48031,2018,112
48031,2019,155
48031,2020,190
48031,2021,321
48031,2022,244
48031,2023,156
48031,2024,131
48031,2025,135
48035,2014,132
48035,2015,146
48035,2016,159
48035,2017,165
48035,2018,175
48035,2019,206
48035,2020,207
48035,2021,251
48035,2022,222
48035,2023,183
48035,2024,182
48037,2014,771
48037,2015,843
48037,2016,866
48037,2017,872
48037,2018,861
48037,2019,969
48037,2020,1065
48037,2021,1284
48037,2022,1246
48037,2023,942
48037,2024,940
48037,2025,858
48039,2014,4731
48039,2015,2495
48039,2016,5666
48039,2017,5759
48039,2018,5756
48039,2019,6079
48039,2020,6939
48039,2021,7668
48039,2022,5837
48039,2023,4453
48039,2025,4002
48041,2014,2888
48041,2015,3073
48041,2016,3041
48041,2017,2996
48041,2018,3082
48041,2019,3073
48041,2020,3525
48041,2021,4530
48041,2022,3519
48041,2023,2360
48043,2014,54
48043,2015,78
48043,2016,88
48043,2017,73
48043,2018,105
48043,2019,107
48043,2020,100
48043,2021,96
48043,2022,106
48043,2023,62
48043,2024,66
48049,2014,337
48049,2015,358
48049,2016,409
48049,2017,443
48049,2018,462
48049,2019,448
48049,2020,400
48049,2021,560
48049,2022,471
48049,2023,432
48049,2024,372
48051,2014,112
48051,2016,152
48051,2017,159
48051,2018,123
48051,2019,144
48051,2020,153
48051,2021,237
48051,2022,226
48051,2023,214
48051,2024,147
48053,2014,617
48053,2015,678
48053,2016,696
48053,2017,777
48053,2018,863
48053,2019,958
48053,2020,1101
48053,2021,1280
48053,2022,932
48053,2023,667
48053,2025,545
48055,2014,424
48055,2015,422
48055,2016,489
48055,2017,468
48055,2018,541
48055,2019,420
48055,2020,461
48055,2021,769
48055,2022,481
48055,2023,540
48055,2024,786
48055,2025,525
48057,2014,264
48057,2015,201
48057,2016,232
48057,2017,211
48057,2018,192
48057,2019,197
48057,2020,205
48057,2021,300
48057,2022,271
48057,2023,170
48057,2024,171
48059,2014,83
48059,2015,77
48059,2016,134
48059,2017,129
48059,2018,149
48059,2019,155
48059,2020,134
48059,2021,188
48059,2022,150
48059,2023,118
48059,2024,120
48061,2015,3282
48061,2016,3265
48061,2017,3599
48061,2018,3707
48061,2019,3660
48061,2020,4173
48061,2021,4454
48061,2022,3271
48061,2023,1913
48061,2024,1994
48061,2025,2224
48063,2014,82
48063,2015,116
48063,2016,105
48063,2017,100
48063,2018,106
48063,2019,135
48063,2020,144
48063,2021,145
48063,2022,125
48063,2023,87
48063,2024,61
48065,2015,69
48065,2016,75
48065,2018,70
48065,2021,82
48065,2022,90
48065,2023,70
48065,2024,81
48067,2014,199
48067,2015,208
48067,2016,220
48067,2017,229
48067,2018,268
48067,2019,255
48067,2020,276
48067,2021,318
48067,2022,320
48067,2023,190
48067,2024,201
48069,2014,35
48069,2016,36
48069,2017,33
48069,2018,30
48069,2019,33
48069,2020,25
48069,2021,51
48069,2022,32
48069,2023,37
48069,2024,35
48071,2014,674
48071,2015,718
48071,2016,728
48071,2017,782
48071,2018,864
48071,2019,1036
48071,2020,1058
48071,2021,1187
48071,2022,1050
48071,2023,933
48071,2024,737
48071,2025,526
48073,2014,347
48073,2015,358
48073,2016,390
48073,2017,443
48073,2018,459
48073,2019,465
48073,2020,517
48073,2021,587
48073,2022,485
48073,2023,400
48073,2024,326
48075,2019,46
48075,2020,55
48075,2021,58
48075,2022,43
48075,2023,38
48075,2024,40
48077,2014,74
48077,2015,93
48077,2016,89
48077,2017,107
48077,2018,65
48077,2019,89
48077,2020,106
48077,2021,105
48077,2022,131
48077,2023,99
48077,2024,94
48081,2014,25
48081,2015,15
48081,2016,28
48081,2017,35
48081,2018,34
48081,2019,26
48081,2020,42
48081,2021,35
48081,2022,33
48081,2023,26
48081,2024,38
48083,2014,52
48083,2015,63
48083,2016,53
48083,2017,50
48083,2018,51
48083,2019,55
48083,2020,64
48083,2021,97
48083,2022,55
48083,2023,86
48083,2024,56
48085,2015,19222
48085,2016,20077
48085,2017,20831
48085,2018,20448
48085,2019,20590
48085,2020,19116
48085,2021,24537
48085,2022,19229
48085,2023,18418
48085,2025,14848
48089,2014,110
48089,2015,116
48089,2016,153
48089,2017,139
48089,2018,200
48089,2019,193
48089,2020,151
48089,2021,201
48089,2022,176
48089,2023,101
48089,2024,106
48091,2014,2693
48091,2015,2933
48091,2016,3187
48091,2017,3448
48091,2018,3631
48091,2019,3827
48091,2020,4921
48091,2021,5342
48091,2022,4226
48091,2023,3491
48091,2025,2353
48093,2014,93
48093,2015,100
48093,2016,123
48093,2017,124
48093,2018,152
48093,2019,135
48093,2020,117
48093,2021,165
48093,2022,144
48093,2023,130
48093,2024,124
48097,2014,448
48097,2015,330
48097,2017,328
48097,2018,388
48097,2019,507
48097,2020,576
48097,2021,653
48097,2022,583
48097,2023,516
48097,2024,503
48097,2025,411
48099,2014,699
48099,2015,770
48099,2016,834
48099,2017,964
48099,2018,1013
48099,2019,1096
48099,2020,1091
48099,2021,1505
48099,2022,1312
48099,2023,1052
48099,2025,932
48103,2014,33
48103,2017,29
48103,2018,48
48103,2019,62
48103,2020,36
48103,2021,71
48103,2022,38
48103,2023,54
48103,2024,55
48107,2014,37
48107,2015,28
48107,2016,41
48107,2017,42
48107,2018,45
48107,2019,53
48107,2020,38
48107,2021,58
48107,2022,49
48107,2023,55
48107,2024,49
48113,2014,24632
48113,2015,26842
48113,2016,29432
48113,2017,29397
48113,2018,28039
48113,2019,26819
48113,2020,28334
48113,2021,32709
48113,2022,25485
48113,2023,20225
48113,2024,21537
48113,2025,19108
48115,2014,66
48115,2015,66
48115,2016,58
48115,2017,64
48115,2018,98
48115,2019,113
48115,2020,70
48115,2021,112
48115,2022,99
48115,2023,94
48115,2024,81
48119,2016,27
48119,2017,61
48119,2018,45
48119,2019,52
48119,2020,49
48119,2021,66
48119,2022,88
48119,2023,71
48119,2024,46
48121,2013,15054
48121,2014,6349
48121,2015,17972
48121,2016,19801
48121,2017,19746
48121,2018,19446
48121,2019,20207
48121,2020,23115
48121,2021,23653
48121,2022,19601
48121,2023,16679
48121,2025,11678
48123,2014,98
48123,2015,84
48123,2016,68
48123,2017,116
48123,2018,135
48123,2019,117
48123,2020,100
48123,2021,159
48123,2022,169
48123,2023,134
48123,2024,90
48127,2014,27
48127,2015,28
48127,2016,32
48127,2017,19
48127,2018,38
48127,2019,47
48127,2020,42
48127,2021,48
48127,2022,33
48127,2023,42
48127,2024,37
48127,2025,23
48133,2014,119
48133,2015,114
48133,2016,143
48133,2017,134
48133,2018,169
48133,2019,191
48133,2020,154
48133,2021,225
48133,2022,161
48133,2023,139
48133,2024,142
48135,2014,1786
48135,2015,1514
48135,2016,1499
48135,2017,1944
48135,2018,2303
48135,2019,2558
48135,2020,2235
48135,2021,2517
48135,2022,2420
48135,2023,2116
48135,2024,2201
48135,2025,1543
48139,2014,2503
48139,2015,2745
48139,2016,3355
48139,2017,3627
48139,2018,3925
48139,2019,4137
48139,2020,4604
48139,2021,5064
48139,2022,4333
48139,2023,3459
48139,2025,2687
48141,2014,7389
48141,2015,7965
48141,2016,9091
48141,2017,10024
48141,2018,10032
48141,2020,10668
48141,2021,13171
48141,2022,10592
48141,2023,8408
48141,2025,6899
48143,2014,318
48143,2015,215
48143,2016,380
48143,2017,337
48143,2018,374
48143,2019,366
48143,2020,419
48143,2021,613
48143,2022,493
48143,2023,389
48143,2024,365
48143,2025,319
48145,2014,56
48145,2017,103
48145,2018,95
48145,2019,103
48145,2020,89
48145,2021,112
48145,2022,134
48145,2023,90
48145,2024,92
48145,2025,95
48147,2014,223
48147,2015,233
48147,2016,370
48147,2017,374
48147,2018,426
48147,2019,419
48147,2020,394
48147,2021,523
48147,2022,585
48147,2023,413
48147,2024,465
48147,2025,377
48149,2014,143
48149,2015,159
48149,2016,144
48149,2017,192
48149,2018,224
48149,2019,195
48149,2020,221
48149,2021,232
48149,2022,213
48149,2023,138
48149,2024,105
48151,2014,26
48151,2015,10
48151,2016,11
48151,2017,35
48151,2018,16
48151,2019,21
48151,2020,22
48151,2021,26
48151,2022,30
48151,2023,21
48151,2024,20
48157,2014,14010
48157,2015,14090
48157,2016,13521
48157,2017,13869
48157,2018,14626
48157,2019,15827
48157,2020,18015
48157,2021,19719
48157,2022,13378
48157,2023,9091
48157,2025,8817
48159,2014,150
48159,2015,103
48159,2017,146
48159,2018,133
48159,2019,151
48159,2020,193
48159,2021,194
48159,2022,165
48159,2023,103
48159,2024,81
48161,2014,108
48161,2015,115
48161,2016,127
48161,2017,154
48161,2018,155
48161,2019,125
48161,2020,142
48161,2021,208
48161,2022,186
48161,2023,133
48161,2024,119
48163,2014,48
48163,2015,29
48163,2016,46
48163,2017,50
48163,2018,59
48163,2019,70
48163,2020,57
48163,2021,78
48163,2022,71
48163,2023,65
48163,2024,53
48165,2014,158
48165,2015,123
48165,2016,135
48165,2017,154
48165,2018,181
48165,2019,185
48165,2020,162
48165,2021,283
48165,2022,212
48165,2023,160
48165,2024,155
48167,2014,5348
48167,2015,5865
48167,2016,6509
48167,2017,6174
48167,2018,6728
48167,2019,6626
48167,2020,7298
48167,2021,8386
48167,2022,6229
48167,2023,4780
48167,2024,5598
48167,2025,4662
48169,2014,27
48169,2015,27
48169,2016,16
48169,2018,27
48169,2019,37
48169,2020,38
48169,2021,34
48169,2022,39
48169,2023,44
48169,2024,27
48171,2014,192
48171,2015,219
48171,2016,271
48171,2017,213
48171,2018,281
48171,2019,284
48171,2020,353
48171,2021,361
48171,2022,299
48171,2023,189
48171,2024,261
48171,2025,230
48175,2014,43
48175,2015,36
48175,2016,44
48175,2017,39
48175,2018,55
48175,2019,47
48175,2020,38
48175,2021,47
48175,2022,56
48175,2023,31
48175,2024,37
48177,2014,83
48177,2015,51
48177,2017,70
48177,2018,88
48177,2019,69
48177,2020,61
48177,2021,131
48177,2022,150
48177,2023,85
48177,2024,82
48177,2025,74
48179,2014,211
48179,2015,146
48179,2016,208
48179,2017,242
48179,2018,221
48179,2019,241
48179,2020,249
48179,2021,332
48179,2022,324
48179,2023,247
48179,2024,229
48181,2014,871
48181,2015,1937
48181,2016,1899
48181,2017,1118
48181,2018,1835
48181,2019,2313
48181,2020,2637
48181,2021,3320
48181,2022,3090
48181,2023,2611
48181,2025,2424
48183,2014,1260
48183,2015,1382
48183,2016,1415
48183,2017,1448
48183,2018,1635
48183,2019,1697
48183,2020,1748
48183,2021,1933
48183,2022,1586
48183,2023,1173
48183,2024,1193
48183,2025,1060
48185,2017,278
48185,2018,320
48185,2019,390
48185,2020,319
48185,2021,491
48185,2022,544
48185,2023,512
48185,2025,372
48187,2014,2576
48187,2015,2441
48187,2016,2555
48187,2017,3405
48187,2018,3298
48187,2019,3436
48187,2020,3846
48187,2021,4488
48187,2022,3935
48187,2023,3821
48187,2024,4114
48187,2025,3413
48189,2014,190
48189,2015,186
48189,2016,236
48189,2017,235
48189,2018,259
48189,2019,258
48189,2020,315
48189,2021,318
48189,2022,261
48189,2023,212
48189,2024,220
48193,2014,41
48193,2015,67
48193,2016,91
48193,2017,64
48193,2018,79
48193,2019,89
48193,2020,99
48193,2021,101
48193,2022,15
48199,2014,653
48199,2015,640
48199,2016,755
48199,2017,732
48199,2018,765
48199,2019,725
48199,2020,716
48199,2021,959
48199,2022,774
48199,2023,573
48199,2024,537
48201,2014,49097
48201,2015,49694
48201,2016,49446
48201,2017,52004
48201,2018,53940
48201,2019,56422
48201,2020,59230
48201,2021,69425
48201,2022,56068
48201,2023,42069
48201,2024,45636
48201,2025,35656
48203,2014,614
48203,2015,725
48203,2016,575
48203,2017,555
48203,2018,630
48203,2019,621
48203,2020,661
48203,2021,720
48203,2022,604
48203,2023,614
48203,2024,669
48203,2025,554
48205,2019,37
48205,2020,56
48205,2021,78
48205,2022,50
48205,2023,49
48205,2024,43
48207,2014,37
48207,2015,40
48207,2016,36
48207,2017,39
48207,2018,43
48207,2019,41
48207,2020,36
48207,2021,55
48207,2022,35
48207,2023,50
48207,2024,32
48209,2015,3637
48209,2016,4015
48209,2017,4220
48209,2018,4562
48209,2019,4923
48209,2021,6618
48209,2022,5645
48209,2023,4898
48209,2024,5676
48209,2025,2843
48211,2014,23
48211,2015,24
48211,2016,36
48211,2017,20
48211,2018,20
48211,2019,18
48211,2020,22
48211,2021,20
48211,2022,21
48211,2023,20
48211,2024,21
48213,2014,797
48213,2015,921
48213,2016,978
48213,2017,984
48213,2018,1029
48213,2019,1019
48213,2020,1251
48213,2021,1450
48213,2022,1351
48213,2023,1061
48213,2024,1047
48213,2025,954
48215,2015,6174
48215,2016,7439
48215,2017,7205
48215,2018,7926
48215,2019,7281
48215,2020,8096
48215,2021,8694
48215,2022,2658
48215,2023,5138
48215,2024,4817
48215,2025,4282
48217,2014,246
48217,2015,327
48217,2016,399
48217,2017,412
48217,2018,455
48217,2019,428
48217,2021,532
48217,2022,579
48217,2023,443
48217,2024,360
48219,2014,185
48219,2015,201
48219,2016,197
48219,2017,180
48219,2018,225
48219,2019,228
48219,2020,200
48219,2021,254
48219,2022,233
48219,2023,199
48219,2024,220
48221,2014,939
48221,2015,1181
48221,2016,1436
48221,2017,1590
48221,2018,1486
48221,2019,1486
48221,2020,1605
48221,2021,1777
48221,2022,1428
48221,2023,1189
48221,2024,1235
48221,2025,1099
48223,2014,252
48223,2015,346
48223,2016,333
48223,2017,332
48223,2018,314
48223,2019,326
48223,2020,322
48223,2021,429
48223,2022,457
48223,2023,349
48223,2024,215
48225,2014,77
48225,2015,62
48225,2016,115
48225,2017,107
48225,2018,121
48225,2019,127
48225,2020,93
48225,2021,179
48225,2022,172
48225,2023,112
48225,2024,107
48227,2014,297
48227,2015,286
48227,2016,289
48227,2017,274
48227,2018,440
48227,2019,410
48227,2020,127
48227,2021,396
48227,2022,409
48227,2023,304
48227,2024,312
48231,2014,690
48231,2015,805
48231,2016,895
48231,2017,995
48231,2018,1224
48231,2019,1236
48231,2020,1748
48231,2021,2538
48231,2022,2757
48231,2023,2154
48231,2025,1446
48233,2014,218
48233,2015,186
48233,2016,232
48233,2017,219
48233,2018,254
48233,2019,262
48233,2020,267
48233,2021,339
48233,2022,313
48233,2023,258
48233,2024,259
48237,2014,44
48237,2015,57
48237,2016,44
48237,2017,37
48237,2018,48
48237,2019,63
48237,2020,77
48237,2021,67
48237,2022,70
48237,2023,58
48237,2024,43
48239,2014,97
48239,2015,113
48239,2016,138
48239,2017,120
48239,2018,148
48239,2019,126
48239,2020,146
48239,2021,164
48239,2022,191
48239,2023,94
48239,2024,141
48241,2014,232
48241,2015,253
48241,2016,283
48241,2017,317
48241,2018,308
48241,2019,285
48241,2020,300
48241,2021,358
48241,2022,340
48241,2023,239
48241,2024,192
48245,2014,2066
48245,2015,2384
48245,2016,2419
48245,2017,2488
48245,2018,2665
48245,2019,2574
48245,2020,2625
48245,2021,3207
48245,2022,2859
48245,2023,2376
48245,2025,2452
48249,2014,142
48249,2015,89
48249,2016,138
48249,2017,150
48249,2018,172
48249,2019,177
48249,2020,213
48249,2021,254
48249,2022,220
48249,2023,193
48249,2024,183
48251,2014,2073
48251,2015,2090
48251,2016,2654
48251,2017,2957
48251,2018,3360
48251,2019,3060
48251,2020,3910
48251,2021,4343
48251,2022,4134
48251,2023,3489
48251,2025,2596
48253,2014,112
48253,2015,108
48253,2016,131
48253,2017,168
48253,2018,102
48253,2019,119
48253,2020,146
48253,2021,159
48253,2022,141
48253,2023,145
48253,2024,123
48255,2014,41
48255,2015,24
48255,2016,42
48255,2017,45
48255,2018,75
48255,2019,39
48255,2020,40
48255,2021,78
48255,2022,60
48255,2023,55
48255,2024,46
48257,2014,1371
48257,2015,1785
48257,2016,1950
48257,2017,2436
48257,2018,3012
48257,2019,2805
48257,2020,3835
48257,2021,3657
48257,2022,4897
48257,2023,3816
48257,2024,4768
48257,2025,2914
48259,2013,652
48259,2014,618
48259,2015,567
48259,2016,703
48259,2017,591
48259,2018,556
48259,2019,681
48259,2020,692
48259,2021,716
48259,2022,272
48259,2023,618
48259,2024,627
48259,2025,462
48265,2014,490
48265,2015,572
48265,2016,638
48265,2017,679
48265,2018,631
48265,2019,674
48265,2020,672
48265,2021,796
48265,2022,621
48265,2023,388
48265,2024,478
48265,2025,397
48273,2014,201
48273,2015,170
48273,2016,243
48273,2017,195
48273,2018,245
48273,2019,220
48273,2020,241
48273,2021,296
48273,2022,290
48273,2023,222
48273,2024,220
48277,2014,388
48277,2015,412
48277,2016,517
48277,2017,470
48277,2018,462
48277,2019,468
48277,2020,537
48277,2021,696
48277,2022,569
48277,2023,385
48277,2024,396
48277,2025,311
48279,2020,91
48279,2021,112
48279,2022,88
48279,2023,51
48279,2024,67
48281,2014,179
48281,2017,269
48281,2018,311
48281,2019,315
48281,2020,310
48281,2021,350
48281,2022,278
48281,2023,299
48281,2024,278
48285,2014,62
48285,2015,99
48285,2016,142
48285,2017,117
48285,2018,144
48285,2019,157
48285,2020,152
48285,2021,180
48285,2022,149
48285,2023,117
48285,2024,107
48287,2014,69
48287,2015,72
48287,2016,103
48287,2017,109
48287,2018,104
48287,2019,115
48287,2020,105
48287,2021,118
48287,2022,108
48287,2023,74
48287,2024,92
48287,2025,58
48289,2014,103
48289,2015,77
48289,2016,100
48289,2017,109
48289,2018,78
48289,2019,106
48289,2020,85
48289,2021,159
48289,2022,165
48289,2023,138
48289,2024,98
48291,2015,2130
48291,2016,1939
48291,2017,1698
48291,2018,2235
48291,2019,2787
48291,2020,3175
48291,2021,3133
48291,2022,3213
48291,2023,2434
48291,2025,1533
48293,2014,104
48293,2015,148
48293,2016,148
48293,2017,142
48293,2018,159
48293,2019,173
48293,2020,154
48293,2021,201
48293,2022,251
48293,2023,164
48293,2024,178
48297,2014,71
48297,2015,59
48297,2016,75
48297,2017,76
48297,2018,80
48297,2019,74
48297,2020,84
48297,2021,118
48297,2022,105
48297,2023,80
48297,2024,75
48299,2014,474
48299,2015,348
48299,2016,480
48299,2017,532
48299,2018,484
48299,2019,440
48299,2020,596
48299,2021,499
48299,2022,384
48299,2023,284
48299,2024,282
48299,2025,264
48303,2014,4259
48303,2015,4260
48303,2016,2574
48303,2017,4979
48303,2018,5368
48303,2019,5271
48303,2020,6090
48303,2021,7272
48303,2022,5874
48303,2023,4789
48303,2024,4898
48303,2025,3957
48307,2014,54
48307,2017,48
48307,2018,72
48307,2019,53
48307,2020,69
48307,2021,126
48307,2022,107
48307,2023,90
48307,2024,90
48309,2014,2787
48309,2015,3031
48309,2016,3445
48309,2017,3669
48309,2018,3602
48309,2019,3454
48309,2020,4002
48309,2021,4430
48309,2022,3845
48309,2023,2896
48313,2014,63
48313,2015,59
48313,2016,86
48313,2017,82
48313,2018,84
48313,2019,100
48313,2020,100
48313,2021,102
48313,2022,88
48313,2023,71
48313,2024,50
48315,2014,57
48315,2015,60
48315,2016,56
48315,2017,69
48315,2018,72
48315,2019,69
48315,2020,78
48315,2021,103
48315,2022,117
48315,2023,85
48315,2024,90
48317,2014,22
48317,2017,26
48317,2018,27
48317,2019,47
48317,2020,31
48317,2021,50
48317,2022,46
48317,2023,47
48317,2024,22
48321,2014,311
48321,2015,187
48321,2016,363
48321,2017,299
48321,2018,341
48321,2019,363
48321,2020,359
48321,2021,503
48321,2022,421
48321,2023,286
48321,2024,204
48323,2014,422
48323,2015,320
48323,2016,405
48323,2017,426
48323,2018,445
48323,2019,498
48323,2020,450
48323,2021,454
48323,2022,404
48323,2023,303
48323,2024,287
48323,2025,219
48325,2014,492
48325,2015,484
48325,2016,630
48325,2017,528
48325,2018,578
48325,2019,664
48325,2020,662
48325,2021,688
48325,2022,746
48325,2023,726
48325,2024,853
48325,2025,583
48329,2014,3068
48329,2015,2813
48329,2016,2462
48329,2017,3310
48329,2018,3555
48329,2019,3848
48329,2021,3900
48329,2022,3641
48329,2023,2795
48329,2024,2995
48329,2025,2676
48331,2014,172
48331,2015,129
48331,2016,218
48331,2017,192
48331,2018,196
48331,2019,175
48331,2020,219
48331,2021,242
48331,2022,243
48331,2023,173
48331,2024,140
48335,2014,58
48335,2015,47
48335,2016,41
48335,2017,61
48335,2018,77
48335,2019,87
48335,2020,78
48335,2021,84
48335,2022,88
48335,2023,58
48335,2024,83
48337,2014,107
48337,2015,122
48337,2016,228
48337,2017,235
48337,2018,266
48337,2019,251
48337,2020,288
48337,2021,360
48337,2022,315
48337,2023,207
48337,2024,201
48339,2014,10593
48339,2015,10587
48339,2016,10210
48339,2017,11235
48339,2018,10656
48339,2019,10454
48339,2020,15209
48339,2021,17432
48339,2022,14680
48339,2023,11586
48339,2024,13020
48339,2025,7916
48343,2014,53
48343,2015,79
48343,2016,76
48343,2017,73
48343,2018,93
48343,2019,92
48343,2020,82
48343,2021,142
48343,2022,128
48343,2023,87
48343,2024,114
48347,2014,360
48347,2015,331
48347,2016,413
48347,2017,384
48347,2018,425
48347,2019,418
48347,2020,487
48347,2021,563
48347,2022,490
48347,2023,378
48347,2024,352
48349,2014,443
48349,2015,403
48349,2016,491
48349,2017,588
48349,2018,579
48349,2019,609
48349,2020,675
48349,2021,715
48349,2022,644
48349,2023,511
48349,2024,546
48349,2025,492
48351,2014,41
48351,2015,54
48351,2016,73
48351,2017,75
48351,2018,71
48351,2019,78
48351,2020,54
48351,2021,81
48351,2022,82
48351,2023,64
48351,2024,69
48353,2014,113
48353,2015,100
48353,2016,108
48353,2017,125
48353,2018,125
48353,2019,136
48353,2020,129
48353,2021,183
48353,2022,127
48353,2023,125
48353,2024,108
48355,2014,3860
48355,2015,4639
48355,2016,4569
48355,2017,4580
48355,2018,4990
48355,2019,4958
48355,2020,5307
48355,2021,5912
48355,2022,5009
48355,2023,3914
48355,2025,3448
48361,2014,772
48361,2015,841
48361,2016,998
48361,2017,910
48361,2018,1077
48361,2019,1011
48361,2020,1078
48361,2021,1296
48361,2022,1073
48361,2023,874
48361,2024,864
48361,2025,873
48363,2014,226
48363,2015,244
48363,2016,288
48363,2017,334
48363,2018,371
48363,2019,351
48363,2020,404
48363,2021,503
48363,2022,460
48363,2023,363
48363,2024,338
48363,2025,297
48365,2014,155
48365,2015,105
48365,2016,133
48365,2017,149
48365,2018,191
48365,2019,187
48365,2020,190
48365,2021,269
48365,2022,229
48365,2023,153
48365,2024,134
48367,2014,2469
48367,2015,2714
48367,2016,3045
48367,2017,3312
48367,2018,3754
48367,2019,3486
48367,2020,4136
48367,2021,4676
48367,2022,4205
48367,2023,2995
48367,2025,2471
48369,2014,39
48369,2015,60
48369,2017,40
48369,2018,67
48369,2019,68
48369,2020,65
48369,2021,78
48369,2022,75
48369,2023,39
48369,2024,47
48373,2014,359
48373,2015,342
48373,2016,445
48373,2017,410
48373,2018,481
48373,2019,484
48373,2020,510
48373,2021,736
48373,2022,750
48373,2023,515
48373,2024,532
48373,2025,519
48375,2014,1206
48375,2015,1290
48375,2016,1327
48375,2017,1297
48375,2018,1321
48375,2019,1321
48375,2020,1414
48375,2021,1815
48375,2022,1420
48375,2023,1260
48375,2024,1265
48375,2025,1139
48377,2015,32
48377,2016,15
48377,2017,18
48377,2019,20
48377,2020,27
48377,2021,42
48377,2022,44
48377,2023,30
48377,2024,35
48379,2015,78
48379,2016,124
48379,2017,81
48379,2018,115
48379,2019,110
48379,2020,132
48379,2021,192
48379,2022,271
48379,2023,182
48379,2025,151
48381,2014,2418
48381,2015,2752
48381,2016,2794
48381,2017,2713
48381,2018,2837
48381,2019,2928
48381,2020,3330
48381,2021,3492
48381,2022,2769
48381,2023,2171
48381,2024,2302
48381,2025,2182
48385,2014,22
48385,2015,12
48385,2016,29
48385,2017,20
48385,2018,21
48385,2019,35
48385,2020,24
48385,2021,37
48385,2022,40
48385,2023,25
48385,2024,15
48387,2017,64
48387,2018,66
48387,2019,55
48387,2020,56
48387,2021,91
48387,2022,91
48387,2023,67
48387,2024,71
48391,2014,36
48391,2015,35
48391,2016,43
48391,2017,32
48391,2018,43
48391,2019,41
48391,2020,43
48391,2021,65
48391,2022,50
48391,2023,52
48391,2024,37
48395,2014,130
48395,2015,125
48395,2016,122
48395,2017,108
48395,2018,93
48395,2019,128
48395,2020,123
48395,2021,118
48395,2022,116
48395,2023,110
48395,2024,104
48397,2014,1839
48397,2015,2320
48397,2016,2547
48397,2017,3028
48397,2018,2742
48397,2019,2764
48397,2020,3285
48397,2021,2446
48397,2022,2781
48397,2023,2058
48397,2025,1408
48399,2014,36
48399,2015,39
48399,2016,32
48399,2017,50
48399,2018,52
48399,2019,57
48399,2020,63
48399,2021,84
48399,2022,79
48399,2023,82
48399,2024,93
48401,2014,342
48401,2015,228
48401,2016,299
48401,2017,362
48401,2018,425
48401,2019,393
48401,2020,445
48401,2021,541
48401,2022,458
48401,2023,393
48401,2024,311
48403,2014,58
48403,2015,57
48403,2016,56
48403,2017,49
48403,2018,61
48403,2019,51
48403,2020,41
48403,2021,126
48403,2022,118
48403,2023,88
48403,2024,94
48405,2016,25
48405,2019,25
48405,2020,32
48405,2021,50
48405,2022,40
48405,2023,34
48405,2024,29
48407,2014,435
48407,2015,370
48407,2016,409
48407,2017,339
48407,2018,500
48407,2019,527
48407,2020,521
48407,2021,645
48407,2022,652
48407,2023,572
48407,2024,640
48409,2013,756
48409,2015,790
48409,2016,868
48409,2017,788
48409,2019,814
48409,2021,1119
48409,2022,756
48409,2023,750
48409,2025,653
48411,2014,21
48411,2015,18
48411,2016,31
48411,2017,20
48411,2018,35
48411,2019,37
48411,2020,28
48411,2021,30
48411,2022,22
48411,2023,18
48411,2024,21
48415,2014,196
48415,2015,149
48415,2016,145
48415,2017,152
48415,2018,200
48415,2019,199
48415,2020,156
48415,2021,191
48415,2022,217
48415,2023,131
48415,2024,154
48419,2014,100
48419,2015,114
48419,2016,120
48419,2017,124
48419,2018,146
48419,2019,132
48419,2020,116
48419,2021,158
48419,2022,144
48419,2023,93
48419,2024,45
48423,2014,2602
48423,2015,2846
48423,2016,2756
48423,2017,2912
48423,2018,2858
48423,2019,3344
48423,2020,4073
48423,2021,4672
48423,2022,3797
48423,2023,4635
48423,2024,2943
48423,2025,2703
48425,2014,87
48425,2015,112
48425,2016,119
48425,2017,111
48425,2018,132
48425,2019,101
48425,2020,93
48425,2021,124
48425,2022,97
48425,2023,81
48425,2024,81
48427,2014,225
48427,2015,200
48427,2016,181
48427,2017,209
48427,2018,306
48427,2019,222
48427,2020,179
48427,2021,219
48427,2022,179
48427,2023,148
48427,2024,124
48429,2014,53
48429,2015,38
48429,2016,60
48429,2017,40
48429,2018,50
48429,2019,70
48429,2020,94
48429,2021,114
48429,2022,89
48429,2023,72
48429,2024,80
48429,2025,67
48437,2020,26
48437,2021,51
48437,2022,71
48437,2023,43
48437,2024,55
48439,2014,25677
48439,2015,28604
48439,2016,30961
48439,2017,29448
48439,2018,29504
48439,2019,33706
48439,2020,35097
48439,2021,34286
48439,2022,26948
48439,2023,22441
48439,2024,23004
48439,2025,21100
48441,2014,1955
48441,2015,2113
48441,2016,2214
48441,2017,2295
48441,2018,2361
48441,2019,2365
48441,2020,2754
48441,2021,3092
48441,2022,2622
48441,2023,2023
48441,2025,1876
48449,2014,231
48449,2015,212
48449,2016,309
48449,2017,242
48449,2018,308
48449,2019,289
48449,2020,304
48449,2021,387
48449,2022,297
48449,2023,228
48449,2024,168
48451,2013,1958
48451,2014,1704
48451,2015,1802
48451,2016,1709
48451,2017,1782
48451,2018,1936
48451,2019,2032
48451,2020,2175
48451,2021,2303
48451,2022,1770
48451,2023,1574
48451,2024,1586
48451,2025,1391
48453,2014,15270
48453,2015,16563
48453,2016,18562
48453,2017,17849
48453,2018,18510
48453,2020,20454
48453,2021,19308
48453,2022,17619
48453,2023,13950
48453,2025,11797
48455,2014,45
48455,2015,59
48455,2016,71
48455,2017,58
48457,2014,160
48457,2015,148
48457,2016,157
48457,2017,161
48457,2018,212
48457,2019,185
48457,2020,195
48457,2021,267
48457,2022,222
48457,2023,140
48457,2024,112
48459,2014,396
48459,2015,410
48459,2016,437
48459,2017,422
48459,2018,406
48459,2019,431
48459,2020,466
48459,2021,522
48459,2022,497
48459,2023,361
48459,2024,356
48461,2014,16
48461,2015,11
48461,2016,11
48461,2017,7
48461,2018,28
48461,2019,20
48461,2020,14
48461,2021,24
48461,2022,29
48461,2023,22
48461,2024,25
48463,2014,166
48463,2015,145
48463,2016,188
48463,2017,150
48463,2018,174
48463,2019,178
48463,2020,199
48463,2021,275
48463,2022,210
48463,2023,191
48463,2024,170
48463,2025,152
48465,2014,420
48465,2015,295
48465,2016,439
48465,2017,442
48465,2018,479
48465,2019,503
48465,2020,528
48465,2021,622
48465,2022,543
48465,2023,409
48465,2024,361
48467,2014,350
48467,2015,433
48467,2016,513
48467,2017,529
48467,2018,557
48467,2019,571
48467,2020,622
48467,2021,964
48467,2022,810
48467,2023,564
48467,2024,547
48467,2025,508
48469,2014,903
48469,2015,1061
48469,2016,1012
48469,2017,936
48469,2018,1088
48469,2019,1055
48469,2020,1204
48469,2021,1370
48469,2022,1109
48469,2023,868
48469,2024,790
48469,2025,775
48471,2014,338
48471,2015,436
48471,2016,558
48471,2017,599
48471,2018,590
48471,2019,539
48471,2020,536
48471,2021,668
48471,2022,780
48471,2023,557
48471,2025,514
48473,2014,574
48473,2015,500
48473,2016,477
48473,2017,662
48473,2018,823
48473,2019,946
48473,2020,1063
48473,2021,1244
48473,2022,595
48473,2023,1454
48473,2025,978
48475,2014,86
48475,2015,101
48475,2017,77
48475,2018,126
48475,2019,123
48475,2020,97
48475,2021,112
48475,2022,108
48475,2023,96
48475,2024,105
48477,2014,350
48477,2015,272
48477,2016,325
48477,2017,354
48477,2018,321
48477,2019,335
48477,2020,357
48477,2021,424
48477,2022,507
48477,2023,361
48477,2024,236
48479,2014,2201
48479,2015,2332
48479,2016,2145
48479,2017,2196
48479,2018,2219
48479,2019,2586
48479,2020,2669
48479,2021,2715
48479,2022,2196
48479,2023,1850
48479,2024,1880
48479,2025,1416
48481,2014,277
48481,2015,216
48481,2016,278
48481,2017,299
48481,2018,309
48481,2019,348
48481,2020,334
48481,2021,435
48481,2022,416
48481,2023,279
48481,2024,216
48481,2025,221
48485,2014,1482
48485,2015,1708
48485,2016,1150
48485,2017,1734
48485,2018,1829
48485,2019,1914
48485,2020,1933
48485,2021,2287
48485,2022,1872
48485,2023,1632
48485,2024,1569
48485,2025,1373
48487,2014,103
48487,2015,118
48487,2016,116
48487,2017,103
48487,2018,111
48487,2019,91
48487,2020,93
48487,2021,126
48487,2022,117
48487,2023,113
48487,2024,115
48489,2014,52
48489,2015,44
48489,2016,58
48489,2017,61
48489,2018,65
48489,2019,78
48489,2020,65
48489,2021,87
48489,2022,62
48489,2023,64
48489,2024,58
48491,2014,11234
48491,2015,12150
48491,2016,13276
48491,2017,13701
48491,2018,14133
48491,2019,14829
48491,2020,17594
48491,2021,19558
48491,2022,13962
48491,2023,12269
48491,2025,6203
48493,2014,631
48493,2015,588
48493,2016,687
48493,2017,655
48493,2018,714
48493,2019,680
48493,2020,775
48493,2021,938
48493,2022,794
48493,2023,545
48493,2024,594
48493,2025,435
48495,2014,50
48495,2015,26
48495,2016,47
48495,2017,38
48495,2018,39
48495,2019,60
48495,2020,39
48495,2021,44
48495,2022,74
48495,2023,65
48495,2024,53
48497,2014,841
48497,2015,863
48497,2016,1059
48497,2017,1243
48497,2018,1119
48497,2019,1185
48497,2020,1473
48497,2021,1648
48497,2022,1250
48497,2023,1175
48497,2024,1234
48497,2025,846
48499,2014,416
48499,2015,544
48499,2016,557
48499,2017,585
48499,2018,568
48499,2019,581
48499,2020,540
48499,2021,663
48499,2022,588
48499,2023,475
48499,2024,427
48501,2014,65
48501,2015,54
48501,2016,44
48501,2017,37
48501,2018,48
48501,2019,62
48501,2020,52
48501,2021,65
48501,2022,61
48501,2023,64
48501,2024,43
48503,2014,140
48503,2015,67
48503,2016,140
48503,2017,172
48503,2018,192
48503,2019,171
48503,2020,184
48503,2021,215
48503,2022,209
48503,2023,148
48503,2024,141
48505,2014,36
48505,2015,38
48505,2016,52
48505,2017,61
48505,2018,68
48505,2019,57
48505,2020,72
48505,2021,51
48505,2022,65
48505,2023,66
48505,2024,65
48505,2025,48
48507,2014,12
48507,2015,25
48507,2016,27
48507,2017,30
48507,2018,16
48507,2019,36
48507,2020,39
48507,2021,22
48507,2022,27
48507,2023,22
48507,2024,27
48507,2025,28
49001,2013,14
49001,2014,25
49001,2016,24
49001,2017,19
49001,2018,26
49001,2019,25
49001,2020,42
49001,2021,23
49001,2022,23
49001,2023,4
49001,2024,10
49001,2025,12
49003,2013,648
49003,2014,504
49003,2015,706
49003,2016,909
49003,2017,997
49003,2018,1001
49003,2019,1194
49003,2020,1420
49003,2021,1395
49003,2022,946
49003,2023,697
49003,2024,811
49003,2025,647
49005,2013,1469
49005,2014,1456
49005,2015,1846
49005,2016,1998
49005,2017,2035
49005,2018,2131
49005,2019,2714
49005,2020,3358
49005,2021,3280
49005,2022,2004
49005,2023,1260
49005,2024,1443
49005,2025,1186
49007,2013,264
49007,2014,211
49007,2015,222
49007,2016,294
49007,2017,282
49007,2018,322
49007,2019,342
49007,2020,443
49007,2021,532
49007,2022,358
49007,2023,260
49007,2024,277
49007,2025,256
49011,2013,5685
49011,2014,4300
49011,2018,6353
49011,2019,7825
49011,2020,9889
49011,2021,8800
49011,2022,5581
49011,2023,3582
49011,2024,3801
49011,2025,3259
49013,2020,321
49013,2021,379
49013,2022,280
49013,2023,215
49013,2024,189
49013,2025,110
49021,2016,644
49021,2017,1122
49021,2018,1174
49021,2019,1323
49021,2020,1821
49021,2021,1987
49021,2022,1414
49021,2023,910
49021,2025,939
49025,2013,97
49025,2014,77
49025,2015,41
49025,2022,3
49027,2013,86
49027,2016,137
49027,2017,140
49027,2018,84
49027,2019,87
49027,2020,124
49027,2021,213
49027,2022,140
49027,2023,84
49027,2024,90
49027,2025,98
49029,2022,59
49029,2023,136
49029,2024,159
49029,2025,92
49033,2019,61
49033,2020,139
49033,2021,143
49033,2022,133
49033,2023,88
49033,2024,83
49035,2014,15541
49035,2015,18868
49035,2016,21904
49035,2017,21979
49035,2018,20425
49035,2019,24336
49035,2020,30266
49035,2021,28372
49035,2022,18229
49035,2023,11298
49039,2016,220
49039,2017,268
49039,2018,399
49039,2019,317
49039,2020,355
49039,2021,286
49039,2024,116
49041,2014,237
49041,2015,248
49041,2016,287
49041,2017,354
49041,2018,378
49041,2019,314
49041,2020,471
49041,2021,492
49041,2022,345
49041,2023,230
49041,2024,248
49043,2013,999
49043,2015,1069
49043,2016,561
49043,2017,727
49043,2018,998
49043,2019,1260
49043,2020,1837
49043,2021,2004
49043,2022,1242
49043,2023,831
49045,2014,808
49045,2015,1266
49045,2016,1688
49045,2017,1713
49045,2018,1778
49045,2019,2307
49045,2020,2528
49045,2021,2590
49045,2022,1751
49045,2023,1317
49045,2024,1618
49045,2025,1171
49047,2019,146
49047,2020,226
49047,2021,219
49047,2022,485
49047,2023,310
49047,2024,291
49049,2014,8437
49049,2015,10121
49049,2016,11295
49049,2017,12235
49049,2018,11690
49049,2019,14238
49049,2020,20039
49049,2021,20457
49049,2022,12175
49049,2023,8153
49049,2024,9674
49049,2025,8065
49051,2014,604
49051,2015,749
49051,2016,657
49051,2017,558
49051,2018,773
49051,2019,941
49051,2020,1238
49051,2021,1314
49051,2022,941
49051,2023,601
49051,2024,789
49051,2025,706
49053,2014,2696
49053,2016,3208
49053,2017,4562
49053,2018,4687
49053,2019,5213
49053,2020,6999
49053,2021,7095
49053,2022,4497
49053,2023,3246
49053,2025,3354
49057,2014,3478
49057,2016,5110
49057,2017,5627
49057,2018,5738
49057,2019,6468
49057,2020,7701
49057,2021,7678
49057,2022,4642
49057,2023,3298
49057,2024,3642
49057,2025,3231
50001,2013,463
50001,2014,503
50001,2015,497
50001,2016,440
50001,2017,237
50001,2018,245
50001,2019,536
50001,2020,612
50001,2021,677
50001,2022,565
50001,2023,367
50001,2024,430
50003,2013,619
50003,2014,595
50003,2015,639
50003,2016,624
50003,2019,704
50003,2020,904
50003,2021,1075
50003,2022,855
50003,2023,562
50003,2024,671
50005,2013,405
50005,2014,459
50005,2015,484
50005,2016,440
50005,2017,340
50005,2018,358
50005,2019,547
50005,2020,656
50005,2021,710
50005,2022,629
50005,2023,417
50005,2024,466
50007,2013,2599
50007,2014,2577
50007,2015,2893
50007,2016,2761
50007,2017,1227
50007,2019,2029
50007,2020,2338
50007,2021,2505
50007,2022,2123
50007,2023,1352
50007,2024,1764
50009,2013,116
50009,2014,118
50009,2015,122
50009,2016,107
50009,2019,140
50009,2020,206
50009,2021,213
50009,2022,160
50009,2023,144
50009,2024,133
50011,2013,743
50011,2014,746
50011,2015,721
50011,2016,808
50011,2017,468
50011,2018,446
50011,2019,917
50011,2020,1031
50011,2021,1082
50011,2022,961
50011,2023,677
50011,2024,772
50013,2013,173
50013,2014,195
50013,2015,156
50013,2016,170
50013,2019,182
50013,2020,241
50013,2021,251
50013,2022,225
50013,2023,112
50013,2024,175
50015,2013,442
50015,2014,510
50015,2015,520
50015,2016,490
50015,2017,312
50015,2018,302
50015,2019,548
50015,2020,690
50015,2021,764
50015,2022,641
50015,2023,408
50015,2024,474
50017,2013,429
50017,2014,403
50017,2015,477
50017,2016,442
50017,2017,315
50017,2018,368
50017,2019,477
50017,2020,521
50017,2021,596
50017,2022,518
50017,2023,390
50017,2024,444
50019,2013,494
50019,2014,502
50019,2015,489
50019,2016,474
50019,2017,288
50019,2018,273
50019,2019,587
50019,2020,719
50019,2021,837
50019,2022,726
50019,2023,470
50019,2024,614
50021,2013,815
50021,2014,926
50021,2015,935
50021,2016,980
50021,2017,425
50021,2018,402
50021,2019,1061
50021,2020,1281
50021,2021,1428
50021,2022,1279
50021,2023,850
50021,2024,1021
50023,2013,881
50023,2014,852
50023,2015,1048
50023,2016,967
50023,2017,417
50023,2018,389
50023,2019,1040
50023,2020,1305
50023,2021,1388
50023,2022,1186
50023,2023,771
50023,2024,975
50025,2013,828
50025,2014,895
50025,2015,1005
50025,2016,958
50025,2019,952
50025,2020,1346
50025,2021,1485
50025,2022,1222
50025,2023,743
50025,2024,737
50027,2013,1054
50027,2014,1094
50027,2015,1203
50027,2016,1150
50027,2017,682
50027,2018,622
50027,2019,1322
50027,2020,1771
50027,2021,1737
50027,2022,1407
50027,2023,941
50027,2024,1126
51001,2013,375
51001,2014,412
51001,2015,543
51001,2016,588
51001,2017,719
51001,2018,782
51001,2019,781
51001,2020,750
51001,2021,991
51001,2022,949
51001,2023,782
51001,2024,705
51001,2025,400
51003,2014,1661
51003,2015,1527
51003,2016,1799
51003,2017,2106
51003,2018,2210
51003,2019,2307
51003,2020,2235
51003,2021,2555
51003,2022,2219
51003,2023,1834
51003,2024,1857
51003,2025,1449
51005,2016,199
51005,2017,197
51005,2018,209
51005,2019,267
51005,2020,265
51005,2021,316
51005,2022,285
51005,2023,242
51005,2024,251
51007,2017,140
51007,2018,252
51007,2019,217
51007,2020,246
51007,2021,287
51007,2022,245
51007,2023,179
51007,2024,182
51007,2025,170
51009,2014,251
51009,2015,280
51009,2016,468
51009,2017,501
51009,2018,441
51009,2019,488
51009,2020,621
51009,2021,641
51009,2022,585
51009,2023,478
51009,2024,479
51009,2025,423
51011,2013,190
51011,2014,192
51011,2016,173
51011,2017,264
51011,2018,178
51011,2019,143
51011,2020,211
51011,2021,280
51011,2022,218
51011,2023,191
51011,2024,181
51011,2025,89
51013,2014,3089
51013,2015,2784
51013,2016,3127
51013,2017,3483
51013,2018,3349
51013,2019,2996
51013,2020,3100
51013,2021,4108
51013,2022,3208
51013,2023,2387
51013,2024,2424
51013,2025,2122
51015,2013,701
51015,2014,865
51015,2015,949
51015,2016,974
51015,2017,916
51015,2018,920
51015,2019,1058
51015,2020,1136
51015,2021,1421
51015,2022,1293
51015,2023,967
51015,2024,960
51015,2025,894
51017,2016,60
51017,2017,91
51017,2018,92
51017,2019,77
51017,2020,88
51017,2021,122
51017,2022,120
51017,2023,110
51017,2024,79
51019,2014,1323
51019,2015,1557
51019,2016,1677
51019,2017,1704
51019,2018,1735
51019,2019,1818
51019,2020,1313
51019,2021,2205
51019,2022,2002
51019,2023,1505
51019,2024,1465
51019,2025,1217
51021,2016,77
51021,2017,53
51021,2018,69
51021,2019,82
51021,2020,107
51021,2021,110
51021,2022,125
51021,2023,98
51021,2024,116
51021,2025,113
51023,2010,282
51023,2014,464
51023,2015,500
51023,2016,624
51023,2017,642
51023,2018,697
51023,2019,698
51023,2020,734
51023,2021,726
51023,2022,645
51023,2023,509
51023,2024,489
51023,2025,464
51025,2014,118
51025,2015,136
51025,2016,131
51025,2017,164
51025,2018,147
51025,2019,181
51025,2020,194
51025,2021,214
51025,2022,209
51025,2023,242
51025,2024,169
51025,2025,157
51027,2016,78
51027,2017,85
51027,2019,172
51027,2020,98
51027,2021,170
51027,2022,156
51027,2023,217
51027,2024,208
51029,2015,61
51029,2016,139
51029,2017,144
51029,2018,97
51029,2020,79
51029,2021,195
51029,2022,123
51029,2023,90
51029,2024,95
51031,2014,560
51031,2015,565
51031,2016,608
51031,2017,623
51031,2018,631
51031,2019,686
51031,2020,765
51031,2021,923
51031,2022,908
51031,2023,821
51031,2024,836
51031,2025,557
51033,2014,558
51033,2015,629
51033,2016,675
51033,2017,733
51033,2018,723
51033,2019,743
51033,2020,940
51033,2021,1093
51033,2022,885
51033,2023,786
51033,2024,706
51033,2025,505
51035,2016,413
51035,2017,478
51035,2018,500
51035,2019,565
51035,2020,606
51035,2021,732
51035,2022,591
51035,2023,562
51035,2024,519
51035,2025,449
51036,2016,78
51036,2018,82
51036,2019,93
51036,2020,113
51036,2021,112
51036,2022,125
51036,2023,91
51036,2024,103
51037,2015,51
51037,2016,68
51037,2017,94
51037,2018,133
51037,2019,134
51037,2020,94
51037,2021,94
51037,2022,98
51041,2014,5401
51041,2015,6144
51041,2016,7266
51041,2017,7615
51041,2018,7701
51041,2019,8683
51041,2020,8043
51041,2021,9924
51041,2022,7657
51041,2023,6464
51041,2024,6648
51041,2025,5746
51043,2014,198
51043,2015,178
51043,2016,288
51043,2017,227
51043,2018,262
51043,2019,257
51043,2020,293
51043,2021,318
51043,2022,249
51043,2023,217
51043,2024,186
51043,2025,177
51045,2014,45
51045,2016,74
51045,2018,107
51045,2019,69
51045,2020,109
51045,2021,87
51045,2022,86
51045,2023,66
51045,2024,83
51045,2025,76
51047,2014,754
51047,2015,897
51047,2016,956
51047,2017,999
51047,2018,981
51047,2019,1058
51047,2020,1092
51047,2021,1155
51047,2022,970
51047,2023,714
51047,2024,788
51047,2025,636
51049,2015,119
51049,2016,139
51049,2017,149
51049,2018,92
51049,2019,154
51049,2020,133
51049,2021,119
51049,2022,123
51049,2023,130
51049,2024,127
51049,2025,63
51051,2015,48
51051,2021,100
51051,2022,162
51051,2023,145
51051,2024,133
51051,2025,94
51053,2017,228
51053,2018,362
51053,2019,413
51053,2020,412
51053,2021,527
51053,2022,482
51053,2023,396
51053,2024,371
51053,2025,310
51057,2016,157
51057,2018,194
51057,2019,215
51057,2020,234
51057,2021,279
51057,2022,226
51057,2023,215
51057,2024,174
51057,2025,173
51059,2014,14783
51059,2015,15625
51059,2016,17138
51059,2017,18136
51059,2018,17997
51059,2019,18373
51059,2020,18942
51059,2021,22298
51059,2022,16988
51059,2023,12791
51059,2025,11847
51061,2014,1176
51061,2015,1188
51061,2016,1356
51061,2018,1379
51061,2019,1456
51061,2020,1694
51061,2021,1789
51061,2022,1303
51061,2023,1118
51061,2024,1095
51061,2025,908
51063,2014,180
51063,2015,168
51063,2016,210
51063,2017,201
51063,2018,200
51063,2019,250
51063,2020,268
51063,2021,268
51063,2022,286
51063,2023,221
51063,2024,232
51063,2025,177
51065,2014,339
51065,2015,412
51065,2016,412
51065,2017,497
51065,2018,650
51065,2019,675
51065,2020,615
51065,2021,831
51065,2022,764
51065,2023,558
51065,2024,462
51065,2025,381
51067,2013,805
51067,2014,859
51067,2015,832
51067,2016,960
51067,2017,1109
51067,2018,1162
51067,2019,1267
51067,2020,1599
51067,2021,1624
51067,2022,1289
51067,2023,1043
51067,2024,1069
51067,2025,929
51069,2014,933
51069,2015,1237
51069,2016,1279
51069,2017,1382
51069,2018,1269
51069,2019,1564
51069,2020,1690
51069,2021,2622
51069,2022,2119
51069,2023,1824
51069,2024,2050
51069,2025,1558
51071,2016,207
51071,2017,233
51071,2018,228
51071,2019,236
51071,2020,215
51071,2021,266
51071,2022,257
51071,2023,155
51071,2024,181
51073,2016,686
51073,2017,745
51073,2019,738
51073,2020,827
51073,2021,1003
51073,2022,803
51073,2023,633
51073,2024,597
51073,2025,563
51075,2014,424
51075,2015,431
51075,2016,431
51075,2017,469
51075,2018,530
51075,2019,542
51075,2020,682
51075,2021,673
51075,2022,644
51075,2023,567
51075,2024,485
51075,2025,347
51077,2016,282
51077,2017,253
51077,2018,253
51077,2019,272
51077,2020,388
51077,2021,511
51077,2022,465
51077,2023,397
51077,2024,364
51079,2013,265
51079,2014,199
51079,2018,263
51079,2019,485
51079,2020,429
51079,2021,489
51079,2022,469
51079,2023,383
51079,2024,395
51079,2025,277
51081,2016,68
51081,2017,64
51081,2019,45
51081,2020,66
51081,2021,164
51081,2022,142
51081,2023,121
51081,2024,92
51083,2013,254
51083,2014,292
51083,2015,287
51083,2016,261
51083,2018,353
51083,2019,374
51083,2020,420
51083,2021,484
51083,2022,482
51083,2023,414
51083,2024,401
51083,2025,340
51085,2014,1808
51085,2015,2079
51085,2016,2175
51085,2017,2183
51085,2018,2194
51085,2019,2276
51085,2020,2761
51085,2021,3026
51085,2022,2447
51085,2023,1835
51085,2024,1969
51085,2025,1676
51087,2014,4634
51087,2015,5196
51087,2016,5538
51087,2017,6033
51087,2018,6174
51087,2019,6391
51087,2020,6392
51087,2021,6780
51087,2022,5756
51087,2023,4857
51087,2024,4334
51087,2025,3864
51089,2014,349
51089,2015,354
51089,2016,390
51089,2017,419
51089,2018,441
51089,2019,554
51089,2020,641
51089,2021,808
51089,2022,807
51089,2023,701
51089,2024,699
51089,2025,574
51091,2013,40
51091,2016,32
51091,2017,33
51091,2018,36
51091,2019,33
51091,2020,48
51091,2021,80
51091,2022,58
51091,2023,58
51091,2024,73
51091,2025,56
51093,2013,591
51093,2014,584
51093,2015,714
51093,2016,682
51093,2018,464
51093,2020,863
51093,2021,1154
51093,2022,916
51093,2023,698
51093,2024,737
51093,2025,610
51095,2014,1370
51095,2015,1422
51095,2016,1753
51095,2017,1884
51095,2018,1889
51095,2019,1974
51095,2020,2229
51095,2021,2894
51095,2022,2117
51095,2023,1547
51095,2024,1702
51095,2025,1345
51097,2016,16
51097,2017,26
51097,2018,52
51097,2019,37
51097,2020,62
51097,2021,73
51097,2022,50
51097,2023,49
51097,2024,38
51099,2014,378
51099,2015,441
51099,2016,435
51099,2017,471
51099,2018,495
51099,2019,630
51099,2020,654
51099,2021,771
51099,2022,587
51099,2023,497
51099,2024,443
51099,2025,312
51101,2015,319
51101,2016,400
51101,2017,405
51101,2018,426
51101,2019,432
51101,2020,530
51101,2021,627
51101,2022,495
51101,2023,352
51101,2024,347
51103,2016,248
51103,2017,290
51103,2018,290
51103,2019,291
51103,2020,467
51103,2021,513
51103,2022,396
51103,2023,319
51103,2024,288
51105,2016,175
51105,2017,161
51105,2018,111
51105,2019,164
51105,2020,285
51105,2021,308
51105,2022,270
51105,2023,276
51105,2024,287
51105,2025,220
51107,2014,4840
51107,2015,5838
51107,2016,8999
51107,2017,9496
51107,2018,9345
51107,2019,9275
51107,2020,9875
51107,2021,10472
51107,2022,7381
51107,2023,5249
51107,2024,6048
51107,2025,5347
51109,2013,568
51109,2017,985
51109,2018,1053
51109,2019,1066
51109,2020,1289
51109,2021,1469
51109,2022,1127
51109,2023,976
51109,2024,995
51109,2025,728
51111,2014,83
51111,2015,81
51111,2016,114
51111,2017,119
51111,2018,127
51111,2019,161
51111,2020,144
51111,2021,161
51111,2022,216
51111,2023,188
51111,2024,180
51111,2025,133
51113,2014,160
51113,2015,168
51113,2016,182
51113,2017,185
51113,2018,192
51113,2019,156
51113,2020,219
51113,2021,277
51113,2022,212
51113,2023,174
51113,2024,184
51113,2025,155
51115,2013,104
51115,2014,97
51115,2017,193
51115,2018,167
51115,2019,211
51115,2020,269
51115,2021,284
51115,2022,283
51115,2023,213
51115,2024,206
51115,2025,160
51117,2013,332
51117,2015,280
51117,2016,289
51117,2017,427
51117,2018,430
51117,2019,485
51117,2020,558
51117,2021,821
51117,2022,732
51117,2023,555
51117,2024,585
51119,2016,244
51119,2017,262
51119,2018,272
51119,2019,277
51119,2020,357
51119,2021,400
51119,2022,314
51119,2023,244
51119,2024,252
51121,2014,1228
51121,2015,1344
51121,2018,1148
51121,2019,1798
51121,2020,1661
51121,2021,1695
51121,2022,1516
51121,2023,1239
51121,2024,1225
51121,2025,1030
51125,2014,317
51125,2015,237
51125,2016,403
51125,2017,383
51125,2018,390
51125,2019,497
51125,2020,692
51125,2021,843
51125,2022,678
51125,2023,518
51125,2024,548
51125,2025,483
51127,2014,357
51127,2015,477
51127,2016,554
51127,2017,610
51127,2018,668
51127,2019,624
51127,2020,828
51127,2021,976
51127,2022,868
51127,2023,781
51127,2024,656
51127,2025,373
51131,2015,139
51131,2016,164
51131,2017,170
51131,2018,217
51131,2019,173
51131,2020,237
51131,2021,258
51131,2022,262
51131,2023,229
51131,2024,224
51133,2015,245
51133,2016,286
51133,2017,275
51133,2018,153
51133,2019,162
51133,2020,266
51133,2021,393
51133,2022,267
51133,2023,205
51133,2024,216
51133,2025,106
51135,2015,100
51135,2016,134
51135,2017,137
51135,2018,99
51135,2019,91
51135,2020,121
51135,2021,121
51135,2022,122
51135,2023,113
51135,2024,105
51135,2025,38
51137,2014,593
51137,2015,707
51137,2016,776
51137,2017,955
51137,2018,868
51137,2019,986
51137,2020,805
51137,2021,1224
51137,2022,1002
51137,2023,926
51137,2024,865
51137,2025,699
51139,2014,303
51139,2015,251
51139,2016,285
51139,2017,303
51139,2018,208
51139,2019,209
51139,2020,262
51139,2021,308
51139,2022,301
51139,2023,247
51139,2024,224
51139,2025,119
51141,2014,152
51141,2020,175
51141,2021,320
51141,2022,283
51141,2023,309
51141,2024,279
51141,2025,215
51143,2015,679
51143,2016,743
51143,2017,757
51143,2018,815
51143,2019,957
51143,2020,1101
51143,2021,1442
51143,2022,1199
51143,2023,1122
51143,2024,1102
51145,2014,490
51145,2016,713
51145,2017,635
51145,2018,571
51145,2019,555
51145,2020,588
51145,2021,649
51145,2022,543
51145,2023,366
51145,2024,403
51145,2025,219
51147,2013,161
51147,2014,163
51147,2015,197
51147,2016,205
51147,2017,198
51147,2018,241
51147,2019,267
51147,2020,275
51147,2021,329
51147,2022,313
51147,2023,225
51147,2024,251
51149,2014,288
51149,2016,436
51149,2017,493
51149,2018,440
51149,2019,421
51149,2020,479
51149,2021,556
51153,2014,6627
51153,2015,7285
51153,2016,8492
51153,2017,8718
51153,2018,8383
51153,2019,8942
51153,2020,10055
51153,2021,11139
51153,2022,8011
51153,2023,5540
51153,2024,5714
51153,2025,4539
51155,2013,348
51155,2014,428
51155,2015,481
51155,2016,484
51155,2017,525
51155,2018,544
51155,2019,589
51155,2020,663
51155,2021,682
51155,2022,694
51155,2023,564
51155,2024,547
51155,2025,521
51157,2014,84
51157,2015,107
51157,2016,102
51157,2018,137
51157,2019,134
51157,2020,177
51157,2021,232
51157,2022,171
51157,2023,145
51157,2024,147
51157,2025,127
51159,2016,87
51159,2017,92
51159,2018,108
51159,2019,129
51159,2020,126
51159,2021,151
51159,2022,125
51159,2023,107
51159,2024,117
51161,2014,1062
51161,2015,1305
51161,2016,1570
51161,2017,1897
51161,2018,2056
51161,2019,2026
51161,2020,2181
51161,2021,2259
51161,2022,1875
51161,2023,1425
51161,2024,1589
51161,2025,1394
51163,2016,258
51163,2017,268
51163,2018,294
51163,2019,300
51163,2020,213
51163,2021,503
51163,2022,461
51163,2023,343
51163,2024,387
51163,2025,320
51165,2016,1022
51165,2017,1009
51165,2018,1032
51165,2019,1251
51165,2020,1431
51165,2021,1558
51165,2022,1581
51165,2023,1258
51165,2024,1235
51165,2025,873
51167,2016,210
51167,2017,289
51167,2018,269
51167,2019,241
51167,2020,295
51167,2021,392
51167,2022,393
51167,2023,334
51167,2024,339
51167,2025,290
51169,2014,168
51169,2015,106
51169,2016,166
51169,2017,205
51169,2018,206
51169,2019,231
51169,2020,233
51169,2021,316
51169,2022,305
51169,2023,255
51169,2024,258
51169,2025,212
51171,2014,691
51171,2015,683
51171,2016,758
51171,2017,840
51171,2018,904
51171,2019,945
51171,2020,1145
51171,2021,1273
51171,2022,1169
51171,2023,834
51171,2024,859
51171,2025,719
51173,2016,276
51173,2017,311
51173,2018,337
51173,2019,373
51173,2020,410
51173,2021,490
51173,2022,494
51173,2023,472
51173,2024,384
51173,2025,340
51175,2021,336
51175,2022,309
51175,2023,225
51175,2024,225
51177,2014,2103
51177,2015,2283
51177,2016,2600
51177,2017,3034
51177,2018,3113
51177,2019,3425
51177,2020,2991
51177,2021,4461
51177,2022,3603
51177,2023,2466
51177,2024,2678
51177,2025,2017
51179,2014,2599
51179,2015,2708
51179,2016,3188
51179,2017,3381
51179,2018,3674
51179,2019,3745
51179,2020,2970
51179,2021,4940
51179,2022,3828
51179,2023,2597
51179,2024,2428
51179,2025,1955
51181,2013,54
51181,2014,50
51181,2017,84
51181,2021,137
51181,2022,129
51181,2023,84
51181,2024,87
51181,2025,85
51183,2013,67
51183,2014,69
51183,2015,65
51183,2016,91
51183,2017,103
51183,2018,94
51183,2019,108
51183,2020,131
51183,2021,177
51183,2022,142
51183,2023,139
51183,2024,100
51185,2013,336
51185,2014,335
51185,2015,294
51185,2016,261
51185,2017,376
51185,2018,477
51185,2019,461
51185,2020,497
51185,2021,762
51185,2022,738
51185,2023,560
51185,2024,511
51187,2014,635
51187,2015,632
51187,2016,750
51187,2017,885
51187,2018,860
51187,2019,983
51187,2020,1157
51187,2021,1232
51187,2022,937
51187,2023,666
51187,2024,779
51187,2025,642
51191,2015,330
51191,2016,455
51191,2017,771
51191,2018,801
51191,2019,936
51191,2021,1096
51191,2022,1049
51191,2023,852
51191,2024,833
51191,2025,722
51193,2013,394
51193,2015,430
51193,2016,488
51193,2017,607
51193,2018,604
51193,2019,503
51193,2020,936
51193,2021,1108
51193,2022,1152
51193,2023,1050
51193,2024,1056
51195,2010,312
51195,2016,335
51195,2017,355
51195,2018,395
51195,2019,415
51195,2020,422
51195,2021,562
51195,2022,553
51195,2023,487
51195,2024,418
51197,2015,320
51197,2018,411
51197,2019,471
51197,2020,495
51197,2021,540
51197,2022,543
51197,2023,438
51197,2024,419
51199,2014,681
51199,2015,758
51199,2016,892
51199,2017,930
51199,2018,1105
51199,2019,1228
51199,2020,1339
51199,2021,1716
51199,2022,1270
51199,2023,1174
51199,2024,972
51199,2025,838
51510,2014,2416
51510,2015,2603
51510,2016,2643
51510,2017,2772
51510,2018,3011
51510,2019,2550
51510,2020,2625
51510,2021,3342
51510,2022,2765
51510,2023,2241
51510,2024,2149
51520,2016,235
51520,2018,318
51520,2019,393
51520,2020,378
51520,2021,537
51520,2022,484
51520,2023,407
51520,2024,357
51520,2025,302
51530,2016,96
51530,2017,97
51530,2018,127
51530,2019,131
51530,2020,155
51530,2021,174
51530,2022,174
51530,2023,130
51530,2024,116
51530,2025,85
51540,2014,615
51540,2015,734
51540,2016,653
51540,2017,704
51540,2018,762
51540,2019,710
51540,2020,608
51540,2021,741
51540,2022,604
51540,2023,448
51540,2024,449
51540,2025,383
51550,2014,3254
51550,2015,3631
51550,2016,3930
51550,2017,4462
51550,2018,4537
51550,2019,4806
51550,2020,5206
51550,2021,6187
51550,2022,5043
51550,2023,3712
51550,2024,3764
51550,2025,3502
51570,2018,354
51570,2019,384
51570,2020,340
51570,2021,510
51570,2022,422
51570,2023,325
51570,2024,323
51570,2025,268
51580,2016,83
51580,2019,98
51580,2020,75
51580,2021,120
51580,2022,139
51580,2023,99
51580,2024,82
51590,2014,374
51590,2016,556
51590,2017,547
51590,2018,618
51590,2019,611
51590,2020,790
51590,2021,1126
51590,2023,824
51590,2024,830
51600,2014,347
51600,2015,378
51600,2016,352
51600,2017,411
51600,2018,451
51600,2019,407
51600,2020,411
51600,2021,502
51600,2022,396
51600,2023,390
51600,2024,340
51600,2025,281
51610,2014,207
51610,2015,207
51610,2016,210
51610,2017,449
51610,2018,226
51610,2019,224
51610,2020,202
51610,2021,250
51610,2022,160
51610,2023,156
51610,2024,145
51610,2025,196
51620,2016,96
51620,2017,111
51620,2018,109
51620,2019,104
51620,2020,120
51620,2021,189
51620,2022,178
51620,2023,169
51620,2024,180
51620,2025,157
51630,2012,337
51630,2017,452
51630,2018,395
51630,2019,425
51630,2020,506
51630,2021,676
51630,2022,625
51630,2023,390
51630,2024,345
51630,2025,280
51650,2014,1605
51650,2016,2043
51650,2018,2196
51650,2019,2468
51650,2020,2590
51650,2021,3409
51650,2022,3106
51650,2023,2205
51650,2024,2209
51650,2025,1962
51660,2016,513
51660,2017,461
51660,2018,567
51660,2019,530
51660,2020,483
51660,2021,624
51660,2022,442
51660,2023,288
51660,2024,292
51660,2025,213
51670,2016,348
51670,2017,433
51670,2018,410
51670,2019,479
51670,2020,519
51670,2021,684
51670,2022,605
51670,2023,465
51670,2024,495
51670,2025,376
51678,2016,95
51678,2017,98
51678,2018,108
51678,2019,98
51678,2020,55
51678,2021,175
51678,2022,68
51680,2014,650
51680,2015,785
51680,2016,1117
51680,2017,1309
51680,2018,1503
51680,2019,1522
51680,2020,1676
51680,2021,1931
51680,2022,1663
51680,2023,1425
51680,2024,1586
51680,2025,1332
51683,2015,624
51683,2016,713
51683,2017,734
51683,2018,699
51683,2019,760
51683,2020,796
51683,2021,943
51683,2022,543
51683,2023,562
51683,2024,526
51683,2025,257
51685,2014,293
51685,2015,301
51685,2016,266
51685,2017,258
51685,2018,232
51685,2019,283
51685,2020,287
51685,2021,292
51685,2022,206
51685,2023,124
51685,2024,125
51685,2025,154
51690,2014,136
51690,2015,160
51690,2016,179
51690,2017,183
51690,2018,222
51690,2019,245
51690,2020,291
51690,2021,350
51690,2022,357
51690,2023,301
51690,2024,329
51690,2025,251
51700,2014,2043
51700,2015,2147
51700,2016,2274
51700,2017,2390
51700,2018,2484
51700,2019,2752
51700,2020,2912
51700,2021,3873
51700,2022,3507
51700,2023,2644
51700,2024,2548
51700,2025,2114
51710,2014,2350
51710,2015,2727
51710,2016,3133
51710,2017,3453
51710,2018,3483
51710,2019,3923
51710,2020,4130
51710,2021,5664
51710,2022,4834
51710,2023,3558
51710,2024,3655
51710,2025,3206
51720,2013,25
51720,2014,21
51720,2015,24
51720,2016,35
51720,2019,30
51720,2020,42
51720,2021,45
51720,2022,72
51720,2023,48
51720,2024,34
51730,2016,326
51730,2017,428
51730,2018,359
51730,2019,418
51730,2020,534
51730,2021,667
51730,2022,779
51730,2023,690
51730,2024,480
51730,2025,347
51735,2013,147
51735,2015,171
51735,2016,209
51735,2017,247
51735,2018,228
51735,2019,254
51735,2020,309
51735,2021,319
51735,2022,188
51735,2023,178
51735,2024,256
51735,2025,201
51740,2014,1380
51740,2015,1560
51740,2016,1753
51740,2017,1797
51740,2018,1934
51740,2019,2125
51740,2020,2289
51740,2021,3114
51740,2022,2678
51740,2023,2051
51740,2024,2055
51740,2025,1939
51750,2016,145
51750,2017,137
51750,2018,127
51750,2019,119
51750,2020,140
51750,2021,144
51750,2022,103
51750,2023,87
51750,2024,94
51750,2025,55
51760,2014,3190
51760,2015,3286
51760,2016,3715
51760,2017,4188
51760,2018,3900
51760,2019,4388
51760,2020,3925
51760,2021,4964
51760,2022,4486
51760,2023,3231
51760,2024,3290
51760,2025,2762
51770,2015,792
51770,2016,1343
51770,2017,1673
51770,2018,1719
51770,2019,1927
51770,2020,2024
51770,2021,2284
51770,2022,1990
51770,2023,1729
51770,2024,1750
51770,2025,1556
51775,2014,209
51775,2015,299
51775,2016,369
51775,2017,421
51775,2018,421
51775,2019,432
51775,2020,489
51775,2021,545
51775,2022,461
51775,2023,340
51775,2024,391
51775,2025,354
51790,2015,250
51790,2016,434
51790,2017,529
51790,2018,560
51790,2019,560
51790,2020,589
51790,2021,730
51790,2022,664
51790,2023,505
51790,2024,569
51790,2025,445
51800,2014,1445
51800,2015,1552
51800,2016,1803
51800,2017,1915
51800,2018,1975
51800,2019,2159
51800,2020,2597
51800,2021,3125
51800,2022,2580
51800,2023,1965
51800,2024,1949
51810,2014,6197
51810,2015,6643
51810,2016,7715
51810,2017,7928
51810,2018,8070
51810,2019,8472
51810,2020,9348
51810,2021,11590
51810,2022,8732
51810,2023,6267
51810,2024,6450
51810,2025,5554
51820,2014,348
51820,2015,383
51820,2016,394
51820,2017,462
51820,2018,418
51820,2019,564
51820,2020,605
51820,2021,630
51820,2022,557
51820,2023,489
51820,2024,512
51820,2025,381
51830,2014,158
51830,2015,128
51830,2016,191
51830,2017,197
51830,2018,197
51830,2019,202
51830,2020,230
51830,2021,294
51830,2022,259
51830,2023,186
51830,2024,167
51840,2014,338
51840,2015,368
51840,2016,398
51840,2017,431
51840,2018,417
51840,2019,410
51840,2020,492
51840,2021,484
51840,2022,385
51840,2023,352
51840,2024,404
51840,2025,341
53001,2012,179
53001,2014,189
53001,2015,259
53001,2016,228
53001,2017,210
53001,2018,250
53001,2019,251
53001,2020,271
53001,2021,303
53001,2022,115
53001,2023,178
53003,2013,317
53003,2015,312
53003,2017,406
53003,2018,412
53003,2019,439
53003,2020,476
53003,2021,528
53003,2022,477
53003,2023,376
53003,2025,337
53005,2013,3439
53005,2014,3108
53005,2015,3732
53005,2016,4205
53005,2017,3961
53005,2018,4472
53005,2019,4223
53005,2020,4692
53005,2021,5040
53005,2022,4285
53005,2023,3130
53005,2024,3269
53007,2013,1331
53007,2015,1575
53007,2016,1878
53007,2017,1927
53007,2018,1966
53007,2019,1928
53007,2020,2230
53007,2021,2222
53007,2022,1641
53007,2024,1418
53009,2012,989
53009,2013,1292
53009,2015,1384
53009,2016,1724
53009,2017,2015
53009,2018,1970
53009,2020,1911
53009,2021,2029
53009,2022,1499
53009,2025,1193
53011,2013,7672
53011,2014,8091
53011,2015,10244
53011,2016,11433
53011,2017,11455
53011,2018,11293
53011,2019,10118
53011,2020,11648
53011,2021,12810
53011,2022,10655
53011,2023,6368
53011,2024,7766
53011,2025,6521
53013,2013,36
53013,2015,62
53013,2016,69
53013,2017,94
53013,2018,99
53013,2019,94
53013,2020,67
53013,2021,90
53013,2022,79
53013,2023,80
53013,2024,99
53015,2013,1428
53015,2015,1709
53015,2016,2099
53015,2017,2372
53015,2018,2562
53015,2019,2330
53015,2020,2297
53015,2021,2559
53015,2022,2084
53015,2023,1566
53015,2024,1557
53017,2013,630
53017,2014,614
53017,2015,738
53017,2016,758
53017,2017,783
53017,2018,855
53017,2020,892
53017,2021,1007
53017,2022,696
53017,2023,556
53017,2024,641
53017,2025,521
53019,2014,94
53019,2015,149
53019,2016,143
53019,2017,124
53019,2018,155
53019,2019,146
53019,2020,194
53019,2021,109
53019,2023,115
53019,2024,116
53021,2013,911
53021,2015,1246
53021,2017,1340
53021,2018,1606
53021,2019,1582
53021,2021,1676
53021,2022,1095
53021,2023,953
53021,2025,827
53023,2014,18
53023,2016,39
53023,2017,39
53023,2018,44
53023,2019,53
53023,2020,44
53023,2021,57
53023,2022,39
53025,2013,1036
53025,2016,1290
53025,2017,1558
53025,2018,1739
53025,2019,1673
53025,2020,2016
53025,2021,2203
53025,2022,1726
53025,2023,1278
53025,2025,1229
53027,2013,881
53027,2014,1011
53027,2016,1488
53027,2017,1884
53027,2018,2060
53027,2019,2337
53027,2020,2511
53027,2021,2696
53027,2022,2210
53027,2023,1528
53027,2025,1244
53029,2013,1401
53029,2015,1854
53029,2016,2222
53029,2017,2193
53029,2018,2445
53029,2019,2260
53029,2020,2261
53029,2021,2501
53029,2022,1891
53029,2023,1565
53029,2024,1456
53029,2025,1419
53031,2015,610
53031,2016,883
53031,2017,913
53031,2018,893
53031,2019,756
53031,2020,846
53031,2021,863
53031,2022,295
53031,2023,394
53033,2013,35801
53033,2014,35602
53033,2015,38836
53033,2016,41349
53033,2017,40404
53033,2018,35426
53033,2020,37515
53033,2021,43683
53033,2022,30880
53033,2023,20975
53033,2024,21710
53035,2013,3287
53035,2014,3805
53035,2015,4537
53035,2016,4969
53035,2017,3201
53035,2018,4466
53035,2019,5504
53035,2020,5778
53035,2021,6379
53035,2022,5405
53035,2023,4171
53035,2024,4106
53035,2025,3611
53037,2013,930
53037,2015,868
53037,2016,914
53037,2017,1106
53037,2018,1333
53037,2019,1320
53037,2021,1131
53037,2022,736
53037,2023,862
53037,2025,749
53039,2017,472
53039,2018,433
53039,2020,446
53039,2021,357
53039,2022,156
53041,2013,892
53041,2015,1250
53041,2016,1358
53041,2017,1438
53041,2018,1824
53041,2019,1819
53041,2020,1962
53041,2021,2140
53041,2022,1849
53041,2023,1263
53041,2024,1227
53041,2025,1133
53043,2013,248
53043,2015,294
53043,2024,75
53045,2013,914
53045,2014,1114
53045,2015,1066
53045,2016,1330
53045,2017,1719
53045,2018,1778
53045,2020,2041
53045,2021,2149
53045,2022,1763
53045,2023,1226
53045,2025,1139
53047,2013,449
53047,2015,465
53047,2016,520
53047,2017,626
53047,2018,681
53047,2019,635
53047,2020,829
53047,2021,740
53047,2022,552
53047,2023,294
53047,2024,571
53047,2025,485
53049,2014,366
53049,2015,542
53049,2017,624
53049,2018,758
53049,2019,866
53049,2020,918
53049,2021,1122
53049,2022,840
53049,2023,885
53049,2024,1027
53049,2025,861
53051,2016,418
53051,2017,331
53051,2018,346
53051,2019,411
53051,2020,658
53051,2021,511
53051,2022,312
53053,2013,13129
53053,2014,12558
53053,2016,18045
53053,2017,20274
53053,2018,20334
53053,2019,18994
53053,2021,21759
53053,2022,17062
53053,2023,11585
53053,2024,12069
53053,2025,10652
53055,2012,267
53055,2014,401
53055,2015,398
53055,2016,431
53055,2017,509
53055,2018,515
53055,2019,428
53055,2020,646
53055,2021,571
53055,2022,369
53057,2013,2112
53057,2015,2440
53057,2016,2796
53057,2017,2916
53057,2018,2631
53057,2019,2788
53057,2020,2623
53057,2021,2748
53057,2022,2656
53057,2023,1816
53057,2024,1911
53057,2025,1587
53059,2013,140
53059,2015,168
53059,2017,158
53059,2018,232
53059,2019,210
53059,2020,266
53059,2021,258
53059,2022,146
53059,2023,145
53059,2025,140
53061,2013,10733
53061,2015,13559
53061,2016,15384
53061,2017,15672
53061,2018,15589
53061,2019,15722
53061,2020,15873
53061,2022,13734
53061,2023,9946
53061,2024,10426
53061,2025,8052
53063,2014,6925
53063,2015,8350
53063,2016,9494
53063,2017,10143
53063,2018,10905
53063,2019,10110
53063,2020,10885
53063,2021,11732
53063,2022,9288
53063,2023,7512
53063,2024,7870
53065,2013,654
53065,2015,788
53065,2016,817
53065,2017,944
53065,2018,1070
53065,2019,1034
53065,2020,1046
53065,2021,1138
53065,2023,717
53065,2024,655
53067,2014,3906
53067,2016,5672
53067,2017,6415
53067,2018,6545
53067,2019,6355
53067,2020,6345
53067,2021,7281
53067,2022,5611
53067,2023,4092
53067,2024,4080
53069,2013,67
53069,2014,75
53069,2015,106
53069,2016,127
53069,2017,105
53069,2018,110
53069,2019,118
53069,2020,109
53069,2021,127
53069,2023,94
53069,2024,69
53071,2013,759
53071,2014,816
53071,2015,947
53071,2016,1116
53071,2017,1038
53071,2018,1111
53071,2019,1060
53071,2020,1076
53071,2021,1145
53071,2022,607
53071,2023,688
53071,2024,764
53073,2013,3174
53073,2014,3225
53073,2015,4004
53073,2016,4890
53073,2017,4886
53073,2018,4870
53073,2019,4981
53073,2020,5508
53073,2021,5942
53073,2022,4588
53073,2023,3711
53073,2024,3732
53075,2014,308
53075,2015,90
53077,2013,1643
53077,2014,1740
53077,2015,2399
53077,2016,2606
53077,2017,2701
53077,2018,2844
53077,2019,2749
53077,2021,3732
53077,2022,3185
53077,2023,2260
53077,2025,2100
54001,2014,120
54001,2016,128
54001,2017,156
54001,2018,127
54001,2019,161
54001,2020,109
54001,2021,108
54001,2022,165
54001,2023,172
54001,2024,148
54001,2025,137
54003,2014,1603
54003,2015,1659
54003,2016,1012
54003,2017,1988
54003,2018,2496
54003,2019,2916
54003,2020,3333
54003,2021,3061
54005,2014,70
54005,2015,115
54005,2016,117
54005,2017,109
54005,2018,154
54005,2019,181
54005,2020,133
54005,2021,168
54005,2022,190
54005,2023,198
54005,2024,217
54005,2025,152
54007,2016,56
54007,2017,88
54007,2018,91
54007,2019,95
54007,2020,137
54007,2021,116
54007,2023,102
54007,2024,77
54009,2019,89
54009,2020,328
54009,2021,89
54009,2023,170
54011,2014,802
54011,2017,1059
54011,2018,1250
54011,2019,1265
54011,2020,1186
54011,2021,1397
54011,2022,1367
54011,2023,1178
54011,2024,1147
54011,2025,962
54013,2014,16
54013,2018,20
54013,2019,46
54013,2020,23
54013,2021,41
54013,2022,33
54013,2023,27
54013,2024,49
54013,2025,36
54015,2018,44
54015,2019,80
54015,2020,72
54015,2021,44
54015,2022,40
54015,2023,74
54017,2019,49
54017,2021,39
54017,2022,81
54017,2023,85
54017,2024,97
54017,2025,107
54019,2016,436
54019,2018,454
54019,2019,551
54019,2020,479
54019,2021,398
54019,2022,223
54019,2023,499
54019,2024,302
54021,2017,40
54021,2018,55
54021,2019,41
54021,2020,44
54021,2021,38
54021,2022,61
54021,2023,44
54021,2024,45
54021,2025,62
54023,2014,56
54023,2017,99
54023,2018,124
54023,2019,139
54023,2020,108
54023,2021,142
54023,2022,139
54023,2023,131
54023,2024,84
54023,2025,101
54025,2019,193
54025,2020,569
54025,2021,530
54025,2022,470
54025,2023,344
54025,2024,347
54025,2025,227
54027,2014,235
54027,2019,441
54027,2020,645
54027,2021,309
54027,2023,186
54027,2024,197
54029,2014,271
54029,2015,236
54029,2016,321
54029,2017,356
54029,2018,378
54029,2019,380
54029,2020,328
54029,2021,451
54029,2022,322
54029,2023,348
54029,2024,411
54029,2025,361
54031,2016,124
54031,2017,161
54031,2018,152
54031,2019,143
54031,2020,127
54031,2021,309
54031,2022,227
54031,2023,209
54031,2024,219
54031,2025,206
54033,2014,637
54033,2016,619
54033,2017,685
54033,2018,925
54033,2019,885
54033,2020,641
54033,2021,469
54033,2022,1163
54033,2023,858
54033,2024,907
54033,2025,869
54035,2018,376
54035,2019,360
54035,2020,378
54035,2021,433
54035,2022,391
54035,2023,278
54035,2024,142
54037,2014,782
54037,2015,624
54037,2016,1067
54037,2017,1203
54037,2018,1233
54037,2019,1254
54037,2020,1328
54037,2021,1404
54037,2022,1183
54037,2023,1007
54037,2024,1147
54037,2025,880
54039,2014,1898
54039,2015,1505
54039,2016,1413
54039,2017,1429
54039,2018,1497
54039,2019,1509
54039,2020,1979
54039,2021,2054
54041,2014,97
54041,2015,92
54041,2017,105
54041,2018,132
54041,2019,169
54041,2021,103
54041,2022,207
54041,2023,136
54041,2024,230
54041,2025,201
54043,2014,63
54043,2022,76
54043,2023,140
54043,2024,95
54045,2017,260
54045,2018,309
54045,2019,338
54045,2020,233
54045,2021,343
54045,2022,369
54045,2023,337
54045,2024,319
54045,2025,285
54047,2017,171
54047,2018,180
54047,2019,170
54047,2020,163
54047,2022,117
54047,2023,103
54047,2024,90
54047,2025,110
54049,2014,657
54049,2015,599
54049,2016,668
54049,2017,664
54049,2018,802
54049,2019,888
54049,2020,747
54049,2021,891
54049,2022,896
54049,2023,1032
54049,2024,948
54049,2025,1329
54051,2014,351
54051,2015,254
54051,2016,356
54051,2017,334
54051,2018,354
54051,2019,319
54051,2020,246
54051,2021,308
54051,2022,393
54051,2023,366
54051,2024,277
54051,2025,387
54053,2019,246
54053,2020,317
54053,2021,195
54053,2023,185
54053,2024,156
54055,2014,406
54055,2019,618
54055,2020,953
54055,2021,645
54055,2022,340
54055,2023,564
54055,2024,519
54055,2025,323
54057,2017,317
54057,2018,295
54057,2019,347
54057,2020,251
54057,2022,439
54057,2023,314
54057,2024,256
54057,2025,204
54059,2018,110
54059,2019,156
54059,2020,115
54059,2021,86
54059,2023,72
54059,2024,67
54061,2014,1088
54061,2015,913
54061,2016,1211
54061,2017,1306
54061,2018,1383
54061,2019,1671
54061,2020,1656
54061,2021,1939
54061,2022,1403
54061,2023,1275
54061,2024,1332
54061,2025,1182
54063,2018,176
54063,2019,172
54063,2020,157
54063,2021,173
54063,2022,161
54063,2023,188
54063,2024,137
54063,2025,72
54065,2014,242
54065,2015,141
54065,2016,276
54065,2017,286
54065,2018,362
54065,2019,367
54065,2020,342
54065,2021,377
54065,2022,330
54065,2023,345
54065,2024,315
54065,2025,288
54067,2014,131
54067,2016,127
54067,2017,150
54067,2018,150
54067,2019,124
54067,2021,111
54067,2022,109
54067,2023,92
54067,2024,149
54067,2025,215
54069,2014,504
54069,2015,385
54069,2016,392
54069,2017,496
54069,2018,522
54069,2019,563
54069,2020,615
54069,2021,507
54069,2022,703
54069,2023,555
54069,2024,550
54069,2025,613
54071,2014,41
54071,2018,72
54071,2019,99
54071,2020,131
54071,2021,106
54071,2023,54
54073,2018,52
54073,2019,90
54073,2020,85
54073,2021,101
54073,2022,88
54073,2023,56
54075,2019,103
54075,2020,285
54075,2021,386
54075,2022,296
54075,2023,191
54075,2024,212
54077,2014,388
54077,2015,294
54077,2016,215
54077,2018,208
54077,2019,388
54077,2020,271
54077,2021,524
54077,2022,467
54077,2023,539
54077,2024,519
54079,2014,538
54079,2015,696
54079,2016,693
54079,2017,632
54079,2018,774
54079,2019,858
54079,2020,704
54079,2021,881
54079,2022,733
54079,2023,667
54079,2024,674
54081,2019,720
54081,2020,1099
54081,2021,1272
54081,2022,994
54081,2023,1081
54081,2024,1108
54081,2025,532
54083,2014,160
54083,2015,160
54083,2017,201
54083,2018,225
54083,2019,278
54083,2020,180
54083,2021,315
54083,2022,341
54083,2023,246
54083,2024,202
54083,2025,183
54085,2022,66
54085,2023,244
54085,2024,105
54085,2025,80
54087,2014,82
54087,2017,111
54087,2018,155
54087,2019,155
54087,2020,106
54087,2021,226
54087,2022,138
54087,2023,196
54087,2024,210
54087,2025,201
54089,2020,142
54089,2021,109
54089,2023,85
54089,2024,68
54091,2016,136
54091,2017,118
54091,2018,120
54091,2019,210
54091,2020,221
54091,2021,145
54091,2023,76
54091,2024,88
54093,2014,85
54093,2016,62
54093,2017,79
54093,2018,121
54093,2019,120
54093,2020,193
54093,2021,96
54095,2018,72
54095,2019,63
54095,2022,64
54095,2023,127
54095,2024,114
54095,2025,166
54097,2014,141
54097,2015,211
54097,2016,147
54097,2017,174
54097,2018,205
54097,2019,227
54097,2020,153
54097,2021,169
54097,2022,136
54097,2023,185
54097,2024,172
54097,2025,203
54099,2014,214
54099,2015,126
54099,2016,236
54099,2017,316
54099,2018,363
54099,2019,397
54099,2020,314
54099,2021,388
54099,2022,321
54099,2023,421
54099,2024,389
54099,2025,325
54101,2020,74
54101,2021,61
54101,2023,57
54101,2024,47
54103,2019,163
54103,2022,170
54103,2023,316
54103,2024,357
54103,2025,263
54105,2014,26
54105,2015,48
54105,2016,42
54105,2017,57
54105,2018,63
54105,2019,52
54105,2020,59
54105,2021,25
54105,2022,34
54105,2023,50
54105,2024,60
54105,2025,62
54107,2014,602
54107,2015,575
54107,2016,949
54107,2017,1092
54107,2018,1254
54107,2019,1174
54107,2020,747
54107,2021,1286
54107,2022,1151
54107,2023,1187
54107,2024,1182
54107,2025,986
54109,2014,90
54109,2015,78
54109,2016,85
54109,2017,88
54109,2018,70
54109,2019,116
54109,2020,73
54109,2021,63
54109,2022,96
54109,2023,121
54109,2024,121
54109,2025,167
55001,2014,692
55001,2015,645
55001,2016,566
55001,2017,733
55001,2018,567
55001,2019,1041
55001,2020,1231
55001,2021,1225
55001,2022,1214
55001,2023,1088
55001,2024,1029
55003,2013,230
55003,2014,237
55003,2015,213
55003,2016,261
55003,2017,306
55003,2018,283
55003,2019,328
55003,2020,381
55003,2021,413
55003,2022,481
55003,2023,446
55003,2024,420
55005,2013,1229
55005,2014,1429
55005,2015,1488
55005,2016,1436
55005,2017,1444
55005,2018,785
55005,2019,1105
55005,2020,1518
55005,2021,1370
55005,2022,1135
55005,2023,1018
55005,2024,1064
55007,2013,609
55007,2015,637
55007,2016,689
55007,2017,516
55007,2018,464
55007,2019,556
55007,2020,663
55007,2021,636
55007,2022,590
55007,2023,599
55007,2024,598
55009,2013,3542
55009,2014,3564
55009,2015,4265
55009,2016,4422
55009,2017,4384
55009,2018,4605
55009,2019,4446
55009,2020,4435
55009,2021,4776
55009,2022,3817
55009,2024,3296
55011,2013,132
55011,2014,143
55011,2015,135
55011,2016,164
55011,2018,194
55011,2019,205
55011,2020,220
55011,2021,237
55011,2022,223
55011,2023,169
55011,2024,170
55013,2013,380
55013,2015,441
55013,2016,548
55013,2017,637
55013,2018,640
55013,2019,605
55013,2020,648
55013,2021,687
55013,2022,594
55013,2023,483
55013,2024,524
55015,2013,299
55015,2015,786
55015,2016,963
55015,2017,955
55015,2018,934
55015,2019,820
55015,2020,792
55015,2021,967
55015,2022,860
55015,2023,657
55015,2024,795
55017,2014,1082
55017,2015,1071
55017,2016,1056
55017,2017,970
55017,2018,420
55017,2019,757
55017,2020,1219
55017,2021,1135
55017,2022,1091
55017,2023,1101
55017,2024,1146
55019,2011,367
55019,2013,330
55019,2014,266
55019,2015,793
55019,2016,782
55019,2017,604
55019,2018,568
55019,2019,536
55019,2020,587
55019,2021,690
55019,2022,614
55019,2023,526
55019,2024,574
55021,2014,846
55021,2015,845
55021,2016,695
55021,2017,815
55021,2018,664
55021,2019,1019
55021,2020,1097
55021,2021,1110
55021,2022,812
55021,2023,612
55021,2024,586
55023,2013,359
55023,2014,356
55023,2015,389
55023,2016,339
55023,2017,343
55023,2018,261
55023,2019,263
55023,2020,385
55023,2021,222
55025,2013,9910
55025,2014,8933
55025,2015,9381
55025,2016,9436
55025,2017,8112
55025,2018,9612
55025,2019,9785
55025,2020,10908
55025,2021,11873
55025,2022,9126
55025,2024,7607
55027,2014,1144
55027,2015,1159
55027,2016,1216
55027,2017,1327
55027,2018,1432
55027,2019,1384
55027,2020,1465
55027,2021,1703
55027,2022,1441
55027,2023,1149
55027,2024,1207
55029,2015,861
55029,2016,732
55029,2017,897
55029,2018,829
55029,2019,1310
55029,2020,1644
55029,2021,1610
55029,2022,1403
55029,2023,1366
55029,2024,1379
55031,2013,653
55031,2014,669
55031,2015,734
55031,2016,577
55031,2017,827
55031,2018,582
55031,2019,1014
55031,2020,1032
55031,2021,1115
55031,2022,1075
55031,2023,942
55031,2024,972
55033,2016,339
55033,2017,732
55033,2018,701
55033,2019,633
55033,2020,790
55033,2021,706
55033,2022,676
55033,2023,602
55033,2024,674
55035,2013,1927
55035,2014,1189
55035,2016,1689
55035,2017,1730
55035,2018,1739
55035,2019,1631
55035,2020,1658
55035,2021,1657
55035,2022,1171
55035,2023,933
55035,2024,1028
55037,2016,250
55037,2017,164
55037,2018,174
55037,2019,168
55037,2020,161
55037,2021,186
55037,2022,146
55037,2023,152
55037,2024,134
55039,2013,1357
55039,2014,1375
55039,2015,1476
55039,2016,1599
55039,2017,1877
55039,2018,1829
55039,2019,1829
55039,2020,1912
55039,2021,2061
55039,2022,2141
55039,2023,1817
55039,2024,1934
55041,2017,223
55041,2018,306
55041,2019,293
55041,2020,310
55041,2021,347
55041,2022,368
55041,2023,404
55041,2024,422
55043,2015,707
55043,2016,675
55043,2017,523
55043,2018,725
55043,2019,749
55043,2020,772
55043,2021,820
55043,2022,624
55043,2023,647
55043,2024,640
55045,2014,581
55045,2016,553
55045,2017,585
55045,2018,562
55045,2019,574
55045,2020,640
55045,2021,648
55047,2017,433
55047,2018,391
55047,2019,352
55047,2020,470
55047,2021,430
55047,2022,516
55047,2023,493
55047,2024,526
55049,2013,107
55049,2014,286
55049,2015,383
55049,2016,292
55049,2017,265
55049,2018,253
55049,2019,401
55049,2020,428
55049,2021,392
55049,2022,164
55051,2013,244
55051,2014,212
55051,2015,93
55051,2016,91
55051,2017,88
55051,2018,70
55051,2019,88
55051,2020,154
55051,2021,161
55051,2022,183
55051,2023,75
55051,2024,68
55053,2013,236
55053,2015,315
55053,2016,217
55053,2017,295
55053,2018,383
55053,2019,382
55053,2020,356
55053,2021,372
55053,2022,232
55053,2023,332
55053,2024,340
55055,2013,1158
55055,2014,1136
55055,2015,1345
55055,2016,643
55055,2017,799
55055,2018,1481
55055,2019,1487
55055,2020,2015
55055,2021,1795
55055,2022,1842
55055,2023,1417
55055,2024,1191
55057,2013,512
55057,2014,425
55057,2015,430
55057,2016,370
55057,2017,531
55057,2018,452
55057,2019,704
55057,2020,854
55057,2021,819
55057,2022,880
55057,2023,737
55057,2024,738
55059,2014,2248
55059,2015,2486
55059,2016,2453
55059,2017,3069
55059,2018,3121
55059,2019,2970
55059,2020,2960
55059,2021,3327
55059,2022,3739
55059,2023,2957
55059,2024,3209
55061,2013,347
55061,2014,283
55061,2015,318
55061,2016,258
55061,2017,281
55061,2018,218
55061,2019,323
55061,2020,342
55061,2021,359
55061,2022,378
55061,2023,341
55061,2024,353
55063,2013,707
55063,2014,1523
55063,2015,1669
55063,2016,1760
55063,2017,1721
55063,2018,1898
55063,2019,2000
55063,2020,2175
55063,2021,2258
55063,2022,2193
55063,2024,1697
55065,2013,276
55065,2015,288
55065,2016,321
55065,2017,326
55065,2018,270
55065,2019,303
55065,2020,333
55065,2021,322
55065,2022,286
55065,2023,281
55065,2024,254
55067,2015,334
55067,2016,600
55067,2017,638
55067,2018,453
55067,2019,467
55067,2020,617
55067,2021,649
55067,2022,581
55067,2023,535
55067,2024,554
55069,2011,605
55069,2013,651
55069,2014,731
55069,2015,721
55069,2016,828
55069,2017,791
55069,2018,546
55069,2019,539
55069,2020,860
55069,2021,802
55069,2022,867
55069,2023,732
55069,2024,799
55071,2013,928
55071,2014,856
55071,2015,1029
55071,2016,597
55071,2017,1488
55071,2018,1534
55071,2019,1452
55071,2020,1458
55071,2021,1578
55071,2022,1434
55071,2023,1036
55071,2024,1227
55073,2014,1885
55073,2015,2020
55073,2016,1822
55073,2017,1586
55073,2018,2668
55073,2019,2392
55073,2020,2612
55073,2021,2766
55073,2022,3050
55073,2023,2462
55073,2024,2131
55075,2012,711
55075,2014,830
55075,2015,818
55075,2016,636
55075,2017,918
55075,2018,693
55075,2019,1088
55075,2020,1280
55075,2021,1434
55075,2022,1453
55075,2023,1386
55075,2024,1302
55077,2012,202
55077,2013,146
55077,2014,273
55077,2015,335
55077,2016,331
55077,2017,392
55077,2018,294
55077,2019,493
55077,2020,551
55077,2021,566
55077,2022,568
55077,2023,519
55077,2024,516
55078,2013,64
55078,2015,73
55078,2016,71
55078,2017,65
55078,2018,82
55078,2019,64
55078,2020,59
55078,2021,56
55078,2022,70
55078,2023,61
55078,2024,81
55079,2013,8165
55079,2014,9660
55079,2015,10745
55079,2016,12362
55079,2017,13139
55079,2018,12950
55079,2019,13869
55079,2020,13983
55079,2021,17849
55079,2022,15725
55079,2023,12359
55079,2024,12082
55081,2015,440
55081,2017,353
55081,2019,736
55081,2020,803
55081,2021,956
55081,2022,869
55081,2023,728
55081,2024,740
55083,2013,1247
55083,2015,1275
55083,2016,1368
55083,2017,1137
55083,2018,736
55083,2019,641
55083,2020,1010
55083,2021,1165
55083,2022,1167
55083,2023,1030
55083,2024,1134
55085,2015,1828
55085,2016,2098
55085,2017,1201
55085,2018,1291
55085,2019,1248
55085,2020,1445
55085,2021,1615
55085,2022,1220
55085,2023,1043
55085,2024,1007
55087,2013,2978
55087,2014,2992
55087,2015,2960
55087,2016,2839
55087,2017,2862
55087,2018,2990
55087,2019,3496
55087,2020,3687
55087,2021,3890
55087,2022,3020
55087,2023,2412
55087,2024,2813
55089,2013,1404
55089,2014,1050
55089,2015,846
55089,2016,1481
55089,2017,1628
55089,2018,1542
55089,2019,1626
55089,2020,1755
55089,2021,1721
55089,2022,2086
55089,2023,1841
55089,2024,1777
55091,2015,143
55091,2016,61
55091,2017,101
55091,2018,83
55091,2019,162
55091,2020,179
55091,2021,196
55091,2022,172
55091,2023,147
55091,2024,151
55093,2013,792
55093,2014,556
55093,2015,568
55093,2016,591
55093,2017,667
55093,2018,769
55093,2019,686
55093,2020,793
55093,2021,824
55093,2022,735
55093,2023,677
55093,2024,780
55095,2015,570
55095,2016,1123
55095,2017,1166
55095,2018,1071
55095,2019,1082
55095,2020,1139
55095,2021,1183
55095,2022,1249
55095,2023,1090
55095,2024,1203
55097,2014,1217
55097,2015,1281
55097,2016,1301
55097,2017,1274
55097,2018,1164
55097,2019,1190
55097,2020,1247
55097,2021,1279
55097,2022,1036
55097,2023,981
55097,2024,966
55099,2014,267
55099,2015,272
55099,2016,221
55099,2017,295
55099,2018,259
55099,2019,450
55099,2020,489
55099,2021,602
55099,2022,467
55099,2023,452
55099,2024,472
55101,2013,2478
55101,2014,2522
55101,2015,2756
55101,2016,3272
55101,2017,3735
55101,2018,3446
55101,2019,3396
55101,2020,3843
55101,2021,4188
55101,2022,3829
55101,2023,3113
55101,2024,3104
55103,2014,155
55103,2015,246
55103,2016,196
55103,2017,272
55103,2018,167
55103,2019,279
55103,2020,311
55103,2021,306
55103,2022,263
55103,2023,207
55103,2024,229
55105,2013,3199
55105,2014,2223
55105,2015,2703
55105,2016,2832
55105,2017,3277
55105,2018,2722
55105,2019,2953
55105,2020,2944
55105,2021,3265
55105,2022,2227
55105,2023,2230
55105,2024,2759
55107,2016,263
55107,2017,380
55107,2018,274
55107,2019,288
55107,2020,372
55107,2021,387
55107,2022,413
55107,2023,352
55107,2024,360
55109,2013,1621
55109,2014,1747
55109,2015,1851
55109,2016,1797
55109,2017,2041
55109,2018,1941
55109,2019,2067
55109,2020,2268
55109,2021,2606
55109,2022,1342
55109,2023,1404
55109,2024,1397
55111,2014,1027
55111,2015,1084
55111,2016,1276
55111,2017,1260
55111,2018,1166
55111,2019,1233
55111,2020,1466
55111,2021,1594
55111,2022,1232
55111,2023,1190
55111,2024,1003
55113,2013,694
55113,2014,704
55113,2015,853
55113,2016,849
55113,2017,710
55113,2018,460
55113,2019,425
55113,2020,771
55113,2021,599
55113,2022,471
55115,2013,487
55115,2015,968
55115,2016,1046
55115,2017,971
55115,2020,793
55115,2021,981
55115,2022,902
55115,2023,844
55115,2024,868
55117,2014,2104
55117,2015,2314
55117,2016,2403
55117,2017,2110
55117,2018,1964
55117,2019,1927
55117,2020,1972
55117,2021,2106
55117,2022,1754
55117,2023,1452
55117,2024,1525
55119,2016,400
55119,2017,376
55119,2018,315
55119,2019,376
55119,2020,423
55119,2021,444
55119,2022,385
55119,2023,328
55119,2024,354
55121,2011,265
55121,2014,383
55121,2015,467
55121,2016,322
55121,2017,364
55121,2019,418
55121,2020,417
55121,2021,460
55121,2022,593
55121,2023,476
55121,2024,512
55123,2013,390
55123,2014,358
55123,2015,400
55123,2016,450
55123,2017,484
55123,2018,485
55123,2019,479
55123,2020,537
55123,2021,547
55123,2022,562
55123,2023,542
55123,2024,505
55125,2013,644
55125,2014,597
55125,2015,636
55125,2016,736
55125,2017,762
55125,2018,855
55125,2019,976
55125,2020,1226
55125,2021,1204
55125,2022,709
55125,2023,606
55125,2024,939
55127,2013,1607
55127,2014,1849
55127,2015,1991
55127,2016,2227
55127,2017,2442
55127,2018,2470
55127,2019,2497
55127,2020,2634
55127,2021,2824
55127,2022,2416
55127,2023,1941
55127,2024,1956
55129,2014,391
55129,2015,364
55129,2018,382
55129,2019,687
55129,2020,748
55129,2021,782
55129,2022,764
55129,2023,592
55129,2024,672
55131,2013,2072
55131,2014,1945
55131,2015,2360
55131,2016,2611
55131,2017,2965
55131,2018,2734
55131,2019,2544
55131,2020,2560
55131,2021,2715
55131,2022,2049
55131,2023,1718
55131,2024,1879
55133,2013,6118
55133,2014,6051
55133,2015,6806
55133,2016,6314
55133,2017,6830
55133,2018,6787
55133,2019,7046
55133,2020,7471
55133,2021,8103
55133,2022,6809
55133,2023,5622
55133,2024,5754
55135,2013,746
55135,2014,837
55135,2015,836
55135,2016,947
55135,2017,995
55135,2018,968
55135,2019,1031
55135,2020,1111
55135,2021,1174
55135,2022,943
55135,2023,779
55135,2024,839
55137,2017,512
55137,2018,558
55137,2019,529
55137,2020,646
55137,2021,654
55137,2022,770
55137,2023,766
55137,2024,753
55139,2013,1989
55139,2014,2536
55139,2015,2716
55139,2016,3032
55139,2017,3179
55139,2018,3304
55139,2019,3277
55139,2020,3306
55139,2021,3331
55139,2022,2894
55139,2023,2299
55141,2015,1400
55141,2016,1412
55141,2017,1053
55141,2018,690
55141,2019,832
55141,2020,1196
55141,2021,1458
55141,2022,1514
55141,2023,1502
55141,2024,1555
56001,2014,393
56001,2015,364
56001,2016,480
56001,2017,551
56001,2018,560
56001,2019,574
56001,2020,606
56001,2021,685
56001,2022,493
56001,2023,325
56001,2024,339
56001,2025,351
56003,2013,83
56003,2014,90
56003,2017,75
56003,2018,77
56003,2019,81
56003,2020,138
56003,2021,198
56003,2022,173
56003,2023,101
56003,2024,102
56003,2025,119
56005,2014,598
56005,2016,395
56005,2018,515
56005,2019,950
56005,2020,1018
56005,2021,1255
56005,2022,921
56005,2023,644
56005,2024,639
56005,2025,562
56007,2014,242
56007,2015,155
56007,2016,86
56007,2017,161
56007,2018,188
56007,2019,199
56007,2020,270
56007,2021,311
56007,2022,241
56007,2023,184
56007,2024,182
56007,2025,167
56009,2019,245
56009,2020,214
56009,2021,295
56009,2022,206
56009,2023,156
56009,2024,171
56009,2025,150
56011,2014,41
56011,2015,37
56011,2017,66
56011,2018,61
56011,2019,60
56011,2020,101
56011,2021,123
56011,2022,75
56011,2023,57
56011,2024,69
56011,2025,59
56013,2014,326
56013,2015,273
56013,2016,288
56013,2017,373
56013,2018,413
56013,2019,392
56013,2020,447
56013,2021,616
56013,2022,401
56013,2023,277
56013,2024,268
56013,2025,262
56015,2016,90
56015,2017,108
56015,2018,112
56015,2019,129
56015,2020,191
56015,2021,172
56015,2022,150
56015,2023,106
56015,2024,106
56015,2025,91
56019,2017,85
56019,2018,113
56019,2019,151
56019,2020,180
56019,2021,207
56019,2022,117
56019,2023,69
56019,2024,92
56019,2025,72
56021,2014,1820
56021,2015,1951
56021,2016,1884
56021,2017,2191
56021,2018,2055
56021,2019,2288
56021,2020,2672
56021,2021,2745
56021,2022,1753
56021,2023,1376
56021,2024,1525
56021,2025,1344
56023,2014,166
56023,2015,208
56023,2016,239
56023,2017,315
56023,2018,351
56023,2019,337
56023,2020,404
56023,2021,401
56025,2015,948
56025,2020,1559
56025,2021,1951
56025,2022,1486
56025,2023,1047
56025,2024,1034
56025,2025,1077
56029,2014,293
56029,2015,339
56029,2017,313
56029,2018,380
56029,2019,413
56029,2020,562
56029,2021,583
56029,2022,377
56029,2023,267
56029,2024,244
56029,2025,276
56031,2014,50
56031,2017,95
56031,2018,99
56031,2019,135
56031,2020,152
56031,2021,168
56031,2022,114
56031,2023,86
56031,2024,69
56031,2025,93
56033,2013,354
56033,2014,207
56033,2017,426
56033,2018,318
56033,2019,258
56033,2020,624
56033,2021,584
56033,2022,520
56033,2023,418
56033,2024,378
56033,2025,374
56035,2015,85
56035,2016,84
56035,2019,141
56035,2020,186
56035,2021,225
56035,2022,135
56035,2023,84
56035,2024,79
56035,2025,90
56037,2014,518
56037,2015,531
56037,2017,316
56037,2018,430
56037,2019,581
56037,2020,614
56037,2021,721
56037,2022,587
56037,2023,406
56037,2024,398
56037,2025,379
56039,2013,307
56039,2014,218
56039,2015,208
56039,2016,257
56039,2017,285
56039,2018,291
56039,2019,303
56039,2020,373
56039,2021,399
56039,2022,220
56039,2023,117
56039,2024,143
56039,2025,147
56041,2014,203
56041,2016,215
56041,2017,280
56041,2018,255
56041,2019,305
56041,2020,326
56041,2021,364
56041,2022,244
56041,2023,185
56041,2024,165
56041,2025,189
56043,2015,77
56043,2020,92
56043,2021,129
56043,2022,103
56043,2023,62
56043,2024,77
56043,2025,61
56045,2017,41
56045,2018,47
56045,2019,75
56045,2020,109
56045,2021,128
56045,2022,76
56045,2023,61
56045,2024,82
56045,2025,70
